{
  "x": -2.0,
  "y": 0.860827000439167,
  "z": 8.0,
  "yaw": 1.7453292519943295
}