{
  "x": -2.0,
  "y": 0.860827000439167,
  "z": 8.0,
  "yaw": 2.0943951023931953
}