{
  "x": 12.2,
  "y": 1.270387142181392,
  "z": 10.0,
  "yaw": 0.17453292519943295
}