{
  "x": 12.2,
  "y": 1.3670301208794995,
  "z": 10.0,
  "yaw": 0.17453292519943295
}