{
  "x": 16.5,
  "y": 0.9863944361044352,
  "z": 13.5,
  "yaw": 0.8726646259971648
}