sweep_param,sweep_value,sigma_visible,odom_noise,mean_err_visible,mean_err_occluded,calibration_nll,coverage_1sigma,coverage_2sigma,coverage_deviation,mean_final_dist,advance_rate,mean_steps_to_advance,false_advance_rate,n_episodes,viable
baseline,,0.00010000000000000009,0.00010000000000000009,0.12499573258222743,0.7992514069953834,75.51361904693974,0.14335664335664336,0.2368881118881119,1.2569552447552448,0.41100404411554337,0.9,26.333333333333332,0.0,20.0,False
baseline,,0.00010000000000000009,0.00020706272838739032,0.12499573324696281,0.7992516717068799,60.46032895662273,0.16346153846153846,0.2744755244755245,1.199262937062937,0.41159732416272166,0.9,26.333333333333332,0.0,20.0,False
baseline,,0.00010000000000000009,0.0004287497348723022,0.12499573305304672,0.7992536642617203,51.58297368020837,0.18706293706293706,0.32255244755244755,1.1275846153846154,0.41999845802783964,0.9,26.333333333333332,0.0,20.0,False
baseline,,0.00010000000000000009,0.0008877808989802905,0.12499573296990303,0.7980498419819769,46.789641494378344,0.231239092495637,0.37783595113438045,1.0281249563699826,0.4357739623636007,0.9,26.38888888888889,0.0,20.0,False
baseline,,0.00010000000000000009,0.001838263351530691,0.12480202241279278,0.7896183674596632,44.188661280684165,0.28324697754749567,0.4481865284974093,0.9057664939550951,0.41416761130094526,0.85,26.0,0.0,20.0,False
baseline,,0.00010000000000000009,0.003806358250624933,0.12480202485855287,0.78441362100684,42.9892679040467,0.3445017182130584,0.5137457044673539,0.7789525773195877,0.4412832104368135,0.85,26.176470588235293,0.0,20.0,False
baseline,,0.00010000000000000009,0.00788154924594252,0.12424213399755776,0.7718880404667056,42.033095471501056,0.41539763113367173,0.5685279187817259,0.6532744500846024,0.4352665102109313,0.75,25.066666666666666,0.0,20.0,False
baseline,,0.00010000000000000009,0.01631975090784437,0.12388422506310386,0.7621351722041664,41.64381594346005,0.48668885191347755,0.591514143094842,0.5589970049916805,0.5119297929108143,0.75,25.733333333333334,0.0,20.0,False
baseline,,0.00010000000000000009,0.03379212149580846,0.12388659204583297,0.7429606000289278,41.37947156587567,0.5356564019448946,0.6012965964343598,0.5002470016207455,0.6040893271565437,0.7,25.928571428571427,0.0,20.0,False
baseline,,0.00010000000000000009,0.0699708887492028,0.12360833740228552,0.7190295378595739,40.85875529930155,0.5603448275862069,0.6089341692789969,0.46792100313479623,0.7675573505461216,0.6,25.5,0.0,20.0,False
baseline,,0.00010000000000000009,0.14488363132100487,0.12323102406416121,0.6993401136160282,40.41966674064345,0.5721884498480243,0.6139817629179332,0.4510297872340425,1.0270722649991513,0.5,24.8,0.0,20.0,False
baseline,,0.00010000000000000009,0.3,0.12259932759290312,0.6836715692303105,39.951949642930906,0.577893175074184,0.6186943620178041,0.4406124629080118,1.2455786809325218,0.5,26.4,0.0,20.0,False
baseline,,0.00021690521830457365,0.00010000000000000009,0.12499573258222743,0.7992514069953834,42.45424348958553,0.17132867132867133,0.27884615384615385,1.1870251748251748,0.41100404411554337,0.9,26.333333333333332,0.0,20.0,False
baseline,,0.00021690521830457365,0.00020706272838739032,0.12499573298388636,0.7992517562588344,32.006804834463125,0.18793706293706294,0.3138111888111888,1.1354517482517483,0.41175525113940237,0.9,26.333333333333332,0.0,20.0,False
baseline,,0.00021690521830457365,0.0004287497348723022,0.12499573251603807,0.7992535584183977,25.003200418710744,0.21153846153846154,0.35664335664335667,1.0690181818181816,0.42064534574747087,0.9,26.333333333333332,0.0,20.0,False
baseline,,0.00021690521830457365,0.0008877808989802905,0.12499573295079297,0.7980533407068506,20.885046877930108,0.25392670157068065,0.41361256544502617,0.9696607329842932,0.43656452652066946,0.9,26.38888888888889,0.0,20.0,False
baseline,,0.00021690521830457365,0.001838263351530691,0.12480202299398813,0.7896231126365384,18.626221433010596,0.30310880829015546,0.4792746113989637,0.8548165803108808,0.41490502581000327,0.85,26.0,0.0,20.0,False
baseline,,0.00021690521830457365,0.003806358250624933,0.12480202637187186,0.784420035545051,17.60310676306985,0.3642611683848797,0.5446735395189003,0.72826529209622,0.44219561032950877,0.85,26.176470588235293,0.0,20.0,False
baseline,,0.00021690521830457365,0.00788154924594252,0.12424213453034973,0.771892795600588,17.01255626629076,0.4357021996615905,0.5981387478849408,0.6033590524534687,0.4359514323994517,0.75,25.066666666666666,0.0,20.0,False
baseline,,0.00021690521830457365,0.01631975090784437,0.1238842287708792,0.7621387976324393,16.8505763976971,0.5066555740432612,0.6206322795341098,0.5099121464226289,0.5124003492295742,0.75,25.733333333333334,0.0,20.0,False
baseline,,0.00021690521830457365,0.03379212149580846,0.12388659372590957,0.7429634713764767,16.83865205784425,0.5559157212317666,0.6304700162074555,0.45081426256077795,0.604454505443573,0.7,25.928571428571427,0.0,20.0,False
baseline,,0.00021690521830457365,0.0699708887492028,0.12360833884014583,0.7190316916354332,16.75595533536868,0.5799373040752351,0.6379310344827587,0.4193316614420062,0.7678269281983375,0.6,25.5,0.0,20.0,False
baseline,,0.00021690521830457365,0.14488363132100487,0.12323102427795456,0.6993416195665543,16.739667114386027,0.5919452887537994,0.6428571428571429,0.4023975683890577,1.0272374883294106,0.5,24.8,0.0,20.0,False
baseline,,0.00021690521830457365,0.3,0.12259932847445264,0.6836725408162088,16.72647623223516,0.5979228486646885,0.6468842729970327,0.39239287833827885,1.245664468407631,0.5,26.4,0.0,20.0,False
baseline,,0.00047047873727754753,0.00010000000000000009,0.12499573258222743,0.7992514069953834,22.903881745892804,0.2089160839160839,0.3505244755244755,1.0777594405594406,0.41100404411554337,0.9,26.333333333333332,0.0,20.0,False
baseline,,0.00047047873727754753,0.00020706272838739032,0.12499573287560795,0.7992517922357176,16.83000201952294,0.22465034965034966,0.3793706293706294,1.0331790209790208,0.41225508227944374,0.9,26.333333333333332,0.0,20.0,False
baseline,,0.00047047873727754753,0.0004287497348723022,0.12499573244068132,0.7992537775897245,12.037508728913949,0.2491258741258741,0.42132867132867136,0.9667454545454546,0.4221870705485344,0.9,26.333333333333332,0.0,20.0,False
baseline,,0.00047047873727754753,0.0008877808989802905,0.12499573253693058,0.7980607487356632,8.845044309893403,0.28534031413612565,0.4720767888307155,0.8797828970331588,0.4382509127259254,0.9,26.38888888888889,0.0,20.0,False
baseline,,0.00047047873727754753,0.001838263351530691,0.12480202291846622,0.78963332307173,6.964087144152143,0.33506044905008636,0.5354058721934369,0.7667336787564767,0.4164851874113083,0.85,26.0,0.0,20.0,False
baseline,,0.00047047873727754753,0.003806358250624933,0.12480202515300093,0.7844338889204128,6.084689650012389,0.3917525773195876,0.602233676975945,0.6432137457044673,0.44417169140651824,0.85,26.176470588235293,0.0,20.0,False
baseline,,0.00047047873727754753,0.00788154924594252,0.12424213364382264,0.7719031678027077,5.676288896339034,0.46277495769881555,0.6514382402707276,0.5229868020304569,0.43742945957928897,0.75,25.066666666666666,0.0,20.0,False
baseline,,0.00047047873727754753,0.01631975090784437,0.12388422487321128,0.7621466262663106,5.621276941495691,0.5332778702163061,0.6738768718801996,0.43004525790349424,0.5134194098412991,0.75,25.733333333333334,0.0,20.0,False
baseline,,0.00047047873727754753,0.03379212149580846,0.12388659361061603,0.7429698222661204,5.724055674256714,0.5826580226904376,0.6839546191247974,0.37058735818476496,0.6052447602152824,0.7,25.928571428571427,0.0,20.0,False
baseline,,0.00047047873727754753,0.0699708887492028,0.12360833998210087,0.7190363130622623,5.840454245601376,0.6057993730407524,0.6904388714733543,0.34096175548589336,0.7684111446142197,0.6,25.5,0.0,20.0,False
baseline,,0.00047047873727754753,0.14488363132100487,0.12323102584118355,0.6993450058287095,6.016745997053702,0.6177811550151976,0.6945288753799392,0.32488996960486316,1.0275955647230148,0.5,24.8,0.0,20.0,False
baseline,,0.00047047873727754753,0.3,0.12259932726518219,0.6836745445129465,6.210869140154006,0.6231454005934718,0.6995548961424333,0.31449970326409493,1.2458503693342209,0.5,26.4,0.0,20.0,False
baseline,,0.001020492932168466,0.00010000000000000009,0.12499573259544737,0.7992513950920155,10.793543724258047,0.2666083916083916,0.44493006993006995,0.9256615384615385,0.41105747371912005,0.9,26.333333333333332,0.0,20.0,False
baseline,,0.001020492932168466,0.00020706272838739032,0.12499573317936537,0.7992522946949873,7.940580994228845,0.27884615384615385,0.47115384615384615,0.8872,0.41404334753751754,0.9,26.333333333333332,0.0,20.0,False
baseline,,0.001020492932168466,0.0004287497348723022,0.12499573217504224,0.7980292837432823,5.215825915138644,0.2940663176265271,0.506108202443281,0.8370254799301919,0.42206947691738605,0.9,26.38888888888889,0.0,20.0,False
baseline,,0.001020492932168466,0.0008877808989802905,0.12499573227909923,0.7980828447650223,3.0770779146754994,0.32897033158813266,0.5497382198952879,0.7584914485165795,0.4423842023126781,0.9,26.38888888888889,0.0,20.0,False
baseline,,0.001020492932168466,0.001838263351530691,0.12480202255786296,0.7879848755845746,1.6567326164876504,0.3775862068965517,0.6086206896551725,0.6509931034482759,0.40959953181445596,0.85,26.058823529411764,0.0,20.0,False
baseline,,0.001020492932168466,0.003806358250624933,0.12480202645416343,0.7820858725750761,0.9361815469422333,0.4365351629502573,0.6698113207547169,0.5308535162950258,0.43686127634719013,0.85,26.235294117647058,0.0,20.0,False
baseline,,0.001020492932168466,0.00788154924594252,0.12424213211374494,0.7719252370748387,0.6469189470483462,0.5008460236886633,0.7191201353637902,0.41723384094754656,0.4406031101942062,0.75,25.066666666666666,0.0,20.0,False
baseline,,0.001020492932168466,0.01631975090784437,0.12388422516629741,0.7600498763982645,0.6400953875599757,0.5697674418604651,0.7383720930232558,0.32906046511627907,0.5049666225910187,0.75,25.8,0.0,20.0,False
baseline,,0.001020492932168466,0.03379212149580846,0.12388659430119137,0.7429833897526136,0.8000910015099055,0.6183144246353323,0.7463533225283631,0.27253225283630467,0.6069550126791,0.7,25.928571428571427,0.0,20.0,False
baseline,,0.001020492932168466,0.0699708887492028,0.123608338508952,0.719046343317539,1.0051716684392433,0.640282131661442,0.7507836990595611,0.2461341692789969,0.7696768745779992,0.6,25.5,0.0,20.0,False
baseline,,0.001020492932168466,0.14488363132100487,0.12323102430672195,0.699352515917504,1.2676893312200932,0.6519756838905775,0.7537993920972644,0.23142492401215808,1.0283716894686221,0.5,24.8,0.0,20.0,False
baseline,,0.001020492932168466,0.3,0.12259932697697982,0.6836789953822787,1.5550314298309305,0.6580118694362018,0.7574183976261127,0.22176973293768543,1.2462529942393303,0.5,26.4,0.0,20.0,False
baseline,,0.0022135024223027535,0.00010000000000000009,0.12499573260075925,0.7992542279048438,3.629521877621,0.33653846153846156,0.5812937062937062,0.7193678321678322,0.41563706025481223,0.9,26.333333333333332,0.0,20.0,False
baseline,,0.0022135024223027535,0.00020706272838739032,0.12499573285457588,0.7980408417085426,2.5906329082416164,0.3481675392670157,0.6029668411867365,0.6860656195462478,0.4201638001948595,0.9,26.38888888888889,0.0,20.0,False
baseline,,0.0022135024223027535,0.0004287497348723022,0.12499573396456931,0.7980792606009994,1.338495052071113,0.3726003490401396,0.6265270506108203,0.6380726003490401,0.43204093631356955,0.9,26.38888888888889,0.0,20.0,False
baseline,,0.0022135024223027535,0.0008877808989802905,0.12499573283713296,0.7932505234976553,0.13977215339454113,0.39565217391304347,0.671304347826087,0.5702434782608696,0.43068175041116774,0.9,26.5,0.0,20.0,False
baseline,,0.0022135024223027535,0.001838263351530691,0.12480202536844891,0.7880609401068642,-0.7580830428149768,0.4387931034482759,0.7146551724137931,0.48375172413793105,0.41915826238691806,0.85,26.058823529411764,0.0,20.0,False
baseline,,0.0022135024223027535,0.003806358250624933,0.12480202508865781,0.7821459005456619,-1.2752810284921658,0.49485420240137223,0.7667238421955404,0.3756219554030874,0.4457404688000679,0.85,26.235294117647058,0.0,20.0,False
baseline,,0.0022135024223027535,0.00788154924594252,0.12424213146783998,0.7719716559349925,-1.4771815410896614,0.5575296108291032,0.8121827411167513,0.2674876480541455,0.4473446633666754,0.75,25.066666666666666,0.0,20.0,False
baseline,,0.0022135024223027535,0.01631975090784437,0.12388422739468886,0.7600864215578088,-1.446959646600192,0.6229235880398671,0.8264119601328903,0.18786445182724254,0.5097354434430599,0.75,25.8,0.0,20.0,False
baseline,,0.0022135024223027535,0.03379212149580846,0.12388659375018016,0.7430125131027961,-1.2682349494382084,0.6709886547811994,0.8346839546191248,0.13152739059967578,0.6106450378894805,0.7,25.928571428571427,0.0,20.0,True
baseline,,0.0022135024223027535,0.0699708887492028,0.1236083382589274,0.719068182143414,-1.0259372171835608,0.6904388714733543,0.8385579937304075,0.12368087774294678,0.7620861977338791,0.55,24.272727272727273,0.0,20.0,False
baseline,,0.0022135024223027535,0.14488363132100487,0.12323102465353535,0.699368537376368,-0.7266854325600068,0.7006079027355623,0.8427051671732523,0.12970273556231005,1.030052550882101,0.5,24.8,0.0,20.0,False
baseline,,0.0022135024223027535,0.3,0.12259932897472585,0.6836886716017947,-0.39899104930744334,0.7062314540059347,0.8456973293768546,0.13233412462908012,1.247125792503357,0.5,26.4,0.0,20.0,False
baseline,,0.004801202261272809,0.00010000000000000009,0.1245211378870973,0.7927767319651857,-0.10843917584139688,0.46113989637305697,0.7426597582037997,0.4334003454231433,0.40063530281186105,0.85,26.0,0.0,20.0,False
baseline,,0.004801202261272809,0.00020706272838739032,0.12452113858645715,0.792793516492999,-0.42262954202065534,0.47063903281519864,0.7487046632124352,0.4178563039723661,0.406032266234979,0.85,26.0,0.0,20.0,False
baseline,,0.004801202261272809,0.0004287497348723022,0.12452113911026035,0.7904224625644993,-0.8742996896851797,0.4853448275862069,0.7681034482758621,0.383751724137931,0.40609578443691136,0.85,26.058823529411764,0.0,20.0,False
baseline,,0.004801202261272809,0.0008877808989802905,0.12458212733934991,0.7834371817980831,-1.389930331393884,0.505982905982906,0.7923076923076923,0.33890940170940176,0.3910880506038666,0.85,26.352941176470587,0.0,20.0,False
baseline,,0.004801202261272809,0.001838263351530691,0.12458212819334917,0.7835462698305946,-1.8493178465492521,0.5384615384615384,0.8282051282051283,0.2705333333333333,0.421329540014267,0.85,26.352941176470587,0.0,20.0,False
baseline,,0.004801202261272809,0.003806358250624933,0.12458212813213888,0.7758490523682229,-2.1544401825089707,0.5882852292020373,0.8743633276740238,0.1745514431239389,0.4259586177766323,0.8,25.8125,0.0,20.0,False
baseline,,0.004801202261272809,0.00788154924594252,0.1238858024068325,0.7709647359051818,-2.2750824256978412,0.644891122278057,0.9045226130653267,0.08778626465661632,0.4377017866820097,0.75,25.466666666666665,0.0,20.0,True
baseline,,0.004801202261272809,0.01631975090784437,0.12367516935463937,0.7544828227965282,-2.2122848287209265,0.7042833607907742,0.9159802306425041,0.06010313014827018,0.5055228479206562,0.75,26.133333333333333,0.0,20.0,True
baseline,,0.004801202261272809,0.03379212149580846,0.12368105264020068,0.7435619313671143,-2.0234726483528442,0.7479806138933764,0.9232633279483037,0.0965172859450728,0.6372992128133774,0.7,26.071428571428573,0.0,20.0,True
baseline,,0.004801202261272809,0.0699708887492028,0.123408724554307,0.7162352165361787,-1.7658498470271682,0.764797507788162,0.92601246105919,0.11058504672897207,0.7751579225063324,0.55,24.636363636363637,0.0,20.0,False
baseline,,0.004801202261272809,0.14488363132100487,0.12307956133025548,0.6930042552456083,-1.4536066153988834,0.7744360902255639,0.9300751879699248,0.11616090225563913,1.025756011158228,0.5,25.5,0.0,20.0,False
baseline,,0.004801202261272809,0.3,0.12241257887755846,0.678007892409707,-1.1048661353890579,0.7794117647058824,0.9316176470588236,0.11959411764705885,1.2510361418128013,0.5,27.0,0.0,20.0,False
baseline,,0.010414058246057912,0.00010000000000000009,0.12439556278999943,0.7808451405949761,-1.7288884897923127,0.6045918367346939,0.8741496598639455,0.15845850340136058,0.4220685075968504,0.8,25.75,0.0,20.0,False
baseline,,0.010414058246057912,0.00020706272838739032,0.1243955626829379,0.7808567644396971,-1.802752668042143,0.6105442176870748,0.8792517006802721,0.14740408163265306,0.4259654346853495,0.8,25.75,0.0,20.0,True
baseline,,0.010414058246057912,0.0004287497348723022,0.12439556188061325,0.7808800863338085,-1.9231270825504636,0.6207482993197279,0.8860544217687075,0.1303972789115646,0.43366674073040484,0.8,25.75,0.0,20.0,True
baseline,,0.010414058246057912,0.0008877808989802905,0.12429522459423649,0.7785864758564248,-2.094910009759761,0.6398305084745762,0.9059322033898305,0.09143728813559326,0.42639295645058156,0.8,25.875,0.0,20.0,True
baseline,,0.010414058246057912,0.001838263351530691,0.12429522451062205,0.776970960008902,-2.268990376446918,0.6658206429780034,0.9297800338409475,0.041599323181049086,0.44639143757522104,0.8,25.9375,0.0,20.0,True
baseline,,0.010414058246057912,0.003806358250624933,0.12411520260713571,0.7739758371103048,-2.4005069240844654,0.7080536912751678,0.9530201342281879,0.026833557046979983,0.44810149893164636,0.75,25.4,0.0,20.0,True
baseline,,0.010414058246057912,0.00788154924594252,0.12370483167715918,0.7626417987705564,-2.432391503648439,0.746268656716418,0.9660033167495854,0.07507197346600336,0.47706317957490685,0.75,25.866666666666667,0.0,20.0,True
baseline,,0.010414058246057912,0.01631975090784437,0.1236532118297196,0.7534008209902435,-2.3466802367383295,0.8008196721311476,0.9737704918032787,0.13739016393442627,0.554042349755764,0.7,25.428571428571427,0.0,20.0,True
baseline,,0.010414058246057912,0.03379212149580846,0.12339466751721238,0.7366438971529188,-2.160998034421537,0.8408,0.9792,0.18279999999999996,0.6614529557526112,0.65,25.53846153846154,0.0,20.0,False
baseline,,0.010414058246057912,0.0699708887492028,0.1232364968985409,0.7108433823484,-1.8968933859217065,0.8531684698608965,0.9806800618238022,0.19664853168469865,0.8200579889118671,0.55,25.09090909090909,0.0,20.0,False
baseline,,0.010414058246057912,0.14488363132100487,0.1226591540651107,0.6909904658853623,-1.5914018537185595,0.8617339312406577,0.9828101644245142,0.20734409566517187,1.0735399670898915,0.5,25.9,0.0,20.0,False
baseline,,0.010414058246057912,0.3,0.12206878891498851,0.6755006850255931,-1.2429820248769152,0.8656934306569343,0.9832116788321168,0.21170510948905108,1.2925441078841686,0.5,27.5,0.0,20.0,False
baseline,,0.02258863577297737,0.00010000000000000009,0.12432926484549288,0.7742692436477898,-2.176632787710972,0.7546063651591289,0.9522613065326633,0.0741450586264657,0.48651849702000616,0.7,24.5,0.0,20.0,True
baseline,,0.02258863577297737,0.00020706272838739032,0.12432926539713106,0.7742783454159184,-2.1886696116130886,0.7579564489112228,0.9547738693467337,0.07553031825795653,0.49015718027949334,0.7,24.5,0.0,20.0,True
baseline,,0.02258863577297737,0.0004287497348723022,0.1243292684302306,0.7742967505922823,-2.20987904157759,0.7629815745393634,0.958961474036851,0.0847430485762144,0.4975080378353596,0.7,24.5,0.0,20.0,True
baseline,,0.02258863577297737,0.0008877808989802905,0.12448462140807437,0.7712071616993407,-2.2428030908004675,0.7691666666666667,0.965,0.09696666666666665,0.48682387433946134,0.7,24.714285714285715,0.0,20.0,True
baseline,,0.02258863577297737,0.001838263351530691,0.12448462054699687,0.7695519417353754,-2.2795861750963007,0.7920133111480865,0.9733777038269551,0.1281910149750416,0.5004423128440976,0.7,24.785714285714285,0.0,20.0,True
baseline,,0.02258863577297737,0.003806358250624933,0.12448462015005471,0.7651378729868943,-2.301999005276288,0.8150912106135987,0.9859038142620232,0.16379502487562192,0.5287356566637754,0.7,24.928571428571427,0.0,20.0,False
baseline,,0.02258863577297737,0.00788154924594252,0.12386666457944567,0.7595212229978178,-2.2780467178301778,0.850328947368421,0.9893092105263158,0.20243815789473685,0.5625723756849765,0.65,24.23076923076923,0.0,20.0,False
baseline,,0.02258863577297737,0.01631975090784437,0.12410436374981522,0.7480568152827736,-2.171023147240429,0.898538961038961,0.9943181818181818,0.2556571428571428,0.6390084519982338,0.65,24.846153846153847,0.0,20.0,False
baseline,,0.02258863577297737,0.03379212149580846,0.12358967433923083,0.7332221796546748,-1.9959792034940573,0.9222222222222223,0.9976190476190476,0.2826412698412699,0.743742149323225,0.6,24.833333333333332,0.0,20.0,False
baseline,,0.02258863577297737,0.0699708887492028,0.1233121678346813,0.7061570872591334,-1.746716882512822,0.9318529862174579,0.998468606431853,0.2931215926493109,0.9037225857377053,0.55,25.636363636363637,0.0,20.0,False
baseline,,0.02258863577297737,0.14488363132100487,0.12272055249772003,0.6893919806306177,-1.450843289612567,0.9398216939078752,1.0,0.3026216939078752,1.1667630650103091,0.5,26.3,0.0,20.0,False
baseline,,0.02258863577297737,0.3,0.12216162554194825,0.669737452547013,-1.1061501592814202,0.9425287356321839,1.0,0.3053287356321839,1.3357375636696815,0.45,27.444444444444443,0.0,20.0,False
baseline,,0.04899592973540154,0.00010000000000000009,0.12409841922396424,0.7589152880855599,-2.0090116236276514,0.889344262295082,0.9852459016393442,0.23739016393442625,0.6431056205183268,0.65,24.384615384615383,0.0,20.0,False
baseline,,0.04899592973540154,0.00020706272838739032,0.12409841966975853,0.7589235393029032,-2.0089674775731203,0.8901639344262295,0.9860655737704918,0.2390295081967213,0.6454001702368259,0.65,24.384615384615383,0.0,20.0,False
baseline,,0.04899592973540154,0.0004287497348723022,0.12409841981877691,0.7589405383554856,-2.008575100307444,0.8934426229508197,0.9860655737704918,0.24230819672131143,0.6501916147768497,0.65,24.384615384615383,0.0,20.0,False
baseline,,0.04899592973540154,0.0008877808989802905,0.12409841788728239,0.7589756327390861,-2.0067005000343117,0.898360655737705,0.9868852459016394,0.24804590163934437,0.6602664966136217,0.65,24.384615384615383,0.0,20.0,False
baseline,,0.04899592973540154,0.001838263351530691,0.12409841927720598,0.7590469025628288,-1.999679760775132,0.9040983606557377,0.9901639344262295,0.2570622950819672,0.6812529265880585,0.65,24.384615384615383,0.0,20.0,False
baseline,,0.04899592973540154,0.003806358250624933,0.12367741919337401,0.7527037214241367,-1.9855170022150679,0.9235772357723577,0.991869918699187,0.2782471544715447,0.6718133337795734,0.65,24.76923076923077,0.0,20.0,False
baseline,,0.04899592973540154,0.00788154924594252,0.1239141545120524,0.7476766278320172,-1.935860738504199,0.9458804523424879,0.9935379644588045,0.30221841680129236,0.7019323788583278,0.6,23.916666666666668,0.0,20.0,False
baseline,,0.04899592973540154,0.01631975090784437,0.1238030173580502,0.7361047849988614,-1.8346098775390005,0.9633173843700159,0.9960127591706539,0.3221301435406698,0.768371456861496,0.6,24.583333333333332,0.0,20.0,False
baseline,,0.04899592973540154,0.03379212149580846,0.12343821087892044,0.7249233108863942,-1.6773896430765554,0.97734375,0.99765625,0.3378,0.8714065968990325,0.55,24.454545454545453,0.0,20.0,False
baseline,,0.04899592973540154,0.0699708887492028,0.12320063741316688,0.7002688870197038,-1.445481006150949,0.9818181818181818,0.9992424242424243,0.3438606060606061,1.0626014605164529,0.5,25.0,0.0,20.0,False
baseline,,0.04899592973540154,0.14488363132100487,0.12229584359550599,0.6750492795066576,-1.1511006257815324,0.9876093294460642,1.0,0.3504093294460642,1.2931223556399345,0.5,27.6,0.0,20.0,False
baseline,,0.04899592973540154,0.3,0.12199733419937699,0.6702971363450109,-0.8472182078604161,0.9885877318116976,1.0,0.3513877318116976,1.4791585370898246,0.45,28.0,0.0,20.0,False
baseline,,0.10627472835292812,0.00010000000000000009,0.1236121997515236,0.7334908317840163,-1.5577419838403568,0.9620853080568721,0.9936808846761453,0.31856619273301745,0.8637049429118633,0.6,25.083333333333332,0.0,20.0,False
baseline,,0.10627472835292812,0.00020706272838739032,0.12361220044058731,0.7334986298631049,-1.5563390201369602,0.9628751974723538,0.9944707740916272,0.32014597156398106,0.8655438132584095,0.6,25.083333333333332,0.0,20.0,False
baseline,,0.10627472835292812,0.0004287497348723022,0.12361219734221374,0.7335146430720481,-1.5534371779978613,0.9628751974723538,0.9944707740916272,0.32014597156398106,0.8693524278700352,0.6,25.083333333333332,0.0,20.0,False
baseline,,0.10627472835292812,0.0008877808989802905,0.12361219908705352,0.7335479887346565,-1.5474486335669637,0.9644549763033176,0.9944707740916272,0.3217257503949448,0.8772309936583043,0.6,25.083333333333332,0.0,20.0,False
baseline,,0.10627472835292812,0.001838263351530691,0.12361219910319211,0.7336160862475098,-1.5351734899905671,0.9652448657187994,0.9944707740916272,0.32251563981042664,0.8934597976505756,0.6,25.083333333333332,0.0,20.0,False
baseline,,0.10627472835292812,0.003806358250624933,0.1236121996627381,0.7300840644723996,-1.5121674853289302,0.9708661417322835,0.9952755905511811,0.32894173228346457,0.9074346579611301,0.6,25.25,0.0,20.0,False
baseline,,0.10627472835292812,0.00788154924594252,0.12371603882546776,0.723780172689974,-1.4666315218527148,0.98046875,0.996875,0.34014374999999997,0.9199879795312882,0.55,24.454545454545453,0.0,20.0,False
baseline,,0.10627472835292812,0.01631975090784437,0.12333993350029629,0.7191025908051489,-1.3848593667638347,0.9883900928792569,0.9984520123839009,0.34964210526315787,0.9893644228577614,0.55,25.0,0.0,20.0,False
baseline,,0.10627472835292812,0.03379212149580846,0.12325468656461959,0.7048324250096951,-1.2516813038883483,0.9916413373860182,0.9984802431610942,0.3529215805471124,1.1001167491078376,0.55,26.09090909090909,0.0,20.0,False
baseline,,0.10627472835292812,0.0699708887492028,0.12230795592309557,0.6924256994198251,-1.062510368465898,0.9948224852071006,1.0,0.3576224852071006,1.295644147694111,0.5,26.6,0.0,20.0,False
baseline,,0.10627472835292812,0.14488363132100487,0.12171695838977907,0.6709710314327951,-0.8040020980460518,0.9978571428571429,1.0,0.3606571428571429,1.50452900826931,0.45,27.88888888888889,0.0,20.0,False
baseline,,0.10627472835292812,0.3,0.12195338136528475,0.6691408719553849,-0.4925951265873935,0.9986033519553073,1.0,0.36140335195530726,1.693197426199913,0.35,27.0,0.0,20.0,False
baseline,,0.23051543153651136,0.00010000000000000009,0.12379929038162363,0.6995096178743483,-0.9642833786511853,0.9879336349924586,0.9984917043740573,0.3492253393665159,1.3010917864739895,0.55,26.545454545454547,0.0,20.0,False
baseline,,0.23051543153651136,0.00020706272838739032,0.12379929228283021,0.6995164922715874,-0.9632867729712169,0.9886877828054299,0.9984917043740573,0.34997948717948724,1.3025998383760453,0.55,26.545454545454547,0.0,20.0,False
baseline,,0.23051543153651136,0.0004287497348723022,0.12349405105834557,0.6995308398525202,-0.9619917942422681,0.9894578313253012,0.9984939759036144,0.35075180722891564,1.2994597136974335,0.55,26.636363636363637,0.0,20.0,False
baseline,,0.23051543153651136,0.0008877808989802905,0.12349405100374915,0.6995603730307917,-0.9577827348072133,0.990210843373494,0.9984939759036144,0.3515048192771084,1.3057331815361977,0.55,26.636363636363637,0.0,20.0,False
baseline,,0.23051543153651136,0.001838263351530691,0.12316626810118371,0.6996213868490603,-0.9507436454371094,0.9902402402402403,0.9984984984984985,0.35153873873873875,1.3019764214754104,0.55,26.818181818181817,0.0,20.0,False
baseline,,0.23051543153651136,0.003806358250624933,0.12312966051046222,0.699746485442769,-0.9351920441078915,0.9902694610778443,0.9985029940119761,0.3515724550898204,1.311458083987236,0.55,27.0,0.0,20.0,False
baseline,,0.23051543153651136,0.00788154924594252,0.12283205926997123,0.6990016560824738,-0.9045036361080164,0.992548435171386,0.9985096870342772,0.35385812220566326,1.3410982295870781,0.55,27.272727272727273,0.0,20.0,False
baseline,,0.23051543153651136,0.01631975090784437,0.1228320589408217,0.6873210339167567,-0.8479865293246186,0.9926362297496318,0.9992636229749632,0.35469985272459503,1.3818909034132958,0.55,28.0,0.0,20.0,False
baseline,,0.23051543153651136,0.03379212149580846,0.12187036827874746,0.6788683802549267,-0.7506748132302502,0.9942112879884226,0.9992764109985528,0.35628769898697543,1.4682494416832923,0.45,26.88888888888889,0.0,20.0,False
baseline,,0.23051543153651136,0.0699708887492028,0.12185223168045978,0.6673065229541281,-0.5985115226950743,0.9964689265536724,1.0,0.3592689265536724,1.6585163652896882,0.45,28.77777777777778,0.0,20.0,False
baseline,,0.23051543153651136,0.14488363132100487,0.12203300800655702,0.6649212028531125,-0.379733289462025,0.9986244841815681,1.0,0.36142448418156814,1.850984987616539,0.35,28.571428571428573,0.0,20.0,False
baseline,,0.23051543153651136,0.3,0.12249268089849691,0.6657695757097275,-0.11901002847287745,0.9993150684931507,1.0,0.36211506849315067,2.022388683259487,0.35,29.0,0.0,20.0,False
baseline,,0.5,0.00010000000000000009,0.12205511487252067,0.6624729206232354,-0.3148993029758771,0.9951790633608816,1.0,0.3579790633608816,1.9563246784731745,0.4,29.75,0.0,20.0,False
baseline,,0.5,0.00020706272838739032,0.12205511243730781,0.6624800150925354,-0.3143446033169819,0.9951790633608816,1.0,0.3579790633608816,1.9575065981596709,0.4,29.75,0.0,20.0,False
baseline,,0.5,0.0004287497348723022,0.12205511257252799,0.6624947001810922,-0.31319905173175205,0.9951790633608816,1.0,0.3579790633608816,1.9599510092288255,0.4,29.75,0.0,20.0,False
baseline,,0.5,0.0008877808989802905,0.12205511486510943,0.6625250321948785,-0.31084007764844274,0.9958677685950413,1.0,0.35866776859504135,1.965002376958728,0.4,29.75,0.0,20.0,False
baseline,,0.5,0.001838263351530691,0.1220551121335286,0.6625878264362489,-0.30601002289863277,0.9958677685950413,1.0,0.35866776859504135,1.9754146257415415,0.4,29.75,0.0,20.0,False
baseline,,0.5,0.003806358250624933,0.12205511220969918,0.6612860903638377,-0.29675542709107217,0.9958734525447043,1.0,0.3586734525447043,1.9901091473177075,0.4,29.875,0.0,20.0,False
baseline,,0.5,0.00788154924594252,0.12198536483608577,0.6600407570869277,-0.2784886578635343,0.9958847736625515,1.0,0.35868477366255147,2.020733019709587,0.4,30.125,0.0,20.0,False
baseline,,0.5,0.01631975090784437,0.12209089501708742,0.6563823968362374,-0.24389598268829427,0.9965986394557823,1.0,0.3593986394557823,2.072259222716093,0.4,30.875,0.0,20.0,False
baseline,,0.5,0.03379212149580846,0.12248482042735705,0.6512467277794924,-0.17825318909227947,0.9973404255319149,1.0,0.36014042553191494,2.1517515264451506,0.35,32.142857142857146,0.0,20.0,False
baseline,,0.5,0.0699708887492028,0.12238431143954527,0.6508348084436504,-0.06840114677694423,0.9986772486772487,1.0,0.36147724867724873,2.3140471287071707,0.3,31.666666666666668,0.0,20.0,False
baseline,,0.5,0.14488363132100487,0.12251320835411243,0.6489375425667419,0.09223107917444125,0.9986876640419947,1.0,0.3614876640419947,2.4313993617892264,0.3,32.666666666666664,0.0,20.0,False
baseline,,0.5,0.3,0.12251321023065365,0.6451908408840074,0.3120145071681433,1.0,1.0,0.3628,2.5057860247790815,0.3,33.333333333333336,0.0,20.0,False
env_odom_noise,0.0,0.00010000000000000009,0.00010000000000000009,0.12484799055093407,0.6893099095859053,50.393836585172274,0.20928196147110334,0.329246935201401,1.0986711033274956,0.3882241629064083,0.9,26.27777777777778,0.0,20.0,False
env_odom_noise,0.0,0.00010000000000000009,0.00020706272838739032,0.1248479908709545,0.6893099072577448,46.60596617990059,0.2381786339754816,0.3712784588441331,1.0277429071803854,0.3889121152460575,0.9,26.27777777777778,0.0,20.0,False
env_odom_noise,0.0,0.00010000000000000009,0.0004287497348723022,0.12484799049744588,0.6893098971896218,44.259399400972924,0.28021015761821366,0.43257443082311736,0.924415411558669,0.39783228412270544,0.9,26.27777777777778,0.0,20.0,False
env_odom_noise,0.0,0.00010000000000000009,0.0008877808989802905,0.12506433594638672,0.6873235898720963,43.16961702031345,0.3298429319371728,0.4869109947643979,0.8204460732984293,0.4017743803560734,0.9,26.38888888888889,0.0,20.0,False
env_odom_noise,0.0,0.00010000000000000009,0.001838263351530691,0.12480883655463543,0.6830359589753545,42.44957423351386,0.3940972222222222,0.5355902777777778,0.7075125,0.4164872571825981,0.9,26.555555555555557,0.0,20.0,False
env_odom_noise,0.0,0.00010000000000000009,0.003806358250624933,0.12480202451495175,0.6753614220174406,42.14466200178293,0.4493127147766323,0.570446735395189,0.6174405498281788,0.419533783197403,0.85,26.176470588235293,0.0,20.0,False
env_odom_noise,0.0,0.00010000000000000009,0.00788154924594252,0.12424213326738631,0.6655804567128447,41.77206401498034,0.5050933786078099,0.5933786078098472,0.5387280135823429,0.4478434041142464,0.8,25.8125,0.0,20.0,False
env_odom_noise,0.0,0.00010000000000000009,0.01631975090784437,0.12409704497136846,0.653478483449539,41.56697954630023,0.5383973288814691,0.6001669449081803,0.49863572621035057,0.5062287628650666,0.75,25.6,0.0,20.0,False
env_odom_noise,0.0,0.00010000000000000009,0.03379212149580846,0.12388659335692219,0.6322022934628262,41.28421761259477,0.5591572123176661,0.6037277147487844,0.47431507293354946,0.5877130635082721,0.7,25.928571428571427,0.0,20.0,False
env_odom_noise,0.0,0.00010000000000000009,0.0699708887492028,0.12377196410432752,0.6046497105957543,40.65219863432287,0.571875,0.6125,0.4528249999999999,0.7436079569160938,0.6,25.666666666666668,0.0,20.0,False
env_odom_noise,0.0,0.00010000000000000009,0.14488363132100487,0.12316347846612062,0.5865021049971489,40.19461013829857,0.5766312594840668,0.6160849772382397,0.44448376327769346,1.0192305862903595,0.5,24.9,0.0,20.0,False
env_odom_noise,0.0,0.00010000000000000009,0.3,0.12259932916794697,0.5696638101281356,39.76568323240265,0.5812407680945347,0.620384047267356,0.4355751846381093,1.222873404622078,0.5,26.7,0.0,20.0,False
env_odom_noise,0.0,0.00021690521830457365,0.00010000000000000009,0.12484799055093407,0.6893099095859053,22.285816209933902,0.2373029772329247,0.37215411558669004,1.0277429071803854,0.3882241629064083,0.9,26.27777777777778,0.0,20.0,False
env_odom_noise,0.0,0.00021690521830457365,0.00020706272838739032,0.12484799084411742,0.6893099073748474,20.006423434198965,0.2635726795096322,0.4133099824868651,0.9603173380035026,0.3890766590833664,0.9,26.27777777777778,0.0,20.0,False
env_odom_noise,0.0,0.00021690521830457365,0.0004287497348723022,0.12484799126398519,0.6893098901677093,18.362236879480665,0.3021015761821366,0.4746059544658494,0.860492469352014,0.3985241621732712,0.9,26.27777777777778,0.0,20.0,False
env_odom_noise,0.0,0.00021690521830457365,0.0008877808989802905,0.12506433530017125,0.6873235322507133,17.457449645608712,0.35165794066317624,0.5226876090750436,0.7628544502617801,0.4028555154800415,0.9,26.38888888888889,0.0,20.0,False
env_odom_noise,0.0,0.00021690521830457365,0.001838263351530691,0.12480883594338799,0.6830359107715404,16.9337028450295,0.4149305555555556,0.5685763888888888,0.6536930555555556,0.4174900248646736,0.9,26.555555555555557,0.0,20.0,False
env_odom_noise,0.0,0.00021690521830457365,0.003806358250624933,0.12480202542196181,0.6734094578549454,16.730970543828207,0.46826758147512865,0.6037735849056604,0.565158833619211,0.4090229034423828,0.85,26.235294117647058,0.0,20.0,False
env_odom_noise,0.0,0.00021690521830457365,0.00788154924594252,0.12424213312707737,0.6655804693831404,16.66862233052794,0.5254668930390493,0.6230899830220713,0.48864312393887943,0.44855397641658784,0.8,25.8125,0.0,20.0,False
env_odom_noise,0.0,0.00021690521830457365,0.01631975090784437,0.12409704662225919,0.6534785136915352,16.707772135537052,0.5584307178631052,0.6293823038397329,0.4493869782971619,0.5067504160106182,0.75,25.6,0.0,20.0,False
env_odom_noise,0.0,0.00021690521830457365,0.03379212149580846,0.1238865946345654,0.632202335798336,16.74350736900045,0.5777957860615883,0.63290113452188,0.42650307941653165,0.5880919210612774,0.7,25.928571428571427,0.0,20.0,False
env_odom_noise,0.0,0.00021690521830457365,0.0699708887492028,0.12377196124642609,0.6046496702196081,16.647022838175896,0.59140625,0.64140625,0.4043875,0.743883153796196,0.6,25.666666666666668,0.0,20.0,False
env_odom_noise,0.0,0.00021690521830457365,0.14488363132100487,0.12316347572356191,0.5865020837812555,16.633972782831002,0.5963581183611533,0.644916540212443,0.3959253414264037,1.0193965777754783,0.5,24.9,0.0,20.0,False
env_odom_noise,0.0,0.00021690521830457365,0.3,0.12259932807689737,0.5696637909524451,16.643130071131992,0.6011816838995568,0.6484490398818316,0.3875692762186116,1.2229601740837097,0.5,26.7,0.0,20.0,False
env_odom_noise,0.0,0.00047047873727754753,0.00010000000000000009,0.12484799055093407,0.6893099095859053,8.359294578906457,0.27845884413309985,0.44921190893169877,0.9095292469352014,0.3882241629064083,0.9,26.27777777777778,0.0,20.0,False
env_odom_noise,0.0,0.00047047873727754753,0.00020706272838739032,0.12484799146934432,0.6893099092516983,7.250191849704117,0.30297723292469353,0.4886164623467601,0.8456063047285464,0.38960358649492266,0.9,26.27777777777778,0.0,20.0,False
env_odom_noise,0.0,0.00047047873727754753,0.0004287497348723022,0.12484799025769758,0.6893099045052752,6.307626087655166,0.33887915936952717,0.5385288966725044,0.7597919439579685,0.40019444897770884,0.9,26.27777777777778,0.0,20.0,False
env_odom_noise,0.0,0.00047047873727754753,0.0008877808989802905,0.12506433555963434,0.6873235336077667,5.697491063651855,0.3856893542757417,0.5828970331588132,0.668613612565445,0.4051563791930676,0.9,26.38888888888889,0.0,20.0,False
env_odom_noise,0.0,0.00047047873727754753,0.001838263351530691,0.12480883647396852,0.6830359409072536,5.3462775441405785,0.4461805555555556,0.6302083333333334,0.560811111111111,0.41963852643966676,0.9,26.555555555555557,0.0,20.0,False
env_odom_noise,0.0,0.00047047873727754753,0.003806358250624933,0.12480202483435085,0.6734094700944031,5.250185128109809,0.49828473413379076,0.6586620926243568,0.4802531732418524,0.4111365646123886,0.85,26.235294117647058,0.0,20.0,False
env_odom_noise,0.0,0.00047047873727754753,0.00788154924594252,0.12424213372304381,0.6655804484672156,5.298212474868698,0.5543293718166383,0.6774193548387096,0.40545127334465203,0.4500863693654537,0.8,25.8125,0.0,20.0,False
env_odom_noise,0.0,0.00047047873727754753,0.01631975090784437,0.12409704565702374,0.6534785556167559,5.448846861352799,0.5859766277128547,0.6828046744574291,0.36841869782971615,0.5078789219260216,0.75,25.6,0.0,20.0,False
env_odom_noise,0.0,0.00047047873727754753,0.03379212149580846,0.123886592436334,0.6322023200123762,5.629146701396112,0.6045380875202593,0.686385737439222,0.34627617504051866,0.5889133833348751,0.7,25.928571428571427,0.0,20.0,False
env_odom_noise,0.0,0.00047047873727754753,0.0699708887492028,0.12377196123057241,0.604649707699466,5.775312419405334,0.6171875,0.69375,0.3262625,0.7444803535938262,0.6,25.666666666666668,0.0,20.0,False
env_odom_noise,0.0,0.00047047873727754753,0.14488363132100487,0.12316347726636506,0.5865020576648529,5.965165145993938,0.622154779969651,0.6965098634294385,0.3185353566009105,1.019756805896759,0.5,24.9,0.0,20.0,False
env_odom_noise,0.0,0.00047047873727754753,0.3,0.12259932738476846,0.569663803909301,6.1741251942887425,0.6262924667651403,0.7008862629246676,0.3100212703101921,1.2231484636664391,0.5,26.7,0.0,20.0,False
env_odom_noise,0.0,0.001020492932168466,0.00010000000000000009,0.12484799055093407,0.6893099075179875,1.4979755892310085,0.3371278458844133,0.5516637478108581,0.7484084063047285,0.3883094139397144,0.9,26.27777777777778,0.0,20.0,False
env_odom_noise,0.0,0.001020492932168466,0.00020706272838739032,0.12484799079119792,0.6893098985865936,1.0805380775931548,0.36252189141856395,0.5945709281961471,0.680107180385289,0.39149084165692327,0.9,26.27777777777778,0.0,20.0,False
env_odom_noise,0.0,0.001020492932168466,0.0004287497348723022,0.12484799058942067,0.6893098663952731,0.6629406600344753,0.38879159369527144,0.626970227670753,0.6214381786339755,0.4046104997396469,0.9,26.27777777777778,0.0,20.0,False
env_odom_noise,0.0,0.001020492932168466,0.0008877808989802905,0.1250643349202672,0.6873235517296816,0.35225996413876465,0.43455497382198954,0.6579406631762653,0.5447043630017452,0.4106921970844269,0.9,26.38888888888889,0.0,20.0,False
env_odom_noise,0.0,0.001020492932168466,0.001838263351530691,0.12480883698544287,0.6830359425983253,0.1696901403267531,0.4930555555555556,0.6996527777777778,0.4444916666666666,0.4141385927796364,0.85,25.823529411764707,0.0,20.0,False
env_odom_noise,0.0,0.001020492932168466,0.003806358250624933,0.12437912304948774,0.6713665200507803,0.13476984542951748,0.5461538461538461,0.7256410256410256,0.36540512820512827,0.39407507702708244,0.85,26.352941176470587,0.0,20.0,False
env_odom_noise,0.0,0.001020492932168466,0.00788154924594252,0.12424213306264649,0.6655804646056674,0.26072035436411783,0.5925297113752123,0.7410865874363328,0.3035837011884549,0.4421496860682964,0.75,24.933333333333334,0.0,20.0,False
env_odom_noise,0.0,0.001020492932168466,0.01631975090784437,0.12409704538546823,0.6534785419532686,0.46157231985515507,0.6218697829716193,0.7462437395659433,0.2690864774624374,0.5103136472404003,0.75,25.6,0.0,20.0,False
env_odom_noise,0.0,0.001020492932168466,0.03379212149580846,0.12388659363789399,0.632202311748046,0.7056879530440907,0.6393841166936791,0.7487844408427877,0.24903144246353315,0.5906903937458992,0.7,25.928571428571427,0.0,20.0,False
env_odom_noise,0.0,0.001020492932168466,0.0699708887492028,0.12377196342598845,0.6046496562120298,0.9590548793645943,0.6515625,0.75390625,0.23173124999999994,0.7457734443247318,0.6,25.666666666666668,0.0,20.0,False
env_odom_noise,0.0,0.001020492932168466,0.14488363132100487,0.12316347688320216,0.5865020723913629,1.2401521839554739,0.6562974203338392,0.7556904400606981,0.2252121396054627,1.0205371737480164,0.5,24.9,0.0,20.0,False
env_odom_noise,0.0,0.001020492932168466,0.3,0.12259932728942309,0.5696638214755095,1.5389279699582061,0.6610044313146234,0.758493353028065,0.21770221565731163,1.2235563695430756,0.5,26.7,0.0,20.0,False
env_odom_noise,0.0,0.0022135024223027535,0.00010000000000000009,0.12484799109677103,0.6893098974441713,-1.6714387964976192,0.43695271453590195,0.7259194395796847,0.4743278458844133,0.39324225336313245,0.9,26.27777777777778,0.0,20.0,False
env_odom_noise,0.0,0.0022135024223027535,0.00020706272838739032,0.1248479904365442,0.6893098456586753,-1.7809939247459772,0.45096322241681264,0.7338003502626971,0.4524364273204903,0.401927799731493,0.9,26.27777777777778,0.0,20.0,False
env_odom_noise,0.0,0.0022135024223027535,0.0004287497348723022,0.12506433691964436,0.6873235549969392,-1.9034753161941296,0.4677137870855148,0.7469458987783595,0.4225403141361257,0.39624187126755717,0.9,26.38888888888889,0.0,20.0,False
env_odom_noise,0.0,0.0022135024223027535,0.0008877808989802905,0.1250643337956465,0.6851847214524877,-2.0085558050364183,0.5113240418118467,0.7709059233449478,0.35497003484320555,0.4136413216590881,0.9,26.444444444444443,0.0,20.0,False
env_odom_noise,0.0,0.0022135024223027535,0.001838263351530691,0.1248694527350711,0.6830358750613926,-2.0457273875417936,0.5571923743500866,0.8006932409012132,0.2793143847487002,0.41535691618919374,0.85,25.88235294117647,0.0,20.0,False
env_odom_noise,0.0,0.0022135024223027535,0.003806358250624933,0.12437912354286655,0.6713665409163653,-2.004884613918322,0.6034188034188034,0.8205128205128205,0.21326837606837612,0.4034773863852024,0.85,26.352941176470587,0.0,20.0,False
env_odom_noise,0.0,0.0022135024223027535,0.00788154924594252,0.12424213428984263,0.6655805305571879,-1.8530895378627452,0.6477079796264855,0.8310696095076401,0.15842241086587439,0.44915420189499855,0.75,24.933333333333334,0.0,20.0,False
env_odom_noise,0.0,0.0022135024223027535,0.01631975090784437,0.12409704692649237,0.6534784988858916,-1.6310508053469517,0.6736227045075125,0.835559265442404,0.1280180300500835,0.5155317232012748,0.75,25.6,0.0,20.0,True
env_odom_noise,0.0,0.0022135024223027535,0.03379212149580846,0.12388659301577393,0.6322022787496512,-1.361570532566778,0.6912479740680713,0.8371150729335495,0.12593290113452182,0.5945215508341789,0.7,25.928571428571427,0.0,20.0,True
env_odom_noise,0.0,0.0022135024223027535,0.0699708887492028,0.12377196204182854,0.6046496615348221,-1.0643324027338312,0.70234375,0.840625,0.13351875000000013,0.7485702864825725,0.6,25.666666666666668,0.0,20.0,False
env_odom_noise,0.0,0.0022135024223027535,0.14488363132100487,0.12316347822868134,0.5865021123158414,-0.7440154333810547,0.704855842185129,0.8437025796661608,0.13295326251896822,1.0222269684076308,0.5,24.9,0.0,20.0,False
env_odom_noise,0.0,0.0022135024223027535,0.3,0.12259932686421172,0.5696638063295022,-0.40641633751995576,0.7090103397341211,0.8463810930576071,0.134429246676514,1.224441146850586,0.5,26.7,0.0,20.0,False
env_odom_noise,0.0,0.004801202261272809,0.00010000000000000009,0.12452114059745141,0.6851847072120191,-2.9039203314076203,0.5717993079584776,0.8598615916955017,0.20553910034602074,0.3867792710661888,0.85,25.941176470588236,0.0,20.0,False
env_odom_noise,0.0,0.004801202261272809,0.00020706272838739032,0.12452113918943372,0.6851847205147773,-2.914481773346444,0.5761245674740484,0.8685121107266436,0.19256332179930802,0.3936502180993557,0.85,25.941176470588236,0.0,20.0,False
env_odom_noise,0.0,0.004801202261272809,0.0004287497348723022,0.12452113815814181,0.6831679539539928,-2.925361417709967,0.5984455958549223,0.883419689119171,0.15533471502590668,0.39523478150367736,0.85,26.0,0.0,20.0,False
env_odom_noise,0.0,0.004801202261272809,0.0008877808989802905,0.12458212687734614,0.6831679359156541,-2.918204259864746,0.6344827586206897,0.896551724137931,0.10616551724137924,0.40784715861082077,0.85,26.058823529411764,0.0,20.0,True
env_odom_noise,0.0,0.004801202261272809,0.001838263351530691,0.1245821249155911,0.6760203171806207,-2.8726121781754594,0.6601027397260274,0.9075342465753424,0.06956301369863016,0.4042982183396816,0.85,26.294117647058822,0.0,20.0,True
env_odom_noise,0.0,0.004801202261272809,0.003806358250624933,0.12416295217539047,0.6701512783962499,-2.7787060448570453,0.6964285714285714,0.9158163265306123,0.05241224489795915,0.4171278581023216,0.8,25.75,0.0,20.0,True
env_odom_noise,0.0,0.004801202261272809,0.00788154924594252,0.12388579966547233,0.6626783612971372,-2.6219124356421353,0.7298657718120806,0.9219798657718121,0.07968590604026848,0.4275044441223145,0.75,25.4,0.0,20.0,True
env_odom_noise,0.0,0.004801202261272809,0.01631975090784437,0.1238857983907201,0.6444066356095611,-2.3893967343095595,0.759075907590759,0.9249174917491749,0.10595841584158416,0.49498740434646604,0.75,26.066666666666666,0.0,20.0,True
env_odom_noise,0.0,0.004801202261272809,0.03379212149580846,0.12368105071346439,0.6294926269684588,-2.1141374631192362,0.7697262479871175,0.9259259259259259,0.11560032206119164,0.6032559961080551,0.7,26.214285714285715,0.0,20.0,True
env_odom_noise,0.0,0.004801202261272809,0.0699708887492028,0.12357059486826653,0.6046496417848257,-1.8054270344619616,0.7757009345794392,0.927570093457944,0.11993084112149532,0.7647072561085224,0.55,24.636363636363637,0.0,20.0,False
env_odom_noise,0.0,0.004801202261272809,0.14488363132100487,0.12275708560905073,0.5852408745952773,-1.4784947660763332,0.7778614457831325,0.9299698795180723,0.11969156626506028,1.0263302102684975,0.5,25.4,0.0,20.0,False
env_odom_noise,0.0,0.004801202261272809,0.3,0.12241257932954618,0.5671900239533356,-1.1151656158817032,0.7812041116005873,0.9317180616740088,0.12128604992657854,1.2384878426790238,0.5,27.1,0.0,20.0,False
env_odom_noise,0.0,0.010414058246057912,0.00010000000000000009,0.12439556281649107,0.676312853422684,-3.11634086973022,0.7504273504273504,0.9666666666666667,0.07989401709401711,0.42357588931918144,0.8,25.5625,0.0,20.0,True
env_odom_noise,0.0,0.010414058246057912,0.00020706272838739032,0.12439556444287334,0.6763128634656832,-3.1078753764971108,0.7538461538461538,0.9700854700854701,0.08673162393162392,0.42873234748840333,0.8,25.5625,0.0,20.0,True
env_odom_noise,0.0,0.010414058246057912,0.0004287497348723022,0.1243955622914247,0.6742294803796526,-3.0917613630312277,0.7593856655290102,0.9718430034129693,0.09402866894197948,0.4277669794857502,0.8,25.625,0.0,20.0,True
env_odom_noise,0.0,0.010414058246057912,0.0008877808989802905,0.1243955613680134,0.6703134229826885,-3.059139298872403,0.7653061224489796,0.9736394557823129,0.10174557823129249,0.42491916567087173,0.8,25.75,0.0,20.0,True
env_odom_noise,0.0,0.010414058246057912,0.001838263351530691,0.12439556170957525,0.6666451221820857,-2.9951106859925583,0.7822033898305085,0.976271186440678,0.12127457627118654,0.43890736922621726,0.8,25.875,0.0,20.0,True
env_odom_noise,0.0,0.010414058246057912,0.003806358250624933,0.12370483331607317,0.664928620836515,-2.8946601598156416,0.8062080536912751,0.9798657718120806,0.1488738255033557,0.4252224750816822,0.75,25.4,0.0,20.0,True
env_odom_noise,0.0,0.010414058246057912,0.00788154924594252,0.12370483173383602,0.6581317319982787,-2.730086605555418,0.8316666666666667,0.9808333333333333,0.1753,0.4851993478834629,0.75,25.666666666666668,0.0,20.0,False
env_odom_noise,0.0,0.010414058246057912,0.01631975090784437,0.1236532114310039,0.6433339720225126,-2.5120320163071885,0.8491803278688524,0.9811475409836066,0.19312786885245903,0.5355703823268414,0.7,25.428571428571427,0.0,20.0,False
env_odom_noise,0.0,0.010414058246057912,0.03379212149580846,0.12350442988983092,0.626342849863346,-2.242469007316889,0.8573717948717948,0.9815705128205128,0.2017423076923076,0.6561876855790615,0.65,25.46153846153846,0.0,20.0,False
env_odom_noise,0.0,0.010414058246057912,0.0699708887492028,0.12339726519268411,0.6016198107235314,-1.9383175352936022,0.862015503875969,0.982170542635659,0.206986046511628,0.8257561333477497,0.55,24.90909090909091,0.0,20.0,False
env_odom_noise,0.0,0.010414058246057912,0.14488363132100487,0.12265915451196609,0.5800185781231351,-1.6100413228290997,0.8641791044776119,0.9828358208955223,0.2098149253731343,1.0627662755548954,0.5,26.0,0.0,20.0,False
env_odom_noise,0.0,0.010414058246057912,0.3,0.1221018668551958,0.564750757580299,-1.246734367464856,0.8671532846715329,0.9832116788321168,0.21316496350364966,1.2881679303944111,0.5,27.5,0.0,20.0,False
env_odom_noise,0.0,0.02258863577297737,0.00010000000000000009,0.12432926640067343,0.6618836263705729,-2.8430903145170077,0.8854515050167224,1.0,0.24825150501672244,0.4558205515146255,0.7,24.571428571428573,0.0,20.0,False
env_odom_noise,0.0,0.02258863577297737,0.00020706272838739032,0.12432926644555053,0.6618836805918056,-2.8352094474709357,0.8913043478260869,1.0,0.25410434782608693,0.45965973287820816,0.7,24.571428571428573,0.0,20.0,False
env_odom_noise,0.0,0.02258863577297737,0.0004287497348723022,0.12432926615148854,0.6618836365953462,-2.8195348753500773,0.8954849498327759,1.0,0.25828494983277595,0.4674027033150196,0.7,24.571428571428573,0.0,20.0,False
env_odom_noise,0.0,0.02258863577297737,0.0008877808989802905,0.12432926678961674,0.6618835818306413,-2.789430818903563,0.9005016722408027,1.0,0.2633016722408027,0.48267258554697035,0.7,24.571428571428573,0.0,20.0,False
env_odom_noise,0.0,0.02258863577297737,0.001838263351530691,0.12391956826157284,0.6582389735143702,-2.7373252373518087,0.9043261231281198,1.0,0.2671261231281198,0.4803692489862442,0.7,24.785714285714285,0.0,20.0,False
env_odom_noise,0.0,0.02258863577297737,0.003806358250624933,0.12407579340210578,0.6547213027926926,-2.647517102921702,0.9172185430463576,1.0,0.28001854304635765,0.5018485181033612,0.7,25.0,0.0,20.0,False
env_odom_noise,0.0,0.02258863577297737,0.00788154924594252,0.12407579298752308,0.649108733744743,-2.508338322908206,0.9258649093904449,1.0,0.28866490939044487,0.5529434651136398,0.65,24.153846153846153,0.0,20.0,False
env_odom_noise,0.0,0.02258863577297737,0.01631975090784437,0.1238666625064979,0.6366110347553705,-2.3155374971676954,0.9341463414634147,1.0,0.2969463414634147,0.6285954281687737,0.65,24.76923076923077,0.0,20.0,False
env_odom_noise,0.0,0.02258863577297737,0.03379212149580846,0.12369935318528982,0.6198865648372512,-2.0713061168673694,0.9380952380952381,1.0,0.3008952380952381,0.7314674213528634,0.6,24.833333333333332,0.0,20.0,False
env_odom_noise,0.0,0.02258863577297737,0.0699708887492028,0.12331216844209542,0.5974260842275103,-1.787935835768639,0.9400921658986175,1.0,0.30289216589861756,0.9148718416690826,0.55,25.454545454545453,0.0,20.0,False
env_odom_noise,0.0,0.02258863577297737,0.14488363132100487,0.1227205524258941,0.5762203412000456,-1.4633500173934713,0.9422222222222222,1.0,0.3050222222222222,1.1581231132149696,0.5,26.5,0.0,20.0,False
env_odom_noise,0.0,0.02258863577297737,0.3,0.12212844138899016,0.5623294174556358,-1.1182009680270708,0.9436416184971098,1.0,0.3064416184971098,1.3596305310726167,0.45,27.0,0.0,20.0,False
env_odom_noise,0.0,0.04899592973540154,0.00010000000000000009,0.12369367166611622,0.6478157442652839,-2.3304878912171816,0.9811475409836066,1.0,0.3439475409836066,0.6199071936309337,0.65,24.384615384615383,0.0,20.0,False
env_odom_noise,0.0,0.04899592973540154,0.00020706272838739032,0.1236936738542816,0.6478157617200361,-2.3258274319747407,0.9811475409836066,1.0,0.3439475409836066,0.6227032855153084,0.65,24.384615384615383,0.0,20.0,False
env_odom_noise,0.0,0.04899592973540154,0.0004287497348723022,0.12369367229222428,0.6461053541583933,-2.3171585617163415,0.9811783960720131,1.0,0.3439783960720131,0.6180394992232323,0.65,24.46153846153846,0.0,20.0,False
env_odom_noise,0.0,0.04899592973540154,0.0008877808989802905,0.12369367042890143,0.6461054014095697,-2.2983905660107085,0.9811783960720131,1.0,0.3439783960720131,0.6296867378056049,0.65,24.46153846153846,0.0,20.0,False
env_odom_noise,0.0,0.04899592973540154,0.001838263351530691,0.12369367230733265,0.6461053219352023,-2.2628039105967446,0.9811783960720131,1.0,0.3439783960720131,0.6526710242033005,0.65,24.46153846153846,0.0,20.0,False
env_odom_noise,0.0,0.04899592973540154,0.003806358250624933,0.1236774212458043,0.6423403694744219,-2.2020155026757315,0.9837133550488599,1.0,0.34651335504885994,0.6656994357705116,0.65,24.692307692307693,0.0,20.0,False
env_odom_noise,0.0,0.04899592973540154,0.00788154924594252,0.1239141536052249,0.6334962798464259,-2.101169902202092,0.9870967741935484,1.0,0.34989677419354837,0.6767862126231193,0.6,24.0,0.0,20.0,False
env_odom_noise,0.0,0.04899592973540154,0.01631975090784437,0.12391415501648138,0.6199815016585366,-1.946016370124421,0.9880573248407644,1.0,0.3508573248407644,0.7417353346943856,0.6,24.666666666666668,0.0,20.0,False
env_odom_noise,0.0,0.04899592973540154,0.03379212149580846,0.12321614932930562,0.6092731204717747,-1.7422263923988055,0.9890795631825273,1.0,0.35187956318252733,0.8555044993758202,0.55,24.545454545454547,0.0,20.0,False
env_odom_noise,0.0,0.04899592973540154,0.0699708887492028,0.12320063771768698,0.5880749277715155,-1.4846606890224538,0.9893939393939394,1.0,0.3521939393939394,1.0599624797701837,0.55,26.272727272727273,0.0,20.0,False
env_odom_noise,0.0,0.04899592973540154,0.14488363132100487,0.12229584489073338,0.5662033986346885,-1.1760149616534479,0.9897810218978103,1.0,0.35258102189781027,1.2908956542611123,0.5,27.5,0.0,20.0,False
env_odom_noise,0.0,0.04899592973540154,0.3,0.12199733393570722,0.5611886769027653,-0.8651025468301164,0.9899856938483548,1.0,0.3527856938483548,1.4828839153051376,0.45,27.77777777777778,0.0,20.0,False
env_odom_noise,0.0,0.10627472835292812,0.00010000000000000009,0.12361220199830888,0.6223066499446325,-1.7089678405821733,1.0,1.0,0.3628,0.8650836974382401,0.6,24.916666666666668,0.0,20.0,False
env_odom_noise,0.0,0.10627472835292812,0.00020706272838739032,0.1236122003893331,0.622306625354033,-1.70651342384629,1.0,1.0,0.3628,0.8671403020620346,0.6,24.916666666666668,0.0,20.0,False
env_odom_noise,0.0,0.10627472835292812,0.0004287497348723022,0.12361219913776923,0.6223066103947641,-1.701494585268376,1.0,1.0,0.3628,0.8713714137673378,0.6,24.916666666666668,0.0,20.0,False
env_odom_noise,0.0,0.10627472835292812,0.0008877808989802905,0.12361220033410482,0.6223065996833674,-1.6913622452407628,1.0,1.0,0.3628,0.8800197273492814,0.6,24.916666666666668,0.0,20.0,False
env_odom_noise,0.0,0.10627472835292812,0.001838263351530691,0.12361219878338868,0.620697781955405,-1.672105160678367,1.0,1.0,0.3628,0.8878690406680108,0.6,25.0,0.0,20.0,False
env_odom_noise,0.0,0.10627472835292812,0.003806358250624933,0.12361219941495755,0.6140783236400075,-1.636327322606693,1.0,1.0,0.3628,0.88526346758008,0.6,25.333333333333332,0.0,20.0,False
env_odom_noise,0.0,0.10627472835292812,0.00788154924594252,0.12361219722483255,0.6111550513338839,-1.568128949167377,1.0,1.0,0.3628,0.9356471098959446,0.6,25.5,0.0,20.0,False
env_odom_noise,0.0,0.10627472835292812,0.01631975090784437,0.12333993378874118,0.6049504027384563,-1.4633943169553552,1.0,1.0,0.3628,0.9785088315606117,0.55,25.0,0.0,20.0,False
env_odom_noise,0.0,0.10627472835292812,0.03379212149580846,0.12325468402383467,0.5893138875830066,-1.304381200122593,1.0,1.0,0.3628,1.0842007219791412,0.55,26.181818181818183,0.0,20.0,False
env_odom_noise,0.0,0.10627472835292812,0.0699708887492028,0.12230795703426818,0.5763162585100771,-1.093386736545517,1.0,1.0,0.3628,1.278236025571823,0.5,26.8,0.0,20.0,False
env_odom_noise,0.0,0.10627472835292812,0.14488363132100487,0.12171695762531615,0.5600538226653782,-0.8258579783203934,1.0,1.0,0.3628,1.503672055900097,0.45,27.77777777777778,0.0,20.0,False
env_odom_noise,0.0,0.10627472835292812,0.3,0.12195338057858107,0.5553375025740863,-0.5237861686156274,1.0,1.0,0.3628,1.6898834601044654,0.4,27.75,0.0,20.0,False
env_odom_noise,0.0,0.23051543153651136,0.00010000000000000009,0.12372350623241832,0.5852820879777646,-1.037458571217543,1.0,1.0,0.3628,1.289738343656063,0.55,26.545454545454547,0.0,20.0,False
env_odom_noise,0.0,0.23051543153651136,0.00020706272838739032,0.12372350769675884,0.5852821532900645,-1.036222583697642,1.0,1.0,0.3628,1.291293177008629,0.55,26.545454545454547,0.0,20.0,False
env_odom_noise,0.0,0.23051543153651136,0.0004287497348723022,0.12372350609973518,0.5852821283947173,-1.0336792161708452,1.0,1.0,0.3628,1.294501928985119,0.55,26.545454545454547,0.0,20.0,False
env_odom_noise,0.0,0.23051543153651136,0.0008877808989802905,0.12346847220633532,0.5852820949770975,-1.0291332760605092,1.0,1.0,0.3628,1.292649783194065,0.55,26.636363636363637,0.0,20.0,False
env_odom_noise,0.0,0.23051543153651136,0.001838263351530691,0.12346847181868012,0.5838928361329367,-1.0191625734244214,1.0,1.0,0.3628,1.2980145767331124,0.55,26.727272727272727,0.0,20.0,False
env_odom_noise,0.0,0.23051543153651136,0.003806358250624933,0.12291231879198253,0.5825087400574741,-1.0002839656807332,1.0,1.0,0.3628,1.300667455047369,0.55,27.0,0.0,20.0,False
env_odom_noise,0.0,0.23051543153651136,0.00788154924594252,0.12298588223569813,0.5812691622450347,-0.9627510624521631,1.0,1.0,0.3628,1.3320527799427508,0.55,27.272727272727273,0.0,20.0,False
env_odom_noise,0.0,0.23051543153651136,0.01631975090784437,0.12283205801481512,0.5736047126916375,-0.8970605345930108,1.0,1.0,0.3628,1.3800605595111848,0.55,27.90909090909091,0.0,20.0,False
env_odom_noise,0.0,0.23051543153651136,0.03379212149580846,0.12207343309075805,0.5661716781709528,-0.7877304566583865,1.0,1.0,0.3628,1.4833433330059052,0.5,27.9,0.0,20.0,False
env_odom_noise,0.0,0.23051543153651136,0.0699708887492028,0.12188342494261406,0.5539709930879269,-0.6237497730024023,1.0,1.0,0.3628,1.6671959847211837,0.45,28.555555555555557,0.0,20.0,False
env_odom_noise,0.0,0.23051543153651136,0.14488363132100487,0.12203300918478643,0.5504595051459619,-0.4104956132952776,1.0,1.0,0.3628,1.8607895240187644,0.4,29.0,0.0,20.0,False
env_odom_noise,0.0,0.23051543153651136,0.3,0.12249268073842307,0.5468901945426486,-0.14438232098516002,1.0,1.0,0.3628,2.0255204871296884,0.4,29.625,0.0,20.0,False
env_odom_noise,0.0,0.5,0.00010000000000000009,0.1220551135806915,0.5457356625785382,-0.3489993347235644,1.0,1.0,0.3628,1.9745916306972504,0.4,29.25,0.0,20.0,False
env_odom_noise,0.0,0.5,0.00020706272838739032,0.12205511419845606,0.5457356749924959,-0.34839935198510863,1.0,1.0,0.3628,1.9757816582918166,0.4,29.25,0.0,20.0,False
env_odom_noise,0.0,0.5,0.0004287497348723022,0.12205511398226518,0.5457357455923765,-0.34716066436542575,1.0,1.0,0.3628,1.9782409429550172,0.4,29.25,0.0,20.0,False
env_odom_noise,0.0,0.5,0.0008877808989802905,0.12205511475835817,0.5457356481172077,-0.34461141838373577,1.0,1.0,0.3628,1.9833213910460472,0.4,29.25,0.0,20.0,False
env_odom_noise,0.0,0.5,0.001838263351530691,0.12205511381100805,0.5457356251429191,-0.3393981517326123,1.0,1.0,0.3628,1.9937791585922242,0.4,29.25,0.0,20.0,False
env_odom_noise,0.0,0.5,0.003806358250624933,0.12205511384291542,0.542084334870345,-0.3301434337351716,1.0,1.0,0.3628,1.9958889767527581,0.4,29.625,0.0,20.0,False
env_odom_noise,0.0,0.5,0.00788154924594252,0.12205511312292165,0.5409299058006077,-0.3094682295064711,1.0,1.0,0.3628,2.033535844087601,0.4,29.75,0.0,20.0,False
env_odom_noise,0.0,0.5,0.01631975090784437,0.12209089165072635,0.5373062491543493,-0.27277619078121007,1.0,1.0,0.3628,2.078291629254818,0.4,30.625,0.0,20.0,False
env_odom_noise,0.0,0.5,0.03379212149580846,0.12248481861063835,0.5318110721281648,-0.2067330948761804,1.0,1.0,0.3628,2.1733226403594017,0.4,32.0,0.0,20.0,False
env_odom_noise,0.0,0.5,0.0699708887492028,0.12238431006255379,0.5272471763854957,-0.09258602598152584,1.0,1.0,0.3628,2.3312583327293397,0.35,31.857142857142858,0.0,20.0,False
env_odom_noise,0.0,0.5,0.14488363132100487,0.12251320839428019,0.5222579247547745,0.0735043395453237,1.0,1.0,0.3628,2.442149895429611,0.35,33.0,0.0,20.0,False
env_odom_noise,0.0,0.5,0.3,0.12251320951710443,0.5193011101031155,0.2964062971444192,1.0,1.0,0.3628,2.5213066950440406,0.35,33.42857142857143,0.0,20.0,False
env_odom_noise,0.02142857142857143,0.00010000000000000009,0.00010000000000000009,0.12506433615461873,0.7137859834184173,53.828801022836636,0.18563922942206654,0.30472854640980734,1.1468322241681261,0.3934400539845228,0.9,26.27777777777778,0.0,20.0,False
env_odom_noise,0.02142857142857143,0.00010000000000000009,0.00020706272838739032,0.12506433609893092,0.7137859791352148,48.58392287660674,0.22066549912434325,0.3423817863397548,1.074152714535902,0.39404854103922843,0.9,26.27777777777778,0.0,20.0,False
env_odom_noise,0.02142857142857143,0.00010000000000000009,0.0004287497348723022,0.12506433673891554,0.7137838510919231,45.41481878233652,0.25569176882662,0.4054290718038529,0.976079159369527,0.40284069404006007,0.9,26.27777777777778,0.0,20.0,False
env_odom_noise,0.02142857142857143,0.00010000000000000009,0.0008877808989802905,0.12506433606444287,0.7114853582797463,43.68118544544316,0.30244755244755245,0.46416083916083917,0.8705916083916083,0.4169267565011978,0.9,26.333333333333332,0.0,20.0,False
env_odom_noise,0.02142857142857143,0.00010000000000000009,0.001838263351530691,0.12474138392559089,0.7051551603245213,42.664978262946335,0.3682842287694974,0.5155979202772963,0.7533178509532062,0.41514848694205286,0.9,26.61111111111111,0.0,20.0,False
env_odom_noise,0.02142857142857143,0.00010000000000000009,0.003806358250624933,0.12480202437585244,0.6958238912082645,42.16726780689751,0.427958833619211,0.5660377358490566,0.6432034305317325,0.41301891431212423,0.85,26.235294117647058,0.0,20.0,False
env_odom_noise,0.02142857142857143,0.00010000000000000009,0.00788154924594252,0.12424213375719537,0.6882415484672934,41.821803938609605,0.4838709677419355,0.5925297113752123,0.5607993208828522,0.4514927908778191,0.8,25.8125,0.0,20.0,False
env_odom_noise,0.02142857142857143,0.00010000000000000009,0.01631975090784437,0.1240970459101879,0.6763117160479745,41.59069476970392,0.5325542570951586,0.6001669449081803,0.5044787979966611,0.5091569691896438,0.75,25.6,0.0,20.0,False
env_odom_noise,0.02142857142857143,0.00010000000000000009,0.03379212149580846,0.12388659328483108,0.6559693648865831,41.295808025291024,0.5583468395461912,0.6037277147487844,0.47512544570502435,0.5902542665600776,0.7,25.928571428571427,0.0,20.0,False
env_odom_noise,0.02142857142857143,0.00010000000000000009,0.0699708887492028,0.12377196102120643,0.6298180623436778,40.72281668696312,0.5719874804381847,0.6118935837245696,0.4533189358372457,0.7521354898810386,0.6,25.583333333333332,0.0,20.0,False
env_odom_noise,0.02142857142857143,0.00010000000000000009,0.14488363132100487,0.123163477117995,0.6094021720344571,40.1965794992796,0.5766312594840668,0.6160849772382397,0.44448376327769346,1.0190100267529487,0.5,24.9,0.0,20.0,False
env_odom_noise,0.02142857142857143,0.00010000000000000009,0.3,0.12259932635663061,0.5943100105206551,39.881769497807895,0.58,0.6192592592592593,0.43794074074074074,1.2320707872509957,0.5,26.5,0.0,20.0,False
env_odom_noise,0.02142857142857143,0.00021690521830457365,0.00010000000000000009,0.12506433615461873,0.7137859834184173,25.02066912954478,0.21978984238178634,0.3467600700525394,1.0706500875656744,0.3934400539845228,0.9,26.27777777777778,0.0,20.0,False
env_odom_noise,0.02142857142857143,0.00021690521830457365,0.00020706272838739032,0.12506433612831208,0.7137859725339353,21.643372060772975,0.24605954465849386,0.38441330998248685,1.0067271453590192,0.3942139711230993,0.9,26.27777777777778,0.0,20.0,False
env_odom_noise,0.02142857142857143,0.00021690521830457365,0.0004287497348723022,0.12506433649890036,0.7137834896886681,19.303992330332882,0.27845884413309985,0.44308231173380036,0.9156588441330997,0.4035230830311775,0.9,26.27777777777778,0.0,20.0,False
env_odom_noise,0.02142857142857143,0.00021690521830457365,0.0008877808989802905,0.12506433677801643,0.7114857980829191,17.91005359671479,0.3243006993006993,0.4982517482517482,0.8146475524475525,0.4179894983768463,0.9,26.333333333333332,0.0,20.0,False
env_odom_noise,0.02142857142857143,0.00021690521830457365,0.001838263351530691,0.12474138373696206,0.7051560640489146,17.13891860683094,0.39081455805892545,0.5467937608318891,0.6995916811091853,0.4052439175546169,0.85,25.88235294117647,0.0,20.0,False
env_odom_noise,0.02142857142857143,0.00021690521830457365,0.003806358250624933,0.12480202585773702,0.6958251154387921,16.832477903112327,0.4485420240137221,0.5969125214408233,0.5917454545454546,0.4139882676303387,0.85,26.235294117647058,0.0,20.0,False
env_odom_noise,0.02142857142857143,0.00021690521830457365,0.00788154924594252,0.12424213426865113,0.6882425591523603,16.71816505891819,0.5025466893039049,0.6230899830220713,0.5115633276740238,0.4521966874599457,0.8,25.8125,0.0,20.0,False
env_odom_noise,0.02142857142857143,0.00021690521830457365,0.01631975090784437,0.12409704597060377,0.6763126192345446,16.731442391768315,0.5509181969949917,0.6293823038397329,0.4568994991652754,0.50967460796237,0.75,25.6,0.0,20.0,False
env_odom_noise,0.02142857142857143,0.00021690521830457365,0.03379212149580846,0.1238865934382703,0.6559700809207121,16.755087170563804,0.5769854132901134,0.63290113452188,0.42731345218800654,0.5906310752034187,0.7,25.928571428571427,0.0,20.0,False
env_odom_noise,0.02142857142857143,0.00021690521830457365,0.0699708887492028,0.12377196396818362,0.6298186569654488,16.680073211363933,0.5915492957746479,0.6408450704225352,0.40480563380281687,0.7524094007909298,0.6,25.583333333333332,0.0,20.0,False
env_odom_noise,0.02142857142857143,0.00021690521830457365,0.14488363132100487,0.12316347673587821,0.6094026009744449,16.635942744282023,0.5963581183611533,0.644916540212443,0.3959253414264037,1.019176335632801,0.5,24.9,0.0,20.0,False
env_odom_noise,0.02142857142857143,0.00021690521830457365,0.3,0.12259932916284383,0.5943103288647156,16.690706840198583,0.6,0.6474074074074074,0.3897925925925926,1.2321577116847038,0.5,26.5,0.0,20.0,False
env_odom_noise,0.02142857142857143,0.00047047873727754753,0.00010000000000000009,0.12506433615461873,0.7137859834184173,10.354604677249446,0.2635726795096322,0.4220665499124343,0.9515607705779334,0.3934400539845228,0.9,26.27777777777778,0.0,20.0,False
env_odom_noise,0.02142857142857143,0.00047047873727754753,0.00020706272838739032,0.12506433586978288,0.71378588040292,8.548367965320388,0.28633975481611207,0.45796847635726795,0.89289176882662,0.39473940059542656,0.9,26.27777777777778,0.0,20.0,False
env_odom_noise,0.02142857142857143,0.00047047873727754753,0.0004287497348723022,0.12506433714223292,0.7137826996943333,7.086449426129371,0.3169877408056042,0.5087565674255692,0.8114556917688266,0.40516662523150443,0.9,26.27777777777778,0.0,20.0,False
env_odom_noise,0.02142857142857143,0.00047047873727754753,0.0008877808989802905,0.12506433742454603,0.7073235919137029,6.067331552837514,0.3588850174216028,0.5583623693379791,0.7199526132404181,0.3982558026909828,0.9,26.444444444444443,0.0,20.0,False
env_odom_noise,0.02142857142857143,0.00047047873727754753,0.001838263351530691,0.12474138461731236,0.7051578990216759,5.541833469778066,0.42114384748700173,0.6022530329289428,0.6138031195840554,0.40728486329317093,0.85,25.88235294117647,0.0,20.0,False
env_odom_noise,0.02142857142857143,0.00047047873727754753,0.003806358250624933,0.12480202317470766,0.6958277488263408,5.349950059887514,0.47598627787307035,0.6509433962264151,0.5102703259005146,0.41606912910938265,0.85,26.235294117647058,0.0,20.0,False
env_odom_noise,0.02142857142857143,0.00047047873727754753,0.00788154924594252,0.12424213240830362,0.6882446221012903,5.347334310681347,0.5314091680814941,0.6765704584040747,0.4292203735144312,0.4537158653140068,0.8,25.8125,0.0,20.0,False
env_odom_noise,0.02142857142857143,0.00047047873727754753,0.01631975090784437,0.12409704478841053,0.6746147416903495,5.460392447248077,0.5783333333333334,0.6833333333333333,0.3755333333333333,0.5022059068083763,0.75,25.666666666666668,0.0,20.0,False
env_odom_noise,0.02142857142857143,0.00047047873727754753,0.03379212149580846,0.12388659442231385,0.6559717333624044,5.640705659301037,0.6037277147487844,0.686385737439222,0.34708654781199355,0.5914474882185459,0.7,25.928571428571427,0.0,20.0,False
env_odom_noise,0.02142857142857143,0.00047047873727754753,0.0699708887492028,0.12377196134133638,0.6298198349098072,5.7913410168899695,0.6173708920187794,0.6932707355242567,0.32655837245696395,0.753002791851759,0.6,25.583333333333332,0.0,20.0,False
env_odom_noise,0.02142857142857143,0.00047047873727754753,0.14488363132100487,0.12316347704661915,0.6094035418809839,5.967133389206883,0.622154779969651,0.6965098634294385,0.3185353566009105,1.019536779820919,0.5,24.9,0.0,20.0,False
env_odom_noise,0.02142857142857143,0.00047047873727754753,0.3,0.12259932636483399,0.5943107813157654,6.190681511093175,0.6251851851851852,0.7,0.31201481481481486,1.2323460936546327,0.5,26.5,0.0,20.0,False
env_odom_noise,0.02142857142857143,0.001020492932168466,0.00010000000000000009,0.12506433614964352,0.7137859747617953,2.795681029802182,0.3274956217162872,0.531523642732049,0.7781807355516638,0.39349422715604304,0.9,26.27777777777778,0.0,20.0,False
env_odom_noise,0.02142857142857143,0.001020492932168466,0.00020706272838739032,0.12506433669994818,0.7137856028398349,2.0217426833795273,0.33887915936952717,0.5577933450087565,0.7405274956217163,0.39661155864596365,0.9,26.27777777777778,0.0,20.0,False
env_odom_noise,0.02142857142857143,0.001020492932168466,0.0004287497348723022,0.1250643374385908,0.7137814061395068,1.2781454713164555,0.36952714535901926,0.5971978984238179,0.6704749562171628,0.40949873849749563,0.9,26.27777777777778,0.0,20.0,False
env_odom_noise,0.02142857142857143,0.001020492932168466,0.0008877808989802905,0.12506433583868182,0.7073269376169319,0.6873698009636399,0.4059233449477352,0.6315331010452961,0.5997435540069687,0.40371553897857665,0.9,26.444444444444443,0.0,20.0,False
env_odom_noise,0.02142857142857143,0.001020492932168466,0.001838263351530691,0.12480202503213607,0.7036090501048075,0.35103844607643186,0.46545768566493956,0.6761658031088082,0.4955765112262522,0.3905085753649473,0.85,26.0,0.0,20.0,False
env_odom_noise,0.02142857142857143,0.001020492932168466,0.003806358250624933,0.1248020253855661,0.6958334737564084,0.2511217435470705,0.5180102915951973,0.7169811320754716,0.40220857632933105,0.42048804759979247,0.85,26.235294117647058,0.0,20.0,False
env_odom_noise,0.02142857142857143,0.001020492932168466,0.00788154924594252,0.12424213247758344,0.6882493315207716,0.30896845353643293,0.568760611205433,0.7393887945670629,0.32905059422750416,0.44576409831643105,0.75,24.933333333333334,0.0,20.0,False
env_odom_noise,0.02142857142857143,0.001020492932168466,0.01631975090784437,0.1240970460814032,0.674618964900208,0.48123218594917605,0.6141666666666666,0.7466666666666667,0.27636666666666665,0.5046217493712902,0.75,25.666666666666668,0.0,20.0,False
env_odom_noise,0.02142857142857143,0.001020492932168466,0.03379212149580846,0.12388659416055994,0.6559752740226538,0.7172002089686099,0.6385737439222042,0.7487844408427877,0.24984181523500804,0.5932133950293064,0.7,25.928571428571427,0.0,20.0,False
env_odom_noise,0.02142857142857143,0.001020492932168466,0.0699708887492028,0.12377195986953284,0.6298225075649795,0.9675299859025046,0.6517996870109546,0.7535211267605634,0.23187918622848203,0.7542883902788162,0.6,25.583333333333332,0.0,20.0,False
env_odom_noise,0.02142857142857143,0.001020492932168466,0.14488363132100487,0.12316347707837602,0.6094054670950895,1.2421174472865408,0.6562974203338392,0.7556904400606981,0.2252121396054627,1.0203179374337197,0.5,24.9,0.0,20.0,False
env_odom_noise,0.02142857142857143,0.001020492932168466,0.3,0.1225993264925818,0.5943120445399187,1.5417490572519064,0.66,0.7577777777777778,0.21942222222222219,1.2327544048428536,0.5,26.5,0.0,20.0,False
env_odom_noise,0.02142857142857143,0.0022135024223027535,0.00010000000000000009,0.12506433730807812,0.7137847730035496,-0.9202315534899668,0.4071803852889667,0.6795096322241682,0.5505099824868651,0.3983497381210327,0.9,26.27777777777778,0.0,20.0,False
env_odom_noise,0.02142857142857143,0.0022135024223027535,0.00020706272838739032,0.12506433614441942,0.7137850986802997,-1.1731501726082065,0.4203152364273205,0.6943957968476357,0.5224889667250437,0.4068517990410328,0.9,26.27777777777778,0.0,20.0,False
env_odom_noise,0.02142857142857143,0.0022135024223027535,0.0004287497348723022,0.12506433482608278,0.7092802296553337,-1.4735250720337165,0.4467713787085515,0.7120418848167539,0.4783867364746946,0.39973063990473745,0.9,26.38888888888889,0.0,20.0,False
env_odom_noise,0.02142857142857143,0.0022135024223027535,0.0008877808989802905,0.12499573328494697,0.7073395229969528,-1.7303919175871805,0.47739130434782606,0.7426086956521739,0.4172,0.41363507360219953,0.9,26.5,0.0,20.0,False
env_odom_noise,0.02142857142857143,0.0022135024223027535,0.001838263351530691,0.12480202444138239,0.7036235217157261,-1.8869593710619146,0.533678756476684,0.7823834196891192,0.32113782383419687,0.4024056240916252,0.85,26.0,0.0,20.0,False
env_odom_noise,0.02142857142857143,0.0022135024223027535,0.003806358250624933,0.12480202648565213,0.6937414656455267,-1.908162068711034,0.577054794520548,0.8116438356164384,0.24850136986301363,0.41805907860398295,0.85,26.294117647058822,0.0,20.0,False
env_odom_noise,0.02142857142857143,0.0022135024223027535,0.00788154924594252,0.1242421331641112,0.6882591576398969,-1.8065836584210324,0.6239388794567062,0.8285229202037352,0.18473820033955857,0.45270777195692063,0.75,24.933333333333334,0.0,20.0,False
env_odom_noise,0.02142857142857143,0.0022135024223027535,0.01631975090784437,0.12409704522080103,0.67462792313641,-1.6083143687859103,0.6683333333333333,0.8358333333333333,0.13303333333333334,0.5098005078732968,0.75,25.666666666666668,0.0,20.0,True
env_odom_noise,0.02142857142857143,0.0022135024223027535,0.03379212149580846,0.12388659461913434,0.6559826975384035,-1.350156971500369,0.6896272285251216,0.8371150729335495,0.12431215559157216,0.5970214597880841,0.7,25.928571428571427,0.0,20.0,True
env_odom_noise,0.02142857142857143,0.0022135024223027535,0.0699708887492028,0.12377195957267725,0.6298282999010959,-1.0590580291882603,0.7018779342723005,0.8403755868544601,0.13330234741784042,0.7570693418383598,0.6,25.583333333333332,0.0,20.0,False
env_odom_noise,0.02142857142857143,0.0022135024223027535,0.14488363132100487,0.12316347607380439,0.6094097977819353,-0.7420564879015832,0.704855842185129,0.8437025796661608,0.13295326251896822,1.0220092117786408,0.5,24.9,0.0,20.0,False
env_odom_noise,0.02142857142857143,0.0022135024223027535,0.3,0.12259932632072122,0.5943146593469831,-0.40936215389962427,0.7081481481481482,0.845925925925926,0.13402222222222226,1.2336395382881165,0.5,26.5,0.0,20.0,False
env_odom_noise,0.02142857142857143,0.004801202261272809,0.00010000000000000009,0.12452113889580116,0.7074671753336624,-2.5141700631678985,0.5484429065743944,0.8278546712802768,0.26090242214532877,0.391868357360363,0.85,25.941176470588236,0.0,20.0,False
env_odom_noise,0.02142857142857143,0.004801202261272809,0.00020706272838739032,0.12452113869294902,0.7052885290800303,-2.5742113647452833,0.5544041450777202,0.8359240069084629,0.2468718480138169,0.387058362364769,0.85,26.0,0.0,20.0,False
env_odom_noise,0.02142857142857143,0.004801202261272809,0.0004287497348723022,0.12452114040570945,0.7052925550979547,-2.646969704101749,0.57426597582038,0.8523316062176166,0.2106024179620034,0.40007667765021326,0.85,26.0,0.0,20.0,False
env_odom_noise,0.02142857142857143,0.004801202261272809,0.0008877808989802905,0.12458212745626994,0.7023651055080331,-2.710372915281593,0.5979381443298969,0.8685567010309279,0.17070515463917524,0.39023192748427393,0.85,26.176470588235293,0.0,20.0,False
env_odom_noise,0.02142857142857143,0.004801202261272809,0.001838263351530691,0.12458212681041815,0.6966494373187354,-2.7394987964437547,0.6316239316239316,0.8923076923076924,0.11326837606837603,0.39840139001607894,0.85,26.352941176470587,0.0,20.0,True
env_odom_noise,0.02142857142857143,0.004801202261272809,0.003806358250624933,0.12458212714939752,0.6909494634376857,-2.694998752397773,0.6624149659863946,0.9158163265306123,0.0589687074829931,0.4208300743252039,0.8,25.75,0.0,20.0,True
env_odom_noise,0.02142857142857143,0.004801202261272809,0.00788154924594252,0.12388579921582578,0.6850901559610468,-2.579542688796214,0.7114093959731543,0.9203020134228188,0.06290738255033557,0.4310944750905037,0.75,25.4,0.0,20.0,True
env_odom_noise,0.02142857142857143,0.004801202261272809,0.01631975090784437,0.12367516989013654,0.6695707881013003,-2.371874047370879,0.7516501650165016,0.9249174917491749,0.09853267326732673,0.4977879375219345,0.75,26.066666666666666,0.0,20.0,True
env_odom_noise,0.02142857142857143,0.004801202261272809,0.03379212149580846,0.12368105150685449,0.6531434151782677,-2.10049150912078,0.7665056360708534,0.9259259259259259,0.11237971014492754,0.6090275779366493,0.7,26.214285714285715,0.0,20.0,True
env_odom_noise,0.02142857142857143,0.004801202261272809,0.0699708887492028,0.12357059375509688,0.6299616636858493,-1.8013599744003834,0.7753510140405616,0.9274570982839313,0.11969391575663035,0.7730938456952572,0.55,24.545454545454547,0.0,20.0,False
env_odom_noise,0.02142857142857143,0.004801202261272809,0.14488363132100487,0.12307956395652375,0.6081962059901221,-1.4725782937826424,0.776355421686747,0.9299698795180723,0.11818554216867472,1.0314415991306305,0.5,25.4,0.0,20.0,False
env_odom_noise,0.02142857142857143,0.004801202261272809,0.3,0.12241257860880975,0.5902976127703718,-1.1150017520648727,0.7808823529411765,0.9316176470588236,0.12106470588235296,1.245169249176979,0.5,27.0,0.0,20.0,False
env_odom_noise,0.02142857142857143,0.010414058246057912,0.00010000000000000009,0.12439556313032815,0.6989500509744324,-2.9195564644798777,0.7,0.9418803418803419,0.029919658119658132,0.42741114236414435,0.8,25.5625,0.0,20.0,True
env_odom_noise,0.02142857142857143,0.010414058246057912,0.00020706272838739032,0.12439556326308447,0.6989512620447211,-2.9237048968120924,0.7076923076923077,0.9444444444444444,0.03504786324786335,0.4325656548142433,0.8,25.5625,0.0,20.0,True
env_odom_noise,0.02142857142857143,0.010414058246057912,0.0004287497348723022,0.12439556426705992,0.6989537201913768,-2.9271634877566433,0.7145299145299145,0.9521367521367521,0.0341931623931625,0.44271922260522845,0.8,25.5625,0.0,20.0,True
env_odom_noise,0.02142857142857143,0.010414058246057912,0.0008877808989802905,0.12439556359592281,0.6934854694930095,-2.923824041194217,0.7253401360544217,0.9634353741496599,0.051575510204081576,0.42854978069663047,0.8,25.75,0.0,20.0,True
env_odom_noise,0.02142857142857143,0.010414058246057912,0.001838263351530691,0.12429522452393504,0.689419289664825,-2.898298181044817,0.7461928934010152,0.9712351945854484,0.08022808798646364,0.430916190892458,0.8,25.9375,0.0,20.0,True
env_odom_noise,0.02142857142857143,0.010414058246057912,0.003806358250624933,0.12411520167129894,0.6861553212189758,-2.8264937441887463,0.7760067114093959,0.9773489932885906,0.11615570469798653,0.42830427810549737,0.75,25.4,0.0,20.0,True
env_odom_noise,0.02142857142857143,0.010414058246057912,0.00788154924594252,0.1237048324756462,0.6772466201183619,-2.6915868069676083,0.8181063122923588,0.9800664451827242,0.160972757475083,0.4684606358408928,0.75,25.8,0.0,20.0,False
env_odom_noise,0.02142857142857143,0.010414058246057912,0.01631975090784437,0.12365321383724302,0.6647638347212227,-2.4892319915928924,0.8445171849427169,0.9811783960720131,0.18849558101472996,0.531243997067213,0.7,25.5,0.0,20.0,False
env_odom_noise,0.02142857142857143,0.010414058246057912,0.03379212149580846,0.12350442855852685,0.6498018359588805,-2.2318823407641912,0.8557692307692307,0.9815705128205128,0.2001397435897435,0.6586080946028232,0.65,25.46153846153846,0.0,20.0,False
env_odom_noise,0.02142857142857143,0.010414058246057912,0.0699708887492028,0.12339726524921273,0.625472521273764,-1.932401590283785,0.862015503875969,0.982170542635659,0.206986046511628,0.827481209486723,0.55,24.90909090909091,0.0,20.0,False
env_odom_noise,0.02142857142857143,0.010414058246057912,0.14488363132100487,0.12265915384036646,0.6041674741640194,-1.6102020754501614,0.8639760837070254,0.9828101644245142,0.2095862481315396,1.0680561408400535,0.5,25.9,0.0,20.0,False
env_odom_noise,0.02142857142857143,0.010414058246057912,0.3,0.12206878996765552,0.5878300966827379,-1.2525348638805278,0.8671532846715329,0.9832116788321168,0.21316496350364966,1.2870289154350758,0.5,27.5,0.0,20.0,False
env_odom_noise,0.02142857142857143,0.02258863577297737,0.00010000000000000009,0.12432926753338301,0.6830254423281519,-2.748789430885902,0.845575959933222,0.9958263772954925,0.2042023372287145,0.4489136181771755,0.7,24.642857142857142,0.0,20.0,False
env_odom_noise,0.02142857142857143,0.02258863577297737,0.00020706272838739032,0.12432926679070788,0.683027153914305,-2.743969196897876,0.8480801335559266,0.9958263772954925,0.2067065108514191,0.45275517366826534,0.7,24.642857142857142,0.0,20.0,False
env_odom_noise,0.02142857142857143,0.02258863577297737,0.0004287497348723022,0.12432926700045738,0.6830305111000398,-2.733922502855696,0.8522537562604341,0.9958263772954925,0.2108801335559266,0.460504749417305,0.7,24.642857142857142,0.0,20.0,False
env_odom_noise,0.02142857142857143,0.02258863577297737,0.0008877808989802905,0.12432926596616162,0.6830374549346838,-2.7131899480367547,0.8606010016694491,0.996661101836394,0.2200621035058431,0.47579081878066065,0.7,24.642857142857142,0.0,20.0,False
env_odom_noise,0.02142857142857143,0.02258863577297737,0.001838263351530691,0.12432926697269882,0.6830522984441183,-2.671959847336916,0.8781302170283807,0.998330550918197,0.2392607679465777,0.5048977218568325,0.7,24.642857142857142,0.0,20.0,False
env_odom_noise,0.02142857142857143,0.02258863577297737,0.003806358250624933,0.12407579214889207,0.6778321147938028,-2.6003501667627407,0.8923841059602649,0.9991721854304636,0.25435629139072846,0.5055488646030426,0.7,25.0,0.0,20.0,False
env_odom_noise,0.02142857142857143,0.02258863577297737,0.00788154924594252,0.12386666675035272,0.6719638234968799,-2.4798883900150344,0.915296052631579,1.0,0.278096052631579,0.5463276915252209,0.65,24.23076923076923,0.0,20.0,False
env_odom_noise,0.02142857142857143,0.02258863577297737,0.01631975090784437,0.12410436448577475,0.6600362451398352,-2.2964138273776364,0.9318181818181818,1.0,0.2946181818181818,0.6225082397460937,0.65,24.846153846153847,0.0,20.0,False
env_odom_noise,0.02142857142857143,0.02258863577297737,0.03379212149580846,0.12358967316324145,0.6433180531933279,-2.064229374909081,0.936608557844691,1.0,0.299408557844691,0.7254513710737228,0.6,24.916666666666668,0.0,20.0,False
env_odom_noise,0.02142857142857143,0.02258863577297737,0.0699708887492028,0.12344429955330814,0.621530922694522,-1.7808234106358034,0.94,1.0,0.30279999999999996,0.922640934586525,0.55,25.363636363636363,0.0,20.0,False
env_odom_noise,0.02142857142857143,0.02258863577297737,0.14488363132100487,0.12272055364860228,0.6015083326526687,-1.466715147283054,0.9420505200594353,1.0,0.30485052005943536,1.1674899131059646,0.5,26.3,0.0,20.0,False
env_odom_noise,0.02142857142857143,0.02258863577297737,0.3,0.12212844370920327,0.5828559330521315,-1.1129719084666538,0.9437229437229437,1.0,0.30652294372294375,1.355625258386135,0.45,27.11111111111111,0.0,20.0,False
env_odom_noise,0.02142857142857143,0.04899592973540154,0.00010000000000000009,0.12369367060474212,0.6726048008677413,-2.283974079105532,0.958128078817734,1.0,0.320928078817734,0.6326276279985905,0.65,24.307692307692307,0.0,20.0,False
env_odom_noise,0.02142857142857143,0.04899592973540154,0.00020706272838739032,0.1236936704126328,0.6726066327389865,-2.280017364788186,0.958128078817734,1.0,0.320928078817734,0.6354280091822148,0.65,24.307692307692307,0.0,20.0,False
env_odom_noise,0.02142857142857143,0.04899592973540154,0.0004287497348723022,0.12369367346431315,0.6726103273385711,-2.2719722870448016,0.9605911330049262,1.0,0.32339113300492617,0.6411501824855804,0.65,24.307692307692307,0.0,20.0,False
env_odom_noise,0.02142857142857143,0.04899592973540154,0.0008877808989802905,0.12369367245502233,0.6726178542427469,-2.2559064315365984,0.9622331691297209,1.0,0.3250331691297209,0.6526964984834194,0.65,24.307692307692307,0.0,20.0,False
env_odom_noise,0.02142857142857143,0.04899592973540154,0.001838263351530691,0.123693671585826,0.6691931740764718,-2.2262711135529036,0.9680851063829787,1.0,0.33088510638297874,0.6555424183607101,0.65,24.46153846153846,0.0,20.0,False
env_odom_noise,0.02142857142857143,0.04899592973540154,0.003806358250624933,0.1236774178314055,0.6656760676018735,-2.171405375554823,0.9780130293159609,1.0,0.3408130293159609,0.6687374293804169,0.65,24.692307692307693,0.0,20.0,False
env_odom_noise,0.02142857142857143,0.04899592973540154,0.00788154924594252,0.1239141563099865,0.6589492640382789,-2.0768770245465165,0.9822294022617124,1.0,0.3450294022617124,0.6905316129326821,0.6,23.916666666666668,0.0,20.0,False
env_odom_noise,0.02142857142857143,0.04899592973540154,0.01631975090784437,0.12380301651832376,0.6433210116568823,-1.9329434028741421,0.985691573926868,1.0,0.348491573926868,0.7355828635394573,0.6,24.75,0.0,20.0,False
env_odom_noise,0.02142857142857143,0.04899592973540154,0.03379212149580846,0.12321615029298026,0.636019888601317,-1.73575466915819,0.9882629107981221,1.0,0.35106291079812213,0.8723222196102143,0.55,24.363636363636363,0.0,20.0,False
env_odom_noise,0.02142857142857143,0.04899592973540154,0.0699708887492028,0.12320063798677285,0.6117594688423221,-1.4793198390524072,0.9893939393939394,1.0,0.3521939393939394,1.0619138658046723,0.55,26.272727272727273,0.0,20.0,False
env_odom_noise,0.02142857142857143,0.04899592973540154,0.14488363132100487,0.12229584336632832,0.5894982565268606,-1.1752479184418354,0.9897660818713451,1.0,0.3525660818713451,1.2956937186419963,0.5,27.4,0.0,20.0,False
env_odom_noise,0.02142857142857143,0.04899592973540154,0.3,0.12199733484749012,0.5820471465869818,-0.8601021376920328,0.99,1.0,0.3528,1.4784469529986382,0.45,27.88888888888889,0.0,20.0,False
env_odom_noise,0.02142857142857143,0.10627472835292812,0.00010000000000000009,0.12361219876251738,0.6456337399580006,-1.6871021812971978,0.9960380348652932,1.0,0.3588380348652932,0.8671719059348106,0.6,24.916666666666668,0.0,20.0,False
env_odom_noise,0.02142857142857143,0.10627472835292812,0.00020706272838739032,0.12361219984285027,0.6456361074542821,-1.6848169887921671,0.9960380348652932,1.0,0.3588380348652932,0.8692161992192269,0.6,24.916666666666668,0.0,20.0,False
env_odom_noise,0.02142857142857143,0.10627472835292812,0.0004287497348723022,0.1236122003796561,0.6456405810808064,-1.6801387464498856,0.9960380348652932,1.0,0.3588380348652932,0.8734231233596802,0.6,24.916666666666668,0.0,20.0,False
env_odom_noise,0.02142857142857143,0.10627472835292812,0.0008877808989802905,0.12361219885087296,0.6456500501512885,-1.6706712445134475,0.9960380348652932,1.0,0.3588380348652932,0.8820232808589935,0.6,24.916666666666668,0.0,20.0,False
env_odom_noise,0.02142857142857143,0.10627472835292812,0.001838263351530691,0.12361219925007964,0.641054746099825,-1.653696182565873,0.9960567823343849,1.0,0.3588567823343849,0.8715795062482357,0.6,25.166666666666668,0.0,20.0,False
env_odom_noise,0.02142857142857143,0.10627472835292812,0.003806358250624933,0.12361219864958092,0.6393130188919826,-1.618427285953702,0.9968503937007874,1.0,0.35965039370078744,0.8965211436152458,0.6,25.25,0.0,20.0,False
env_odom_noise,0.02142857142857143,0.10627472835292812,0.00788154924594252,0.123612200445486,0.6345735236669499,-1.554115405208361,0.9992163009404389,1.0,0.3620163009404389,0.9367903746664524,0.6,25.5,0.0,20.0,False
env_odom_noise,0.02142857142857143,0.10627472835292812,0.01631975090784437,0.12333993327451839,0.6300766282632742,-1.4529341436427288,0.9992248062015504,1.0,0.3620248062015504,0.9880109012126923,0.55,24.90909090909091,0.0,20.0,False
env_odom_noise,0.02142857142857143,0.10627472835292812,0.03379212149580846,0.12325468439801435,0.614104337606485,-1.2979466233373624,1.0,1.0,0.3628,1.0922523245215416,0.55,26.09090909090909,0.0,20.0,False
env_odom_noise,0.02142857142857143,0.10627472835292812,0.0699708887492028,0.12230795677614682,0.600739844040323,-1.090444711187536,1.0,1.0,0.3628,1.283630195260048,0.5,26.7,0.0,20.0,False
env_odom_noise,0.02142857142857143,0.10627472835292812,0.14488363132100487,0.12171695612069428,0.5807748826040484,-0.8207693564860579,1.0,1.0,0.3628,1.4991282910108565,0.45,27.88888888888889,0.0,20.0,False
env_odom_noise,0.02142857142857143,0.10627472835292812,0.3,0.12195338119518705,0.5787890547631737,-0.5255472655632972,1.0,1.0,0.3628,1.6937460005283356,0.4,27.625,0.0,20.0,False
env_odom_noise,0.02142857142857143,0.23051543153651136,0.00010000000000000009,0.12372350742748418,0.6102365373812257,-1.0263479889308864,1.0,1.0,0.3628,1.2993007570505142,0.55,26.454545454545453,0.0,20.0,False
env_odom_noise,0.02142857142857143,0.23051543153651136,0.00020706272838739032,0.12372350851809108,0.6102384810475127,-1.02515587852716,1.0,1.0,0.3628,1.3008417651057242,0.55,26.454545454545453,0.0,20.0,False
env_odom_noise,0.02142857142857143,0.23051543153651136,0.0004287497348723022,0.12372350768353943,0.6102426696377431,-1.022702115161943,1.0,1.0,0.3628,1.3040228992700578,0.55,26.454545454545453,0.0,20.0,False
env_odom_noise,0.02142857142857143,0.23051543153651136,0.0008877808989802905,0.12346847306780494,0.6102512902164263,-1.0183539641758792,1.0,1.0,0.3628,1.302116160094738,0.55,26.545454545454547,0.0,20.0,False
env_odom_noise,0.02142857142857143,0.23051543153651136,0.001838263351530691,0.12346847014047872,0.6089080921948363,-1.0087727929199426,1.0,1.0,0.3628,1.307197180390358,0.55,26.636363636363637,0.0,20.0,False
env_odom_noise,0.02142857142857143,0.23051543153651136,0.003806358250624933,0.12291231638928368,0.6075060655483042,-0.9905531678703837,1.0,1.0,0.3628,1.310313531011343,0.55,26.90909090909091,0.0,20.0,False
env_odom_noise,0.02142857142857143,0.23051543153651136,0.00788154924594252,0.12298588388765601,0.6046037454452088,-0.9544508623371677,1.0,1.0,0.3628,1.3329015038907528,0.55,27.272727272727273,0.0,20.0,False
env_odom_noise,0.02142857142857143,0.23051543153651136,0.01631975090784437,0.12283205833509203,0.59855263058057,-0.8894518046314345,1.0,1.0,0.3628,1.3891234278678894,0.55,27.818181818181817,0.0,20.0,False
env_odom_noise,0.02142857142857143,0.23051543153651136,0.03379212149580846,0.1218703663554955,0.5908905590649313,-0.7839776106381218,1.0,1.0,0.3628,1.4823713675141335,0.5,27.9,0.0,20.0,False
env_odom_noise,0.02142857142857143,0.23051543153651136,0.0699708887492028,0.12188342565166224,0.576407408443932,-0.6201226262009215,1.0,1.0,0.3628,1.667095048725605,0.45,28.555555555555557,0.0,20.0,False
env_odom_noise,0.02142857142857143,0.23051543153651136,0.14488363132100487,0.1220330121596137,0.5720103768413209,-0.406082873491365,1.0,1.0,0.3628,1.8562727332115174,0.4,29.125,0.0,20.0,False
env_odom_noise,0.02142857142857143,0.23051543153651136,0.3,0.12249268083100441,0.5668983695572144,-0.13707986909836462,1.0,1.0,0.3628,2.011291702091694,0.4,30.0,0.0,20.0,False
env_odom_noise,0.02142857142857143,0.5,0.00010000000000000009,0.12205511473146251,0.5690653908097626,-0.34429377880648476,1.0,1.0,0.3628,1.9684068500995635,0.4,29.375,0.0,20.0,False
env_odom_noise,0.02142857142857143,0.5,0.00020706272838739032,0.12205511189324862,0.5690671724803849,-0.34370077577886443,1.0,1.0,0.3628,1.9695995345711708,0.4,29.375,0.0,20.0,False
env_odom_noise,0.02142857142857143,0.5,0.0004287497348723022,0.12205511179302672,0.5690709340808414,-0.3424764268012728,1.0,1.0,0.3628,1.9720658227801322,0.4,29.375,0.0,20.0,False
env_odom_noise,0.02142857142857143,0.5,0.0008877808989802905,0.12205511513745484,0.5690784562417579,-0.33995646769318477,1.0,1.0,0.3628,1.977157859504223,0.4,29.375,0.0,20.0,False
env_odom_noise,0.02142857142857143,0.5,0.001838263351530691,0.12205511309793483,0.5690939390112157,-0.33480208056455574,1.0,1.0,0.3628,1.9876416206359864,0.4,29.375,0.0,20.0,False
env_odom_noise,0.02142857142857143,0.5,0.003806358250624933,0.12205511228541402,0.5665148066499618,-0.32521966248418377,1.0,1.0,0.3628,1.9961279511451722,0.4,29.625,0.0,20.0,False
env_odom_noise,0.02142857142857143,0.5,0.00788154924594252,0.12205511258653946,0.5640267026700275,-0.3052343723799713,1.0,1.0,0.3628,2.027310797572136,0.4,29.875,0.0,20.0,False
env_odom_noise,0.02142857142857143,0.5,0.01631975090784437,0.12209089291022511,0.5615152417865905,-0.2686000786382702,1.0,1.0,0.3628,2.0784092515707018,0.4,30.625,0.0,20.0,False
env_odom_noise,0.02142857142857143,0.5,0.03379212149580846,0.12248482078674701,0.5543700769112007,-0.20208009140962835,1.0,1.0,0.3628,2.164710934460163,0.4,32.25,0.0,20.0,False
env_odom_noise,0.02142857142857143,0.5,0.0699708887492028,0.12238430930447992,0.549572344739624,-0.0861735563453433,1.0,1.0,0.3628,2.3141101635992527,0.35,32.42857142857143,0.0,20.0,False
env_odom_noise,0.02142857142857143,0.5,0.14488363132100487,0.12251320752006703,0.5462730652531109,0.07952881147490737,1.0,1.0,0.3628,2.4256461285054685,0.3,32.5,0.0,20.0,False
env_odom_noise,0.02142857142857143,0.5,0.3,0.12251321020644759,0.5425493056961767,0.30439135343191565,1.0,1.0,0.3628,2.5003876492381094,0.3,33.166666666666664,0.0,20.0,False
env_odom_noise,0.04285714285714286,0.00010000000000000009,0.00010000000000000009,0.12499573479285954,0.7757184397253114,68.20448177304428,0.1520979020979021,0.2526223776223776,1.2324797202797204,0.4052760757505894,0.9,26.333333333333332,0.0,20.0,False
env_odom_noise,0.04285714285714286,0.00010000000000000009,0.00020706272838739032,0.12499573434472885,0.7757186195440422,56.453381201857916,0.16783216783216784,0.2867132867132867,1.1826545454545454,0.40587464943528173,0.9,26.333333333333332,0.0,20.0,False
env_odom_noise,0.04285714285714286,0.00010000000000000009,0.0004287497348723022,0.12499573430381113,0.7757190768185611,49.50163647747266,0.20454545454545456,0.3339160839160839,1.0987384615384617,0.4143939234316349,0.9,26.333333333333332,0.0,20.0,False
env_odom_noise,0.04285714285714286,0.00010000000000000009,0.0008877808989802905,0.1249957346417991,0.774415917353641,45.743121806996584,0.24520069808027922,0.39965095986038396,0.9923483420593368,0.430579612031579,0.9,26.38888888888889,0.0,20.0,False
env_odom_noise,0.04285714285714286,0.00010000000000000009,0.001838263351530691,0.12480202547745427,0.7675331341523408,43.755124602272105,0.29411764705882354,0.4610726643598616,0.8820096885813149,0.4046742670238018,0.85,25.941176470588236,0.0,20.0,False
env_odom_noise,0.04285714285714286,0.00010000000000000009,0.003806358250624933,0.124802025120635,0.7589723436649359,42.661183051715746,0.3670668953687822,0.532590051457976,0.7375430531732419,0.42571466371882705,0.85,26.235294117647058,0.0,20.0,False
env_odom_noise,0.04285714285714286,0.00010000000000000009,0.00788154924594252,0.12424213410377395,0.7495708776499952,41.98626133129001,0.43050847457627117,0.5745762711864407,0.6321152542372881,0.44089023265987637,0.75,25.0,0.0,20.0,False
env_odom_noise,0.04285714285714286,0.00010000000000000009,0.01631975090784437,0.12409704520640215,0.7395546912454252,41.708490718392305,0.503338898163606,0.5934891485809682,0.5403719532554258,0.5206655189394951,0.75,25.6,0.0,20.0,False
env_odom_noise,0.04285714285714286,0.00010000000000000009,0.03379212149580846,0.12388659406209218,0.7191342439786493,41.35141998077484,0.5437601296596435,0.6012965964343598,0.49214327390599666,0.6001171216368675,0.7,25.928571428571427,0.0,20.0,False
env_odom_noise,0.04285714285714286,0.00010000000000000009,0.0699708887492028,0.12377196150144905,0.6919475249567012,40.75006744417991,0.5657276995305164,0.6118935837245696,0.459578716744914,0.7581379614770413,0.6,25.583333333333332,0.0,20.0,False
env_odom_noise,0.04285714285714286,0.00010000000000000009,0.14488363132100487,0.12323102608049562,0.6752441375000817,40.412936599671795,0.5721884498480243,0.6139817629179332,0.4510297872340425,1.0248342059552669,0.5,24.8,0.0,20.0,False
env_odom_noise,0.04285714285714286,0.00010000000000000009,0.3,0.1225993267934657,0.6559906640206139,39.83148385783436,0.5806213017751479,0.6198224852071006,0.43675621301775147,1.2316056594252587,0.5,26.6,0.0,20.0,False
env_odom_noise,0.04285714285714286,0.00021690521830457365,0.00010000000000000009,0.12499573479285954,0.7757184397253114,36.587913265743175,0.17482517482517482,0.29545454545454547,1.1669202797202796,0.4052760757505894,0.9,26.333333333333332,0.0,20.0,False
env_odom_noise,0.04285714285714286,0.00021690521830457365,0.00020706272838739032,0.12499573474607922,0.7757186900185843,28.51360550364199,0.19230769230769232,0.32255244755244755,1.12233986013986,0.4060348689556122,0.9,26.333333333333332,0.0,20.0,False
env_odom_noise,0.04285714285714286,0.00021690521830457365,0.0004287497348723022,0.1249957341309197,0.7757188870211714,23.07996032123097,0.229020979020979,0.3706293706293706,1.0375496503496504,0.41504966244101527,0.9,26.333333333333332,0.0,20.0,False
env_odom_noise,0.04285714285714286,0.00021690521830457365,0.0008877808989802905,0.12499573412101468,0.7744185806457121,19.881977121234844,0.2670157068062827,0.4363001745200698,0.9338841186736475,0.4313817426562309,0.9,26.38888888888889,0.0,20.0,False
env_odom_noise,0.04285714285714286,0.00021690521830457365,0.001838263351530691,0.12480202503856058,0.7675367160344657,18.15948039223219,0.3140138408304498,0.4930795847750865,0.8301065743944637,0.40559341162443163,0.85,25.941176470588236,0.0,20.0,False
env_odom_noise,0.04285714285714286,0.00021690521830457365,0.003806358250624933,0.12480202423855949,0.7589773663959304,17.321237254270716,0.38593481989708406,0.5626072041166381,0.6886579759862779,0.4266141508705914,0.85,26.235294117647058,0.0,20.0,False
env_odom_noise,0.04285714285714286,0.00021690521830457365,0.00788154924594252,0.12424213308567304,0.7495745931154003,16.923950052145365,0.4491525423728814,0.6042372881355932,0.5838101694915254,0.4415816005319357,0.75,25.0,0.0,20.0,False
env_odom_noise,0.04285714285714286,0.00021690521830457365,0.01631975090784437,0.12409704638006278,0.7395577533297751,16.84894864628136,0.5217028380634391,0.6227045075125208,0.4927926544240401,0.52116943821311,0.75,25.6,0.0,20.0,False
env_odom_noise,0.04285714285714286,0.00021690521830457365,0.03379212149580846,0.12388659283082996,0.7191364081996069,16.810632945582228,0.5623987034035657,0.6304700162074555,0.44433128038897884,0.6004852250218391,0.7,25.928571428571427,0.0,20.0,False
env_odom_noise,0.04285714285714286,0.00021690521830457365,0.0699708887492028,0.12377196267660107,0.6919492392155028,16.707306962926157,0.5852895148669797,0.6408450704225352,0.4110654147104851,0.7584089986979962,0.6,25.583333333333332,0.0,20.0,False
env_odom_noise,0.04285714285714286,0.00021690521830457365,0.14488363132100487,0.12323102303233799,0.6752454630107955,16.732937177123116,0.5919452887537994,0.6428571428571429,0.4023975683890577,1.024999475479126,0.5,24.8,0.0,20.0,False
env_odom_noise,0.04285714285714286,0.00021690521830457365,0.3,0.12259932770403315,0.6559914833721974,16.674725888923824,0.6005917159763313,0.6479289940828402,0.38867928994082845,1.2316923141479492,0.5,26.6,0.0,20.0,False
env_odom_noise,0.04285714285714286,0.00047047873727754753,0.00010000000000000009,0.12499573479285954,0.7757184397253114,18.689930837565317,0.2194055944055944,0.36713286713286714,1.0506615384615383,0.4052760757505894,0.9,26.333333333333332,0.0,20.0,False
env_odom_noise,0.04285714285714286,0.00047047873727754753,0.00020706272838739032,0.12499573457441066,0.7757186623271662,14.0433073072118,0.23251748251748253,0.395979020979021,1.0087034965034967,0.40654203444719317,0.9,26.333333333333332,0.0,20.0,False
env_odom_noise,0.04285714285714286,0.00047047873727754753,0.0004287497348723022,0.12499573531423375,0.7757187006274949,10.368435940858044,0.26048951048951047,0.4405594405594406,0.936151048951049,0.41661184579133986,0.9,26.333333333333332,0.0,20.0,False
env_odom_noise,0.04285714285714286,0.00047047873727754753,0.0008877808989802905,0.12499573462812433,0.7744241679065431,7.920729370313487,0.29668411867364747,0.4956369982547993,0.8448788830715532,0.4330931011587381,0.9,26.38888888888889,0.0,20.0,False
env_odom_noise,0.04285714285714286,0.00047047873727754753,0.001838263351530691,0.12480202528621576,0.7675444466648764,6.49881759219012,0.34429065743944637,0.5493079584775087,0.7436013840830449,0.407564390450716,0.85,25.941176470588236,0.0,20.0,False
env_odom_noise,0.04285714285714286,0.00047047873727754753,0.003806358250624933,0.12480202257480397,0.7589881850267265,5.82808315842618,0.41509433962264153,0.6166380789022299,0.6054675814751286,0.4285768885165453,0.85,26.235294117647058,0.0,20.0,False
env_odom_noise,0.04285714285714286,0.00047047873727754753,0.00788154924594252,0.12424213291160188,0.7481328510787795,5.556899092602223,0.4796954314720812,0.6607445008460237,0.4967600676818951,0.4328581033274531,0.75,25.066666666666666,0.0,20.0,False
env_odom_noise,0.04285714285714286,0.00047047873727754753,0.01631975090784437,0.12409704593284794,0.7395639237767808,5.589306688022508,0.5484140233722872,0.676126878130217,0.4126590984974958,0.5222600519657135,0.75,25.6,0.0,20.0,False
env_odom_noise,0.04285714285714286,0.00047047873727754753,0.03379212149580846,0.12388659391343296,0.7191413885743184,5.696110314475126,0.5891410048622366,0.6839546191247974,0.36410437601296597,0.6012826845049858,0.7,25.928571428571427,0.0,20.0,False
env_odom_noise,0.04285714285714286,0.00047047873727754753,0.0699708887492028,0.12377196056754554,0.6919530524849257,5.818540333374777,0.6111111111111112,0.6932707355242567,0.33281815336463216,0.758997056633234,0.6,25.583333333333332,0.0,20.0,False
env_odom_noise,0.04285714285714286,0.00047047873727754753,0.14488363132100487,0.12323102340461663,0.6752481567597745,6.0100201570648135,0.6177811550151976,0.6945288753799392,0.32488996960486316,1.0253585897386075,0.5,24.8,0.0,20.0,False
env_odom_noise,0.04285714285714286,0.00047047873727754753,0.3,0.12259932764194455,0.6559930119860966,6.190231846028046,0.6257396449704142,0.7004437869822485,0.31101656804733724,1.2318801075220107,0.5,26.6,0.0,20.0,False
env_odom_noise,0.04285714285714286,0.001020492932168466,0.00010000000000000009,0.12499573479285954,0.7757184288684659,8.113313683241133,0.2736013986013986,0.4624125874125874,0.901186013986014,0.4053298018872738,0.9,26.333333333333332,0.0,20.0,False
env_odom_noise,0.04285714285714286,0.001020492932168466,0.00020706272838739032,0.1249957346537122,0.7757188592716092,5.9530956516887645,0.28846153846153844,0.48863636363636365,0.8601020979020979,0.4083565026521683,0.9,26.333333333333332,0.0,20.0,False
env_odom_noise,0.04285714285714286,0.001020492932168466,0.0004287497348723022,0.12499573511862244,0.7757211865510683,3.8873357513264435,0.3155594405594406,0.5253496503496503,0.7962909090909092,0.42068038061261176,0.9,26.333333333333332,0.0,20.0,False
env_odom_noise,0.04285714285714286,0.001020492932168466,0.0008877808989802905,0.12499573452483291,0.774440936184077,2.2782056483912183,0.3472949389179756,0.5732984293193717,0.7166066317626527,0.43728495920076965,0.9,26.38888888888889,0.0,20.0,False
env_odom_noise,0.04285714285714286,0.001020492932168466,0.001838263351530691,0.12480202507251165,0.7675694043698241,1.2236367109422241,0.39186851211072665,0.6254325259515571,0.6198989619377162,0.4127560224384069,0.85,25.941176470588236,0.0,20.0,False
env_odom_noise,0.04285714285714286,0.001020492932168466,0.003806358250624933,0.12480202415046035,0.7590109246626763,0.7084286929573221,0.4562607204116638,0.6843910806174958,0.4965481989708404,0.4328137795440853,0.85,26.235294117647058,0.0,20.0,False
env_odom_noise,0.04285714285714286,0.001020492932168466,0.00788154924594252,0.12424213483087031,0.7481500946116975,0.5302859152499759,0.5203045685279187,0.7258883248730964,0.39100710659898485,0.43606540057808163,0.75,25.066666666666666,0.0,20.0,False
env_odom_noise,0.04285714285714286,0.001020492932168466,0.01631975090784437,0.12388422754568913,0.7395775281117384,0.5912368168289167,0.585,0.74,0.31220000000000003,0.516674755513668,0.75,25.666666666666668,0.0,20.0,False
env_odom_noise,0.04285714285714286,0.001020492932168466,0.03379212149580846,0.12388659516259458,0.7191522201741041,0.7723029117431187,0.6239870340356564,0.7463533225283631,0.26685964343598056,0.6030082404613495,0.7,25.928571428571427,0.0,20.0,False
env_odom_noise,0.04285714285714286,0.001020492932168466,0.0699708887492028,0.12377196208984252,0.69196100656905,0.9946545579673526,0.6455399061032864,0.7535211267605634,0.23813896713615024,0.7602706961333752,0.6,25.583333333333332,0.0,20.0,False
env_odom_noise,0.04285714285714286,0.001020492932168466,0.14488363132100487,0.12323102605650846,0.6752541998612994,1.2609729134542604,0.6519756838905775,0.7537993920972644,0.23142492401215808,1.0261370919644832,0.5,24.8,0.0,20.0,False
env_odom_noise,0.04285714285714286,0.001020492932168466,0.3,0.12259932838253203,0.6559966541807206,1.5481725557311847,0.6605029585798816,0.7581360946745562,0.21856094674556215,1.2322874918580056,0.5,26.6,0.0,20.0,False
env_odom_noise,0.04285714285714286,0.0022135024223027535,0.00010000000000000009,0.12499573438296589,0.7757197677661349,2.1070734359436822,0.3522727272727273,0.6092657342657343,0.6756615384615384,0.4099715806543827,0.9,26.333333333333332,0.0,20.0,False
env_odom_noise,0.04285714285714286,0.0022135024223027535,0.00020706272838739032,0.12499573416223678,0.7757308426679381,1.317137389843874,0.36451048951048953,0.6241258741258742,0.6485636363636362,0.4180202715098858,0.9,26.333333333333332,0.0,20.0,False
env_odom_noise,0.04285714285714286,0.0022135024223027535,0.0004287497348723022,0.12499573305918268,0.77575878028454,0.3919115264013194,0.38461538461538464,0.6494755244755245,0.6031090909090908,0.43322652131319045,0.9,26.333333333333332,0.0,20.0,False
env_odom_noise,0.04285714285714286,0.0022135024223027535,0.0008877808989802905,0.12499573560348683,0.7722489712267786,-0.47865927338776526,0.4137630662020906,0.686411149825784,0.5370257839721254,0.43766909278929234,0.9,26.444444444444443,0.0,20.0,False
env_odom_noise,0.04285714285714286,0.0022135024223027535,0.001838263351530691,0.12480202435266986,0.765909207172644,-1.1372644668610437,0.46027633851468047,0.7305699481865285,0.446353713298791,0.4131065387278795,0.85,26.0,0.0,20.0,False
env_odom_noise,0.04285714285714286,0.0022135024223027535,0.003806358250624933,0.12480202533123912,0.754787307132474,-1.491642181847201,0.5188034188034188,0.7854700854700855,0.3329264957264957,0.4193216457031667,0.85,26.352941176470587,0.0,20.0,False
env_odom_noise,0.04285714285714286,0.0022135024223027535,0.00788154924594252,0.12424213356316349,0.7481866742193146,-1.5884433000222538,0.5736040609137056,0.8155668358714044,0.2480291032148899,0.44287454672157767,0.75,25.066666666666666,0.0,20.0,False
env_odom_noise,0.04285714285714286,0.0022135024223027535,0.01631975090784437,0.1238842278104372,0.7375153597255572,-1.503766106422754,0.6389351081530782,0.8286189683860233,0.16964592346089846,0.5109253272414207,0.75,25.733333333333334,0.0,20.0,False
env_odom_noise,0.04285714285714286,0.0022135024223027535,0.03379212149580846,0.12388659478773303,0.7191754673005905,-1.2956915352840441,0.6758508914100486,0.8346839546191248,0.12666515397082656,0.6067298978567124,0.7,25.928571428571427,0.0,20.0,True
env_odom_noise,0.04285714285714286,0.0022135024223027535,0.0699708887492028,0.12377196250935418,0.6919783934338354,-1.0320936944643917,0.6956181533646323,0.8403755868544601,0.1270425665101722,0.7630261085927487,0.6,25.583333333333332,0.0,20.0,False
env_odom_noise,0.04285714285714286,0.0022135024223027535,0.14488363132100487,0.12323102527998589,0.6752672604438893,-0.7333825893685979,0.7006079027355623,0.8427051671732523,0.12970273556231005,1.0278226666152477,0.5,24.8,0.0,20.0,False
env_odom_noise,0.04285714285714286,0.0022135024223027535,0.3,0.12259932733136066,0.6560044295557385,-0.4000609170755501,0.7085798816568047,0.8461538461538461,0.13422603550295864,1.233169424533844,0.5,26.6,0.0,20.0,False
env_odom_noise,0.04285714285714286,0.004801202261272809,0.00010000000000000009,0.12452113917478395,0.7714985085841835,-0.8985689301513846,0.47923875432525953,0.7603806228373703,0.39758062283737017,0.40671538943424823,0.85,25.941176470588236,0.0,20.0,False
env_odom_noise,0.04285714285714286,0.004801202261272809,0.00020706272838739032,0.12452113802045651,0.7691349085419493,-1.1350614527957286,0.48272884283246975,0.7711571675302246,0.3833139896373057,0.40077270176261665,0.85,26.0,0.0,20.0,False
env_odom_noise,0.04285714285714286,0.004801202261272809,0.0004287497348723022,0.12452113940174199,0.7691598245667833,-1.4581605852133344,0.4991364421416235,0.7884283246977547,0.3496352331606218,0.41256099846214056,0.85,26.0,0.0,20.0,False
env_odom_noise,0.04285714285714286,0.004801202261272809,0.0008877808989802905,0.1245821265765765,0.7591705217322616,-1.8366340027308505,0.5222222222222223,0.8111111111111111,0.3038666666666666,0.3701913174241781,0.85,26.352941176470587,0.0,20.0,False
env_odom_noise,0.04285714285714286,0.004801202261272809,0.001838263351530691,0.12458212557546204,0.7578154502382038,-2.1501202362026337,0.5614334470989761,0.8481228668941979,0.22764368600682594,0.40516807287931444,0.85,26.41176470588235,0.0,20.0,False
env_odom_noise,0.04285714285714286,0.004801202261272809,0.003806358250624933,0.1245821250633819,0.7520500523663721,-2.336503418227326,0.6086587436332768,0.8904923599320883,0.13804889643463492,0.42090304419398306,0.8,25.8125,0.0,20.0,True
env_odom_noise,0.04285714285714286,0.004801202261272809,0.00788154924594252,0.1238858005112671,0.7486333710551564,-2.376710305040837,0.6635906040268457,0.9093959731543624,0.06421342281879194,0.44258058704435826,0.75,25.4,0.0,20.0,True
env_odom_noise,0.04285714285714286,0.004801202261272809,0.01631975090784437,0.12367516948660402,0.7306914188620779,-2.2654137098418707,0.7257001647446458,0.9184514003294892,0.07904876441515662,0.5007914297282696,0.75,26.133333333333333,0.0,20.0,True
env_odom_noise,0.04285714285714286,0.004801202261272809,0.03379212149580846,0.12368105102504023,0.7177509287101439,-2.049035371348351,0.7540322580645161,0.9233870967741935,0.10244516129032266,0.6253639206290245,0.7,26.142857142857142,0.0,20.0,True
env_odom_noise,0.04285714285714286,0.004801202261272809,0.0699708887492028,0.12340872377155163,0.6924064697107694,-1.7793241032506946,0.7686915887850467,0.927570093457944,0.11292149532710283,0.7724715411663056,0.55,24.636363636363637,0.0,20.0,False
env_odom_noise,0.04285714285714286,0.004801202261272809,0.14488363132100487,0.12307956149317512,0.672115966018358,-1.4616883026128913,0.7737556561085973,0.9298642533936652,0.11569140271493217,1.0399315655231476,0.5,25.3,0.0,20.0,False
env_odom_noise,0.04285714285714286,0.004801202261272809,0.3,0.12241257735718072,0.654899206988235,-1.1120776738156086,0.780559646539028,0.9315169366715759,0.12084270986745216,1.2531503394246102,0.5,26.9,0.0,20.0,False
env_odom_noise,0.04285714285714286,0.010414058246057912,0.00010000000000000009,0.12439556148960741,0.7569770788479475,-2.1250214082932932,0.6284013605442177,0.8928571428571429,0.11594149659863939,0.4169621504843235,0.8,25.75,0.0,20.0,True
env_odom_noise,0.04285714285714286,0.010414058246057912,0.00020706272838739032,0.12439556406223591,0.7569856202734337,-2.1759796664628714,0.6335034013605442,0.8962585034013606,0.10743809523809522,0.42091666124761107,0.8,25.75,0.0,20.0,True
env_odom_noise,0.04285714285714286,0.010414058246057912,0.0004287497348723022,0.12439556198923399,0.7570029807160006,-2.2578671467092737,0.6462585034013606,0.9056122448979592,0.08532925170068018,0.42872856855392455,0.8,25.75,0.0,20.0,True
env_odom_noise,0.04285714285714286,0.010414058246057912,0.0008877808989802905,0.12429522464886036,0.7547678019243446,-2.3726461073592273,0.6601694915254237,0.9245762711864407,0.052454237288135586,0.4214227819815278,0.8,25.875,0.0,20.0,True
env_odom_noise,0.04285714285714286,0.010414058246057912,0.001838263351530691,0.1242952256660556,0.7531173917159711,-2.4791345300583756,0.6869712351945855,0.9424703891708968,0.016300846023688753,0.4413855344057083,0.8,25.9375,0.0,20.0,True
env_odom_noise,0.04285714285714286,0.010414058246057912,0.003806358250624933,0.1241152027581358,0.7489789804610482,-2.5461720621744672,0.7206375838926175,0.9614093959731543,0.0448469798657718,0.43873592019081115,0.75,25.4,0.0,20.0,True
env_odom_noise,0.04285714285714286,0.010414058246057912,0.00788154924594252,0.1237048315484387,0.7401139057543146,-2.520606424023305,0.771594684385382,0.9692691029900332,0.10366378737541526,0.4785973891615868,0.75,25.8,0.0,20.0,True
env_odom_noise,0.04285714285714286,0.010414058246057912,0.01631975090784437,0.12365321320264128,0.7294810099020949,-2.3953017010134965,0.8180327868852459,0.9778688524590164,0.1587016393442624,0.5495624013245106,0.7,25.428571428571427,0.0,20.0,False
env_odom_noise,0.04285714285714286,0.010414058246057912,0.03379212149580846,0.1235044281680378,0.7126192320903582,-2.18339023764897,0.8461538461538461,0.9791666666666666,0.1881205128205128,0.6638212092220783,0.65,25.46153846153846,0.0,20.0,False
env_odom_noise,0.04285714285714286,0.010414058246057912,0.0699708887492028,0.12323649896833229,0.6879300691634213,-1.9110591610720633,0.8560371517027864,0.9821981424148607,0.2010352941176471,0.8245126970112324,0.55,25.0,0.0,20.0,False
env_odom_noise,0.04285714285714286,0.010414058246057912,0.14488363132100487,0.122659154044425,0.6667628299262669,-1.5979704815709121,0.8617339312406577,0.9828101644245142,0.20734409566517187,1.0712561316788196,0.5,25.9,0.0,20.0,False
env_odom_noise,0.04285714285714286,0.010414058246057912,0.3,0.1220687894277322,0.6483871095770107,-1.2381004917135492,0.8675400291120815,0.9832605531295487,0.21360058224163025,1.2822722159326077,0.5,27.7,0.0,20.0,False
env_odom_noise,0.04285714285714286,0.02258863577297737,0.00010000000000000009,0.12432926576592551,0.7501703295242631,-2.366595079064345,0.7747068676716918,0.966499162479062,0.10400603015075383,0.4815242003649473,0.7,24.5,0.0,20.0,True
env_odom_noise,0.04285714285714286,0.02258863577297737,0.00020706272838739032,0.12432926568206391,0.7501770258839915,-2.3731098116533,0.7788944723618091,0.9681742043551089,0.10986867671691802,0.4852032080292702,0.7,24.5,0.0,20.0,True
env_odom_noise,0.04285714285714286,0.02258863577297737,0.0004287497348723022,0.12432926641392678,0.750190865005963,-2.384073665316481,0.7864321608040201,0.9698492462311558,0.11908140703517589,0.49263386353850364,0.7,24.5,0.0,20.0,True
env_odom_noise,0.04285714285714286,0.02258863577297737,0.0008877808989802905,0.12432926578058319,0.7483427270789664,-2.399568065456163,0.7993311036789298,0.9732441471571907,0.13537525083612045,0.49675014466047285,0.7,24.571428571428573,0.0,20.0,True
env_odom_noise,0.04285714285714286,0.02258863577297737,0.001838263351530691,0.12448462057114598,0.7453331251695421,-2.4109236164901002,0.8128119800332779,0.9825291181364393,0.15814109816971722,0.49520995528437195,0.7,24.785714285714285,0.0,20.0,False
env_odom_noise,0.04285714285714286,0.02258863577297737,0.003806358250624933,0.12448462097248515,0.7410407440649796,-2.4015346597180613,0.8341625207296849,0.9892205638474295,0.1861830845771144,0.5242705326527357,0.7,24.928571428571427,0.0,20.0,False
env_odom_noise,0.04285714285714286,0.02258863577297737,0.00788154924594252,0.12386666570876238,0.7376544642863607,-2.3445741357783105,0.8756177924217463,0.9925864909390445,0.23100428336079082,0.5678607299923897,0.65,24.153846153846153,0.0,20.0,False
env_odom_noise,0.04285714285714286,0.02258863577297737,0.01631975090784437,0.12410436309038633,0.7222521107876453,-2.2120282767020845,0.9116693679092382,0.9975688816855753,0.2720382495948136,0.6255022406578064,0.65,24.923076923076923,0.0,20.0,False
env_odom_noise,0.04285714285714286,0.02258863577297737,0.03379212149580846,0.12358967514905018,0.7070069363408559,-2.0195270568397503,0.9263074484944532,0.9984152139461173,0.28752266244057056,0.7306059829890728,0.6,24.916666666666668,0.0,20.0,False
env_odom_noise,0.04285714285714286,0.02258863577297737,0.0699708887492028,0.12331216810331093,0.6819975609712469,-1.7593483979002378,0.9364471669218989,1.0,0.2992471669218989,0.9008173443377018,0.55,25.636363636363637,0.0,20.0,False
env_odom_noise,0.04285714285714286,0.02258863577297737,0.14488363132100487,0.12272055172241161,0.6649082033424679,-1.453960335484216,0.9398216939078752,1.0,0.3026216939078752,1.1716081656515598,0.5,26.3,0.0,20.0,False
env_odom_noise,0.04285714285714286,0.02258863577297737,0.3,0.12212844040527947,0.64517319052479,-1.1026629962353889,0.9438040345821326,1.0,0.3066040345821326,1.354964403808117,0.45,27.22222222222222,0.0,20.0,False
env_odom_noise,0.04285714285714286,0.04899592973540154,0.00010000000000000009,0.12409841925750195,0.7356157788278241,-2.1006506028998375,0.9080459770114943,0.9901477832512315,0.2609937602627258,0.6441074751317502,0.65,24.307692307692307,0.0,20.0,False
env_odom_noise,0.04285714285714286,0.04899592973540154,0.00020706272838739032,0.12409841772802434,0.7356214830641664,-2.0993016365721857,0.909688013136289,0.9917898193760263,0.2642778325123153,0.6467912793159485,0.65,24.307692307692307,0.0,20.0,False
env_odom_noise,0.04285714285714286,0.04899592973540154,0.0004287497348723022,0.12409841815050875,0.7356330912859943,-2.0963603015584336,0.9105090311986864,0.9917898193760263,0.2650988505747127,0.6522827319800854,0.65,24.307692307692307,0.0,20.0,False
env_odom_noise,0.04285714285714286,0.04899592973540154,0.0008877808989802905,0.12409841917703182,0.7343005155598099,-2.089635464137012,0.9188524590163935,0.9918032786885246,0.27345573770491804,0.655203352868557,0.65,24.384615384615383,0.0,20.0,False
env_odom_noise,0.04285714285714286,0.04899592973540154,0.001838263351530691,0.12369367019764504,0.7343558098043246,-2.076069835846393,0.9247135842880524,0.9918166939443536,0.27933027823240597,0.6666214995086193,0.65,24.46153846153846,0.0,20.0,False
env_odom_noise,0.04285714285714286,0.04899592973540154,0.003806358250624933,0.12367741778437932,0.7301617376853835,-2.0469094604341156,0.9413680781758957,0.993485342019544,0.2976534201954397,0.6778810650110245,0.65,24.692307692307693,0.0,20.0,False
env_odom_noise,0.04285714285714286,0.04899592973540154,0.00788154924594252,0.12391415343549872,0.7251566913463865,-1.982111643092067,0.9555016181229773,0.9951456310679612,0.31344724919093847,0.7082600280642509,0.6,23.833333333333332,0.0,20.0,False
env_odom_noise,0.04285714285714286,0.04899592973540154,0.01631975090784437,0.123803018628009,0.7115003093577229,-1.8672485469428917,0.9736842105263158,0.9984051036682615,0.33488931419457735,0.7644360974431038,0.6,24.583333333333332,0.0,20.0,False
env_odom_noise,0.04285714285714286,0.04899592973540154,0.03379212149580846,0.12321614833650693,0.7003425167058744,-1.6959999249333821,0.9780907668231612,0.9984350547730829,0.33932582159624414,0.8787344783544541,0.55,24.363636363636363,0.0,20.0,False
env_odom_noise,0.04285714285714286,0.04899592973540154,0.0699708887492028,0.1232006373466931,0.675661314227728,-1.4570694820322054,0.9871212121212121,1.0,0.3499212121212121,1.065967294573784,0.55,26.272727272727273,0.0,20.0,False
env_odom_noise,0.04285714285714286,0.04899592973540154,0.14488363132100487,0.12229584589900568,0.6504933082774297,-1.1572431537329706,0.9883381924198251,1.0,0.35113819241982513,1.2910285100340844,0.5,27.6,0.0,20.0,False
env_odom_noise,0.04285714285714286,0.04899592973540154,0.3,0.12199733346112901,0.6453056298041346,-0.8503754365383549,0.9900142653352354,1.0,0.3528142653352354,1.4773535892367362,0.45,28.0,0.0,20.0,False
env_odom_noise,0.04285714285714286,0.10627472835292812,0.00010000000000000009,0.1236122012755948,0.7083576397752835,-1.6013267268318514,0.9723538704581358,0.9960505529225908,0.33120442338072664,0.8592208318412304,0.6,25.083333333333332,0.0,20.0,False
env_odom_noise,0.04285714285714286,0.10627472835292812,0.00020706272838739032,0.12361220119407053,0.7083639595788519,-1.5996261183896991,0.9731437598736177,0.9960505529225908,0.3319943127962085,0.8610829502344132,0.6,25.083333333333332,0.0,20.0,False
env_odom_noise,0.04285714285714286,0.10627472835292812,0.0004287497348723022,0.12361220272496974,0.708376773353221,-1.5961252428451371,0.9739336492890995,0.9960505529225908,0.33278420221169036,0.8649414725601673,0.6,25.083333333333332,0.0,20.0,False
env_odom_noise,0.04285714285714286,0.10627472835292812,0.0008877808989802905,0.12361219954275963,0.7084032694278006,-1.5889634410757814,0.9747235387045814,0.9960505529225908,0.3335740916271722,0.8729278653860092,0.6,25.083333333333332,0.0,20.0,False
env_odom_noise,0.04285714285714286,0.10627472835292812,0.001838263351530691,0.12361220152610018,0.7084582275720126,-1.5745045989600899,0.9755134281200631,0.9960505529225908,0.33436398104265397,0.8893769592046737,0.6,25.083333333333332,0.0,20.0,False
env_odom_noise,0.04285714285714286,0.10627472835292812,0.003806358250624933,0.1236121990028436,0.7067046678126486,-1.5469752511658175,0.9802839116719243,0.9968454258675079,0.3399293375394322,0.9131519615650177,0.6,25.166666666666668,0.0,20.0,False
env_odom_noise,0.04285714285714286,0.10627472835292812,0.00788154924594252,0.12371603789237093,0.6987093055016458,-1.4965079689659744,0.9859375,0.9984375,0.347175,0.9161651127040387,0.55,24.454545454545453,0.0,20.0,False
env_odom_noise,0.04285714285714286,0.10627472835292812,0.01631975090784437,0.12333993353010023,0.6939588318020883,-1.4077249164859946,0.989938080495356,0.9984520123839009,0.35119009287925695,0.9859575241804123,0.55,25.0,0.0,20.0,False
env_odom_noise,0.04285714285714286,0.10627472835292812,0.03379212149580846,0.12325468690561941,0.6798155878660757,-1.2675487956134892,0.993920972644377,0.9992401215805471,0.35596109422492406,1.0970485880970955,0.55,26.09090909090909,0.0,20.0,False
env_odom_noise,0.04285714285714286,0.10627472835292812,0.0699708887492028,0.12230795620873966,0.6673416690984515,-1.0723807343662517,0.9977810650887574,1.0,0.3605810650887574,1.293168318271637,0.5,26.6,0.0,20.0,False
env_odom_noise,0.04285714285714286,0.10627472835292812,0.14488363132100487,0.1217169589722052,0.6458254293828039,-0.8096268117671229,0.9985714285714286,1.0,0.36137142857142857,1.5025883302092553,0.45,27.88888888888889,0.0,20.0,False
env_odom_noise,0.04285714285714286,0.10627472835292812,0.3,0.12195337859894304,0.6428982476923067,-0.5096569392672405,1.0,1.0,0.3628,1.6857385993003846,0.4,28.0,0.0,20.0,False
env_odom_noise,0.04285714285714286,0.23051543153651136,0.00010000000000000009,0.1237992934753251,0.675668054516569,-0.9844722792482221,0.9924471299093656,0.9992447129909365,0.3544918429003021,1.3061871826648712,0.55,26.454545454545453,0.0,20.0,False
env_odom_noise,0.04285714285714286,0.23051543153651136,0.00020706272838739032,0.12379929105923276,0.6756736379757563,-0.9834096525060334,0.9924471299093656,0.9992447129909365,0.3544918429003021,1.3077048003673553,0.55,26.454545454545453,0.0,20.0,False
env_odom_noise,0.04285714285714286,0.23051543153651136,0.0004287497348723022,0.12379929062567491,0.6756852490571666,-0.9812203362386219,0.9924471299093656,0.9992447129909365,0.3544918429003021,1.3108385615050793,0.55,26.454545454545453,0.0,20.0,False
env_odom_noise,0.04285714285714286,0.23051543153651136,0.0008877808989802905,0.12316626788325266,0.675709451699432,-0.9789043105917552,0.9924812030075187,0.9992481203007518,0.3545293233082706,1.293810036033392,0.55,26.727272727272727,0.0,20.0,False
env_odom_noise,0.04285714285714286,0.23051543153651136,0.001838263351530691,0.12316626928165568,0.675759298338091,-0.9698434205994739,0.9924812030075187,0.9992481203007518,0.3545293233082706,1.3068041682243348,0.55,26.727272727272727,0.0,20.0,False
env_odom_noise,0.04285714285714286,0.23051543153651136,0.003806358250624933,0.12291231898428602,0.6758611584613231,-0.9525970447909907,0.9924924924924925,0.9992492492492493,0.3545417417417418,1.3248348012566566,0.55,26.818181818181817,0.0,20.0,False
env_odom_noise,0.04285714285714286,0.23051543153651136,0.00788154924594252,0.12283205733696126,0.6760687763659103,-0.9204115755862243,0.992526158445441,0.9992526158445441,0.3545787742899851,1.3542271263897419,0.55,27.09090909090909,0.0,20.0,False
env_odom_noise,0.04285714285714286,0.23051543153651136,0.01631975090784437,0.12283205821198143,0.6645922048103475,-0.861421160736458,0.9940915805022157,1.0,0.3568915805022157,1.393505758047104,0.55,27.818181818181817,0.0,20.0,False
env_odom_noise,0.04285714285714286,0.23051543153651136,0.03379212149580846,0.12187036819073435,0.6536494342882048,-0.7617140041970394,0.9956584659913169,1.0,0.3584584659913169,1.4656281746923923,0.45,26.88888888888889,0.0,20.0,False
env_odom_noise,0.04285714285714286,0.23051543153651136,0.0699708887492028,0.12185223113140128,0.6428668270573467,-0.6076398954748246,0.9985855728429985,1.0,0.36138557284299855,1.660301925241947,0.45,28.666666666666668,0.0,20.0,False
env_odom_noise,0.04285714285714286,0.23051543153651136,0.14488363132100487,0.12203300962553389,0.6376124697074852,-0.38468785349395085,0.9986244841815681,1.0,0.36142448418156814,1.8473902836441993,0.35,28.571428571428573,0.0,20.0,False
env_odom_noise,0.04285714285714286,0.23051543153651136,0.3,0.12249267957163115,0.6381150012356068,-0.12189076452774698,1.0,1.0,0.3628,2.018718573451042,0.35,29.0,0.0,20.0,False
env_odom_noise,0.04285714285714286,0.5,0.00010000000000000009,0.12205511499291812,0.6365540109189414,-0.32477679516778996,0.996551724137931,1.0,0.35935172413793104,1.9596858859062194,0.4,29.625,0.0,20.0,False
env_odom_noise,0.04285714285714286,0.5,0.00020706272838739032,0.12205511277743981,0.6365594308654481,-0.3242084804646887,0.996551724137931,1.0,0.35935172413793104,1.9608789764344692,0.4,29.625,0.0,20.0,False
env_odom_noise,0.04285714285714286,0.5,0.0004287497348723022,0.12205511190130962,0.6365711631192716,-0.32303479386659745,0.996551724137931,1.0,0.35935172413793104,1.9633469991385937,0.4,29.625,0.0,20.0,False
env_odom_noise,0.04285714285714286,0.5,0.0008877808989802905,0.12205511140435883,0.6365951692358084,-0.3206184004211401,0.996551724137931,1.0,0.35935172413793104,1.9684445902705192,0.4,29.625,0.0,20.0,False
env_odom_noise,0.04285714285714286,0.5,0.001838263351530691,0.12205511402849992,0.6366450317935748,-0.31567272924636247,0.996551724137931,1.0,0.35935172413793104,1.978944507986307,0.4,29.625,0.0,20.0,False
env_odom_noise,0.04285714285714286,0.5,0.003806358250624933,0.12205511607850263,0.635343674642304,-0.3061830804314864,0.9965564738292011,1.0,0.3593564738292011,1.99379213899374,0.4,29.75,0.0,20.0,False
env_odom_noise,0.04285714285714286,0.5,0.00788154924594252,0.12205511375391356,0.6325202973049207,-0.287143259292156,0.9965659340659341,1.0,0.3593659340659341,2.0247660517692565,0.4,30.0,0.0,20.0,False
env_odom_noise,0.04285714285714286,0.5,0.01631975090784437,0.12209089263427829,0.6303685634335564,-0.25212543741754556,0.9979564032697548,1.0,0.3607564032697548,2.0760470226407053,0.4,30.75,0.0,20.0,False
env_odom_noise,0.04285714285714286,0.5,0.03379212149580846,0.12248481972365473,0.6232393826613776,-0.1857064632182485,0.9986702127659575,1.0,0.3614702127659575,2.147839077189565,0.35,32.142857142857146,0.0,20.0,False
env_odom_noise,0.04285714285714286,0.5,0.0699708887492028,0.1223843097677293,0.6225678771554506,-0.07416931556259466,0.9986772486772487,1.0,0.36147724867724873,2.31053816229105,0.3,31.666666666666668,0.0,20.0,False
env_odom_noise,0.04285714285714286,0.5,0.14488363132100487,0.12251320801814891,0.6205713214314783,0.08821362207757232,0.9993438320209974,1.0,0.3621438320209974,2.428287523239851,0.3,32.666666666666664,0.0,20.0,False
env_odom_noise,0.04285714285714286,0.5,0.3,0.12251320868291021,0.6168771913460381,0.3094843785609501,1.0,1.0,0.3628,2.502816638350487,0.3,33.333333333333336,0.0,20.0,False
env_odom_noise,0.06428571428571428,0.00010000000000000009,0.00010000000000000009,0.1249957340473572,0.8447072047594609,93.72155578990943,0.1367595818815331,0.21689895470383275,1.283541463414634,0.41104511804878713,0.9,26.444444444444443,0.0,20.0,False
env_odom_noise,0.06428571428571428,0.00010000000000000009,0.00020706272838739032,0.12499573447277791,0.8447075980129893,70.36735683123567,0.15069686411149827,0.2508710801393728,1.2356320557491287,0.4115307375788689,0.9,26.444444444444443,0.0,20.0,False
env_odom_noise,0.06428571428571428,0.00010000000000000009,0.0004287497348723022,0.12499573402360459,0.8447116700615038,56.65046431596335,0.17073170731707318,0.29094076655052264,1.175527526132404,0.4176816582679749,0.9,26.444444444444443,0.0,20.0,False
env_odom_noise,0.06428571428571428,0.00010000000000000009,0.0008877808989802905,0.12499573369973718,0.8434195593747709,49.25070960416382,0.20521739130434782,0.35130434782608694,1.0806782608695653,0.44657912477850914,0.9,26.5,0.0,20.0,False
env_odom_noise,0.06428571428571428,0.00010000000000000009,0.001838263351530691,0.12480202551455508,0.8371791724718497,45.40635672216748,0.2517241379310345,0.4146551724137931,0.9708206896551723,0.41505733504891396,0.85,26.058823529411764,0.0,20.0,False
env_odom_noise,0.06428571428571428,0.00010000000000000009,0.003806358250624933,0.12480202665469657,0.8331961238831548,43.61598211836478,0.3178694158075601,0.4888316151202749,0.8304989690721649,0.45123296312522143,0.85,26.176470588235293,0.0,20.0,False
env_odom_noise,0.06428571428571428,0.00010000000000000009,0.00788154924594252,0.1246630624435272,0.8273950707563541,42.65762064528455,0.38160136286201024,0.5485519591141397,0.70704667802385,0.48699941486120224,0.75,24.8,0.0,20.0,False
env_odom_noise,0.06428571428571428,0.00010000000000000009,0.01631975090784437,0.12388422436672841,0.808148154998233,41.644879108434225,0.46102819237147596,0.5854063018242123,0.5907655058043118,0.5044960901141167,0.75,25.866666666666667,0.0,20.0,False
env_odom_noise,0.06428571428571428,0.00010000000000000009,0.03379212149580846,0.1238865918790521,0.7927485450157229,41.450160780417335,0.5194489465153971,0.5964343598055105,0.5213166936790924,0.613398252427578,0.7,25.928571428571427,0.0,20.0,False
env_odom_noise,0.06428571428571428,0.00010000000000000009,0.0699708887492028,0.12360833747467775,0.7686302967250492,40.893394418930384,0.5532915360501567,0.6081504702194357,0.4757579937304076,0.7636260770261287,0.55,24.272727272727273,0.0,20.0,False
env_odom_noise,0.06428571428571428,0.00010000000000000009,0.14488363132100487,0.12327248135417353,0.7492245640588464,40.501019451424995,0.5667678300455236,0.6122913505311077,0.4581408194233687,1.0270460478961467,0.5,24.9,0.0,20.0,False
env_odom_noise,0.06428571428571428,0.00010000000000000009,0.3,0.1225993293679692,0.7348591157752045,39.96091190544007,0.5771513353115727,0.6186943620178041,0.44135430267062314,1.2506720185279847,0.5,26.4,0.0,20.0,False
env_odom_noise,0.06428571428571428,0.00021690521830457365,0.00010000000000000009,0.1249957340473572,0.8447072047594609,57.12875930312988,0.16202090592334495,0.259581881533101,1.2155972125435541,0.41104511804878713,0.9,26.444444444444443,0.0,20.0,False
env_odom_noise,0.06428571428571428,0.00021690521830457365,0.00020706272838739032,0.12499573445544682,0.8447077201441351,40.712321723499464,0.171602787456446,0.2883275261324042,1.1772696864111498,0.41164063699543474,0.9,26.444444444444443,0.0,20.0,False
env_odom_noise,0.06428571428571428,0.00021690521830457365,0.0004287497348723022,0.12499573403047087,0.8447118104299859,29.762753406699325,0.19337979094076654,0.32839721254355403,1.1154229965156794,0.41815670132637023,0.9,26.444444444444443,0.0,20.0,False
env_odom_noise,0.06428571428571428,0.00021690521830457365,0.0008877808989802905,0.12499573393332675,0.8434249100134983,23.32618265502375,0.22782608695652173,0.3869565217391304,1.022417391304348,0.447340477257967,0.9,26.5,0.0,20.0,False
env_odom_noise,0.06428571428571428,0.00021690521830457365,0.001838263351530691,0.1248020252284464,0.8371860883843775,19.859915692601174,0.2706896551724138,0.44568965517241377,0.9208206896551725,0.41576590314507483,0.85,26.058823529411764,0.0,20.0,False
env_odom_noise,0.06428571428571428,0.00021690521830457365,0.003806358250624933,0.1248020235587522,0.8332057931743789,18.223031270614864,0.33676975945017185,0.5189003436426117,0.7815298969072164,0.45214207624085245,0.85,26.176470588235293,0.0,20.0,False
env_odom_noise,0.06428571428571428,0.00021690521830457365,0.00788154924594252,0.12466306252959108,0.8274019356865848,17.463725047682445,0.40034071550255534,0.5792163543441227,0.657642930153322,0.48766462653875353,0.75,24.8,0.0,20.0,False
env_odom_noise,0.06428571428571428,0.00021690521830457365,0.01631975090784437,0.12388422496593854,0.8081535183112944,16.933501744470703,0.48009950248756217,0.6144278606965174,0.5426726368159204,0.5049525827169419,0.75,25.866666666666667,0.0,20.0,False
env_odom_noise,0.06428571428571428,0.00021690521830457365,0.03379212149580846,0.12388659437409212,0.7927526550191986,16.909255018743117,0.5380875202593193,0.6256077795786061,0.4735047001620746,0.6137564390897751,0.7,25.928571428571427,0.0,20.0,False
env_odom_noise,0.06428571428571428,0.00021690521830457365,0.0699708887492028,0.12360834041276615,0.7686333359021252,16.790573934613487,0.572884012539185,0.6371473354231975,0.42716865203761756,0.7638908296823501,0.55,24.272727272727273,0.0,20.0,False
env_odom_noise,0.06428571428571428,0.00021690521830457365,0.14488363132100487,0.12327248312917966,0.7492266748224256,16.782534370196192,0.58649468892261,0.641122913505311,0.4095823975720789,1.027210885286331,0.5,24.9,0.0,20.0,False
env_odom_noise,0.06428571428571428,0.00021690521830457365,0.3,0.1225993284883323,0.7348602990056832,16.735436473452594,0.5971810089020771,0.6468842729970327,0.3931347181008902,1.2507570266723633,0.5,26.4,0.0,20.0,False
env_odom_noise,0.06428571428571428,0.00047047873727754753,0.00010000000000000009,0.1249957340473572,0.8447072047594609,33.47289468895346,0.1986062717770035,0.32839721254355403,1.1101965156794424,0.41104511804878713,0.9,26.444444444444443,0.0,20.0,False
env_odom_noise,0.06428571428571428,0.00047047873727754753,0.00020706272838739032,0.12499573430464501,0.8447077753949807,23.802286079783354,0.21080139372822299,0.35714285714285715,1.0692557491289199,0.41198985986411574,0.9,26.444444444444443,0.0,20.0,False
env_odom_noise,0.06428571428571428,0.00047047873727754753,0.0004287497348723022,0.12499573414730882,0.8447127291663776,16.199045101842213,0.2264808362369338,0.3885017421602787,1.0222174216027875,0.41929640248417854,0.9,26.444444444444443,0.0,20.0,False
env_odom_noise,0.06428571428571428,0.00047047873727754753,0.0008877808989802905,0.12499573420514218,0.8434363943100489,11.128810884923293,0.2591304347826087,0.44869565217391305,0.9293739130434782,0.4489604339003563,0.9,26.5,0.0,20.0,False
env_odom_noise,0.06428571428571428,0.00047047873727754753,0.001838263351530691,0.12480202452472781,0.8372010866403965,8.162762058121682,0.3017241379310345,0.5025862068965518,0.8328896551724138,0.4172861039638519,0.85,26.058823529411764,0.0,20.0,False
env_odom_noise,0.06428571428571428,0.00047047873727754753,0.003806358250624933,0.12480202288278903,0.8332260344762943,6.690634906322168,0.36683848797250856,0.5730240549828178,0.6973374570446735,0.4540982078295201,0.85,26.176470588235293,0.0,20.0,False
env_odom_noise,0.06428571428571428,0.00047047873727754753,0.00788154924594252,0.12466306382700099,0.8274168572936051,6.045468641618551,0.42759795570698467,0.6337308347529813,0.575871209540034,0.48910034969449045,0.75,24.8,0.0,20.0,False
env_odom_noise,0.06428571428571428,0.00047047873727754753,0.01631975090784437,0.12388422550988673,0.8081646458409573,5.74065552070871,0.5066334991708126,0.6674958540630183,0.46307064676616916,0.505940743535757,0.75,25.866666666666667,0.0,20.0,False
env_odom_noise,0.06428571428571428,0.00047047873727754753,0.03379212149580846,0.12388659306744121,0.7927614094532829,5.794471569899436,0.5648298217179902,0.6790923824959482,0.3932777957860616,0.6145314797759056,0.7,25.928571428571427,0.0,20.0,False
env_odom_noise,0.06428571428571428,0.00047047873727754753,0.0699708887492028,0.12360833793983678,0.7674395367060228,5.863880271677684,0.5993740219092332,0.6901408450704225,0.3476851330203443,0.7584636926651,0.55,24.363636363636363,0.0,20.0,False
env_odom_noise,0.06428571428571428,0.00047047873727754753,0.14488363132100487,0.12327248370393754,0.7492315029670977,6.042199851717809,0.6122913505311077,0.6927162367223065,0.33219241274658573,1.0275672189891338,0.5,24.9,0.0,20.0,False
env_odom_noise,0.06428571428571428,0.00047047873727754753,0.3,0.12259932877974408,0.7348632126398162,6.219826913700359,0.6224035608308606,0.6995548961424333,0.31524154302670615,1.2509421348571776,0.5,26.4,0.0,20.0,False
env_odom_noise,0.06428571428571428,0.001020492932168466,0.00010000000000000009,0.1249957340473572,0.8447071919572136,17.531690074903608,0.25174216027874563,0.4250871080139373,0.9603707317073171,0.411097789183259,0.9,26.444444444444443,0.0,20.0,False
env_odom_noise,0.06428571428571428,0.001020492932168466,0.00020706272838739032,0.1249957338980524,0.844708632717464,12.92583265166465,0.2613240418118467,0.4442508710801394,0.9316250871080138,0.41329553760588167,0.9,26.444444444444443,0.0,20.0,False
env_odom_noise,0.06428571428571428,0.001020492932168466,0.0004287497348723022,0.12499573417686848,0.844720739094783,8.522702459423897,0.2787456445993031,0.4729965156794425,0.8854578397212544,0.4223139777779579,0.9,26.444444444444443,0.0,20.0,False
env_odom_noise,0.06428571428571428,0.001020492932168466,0.0008877808989802905,0.12499573412155146,0.8434694562694542,5.06400068786615,0.3060869565217391,0.52,0.8111130434782609,0.452907582372427,0.9,26.5,0.0,20.0,False
env_odom_noise,0.06428571428571428,0.001020492932168466,0.001838263351530691,0.12480202482666433,0.8372485532949218,2.7678936285934883,0.3448275862068966,0.5732758620689655,0.7190965517241379,0.42138164676725864,0.85,26.058823529411764,0.0,20.0,False
env_odom_noise,0.06428571428571428,0.001020492932168466,0.003806358250624933,0.12480202536836302,0.8315562506367218,1.5191112225263683,0.4073756432246998,0.6406518010291595,0.5891725557461407,0.45106385769322516,0.85,26.235294117647058,0.0,20.0,False
env_odom_noise,0.06428571428571428,0.001020492932168466,0.00788154924594252,0.12466306489757706,0.8274483934874506,0.9733995744622432,0.46422487223168657,0.6993185689948893,0.4736565587734241,0.49218427017331123,0.75,24.8,0.0,20.0,False
env_odom_noise,0.06428571428571428,0.001020492932168466,0.01631975090784437,0.1238842270751157,0.8059691007997897,0.7745490310795244,0.5447019867549668,0.7326158940397351,0.359882119205298,0.49758201837539673,0.75,25.933333333333334,0.0,20.0,False
env_odom_noise,0.06428571428571428,0.001020492932168466,0.03379212149580846,0.12388659408698433,0.7927803620863693,0.8701069508721292,0.600486223662885,0.7414910858995137,0.2952226904376013,0.6162097379565239,0.7,25.928571428571427,0.0,20.0,False
env_odom_noise,0.06428571428571428,0.001020492932168466,0.0699708887492028,0.12360833696321094,0.7674537263205011,1.0360708505256935,0.6338028169014085,0.7503912363067292,0.2530059467918623,0.759687127918005,0.55,24.363636363636363,0.0,20.0,False
env_odom_noise,0.06428571428571428,0.001020492932168466,0.14488363132100487,0.12327248220471887,0.7492416683882497,1.2854357295889776,0.6464339908952959,0.7518968133535661,0.23886919575113807,1.0283402539789677,0.5,24.9,0.0,20.0,False
env_odom_noise,0.06428571428571428,0.001020492932168466,0.3,0.12259932837782302,0.7348692600695125,1.5639837324646948,0.6572700296735905,0.7574183976261127,0.22251157270029676,1.2513429343700408,0.5,26.4,0.0,20.0,False
env_odom_noise,0.06428571428571428,0.0022135024223027535,0.00010000000000000009,0.12499573402041991,0.8447124390266098,7.465396250885305,0.3231707317073171,0.554006968641115,0.760022299651568,0.414483080804348,0.9,26.444444444444443,0.0,20.0,False
env_odom_noise,0.06428571428571428,0.0022135024223027535,0.00020706272838739032,0.12499573366032983,0.844736577046718,5.72816254033576,0.3327526132404181,0.568815331010453,0.7356320557491289,0.42050099819898606,0.9,26.444444444444443,0.0,20.0,False
env_odom_noise,0.06428571428571428,0.0022135024223027535,0.0004287497348723022,0.12499573163837915,0.8447947746719432,3.6814370045230023,0.3440766550522648,0.5905923344947736,0.7025310104529616,0.4320266941562295,0.9,26.444444444444443,0.0,20.0,False
env_odom_noise,0.06428571428571428,0.0022135024223027535,0.0008877808989802905,0.1249957327355306,0.8409805293454721,1.7177903865031516,0.3723958333333333,0.6310763888888888,0.6337277777777779,0.4526833862066269,0.9,26.555555555555557,0.0,20.0,False
env_odom_noise,0.06428571428571428,0.0022135024223027535,0.001838263351530691,0.12480202659291985,0.8355653454181899,0.19403443400421,0.4053356282271945,0.6824440619621343,0.5494203098106712,0.4242908705025911,0.85,26.11764705882353,0.0,20.0,False
env_odom_noise,0.06428571428571428,0.0022135024223027535,0.003806358250624933,0.12480202543358306,0.8297888471653978,-0.7436532035086199,0.4648972602739726,0.7345890410958904,0.437713698630137,0.44937446527183056,0.85,26.294117647058822,0.0,20.0,False
env_odom_noise,0.06428571428571428,0.0022135024223027535,0.00788154924594252,0.12456108406882695,0.826174412386394,-1.185493932173095,0.5212224108658744,0.7903225806451613,0.32565500848896434,0.4901383064687252,0.75,24.933333333333334,0.0,20.0,False
env_odom_noise,0.06428571428571428,0.0022135024223027535,0.01631975090784437,0.12388422572711857,0.806020965127354,-1.3090249728540044,0.5951986754966887,0.820364238410596,0.22163708609271526,0.5022128492593765,0.75,25.933333333333334,0.0,20.0,False
env_odom_noise,0.06428571428571428,0.0022135024223027535,0.03379212149580846,0.12388659139254987,0.7928215992026633,-1.199062058628629,0.6523500810372771,0.8298217179902755,0.1550282009724474,0.6198308974504471,0.7,25.928571428571427,0.0,20.0,False
env_odom_noise,0.06428571428571428,0.0022135024223027535,0.0699708887492028,0.1236083393774479,0.767484609118456,-0.9920601385165065,0.6838810641627543,0.8380281690140845,0.11765289514866983,0.762335354834795,0.55,24.363636363636363,0.0,20.0,False
env_odom_noise,0.06428571428571428,0.0022135024223027535,0.14488363132100487,0.12327248178831493,0.7492636830243175,-0.7121930793376166,0.6949924127465857,0.8414264036418816,0.1253660091047042,1.030013882368803,0.5,24.9,0.0,20.0,False
env_odom_noise,0.06428571428571428,0.0022135024223027535,0.3,0.12259932839225304,0.7348822559569194,-0.3900505036236595,0.7054896142433235,0.8456973293768546,0.1315922848664689,1.252211108803749,0.5,26.4,0.0,20.0,False
env_odom_noise,0.06428571428571428,0.004801202261272809,0.00010000000000000009,0.12452113899337384,0.8399856337442224,1.8839190201625071,0.44396551724137934,0.7068965517241379,0.48633793103448275,0.423501306027174,0.85,26.058823529411764,0.0,20.0,False
env_odom_noise,0.06428571428571428,0.004801202261272809,0.00020706272838739032,0.12452113986544606,0.8400117161698888,1.3566606074143739,0.4517241379310345,0.721551724137931,0.4639241379310345,0.4283928081393242,0.85,26.058823529411764,0.0,20.0,False
env_odom_noise,0.06428571428571428,0.004801202261272809,0.0004287497348723022,0.12452113998022818,0.8366547326153679,0.6106403917513871,0.45618556701030927,0.7328178694158075,0.4481965635738832,0.42051087617874144,0.85,26.176470588235293,0.0,20.0,False
env_odom_noise,0.06428571428571428,0.004801202261272809,0.0008877808989802905,0.12458212751665963,0.8367471949323143,-0.2766417629057027,0.4777015437392796,0.7555746140651801,0.4039238421955403,0.4255954124033451,0.85,26.235294117647058,0.0,20.0,False
env_odom_noise,0.06428571428571428,0.004801202261272809,0.001838263351530691,0.12458212726965025,0.834746007218348,-1.0999202525000542,0.5068493150684932,0.7902397260273972,0.3401109589041096,0.4436900053173304,0.85,26.294117647058822,0.0,20.0,False
env_odom_noise,0.06428571428571428,0.004801202261272809,0.003806358250624933,0.1245821262376207,0.8259963556577564,-1.6956779000943896,0.5492359932088285,0.8412563667232598,0.24670764006791168,0.45086327344179156,0.8,25.8125,0.0,20.0,False
env_odom_noise,0.06428571428571428,0.004801202261272809,0.00788154924594252,0.12429821413919998,0.8159799157949743,-2.012768706819016,0.6126878130217028,0.8889816360601002,0.135530550918197,0.44358988367021085,0.75,25.6,0.0,20.0,True
env_odom_noise,0.06428571428571428,0.004801202261272809,0.01631975090784437,0.12367517051473978,0.8006397521748159,-2.0773705349784595,0.6781609195402298,0.9105090311986864,0.04853004926108373,0.49904332086443903,0.7,25.357142857142858,0.0,20.0,True
env_odom_noise,0.06428571428571428,0.004801202261272809,0.03379212149580846,0.12368105302757773,0.7935858106273309,-1.9559034736438348,0.7302100161550888,0.9192245557350566,0.08278546042003232,0.6459464862942695,0.7,26.071428571428573,0.0,20.0,True
env_odom_noise,0.06428571428571428,0.004801202261272809,0.0699708887492028,0.12340872306828655,0.7682273677242903,-1.7349853245223024,0.7574102964118564,0.9251170046801872,0.10409329173166926,0.7876995511353015,0.55,24.545454545454547,0.0,20.0,False
env_odom_noise,0.06428571428571428,0.004801202261272809,0.14488363132100487,0.12307956307560874,0.7483335245076754,-1.4455523511622523,0.7688821752265861,0.9290030211480362,0.11167915407854989,1.0438274964690208,0.5,25.2,0.0,20.0,False
env_odom_noise,0.06428571428571428,0.004801202261272809,0.3,0.12237829989909638,0.7304865204130481,-1.1043738915369192,0.7779411764705882,0.9316176470588236,0.11812352941176474,1.2543199181556701,0.5,27.0,0.0,20.0,False
env_odom_noise,0.06428571428571428,0.010414058246057912,0.00010000000000000009,0.12429522355557787,0.8327425973793753,-0.7405251210017468,0.5722789115646258,0.8290816326530612,0.2358394557823129,0.43512746728956697,0.8,25.75,0.0,20.0,False
env_odom_noise,0.06428571428571428,0.010414058246057912,0.00020706272838739032,0.12429522543517407,0.8327609633290677,-0.8712815073765272,0.5748299319727891,0.8375850340136054,0.2247850340136055,0.43879397921264174,0.8,25.75,0.0,20.0,False
env_odom_noise,0.06428571428571428,0.010414058246057912,0.0004287497348723022,0.12429522671282592,0.8286066498121869,-1.0914343245784401,0.5855932203389831,0.8457627118644068,0.20584406779661013,0.4273280408233404,0.8,25.875,0.0,20.0,False
env_odom_noise,0.06428571428571428,0.010414058246057912,0.0008877808989802905,0.12429522670746684,0.8265697709542923,-1.3983758444898045,0.5956006768189509,0.862098138747885,0.1795011844331641,0.42932317946106197,0.8,25.9375,0.0,20.0,False
env_odom_noise,0.06428571428571428,0.010414058246057912,0.001838263351530691,0.12429522723005432,0.8267088731846601,-1.7421390613650076,0.6243654822335025,0.8908629441624365,0.12197157360406097,0.45814385954290626,0.8,25.9375,0.0,20.0,True
env_odom_noise,0.06428571428571428,0.010414058246057912,0.003806358250624933,0.124115200495069,0.8222074007828428,-2.0442279558054177,0.661641541038526,0.9246231155778895,0.05093534338358452,0.4526653503999114,0.75,25.466666666666665,0.0,20.0,True
env_odom_noise,0.06428571428571428,0.010414058246057912,0.00788154924594252,0.12370483386695531,0.8125881242440635,-2.2145547165014143,0.7139303482587065,0.9535655058043118,0.03216484245439477,0.48850840218365194,0.75,25.866666666666667,0.0,20.0,True
env_odom_noise,0.06428571428571428,0.010414058246057912,0.01631975090784437,0.12365321362954268,0.8019839704924447,-2.2221538048038543,0.7692307692307693,0.969721767594108,0.10175253682487728,0.5540370374917984,0.65,24.46153846153846,0.0,20.0,False
env_odom_noise,0.06428571428571428,0.010414058246057912,0.03379212149580846,0.12339467040731349,0.7848502901080233,-2.09566003792691,0.8210862619808307,0.9752396166134185,0.1591258785942492,0.6616065353155136,0.65,25.615384615384617,0.0,20.0,False
env_odom_noise,0.06428571428571428,0.010414058246057912,0.0699708887492028,0.12323649747499085,0.7591733274749625,-1.8623552958327294,0.8472222222222222,0.9799382716049383,0.18996049382716051,0.8186316281557083,0.55,25.181818181818183,0.0,20.0,False
env_odom_noise,0.06428571428571428,0.010414058246057912,0.14488363132100487,0.12265915231466074,0.7429058271301944,-1.5777045476577851,0.8570359281437125,0.9820359281437125,0.2018718562874251,1.08306340649724,0.5,25.8,0.0,20.0,False
env_odom_noise,0.06428571428571428,0.010414058246057912,0.3,0.12192630380859172,0.7256211818626397,-1.242471035455837,0.8642960812772134,0.9833091436865021,0.2104052249637155,1.2677499629557132,0.45,26.666666666666668,0.0,20.0,False
env_odom_noise,0.06428571428571428,0.02258863577297737,0.00010000000000000009,0.12432926559130625,0.8233867062704395,-1.6975255668079299,0.7165551839464883,0.9172240802675585,0.07113110367892983,0.4995011892169714,0.7,24.571428571428573,0.0,20.0,True
env_odom_noise,0.06428571428571428,0.02258863577297737,0.00020706272838739032,0.12448462151794068,0.8234012716879814,-1.726041562021795,0.7228714524207012,0.9173622704507512,0.07730918196994996,0.49160529635846617,0.7,24.642857142857142,0.0,20.0,True
env_odom_noise,0.06428571428571428,0.02258863577297737,0.0004287497348723022,0.12448461989458563,0.8234309872536995,-1.7732333232194597,0.7278797996661102,0.9257095158597662,0.07397028380634396,0.49717158935964106,0.7,24.642857142857142,0.0,20.0,True
env_odom_noise,0.06428571428571428,0.02258863577297737,0.0008877808989802905,0.12448461984171473,0.8217271454231663,-1.849689280097731,0.7341666666666666,0.935,0.07096666666666662,0.5009665209800005,0.7,24.714285714285715,0.0,20.0,True
env_odom_noise,0.06428571428571428,0.02258863577297737,0.001838263351530691,0.12448462129501042,0.8177887549600108,-1.953000140464144,0.7466777408637874,0.9509966777408638,0.06748106312292357,0.5016026716679335,0.7,24.857142857142858,0.0,20.0,True
env_odom_noise,0.06428571428571428,0.02258863577297737,0.003806358250624933,0.1244846211644171,0.8142193530284305,-2.0513505116129833,0.7756622516556292,0.9685430463576159,0.1070052980132451,0.5319008670747281,0.65,23.923076923076923,0.0,20.0,False
env_odom_noise,0.06428571428571428,0.02258863577297737,0.00788154924594252,0.1238666646315851,0.8099718725238779,-2.1079946845374367,0.8157894736842105,0.9860197368421053,0.16460921052631583,0.5737400904297829,0.65,24.23076923076923,0.0,20.0,False
env_odom_noise,0.06428571428571428,0.02258863577297737,0.01631975090784437,0.12410436364340222,0.8006279208320585,-2.06673203384999,0.8666666666666667,0.9910569105691057,0.22052357723577243,0.658192615956068,0.65,24.76923076923077,0.0,20.0,False
env_odom_noise,0.06428571428571428,0.02258863577297737,0.03379212149580846,0.12327803325652378,0.7838743666542576,-1.939848362506773,0.910459587955626,0.9944532488114105,0.2677128367670365,0.7437488302588463,0.6,24.916666666666668,0.0,20.0,False
env_odom_noise,0.06428571428571428,0.02258863577297737,0.0699708887492028,0.12331216947871715,0.7564056949386896,-1.7156812488208233,0.9264931087289433,0.9977029096477795,0.28699601837672284,0.9091065756976604,0.55,25.636363636363637,0.0,20.0,False
env_odom_noise,0.06428571428571428,0.02258863577297737,0.14488363132100487,0.12272055036887837,0.7398782688262293,-1.4351764158811804,0.9361069836552749,0.9992570579494799,0.29816404160475485,1.171503496170044,0.5,26.3,0.0,20.0,False
env_odom_noise,0.06428571428571428,0.02258863577297737,0.3,0.12216162466436316,0.7210421973785115,-1.0981048691997022,0.9418103448275862,1.0,0.3046103448275862,1.3411785133183003,0.45,27.444444444444443,0.0,20.0,False
env_odom_noise,0.06428571428571428,0.04899592973540154,0.00010000000000000009,0.1240984175498675,0.8103603630998795,-1.7801601035070023,0.8426229508196721,0.9704918032786886,0.17591475409836066,0.6551207598298788,0.65,24.384615384615383,0.0,20.0,False
env_odom_noise,0.06428571428571428,0.04899592973540154,0.00020706272838739032,0.12409841887195547,0.8103723807844901,-1.783373972753549,0.8434426229508196,0.9721311475409836,0.17837377049180325,0.6573884133249521,0.65,24.384615384615383,0.0,20.0,False
env_odom_noise,0.06428571428571428,0.04899592973540154,0.0004287497348723022,0.12409842075926714,0.8103970886033258,-1.789359631895816,0.8467213114754099,0.9721311475409836,0.18165245901639349,0.6621046829968691,0.65,24.384615384615383,0.0,20.0,False
env_odom_noise,0.06428571428571428,0.04899592973540154,0.0008877808989802905,0.12409841745107228,0.8104475615159273,-1.799334728444286,0.8532786885245902,0.9754098360655737,0.19148852459016397,0.671942126750946,0.65,24.384615384615383,0.0,20.0,False
env_odom_noise,0.06428571428571428,0.04899592973540154,0.001838263351530691,0.12408074001126392,0.8083374288454616,-1.8157261996360559,0.8668300653594772,0.9795751633986928,0.20920522875816994,0.6715093478560448,0.65,24.53846153846154,0.0,20.0,False
env_odom_noise,0.06428571428571428,0.04899592973540154,0.003806358250624933,0.12367742094688478,0.8051649545087546,-1.8265980692767565,0.883739837398374,0.9853658536585366,0.2319056910569106,0.6803098395466805,0.6,23.583333333333332,0.0,20.0,False
env_odom_noise,0.06428571428571428,0.04899592973540154,0.00788154924594252,0.12380301749265403,0.7956836852704008,-1.8181296502854274,0.912379421221865,0.9903536977491961,0.26553311897106113,0.694477279484272,0.6,24.166666666666668,0.0,20.0,False
env_odom_noise,0.06428571428571428,0.04899592973540154,0.01631975090784437,0.12380301722034859,0.7856563114733345,-1.753175875974609,0.9410828025477707,0.9912420382165605,0.2951248407643312,0.7682419449090958,0.6,24.666666666666668,0.0,20.0,False
env_odom_noise,0.06428571428571428,0.04899592973540154,0.03379212149580846,0.12343820889026617,0.7722820448300737,-1.6257337573529642,0.9665109034267912,0.9961059190031153,0.32541682242990655,0.8633392222225666,0.55,24.636363636363637,0.0,20.0,False
env_odom_noise,0.06428571428571428,0.04899592973540154,0.0699708887492028,0.123267625686984,0.7529004736859779,-1.4201305214006188,0.978030303030303,0.9977272727272727,0.3385575757575757,1.0671467147767544,0.5,25.0,0.0,20.0,False
env_odom_noise,0.06428571428571428,0.04899592973540154,0.14488363132100487,0.12208950195733458,0.7262719007249412,-1.1383626363978843,0.9839883551673945,0.9992721979621543,0.34606055312954875,1.2917472958564757,0.5,27.7,0.0,20.0,False
env_odom_noise,0.06428571428571428,0.04899592973540154,0.3,0.12199733474491307,0.7213457770765425,-0.835664400947174,0.9878917378917379,1.0,0.3506917378917379,1.4805002823472022,0.45,28.11111111111111,0.0,20.0,False
env_odom_noise,0.06428571428571428,0.10627472835292812,0.00010000000000000009,0.12361219997855277,0.7857446030498529,-1.4487924025595023,0.9289099526066351,0.9897314375987362,0.2814413902053713,0.8740348763763904,0.6,25.083333333333332,0.0,20.0,False
env_odom_noise,0.06428571428571428,0.10627472835292812,0.00020706272838739032,0.1236122025880551,0.7857552349338309,-1.4481289456589517,0.9304897314375987,0.9897314375987362,0.2830211690363349,0.8758328847587109,0.6,25.083333333333332,0.0,20.0,False
env_odom_noise,0.06428571428571428,0.10627472835292812,0.0004287497348723022,0.12361220072913065,0.7857774050801557,-1.4467165979442045,0.9320695102685624,0.990521327014218,0.2853908372827805,0.8795539885759354,0.6,25.083333333333332,0.0,20.0,False
env_odom_noise,0.06428571428571428,0.10627472835292812,0.0008877808989802905,0.12361219956068467,0.7858230427110552,-1.4436470290121561,0.9352290679304898,0.990521327014218,0.2885503949447078,0.8872436821460724,0.6,25.083333333333332,0.0,20.0,False
env_odom_noise,0.06428571428571428,0.10627472835292812,0.001838263351530691,0.12361220052385472,0.7840310283726767,-1.437772565670079,0.9361198738170347,0.9921135646687698,0.29103343848580443,0.8935248225927352,0.6,25.166666666666668,0.0,20.0,False
env_odom_noise,0.06428571428571428,0.10627472835292812,0.003806358250624933,0.12361220115680231,0.7791152090807388,-1.4239498766817953,0.9434850863422292,0.9921507064364207,0.29843579277864984,0.9038180947303772,0.6,25.416666666666668,0.0,20.0,False
env_odom_noise,0.06428571428571428,0.10627472835292812,0.00788154924594252,0.12367427352313795,0.7739849634684555,-1.393712589823732,0.9571651090342679,0.9929906542056075,0.3129557632398754,0.9165911830961704,0.55,24.636363636363637,0.0,20.0,False
env_odom_noise,0.06428571428571428,0.10627472835292812,0.01631975090784437,0.12367427378217899,0.7728901568299856,-1.324888788999225,0.973561430793157,0.9937791601866252,0.3301405909797822,1.0232563257217406,0.55,24.727272727272727,0.0,20.0,False
env_odom_noise,0.06428571428571428,0.10627472835292812,0.03379212149580846,0.12309699153944322,0.7567981739965843,-1.2134302368748093,0.9863429438543247,0.9977238239757208,0.34686676783004555,1.1004026807844638,0.55,26.181818181818183,0.0,20.0,False
env_odom_noise,0.06428571428571428,0.10627472835292812,0.0699708887492028,0.12230795670658816,0.7445534012500655,-1.037760712589599,0.9918639053254438,0.9985207100591716,0.35318461538461543,1.3017920926213264,0.5,26.6,0.0,20.0,False
env_odom_noise,0.06428571428571428,0.10627472835292812,0.14488363132100487,0.12171695708326748,0.7223059843744732,-0.7873027207324563,0.9957203994293866,1.0,0.3585203994293866,1.5062848418951034,0.45,28.0,0.0,20.0,False
env_odom_noise,0.06428571428571428,0.10627472835292812,0.3,0.121953380349129,0.7269615816324656,-0.48779988480085035,0.9979020979020979,1.0,0.36070209790209795,1.705032643675804,0.35,26.857142857142858,0.0,20.0,False
env_odom_noise,0.06428571428571428,0.23051543153651136,0.00010000000000000009,0.1234940506319046,0.7523422378838406,-0.9129076037505105,0.9759036144578314,0.9962349397590361,0.33493855421686747,1.3038321286439896,0.55,26.636363636363637,0.0,20.0,False
env_odom_noise,0.06428571428571428,0.23051543153651136,0.00020706272838739032,0.12349405312644536,0.7523517253396699,-0.912077696674117,0.9766566265060241,0.9962349397590361,0.33569156626506025,1.3052734404802322,0.55,26.636363636363637,0.0,20.0,False
env_odom_noise,0.06428571428571428,0.23051543153651136,0.0004287497348723022,0.12349405369735417,0.752371501905506,-0.9103638171418585,0.9766566265060241,0.9962349397590361,0.33569156626506025,1.308253037929535,0.55,26.636363636363637,0.0,20.0,False
env_odom_noise,0.06428571428571428,0.23051543153651136,0.0008877808989802905,0.12349405360000466,0.7524123531995913,-0.9068351430599825,0.9766566265060241,0.9962349397590361,0.33569156626506025,1.3144016057252883,0.55,26.636363636363637,0.0,20.0,False
env_odom_noise,0.06428571428571428,0.23051543153651136,0.001838263351530691,0.1233360922822341,0.7524963832151316,-0.9004506421046728,0.9774436090225563,0.9962406015037594,0.3364842105263157,1.3191574543714524,0.55,26.727272727272727,0.0,20.0,False
env_odom_noise,0.06428571428571428,0.23051543153651136,0.003806358250624933,0.12297488188629488,0.7526682942203813,-0.8892035418593267,0.9798206278026906,0.9962630792227205,0.33888370702541115,1.3118715912103653,0.55,27.09090909090909,0.0,20.0,False
env_odom_noise,0.06428571428571428,0.23051543153651136,0.00788154924594252,0.12283205782262854,0.7510679291660334,-0.8622696309950839,0.984375,0.9962797619047619,0.3434547619047619,1.3420844614505767,0.55,27.363636363636363,0.0,20.0,False
env_odom_noise,0.06428571428571428,0.23051543153651136,0.01631975090784437,0.12283205859011985,0.7416760303666506,-0.8119654845213629,0.9882005899705014,0.9985250737463127,0.34952566371681415,1.3954500243067742,0.55,27.90909090909091,0.0,20.0,False
env_odom_noise,0.06428571428571428,0.23051543153651136,0.03379212149580846,0.1218703661134188,0.7312925230995031,-0.7230328639425719,0.9913169319826338,0.9985528219971056,0.35266975397973943,1.4748011365532876,0.45,26.88888888888889,0.0,20.0,False
env_odom_noise,0.06428571428571428,0.23051543153651136,0.0699708887492028,0.12185223181639633,0.7205534965220701,-0.5792361821729844,0.992231638418079,0.998587570621469,0.353619209039548,1.6640219151973725,0.45,28.77777777777778,0.0,20.0,False
env_odom_noise,0.06428571428571428,0.23051543153651136,0.14488363132100487,0.12203300866784571,0.7216444882880927,-0.3672909248901844,0.9965612104539202,1.0,0.3593612104539202,1.8589050412178039,0.35,28.571428571428573,0.0,20.0,False
env_odom_noise,0.06428571428571428,0.23051543153651136,0.3,0.12249267887546292,0.7231306743206284,-0.11177662487192615,0.9979452054794521,1.0,0.3607452054794521,2.030228029191494,0.35,29.0,0.0,20.0,False
env_odom_noise,0.06428571428571428,0.5,0.00010000000000000009,0.1220551169642255,0.719499753399646,-0.28880165541894326,0.9910344827586207,0.9993103448275862,0.3531448275862069,1.9688593667000531,0.4,29.625,0.0,20.0,False
env_odom_noise,0.06428571428571428,0.5,0.00020706272838739032,0.12205511510607912,0.7195091518222303,-0.2882886023264497,0.9910344827586207,0.9993103448275862,0.3531448275862069,1.9700176952406765,0.4,29.625,0.0,20.0,False
env_odom_noise,0.06428571428571428,0.5,0.0004287497348723022,0.12205511244003794,0.7195285954414224,-0.2872287278801383,0.9910344827586207,0.9993103448275862,0.3531448275862069,1.9724142851307989,0.4,29.625,0.0,20.0,False
env_odom_noise,0.06428571428571428,0.5,0.0008877808989802905,0.12205511332082641,0.7195687175607728,-0.28504491177289876,0.9910344827586207,0.9993103448275862,0.3531448275862069,1.9773674657568336,0.4,29.625,0.0,20.0,False
env_odom_noise,0.06428571428571428,0.5,0.001838263351530691,0.12205511328020544,0.7179853025523558,-0.28104713020995314,0.9917355371900827,0.9993112947658402,0.3538468319559229,1.981121026352048,0.4,29.75,0.0,20.0,False
env_odom_noise,0.06428571428571428,0.5,0.003806358250624933,0.1220551138194299,0.7156176366761929,-0.2728066768581841,0.992445054945055,0.9993131868131868,0.3545582417582418,1.9986472081393003,0.4,30.0,0.0,20.0,False
env_odom_noise,0.06428571428571428,0.5,0.00788154924594252,0.12198536606065982,0.7134065394657795,-0.2558368079845906,0.9931600547195623,0.9993160054719562,0.3552760601915185,2.0234061386436224,0.4,30.375,0.0,20.0,False
env_odom_noise,0.06428571428571428,0.5,0.01631975090784437,0.12209089539458748,0.7119961833655186,-0.21894875514917422,0.9925975773889637,0.9993270524899058,0.35472462987886955,2.082118147984147,0.35,30.857142857142858,0.0,20.0,False
env_odom_noise,0.06428571428571428,0.5,0.03379212149580846,0.1224848224790155,0.7082783575844999,-0.15956982572033115,0.9946879150066401,0.99933598937583,0.35682390438247014,2.155620155669749,0.35,32.285714285714285,0.0,20.0,False
env_odom_noise,0.06428571428571428,0.5,0.0699708887492028,0.12238431198500824,0.7093258142066824,-0.05394816619760225,0.9947089947089947,1.0,0.35750899470899467,2.321715372428298,0.3,31.666666666666668,0.0,20.0,False
env_odom_noise,0.06428571428571428,0.5,0.14488363132100487,0.1225703199977695,0.7075858236021793,0.10128063508997576,0.9980340760157274,1.0,0.36083407601572737,2.4340247701853515,0.3,32.833333333333336,0.0,20.0,False
env_odom_noise,0.06428571428571428,0.5,0.3,0.12257032343633639,0.7037207783454306,0.3170633654685057,0.9986962190352021,1.0,0.3614962190352021,2.508179662376642,0.3,33.5,0.0,20.0,False
env_odom_noise,0.08571428571428572,0.00010000000000000009,0.00010000000000000009,0.1249957313802484,0.9200583109821384,130.6095794539857,0.12956521739130436,0.20695652173913043,1.3006782608695653,0.4439691089093685,0.9,26.5,0.0,20.0,False
env_odom_noise,0.08571428571428572,0.00010000000000000009,0.00020706272838739032,0.1249957311290452,0.9200589896546886,90.57233927211298,0.14173913043478262,0.22695652173913045,1.2685043478260871,0.44438122063875196,0.9,26.5,0.0,20.0,False
env_odom_noise,0.08571428571428572,0.00010000000000000009,0.0004287497348723022,0.12499573099581844,0.9200707409485995,67.11437818059814,0.1608695652173913,0.2608695652173913,1.2154608695652174,0.4499985799193382,0.9,26.5,0.0,20.0,False
env_odom_noise,0.08571428571428572,0.00010000000000000009,0.0008877808989802905,0.12499573197984871,0.9173212665523448,54.451133897736845,0.1831597222222222,0.3081597222222222,1.1458805555555556,0.4579769052565098,0.9,26.555555555555557,0.0,20.0,False
env_odom_noise,0.08571428571428572,0.00010000000000000009,0.001838263351530691,0.12480202314904502,0.9142817077648316,48.01381864625222,0.2189655172413793,0.36982758620689654,1.0484068965517241,0.4420627415180206,0.85,26.058823529411764,0.0,20.0,False
env_odom_noise,0.08571428571428572,0.00010000000000000009,0.003806358250624933,0.12480202424486672,0.9054520931208342,44.65665972924848,0.2675213675213675,0.43504273504273505,0.9346358974358975,0.4639426194131374,0.85,26.352941176470587,0.0,20.0,False
env_odom_noise,0.08571428571428572,0.00010000000000000009,0.00788154924594252,0.1245610839409858,0.8969778533953969,42.957271795548436,0.33783783783783783,0.5152027027027027,0.7841594594594594,0.4749649949371815,0.75,25.133333333333333,0.0,20.0,False
env_odom_noise,0.08571428571428572,0.00010000000000000009,0.01631975090784437,0.12388422803333424,0.8831009536110308,41.86835077088155,0.4097682119205298,0.5687086092715232,0.658723178807947,0.5223145544528961,0.7,25.0,0.0,20.0,False
env_odom_noise,0.08571428571428572,0.00010000000000000009,0.03379212149580846,0.12377441928350398,0.8680580389465977,41.507545508840956,0.4862681744749596,0.5904684975767367,0.5604633279483037,0.6179352231323719,0.7,26.071428571428573,0.0,20.0,False
env_odom_noise,0.08571428571428572,0.00010000000000000009,0.0699708887492028,0.12360833819088812,0.844470924768897,40.89713958129124,0.5414710485133021,0.6064162754303599,0.489312676056338,0.7695005491375924,0.55,24.363636363636363,0.0,20.0,False
env_odom_noise,0.08571428571428572,0.00010000000000000009,0.14488363132100487,0.12327248239672238,0.8254445052143742,40.47074532782438,0.5621212121212121,0.6113636363636363,0.4637151515151515,1.0264802545309066,0.5,25.0,0.0,20.0,False
env_odom_noise,0.08571428571428572,0.00010000000000000009,0.3,0.12256422838720334,0.8124848664474187,39.94012576856943,0.5761834319526628,0.6183431952662722,0.442673372781065,1.252420324087143,0.5,26.6,0.0,20.0,False
env_odom_noise,0.08571428571428572,0.00021690521830457365,0.00010000000000000009,0.1249957313802484,0.9200583109821384,86.73100195117398,0.15130434782608695,0.24869565217391304,1.2372,0.4439691089093685,0.9,26.5,0.0,20.0,False
env_odom_noise,0.08571428571428572,0.00021690521830457365,0.00020706272838739032,0.12499573135776193,0.9200592205518596,58.34330749714943,0.16521739130434782,0.26260869565217393,1.2093739130434782,0.4444758526980877,0.9,26.5,0.0,20.0,False
env_odom_noise,0.08571428571428572,0.00021690521830457365,0.0004287497348723022,0.1249957320497687,0.9200715577183028,39.46344310232146,0.18347826086956523,0.2956521739130435,1.1580695652173914,0.4504440985620022,0.9,26.5,0.0,20.0,False
env_odom_noise,0.08571428571428572,0.00021690521830457365,0.0008877808989802905,0.12499573097668891,0.9173295917603802,28.348371875584448,0.20399305555555555,0.3411458333333333,1.0920611111111111,0.4586909495294094,0.9,26.555555555555557,0.0,20.0,False
env_odom_noise,0.08571428571428572,0.00021690521830457365,0.001838263351530691,0.12480202370518845,0.91429223963968,22.410589942403746,0.23879310344827587,0.4,0.9984068965517241,0.4427053153514862,0.85,26.058823529411764,0.0,20.0,False
env_odom_noise,0.08571428571428572,0.00021690521830457365,0.003806358250624933,0.12480202523080797,0.9054659613986846,19.380110471551703,0.2863247863247863,0.4675213675213675,0.8833538461538462,0.4646080777049065,0.85,26.352941176470587,0.0,20.0,False
env_odom_noise,0.08571428571428572,0.00021690521830457365,0.00788154924594252,0.12456108335569833,0.8969882069462722,17.932616303109945,0.3564189189189189,0.5464527027027027,0.7343283783783783,0.47550071179866793,0.75,25.133333333333333,0.0,20.0,False
env_odom_noise,0.08571428571428572,0.00021690521830457365,0.01631975090784437,0.12388422720459297,0.8831083037911857,17.197126539079726,0.4288079470198676,0.597682119205298,0.6107099337748344,0.5227140448987484,0.7,25.0,0.0,20.0,False
env_odom_noise,0.08571428571428572,0.00021690521830457365,0.03379212149580846,0.12377442121779696,0.868063783037588,17.01111750590177,0.5048465266558966,0.6195476575121163,0.5128058158319871,0.6182789392769337,0.7,26.071428571428573,0.0,20.0,False
env_odom_noise,0.08571428571428572,0.00021690521830457365,0.0699708887492028,0.12360833974565097,0.8444750906734638,16.83199675094666,0.5610328638497653,0.6353677621283255,0.4407993740219093,0.7697582013905049,0.55,24.363636363636363,0.0,20.0,False
env_odom_noise,0.08571428571428572,0.00021690521830457365,0.14488363132100487,0.12327248188775185,0.8254476310440328,16.788187574736952,0.5818181818181818,0.6401515151515151,0.41523030303030306,1.0266420766711235,0.5,25.0,0.0,20.0,False
env_odom_noise,0.08571428571428572,0.00021690521830457365,0.3,0.12256422880115356,0.8124866364045018,16.73478477062295,0.5961538461538461,0.6464497041420119,0.394596449704142,1.2525051072239877,0.5,26.6,0.0,20.0,False
env_odom_noise,0.08571428571428572,0.00047047873727754753,0.00010000000000000009,0.1249957313802484,0.9200583109821384,54.73071518107293,0.19217391304347825,0.31217391304347825,1.1328521739130435,0.4439691089093685,0.9,26.5,0.0,20.0,False
env_odom_noise,0.08571428571428572,0.00047047873727754753,0.00020706272838739032,0.12499573117654825,0.9200595162261139,37.86474354252047,0.19478260869565217,0.3243478260869565,1.1180695652173913,0.4447853334248066,0.9,26.5,0.0,20.0,False
env_odom_noise,0.08571428571428572,0.00047047873727754753,0.0004287497348723022,0.12499573156677082,0.9200745977995738,24.62467117134293,0.21391304347826087,0.3591304347826087,1.0641565217391304,0.4515172876417637,0.9,26.5,0.0,20.0,False
env_odom_noise,0.08571428571428572,0.00047047873727754753,0.0008877808989802905,0.12499573126747131,0.9173473175628652,15.768485978132443,0.23350694444444445,0.4001736111111111,1.0035194444444446,0.4602103866636753,0.9,26.555555555555557,0.0,20.0,False
env_odom_noise,0.08571428571428572,0.00047047873727754753,0.001838263351530691,0.12480202292804213,0.914314568796941,10.602001546420489,0.2681034482758621,0.45948275862068966,0.9096137931034483,0.4440840817987919,0.85,26.058823529411764,0.0,20.0,False
env_odom_noise,0.08571428571428572,0.00047047873727754753,0.003806358250624933,0.12480202309073422,0.9054956402918881,7.878402324490025,0.3153846153846154,0.5230769230769231,0.7987384615384615,0.4660406559705734,0.85,26.352941176470587,0.0,20.0,False
env_odom_noise,0.08571428571428572,0.00047047873727754753,0.00788154924594252,0.12456108346399186,0.8970106284021945,6.586056575592177,0.3842905405405405,0.6013513513513513,0.6515581081081081,0.4766585543751717,0.75,25.133333333333333,0.0,20.0,False
env_odom_noise,0.08571428571428572,0.00047047873727754753,0.01631975090784437,0.12388422708422779,0.8831240725554599,6.02118836925658,0.4552980132450331,0.6506622516556292,0.5312397350993376,0.5235791005194187,0.7,25.0,0.0,20.0,False
env_odom_noise,0.08571428571428572,0.00047047873727754753,0.03379212149580846,0.12377441928667784,0.8680762042183998,5.916573335116777,0.531502423263328,0.6736672051696284,0.4320303715670436,0.6190246522426606,0.7,26.071428571428573,0.0,20.0,False
env_odom_noise,0.08571428571428572,0.00047047873727754753,0.0699708887492028,0.12360833940561049,0.8444842103355988,5.9334427940503645,0.5868544600938967,0.687793427230047,0.36255211267605625,0.7703173659741879,0.55,24.363636363636363,0.0,20.0,False
env_odom_noise,0.08571428571428572,0.00047047873727754753,0.14488363132100487,0.1232724815698447,0.8254541415726353,6.0641077115678135,0.6075757575757575,0.6916666666666667,0.3379575757575758,1.0269932627677918,0.5,25.0,0.0,20.0,False
env_odom_noise,0.08571428571428572,0.00047047873727754753,0.3,0.12256422855273048,0.812490508587358,6.228502918772241,0.621301775147929,0.6989644970414202,0.3169337278106509,1.2526881113648414,0.5,26.6,0.0,20.0,False
env_odom_noise,0.08571428571428572,0.001020492932168466,0.00010000000000000009,0.1249957313802484,0.9200582955602122,31.056162573860643,0.2391304347826087,0.39565217391304347,1.0024173913043477,0.44401865527033807,0.9,26.5,0.0,20.0,False
env_odom_noise,0.08571428571428572,0.001020492932168466,0.00020706272838739032,0.12499573188662357,0.9200618471567648,22.95234606806795,0.25043478260869567,0.41130434782608694,0.9754608695652174,0.445980803668499,0.9,26.5,0.0,20.0,False
env_odom_noise,0.08571428571428572,0.001020492932168466,0.0004287497348723022,0.12499573131359878,0.9200900995717601,15.201912021603386,0.26260869565217393,0.4373913043478261,0.9372,0.45437867343425753,0.9,26.5,0.0,20.0,False
env_odom_noise,0.08571428571428572,0.001020492932168466,0.0008877808989802905,0.12499573221988881,0.9173977010415123,9.073523111642167,0.2777777777777778,0.4774305555555556,0.8819916666666666,0.46392790228128433,0.9,26.555555555555557,0.0,20.0,False
env_odom_noise,0.08571428571428572,0.001020492932168466,0.001838263351530691,0.1248020239986136,0.9143849910877796,5.007104150843674,0.3129310344827586,0.5310344827586206,0.7932344827586207,0.4478235565125942,0.85,26.058823529411764,0.0,20.0,False
env_odom_noise,0.08571428571428572,0.001020492932168466,0.003806358250624933,0.12480202485732464,0.9055585068842393,2.6827125957097997,0.3598290598290598,0.5905982905982906,0.6867726495726496,0.4690999239683151,0.85,26.352941176470587,0.0,20.0,False
env_odom_noise,0.08571428571428572,0.001020492932168466,0.00788154924594252,0.12456108388037097,0.8970587172747855,1.5351848365797556,0.4239864864864865,0.6655405405405406,0.5476729729729729,0.47914831936359403,0.75,25.133333333333333,0.0,20.0,False
env_odom_noise,0.08571428571428572,0.001020492932168466,0.01631975090784437,0.12388422624837325,0.883158099474213,1.065505482039934,0.4917218543046358,0.7160596026490066,0.4294185430463576,0.5254500456154346,0.7,25.0,0.0,20.0,False
env_odom_noise,0.08571428571428572,0.001020492932168466,0.03379212149580846,0.123774418057843,0.8681031170948817,1.0009345007752917,0.567043618739903,0.7358642972536349,0.33429208400646204,0.6206383995711804,0.7,26.071428571428573,0.0,20.0,False
env_odom_noise,0.08571428571428572,0.001020492932168466,0.0699708887492028,0.12360833665395606,0.8445042870544306,1.1054366722903162,0.621283255086072,0.7480438184663537,0.2678729264475743,0.7715285204350948,0.55,24.363636363636363,0.0,20.0,False
env_odom_noise,0.08571428571428572,0.001020492932168466,0.14488363132100487,0.12327248339497175,0.8254682555568775,1.31451064019005,0.6416666666666667,0.7507575757575757,0.24477575757575754,1.027754934132099,0.5,25.0,0.0,20.0,False
env_odom_noise,0.08571428571428572,0.001020492932168466,0.3,0.12256422757089802,0.8124987886403944,1.5770005458051086,0.6560650887573964,0.7566568047337278,0.22447810650887579,1.2530861094594001,0.5,26.6,0.0,20.0,False
env_odom_noise,0.08571428571428572,0.0022135024223027535,0.00010000000000000009,0.1249957313504239,0.920069468581596,15.154901779888352,0.31043478260869567,0.5182608695652174,0.8085043478260869,0.44714647680521014,0.9,26.5,0.0,20.0,False
env_odom_noise,0.08571428571428572,0.0022135024223027535,0.00020706272838739032,0.12499573250338085,0.9201107599411978,12.06301366823014,0.3173913043478261,0.5321739130434783,0.7876347826086956,0.45280287563800814,0.9,26.5,0.0,20.0,False
env_odom_noise,0.08571428571428572,0.0022135024223027535,0.0004287497348723022,0.12499573217334493,0.9202061051420365,8.412202837492881,0.32608695652173914,0.5530434782608695,0.7580695652173913,0.4636866368353367,0.9,26.5,0.0,20.0,False
env_odom_noise,0.08571428571428572,0.0022135024223027535,0.0008877808989802905,0.1247413843836785,0.9160172493755199,4.8842856362621765,0.3416955017301038,0.5891003460207612,0.7064041522491349,0.4431337721645832,0.85,25.941176470588236,0.0,20.0,False
env_odom_noise,0.08571428571428572,0.0022135024223027535,0.001838263351530691,0.12480202401970301,0.9145500092480157,2.1221943186857035,0.3732758620689655,0.6344827586206897,0.6294413793103448,0.45635889023542403,0.85,26.058823529411764,0.0,20.0,False
env_odom_noise,0.08571428571428572,0.0022135024223027535,0.003806358250624933,0.12480202255069739,0.9056870801007892,0.330697941152439,0.41794871794871796,0.6923076923076923,0.5269435897435897,0.47554765194654464,0.85,26.352941176470587,0.0,20.0,False
env_odom_noise,0.08571428571428572,0.0022135024223027535,0.00788154924594252,0.12456108516844885,0.8954216715149831,-0.632392836410057,0.47892074198988194,0.7580101180438449,0.40026913996627317,0.4810869462788105,0.75,25.2,0.0,20.0,False
env_odom_noise,0.08571428571428572,0.0022135024223027535,0.01631975090784437,0.12388422631069053,0.883230817963169,-1.0251127630253303,0.5455298013245033,0.8071192052980133,0.28455099337748335,0.5294846184551716,0.7,25.0,0.0,20.0,False
env_odom_noise,0.08571428571428572,0.0022135024223027535,0.03379212149580846,0.12377441925952476,0.8681610525375744,-1.0655163924458,0.6187399030694669,0.8255250403877221,0.19293505654281096,0.6241228118538856,0.7,26.071428571428573,0.0,20.0,False
env_odom_noise,0.08571428571428572,0.0022135024223027535,0.0699708887492028,0.1236083377009696,0.8445475590571339,-0.9231144667597158,0.6713615023474179,0.8356807511737089,0.13015774647887324,0.7741499036550522,0.55,24.363636363636363,0.0,20.0,False
env_odom_noise,0.08571428571428572,0.0022135024223027535,0.14488363132100487,0.1232724802801858,0.8254987925917253,-0.6801786481875496,0.6901515151515152,0.8401515151515152,0.12180000000000002,1.0294041275978087,0.5,25.0,0.0,20.0,False
env_odom_noise,0.08571428571428572,0.0022135024223027535,0.3,0.12256422902433224,0.8125169346521246,-0.37500218593705414,0.7041420118343196,0.8461538461538461,0.12978816568047347,1.2539477795362473,0.5,26.6,0.0,20.0,False
env_odom_noise,0.08571428571428572,0.004801202261272809,0.00010000000000000009,0.12452113857776001,0.9113668158895433,5.884127563138233,0.4176672384219554,0.6672384219554031,0.5522943396226415,0.42164130657911303,0.85,26.235294117647058,0.0,20.0,False
env_odom_noise,0.08571428571428572,0.004801202261272809,0.00020706272838739032,0.12452113788600422,0.9114053058915216,4.933386450185907,0.4236706689536878,0.6758147512864494,0.5377145797598628,0.42581614628434183,0.85,26.235294117647058,0.0,20.0,False
env_odom_noise,0.08571428571428572,0.004801202261272809,0.0004287497348723022,0.12458212750644766,0.9114813774368219,3.5581695002549734,0.4280821917808219,0.6909246575342466,0.5181931506849315,0.4228361837565899,0.85,26.294117647058822,0.0,20.0,False
env_odom_noise,0.08571428571428572,0.004801202261272809,0.0008877808989802905,0.12458212752469071,0.9116274476009427,1.946060963764043,0.4469178082191781,0.7166095890410958,0.47367260273972606,0.4380496747791767,0.85,26.294117647058822,0.0,20.0,False
env_odom_noise,0.08571428571428572,0.004801202261272809,0.001838263351530691,0.12458212515396842,0.9043329696200164,0.3980449501678869,0.47023809523809523,0.7525510204081632,0.4144108843537415,0.44855483546853064,0.85,26.529411764705884,0.0,20.0,False
env_odom_noise,0.08571428571428572,0.004801202261272809,0.003806358250624933,0.12434439725875646,0.9035762692469206,-0.788728258612727,0.511844331641286,0.7961082910321489,0.32924737732656517,0.4695573426783085,0.8,25.9375,0.0,20.0,False
env_odom_noise,0.08571428571428572,0.004801202261272809,0.00788154924594252,0.12429821364583402,0.8965377915488532,-1.500865470445929,0.5628140703517588,0.855108877721943,0.2192770519262982,0.48522714860737326,0.75,25.466666666666665,0.0,20.0,False
env_odom_noise,0.08571428571428572,0.004801202261272809,0.01631975090784437,0.12367517135007731,0.8817061746915775,-1.8070955324902385,0.6326194398682042,0.8978583196046128,0.10672224052718293,0.5404718190431594,0.7,25.214285714285715,0.0,20.0,True
env_odom_noise,0.08571428571428572,0.004801202261272809,0.03379212149580846,0.12357032650859198,0.8670293162064027,-1.8240109496952446,0.6969453376205788,0.9147909967845659,0.053954340836012915,0.6327129431068897,0.65,25.307692307692307,0.0,20.0,False
env_odom_noise,0.08571428571428572,0.004801202261272809,0.0699708887492028,0.12340872346221994,0.8440480572767168,-1.6658710712949245,0.7468847352024922,0.9228971962616822,0.09578753894081005,0.7908266350626946,0.55,24.636363636363637,0.0,20.0,False
env_odom_noise,0.08571428571428572,0.004801202261272809,0.14488363132100487,0.12307956126438974,0.8265439169081722,-1.411976112964803,0.763595166163142,0.9274924471299094,0.10790271903323267,1.0540293253958226,0.5,25.2,0.0,20.0,False
env_odom_noise,0.08571428571428572,0.004801202261272809,0.3,0.1222256032804955,0.8117466636321417,-1.0973650256581435,0.776064610866373,0.9317180616740088,0.11614654919236422,1.257605566829443,0.5,27.1,0.0,20.0,False
env_odom_noise,0.08571428571428572,0.010414058246057912,0.00010000000000000009,0.12429522622966889,0.909195806428582,1.2266281140906623,0.5450680272108843,0.7840136054421769,0.30811836734693876,0.4616368941962719,0.8,25.75,0.0,20.0,False
env_odom_noise,0.08571428571428572,0.010414058246057912,0.00020706272838739032,0.1242952259913533,0.9082048579116867,0.9966226136830617,0.5466893039049237,0.7920203735144312,0.2984903225806451,0.4742008574306965,0.8,25.8125,0.0,20.0,False
env_odom_noise,0.08571428571428572,0.010414058246057912,0.0004287497348723022,0.12429522451343217,0.9082668483204576,0.5878847074621515,0.5509337860780985,0.7971137521222411,0.28915246179966037,0.48035889863967896,0.8,25.8125,0.0,20.0,False
env_odom_noise,0.08571428571428572,0.010414058246057912,0.0008877808989802905,0.12429522586467963,0.9065077169974187,0.0016138751372743703,0.5610169491525424,0.8127118644067797,0.2634711864406779,0.4879772238433361,0.8,25.875,0.0,20.0,False
env_odom_noise,0.08571428571428572,0.010414058246057912,0.001838263351530691,0.12415995359158363,0.9045961200693251,-0.6915072706188898,0.5819256756756757,0.8429054054054054,0.21236891891891896,0.49057279974222184,0.8,26.0,0.0,20.0,False
env_odom_noise,0.08571428571428572,0.010414058246057912,0.003806358250624933,0.12411520205285563,0.8945860732371311,-1.331378393084742,0.6183333333333333,0.8816666666666667,0.1372,0.4677579507231712,0.75,25.666666666666668,0.0,20.0,True
env_odom_noise,0.08571428571428572,0.010414058246057912,0.00788154924594252,0.12390378215073672,0.8953161359791585,-1.7703605122314496,0.6630615640599001,0.9251247920133111,0.04901364392678875,0.5344324104487896,0.7,24.785714285714285,0.0,20.0,True
env_odom_noise,0.08571428571428572,0.010414058246057912,0.01631975090784437,0.12365321305035554,0.8763955583471447,-1.9754749203092246,0.7292006525285482,0.9559543230016313,0.04795497553017947,0.5588257528841496,0.65,24.615384615384617,0.0,20.0,False
env_odom_noise,0.08571428571428572,0.010414058246057912,0.03379212149580846,0.12339466838689471,0.8626998906895721,-1.9672628038242075,0.7899361022364217,0.9712460063897763,0.12398210862619807,0.6765239380300045,0.65,25.615384615384617,0.0,20.0,False
env_odom_noise,0.08571428571428572,0.010414058246057912,0.0699708887492028,0.12323649911759194,0.8366492364638615,-1.7962575428133143,0.8348765432098766,0.9776234567901234,0.1753,0.8304460056126117,0.55,25.181818181818183,0.0,20.0,False
env_odom_noise,0.08571428571428572,0.010414058246057912,0.14488363132100487,0.12265915494108542,0.8264557145029188,-1.5536245377837876,0.8511278195488722,0.9804511278195489,0.1943789473684211,1.1060911111533642,0.5,25.5,0.0,20.0,False
env_odom_noise,0.08571428571428572,0.010414058246057912,0.3,0.12192630071379848,0.8082159368956272,-1.23308481782899,0.8631732168850073,0.9832605531295487,0.209233770014556,1.2866659738123416,0.45,26.444444444444443,0.0,20.0,False
env_odom_noise,0.08571428571428572,0.02258863577297737,0.00010000000000000009,0.1244846216754238,0.896361099939136,-0.7483063837407506,0.6802325581395349,0.8729235880398671,0.08404385382059798,0.5030677929520607,0.7,24.857142857142858,0.0,20.0,True
env_odom_noise,0.08571428571428572,0.02258863577297737,0.00020706272838739032,0.12448462230273624,0.8963832676303105,-0.8023616159812957,0.6827242524916943,0.8762458471760798,0.07827840531561459,0.5032160006463527,0.65,23.76923076923077,0.0,20.0,False
env_odom_noise,0.08571428571428572,0.02258863577297737,0.0004287497348723022,0.12448462221695374,0.896428488251595,-0.9012770392756995,0.6893687707641196,0.8845514950166113,0.07661727574750832,0.507908895611763,0.65,23.76923076923077,0.0,20.0,False
env_odom_noise,0.08571428571428572,0.02258863577297737,0.0008877808989802905,0.12448462198910093,0.8965200827628139,-1.0643661965332853,0.6943521594684385,0.8953488372093024,0.07080332225913621,0.5173858426511287,0.65,23.76923076923077,0.0,20.0,False
env_odom_noise,0.08571428571428572,0.02258863577297737,0.001838263351530691,0.12448462123455095,0.891643493963879,-1.2997368649017762,0.7086092715231788,0.9072847682119205,0.0731245033112583,0.5154145829379558,0.65,23.923076923076923,0.0,20.0,False
env_odom_noise,0.08571428571428572,0.02258863577297737,0.003806358250624933,0.12427338352144067,0.8903246257479638,-1.5564854691999084,0.7334983498349835,0.9331683168316832,0.07213003300330034,0.5401334047317505,0.65,24.076923076923077,0.0,20.0,False
env_odom_noise,0.08571428571428572,0.02258863577297737,0.00788154924594252,0.12386666572396872,0.8816633905164007,-1.7669538277245367,0.7655228758169934,0.9607843137254902,0.08910718954248364,0.5667017817497253,0.65,24.53846153846154,0.0,20.0,False
env_odom_noise,0.08571428571428572,0.02258863577297737,0.01631975090784437,0.12399183207993593,0.8762738695045827,-1.8568782680381366,0.8236245954692557,0.982200647249191,0.1686252427184467,0.6617300696671009,0.65,25.0,0.0,20.0,False
env_odom_noise,0.08571428571428572,0.02258863577297737,0.03379212149580846,0.12327803371398197,0.8622704668844104,-1.822036130324359,0.8748019017432647,0.9904912836767037,0.22809318541996837,0.7578855723142623,0.6,24.916666666666668,0.0,20.0,False
env_odom_noise,0.08571428571428572,0.02258863577297737,0.0699708887492028,0.12331216911925781,0.832934324913988,-1.650577186936037,0.9143730886850153,0.9969418960244648,0.27411498470948015,0.9166893996298313,0.55,25.727272727272727,0.0,20.0,False
env_odom_noise,0.08571428571428572,0.02258863577297737,0.14488363132100487,0.12272055158671208,0.8201709948278993,-1.4051888590303727,0.9308035714285714,0.9977678571428571,0.2913714285714285,1.1855528816580772,0.5,26.2,0.0,20.0,False
env_odom_noise,0.08571428571428572,0.02258863577297737,0.3,0.12216162682081826,0.8000080645334299,-1.0779239830654,0.9411764705882353,1.0,0.3039764705882353,1.3500958405435086,0.45,27.555555555555557,0.0,20.0,False
env_odom_noise,0.08571428571428572,0.04899592973540154,0.00010000000000000009,0.12409841784610122,0.8911927044942555,-1.3240967966476973,0.7947454844006568,0.9343185550082101,0.13222692939244673,0.6847174115478992,0.65,24.307692307692307,0.0,20.0,False
env_odom_noise,0.08571428571428572,0.04899592973540154,0.00020706272838739032,0.12408073915529413,0.8912098990249783,-1.3363002059424196,0.7967213114754098,0.9360655737704918,0.13245573770491803,0.6765565127134323,0.65,24.384615384615383,0.0,20.0,False
env_odom_noise,0.08571428571428572,0.04899592973540154,0.0004287497348723022,0.12408074006747073,0.8912455121667978,-1.3549192770910357,0.7991803278688525,0.9385245901639344,0.13245573770491814,0.6811030611395836,0.65,24.384615384615383,0.0,20.0,False
env_odom_noise,0.08571428571428572,0.04899592973540154,0.0008877808989802905,0.1240807404675431,0.8904637506379514,-1.3857583878344235,0.8011456628477905,0.9427168576104746,0.13022880523731595,0.6961689740419388,0.65,24.46153846153846,0.0,20.0,False
env_odom_noise,0.08571428571428572,0.04899592973540154,0.001838263351530691,0.12408073713104077,0.8888074722467854,-1.4401821861139,0.8080065359477124,0.951797385620915,0.1280091503267975,0.7028663776814937,0.65,24.53846153846154,0.0,20.0,False
env_odom_noise,0.08571428571428572,0.04899592973540154,0.003806358250624933,0.12396828956727735,0.8859954177282481,-1.5105227912912405,0.8235772357723578,0.9617886178861789,0.14816585365853663,0.7213001489639282,0.6,23.583333333333332,0.0,20.0,False
env_odom_noise,0.08571428571428572,0.04899592973540154,0.00788154924594252,0.12380301524843475,0.8767628464229987,-1.5793527999153771,0.8534621578099839,0.9790660225442834,0.19532818035426736,0.7231417194008827,0.6,24.083333333333332,0.0,20.0,False
env_odom_noise,0.08571428571428572,0.04899592973540154,0.01631975090784437,0.12376040414110535,0.8615742836834762,-1.5909675153509268,0.9025356576862124,0.9881141045958796,0.25344976228209193,0.765649639815092,0.6,24.916666666666668,0.0,20.0,False
env_odom_noise,0.08571428571428572,0.04899592973540154,0.03379212149580846,0.1234382114722844,0.8476157623742331,-1.525580979325012,0.9409937888198758,0.9914596273291926,0.2952534161490684,0.8594985030591488,0.55,24.818181818181817,0.0,20.0,False
env_odom_noise,0.08571428571428572,0.04899592973540154,0.0699708887492028,0.12314853779826146,0.8337190996244803,-1.3656386323016227,0.9666666666666667,0.9977272727272727,0.32719393939393937,1.076156797260046,0.5,25.0,0.0,20.0,False
env_odom_noise,0.08571428571428572,0.04899592973540154,0.14488363132100487,0.12208950202383796,0.8102948233447902,-1.1130186053102362,0.9795620437956204,0.9978102189781022,0.3401722627737226,1.3128681197762488,0.5,27.5,0.0,20.0,False
env_odom_noise,0.08571428571428572,0.04899592973540154,0.3,0.12199733589406081,0.8073695044743584,-0.7921084572094117,0.9873060648801129,1.0,0.35010606488011287,1.502076232433319,0.4,27.625,0.0,20.0,False
env_odom_noise,0.08571428571428572,0.10627472835292812,0.00010000000000000009,0.12361219972881869,0.8622640664933442,-1.2341600423686556,0.8779527559055118,0.978740157480315,0.21949291338582677,0.8751348666846752,0.6,25.25,0.0,20.0,False
env_odom_noise,0.08571428571428572,0.10627472835292812,0.00020706272838739032,0.12361220001975695,0.8622791371214296,-1.234948746350628,0.8779527559055118,0.978740157480315,0.21949291338582677,0.8768711932003498,0.6,25.25,0.0,20.0,False
env_odom_noise,0.08571428571428572,0.10627472835292812,0.0004287497348723022,0.12361219946502515,0.862310368457158,-1.2364613752762692,0.8779527559055118,0.9803149606299213,0.2210677165354331,0.8804624609649181,0.6,25.25,0.0,20.0,False
env_odom_noise,0.08571428571428572,0.10627472835292812,0.0008877808989802905,0.1236122016328894,0.8612600402143894,-1.238940239863113,0.8789308176100629,0.9819182389937107,0.22364905660377354,0.8893654271960258,0.6,25.333333333333332,0.0,20.0,False
env_odom_noise,0.08571428571428572,0.10627472835292812,0.001838263351530691,0.12361219901152734,0.8594697923843003,-1.243758061549863,0.8854003139717426,0.9843014128728415,0.23250172684458403,0.8964733183383942,0.6,25.416666666666668,0.0,20.0,False
env_odom_noise,0.08571428571428572,0.10627472835292812,0.003806358250624933,0.12361220049752908,0.8576730390095106,-1.2473918535429775,0.8949843260188087,0.9858934169278997,0.2436777429467084,0.907128494977951,0.55,24.272727272727273,0.0,20.0,False
env_odom_noise,0.08571428571428572,0.10627472835292812,0.00788154924594252,0.12367427118771099,0.8548270235374137,-1.2441195568009933,0.9143302180685359,0.9890965732087228,0.2662267912772587,0.9353938028216362,0.55,24.636363636363637,0.0,20.0,False
env_odom_noise,0.08571428571428572,0.10627472835292812,0.01631975090784437,0.12336542827175034,0.8498598595599854,-1.2119265607301029,0.9380804953560371,0.9907120743034056,0.2915925696594427,1.0169133760035038,0.55,25.0,0.0,20.0,False
env_odom_noise,0.08571428571428572,0.10627472835292812,0.03379212149580846,0.12316410008521247,0.8376199800377485,-1.1359136452208811,0.9643939393939394,0.9939393939393939,0.32113333333333327,1.107711737602949,0.55,26.272727272727273,0.0,20.0,False
env_odom_noise,0.08571428571428572,0.10627472835292812,0.0699708887492028,0.12230795684462116,0.825046877912319,-0.9896322082784496,0.9829881656804734,0.9977810650887574,0.34356923076923085,1.3102538108825683,0.5,26.6,0.0,20.0,False
env_odom_noise,0.08571428571428572,0.10627472835292812,0.14488363132100487,0.1217169569618841,0.8059024174727107,-0.7587157283580421,0.9921428571428571,0.9978571428571429,0.3528,1.5251596942543983,0.45,27.88888888888889,0.0,20.0,False
env_odom_noise,0.08571428571428572,0.10627472835292812,0.3,0.12195338053215311,0.8141817590187029,-0.47212494028572627,0.9972027972027973,1.0,0.36000279720279726,1.7180401906371117,0.35,26.857142857142858,0.0,20.0,False
env_odom_noise,0.08571428571428572,0.23051543153651136,0.00010000000000000009,0.12333609512346397,0.8359601539824347,-0.808776161431281,0.9397590361445783,0.9924698795180723,0.29502891566265066,1.3201518386602402,0.55,26.636363636363637,0.0,20.0,False
env_odom_noise,0.08571428571428572,0.23051543153651136,0.00020706272838739032,0.12333609160925696,0.8359737828139804,-0.8082819746700173,0.9405120481927711,0.9924698795180723,0.29578192771084344,1.321537234634161,0.55,26.636363636363637,0.0,20.0,False
env_odom_noise,0.08571428571428572,0.23051543153651136,0.0004287497348723022,0.1233360939719797,0.8360017794009953,-0.8072547333321669,0.9405120481927711,0.9924698795180723,0.29578192771084344,1.3244030557572841,0.55,26.636363636363637,0.0,20.0,False
env_odom_noise,0.08571428571428572,0.23051543153651136,0.0008877808989802905,0.12355347192944675,0.8360598722123072,-0.8059876966866214,0.9406015037593985,0.9924812030075187,0.2958827067669173,1.3225229047238827,0.55,26.727272727272727,0.0,20.0,False
env_odom_noise,0.08571428571428572,0.23051543153651136,0.001838263351530691,0.12355347184459636,0.8361792252860328,-0.8014931813339424,0.943609022556391,0.9924812030075187,0.29889022556390976,1.3345142655074596,0.55,26.727272727272727,0.0,20.0,False
env_odom_noise,0.08571428571428572,0.23051543153651136,0.003806358250624933,0.12297488406822943,0.8364236390528454,-0.7949944915368102,0.9483532934131736,0.9925149700598802,0.30366826347305387,1.3351778149604798,0.55,27.0,0.0,20.0,False
env_odom_noise,0.08571428571428572,0.23051543153651136,0.00788154924594252,0.12283205767780386,0.8297760026577109,-0.7781817658979525,0.9606824925816023,0.9925816023738873,0.3160640949554896,1.3464054517447948,0.55,27.545454545454547,0.0,20.0,False
env_odom_noise,0.08571428571428572,0.23051543153651136,0.01631975090784437,0.12262336059018127,0.8251607543310437,-0.7407967698681182,0.9697640117994101,0.9941002949852508,0.32666430678466085,1.4079019725322723,0.55,27.90909090909091,0.0,20.0,False
env_odom_noise,0.08571428571428572,0.23051543153651136,0.03379212149580846,0.1218664770458541,0.8127944270617092,-0.6687568822933323,0.9826589595375722,0.9956647398843931,0.3411236994219653,1.481321793794632,0.45,27.0,0.0,20.0,False
env_odom_noise,0.08571428571428572,0.23051543153651136,0.0699708887492028,0.12185223293442898,0.8102370581065723,-0.5257232002499295,0.988795518207283,0.9978991596638656,0.3494946778711485,1.693165771663189,0.4,28.25,0.0,20.0,False
env_odom_noise,0.08571428571428572,0.23051543153651136,0.14488363132100487,0.12201037779366668,0.8097073121132929,-0.3407759155149603,0.9924242424242424,0.9986225895316805,0.3538468319559229,1.8765452638268472,0.35,28.428571428571427,0.0,20.0,False
env_odom_noise,0.08571428571428572,0.23051543153651136,0.3,0.12249268232218237,0.8121612649786754,-0.0972368162567044,0.9979452054794521,1.0,0.3607452054794521,2.0431790724396706,0.35,29.0,0.0,20.0,False
env_odom_noise,0.08571428571428572,0.5,0.00010000000000000009,0.12205511386512985,0.8042818494810712,-0.23806770837032676,0.9820936639118457,0.9965564738292011,0.3414501377410468,1.9843174170702695,0.4,29.75,0.0,20.0,False
env_odom_noise,0.08571428571428572,0.5,0.00020706272838739032,0.12205511262540344,0.8042949117881149,-0.23762775266236494,0.9820936639118457,0.9965564738292011,0.3414501377410468,1.9854241110384465,0.4,29.75,0.0,20.0,False
env_odom_noise,0.08571428571428572,0.5,0.0004287497348723022,0.122055112584778,0.804321957621991,-0.23671831322485112,0.9820936639118457,0.9965564738292011,0.3414501377410468,1.9877134673297405,0.4,29.75,0.0,20.0,False
env_odom_noise,0.08571428571428572,0.5,0.0008877808989802905,0.12205511288258812,0.8043778136418923,-0.23484199745183873,0.9820936639118457,0.9965564738292011,0.3414501377410468,1.992445184662938,0.4,29.75,0.0,20.0,False
env_odom_noise,0.08571428571428572,0.5,0.001838263351530691,0.12205511354172754,0.8020764395020888,-0.23181720422962987,0.9821428571428571,0.9965659340659341,0.3415087912087912,1.9931311532855034,0.4,30.0,0.0,20.0,False
env_odom_noise,0.08571428571428572,0.5,0.003806358250624933,0.12205511355224816,0.8006264829726193,-0.22435130139933346,0.9835390946502057,0.9965706447187929,0.3429097393689986,2.0066461373120545,0.4,30.125,0.0,20.0,False
env_odom_noise,0.08571428571428572,0.5,0.00788154924594252,0.12198536775332702,0.799319877491583,-0.20958354857944966,0.9863201094391245,0.9965800273597811,0.34570013679890566,2.034424616023898,0.4,30.375,0.0,20.0,False
env_odom_noise,0.08571428571428572,0.5,0.01631975090784437,0.12192796142809892,0.8002671302708236,-0.17528903284330138,0.9845637583892617,0.9979865771812081,0.3453503355704698,2.081664629280567,0.35,31.142857142857142,0.0,20.0,False
env_odom_noise,0.08571428571428572,0.5,0.03379212149580846,0.12248482054153671,0.7981475243701109,-0.12205924274495893,0.9893758300132802,0.99867197875166,0.35084780876494026,2.1696826486848293,0.35,32.285714285714285,0.0,20.0,False
env_odom_noise,0.08571428571428572,0.5,0.0699708887492028,0.12244228645223652,0.799946350158466,-0.02580491145817749,0.9920739762219286,0.9986789960369881,0.3535529722589167,2.3303604941815137,0.3,31.833333333333332,0.0,20.0,False
env_odom_noise,0.08571428571428572,0.5,0.14488363132100487,0.12257032135846581,0.7968524322073809,0.12073426318298815,0.9947643979057592,0.9993455497382199,0.3569099476439791,2.439998834580183,0.3,33.0,0.0,20.0,False
env_odom_noise,0.08571428571428572,0.5,0.3,0.12257032317099158,0.7957244918438018,0.3289388761416022,0.9980417754569191,1.0,0.3608417754569191,2.5240651898086073,0.3,33.333333333333336,0.0,20.0,False
env_odom_noise,0.10714285714285715,0.00010000000000000009,0.00010000000000000009,0.12499573385036526,0.9985764156568926,178.83919148462766,0.12173913043478261,0.19043478260869565,1.3250260869565218,0.4690687097609043,0.9,26.5,0.0,20.0,False
env_odom_noise,0.10714285714285715,0.00010000000000000009,0.00020706272838739032,0.12499573367166354,0.9985773995267648,117.06105798891515,0.13391304347826086,0.21043478260869566,1.2928521739130434,0.46945015117526057,0.9,26.5,0.0,20.0,False
env_odom_noise,0.10714285714285715,0.00010000000000000009,0.0004287497348723022,0.12499573457599396,0.9955214625470226,80.75074983948413,0.1467013888888889,0.2404513888888889,1.250047222222222,0.4680198170244694,0.9,26.555555555555557,0.0,20.0,False
env_odom_noise,0.10714285714285715,0.00010000000000000009,0.0008877808989802905,0.12499573355033339,0.9919813926166386,61.15073803197422,0.16666666666666666,0.27979274611398963,1.1907405872193437,0.4905522741377354,0.9,26.72222222222222,0.0,20.0,False
env_odom_noise,0.10714285714285715,0.00010000000000000009,0.001838263351530691,0.12480202542963427,0.9849467739365867,51.01358659409327,0.19914529914529913,0.3367521367521368,1.1013025641025642,0.467615008354187,0.85,26.352941176470587,0.0,20.0,False
env_odom_noise,0.10714285714285715,0.00010000000000000009,0.003806358250624933,0.12480202583639781,0.977892438702281,46.071526026877564,0.23979591836734693,0.4098639455782313,0.9875401360544218,0.47662162557244303,0.85,26.529411764705884,0.0,20.0,False
env_odom_noise,0.10714285714285715,0.00010000000000000009,0.00788154924594252,0.12456108513571384,0.9732046950054661,43.61033221180374,0.2988215488215488,0.48484848484848486,0.8535299663299662,0.5044408358633519,0.75,25.266666666666666,0.0,20.0,False
env_odom_noise,0.10714285714285715,0.00010000000000000009,0.01631975090784437,0.1238842262537447,0.9635064090627242,42.32646101517389,0.3714759535655058,0.5480928689883914,0.7176311774461028,0.5549007698893547,0.7,24.928571428571427,0.0,20.0,False
env_odom_noise,0.10714285714285715,0.00010000000000000009,0.03379212149580846,0.12412313517618488,0.9462243560403956,41.75837642915935,0.45948136142625606,0.5826580226904376,0.5950606158833063,0.6576100163161754,0.7,25.928571428571427,0.0,20.0,False
env_odom_noise,0.10714285714285715,0.00010000000000000009,0.0699708887492028,0.12360833988675746,0.920554331805147,40.8576218471184,0.5210608424336973,0.6021840873634945,0.5139550702028082,0.7698945343494416,0.55,24.545454545454547,0.0,20.0,False
env_odom_noise,0.10714285714285715,0.00010000000000000009,0.14488363132100487,0.12327248240084644,0.9061711019666441,40.57621863124351,0.5500758725341427,0.6107738998482549,0.4763502276176024,1.043707152456045,0.5,24.9,0.0,20.0,False
env_odom_noise,0.10714285714285715,0.00010000000000000009,0.3,0.12255799904328987,0.8962698354011205,40.22507298201021,0.5676077265973254,0.6129271916790491,0.4566650817236255,1.27322678565979,0.5,26.3,0.0,20.0,False
env_odom_noise,0.10714285714285715,0.00021690521830457365,0.00010000000000000009,0.12499573385036526,0.9985764156568926,125.34342822309569,0.14521739130434783,0.23217391304347826,1.259808695652174,0.4690687097609043,0.9,26.5,0.0,20.0,False
env_odom_noise,0.10714285714285715,0.00021690521830457365,0.00020706272838739032,0.12499573366475117,0.9985777388143277,81.39015367411179,0.15739130434782608,0.25478260869565217,1.2250260869565217,0.4695343844592571,0.9,26.5,0.0,20.0,False
env_odom_noise,0.10714285714285715,0.00021690521830457365,0.0004287497348723022,0.12499573380486044,0.9955232224985281,52.08440534892121,0.16666666666666666,0.2743055555555556,1.1962277777777777,0.4684158980846405,0.9,26.555555555555557,0.0,20.0,False
env_odom_noise,0.10714285714285715,0.00021690521830457365,0.0008877808989802905,0.12499573430250553,0.991994774753997,34.889242867935835,0.18825561312607944,0.31088082901554404,1.1380635578583767,0.49121048152446745,0.9,26.72222222222222,0.0,20.0,False
env_odom_noise,0.10714285714285715,0.00021690521830457365,0.001838263351530691,0.12480202539296098,0.9849620966325559,25.554671392882426,0.2188034188034188,0.36752136752136755,1.0508752136752135,0.4681480288505554,0.85,26.352941176470587,0.0,20.0,False
env_odom_noise,0.10714285714285715,0.00021690521830457365,0.003806358250624933,0.12480202434407621,0.9779115788941728,20.905903873800632,0.2585034013605442,0.44047619047619047,0.9382204081632652,0.4772689417004585,0.85,26.529411764705884,0.0,20.0,False
env_odom_noise,0.10714285714285715,0.00021690521830457365,0.00788154924594252,0.12456108334268441,0.9732172554331208,18.665650849049968,0.3181818181818182,0.515993265993266,0.8030249158249159,0.5049103446304798,0.75,25.266666666666666,0.0,20.0,False
env_odom_noise,0.10714285714285715,0.00021690521830457365,0.01631975090784437,0.12388422613085848,0.9635159922301753,17.613322071679892,0.39054726368159204,0.5771144278606966,0.6695383084577113,0.555291748046875,0.7,24.928571428571427,0.0,20.0,False
env_odom_noise,0.10714285714285715,0.00021690521830457365,0.03379212149580846,0.1241231354612426,0.9462317225286963,17.232690727491402,0.47811993517017826,0.6110210696920584,0.5480589951377633,0.6579450994729996,0.7,25.928571428571427,0.0,20.0,False
env_odom_noise,0.10714285714285715,0.00021690521830457365,0.0699708887492028,0.12360833733915688,0.9205598561104057,16.86750904712105,0.5405616224648986,0.6310452418096724,0.46559313572542904,0.7701486445963382,0.55,24.545454545454547,0.0,20.0,False
env_odom_noise,0.10714285714285715,0.00021690521830457365,0.14488363132100487,0.12327248144185299,0.9061748508666058,16.857710760313722,0.5698027314112292,0.6396054628224582,0.4277918057663126,1.0438668571412564,0.5,24.9,0.0,20.0,False
env_odom_noise,0.10714285714285715,0.00021690521830457365,0.3,0.12255799926658661,0.8962720054033557,16.859179048777573,0.587667161961367,0.6419019316493314,0.40763090638930155,1.2733108565211295,0.5,26.3,0.0,20.0,False
env_odom_noise,0.10714285714285715,0.00047047873727754753,0.00010000000000000009,0.12499573385036526,0.9985764156568926,82.39705846187813,0.18347826086956523,0.3017391304347826,1.1519826086956522,0.4690687097609043,0.9,26.5,0.0,20.0,False
env_odom_noise,0.10714285714285715,0.00047047873727754753,0.00020706272838739032,0.12499573338158322,0.9985782908824399,56.204001023287454,0.18695652173913044,0.31565217391304345,1.134591304347826,0.46981160417199136,0.9,26.5,0.0,20.0,False
env_odom_noise,0.10714285714285715,0.00047047873727754753,0.0004287497348723022,0.1249957346991345,0.99182226218765,35.58068215433295,0.2003454231433506,0.3333333333333333,1.103521243523316,0.4775951337069273,0.9,26.72222222222222,0.0,20.0,False
env_odom_noise,0.10714285714285715,0.00047047873727754753,0.0008877808989802905,0.12499573354224273,0.9920228471976587,21.842664428198628,0.22107081174438686,0.36528497409326427,1.0508442141623489,0.4926143459975719,0.9,26.72222222222222,0.0,20.0,False
env_odom_noise,0.10714285714285715,0.00047047873727754753,0.001838263351530691,0.12480202550804657,0.9849947985255096,13.700791149080256,0.24871794871794872,0.4247863247863248,0.9636957264957265,0.4692927017807961,0.85,26.352941176470587,0.0,20.0,False
env_odom_noise,0.10714285714285715,0.00047047873727754753,0.003806358250624933,0.12480202464212384,0.9779524915094407,9.4257560242738,0.28656462585034015,0.49744897959183676,0.8531863945578231,0.4786618024110794,0.85,26.529411764705884,0.0,20.0,False
env_odom_noise,0.10714285714285715,0.00047047873727754753,0.00788154924594252,0.12456108462875187,0.973244888836234,7.34824718371246,0.3451178451178451,0.5698653198653199,0.722216835016835,0.5059256538748741,0.75,25.266666666666666,0.0,20.0,False
env_odom_noise,0.10714285714285715,0.00047047873727754753,0.01631975090784437,0.12388422666103673,0.9635365691470082,6.416705359228814,0.41708126036484244,0.6301824212271974,0.5899363184079602,0.5561389565467835,0.7,24.928571428571427,0.0,20.0,False
env_odom_noise,0.10714285714285715,0.00047047873727754753,0.03379212149580846,0.12412313549284319,0.9462475900352039,6.123559256399905,0.5040518638573744,0.6636952998379254,0.46945283630470014,0.6586716927587986,0.7,25.928571428571427,0.0,20.0,False
env_odom_noise,0.10714285714285715,0.00047047873727754753,0.0699708887492028,0.12360833848102473,0.9205716143109838,6.002842845083973,0.5663026521060842,0.6833073322932918,0.387590015600624,0.7706999942660332,0.55,24.545454545454547,0.0,20.0,False
env_odom_noise,0.10714285714285715,0.00047047873727754753,0.14488363132100487,0.12327248201844704,0.9061831967946486,6.117329711051474,0.5955993930197269,0.6911987860394537,0.3504018209408194,1.044212756305933,0.5,24.9,0.0,20.0,False
env_odom_noise,0.10714285714285715,0.00047047873727754753,0.3,0.12255799906035186,0.896276808283442,6.280348276286141,0.6136701337295691,0.6946508172362555,0.3288790490341753,1.273493804037571,0.5,26.3,0.0,20.0,False
env_odom_noise,0.10714285714285715,0.001020492932168466,0.00010000000000000009,0.12499573385036526,0.9985763952722533,48.62055673210608,0.22695652173913045,0.3843478260869565,1.025895652173913,0.4691163323819637,0.9,26.5,0.0,20.0,False
env_odom_noise,0.10714285714285715,0.001020492932168466,0.00020706272838739032,0.12499573401348979,0.9985820140076108,35.999303462896044,0.23478260869565218,0.39043478260869563,1.0119826086956523,0.4709027364850044,0.9,26.5,0.0,20.0,False
env_odom_noise,0.10714285714285715,0.001020492932168466,0.0004287497348723022,0.12499573313848707,0.9918536365747733,23.90349946903463,0.24611398963730569,0.4075993091537133,0.9834867012089811,0.4800639864057302,0.9,26.72222222222222,0.0,20.0,False
env_odom_noise,0.10714285714285715,0.001020492932168466,0.0008877808989802905,0.12480202521959721,0.9905036892491106,14.292209408046654,0.26890034364261167,0.43986254295532645,0.9284371134020619,0.4792216829955578,0.9,26.88888888888889,0.0,20.0,False
env_odom_noise,0.10714285714285715,0.001020492932168466,0.001838263351530691,0.12480202466406409,0.985095142301814,7.891218911219334,0.288034188034188,0.49572649572649574,0.8534393162393162,0.4723635628819466,0.85,26.352941176470587,0.0,20.0,False
env_odom_noise,0.10714285714285715,0.001020492932168466,0.003806358250624933,0.12480202424753467,0.9761215066816589,4.174771603500183,0.32682512733446517,0.567062818336163,0.7433120543293719,0.47916754335165024,0.85,26.58823529411765,0.0,20.0,False
env_odom_noise,0.10714285714285715,0.001020492932168466,0.00788154924594252,0.12456108219604867,0.9733031558499136,2.295795546362171,0.3838383838383838,0.6338383838383839,0.6195232323232323,0.5081111483275891,0.75,25.266666666666666,0.0,20.0,False
env_odom_noise,0.10714285714285715,0.001020492932168466,0.01631975090784437,0.12388422810407501,0.96082690267999,1.439608637573574,0.4544701986754967,0.6945364238410596,0.48819337748344366,0.5461874917149544,0.7,25.0,0.0,20.0,False
env_odom_noise,0.10714285714285715,0.001020492932168466,0.03379212149580846,0.12412313557043468,0.946282102852833,1.1996512987749062,0.539708265802269,0.7260940032414911,0.37139773095623985,0.6602435559034348,0.7,25.928571428571427,0.0,20.0,False
env_odom_noise,0.10714285714285715,0.001020492932168466,0.0699708887492028,0.12360833924119459,0.9205970872200055,1.189647833668421,0.6006240249609984,0.7433697347893916,0.29320624024960995,0.771894683688879,0.55,24.545454545454547,0.0,20.0,False
env_odom_noise,0.10714285714285715,0.001020492932168466,0.14488363132100487,0.12327248046418025,0.9062012209307535,1.3604644574196267,0.629742033383915,0.7503793626707133,0.25707860394537174,1.0449630975723267,0.5,24.9,0.0,20.0,False
env_odom_noise,0.10714285714285715,0.001020492932168466,0.3,0.12255799954808823,0.8962871093729711,1.596864091832304,0.6485884101040119,0.7526002971768202,0.23601129271916788,1.2738902315497398,0.5,26.3,0.0,20.0,False
env_odom_noise,0.10714285714285715,0.0022135024223027535,0.00010000000000000009,0.12499573412586074,0.9985933171042638,25.12365440060376,0.3026086956521739,0.4991304347826087,0.8354608695652174,0.47200779169797896,0.9,26.5,0.0,20.0,False
env_odom_noise,0.10714285714285715,0.0022135024223027535,0.00020706272838739032,0.12499573340401071,0.9932969679854827,20.288406223140452,0.305363321799308,0.5034602076124568,0.8283764705882353,0.4848931014537811,0.9,26.666666666666668,0.0,20.0,False
env_odom_noise,0.10714285714285715,0.0022135024223027535,0.0004287497348723022,0.12499573541657659,0.9920316645938778,14.5831046610077,0.31519861830742657,0.5198618307426598,0.8021395509499136,0.48828587494790554,0.9,26.72222222222222,0.0,20.0,False
env_odom_noise,0.10714285714285715,0.0022135024223027535,0.0008877808989802905,0.12480202399420694,0.9848343048701443,8.982738874196437,0.32905982905982906,0.5487179487179488,0.7594222222222222,0.45648644044995307,0.85,26.352941176470587,0.0,20.0,False
env_odom_noise,0.10714285714285715,0.0022135024223027535,0.001838263351530691,0.12480202446779999,0.9853279795694523,4.617846322423589,0.34444444444444444,0.5991452991452991,0.6936102564102564,0.47938298657536504,0.85,26.352941176470587,0.0,20.0,False
env_odom_noise,0.10714285714285715,0.0022135024223027535,0.003806358250624933,0.12480202403513294,0.9762985000978504,1.709481768295418,0.38030560271646857,0.6595925297113752,0.5973018675721562,0.48528762683272364,0.85,26.58823529411765,0.0,20.0,False
env_odom_noise,0.10714285714285715,0.0022135024223027535,0.00788154924594252,0.12456108261772718,0.9734265320896233,0.1011279905508891,0.4385521885521885,0.7272727272727273,0.47137508417508417,0.5127843864262104,0.75,25.266666666666666,0.0,20.0,False
env_odom_noise,0.10714285714285715,0.0022135024223027535,0.01631975090784437,0.12388422548462283,0.9609216961169098,-0.6601828044527966,0.5099337748344371,0.7839403973509934,0.34332582781456944,0.5501299239695072,0.7,25.0,0.0,20.0,False
env_odom_noise,0.10714285714285715,0.0022135024223027535,0.03379212149580846,0.12412313733643048,0.9463565115231892,-0.873072982906319,0.5907617504051864,0.8144246353322528,0.23201361426256073,0.6636376276612281,0.7,25.928571428571427,0.0,20.0,False
env_odom_noise,0.10714285714285715,0.0022135024223027535,0.0699708887492028,0.12360833873843914,0.920652487041862,-0.8331150469616053,0.6513260530421217,0.8307332293291732,0.15514071762870518,0.7744795307517052,0.55,24.545454545454547,0.0,20.0,False
env_odom_noise,0.10714285714285715,0.0022135024223027535,0.14488363132100487,0.12327248104719973,0.9062403201337736,-0.6373821994210055,0.6790591805766313,0.8399089529590288,0.11823186646433992,1.046587686240673,0.5,24.9,0.0,20.0,False
env_odom_noise,0.10714285714285715,0.0022135024223027535,0.3,0.12255800111052284,0.8963095982951359,-0.3684303500220593,0.6968796433878157,0.8424962852897474,0.12618335809806835,1.2747494131326675,0.5,26.3,0.0,20.0,False
env_odom_noise,0.10714285714285715,0.004801202261272809,0.00010000000000000009,0.12458212648438205,0.9861104816670986,11.122122448747401,0.4028960817717206,0.6320272572402045,0.602276660988075,0.45691974461078644,0.85,26.470588235294116,0.0,20.0,False
env_odom_noise,0.10714285714285715,0.004801202261272809,0.00020706272838739032,0.12458212627381386,0.9861752960795782,9.607608462394966,0.40545144804088584,0.637137989778535,0.5946105621805792,0.4603067435324192,0.85,26.470588235294116,0.0,20.0,False
env_odom_noise,0.10714285714285715,0.004801202261272809,0.0004287497348723022,0.12458212622799487,0.9863017855944052,7.436692910154182,0.4131175468483816,0.6550255536626917,0.5690568994889267,0.4668893352150917,0.85,26.470588235294116,0.0,20.0,False
env_odom_noise,0.10714285714285715,0.004801202261272809,0.0008877808989802905,0.12458212851454468,0.9865388134234777,4.858923993694484,0.42163543441226575,0.6788756388415673,0.536688926746167,0.4793006218969822,0.85,26.470588235294116,0.0,20.0,False
env_odom_noise,0.10714285714285715,0.004801202261272809,0.001838263351530691,0.12458212822908753,0.9792923009768655,2.3483628052178873,0.4398305084745763,0.7177966101694915,0.47957288135593223,0.466038566082716,0.8,25.875,0.0,20.0,False
env_odom_noise,0.10714285714285715,0.004801202261272809,0.003806358250624933,0.12434439723762665,0.9778481368012267,0.3960215435485275,0.47133220910623946,0.760539629005059,0.4053281618887015,0.46718346178531645,0.75,25.2,0.0,20.0,False
env_odom_noise,0.10714285714285715,0.004801202261272809,0.00788154924594252,0.12397520633848051,0.9721094018833087,-0.8386487966553389,0.5275459098497496,0.827212020033389,0.2824420701168614,0.5142903909087181,0.75,25.6,0.0,20.0,False
env_odom_noise,0.10714285714285715,0.004801202261272809,0.01631975090784437,0.1238327635524371,0.9585398989257968,-1.4543994272596652,0.5934426229508196,0.8762295081967213,0.16752786885245907,0.5527283608913421,0.7,25.428571428571427,0.0,20.0,False
env_odom_noise,0.10714285714285715,0.004801202261272809,0.03379212149580846,0.12325561277883915,0.9439031933525034,-1.654231802500784,0.6690705128205128,0.9046474358974359,0.06348205128205131,0.6403796676546335,0.65,25.46153846153846,0.0,20.0,False
env_odom_noise,0.10714285714285715,0.004801202261272809,0.0699708887492028,0.12340872165863358,0.9219850165379356,-1.57545197894415,0.7255054432348367,0.9191290824261276,0.07817636080870916,0.7988595105707645,0.55,24.727272727272727,0.0,20.0,False
env_odom_noise,0.10714285714285715,0.004801202261272809,0.14488363132100487,0.1230795638475779,0.9075762324558212,-1.370471295153768,0.7526475037821483,0.9273827534039334,0.09706475037821494,1.070883797109127,0.5,25.1,0.0,20.0,False
env_odom_noise,0.10714285714285715,0.004801202261272809,0.3,0.122019484463414,0.8903085428787115,-1.076102491688331,0.7719298245614035,0.9298245614035088,0.11390526315789473,1.2482925616204739,0.45,26.11111111111111,0.0,20.0,False
env_odom_noise,0.10714285714285715,0.010414058246057912,0.00010000000000000009,0.12429522493809571,0.9814568534578967,3.8141220199849775,0.5202702702702703,0.7474662162162162,0.3694635135135135,0.48977176025509833,0.8,26.0,0.0,20.0,False
env_odom_noise,0.10714285714285715,0.010414058246057912,0.00020706272838739032,0.1242952269393549,0.981503623920407,3.418741826214056,0.5244932432432432,0.75,0.3627067567567568,0.4926680505275726,0.8,26.0,0.0,20.0,False
env_odom_noise,0.10714285714285715,0.010414058246057912,0.0004287497348723022,0.12429522504724781,0.9815972847903885,2.759614463291045,0.5261824324324325,0.7635135135135135,0.34750405405405405,0.49849011451005937,0.8,26.0,0.0,20.0,False
env_odom_noise,0.10714285714285715,0.010414058246057912,0.0008877808989802905,0.1242952258197355,0.9817802628653886,1.8117381302786744,0.5304054054054054,0.7736486486486487,0.33314594594594593,0.5099451333284378,0.8,26.0,0.0,20.0,False
env_odom_noise,0.10714285714285715,0.010414058246057912,0.001838263351530691,0.12415995351489213,0.9799638164039517,0.675040335514041,0.5505050505050505,0.8013468013468014,0.28534814814814813,0.5008365094661713,0.75,25.266666666666666,0.0,20.0,False
env_odom_noise,0.10714285714285715,0.010414058246057912,0.003806358250624933,0.12400507516866348,0.9788243919821755,-0.39599264261005895,0.5864093959731543,0.8414429530201343,0.20934765100671138,0.5272465132176876,0.75,25.4,0.0,20.0,False
env_odom_noise,0.10714285714285715,0.010414058246057912,0.00788154924594252,0.12406059468779915,0.9719837830441111,-1.2023330502757044,0.6266556291390728,0.8923841059602649,0.11816026490066234,0.5625862933695316,0.7,25.0,0.0,20.0,True
env_odom_noise,0.10714285714285715,0.010414058246057912,0.01631975090784437,0.12354145233277027,0.9563145172249075,-1.6576473166274477,0.6848534201954397,0.9397394136807817,0.01691400651465802,0.592035212367773,0.65,24.692307692307693,0.0,20.0,False
env_odom_noise,0.10714285714285715,0.010414058246057912,0.03379212149580846,0.1230815932129349,0.9450492202702515,-1.8010376232887735,0.7611821086261981,0.9608626198083067,0.08484472843450475,0.7007930420339108,0.65,25.615384615384617,0.0,20.0,False
env_odom_noise,0.10714285714285715,0.010414058246057912,0.0699708887492028,0.12310461565186986,0.916447983885203,-1.7166825133403079,0.8143297380585516,0.9738058551617874,0.150935593220339,0.8385999970138073,0.55,25.272727272727273,0.0,20.0,False
env_odom_noise,0.10714285714285715,0.010414058246057912,0.14488363132100487,0.12265915371160134,0.9043973130344982,-1.5078871552755213,0.8408408408408409,0.9804804804804805,0.18412132132132142,1.115967271476984,0.5,25.6,0.0,20.0,False
env_odom_noise,0.10714285714285715,0.010414058246057912,0.3,0.12193907314295736,0.8903892358846497,-1.2144773040226313,0.8582848837209303,0.9811046511627907,0.20218953488372093,1.2937438555061818,0.45,26.555555555555557,0.0,20.0,False
env_odom_noise,0.10714285714285715,0.02258863577297737,0.00010000000000000009,0.12448462131886447,0.9761764331638559,0.4881734863010266,0.6461794019933554,0.8322259136212624,0.15879468438538213,0.5280474953353405,0.65,23.76923076923077,0.0,20.0,False
env_odom_noise,0.10714285714285715,0.02258863577297737,0.00020706272838739032,0.12448462280975721,0.9762065129831767,0.3982432280421567,0.6470099667774086,0.8338870431893688,0.15630299003322257,0.5301930874586105,0.65,23.76923076923077,0.0,20.0,False
env_odom_noise,0.10714285714285715,0.02258863577297737,0.0004287497348723022,0.12427338645339918,0.9741574870113724,0.22289970909078965,0.6514900662251656,0.8377483443708609,0.14796158940397353,0.5277670413255692,0.65,23.923076923076923,0.0,20.0,False
env_odom_noise,0.10714285714285715,0.02258863577297737,0.0008877808989802905,0.12427338265742126,0.9742781332520113,-0.05196936226156308,0.6564569536423841,0.8435430463576159,0.1372,0.5359625115990638,0.65,23.923076923076923,0.0,20.0,False
env_odom_noise,0.10714285714285715,0.02258863577297737,0.001838263351530691,0.12427338335987295,0.9689880980801787,-0.45447472643132175,0.6740924092409241,0.8663366336633663,0.0967709570957096,0.5303657241165638,0.65,24.076923076923077,0.0,20.0,False
env_odom_noise,0.10714285714285715,0.02258863577297737,0.003806358250624933,0.1242733834289893,0.9661086776319232,-0.9046562452060495,0.6929392446633826,0.8973727422003284,0.06736650246305431,0.5576994083821774,0.65,24.307692307692307,0.0,20.0,False
env_odom_noise,0.10714285714285715,0.02258863577297737,0.00788154924594252,0.12427338526366133,0.9658444333254217,-1.3115725876267024,0.7278688524590164,0.9336065573770492,0.06606229508196726,0.6276535868644715,0.65,24.384615384615383,0.0,20.0,False
env_odom_noise,0.10714285714285715,0.02258863577297737,0.01631975090784437,0.12394829683574357,0.9519348829453173,-1.5885432895497151,0.7801932367149759,0.9637681159420289,0.10676135265700482,0.6671746764332056,0.65,25.23076923076923,0.0,20.0,False
env_odom_noise,0.10714285714285715,0.02258863577297737,0.03379212149580846,0.12327803108234857,0.9414227001071328,-1.6659710633502658,0.8504746835443038,0.9818037974683544,0.19507848101265823,0.7618667624890805,0.55,23.727272727272727,0.0,20.0,False
env_odom_noise,0.10714285714285715,0.02258863577297737,0.0699708887492028,0.12331217006789695,0.9102682950163414,-1.5659457379317188,0.8954198473282443,0.9916030534351145,0.24982290076335878,0.9271660856902599,0.55,25.818181818181817,0.0,20.0,False
env_odom_noise,0.10714285714285715,0.02258863577297737,0.14488363132100487,0.12272055361555571,0.9002131947454076,-1.3647143954518297,0.9196428571428571,0.9977678571428571,0.2802107142857142,1.1930624902248383,0.5,26.2,0.0,20.0,False
env_odom_noise,0.10714285714285715,0.02258863577297737,0.3,0.12208851428800759,0.8984088262742327,-1.0436244270149229,0.9365192582025678,0.9978601997146933,0.2971794579172611,1.3893062055110932,0.4,26.625,0.0,20.0,False
env_odom_noise,0.10714285714285715,0.04899592973540154,0.00010000000000000009,0.12396828892383478,0.9687154739697544,-0.7326425046351391,0.75814332247557,0.8990228013029316,0.13092052117263853,0.6858326531946659,0.65,24.692307692307693,0.0,20.0,False
env_odom_noise,0.10714285714285715,0.04899592973540154,0.00020706272838739032,0.12396829151612487,0.968736564137781,-0.7508938225362863,0.758957654723127,0.9030944625407166,0.1276631921824105,0.6876855663955211,0.65,24.692307692307693,0.0,20.0,False
env_odom_noise,0.10714285714285715,0.04899592973540154,0.0004287497348723022,0.12396828854776461,0.9677747076714885,-0.7837145775440381,0.7601626016260162,0.9048780487804878,0.12708455284552844,0.7016310960054397,0.65,24.76923076923077,0.0,20.0,False
env_odom_noise,0.10714285714285715,0.04899592973540154,0.0008877808989802905,0.12396828697491204,0.9678488978935904,-0.8487505516331944,0.7634146341463415,0.9097560975609756,0.12545853658536588,0.7000629156827927,0.6,23.583333333333332,0.0,20.0,False
env_odom_noise,0.10714285714285715,0.04899592973540154,0.001838263351530691,0.12396829105558854,0.9680043212067957,-0.9547978349973593,0.7707317073170732,0.9186991869918699,0.12383252032520331,0.7151327595114708,0.6,23.583333333333332,0.0,20.0,False
env_odom_noise,0.10714285714285715,0.04899592973540154,0.003806358250624933,0.12396828969021,0.9683291583200037,-1.0999962245809303,0.7878048780487805,0.9333333333333333,0.12627154471544721,0.7451342158019543,0.6,23.583333333333332,0.0,20.0,False
env_odom_noise,0.10714285714285715,0.04899592973540154,0.00788154924594252,0.12380301886999864,0.9508142129474897,-1.2705081259581683,0.8152,0.9544,0.13260000000000005,0.7216270238161087,0.6,24.416666666666668,0.0,20.0,False
env_odom_noise,0.10714285714285715,0.04899592973540154,0.01631975090784437,0.12376040529766524,0.9422111202281602,-1.377722529681473,0.8510301109350238,0.9778129952456418,0.1916431061806656,0.7933365166187286,0.6,24.916666666666668,0.0,20.0,False
env_odom_noise,0.10714285714285715,0.04899592973540154,0.03379212149580846,0.12327836311056627,0.9250055965001803,-1.3949665365307775,0.910355486862442,0.9868624420401855,0.26001792890262754,0.8627255044877529,0.55,25.09090909090909,0.0,20.0,False
env_odom_noise,0.10714285714285715,0.04899592973540154,0.0699708887492028,0.1228292552292354,0.9149096907008394,-1.2922476269300203,0.9485627836611196,0.9924357034795764,0.303798487140696,1.0827639065682888,0.5,25.1,0.0,20.0,False
env_odom_noise,0.10714285714285715,0.04899592973540154,0.14488363132100487,0.12208487190042715,0.8930063488513159,-1.0745003090630714,0.9693877551020408,0.9978134110787172,0.33000116618075803,1.3160865023732184,0.45,26.333333333333332,0.0,20.0,False
env_odom_noise,0.10714285714285715,0.04899592973540154,0.3,0.12199733260395529,0.8948212772057028,-0.7709458915820953,0.9823695345557123,0.9978843441466855,0.3430538787023978,1.517939992249012,0.4,27.625,0.0,20.0,False
env_odom_noise,0.10714285714285715,0.10627472835292812,0.00010000000000000009,0.12361219989544268,0.9418748522616909,-0.952322778780809,0.8398744113029827,0.9607535321821036,0.16342794348508627,0.8952111281454563,0.6,25.416666666666668,0.0,20.0,False
env_odom_noise,0.10714285714285715,0.10627472835292812,0.00020706272838739032,0.1236121985894578,0.9418930793931635,-0.9550208813726933,0.8406593406593407,0.9607535321821036,0.16421287284144426,0.8967377379536629,0.6,25.416666666666668,0.0,20.0,False
env_odom_noise,0.10714285714285715,0.10627472835292812,0.0004287497348723022,0.12361219752941946,0.9419307811790721,-0.9603762702195368,0.8406593406593407,0.9607535321821036,0.16421287284144426,0.8922698654234409,0.55,24.181818181818183,0.0,20.0,False
env_odom_noise,0.10714285714285715,0.10627472835292812,0.0008877808989802905,0.12361219958446504,0.9420086172211289,-0.9705535467096571,0.8430141287284144,0.9638932496075353,0.16970737833594973,0.8985767252743244,0.55,24.181818181818183,0.0,20.0,False
env_odom_noise,0.10714285714285715,0.10627472835292812,0.001838263351530691,0.12361219912917659,0.9399606720772099,-0.9899322335980695,0.8471786833855799,0.9670846394984326,0.1770633228840125,0.9026934511959552,0.55,24.272727272727273,0.0,20.0,False
env_odom_noise,0.10714285714285715,0.10627472835292812,0.003806358250624933,0.12326111843205964,0.9403152882169802,-1.0199083266313524,0.85546875,0.96953125,0.18779999999999997,0.9309347666800022,0.55,24.454545454545453,0.0,20.0,False
env_odom_noise,0.10714285714285715,0.10627472835292812,0.00788154924594252,0.1236742714719015,0.9389078353004657,-1.0491016321040239,0.8736349453978159,0.9812792511700468,0.21771419656786273,0.9649783127009869,0.55,24.545454545454547,0.0,20.0,False
env_odom_noise,0.10714285714285715,0.10627472835292812,0.01631975090784437,0.12336542917005837,0.928039300049715,-1.0647486928746968,0.9027777777777778,0.9853395061728395,0.2509172839506173,1.0248722426593304,0.55,25.181818181818183,0.0,20.0,False
env_odom_noise,0.10714285714285715,0.10627472835292812,0.03379212149580846,0.12316410012177566,0.9155047818985951,-1.0322288545145655,0.9358006042296072,0.9909365558912386,0.28953716012084585,1.11250591725111,0.55,26.454545454545453,0.0,20.0,False
env_odom_noise,0.10714285714285715,0.10627472835292812,0.0699708887492028,0.1221868893061831,0.9091715910126992,-0.9298066843873076,0.96602658788774,0.9926144756277696,0.3214410635155096,1.312753675878048,0.5,26.7,0.0,20.0,False
env_odom_noise,0.10714285714285715,0.10627472835292812,0.14488363132100487,0.12171695912402565,0.8988725951983808,-0.6997920706977397,0.9837340876944838,0.9978783592644979,0.34441244695898166,1.5537008881568908,0.4,27.375,0.0,20.0,False
env_odom_noise,0.10714285714285715,0.10627472835292812,0.3,0.12211249099815653,0.9034863544750876,-0.4539511492194913,0.9930167597765364,0.9986033519553073,0.3544201117318436,1.7233823344111443,0.35,27.0,0.0,20.0,False
env_odom_noise,0.10714285714285715,0.23051543153651136,0.00010000000000000009,0.12355347074347961,0.9212959959432037,-0.6735705986595812,0.9043674698795181,0.9871987951807228,0.25436626506024096,1.3397970885038375,0.55,26.636363636363637,0.0,20.0,False
env_odom_noise,0.10714285714285715,0.23051543153651136,0.00020706272838739032,0.12355347411528352,0.9213137338930358,-0.6735079940819626,0.9043674698795181,0.9871987951807228,0.25436626506024096,1.3411064498126506,0.55,26.636363636363637,0.0,20.0,False
env_odom_noise,0.10714285714285715,0.23051543153651136,0.0004287497348723022,0.12355346929461565,0.9213501669583933,-0.6733625702377706,0.9051204819277109,0.9871987951807228,0.25511927710843374,1.3438161574304104,0.55,26.636363636363637,0.0,20.0,False
env_odom_noise,0.10714285714285715,0.23051543153651136,0.0008877808989802905,0.1235534730869974,0.9214253628585634,-0.6729968323415942,0.9073795180722891,0.9871987951807228,0.25737831325301197,1.349421138316393,0.55,26.636363636363637,0.0,20.0,False
env_odom_noise,0.10714285714285715,0.23051543153651136,0.001838263351530691,0.12355347100108398,0.9190509839780654,-0.6730894229936649,0.9082706766917293,0.987218045112782,0.25828872180451135,1.3554934054613113,0.55,26.727272727272727,0.0,20.0,False
env_odom_noise,0.10714285714285715,0.23051543153651136,0.003806358250624933,0.12297488472805132,0.9159739048746598,-0.6744607357975124,0.912816691505216,0.9880774962742176,0.26369418777943365,1.3393977895379066,0.55,27.272727272727273,0.0,20.0,False
env_odom_noise,0.10714285714285715,0.23051543153651136,0.00788154924594252,0.12262336094527856,0.910776881491172,-0.6703591772114338,0.9238165680473372,0.9896449704142012,0.27626153846153845,1.3468062341213227,0.55,27.727272727272727,0.0,20.0,False
env_odom_noise,0.10714285714285715,0.23051543153651136,0.01631975090784437,0.12261702162730734,0.9067681710882447,-0.6485932512279501,0.9404411764705882,0.9911764705882353,0.29441764705882356,1.4113694235682488,0.55,28.09090909090909,0.0,20.0,False
env_odom_noise,0.10714285714285715,0.23051543153651136,0.03379212149580846,0.12186647543239626,0.8963672287579441,-0.5967466507341642,0.9588150289017341,0.9927745664739884,0.31438959537572253,1.4976222723722459,0.45,27.0,0.0,20.0,False
env_odom_noise,0.10714285714285715,0.23051543153651136,0.0699708887492028,0.12185223252062284,0.899378609792244,-0.4735210599916627,0.9761904761904762,0.9943977591036415,0.33338823529411765,1.7096963375806808,0.4,28.25,0.0,20.0,False
env_odom_noise,0.10714285714285715,0.23051543153651136,0.14488363132100487,0.1220103763860931,0.8997998311204973,-0.30807043153265784,0.9882920110192838,0.9979338842975206,0.3490258953168044,1.8914784401655198,0.35,28.428571428571427,0.0,20.0,False
env_odom_noise,0.10714285714285715,0.23051543153651136,0.3,0.12235000174457579,0.9031702655768854,-0.08199493844854112,0.9931693989071039,0.9986338797814208,0.3546032786885247,2.040691818296909,0.35,29.285714285714285,0.0,20.0,False
env_odom_noise,0.10714285714285715,0.5,0.00010000000000000009,0.12205511247476682,0.891349061446481,-0.17169800845013994,0.9573590096286108,0.9938101788170564,0.3139691884456671,1.9975003197789192,0.4,29.875,0.0,20.0,False
env_odom_noise,0.10714285714285715,0.5,0.00020706272838739032,0.12205511308167559,0.8913661599676889,-0.17135225305801435,0.9573590096286108,0.9938101788170564,0.3139691884456671,1.9985598001629115,0.4,29.875,0.0,20.0,False
env_odom_noise,0.10714285714285715,0.5,0.0004287497348723022,0.12205511321973399,0.8914015182794947,-0.17063677507278224,0.9573590096286108,0.9938101788170564,0.3139691884456671,2.0007520794868467,0.4,29.875,0.0,20.0,False
env_odom_noise,0.10714285714285715,0.5,0.0008877808989802905,0.1220551141287802,0.8914749202564568,-0.16915666105752794,0.9573590096286108,0.9938101788170564,0.3139691884456671,2.005286168679595,0.4,29.875,0.0,20.0,False
env_odom_noise,0.10714285714285715,0.5,0.001838263351530691,0.12205511199437911,0.8899119385545341,-0.16675334620091137,0.9587912087912088,0.9938186813186813,0.3154098901098902,2.0079660434275866,0.4,30.0,0.0,20.0,False
env_odom_noise,0.10714285714285715,0.5,0.003806358250624933,0.12198536646060902,0.8902242265486173,-0.16117993492191615,0.9615912208504801,0.9938271604938271,0.31821838134430724,2.020949361845851,0.4,30.125,0.0,20.0,False
env_odom_noise,0.10714285714285715,0.5,0.00788154924594252,0.12198536586657846,0.8959744153370315,-0.13730054853230128,0.9600271002710027,0.9939024390243902,0.31672953929539294,2.073750149831176,0.35,30.142857142857142,0.0,20.0,False
env_odom_noise,0.10714285714285715,0.5,0.01631975090784437,0.12186146572119291,0.8918877392054008,-0.11758393029908157,0.9671581769436998,0.9953083109919572,0.32526648793565693,2.091197329200804,0.35,31.285714285714285,0.0,20.0,False
env_odom_noise,0.10714285714285715,0.5,0.03379212149580846,0.12248481950578198,0.8899363455822026,-0.07311079185062419,0.9774236387782205,0.9960159362549801,0.33623957503320057,2.1854471613653006,0.35,32.285714285714285,0.0,20.0,False
env_odom_noise,0.10714285714285715,0.5,0.0699708887492028,0.1224422865334966,0.892450911806203,0.011963135218622505,0.9867899603698811,0.9980184940554822,0.34760845442536326,2.344748955219984,0.3,31.833333333333332,0.0,20.0,False
env_odom_noise,0.10714285714285715,0.5,0.14488363132100487,0.12257032324852243,0.8893588676337525,0.14699132432143738,0.9921465968586387,0.9986910994764397,0.35363769633507847,2.4536952551454307,0.3,33.0,0.0,20.0,False
env_odom_noise,0.10714285714285715,0.5,0.3,0.12257032258124724,0.8883151051050848,0.34551690540343527,0.9934725848563969,0.9986945169712794,0.3549671018276763,2.53732338398695,0.3,33.333333333333336,0.0,20.0,False
env_odom_noise,0.12857142857142856,0.00010000000000000009,0.00010000000000000009,0.12499573150714506,1.062211512014472,237.3008222379295,0.11815068493150685,0.17893835616438356,1.3401109589041096,0.4861098438501358,0.9,27.0,0.0,20.0,False
env_odom_noise,0.12857142857142856,0.00010000000000000009,0.00020706272838739032,0.12499573131540377,1.0622129370375837,148.77668219045734,0.12585616438356165,0.1934931506849315,1.317850684931507,0.486297607421875,0.9,27.0,0.0,20.0,False
env_odom_noise,0.12857142857142856,0.00010000000000000009,0.0004287497348723022,0.12499573264243098,1.0622547754375675,97.0202722982122,0.1327054794520548,0.22602739726027396,1.2784671232876712,0.48975984305143355,0.9,27.0,0.0,20.0,False
env_odom_noise,0.12857142857142856,0.00010000000000000009,0.0008877808989802905,0.12480202329287207,1.0607572122586726,69.05228807812394,0.14991482112436116,0.2614991482112436,1.2257860306643953,0.46834990978240965,0.85,26.470588235294116,0.0,20.0,False
env_odom_noise,0.12857142857142856,0.00010000000000000009,0.001838263351530691,0.12480202260485884,1.0561912813257577,54.836986617250446,0.18505942275042445,0.3064516129032258,1.1456889643463497,0.47983218282461165,0.85,26.58823529411765,0.0,20.0,False
env_odom_noise,0.12857142857142856,0.00010000000000000009,0.003806358250624933,0.1248020237768384,1.0520013740148526,47.8677789236256,0.2233502538071066,0.37648054145516074,1.0373692047377325,0.4982911840081215,0.85,26.705882352941178,0.0,20.0,False
env_odom_noise,0.12857142857142856,0.00010000000000000009,0.00788154924594252,0.1243444104153346,1.0494646610991878,44.388198621436544,0.27386934673366836,0.4489112227805695,0.9144194304857621,0.5333912946283818,0.75,25.466666666666665,0.0,20.0,False
env_odom_noise,0.12857142857142856,0.00010000000000000009,0.01631975090784437,0.12388422811114445,1.03647674681344,42.511472091695154,0.34349258649093906,0.5263591433278418,0.7673482701812191,0.5593674406409264,0.7,25.214285714285715,0.0,20.0,False
env_odom_noise,0.12857142857142856,0.00010000000000000009,0.03379212149580846,0.12380225940339752,1.027098701913882,41.91411428291868,0.41585760517799353,0.5720064724919094,0.6493359223300971,0.6807079128921032,0.7,26.0,0.0,20.0,False
env_odom_noise,0.12857142857142856,0.00010000000000000009,0.0699708887492028,0.12360833810920405,1.0018134075076244,41.03430722172368,0.49453125,0.59453125,0.5481375,0.800974965840578,0.55,24.454545454545453,0.0,20.0,False
env_odom_noise,0.12857142857142856,0.00010000000000000009,0.14488363132100487,0.123272481157471,0.982324670681061,40.50609119692461,0.5431164901664145,0.6074130105900152,0.4866704992435703,1.0494871065020561,0.5,25.1,0.0,20.0,False
env_odom_noise,0.12857142857142856,0.00010000000000000009,0.3,0.12220135137924255,0.9758101462562329,40.11259849839889,0.5584319526627219,0.6131656804733728,0.4656023668639052,1.2535429812967778,0.45,25.22222222222222,0.0,20.0,False
env_odom_noise,0.12857142857142856,0.00021690521830457365,0.00010000000000000009,0.12499573150714506,1.062211512014472,172.55072956339552,0.1386986301369863,0.2106164383561644,1.2878849315068495,0.4861098438501358,0.9,27.0,0.0,20.0,False
env_odom_noise,0.12857142857142856,0.00021690521830457365,0.00020706272838739032,0.12499573122500109,1.0622135178558068,109.34714060440835,0.1464041095890411,0.2285958904109589,1.2622,0.4863364458084106,0.9,27.0,0.0,20.0,False
env_odom_noise,0.12857142857142856,0.00021690521830457365,0.0004287497348723022,0.12499573154687574,1.062258749857181,67.42115820049739,0.1541095890410959,0.2602739726027397,1.2228164383561644,0.4900894984602928,0.9,27.0,0.0,20.0,False
env_odom_noise,0.12857142857142856,0.00021690521830457365,0.0008877808989802905,0.12480202315830796,1.060773378454243,42.68519602088371,0.1695059625212947,0.2938671209540034,1.173826916524702,0.4688724562525749,0.85,26.470588235294116,0.0,20.0,False
env_odom_noise,0.12857142857142856,0.00021690521830457365,0.001838263351530691,0.12480202346383179,1.056210040992352,29.459490021988934,0.20458404074702885,0.3387096774193548,1.0939062818336163,0.4803502678871155,0.85,26.58823529411765,0.0,20.0,False
env_odom_noise,0.12857142857142856,0.00021690521830457365,0.003806358250624933,0.12480202299475174,1.0520246812805494,22.80763452047399,0.24196277495769883,0.4069373942470389,0.9882998307952623,0.49892632439732554,0.85,26.705882352941178,0.0,20.0,False
env_odom_noise,0.12857142857142856,0.00021690521830457365,0.00788154924594252,0.12434441065789424,1.049479532044671,19.54720309934766,0.29396984924623115,0.47906197654941374,0.8641681742043551,0.5338306568562985,0.75,25.466666666666665,0.0,20.0,False
env_odom_noise,0.12857142857142856,0.00021690521830457365,0.01631975090784437,0.12388422725680887,1.0364884710896436,17.959960086909426,0.3624382207578254,0.5551894563426688,0.7195723228995058,0.5597344197332859,0.7,25.214285714285715,0.0,20.0,False
env_odom_noise,0.12857142857142856,0.00021690521830457365,0.03379212149580846,0.12380225828074048,1.0271076253351044,17.425207839123562,0.43527508090614886,0.6011326860841424,0.6007922330097087,0.680997421592474,0.7,26.0,0.0,20.0,False
env_odom_noise,0.12857142857142856,0.00021690521830457365,0.0699708887492028,0.12360833700862969,1.0018199828368526,17.0066422012783,0.5140625,0.6234375,0.49970000000000003,0.8012181751430034,0.55,24.454545454545453,0.0,20.0,False
env_odom_noise,0.12857142857142856,0.00021690521830457365,0.14488363132100487,0.12327248118715349,0.9823292568400408,16.859334500443772,0.5627836611195158,0.6361573373676248,0.43825900151285935,1.0496432766318322,0.5,25.1,0.0,20.0,False
env_odom_noise,0.12857142857142856,0.00021690521830457365,0.3,0.1222013505917436,0.9758129677572848,16.816644732857483,0.5791420118343196,0.6420118343195266,0.41604615384615384,1.2536273702979088,0.45,25.22222222222222,0.0,20.0,False
env_odom_noise,0.12857142857142856,0.00047047873727754753,0.00010000000000000009,0.12499573150714506,1.062211512014472,116.45683501337719,0.1703767123287671,0.276541095890411,1.190282191780822,0.4861098438501358,0.9,27.0,0.0,20.0,False
env_odom_noise,0.12857142857142856,0.00047047873727754753,0.00020706272838739032,0.12499573150288527,1.062215048910624,78.63669394502722,0.17722602739726026,0.2910958904109589,1.1688780821917808,0.48648726344108584,0.9,27.0,0.0,20.0,False
env_odom_noise,0.12857142857142856,0.00047047873727754753,0.0004287497348723022,0.12499573135134195,1.0622695364899575,49.004796928163955,0.18493150684931506,0.3236301369863014,1.1286383561643836,0.4909065917134285,0.9,27.0,0.0,20.0,False
env_odom_noise,0.12857142857142856,0.00047047873727754753,0.0008877808989802905,0.12480202308833921,1.060807190669703,29.117912593513015,0.19931856899488926,0.35093696763202725,1.0869444633730836,0.4699864163994789,0.85,26.470588235294116,0.0,20.0,False
env_odom_noise,0.12857142857142856,0.00047047873727754753,0.001838263351530691,0.12480202435611057,1.0562500222399727,17.50669767249893,0.23429541595925296,0.3938879456706282,1.009016638370119,0.4814627327024937,0.85,26.58823529411765,0.0,20.0,False
env_odom_noise,0.12857142857142856,0.00047047873727754753,0.003806358250624933,0.12480202552499121,1.0520746719676155,11.33993450484762,0.2715736040609137,0.461082910321489,0.9045434856175973,0.5002923302352429,0.85,26.705882352941178,0.0,20.0,False
env_odom_noise,0.12857142857142856,0.00047047873727754753,0.00788154924594252,0.12434440857394895,1.049511740273124,8.268663927880839,0.32160804020100503,0.5343383584589615,0.7812536013400335,0.5347797892987728,0.75,25.466666666666665,0.0,20.0,False
env_odom_noise,0.12857142857142856,0.00047047873727754753,0.01631975090784437,0.12388422759155159,1.0365134791018504,6.834499333477377,0.38879736408566723,0.6079077429983526,0.6404948929159802,0.5605283930897713,0.7,25.214285714285715,0.0,20.0,False
env_odom_noise,0.12857142857142856,0.00047047873727754753,0.03379212149580846,0.1238022596450724,1.0271269819713924,6.332896798112765,0.46116504854368934,0.6537216828478964,0.5223132686084142,0.6816247440874577,0.7,26.0,0.0,20.0,False
env_odom_noise,0.12857142857142856,0.00047047873727754753,0.0699708887492028,0.12360833731409161,1.0018342749577638,6.124851232017749,0.53984375,0.67578125,0.42157500000000003,0.8017450541257858,0.55,24.454545454545453,0.0,20.0,False
env_odom_noise,0.12857142857142856,0.00047047873727754753,0.14488363132100487,0.12327248358524344,0.9823389567478571,6.1514185576763305,0.5885022692889561,0.6875945537065052,0.36110317700453864,1.049982450902462,0.5,25.1,0.0,20.0,False
env_odom_noise,0.12857142857142856,0.00047047873727754753,0.3,0.12220135053959802,0.9758184750051536,6.270428345880112,0.6057692307692307,0.6945266272189349,0.3369041420118344,1.253808868676424,0.45,25.22222222222222,0.0,20.0,False
env_odom_noise,0.12857142857142856,0.001020492932168466,0.00010000000000000009,0.12499573150714506,1.062211466570919,70.38757311203705,0.2166095890410959,0.3664383561643836,1.0541520547945205,0.4861333817243576,0.9,27.0,0.0,20.0,False
env_odom_noise,0.12857142857142856,0.001020492932168466,0.00020706272838739032,0.12499573233130241,1.0622234952173835,52.06726633903176,0.2208904109589041,0.3784246575342466,1.0378849315068492,0.4872092202305794,0.9,27.0,0.0,20.0,False
env_odom_noise,0.12857142857142856,0.001020492932168466,0.0004287497348723022,0.12499573218188764,1.0606009828377205,34.53839585797641,0.2247863247863248,0.394017094017094,1.0183965811965812,0.4922670692205429,0.9,27.055555555555557,0.0,20.0,False
env_odom_noise,0.12857142857142856,0.001020492932168466,0.0008877808989802905,0.12480202242445824,1.060900028253533,20.658965551406812,0.24361158432708688,0.42078364565587734,0.9728047700170358,0.4727155141532421,0.85,26.470588235294116,0.0,20.0,False
env_odom_noise,0.12857142857142856,0.001020492932168466,0.001838263351530691,0.12480202583101911,1.0563727210830673,11.414808736165696,0.2758913412563667,0.4617996604414261,0.8995089983022071,0.4844766087830067,0.85,26.58823529411765,0.0,20.0,False
env_odom_noise,0.12857142857142856,0.001020492932168466,0.003806358250624933,0.12480202540509142,1.052179637426537,6.035326311913935,0.30879864636209814,0.5304568527918782,0.7979445008460238,0.5032053738832474,0.85,26.705882352941178,0.0,20.0,False
env_odom_noise,0.12857142857142856,0.001020492932168466,0.00788154924594252,0.12434441096528191,1.0495802755691748,3.216246043122309,0.35845896147403683,0.5988274706867671,0.6799135678391961,0.5368198923766613,0.75,25.466666666666665,0.0,20.0,False
env_odom_noise,0.12857142857142856,0.001020492932168466,0.01631975090784437,0.12404218789032734,1.0365676793569423,1.902035358981927,0.4243421052631579,0.6702302631578947,0.5426276315789473,0.5521310590207577,0.7,25.285714285714285,0.0,20.0,False
env_odom_noise,0.12857142857142856,0.001020492932168466,0.03379212149580846,0.12380225956075067,1.0271688016353955,1.416048857316322,0.4967637540453074,0.7160194174757282,0.4244168284789644,0.6769363813102245,0.65,25.0,0.0,20.0,False
env_odom_noise,0.12857142857142856,0.001020492932168466,0.0699708887492028,0.12360833903148152,1.001865275902949,1.3038154950381449,0.57421875,0.7359375,0.32704374999999997,0.802887349575758,0.55,24.454545454545453,0.0,20.0,False
env_odom_noise,0.12857142857142856,0.001020492932168466,0.14488363132100487,0.12327248363370717,0.9823604568651906,1.4088758202876486,0.6225416036308623,0.7465960665658093,0.26806232980332834,1.0507177241146564,0.5,25.1,0.0,20.0,False
env_odom_noise,0.12857142857142856,0.001020492932168466,0.3,0.12220135116555386,0.9758308667449979,1.6023426142485897,0.6405325443786982,0.7529585798816568,0.24370887573964495,1.2542031042277813,0.45,25.22222222222222,0.0,20.0,False
env_odom_noise,0.12857142857142856,0.0022135024223027535,0.00010000000000000009,0.12499573255000565,1.0622438146543913,37.55695035104206,0.2791095890410959,0.4803082191780822,0.877782191780822,0.4882651925086975,0.9,27.0,0.0,20.0,False
env_odom_noise,0.12857142857142856,0.0022135024223027535,0.00020706272838739032,0.12499573282729867,1.0623330694809265,30.486966766336394,0.2808219178082192,0.488013698630137,0.8683643835616438,0.49238326102495195,0.9,27.0,0.0,20.0,False
env_odom_noise,0.12857142857142856,0.0022135024223027535,0.0004287497348723022,0.12480202396895398,1.0608219245784525,22.048261919880648,0.28960817717206133,0.5008517887563884,0.8467400340715503,0.46690768748521805,0.85,26.470588235294116,0.0,20.0,False
env_odom_noise,0.12857142857142856,0.0022135024223027535,0.0008877808989802905,0.12480202578004718,1.0611843399267993,14.04090515787859,0.3083475298126065,0.5281090289608177,0.8007434412265758,0.4799165703356266,0.85,26.470588235294116,0.0,20.0,False
env_odom_noise,0.12857142857142856,0.0022135024223027535,0.001838263351530691,0.1248020231686906,1.05665748197032,7.658075392696213,0.3361629881154499,0.566213921901528,0.7348230899830221,0.49138958007097244,0.85,26.58823529411765,0.0,20.0,False
env_odom_noise,0.12857142857142856,0.0022135024223027535,0.003806358250624933,0.12456108426373648,1.0523950183247686,3.3928399966137683,0.3650927487352445,0.6290050590219224,0.643102192242833,0.4814396485686302,0.8,26.0625,0.0,20.0,False
env_odom_noise,0.12857142857142856,0.0022135024223027535,0.00788154924594252,0.12418781006281245,1.049724551434857,0.9781512273423221,0.4122073578595318,0.6906354515050167,0.5343571906354515,0.5293504826724529,0.75,25.533333333333335,0.0,20.0,False
env_odom_noise,0.12857142857142856,0.0022135024223027535,0.01631975090784437,0.12404218634383284,1.036683526280678,-0.2065858988626854,0.4777960526315789,0.7606907894736842,0.3987131578947369,0.5557457908987999,0.7,25.285714285714285,0.0,20.0,False
env_odom_noise,0.12857142857142856,0.0022135024223027535,0.03379212149580846,0.12380225922950265,1.0272592399457319,-0.6552671401278116,0.5493527508090615,0.8058252427184466,0.28202200647249187,0.6798576653003693,0.65,25.0,0.0,20.0,False
env_odom_noise,0.12857142857142856,0.0022135024223027535,0.0699708887492028,0.12360833675625246,1.0019320606662572,-0.7227928102990863,0.62421875,0.8234375,0.1895437499999999,0.805359797179699,0.55,24.454545454545453,0.0,20.0,False
env_odom_noise,0.12857142857142856,0.0022135024223027535,0.14488363132100487,0.12327248309656987,0.9824066836349116,-0.5830777237435577,0.6709531013615734,0.8358547655068078,0.1303921331316188,1.0523096367716789,0.5,25.1,0.0,20.0,False
env_odom_noise,0.12857142857142856,0.0022135024223027535,0.3,0.12220135251969104,0.9758576891697749,-0.3555065347937993,0.6886094674556213,0.8431952662721893,0.11721420118343207,1.2550583221018314,0.45,25.22222222222222,0.0,20.0,False
env_odom_noise,0.12857142857142856,0.004801202261272809,0.00010000000000000009,0.12458212711407597,1.0575960486618883,17.519377085272385,0.38917089678510997,0.6082910321489001,0.6397380710659899,0.469985007494688,0.85,26.705882352941178,0.0,20.0,False
env_odom_noise,0.12857142857142856,0.004801202261272809,0.00020706272838739032,0.1245821282572545,1.0576777401834616,15.311627455102185,0.39086294416243655,0.6133671742808798,0.6329698815566835,0.473142796009779,0.85,26.705882352941178,0.0,20.0,False
env_odom_noise,0.12857142857142856,0.004801202261272809,0.0004287497348723022,0.12458212531256604,1.0578369769617015,12.151449799998407,0.39593908629441626,0.6201353637901861,0.6211255499153976,0.47937466874718665,0.85,26.705882352941178,0.0,20.0,False
env_odom_noise,0.12857142857142856,0.004801202261272809,0.0008877808989802905,0.12458212556198317,1.0581340490639821,8.397289437913477,0.4077834179357022,0.6429780033840947,0.5864385786802031,0.49122787788510325,0.85,26.705882352941178,0.0,20.0,False
env_odom_noise,0.12857142857142856,0.004801202261272809,0.001838263351530691,0.1244807869250932,1.058648158857297,4.7486202299513085,0.4239864864864865,0.6765202702702703,0.5366932432432432,0.4943170003592968,0.8,26.0,0.0,20.0,False
env_odom_noise,0.12857142857142856,0.004801202261272809,0.003806358250624933,0.1243443953724182,1.052680913344479,1.8584155582560309,0.45302013422818793,0.7290268456375839,0.45515302013422815,0.49458812475204467,0.75,25.4,0.0,20.0,False
env_odom_noise,0.12857142857142856,0.004801202261272809,0.00788154924594252,0.1239752066297842,1.051448152161934,-0.015441880148819677,0.4975,0.7841666666666667,0.3555333333333333,0.5487604752182961,0.75,25.666666666666668,0.0,20.0,False
env_odom_noise,0.12857142857142856,0.004801202261272809,0.01631975090784437,0.12358626096279007,1.0314506876563387,-1.0292729442098536,0.5566343042071198,0.8503236245954693,0.2302420711974109,0.5519964426755906,0.65,25.0,0.0,20.0,False
env_odom_noise,0.12857142857142856,0.004801202261272809,0.03379212149580846,0.12359728787765453,1.024332440472308,-1.4250575469205637,0.6286173633440515,0.8954983922829582,0.11308424437299025,0.6816102057695389,0.65,25.307692307692307,0.0,20.0,False
env_odom_noise,0.12857142857142856,0.004801202261272809,0.0699708887492028,0.1232758345916922,1.0008417985984808,-1.4690694565498057,0.6984496124031008,0.9108527131782945,0.05939689922480629,0.8083720088005066,0.55,24.90909090909091,0.0,20.0,False
env_odom_noise,0.12857142857142856,0.004801202261272809,0.14488363132100487,0.12282507319137342,0.98400578727843,-1.3199225360398392,0.7454819277108434,0.9231927710843374,0.09408915662650608,1.0666943944990634,0.5,25.4,0.0,20.0,False
env_odom_noise,0.12857142857142856,0.004801202261272809,0.3,0.12203204136805657,0.987708601313287,-1.0244256449350173,0.7655571635311144,0.9305354558610709,0.10682170767004351,1.2852304443717002,0.4,25.375,0.0,20.0,False
env_odom_noise,0.12857142857142856,0.010414058246057912,0.00010000000000000009,0.12429522721250455,1.0612936248495328,7.020962706555383,0.5084317032040472,0.7234401349072512,0.4053281618887016,0.525994061678648,0.8,26.0625,0.0,20.0,False
env_odom_noise,0.12857142857142856,0.010414058246057912,0.00020706272838739032,0.12429522705817717,1.0582965504553987,6.418823108784092,0.5109427609427609,0.7281144781144782,0.3981427609427609,0.5174237921833992,0.8,26.125,0.0,20.0,False
env_odom_noise,0.12857142857142856,0.010414058246057912,0.0004287497348723022,0.12429522486885423,1.0584103188206382,5.446049139965108,0.5151515151515151,0.7356902356902357,0.3863582491582491,0.5231464438140392,0.8,26.125,0.0,20.0,False
env_odom_noise,0.12857142857142856,0.010414058246057912,0.0008877808989802905,0.12415995289702744,1.057046350429817,4.0355200589279985,0.5201342281879194,0.7483221476510067,0.36874362416107387,0.5192184641957283,0.75,25.4,0.0,20.0,False
env_odom_noise,0.12857142857142856,0.010414058246057912,0.001838263351530691,0.12415995177717308,1.0574160078971888,2.3677063040232946,0.5318791946308725,0.7726510067114094,0.33266979865771806,0.5376799732446671,0.75,25.4,0.0,20.0,False
env_odom_noise,0.12857142857142856,0.010414058246057912,0.003806358250624933,0.12379330617175682,1.055140284773559,0.7421876207924235,0.56,0.8075,0.26969999999999994,0.5647470720112324,0.75,25.666666666666668,0.0,20.0,False
env_odom_noise,0.12857142857142856,0.010414058246057912,0.00788154924594252,0.12406059406026075,1.0504707778108289,-0.5034174278931407,0.5933884297520661,0.8553719008264463,0.1884396694214876,0.5748213276267051,0.65,24.0,0.0,20.0,False
env_odom_noise,0.12857142857142856,0.010414058246057912,0.01631975090784437,0.12318254576466488,1.0373814668844226,-1.2706290311157171,0.6542207792207793,0.9172077922077922,0.06577142857142848,0.6214393202215434,0.65,24.846153846153847,0.0,20.0,False
env_odom_noise,0.12857142857142856,0.010414058246057912,0.03379212149580846,0.12308159403857609,1.0227441758114648,-1.590127930061409,0.7221337579617835,0.9530254777070064,0.04090828025477711,0.7229845136404037,0.65,25.76923076923077,0.0,20.0,False
env_odom_noise,0.12857142857142856,0.010414058246057912,0.0699708887492028,0.12310461486163886,0.9951071072830621,-1.609357878394925,0.7876923076923077,0.9661538461538461,0.11664615384615384,0.8480404853820801,0.55,25.363636363636363,0.0,20.0,False
env_odom_noise,0.12857142857142856,0.010414058246057912,0.14488363132100487,0.122659153401738,0.9845598758113695,-1.4564304598064366,0.8325825825825826,0.975975975975976,0.17135855855855853,1.1265757836401462,0.5,25.6,0.0,20.0,False
env_odom_noise,0.12857142857142856,0.010414058246057912,0.3,0.1219390732385201,0.988063153492456,-1.15798918671852,0.8523054755043228,0.9812680115273775,0.19637348703170032,1.3375507451593875,0.4,25.75,0.0,20.0,False
env_odom_noise,0.12857142857142856,0.02258863577297737,0.00010000000000000009,0.12427338610365819,1.0594435222269294,2.0309530562403966,0.6252072968490879,0.7960199004975125,0.21597280265339958,0.5862864874303341,0.65,23.846153846153847,0.0,20.0,False
env_odom_noise,0.12857142857142856,0.02258863577297737,0.00020706272838739032,0.12427338553645804,1.0594795120535292,1.8945230509364424,0.6276948590381426,0.7985074626865671,0.21099767827529026,0.5881717950105667,0.65,23.846153846153847,0.0,20.0,False
env_odom_noise,0.12857142857142856,0.02258863577297737,0.0004287497348723022,0.1242733851391467,1.0595528118768966,1.6434909315350787,0.6310116086235489,0.8059701492537313,0.20021824212271977,0.5920122690498829,0.65,23.846153846153847,0.0,20.0,False
env_odom_noise,0.12857142857142856,0.02258863577297737,0.0008877808989802905,0.12427338385528419,1.0567152271104308,1.2169361793698152,0.6341059602649006,0.8170529801324503,0.18604105960264905,0.5887294985353947,0.65,23.923076923076923,0.0,20.0,False
env_odom_noise,0.12857142857142856,0.02258863577297737,0.001838263351530691,0.12427338298865181,1.0540796468512457,0.615442757947795,0.6386138613861386,0.8308580858085809,0.16772805280528047,0.6038420140743256,0.65,24.076923076923077,0.0,20.0,False
env_odom_noise,0.12857142857142856,0.02258863577297737,0.003806358250624933,0.1242733852266135,1.048034143142408,-0.10366973076563873,0.6642036124794746,0.8571428571428571,0.11585353037766832,0.6052769809961319,0.65,24.307692307692307,0.0,20.0,False
env_odom_noise,0.12857142857142856,0.02258863577297737,0.00788154924594252,0.12415951234308399,1.0425504857910526,-0.7650270005782885,0.6929967426710097,0.9014657980456026,0.06333094462540723,0.6303314693272114,0.65,24.692307692307693,0.0,20.0,False
env_odom_noise,0.12857142857142856,0.02258863577297737,0.01631975090784437,0.12363231404590283,1.0287750439135028,-1.2534821640425704,0.7392,0.9472,0.06379999999999997,0.6839811138808727,0.65,25.53846153846154,0.0,20.0,False
env_odom_noise,0.12857142857142856,0.02258863577297737,0.03379212149580846,0.1233402521208318,1.0190736597885577,-1.4792283030246909,0.8058176100628931,0.9740566037735849,0.14267421383647805,0.7685988038778305,0.55,24.09090909090909,0.0,20.0,False
env_odom_noise,0.12857142857142856,0.02258863577297737,0.0699708887492028,0.12324505455322522,0.9913456617454072,-1.4698771079647424,0.8691019786910198,0.987062404870624,0.21896438356164383,0.9272514030337333,0.5,24.7,0.0,20.0,False
env_odom_noise,0.12857142857142856,0.02258863577297737,0.14488363132100487,0.12272055448984996,0.9820191372613116,-1.3123183561780525,0.9114583333333334,0.9933035714285714,0.2675619047619048,1.2077078200876712,0.5,26.2,0.0,20.0,False
env_odom_noise,0.12857142857142856,0.02258863577297737,0.3,0.12208851544912692,0.9910885001485354,-1.0262364756251616,0.9290830945558739,0.9978510028653295,0.2897340974212034,1.4183411218225956,0.4,26.25,0.0,20.0,False
env_odom_noise,0.12857142857142856,0.04899592973540154,0.00010000000000000009,0.12396829027149155,1.0482559991575484,-0.0006887301997799504,0.7297077922077922,0.8628246753246753,0.13868311688311696,0.7182201437652111,0.6,23.666666666666668,0.0,20.0,False
env_odom_noise,0.12857142857142856,0.04899592973540154,0.00020706272838739032,0.12396829033293719,1.0482794938412976,-0.02947696337458254,0.7305194805194806,0.8636363636363636,0.13868311688311696,0.7198806159198284,0.6,23.666666666666668,0.0,20.0,False
env_odom_noise,0.12857142857142856,0.04899592973540154,0.0004287497348723022,0.12396829119492095,1.048328245859048,-0.08545399360905055,0.7305194805194806,0.864448051948052,0.13787142857142864,0.7232947088778019,0.6,23.666666666666668,0.0,20.0,False
env_odom_noise,0.12857142857142856,0.04899592973540154,0.0008877808989802905,0.12396828765044075,1.044305478331578,-0.19221593141866986,0.7354368932038835,0.8681229773462783,0.13911391585760524,0.7126931510865688,0.6,23.833333333333332,0.0,20.0,False
env_odom_noise,0.12857142857142856,0.04899592973540154,0.001838263351530691,0.12396829255831666,1.0445130116804817,-0.36181258748667816,0.7402912621359223,0.8818770226537217,0.13021423948220068,0.7266398036852479,0.6,23.833333333333332,0.0,20.0,False
env_odom_noise,0.12857142857142856,0.04899592973540154,0.003806358250624933,0.1242040443596373,1.044940584997595,-0.6040574130440791,0.7560581583198708,0.9038772213247173,0.12398093699515356,0.7445946365594864,0.6,23.916666666666668,0.0,20.0,False
env_odom_noise,0.12857142857142856,0.04899592973540154,0.00788154924594252,0.12367066377085953,1.0272111206490713,-0.8941915934383604,0.7784810126582279,0.932753164556962,0.11752784810126593,0.7325653053820134,0.55,23.727272727272727,0.0,20.0,False
env_odom_noise,0.12857142857142856,0.04899592973540154,0.01631975090784437,0.12344715622359857,1.0246565236368546,-1.1167471946852252,0.8164556962025317,0.9580696202531646,0.13732531645569623,0.8172099500894546,0.6,25.0,0.0,20.0,False
env_odom_noise,0.12857142857142856,0.04899592973540154,0.03379212149580846,0.12327836712753834,1.0062925497757618,-1.2333208930648343,0.871141975308642,0.9807098765432098,0.21465185185185187,0.8793183997273445,0.55,25.181818181818183,0.0,20.0,False
env_odom_noise,0.12857142857142856,0.04899592973540154,0.0699708887492028,0.12282925418022606,0.9904523900987958,-1.1973907339660923,0.9269578313253012,0.990210843373494,0.27996867469879516,1.0849128782749176,0.5,25.4,0.0,20.0,False
env_odom_noise,0.12857142857142856,0.04899592973540154,0.14488363132100487,0.12205216119746434,0.9915421439680485,-1.0024619459665036,0.961038961038961,0.9942279942279942,0.3180669552669553,1.3533097431063652,0.4,25.625,0.0,20.0,False
env_odom_noise,0.12857142857142856,0.04899592973540154,0.3,0.12199733441402184,0.9835715011589284,-0.7448070909090257,0.9753173483779972,0.9978843441466855,0.3360016925246827,1.535681749880314,0.4,27.625,0.0,20.0,False
env_odom_noise,0.12857142857142856,0.10627472835292812,0.00010000000000000009,0.12387506511662781,1.0308936538681692,-0.6010039150268185,0.799373040752351,0.9318181818181818,0.13935485893416932,0.9353409748524427,0.5,22.8,0.0,20.0,False
env_odom_noise,0.12857142857142856,0.10627472835292812,0.00020706272838739032,0.12387506211575,1.0309140875866458,-0.6060805679610247,0.8009404388714734,0.9318181818181818,0.14092225705329164,0.9366040296852589,0.5,22.8,0.0,20.0,False
env_odom_noise,0.12857142857142856,0.10627472835292812,0.0004287497348723022,0.1238750646000784,1.030956232038202,-0.6162275853058321,0.8032915360501567,0.9341692789968652,0.14092225705329153,0.939212727919221,0.5,22.8,0.0,20.0,False
env_odom_noise,0.12857142857142856,0.10627472835292812,0.0008877808989802905,0.12387506312438182,1.0310432414085628,-0.6357944339178127,0.8040752351097179,0.9349529780564263,0.14092225705329164,0.9446674451231957,0.5,22.8,0.1,20.0,False
env_odom_noise,0.12857142857142856,0.10627472835292812,0.001838263351530691,0.12348303634558651,1.0196871501486369,-0.6828485622968214,0.8074534161490683,0.9425465838509317,0.13670683229813663,0.9090247141197324,0.5,23.4,0.0,20.0,False
env_odom_noise,0.12857142857142856,0.10627472835292812,0.003806358250624933,0.12326111840756886,1.0241192544635163,-0.7360477615070813,0.8203125,0.95078125,0.14133125000000002,0.956223376095295,0.55,24.454545454545453,0.0,20.0,False
env_odom_noise,0.12857142857142856,0.10627472835292812,0.00788154924594252,0.12336542785275469,1.016329478351252,-0.815106928758606,0.8325581395348837,0.9627906976744186,0.15814883720930228,0.9749430313706398,0.55,24.90909090909091,0.0,20.0,False
env_odom_noise,0.12857142857142856,0.10627472835292812,0.01631975090784437,0.12342646529983346,1.0112959371773242,-0.8846207510870895,0.8646153846153846,0.9769230769230769,0.20433846153846147,1.034883276373148,0.55,25.363636363636363,0.0,20.0,False
env_odom_noise,0.12857142857142856,0.10627472835292812,0.03379212149580846,0.12316409739130864,0.9977535958320886,-0.906367927732888,0.9078549848942599,0.9856495468277946,0.2563045317220545,1.132091297954321,0.55,26.454545454545453,0.0,20.0,False
env_odom_noise,0.12857142857142856,0.10627472835292812,0.0699708887492028,0.12218688917815652,0.9959714835675795,-0.8550360036633049,0.9488888888888889,0.9918518518518519,0.3035407407407408,1.3331534303724766,0.5,26.5,0.0,20.0,False
env_odom_noise,0.12857142857142856,0.10627472835292812,0.14488363132100487,0.12171695931616092,0.9882902065640454,-0.6530274144404339,0.9731258840169731,0.995049504950495,0.33097538896746814,1.5718511953949927,0.4,27.375,0.0,20.0,False
env_odom_noise,0.12857142857142856,0.10627472835292812,0.3,0.12211248849028677,0.9940343436734681,-0.4287051438150414,0.9888268156424581,0.9979050279329609,0.349531843575419,1.7398064941167832,0.35,27.0,0.0,20.0,False
env_odom_noise,0.12857142857142856,0.23051543153651136,0.00010000000000000009,0.1233397678365536,0.9936738283097862,-0.5145069331462894,0.8705357142857143,0.9791666666666666,0.21250238095238094,1.3099377512931825,0.55,27.363636363636363,0.0,20.0,False
env_odom_noise,0.12857142857142856,0.23051543153651136,0.00020706272838739032,0.12333976959585197,0.9936956136861635,-0.5149465802616454,0.8705357142857143,0.9791666666666666,0.21250238095238094,1.311191736906767,0.55,27.363636363636363,0.0,20.0,False
env_odom_noise,0.12857142857142856,0.23051543153651136,0.0004287497348723022,0.12333976730758957,0.9937405701586123,-0.5158276551846479,0.8712797619047619,0.9791666666666666,0.2132464285714285,1.3137866467237473,0.55,27.363636363636363,0.0,20.0,False
env_odom_noise,0.12857142857142856,0.23051543153651136,0.0008877808989802905,0.12333105449256242,0.9938337979523257,-0.5188947616330862,0.8722139673105498,0.9799405646359584,0.21495453194650815,1.3125142760574817,0.55,27.454545454545453,0.0,20.0,False
env_odom_noise,0.12857142857142856,0.23051543153651136,0.001838263351530691,0.12333105487668912,0.9940264743819168,-0.5219393485201153,0.8759286775631501,0.9821693907875185,0.2208980683506686,1.32356154024601,0.55,27.454545454545453,0.0,20.0,False
env_odom_noise,0.12857142857142856,0.23051543153651136,0.003806358250624933,0.12307820143681227,0.9944247302619602,-0.5279165254130468,0.8827893175074184,0.983679525222552,0.2292688427299704,1.3394331246614457,0.55,27.545454545454547,0.0,20.0,False
env_odom_noise,0.12857142857142856,0.23051543153651136,0.00788154924594252,0.12261702382418943,0.992910828502104,-0.5374129606377108,0.890117994100295,0.9859882005899705,0.23890619469026553,1.3539833098649978,0.55,27.90909090909091,0.0,20.0,False
env_odom_noise,0.12857142857142856,0.23051543153651136,0.01631975090784437,0.1225029942020999,0.9926349408378874,-0.5352849392265341,0.9066176470588235,0.9882352941176471,0.25765294117647064,1.4184787519276143,0.45,25.666666666666668,0.0,20.0,False
env_odom_noise,0.12857142857142856,0.23051543153651136,0.03379212149580846,0.12182159995225705,0.9769477600611167,-0.5140242835287967,0.9368723098995696,0.9913916786226685,0.29106398852223814,1.4789025135338307,0.45,27.555555555555557,0.0,20.0,False
env_odom_noise,0.12857142857142856,0.23051543153651136,0.0699708887492028,0.12185223121840674,0.9877579855521706,-0.40980792996165066,0.955944055944056,0.9923076923076923,0.3110517482517483,1.720627461373806,0.4,28.375,0.0,20.0,False
env_odom_noise,0.12857142857142856,0.23051543153651136,0.14488363132100487,0.12231632893897221,0.989064748357268,-0.269669293689114,0.9800824175824175,0.9965659340659341,0.33944835164835163,1.892687874287367,0.35,28.714285714285715,0.0,20.0,False
env_odom_noise,0.12857142857142856,0.23051543153651136,0.3,0.12235000206605794,0.9933134995545095,-0.05877309411351634,0.9911323328785812,0.9979536152796725,0.3518859481582537,2.0501669488847254,0.35,29.428571428571427,0.0,20.0,False
env_odom_noise,0.12857142857142856,0.5,0.00010000000000000009,0.12198536865828,0.9785203188751979,-0.09112224618277177,0.9320987654320988,0.99039780521262,0.2852965706447188,2.0018799651414154,0.4,30.125,0.0,20.0,False
env_odom_noise,0.12857142857142856,0.5,0.00020706272838739032,0.12198536775496785,0.9785409740345212,-0.09089765227050928,0.9320987654320988,0.99039780521262,0.2852965706447188,2.0029135193675756,0.4,30.125,0.0,20.0,False
env_odom_noise,0.12857142857142856,0.5,0.0004287497348723022,0.12198536685303767,0.97858349437933,-0.09043151499282885,0.9320987654320988,0.99039780521262,0.2852965706447188,2.0050524938851595,0.4,30.125,0.0,20.0,False
env_odom_noise,0.12857142857142856,0.5,0.0008877808989802905,0.12198536570549398,0.978671712803115,-0.08946111508157484,0.9320987654320988,0.99039780521262,0.2852965706447188,2.009476375207305,0.4,30.125,0.0,20.0,False
env_odom_noise,0.12857142857142856,0.5,0.001838263351530691,0.12198536629672636,0.9916382938589653,-0.06533843286250496,0.9286684782608695,0.9884510869565217,0.27991956521739125,2.0556123897433283,0.35,29.857142857142858,0.0,20.0,False
env_odom_noise,0.12857142857142856,0.5,0.003806358250624933,0.12198536760016547,0.9920603697706621,-0.062359173445446205,0.9313858695652174,0.9904891304347826,0.284675,2.071428418904543,0.35,29.857142857142858,0.0,20.0,False
env_odom_noise,0.12857142857142856,0.5,0.00788154924594252,0.12198536764169379,0.9888803851413543,-0.056568498384940075,0.9369918699186992,0.9911924119241192,0.29098428184281844,2.0917775347828864,0.35,30.142857142857142,0.0,20.0,False
env_odom_noise,0.12857142857142856,0.5,0.01631975090784437,0.12186146760472816,0.9827355394261111,-0.04613008390986355,0.9417670682730924,0.9926372155287818,0.29720428380187425,2.103028503060341,0.35,31.428571428571427,0.0,20.0,False
env_odom_noise,0.12857142857142856,0.5,0.03379212149580846,0.12254284199666127,0.9828724502585944,-0.013556579405542394,0.9562334217506632,0.9940318302387268,0.31306525198938995,2.20607101842761,0.35,32.42857142857143,0.0,20.0,False
env_odom_noise,0.12857142857142856,0.5,0.0699708887492028,0.12244228691715922,0.9860767320044255,0.05856522528118123,0.9722589167767504,0.9947159841479525,0.32977490092470285,2.3605214856564998,0.3,31.833333333333332,0.0,20.0,False
env_odom_noise,0.12857142857142856,0.5,0.14488363132100487,0.12257032072920865,0.9788327611146573,0.17854643929314432,0.9843342036553525,0.9980417754569191,0.3451759791122716,2.458147915825248,0.3,33.333333333333336,0.0,20.0,False
env_odom_noise,0.12857142857142856,0.5,0.3,0.1225703214911824,0.9820186291091734,0.3659642110734568,0.9928198433420365,0.9986945169712794,0.354314360313316,2.5519422985613347,0.3,33.333333333333336,0.0,20.0,False
env_odom_noise,0.15,0.00010000000000000009,0.00010000000000000009,0.12480202525382586,1.1344246753564053,305.54829110233135,0.11101694915254237,0.17203389830508475,1.354149152542373,0.49293935522437093,0.9,27.333333333333332,0.0,20.0,False
env_odom_noise,0.15,0.00010000000000000009,0.00020706272838739032,0.12480202527540527,1.1344250878574074,186.0925766506278,0.11694915254237288,0.17966101694915254,1.3405898305084745,0.4929896630346775,0.9,27.333333333333332,0.0,20.0,False
env_odom_noise,0.15,0.00010000000000000009,0.0004287497348723022,0.1248020236982487,1.1344669392470812,116.28074749293505,0.1288135593220339,0.20508474576271185,1.3033016949152543,0.4953360088169575,0.9,27.333333333333332,0.0,20.0,False
env_odom_noise,0.15,0.00010000000000000009,0.0008877808989802905,0.12480202484880949,1.134697423082229,78.77006126528214,0.13898305084745763,0.2440677966101695,1.254149152542373,0.49557731971144675,0.85,26.647058823529413,0.0,20.0,False
env_odom_noise,0.15,0.00010000000000000009,0.001838263351530691,0.1248020248925419,1.1352670801584654,59.707617037025294,0.16440677966101694,0.28728813559322036,1.1855050847457629,0.5166501730680466,0.85,26.647058823529413,0.0,20.0,False
env_odom_noise,0.15,0.00010000000000000009,0.003806358250624933,0.1243444094546775,1.132541333114342,50.09641020936951,0.2042016806722689,0.34705882352941175,1.0859394957983193,0.5201702393591404,0.75,25.333333333333332,0.0,20.0,False
env_odom_noise,0.15,0.00010000000000000009,0.00788154924594252,0.12418780939109376,1.1301890234991392,45.5224028166988,0.24832775919732442,0.4180602006688963,0.9708120401337792,0.5494447603821755,0.75,25.533333333333335,0.0,20.0,False
env_odom_noise,0.15,0.00010000000000000009,0.01631975090784437,0.12379115582649117,1.1100383516650698,43.093998161449505,0.3125,0.5008116883116883,0.8238883116883117,0.5528918910771609,0.65,24.846153846153847,0.0,20.0,False
env_odom_noise,0.15,0.00010000000000000009,0.03379212149580846,0.1238624057304858,1.1037246940892136,42.22066327388285,0.38263665594855306,0.5594855305466238,0.6950778135048232,0.6834850333631038,0.65,25.307692307692307,0.0,20.0,False
env_odom_noise,0.15,0.00010000000000000009,0.0699708887492028,0.12347390693102131,1.08281304993996,41.14343394832943,0.4703588143525741,0.5889235569422777,0.5779176287051482,0.8124884195625782,0.5,23.1,0.0,20.0,False
env_odom_noise,0.15,0.00010000000000000009,0.14488363132100487,0.1232724840479485,1.0612512295238485,40.50779737510644,0.5279456193353474,0.6064954682779456,0.5027589123867069,1.0577024444937706,0.5,25.2,0.0,20.0,False
env_odom_noise,0.15,0.00010000000000000009,0.3,0.1222134086707691,1.0591575385793222,40.2467100760496,0.5517751479289941,0.6116863905325444,0.47373846153846155,1.2663364261388779,0.45,25.22222222222222,0.0,20.0,False
env_odom_noise,0.15,0.00021690521830457365,0.00010000000000000009,0.12480202525382586,1.1344246753564053,227.39694867764769,0.13050847457627118,0.20508474576271185,1.3016067796610171,0.49293935522437093,0.9,27.333333333333332,0.0,20.0,False
env_odom_noise,0.15,0.00021690521830457365,0.00020706272838739032,0.12480202504792895,1.134425515440564,141.96686047226467,0.13983050847457626,0.21610169491525424,1.2812677966101695,0.49300371408462523,0.9,27.333333333333332,0.0,20.0,False
env_odom_noise,0.15,0.00021690521830457365,0.0004287497348723022,0.1248020242475474,1.1344712760211972,85.33725633894501,0.14915254237288136,0.24067796610169492,1.2473694915254239,0.4955949239432812,0.9,27.333333333333332,0.0,20.0,False
env_odom_noise,0.15,0.00021690521830457365,0.0008877808989802905,0.12480202568805882,1.134715751429968,52.111502309721075,0.1576271186440678,0.2754237288135593,1.2041491525423729,0.49606541693210604,0.85,26.647058823529413,0.0,20.0,False
env_odom_noise,0.15,0.00021690521830457365,0.001838263351530691,0.12480202596102083,1.1352875247208687,34.26429549706999,0.1847457627118644,0.3177966101694915,1.1346576271186442,0.5171740911900997,0.85,26.647058823529413,0.0,20.0,False
env_odom_noise,0.15,0.00021690521830457365,0.003806358250624933,0.12434440870023515,1.132566101342736,25.089994258438907,0.2235294117647059,0.37815126050420167,1.0355193277310923,0.5207155607640743,0.75,25.333333333333332,0.0,20.0,False
env_odom_noise,0.15,0.00021690521830457365,0.00788154924594252,0.12418780753276912,1.1302070279145933,20.689537958179606,0.2683946488294314,0.44732441471571904,0.9214809364548495,0.5498785227537155,0.75,25.533333333333335,0.0,20.0,False
env_odom_noise,0.15,0.00021690521830457365,0.01631975090784437,0.12379115801799016,1.1100521261304697,18.52683155958004,0.3327922077922078,0.5300324675324676,0.7743753246753247,0.5532219342887401,0.65,24.846153846153847,0.0,20.0,False
env_odom_noise,0.15,0.00021690521830457365,0.03379212149580846,0.12386240676568976,1.1037350186791106,17.709627022640205,0.40273311897106107,0.5892282958199357,0.6452385852090032,0.6837333761155605,0.65,25.307692307692307,0.0,20.0,False
env_odom_noise,0.15,0.00021690521830457365,0.0699708887492028,0.12347390390016244,1.0828208494518468,17.12531581342913,0.48985959438377535,0.6177847113884556,0.529555694227769,0.8127202272415162,0.5,23.1,0.0,20.0,False
env_odom_noise,0.15,0.00021690521830457365,0.14488363132100487,0.12327248265268384,1.061256446774286,16.896740863206123,0.547583081570997,0.6351963746223565,0.45442054380664654,1.057857757806778,0.5,25.2,0.0,20.0,False
env_odom_noise,0.15,0.00021690521830457365,0.3,0.12221341100640024,1.0591605996905789,16.88860962675846,0.5724852071005917,0.6405325443786982,0.42418224852071007,1.266418682038784,0.45,25.22222222222222,0.0,20.0,False
env_odom_noise,0.15,0.00047047873727754753,0.00010000000000000009,0.12480202525382586,1.1344246753564053,155.9262173303533,0.1652542372881356,0.26440677966101694,1.2075389830508474,0.49293935522437093,0.9,27.333333333333332,0.0,20.0,False
env_odom_noise,0.15,0.00047047873727754753,0.00020706272838739032,0.1248020257557562,1.1344265555827628,104.69114744094409,0.1694915254237288,0.2745762711864407,1.1931322033898306,0.4930818475782871,0.9,27.333333333333332,0.0,20.0,False
env_odom_noise,0.15,0.00047047873727754753,0.0004287497348723022,0.12480202515556944,1.1344833925186475,64.59235626011677,0.17711864406779662,0.3,1.1600813559322034,0.49624958261847496,0.9,27.333333333333332,0.0,20.0,False
env_odom_noise,0.15,0.00047047873727754753,0.0008877808989802905,0.1248020254989062,1.1347544557645173,37.84424878176855,0.1864406779661017,0.3347457627118644,1.116013559322034,0.49710584729909896,0.85,26.647058823529413,0.0,20.0,False
env_odom_noise,0.15,0.00047047873727754753,0.001838263351530691,0.12480202467939283,1.1353308007476224,22.118362203129937,0.21271186440677967,0.3771186440677966,1.0473694915254237,0.5182986572384835,0.85,26.647058823529413,0.0,20.0,False
env_odom_noise,0.15,0.00047047873727754753,0.003806358250624933,0.12434440912208218,1.1326192561300463,13.606222918720977,0.25126050420168067,0.4327731092436975,0.9531663865546218,0.521887382119894,0.75,25.333333333333332,0.0,20.0,False
env_odom_noise,0.15,0.00047047873727754753,0.00788154924594252,0.12418781027392069,1.130245481457162,9.404757805783305,0.2968227424749164,0.5016722408026756,0.8387050167224079,0.5508145779371262,0.75,25.533333333333335,0.0,20.0,False
env_odom_noise,0.15,0.00047047873727754753,0.01631975090784437,0.1237911576929964,1.1100819372311113,7.391972415681694,0.3587662337662338,0.5836038961038961,0.6948298701298701,0.5539370816200971,0.65,24.846153846153847,0.0,20.0,False
env_odom_noise,0.15,0.00047047873727754753,0.03379212149580846,0.12386240696331248,1.1037574832548567,6.606603849079947,0.4284565916398714,0.6414790996784566,0.567264308681672,0.6842723987996578,0.65,25.307692307692307,0.0,20.0,False
env_odom_noise,0.15,0.00047047873727754753,0.0699708887492028,0.1234739046520894,1.0828378292227279,6.248133989415882,0.516380655226209,0.6708268330733229,0.44999251170046806,0.8132229313254357,0.5,23.1,0.0,20.0,False
env_odom_noise,0.15,0.00047047873727754753,0.14488363132100487,0.12327248259544288,1.061267968590845,6.20496001774258,0.573262839879154,0.6865558912386707,0.37738126888217527,1.0581939682364463,0.5,25.2,0.0,20.0,False
env_odom_noise,0.15,0.00047047873727754753,0.3,0.12221340962067329,1.0591673300969089,6.314350397455088,0.599112426035503,0.6930473372781065,0.3450402366863905,1.2665971249341965,0.45,25.22222222222222,0.0,20.0,False
env_odom_noise,0.15,0.001020492932168466,0.00010000000000000009,0.12480202525382586,1.1344244679000617,95.58570131890812,0.20847457627118643,0.3474576271186441,1.0812677966101694,0.49293663427233697,0.9,27.333333333333332,0.0,20.0,False
env_odom_noise,0.15,0.001020492932168466,0.00020706272838739032,0.12480202472146822,1.134434937507157,70.68391887748784,0.211864406779661,0.35677966101694913,1.06855593220339,0.49356972202658655,0.9,27.333333333333332,0.0,20.0,False
env_odom_noise,0.15,0.001020492932168466,0.0004287497348723022,0.12480202504055093,1.134527598933205,46.94402307653051,0.21694915254237288,0.3805084745762712,1.039742372881356,0.4885737232863903,0.85,26.647058823529413,0.0,20.0,False
env_odom_noise,0.15,0.001020492932168466,0.0008877808989802905,0.12480202577917311,1.1348612583310687,28.209260292060232,0.2305084745762712,0.40847457627118644,0.9982169491525423,0.49966819360852244,0.85,26.647058823529413,0.0,20.0,False
env_odom_noise,0.15,0.001020492932168466,0.001838263351530691,0.12480202525103677,1.1354666956215476,15.654280519180222,0.2542372881355932,0.4457627118644068,0.9371999999999999,0.521346140652895,0.85,26.647058823529413,0.0,20.0,False
env_odom_noise,0.15,0.001020492932168466,0.003806358250624933,0.12434440838677294,1.132731020776612,8.214956616367822,0.28991596638655465,0.49831932773109244,0.8489647058823528,0.5243788056075573,0.75,25.333333333333332,0.0,20.0,False
env_odom_noise,0.15,0.001020492932168466,0.00788154924594252,0.1241878104244874,1.1303278953654818,4.3287434891464045,0.33444816053511706,0.5668896321070234,0.7358622073578596,0.5528266787528991,0.75,25.533333333333335,0.0,20.0,False
env_odom_noise,0.15,0.001020492932168466,0.01631975090784437,0.12379115734832075,1.1101461003186028,2.4413046161193908,0.3944805194805195,0.6469155844155844,0.5958038961038961,0.5554822120815516,0.65,24.846153846153847,0.0,20.0,False
env_odom_noise,0.15,0.001020492932168466,0.03379212149580846,0.1238624071286916,1.103806202752592,1.6836579540856889,0.4646302250803859,0.7033762057877814,0.46919356913183274,0.6854410208761692,0.65,25.307692307692307,0.0,20.0,False
env_odom_noise,0.15,0.001020492932168466,0.0699708887492028,0.12347390654895637,1.080410706489155,1.423569854251403,0.5529595015576324,0.7313084112149533,0.3529320872274143,0.8113025382161141,0.5,23.2,0.0,20.0,False
env_odom_noise,0.15,0.001020492932168466,0.14488363132100487,0.12327248240728685,1.0612931263224605,1.4694959825354321,0.6072507552870091,0.7454682779456193,0.28448096676737156,1.058922825753689,0.5,25.2,0.0,20.0,False
env_odom_noise,0.15,0.001020492932168466,0.3,0.12221341050397093,1.0591817107233326,1.6339371363783135,0.6338757396449705,0.7514792899408284,0.2518449704142012,1.2669832706451416,0.45,25.22222222222222,0.0,20.0,False
env_odom_noise,0.15,0.0022135024223027535,0.00010000000000000009,0.12480202496892705,1.1344594665964445,51.94739303084931,0.27033898305084747,0.46864406779661016,0.8982169491525424,0.4945088870823383,0.9,27.333333333333332,0.0,20.0,False
env_odom_noise,0.15,0.0022135024223027535,0.00020706272838739032,0.12480202552066358,1.1345610991686284,42.29013825104917,0.27288135593220336,0.47711864406779664,0.8872,0.48821266293525695,0.85,26.647058823529413,0.0,20.0,False
env_odom_noise,0.15,0.0022135024223027535,0.0004287497348723022,0.12480202583431284,1.1347803953114775,30.93391817247543,0.2754237288135593,0.4923728813559322,0.8694033898305085,0.4946195028722286,0.85,26.647058823529413,0.0,20.0,False
env_odom_noise,0.15,0.0022135024223027535,0.0008877808989802905,0.1248020240615987,1.1351749188925075,19.9963194205073,0.288135593220339,0.5076271186440678,0.8414372881355932,0.5066173166036606,0.85,26.647058823529413,0.0,20.0,False
env_odom_noise,0.15,0.0022135024223027535,0.001838263351530691,0.12480202535012512,1.135783650223697,11.303364385848967,0.31271186440677967,0.5423728813559322,0.7821152542372881,0.528329572826624,0.85,26.647058823529413,0.0,20.0,False
env_odom_noise,0.15,0.0022135024223027535,0.003806358250624933,0.12434441199044954,1.1329601301715604,5.420553180105935,0.34705882352941175,0.5907563025210084,0.6993848739495798,0.5295831158757209,0.75,25.333333333333332,0.0,20.0,False
env_odom_noise,0.15,0.0022135024223027535,0.00788154924594252,0.1241878098277974,1.1305013592863438,2.0492930429802803,0.3887959866220736,0.6622073578595318,0.5861966555183946,0.5571125760674477,0.75,25.533333333333335,0.0,20.0,False
env_odom_noise,0.15,0.0022135024223027535,0.01631975090784437,0.12379115687826166,1.1102833912627923,0.3252812630227236,0.4472402597402597,0.737012987012987,0.45294675324675326,0.5588089685887099,0.65,24.846153846153847,0.0,20.0,False
env_odom_noise,0.15,0.0022135024223027535,0.03379212149580846,0.12386240713104123,1.1039109559421514,-0.3929752457002315,0.5160771704180064,0.792604501607717,0.3285183279742766,0.6879731975495815,0.65,25.307692307692307,0.0,20.0,False
env_odom_noise,0.15,0.0022135024223027535,0.0699708887492028,0.12347390451332371,1.080489773818673,-0.5991582153623826,0.6035825545171339,0.8193146417445483,0.21430280373831778,0.8136355236172677,0.5,23.2,0.0,20.0,False
env_odom_noise,0.15,0.0022135024223027535,0.14488363132100487,0.12327248095580857,1.06134734261933,-0.5196325426702227,0.6555891238670695,0.8345921450151057,0.14701873111782482,1.0605018705129623,0.5,25.2,0.0,20.0,False
env_odom_noise,0.15,0.0022135024223027535,0.3,0.1222134100471474,1.0592128453448812,-0.32901384236827885,0.6819526627218935,0.8424556213017751,0.11279171597633142,1.267819620668888,0.45,25.22222222222222,0.0,20.0,False
env_odom_noise,0.15,0.004801202261272809,0.00010000000000000009,0.12458212742846318,1.1346951614027814,25.164898471790917,0.3676222596964587,0.5961214165261383,0.673456323777403,0.4968195028603077,0.85,26.823529411764707,0.0,20.0,False
env_odom_noise,0.15,0.004801202261272809,0.00020706272838739032,0.12458212672445228,1.1347852963056986,22.123055821205366,0.37099494097807756,0.5994940978077572,0.6667109612141653,0.49989872723817824,0.85,26.823529411764707,0.0,20.0,False
env_odom_noise,0.15,0.004801202261272809,0.0004287497348723022,0.12458212646225555,1.1349437067431487,17.77709328453645,0.3777403035413153,0.606239460370995,0.6532202360876898,0.5060333803296089,0.85,26.823529411764707,0.0,20.0,False
env_odom_noise,0.15,0.004801202261272809,0.0008877808989802905,0.12448078566130948,1.1338618275725616,12.601974170806987,0.3873949579831933,0.6210084033613446,0.6287966386554622,0.5209164477884769,0.85,26.941176470588236,0.0,20.0,False
env_odom_noise,0.15,0.004801202261272809,0.001838263351530691,0.12448078690917426,1.1343021619618538,7.59945753831773,0.40672268907563025,0.6504201680672269,0.5800571428571428,0.5180974036455155,0.75,25.333333333333332,0.0,20.0,False
env_odom_noise,0.15,0.004801202261272809,0.003806358250624933,0.12412997895471774,1.1328378861955841,3.588448175245089,0.43478260869565216,0.6981605351170569,0.5042568561872909,0.5383473448455334,0.75,25.533333333333335,0.0,20.0,False
env_odom_noise,0.15,0.004801202261272809,0.00788154924594252,0.12408543724652638,1.1264153705769333,0.9480612089690303,0.4735099337748344,0.7591059602649006,0.40458410596026495,0.550905211828649,0.7,25.0,0.0,20.0,False
env_odom_noise,0.15,0.004801202261272809,0.01631975090784437,0.12358626015060903,1.112269300068477,-0.515252109562398,0.5250809061488673,0.8276699029126213,0.2844491909385114,0.5771244961768389,0.65,25.0,0.0,20.0,False
env_odom_noise,0.15,0.004801202261272809,0.03379212149580846,0.12365840700052919,1.1058687746749156,-1.1680592674316594,0.5961538461538461,0.8798076923076923,0.16123846153846155,0.706629590690136,0.65,25.46153846153846,0.0,20.0,False
env_odom_noise,0.15,0.004801202261272809,0.0699708887492028,0.12327583649187743,1.0777834077729314,-1.3420519867565277,0.6780185758513931,0.9063467492260062,0.05283467492260063,0.8187777571380138,0.5,23.6,0.0,20.0,False
env_odom_noise,0.15,0.004801202261272809,0.14488363132100487,0.12282507327941904,1.063223425468981,-1.2557217860880334,0.7293233082706767,0.9218045112781955,0.07931879699248123,1.0753495551645755,0.5,25.5,0.0,20.0,False
env_odom_noise,0.15,0.004801202261272809,0.3,0.12203204002805224,1.0758244407307664,-0.9924110618096801,0.7597684515195369,0.9305354558610709,0.10103299565846602,1.3047285467386245,0.4,25.375,0.0,20.0,False
env_odom_noise,0.15,0.010414058246057912,0.00010000000000000009,0.12408097959686255,1.1374550874573175,10.801750651796436,0.4932998324958124,0.6943048576214406,0.44959530988274704,0.5565423391759395,0.75,25.466666666666665,0.0,20.0,False
env_odom_noise,0.15,0.010414058246057912,0.00020706272838739032,0.1239469180284955,1.137500680545086,9.966573876629225,0.49581939799331104,0.6998327759197325,0.4415478260869565,0.5493607342243194,0.75,25.533333333333335,0.0,20.0,False
env_odom_noise,0.15,0.010414058246057912,0.0004287497348723022,0.1239469169871756,1.1375938834244717,8.618912399995853,0.4983277591973244,0.705685618729097,0.4331866220735786,0.5542748488485814,0.75,25.533333333333335,0.0,20.0,False
env_odom_noise,0.15,0.010414058246057912,0.0008877808989802905,0.1239469164429825,1.1377800761394632,6.680119599367536,0.5066889632107023,0.7224080267558528,0.40810301003344485,0.5637943059206009,0.75,25.533333333333335,0.0,20.0,False
env_odom_noise,0.15,0.010414058246057912,0.001838263351530691,0.12379330818676605,1.1381437571782826,4.3507256657555216,0.5208681135225376,0.7454090150250418,0.37092287145242064,0.5701577208936215,0.75,25.6,0.0,20.0,False
env_odom_noise,0.15,0.010414058246057912,0.003806358250624933,0.12406059459330514,1.1355526935847022,2.0885076271964005,0.5422885572139303,0.785240464344942,0.3096709784411277,0.5690269432961941,0.65,23.846153846153847,0.0,20.0,False
env_odom_noise,0.15,0.010414058246057912,0.00788154924594252,0.12394706329086044,1.1263262025150014,0.3175759435682602,0.5714285714285714,0.8284072249589491,0.23736420361247945,0.591559848934412,0.65,24.307692307692307,0.0,20.0,False
env_odom_noise,0.15,0.010414058246057912,0.01631975090784437,0.12340995703094584,1.1144245876533174,-0.7913475468088695,0.6209677419354839,0.8927419354838709,0.12349032258064518,0.6270291052758694,0.6,24.0,0.0,20.0,False
env_odom_noise,0.15,0.010414058246057912,0.03379212149580846,0.12348304141490822,1.100475893759212,-1.337457561351461,0.6888888888888889,0.9396825396825397,0.02100634920634925,0.7417734593153,0.6,24.833333333333332,0.0,20.0,False
env_odom_noise,0.15,0.010414058246057912,0.0699708887492028,0.12298450156708891,1.0763519528405858,-1.4860421183118055,0.7672811059907834,0.9608294930875576,0.09091059907834098,0.8565807633101941,0.5,24.1,0.0,20.0,False
env_odom_noise,0.15,0.010414058246057912,0.14488363132100487,0.12265915396251555,1.0643617221548756,-1.393121346374804,0.8170914542728636,0.974512743628186,0.15440419790104953,1.132123313099146,0.5,25.7,0.0,20.0,False
env_odom_noise,0.15,0.010414058246057912,0.3,0.12188814119491102,1.0764455588543809,-1.1340952919243492,0.8462643678160919,0.9813218390804598,0.19038620689655172,1.3359657146036625,0.4,26.0,0.0,20.0,False
env_odom_noise,0.15,0.02258863577297737,0.00010000000000000009,0.1242733850015062,1.139465715182462,3.849070679027242,0.6125827814569537,0.7806291390728477,0.24398807947019863,0.6228596039116383,0.65,23.923076923076923,0.0,20.0,False
env_odom_noise,0.15,0.02258863577297737,0.00020706272838739032,0.1242733856470054,1.1395004542273013,3.6575765540486787,0.6134105960264901,0.7831125827814569,0.24067682119205303,0.6247029095888138,0.65,23.923076923076923,0.0,20.0,False
env_odom_noise,0.15,0.02258863577297737,0.0004287497348723022,0.12393216648421476,1.1307669822734345,3.2527502263346313,0.6149425287356322,0.7857142857142857,0.23654318555008214,0.6241263553500176,0.65,24.307692307692307,0.0,20.0,False
env_odom_noise,0.15,0.02258863577297737,0.0008877808989802905,0.12393216687783988,1.1258306947756584,2.6559829216683175,0.6178396072013094,0.7913256955810147,0.22803469721767589,0.614149521663785,0.65,24.46153846153846,0.0,20.0,False
env_odom_noise,0.15,0.02258863577297737,0.001838263351530691,0.12415951389228794,1.1254680099269712,1.8314476568441198,0.6252045826513911,0.8060556464811784,0.20593977086743043,0.6150019596330821,0.65,24.46153846153846,0.0,20.0,False
env_odom_noise,0.15,0.02258863577297737,0.003806358250624933,0.1241595132205325,1.131778680848801,0.8420145034542399,0.6412151067323482,0.825944170771757,0.17004072249589486,0.6427322180941701,0.65,24.307692307692307,0.0,20.0,False
env_odom_noise,0.15,0.02258863577297737,0.00788154924594252,0.12415951512522591,1.1212028247679036,-0.1159393766298147,0.6696428571428571,0.8636363636363636,0.10392077922077925,0.6757374722510576,0.65,24.846153846153847,0.0,20.0,False
env_odom_noise,0.15,0.02258863577297737,0.01631975090784437,0.12363231494905215,1.112403539177065,-0.8535635794095143,0.7123397435897436,0.9246794871794872,0.05946025641025643,0.72059972807765,0.65,25.46153846153846,0.0,20.0,False
env_odom_noise,0.15,0.02258863577297737,0.03379212149580846,0.12334025130565689,1.0973979771308773,-1.2458730391312525,0.770735524256651,0.9608763693270735,0.0944118935837246,0.7722392037510872,0.55,24.363636363636363,0.0,20.0,False
env_odom_noise,0.15,0.02258863577297737,0.0699708887492028,0.12331189841418161,1.0706572945914314,-1.3522075057055427,0.8490136570561456,0.9795144157814871,0.19132807283763276,0.9362002361565829,0.5,24.9,0.0,20.0,False
env_odom_noise,0.15,0.02258863577297737,0.14488363132100487,0.12250554097624236,1.059033566096533,-1.2539576689357985,0.8979289940828402,0.9918639053254438,0.252592899408284,1.2052936553955078,0.5,26.6,0.0,20.0,False
env_odom_noise,0.15,0.02258863577297737,0.3,0.12208851631373964,1.0814510034493134,-0.997246932734068,0.9232424677187948,0.9978479196556671,0.2838903873744619,1.4407916754484176,0.4,26.125,0.125,20.0,False
env_odom_noise,0.15,0.04899592973540154,0.00010000000000000009,0.12396828869291424,1.1293165196684631,0.8641117538134018,0.7025931928687196,0.8419773095623987,0.13241588330632093,0.7379294950515032,0.6,23.75,0.0,20.0,False
env_odom_noise,0.15,0.04899592973540154,0.00020706272838739032,0.12396828822716943,1.1293458689181146,0.8230113989863312,0.7034035656401945,0.8419773095623987,0.1332262560777958,0.7395485587418079,0.6,23.75,0.0,20.0,False
env_odom_noise,0.15,0.04899592973540154,0.0004287497348723022,0.12396829224312195,1.1294063689188598,0.7429535662083996,0.7090761750405187,0.8460291734197731,0.1348470016207456,0.742880143597722,0.6,23.75,0.0,20.0,False
env_odom_noise,0.15,0.04899592973540154,0.0008877808989802905,0.12396829063042838,1.1288793808906945,0.6004732800812294,0.7103559870550162,0.848705501618123,0.1334504854368933,0.7581321034580469,0.6,23.833333333333332,0.0,20.0,False
env_odom_noise,0.15,0.04899592973540154,0.001838263351530691,0.12396828989025346,1.1275617806375169,0.3524926672474518,0.7172859450726979,0.8529886914378029,0.1360972536348951,0.7628473199903965,0.6,23.916666666666668,0.0,20.0,False
env_odom_noise,0.15,0.04899592973540154,0.003806358250624933,0.12420404591306483,1.1250136578047094,-0.009008123978791057,0.7286634460547504,0.8703703703703703,0.1300930756843801,0.7726239301264286,0.6,24.083333333333332,0.0,20.0,False
env_odom_noise,0.15,0.04899592973540154,0.00788154924594252,0.12406724125791617,1.1140936387171847,-0.4303084668054679,0.7476190476190476,0.903968253968254,0.11545079365079369,0.7814887933433056,0.55,23.545454545454547,0.09090909090909091,20.0,False
env_odom_noise,0.15,0.04899592973540154,0.01631975090784437,0.1232851538112622,1.1053189125367928,-0.8081917222715417,0.7902208201892744,0.943217665615142,0.11880315457413249,0.836034358292818,0.55,23.90909090909091,0.0,20.0,False
env_odom_noise,0.15,0.04899592973540154,0.03379212149580846,0.12327836516019795,1.0862354501228821,-1.040517410538507,0.8320493066255779,0.9668721109399075,0.16172141756548541,0.8959838315844536,0.55,25.272727272727273,0.0,20.0,False
env_odom_noise,0.15,0.04899592973540154,0.0699708887492028,0.1228292564535308,1.0741945773359864,-1.0880205360682962,0.9019607843137255,0.9819004524886877,0.24666123680241325,1.1112474977970124,0.5,25.3,0.0,20.0,False
env_odom_noise,0.15,0.04899592973540154,0.14488363132100487,0.122064538410699,1.0818672788828851,-0.946326233167628,0.9458874458874459,0.9927849927849928,0.30147243867243867,1.3706128291785717,0.4,25.625,0.0,20.0,False
env_odom_noise,0.15,0.04899592973540154,0.3,0.12199733189305868,1.0865463895890648,-0.7345687753953789,0.9700854700854701,0.9978632478632479,0.33074871794871796,1.5819847092032433,0.4,26.75,0.125,20.0,False
env_odom_noise,0.15,0.10627472835292812,0.00010000000000000009,0.12387506337864554,1.1090919322388872,-0.19619727222199035,0.77265625,0.90390625,0.14055000000000006,0.9583571560680866,0.5,23.0,0.0,20.0,False
env_odom_noise,0.15,0.10627472835292812,0.00020706272838739032,0.1237132514952696,1.1072980756851627,-0.20853461483982536,0.7733644859813084,0.9049844236760125,0.1401800623052959,0.9608956031501293,0.5,23.2,0.0,20.0,False
env_odom_noise,0.15,0.10627472835292812,0.0004287497348723022,0.12371325356000266,1.106267601655406,-0.22334326880229707,0.7737169517884914,0.9074650077760498,0.1380519440124417,0.9555811069905757,0.5,23.3,0.1,20.0,False
env_odom_noise,0.15,0.10627472835292812,0.0008877808989802905,0.12371325405637297,1.1063664466206813,-0.25366495513167225,0.7752721617418351,0.911353032659409,0.13571912908242612,0.9601863201707601,0.5,23.3,0.1,20.0,False
env_odom_noise,0.15,0.10627472835292812,0.001838263351530691,0.12371325318561954,1.1065711087902852,-0.3089107842845884,0.7791601866251944,0.9175738724727839,0.13338631415241053,0.9696690574288368,0.5,23.3,0.1,20.0,False
env_odom_noise,0.15,0.10627472835292812,0.003806358250624933,0.12342646467084399,1.097077039147509,-0.4137514391646796,0.7919876733436055,0.9306625577812019,0.1331251155624037,0.9349151004105807,0.5,23.9,0.0,20.0,False
env_odom_noise,0.15,0.10627472835292812,0.00788154924594252,0.12342646587311588,1.0913154444352602,-0.5397813710892814,0.8067484662576687,0.9440184049079755,0.13453006134969325,0.9660003978759051,0.5,24.2,0.0,20.0,False
env_odom_noise,0.15,0.10627472835292812,0.01631975090784437,0.12342646586237298,1.0846123596778807,-0.668825325136862,0.8277439024390244,0.9596036585365854,0.15014756097560977,1.0291569069027902,0.55,25.90909090909091,0.0,20.0,False
env_odom_noise,0.15,0.10627472835292812,0.03379212149580846,0.12316409750100225,1.0816168395476848,-0.755060653061852,0.8731117824773413,0.9803625377643505,0.2162743202416918,1.1542328238487243,0.5,25.2,0.0,20.0,False
env_odom_noise,0.15,0.10627472835292812,0.0699708887492028,0.12218198003275317,1.0773708964416726,-0.7618935366719131,0.9224519940915805,0.9867060561299852,0.2719580502215657,1.3455085813999177,0.5,26.7,0.1,20.0,False
env_odom_noise,0.15,0.10627472835292812,0.14488363132100487,0.12175157480253747,1.0784211926656824,-0.6017770366037025,0.9590973201692524,0.9929478138222849,0.31484513399153735,1.5725690990686416,0.4,27.625,0.0,20.0,False
env_odom_noise,0.15,0.10627472835292812,0.3,0.12211248609806742,1.0853900801550558,-0.3986534440016669,0.9797486033519553,0.9979050279329609,0.34045363128491624,1.7576846316456796,0.35,27.0,0.0,20.0,False
env_odom_noise,0.15,0.23051543153651136,0.00010000000000000009,0.12333105571895349,1.080396168659904,-0.31872553515558844,0.8467261904761905,0.9635416666666666,0.1730678571428571,1.3367519117891788,0.5,26.2,0.1,20.0,False
env_odom_noise,0.15,0.23051543153651136,0.00020706272838739032,0.12333105740677809,1.0804216441149883,-0.31978373017342393,0.8467261904761905,0.9635416666666666,0.1730678571428571,1.3379530690610408,0.5,26.2,0.1,20.0,False
env_odom_noise,0.15,0.23051543153651136,0.0004287497348723022,0.12333105498982282,1.0804742878345317,-0.3219287501029082,0.8474702380952381,0.9635416666666666,0.17381190476190478,1.3404364548623562,0.5,26.2,0.1,20.0,False
env_odom_noise,0.15,0.23051543153651136,0.0008877808989802905,0.1233310563545771,1.0805835121051104,-0.3261793479177336,0.8482142857142857,0.9635416666666666,0.17455595238095234,1.3455609507858752,0.5,26.2,0.1,20.0,False
env_odom_noise,0.15,0.23051543153651136,0.001838263351530691,0.1233310562453816,1.0808086252456484,-0.3342320554939691,0.8511904761904762,0.9635416666666666,0.1775321428571428,1.356104462593794,0.5,26.2,0.1,20.0,False
env_odom_noise,0.15,0.23051543153651136,0.003806358250624933,0.12293504549658632,1.0812719001679698,-0.351469582888928,0.8516320474777448,0.9658753709198813,0.1803074183976261,1.3640695735812187,0.5,26.4,0.1,20.0,False
env_odom_noise,0.15,0.23051543153651136,0.00788154924594252,0.12261702101663033,1.079694491616313,-0.3762855325456451,0.8604135893648449,0.9734121122599705,0.1966257016248154,1.3836825780570507,0.5,26.7,0.1,20.0,False
env_odom_noise,0.15,0.23051543153651136,0.01631975090784437,0.12223985593220289,1.0781340634383774,-0.400205473813981,0.8795888399412628,0.9809104258443465,0.22329926578560932,1.4339273244142532,0.45,25.77777777777778,0.0,20.0,False
env_odom_noise,0.15,0.23051543153651136,0.03379212149580846,0.1218216027552871,1.0578628390282196,-0.4100806010519383,0.9041487839771102,0.9878397711015737,0.2547885550786839,1.48786755874753,0.45,27.77777777777778,0.0,20.0,False
env_odom_noise,0.15,0.23051543153651136,0.0699708887492028,0.12185223263229518,1.0788415993855294,-0.33317610337105213,0.9370629370629371,0.9916083916083916,0.29147132867132874,1.7407575972378253,0.4,28.375,0.0,20.0,False
env_odom_noise,0.15,0.23051543153651136,0.14488363132100487,0.122471540082752,1.0809942358443454,-0.22335179942284455,0.9657064471879286,0.9931412894375857,0.3216477366255144,1.9022596813738346,0.35,28.857142857142858,0.0,20.0,False
env_odom_noise,0.15,0.23051543153651136,0.3,0.12235000244151231,1.0820132995180016,-0.03186734234558812,0.9850340136054422,0.9979591836734694,0.34579319727891156,2.0552285730838777,0.35,29.714285714285715,0.0,20.0,False
env_odom_noise,0.15,0.5,0.00010000000000000009,0.12204641794422044,1.0849668951277502,0.03971361327256964,0.9043419267299865,0.9837177747625508,0.25085970149253733,2.0685096636414526,0.35,30.0,0.0,20.0,False
env_odom_noise,0.15,0.5,0.00020706272838739032,0.12204642025290924,1.0849942726050406,0.03964871503342802,0.9043419267299865,0.9837177747625508,0.25085970149253733,2.069356417655945,0.35,30.0,0.0,20.0,False
env_odom_noise,0.15,0.5,0.0004287497348723022,0.12204642131230067,1.0850513175498133,0.03952293542082705,0.9043419267299865,0.9837177747625508,0.25085970149253733,2.071108476817608,0.35,30.0,0.0,20.0,False
env_odom_noise,0.15,0.5,0.0008877808989802905,0.1220464187371228,1.0851689805387585,0.03929616543912359,0.9043419267299865,0.9837177747625508,0.25085970149253733,2.074734767526388,0.35,30.0,0.0,20.0,False
env_odom_noise,0.15,0.5,0.001838263351530691,0.12204642013259226,1.0854117390780895,0.038962429296773196,0.9043419267299865,0.9837177747625508,0.25085970149253733,2.082232070714235,0.35,30.0,0.0,20.0,False
env_odom_noise,0.15,0.5,0.003806358250624933,0.12204641853379139,1.0859107640164813,0.03878255153673349,0.9077340569877883,0.9843962008141113,0.2549302578018996,2.0977029755711554,0.35,30.0,0.0,20.0,False
env_odom_noise,0.15,0.5,0.00788154924594252,0.12190553167881504,1.0825926095345888,0.03667304941615625,0.9156545209176788,0.9858299595141701,0.26428448043184893,2.104370269179344,0.35,30.571428571428573,0.0,20.0,False
env_odom_noise,0.15,0.5,0.01631975090784437,0.12207081525996832,1.076132146827295,0.037741253264510104,0.9212283044058746,0.9873164218958611,0.2713447263017357,2.121734739094973,0.35,31.714285714285715,0.0,20.0,False
env_odom_noise,0.15,0.5,0.03379212149580846,0.12246277743682855,1.0766017795588312,0.057301021213622155,0.9357615894039735,0.9920529801324504,0.29061456953642384,2.21941097676754,0.35,32.57142857142857,0.0,20.0,False
env_odom_noise,0.15,0.5,0.0699708887492028,0.12257032194740937,1.0761053594994092,0.10984791488091897,0.9566929133858267,0.9940944881889764,0.31358740157480314,2.3478768749162553,0.3,32.666666666666664,0.0,20.0,False
env_odom_noise,0.15,0.5,0.14488363132100487,0.12257032226860809,1.072777890199285,0.21697729922498127,0.9751958224543081,0.9947780678851175,0.3327738903394256,2.4743691585958003,0.3,33.333333333333336,0.0,20.0,False
env_odom_noise,0.15,0.5,0.3,0.12257032172634187,1.0747927839841216,0.3899810872325529,0.9876140808344198,0.9980443285528031,0.34845840938722294,2.5628218971192838,0.3,33.5,0.0,20.0,False
