sweep_param,sweep_value,sigma_visible,odom_noise,mean_err_visible,mean_err_occluded,calibration_nll,coverage_1sigma,coverage_2sigma,coverage_deviation,mean_final_dist,advance_rate,mean_steps_to_advance,false_advance_rate,n_episodes,viable
baseline,,0.005000000000000002,0.005000000000000002,0.1254494190550108,0.7160867504811409,-2.3128902449242226,0.6215568862275449,0.8940119760479042,0.12163113772455092,0.42429066126545273,0.8333333333333334,24.4,0.0,30.0,True
baseline,,0.005000000000000002,0.006015125180410587,0.1252389073739138,0.7152941943296169,-2.329804926846594,0.636038186157518,0.902744630071599,0.09841718377088304,0.4194025150810679,0.8,23.916666666666668,0.0,30.0,True
baseline,,0.005000000000000002,0.007236346187201891,0.12482191385849241,0.7117431932160804,-2.3389011738533245,0.6542111506524317,0.9074733096085409,0.07551553973902736,0.4143933239082495,0.8,24.125,0.0,30.0,True
baseline,,0.005000000000000002,0.008705505632961245,0.12489971473844404,0.7075048956978949,-2.3305993711446065,0.6698113207547169,0.9097877358490566,0.057600943396226456,0.4172980532050133,0.8,24.333333333333332,0.0,30.0,True
baseline,,0.005000000000000002,0.010472941228206266,0.12489971398399041,0.7059534621388015,-2.3100512234496513,0.6847058823529412,0.9141176470588235,0.042388235294117727,0.4439658150076866,0.8,24.416666666666668,0.0,30.0,True
baseline,,0.005000000000000002,0.012599210498948734,0.12489971382022308,0.7009744159177191,-2.2828700108082507,0.6990632318501171,0.9168618266978923,0.054001405152224846,0.45887507845958075,0.8,24.583333333333332,0.0,30.0,True
baseline,,0.005000000000000002,0.015157165665103976,0.12491416987418537,0.698995690944977,-2.2508995783435646,0.7136204889406287,0.9185098952270081,0.06691059371362063,0.4732460156083107,0.8,24.791666666666668,0.0,30.0,True
baseline,,0.005000000000000002,0.018234449771164334,0.1249141698802617,0.694724248052359,-2.2062193847119067,0.7288528389339514,0.9212050984936269,0.07944774044032454,0.49659212976694106,0.7666666666666667,24.347826086956523,0.0,30.0,True
baseline,,0.005000000000000002,0.021936499593892524,0.12502501136140554,0.6919561738902396,-2.1518119422465767,0.7410611303344867,0.9215686274509803,0.09129250288350643,0.5300995697577794,0.7666666666666667,24.52173913043478,0.0,30.0,True
baseline,,0.005000000000000002,0.026390158215457878,0.1251952880017892,0.6883755762248268,-2.090936572169961,0.7522935779816514,0.9248853211009175,0.09920825688073398,0.5669134760896365,0.7666666666666667,24.73913043478261,0.0,30.0,True
baseline,,0.005000000000000002,0.03174802103936399,0.12485505507001218,0.6842663612795334,-2.0373371533977727,0.7556818181818182,0.9255681818181818,0.10191363636363648,0.5917048782110215,0.7666666666666667,25.08695652173913,0.0,30.0,True
baseline,,0.005000000000000002,0.03819366415641666,0.12478243937410977,0.6733932787845243,-1.9712542918098717,0.7626262626262627,0.9264870931537598,0.10793916947250293,0.6059437274932862,0.7666666666666667,25.565217391304348,0.0,30.0,True
baseline,,0.005000000000000002,0.04594793419988139,0.12469989881568444,0.668094319807209,-1.903009742097103,0.7682926829268293,0.9262749445676275,0.11381773835920184,0.6335165823499361,0.7333333333333333,25.454545454545453,0.0,30.0,True
baseline,,0.005000000000000002,0.055276515198711025,0.12450618717622586,0.6615377792133414,-1.8293886560719832,0.7716794731064764,0.9275521405049396,0.11592733260153687,0.6815431162714958,0.7,25.238095238095237,0.0,30.0,True
baseline,,0.005000000000000002,0.06649903169142302,0.1246845667608654,0.6552497078335281,-1.7540595121785174,0.7737580993520519,0.927645788336933,0.1179123110151189,0.6971567049622536,0.6666666666666666,25.3,0.0,30.0,False
baseline,,0.005000000000000002,0.07999999999999999,0.12421145664411187,0.650553905946604,-1.6803419725781592,0.7764705882352941,0.9288770053475935,0.11939358288770063,0.7571541279554367,0.6666666666666666,25.75,0.0,30.0,False
baseline,,0.006105276500337843,0.005000000000000002,0.12523890306676394,0.7144477766394539,-2.402917914470925,0.6430274135876043,0.9189511323003575,0.07522145411203818,0.41563249031702676,0.8333333333333334,24.56,0.0,30.0,True
baseline,,0.006105276500337843,0.006015125180410587,0.12523890421681433,0.7145741227893547,-2.41051526702319,0.6579261025029798,0.9255065554231228,0.05376734207389744,0.43271775046984357,0.8,23.958333333333332,0.0,30.0,True
baseline,,0.006105276500337843,0.007236346187201891,0.12489971325172249,0.7110516301018481,-2.4161767040742945,0.6733727810650888,0.9284023668639053,0.035424852071005875,0.4216540860633055,0.8,24.208333333333332,0.0,30.0,True
baseline,,0.006105276500337843,0.008705505632961245,0.12489971374078346,0.7077386929606996,-2.4051617461073582,0.6892688679245284,0.9310141509433962,0.030054716981132157,0.43634210228919984,0.8,24.333333333333332,0.0,30.0,True
baseline,,0.006105276500337843,0.010472941228206266,0.12489971238583995,0.7022465169444382,-2.3848590915396164,0.7057444314185228,0.9349355216881594,0.042608909730363465,0.4431522985299428,0.8,24.541666666666668,0.0,30.0,True
baseline,,0.006105276500337843,0.012599210498948734,0.12489971394873646,0.7012047793260505,-2.3544206676461483,0.7177985948477752,0.936768149882904,0.052830444964871215,0.4775425836443901,0.8,24.583333333333332,0.0,30.0,True
baseline,,0.006105276500337843,0.015157165665103976,0.12491417030710678,0.6992229329347058,-2.321955950828081,0.7310826542491269,0.9383003492433062,0.06458230500582074,0.4916100775202115,0.8,24.791666666666668,0.0,30.0,True
baseline,,0.006105276500337843,0.018234449771164334,0.1250250079609832,0.6941097138179342,-2.276132051738784,0.746242774566474,0.9410404624277456,0.07700231213872843,0.5016887560486794,0.7666666666666667,24.434782608695652,0.0,30.0,True
baseline,,0.006105276500337843,0.021936499593892524,0.12502500871321312,0.6921848228788238,-2.222441757827534,0.7589388696655133,0.941753171856978,0.08898569780853527,0.5481723035375278,0.7666666666666667,24.52173913043478,0.0,30.0,True
baseline,,0.006105276500337843,0.026390158215457878,0.12519528715299402,0.6886042215214084,-2.161901633752756,0.7689220183486238,0.9443807339449541,0.09634128440366974,0.584833940366904,0.7666666666666667,24.73913043478261,0.0,30.0,True
baseline,,0.006105276500337843,0.03174802103936399,0.1247824377331291,0.6823166161908734,-2.110000723328113,0.7746319365798414,0.9450736126840317,0.10135832389580979,0.5899749949574471,0.7666666666666667,25.217391304347824,0.0,30.0,True
baseline,,0.006105276500337843,0.03819366415641666,0.12446937040034803,0.6736235863549787,-2.046984755832547,0.780515117581187,0.9456886898096305,0.10662642777155651,0.6089641466736794,0.7333333333333333,25.045454545454547,0.0,30.0,True
baseline,,0.006105276500337843,0.04594793419988139,0.12469989608263639,0.6683278377500234,-1.9729403967440708,0.7871396895787139,0.9456762749445676,0.11326341463414635,0.6513378376762072,0.7333333333333333,25.454545454545453,0.0,30.0,True
baseline,,0.006105276500337843,0.055276515198711025,0.12428122326244626,0.6607993709703612,-1.9023234996500855,0.7899343544857768,0.9469365426695843,0.11479781181619253,0.6816855425635974,0.7,25.38095238095238,0.0,30.0,True
baseline,,0.006105276500337843,0.06649903169142302,0.12468456568740909,0.6554832419341093,-1.824220208301797,0.7915766738660908,0.9470842332613391,0.11629244060475175,0.7148345728715261,0.6666666666666666,25.3,0.0,30.0,False
baseline,,0.006105276500337843,0.07999999999999999,0.12421145593068744,0.6487735151647085,-1.7480749847546462,0.7956243329775881,0.948239060832444,0.11918527214514407,0.7641453454891841,0.6666666666666666,25.85,0.0,30.0,False
baseline,,0.007454880229115496,0.005000000000000002,0.12523890400731172,0.7147210273307468,-2.4557994409020436,0.6728247914183552,0.9410011918951132,0.023374016686531607,0.4300587326909105,0.8,23.958333333333332,0.0,30.0,True
baseline,,0.007454880229115496,0.006015125180410587,0.12520097222848722,0.7148452749868508,-2.462658679803374,0.6848989298454221,0.9447086801426873,0.011990249702734879,0.44203656204044817,0.8,24.041666666666668,0.0,30.0,True
baseline,,0.007454880229115496,0.007236346187201891,0.12489971387430135,0.7091797115185431,-2.460974239337648,0.7018890200708382,0.9474616292798111,0.026227390791027094,0.43301139722267784,0.8,24.291666666666668,0.0,30.0,True
baseline,,0.007454880229115496,0.008705505632961245,0.12489971350833351,0.7056941370481523,-2.448183007386891,0.7176470588235294,0.9505882352941176,0.038858823529411834,0.44672948978841304,0.8,24.416666666666668,0.0,30.0,True
baseline,,0.007454880229115496,0.010472941228206266,0.12489971437140246,0.7025079110515973,-2.4257994450320424,0.7338804220398594,0.9525205158264948,0.05315990621336464,0.4642455813785394,0.8,24.541666666666668,0.0,30.0,True
baseline,,0.007454880229115496,0.012599210498948734,0.12474433454820545,0.6999492392535868,-2.398824186841853,0.7476635514018691,0.9544392523364486,0.06502429906542062,0.48610405375560123,0.8,24.666666666666668,0.0,30.0,True
baseline,,0.007454880229115496,0.015157165665103976,0.12491417057298607,0.6994792524276223,-2.361484289335165,0.7584400465657741,0.9563445867287543,0.07758463329452847,0.5068836803237597,0.7666666666666667,24.17391304347826,0.0,30.0,True
baseline,,0.007454880229115496,0.018234449771164334,0.12502500813254366,0.6943695011193567,-2.315477608991332,0.7722543352601156,0.9583815028901734,0.093435838150289,0.5220725536346436,0.7666666666666667,24.434782608695652,0.0,30.0,True
baseline,,0.007454880229115496,0.021936499593892524,0.12502500990853765,0.6924424512916649,-2.261818410268207,0.7843137254901961,0.9590542099192618,0.1061679354094579,0.5686260372400284,0.7666666666666667,24.52173913043478,0.0,30.0,True
baseline,,0.007454880229115496,0.026390158215457878,0.125121116483361,0.6875567098205159,-2.2053549270935484,0.7934782608695652,0.9616704805491991,0.11794874141876432,0.5899472092588742,0.7666666666666667,24.82608695652174,0.0,30.0,True
baseline,,0.007454880229115496,0.03174802103936399,0.1247824371596578,0.6800893743235388,-2.148379704342871,0.8005649717514124,0.9621468926553672,0.12551186440677964,0.593167703350385,0.7333333333333333,24.681818181818183,0.0,30.0,True
baseline,,0.007454880229115496,0.03819366415641666,0.12446937103130347,0.6729490998708206,-2.084653513297692,0.8059284116331096,0.9625279642058165,0.13125637583892613,0.62407914797465,0.7333333333333333,25.09090909090909,0.0,30.0,True
baseline,,0.007454880229115496,0.04594793419988139,0.12469989841389847,0.668590647488222,-2.012430930800554,0.811529933481153,0.9623059866962306,0.13663592017738357,0.6713983525832494,0.7333333333333333,25.454545454545453,0.0,30.0,True
baseline,,0.007454880229115496,0.055276515198711025,0.12428122417048476,0.660262486145304,-1.9401344895073622,0.8142076502732241,0.9633879781420766,0.14039562841530062,0.6901034240921339,0.6666666666666666,24.75,0.0,30.0,False
baseline,,0.007454880229115496,0.06649903169142302,0.12456692301203154,0.6546262303822067,-1.867182776104319,0.8157327586206896,0.9633620689655172,0.14189482758620686,0.7237833584348361,0.6666666666666666,25.4,0.0,30.0,False
baseline,,0.007454880229115496,0.07999999999999999,0.12421145527718548,0.648368980105162,-1.785233491552425,0.8192963752665245,0.9642857142857143,0.14638208955223886,0.7810699194669724,0.6666666666666666,25.9,0.0,30.0,False
baseline,,0.009102821015130404,0.005000000000000002,0.1252009703725024,0.7150294588985435,-2.4847157314051533,0.6985731272294887,0.9560047562425684,0.017377883472057154,0.4424087041988969,0.8,24.041666666666668,0.0,30.0,True
baseline,,0.009102821015130404,0.006015125180410587,0.12520097034639402,0.7140582656949023,-2.4841119030275043,0.7143705463182898,0.9584323040380047,0.03560285035629451,0.4625744178891182,0.8,24.083333333333332,0.0,30.0,True
baseline,,0.009102821015130404,0.007236346187201891,0.1248997141368937,0.7066394649140361,-2.481689167790729,0.732037691401649,0.9605418138987044,0.055379505300353404,0.4434370592236519,0.8,24.375,0.0,30.0,True
baseline,,0.009102821015130404,0.008705505632961245,0.12489971495494681,0.7059942210554921,-2.464239082361184,0.7447058823529412,0.9635294117647059,0.07103529411764709,0.4711066136757533,0.8,24.416666666666668,0.0,30.0,True
baseline,,0.009102821015130404,0.010472941228206266,0.12489971369889284,0.7028034959303322,-2.4403779930144927,0.7584994138335287,0.9654161781946072,0.08671559202813595,0.4883712351322174,0.8,24.541666666666668,0.0,30.0,True
baseline,,0.009102821015130404,0.012599210498948734,0.12474433401765735,0.7002413206018621,-2.412282924799608,0.772196261682243,0.9672897196261683,0.10228598130841127,0.5099479764699936,0.8,24.666666666666668,0.0,30.0,True
baseline,,0.009102821015130404,0.015157165665103976,0.12502500873353414,0.6952403787251056,-2.3751148424644253,0.7841435185185185,0.9693287037037037,0.11627222222222222,0.4984533203144868,0.7666666666666667,24.391304347826086,0.0,30.0,True
baseline,,0.009102821015130404,0.018234449771164334,0.12502500818282775,0.6946630406602873,-2.3287565178022764,0.7976878612716763,0.9705202312138729,0.13100809248554923,0.5452482283115387,0.7666666666666667,24.434782608695652,0.0,30.0,True
baseline,,0.009102821015130404,0.021936499593892524,0.12502500757855647,0.6919442412011354,-2.273993479926425,0.8087557603686636,0.9717741935483871,0.14332995391705072,0.587130598227183,0.7666666666666667,24.565217391304348,0.0,30.0,True
baseline,,0.009102821015130404,0.026390158215457878,0.12503780461076808,0.686766711515613,-2.222917966436528,0.8204104903078677,0.9737742303306728,0.15698472063854052,0.5905183404684067,0.7333333333333333,24.318181818181817,0.0,30.0,False
baseline,,0.009102821015130404,0.03174802103936399,0.12478243659963273,0.6768368573206602,-2.162593423798522,0.8265765765765766,0.9740990990990991,0.16347567567567567,0.5959807271758716,0.7333333333333333,24.818181818181817,0.0,30.0,False
baseline,,0.009102821015130404,0.03819366415641666,0.12465432524392256,0.6720746275858253,-2.0967285335594954,0.8292410714285714,0.9743303571428571,0.1663714285714285,0.6350699111819267,0.7333333333333333,25.181818181818183,0.0,30.0,False
baseline,,0.009102821015130404,0.04594793419988139,0.12448636171902201,0.667780139445493,-2.029845339101612,0.8351769911504425,0.9745575221238938,0.17253451327433633,0.6802225490411122,0.7333333333333333,25.545454545454547,0.0,30.0,False
baseline,,0.009102821015130404,0.055276515198711025,0.12452907280342153,0.659966620798972,-1.9544533183891932,0.8371459694989106,0.9754901960784313,0.17543616557734198,0.6955603137612343,0.6666666666666666,24.9,0.0,30.0,False
baseline,,0.009102821015130404,0.06649903169142302,0.12456692092372576,0.6539262935915023,-1.8814743869808308,0.8401506996770721,0.9752421959095802,0.1781928955866523,0.7403667310873667,0.6666666666666666,25.45,0.0,30.0,False
baseline,,0.009102821015130404,0.07999999999999999,0.12421145714549157,0.6486722839762611,-1.8001078532352985,0.843816631130064,0.9760127931769723,0.18262942430703633,0.8032667025923729,0.6666666666666666,25.9,0.0,30.0,False
baseline,,0.01111504784609142,0.005000000000000002,0.125066028698023,0.7127542416489346,-2.490534444539631,0.731042654028436,0.966824644549763,0.06066729857819908,0.4521438413610061,0.8,24.166666666666668,0.0,30.0,True
baseline,,0.01111504784609142,0.006015125180410587,0.1250660317656817,0.7105631765097206,-2.486018900356109,0.7464539007092199,0.9692671394799054,0.07852104018912531,0.46448834985494614,0.8,24.25,0.0,30.0,True
baseline,,0.01111504784609142,0.007236346187201891,0.12476586201842595,0.7069783260649978,-2.4793594506071597,0.7617647058823529,0.971764705882353,0.09632941176470589,0.46462294409672417,0.8,24.416666666666668,0.0,30.0,True
baseline,,0.01111504784609142,0.008705505632961245,0.12476586145663356,0.7052241758316391,-2.459355768726739,0.7740610328638498,0.9730046948356808,0.10986572769953051,0.48672186210751534,0.8,24.5,0.0,30.0,True
baseline,,0.01111504784609142,0.010472941228206266,0.12461120145719463,0.701614893654091,-2.4387858101213817,0.7867990654205608,0.9754672897196262,0.12506635514018694,0.49601203550895057,0.8,24.666666666666668,0.0,30.0,True
baseline,,0.01111504784609142,0.012599210498948734,0.12489216796453885,0.6997155507067889,-2.408035364661957,0.8002322880371661,0.9773519163763066,0.14038420441347266,0.4962916851043701,0.7666666666666667,24.26086956521739,0.0,30.0,True
baseline,,0.01111504784609142,0.015157165665103976,0.12489216628877584,0.6955748178917052,-2.3687283629313884,0.8127167630057803,0.9780346820809248,0.15355144508670515,0.5175218929847082,0.7666666666666667,24.434782608695652,0.0,30.0,False
baseline,,0.01111504784609142,0.018234449771164334,0.12489216828512562,0.6938861805779087,-2.3212120237915626,0.8264129181084199,0.9792387543252595,0.16845167243367942,0.5536282777786254,0.7333333333333333,23.863636363636363,0.0,30.0,False
baseline,,0.01111504784609142,0.021936499593892524,0.12498869172355818,0.6922742000041426,-2.270831637730957,0.8352468427095293,0.9804822043628014,0.17852904707233075,0.5853006452322006,0.7333333333333333,24.045454545454547,0.0,30.0,False
baseline,,0.01111504784609142,0.026390158215457878,0.124906231809047,0.6836549649106366,-2.2152927525302513,0.8456299659477866,0.9824063564131669,0.1908363223609535,0.5920379161834717,0.7333333333333333,24.5,0.0,30.0,False
baseline,,0.01111504784609142,0.03174802103936399,0.12475466337177987,0.677168118691301,-2.1600738971768987,0.8512906846240179,0.9826038159371493,0.19669450056116722,0.6030088022351265,0.7333333333333333,24.954545454545453,0.0,30.0,False
baseline,,0.01111504784609142,0.03819366415641666,0.12452527113293153,0.6706769829410337,-2.090049655228223,0.8548387096774194,0.9827586206896551,0.20039733036707452,0.6428272565205891,0.7333333333333333,25.318181818181817,0.0,30.0,False
baseline,,0.01111504784609142,0.04594793419988139,0.12434553762461395,0.666068438890551,-2.0263151977620235,0.8595814977973568,0.9829295154185022,0.20531101321585898,0.6791757747530938,0.7333333333333333,25.727272727272727,0.0,30.0,False
baseline,,0.01111504784609142,0.055276515198711025,0.12458457337380828,0.6580898609363212,-1.9524139148792339,0.8607800650054171,0.9832069339111592,0.20678699891657637,0.6915168071786563,0.6666666666666666,25.15,0.0,30.0,False
baseline,,0.01111504784609142,0.06649903169142302,0.12418354204998928,0.6532200199370132,-1.8806109722273698,0.8637339055793991,0.9833690987124464,0.2099030042918455,0.7448757400115331,0.6666666666666666,25.6,0.0,30.0,False
baseline,,0.01111504784609142,0.07999999999999999,0.12408765496283085,0.6474449401016256,-1.7955249543912495,0.8676939426142402,0.9840595111583422,0.2145534537725824,0.811601718266805,0.6666666666666666,26.05,0.0,30.0,False
baseline,,0.013572088082974535,0.005000000000000002,0.12506602921519128,0.7120746813268866,-2.4724280606202034,0.7526627218934911,0.9757396449704142,0.09120236686390537,0.4797213534514109,0.8,24.208333333333332,0.0,30.0,True
baseline,,0.013572088082974535,0.006015125180410587,0.12476585996797265,0.7072269616814677,-2.4690068098995614,0.7676470588235295,0.9770588235294118,0.10750588235294123,0.46950696408748627,0.8,24.416666666666668,0.0,30.0,True
baseline,,0.013572088082974535,0.007236346187201891,0.12476586089327675,0.7054449090759438,-2.4538083078215207,0.7846244131455399,0.9800469483568075,0.1274713615023474,0.48822569437325003,0.8,24.5,0.0,30.0,True
baseline,,0.013572088082974535,0.008705505632961245,0.12487761819154285,0.7031502531762254,-2.4360911367006106,0.7964912280701755,0.9812865497076023,0.1405777777777778,0.4979350713392099,0.8,24.625,0.0,30.0,True
baseline,,0.013572088082974535,0.010472941228206266,0.12472306489131722,0.6998704277942775,-2.411149917597189,0.8119906868451688,0.9831199068684517,0.1579105937136206,0.4966499343514442,0.7333333333333333,23.5,0.0,30.0,False
baseline,,0.013572088082974535,0.012599210498948734,0.12489216864303167,0.6993760632537352,-2.3794164929371386,0.8219257540603249,0.9837587006960556,0.16848445475638052,0.5174017970760664,0.7333333333333333,23.636363636363637,0.0,30.0,False
baseline,,0.013572088082974535,0.015157165665103976,0.12481874436547058,0.6959532003588551,-2.343375562789271,0.8354503464203233,0.9849884526558892,0.18323879907621254,0.5345623252292474,0.7333333333333333,23.818181818181817,0.0,30.0,False
baseline,,0.013572088082974535,0.018234449771164334,0.12481874307132462,0.692311766263089,-2.293626827798814,0.8459770114942529,0.985632183908046,0.19440919540229884,0.566168287396431,0.7333333333333333,24.0,0.0,30.0,False
baseline,,0.013572088082974535,0.021936499593892524,0.12498869088808127,0.6891390318653204,-2.2428679357727814,0.8575514874141876,0.9879862700228833,0.20833775743707095,0.5987647692362468,0.7333333333333333,24.181818181818183,0.0,30.0,False
baseline,,0.013572088082974535,0.026390158215457878,0.1250914752121229,0.6828145113045732,-2.1910167812883774,0.8629671574178935,0.9886749716874292,0.2144421291053228,0.6064241339763006,0.7333333333333333,24.59090909090909,0.0,30.0,False
baseline,,0.013572088082974535,0.03174802103936399,0.12475466382657081,0.6764736303284338,-2.1348347831030186,0.8682735426008968,0.9887892376681614,0.21986278026905826,0.6253027801712354,0.7333333333333333,25.0,0.0,30.0,False
baseline,,0.013572088082974535,0.03819366415641666,0.1243116409636119,0.6702210882847255,-2.0666071899292326,0.8729189789123196,0.9889012208657048,0.2246201997780244,0.6595221638679505,0.7333333333333333,25.40909090909091,0.0,30.0,False
baseline,,0.013572088082974535,0.04594793419988139,0.12434553739309678,0.6664465798478277,-2.0020001594159025,0.876101321585903,0.9889867841409692,0.22788810572687224,0.7013382573922475,0.7,25.095238095238095,0.0,30.0,False
baseline,,0.013572088082974535,0.055276515198711025,0.12458457225793128,0.6567593158447013,-1.928815332457879,0.8772972972972973,0.9897297297297297,0.22982702702702706,0.7078270385662715,0.6666666666666666,25.25,0.0,30.0,False
baseline,,0.013572088082974535,0.06649903169142302,0.1241835445982989,0.6518968497013087,-1.853948499972193,0.8806209850107066,0.9898286937901499,0.23324967880085656,0.7667030518253645,0.6666666666666666,25.7,0.0,30.0,False
baseline,,0.013572088082974535,0.07999999999999999,0.12412369794566644,0.6459561130599325,-1.7744995709598168,0.8840042372881356,0.9904661016949152,0.23727033898305083,0.8211502686142922,0.6666666666666666,26.2,0.0,30.0,False
baseline,,0.016572270086699935,0.005000000000000002,0.1252190020891469,0.7090114569285475,-2.437733198904011,0.7856301531213192,0.9823321554770318,0.13076230859835103,0.4832822581132253,0.7666666666666667,23.73913043478261,0.0,30.0,True
baseline,,0.016572270086699935,0.006015125180410587,0.1250302993260654,0.7061179347526073,-2.433612587921127,0.8001172332942555,0.9853458382180539,0.14826307151230944,0.4787701442837715,0.7666666666666667,23.91304347826087,0.0,30.0,True
baseline,,0.016572270086699935,0.007236346187201891,0.12503030008029456,0.7043427288438929,-2.416486758339601,0.8140350877192982,0.9865497076023392,0.1633847953216374,0.4960708424448967,0.7666666666666667,24.0,0.0,30.0,False
baseline,,0.016572270086699935,0.008705505632961245,0.1248757503540024,0.7027186692524332,-2.3959775260213654,0.8269230769230769,0.9877622377622378,0.1774853146853147,0.5038156499465306,0.7333333333333333,23.454545454545453,0.0,30.0,False
baseline,,0.016572270086699935,0.010472941228206266,0.12504368512442224,0.7003072816080333,-2.371330790219387,0.8364269141531323,0.988399071925754,0.18762598607888636,0.5098937903841336,0.7333333333333333,23.636363636363637,0.0,30.0,False
baseline,,0.016572270086699935,0.012599210498948734,0.12497006831925626,0.6985092870753509,-2.3392134721057634,0.8485549132947977,0.9890173410404625,0.20037225433526018,0.5304963399966558,0.7333333333333333,23.772727272727273,0.0,30.0,False
baseline,,0.016572270086699935,0.015157165665103976,0.12497006767666324,0.6932946069059512,-2.299153598509891,0.860919540229885,0.9896551724137931,0.21337471264367813,0.5479488765199979,0.7333333333333333,24.0,0.0,30.0,False
baseline,,0.016572270086699935,0.018234449771164334,0.12497006702289881,0.6913285421715264,-2.2524054536262934,0.8715596330275229,0.9908256880733946,0.2251853211009175,0.5861162980397542,0.7333333333333333,24.09090909090909,0.0,30.0,False
baseline,,0.016572270086699935,0.021936499593892524,0.1253243547674788,0.6839084308027791,-2.202505861675119,0.8791146424517594,0.9926220204313281,0.2345366628830875,0.5863775953650474,0.7333333333333333,24.5,0.0,30.0,False
baseline,,0.016572270086699935,0.026390158215457878,0.12524066490126004,0.6785298005361933,-2.1493636640707514,0.8862612612612613,0.9932432432432432,0.24230450450450447,0.6088391035795212,0.7333333333333333,24.818181818181817,0.0,30.0,False
baseline,,0.016572270086699935,0.03174802103936399,0.12468904451052634,0.6748937949807525,-2.0960656997222853,0.890625,0.9933035714285714,0.2467285714285714,0.6328148355086645,0.7333333333333333,25.181818181818183,0.0,30.0,False
baseline,,0.016572270086699935,0.03819366415641666,0.12444753483689874,0.6706506592450325,-2.0298429209605446,0.893687707641196,0.9933554817275747,0.2498431893687707,0.6773693958918253,0.7333333333333333,25.5,0.0,30.0,False
baseline,,0.016572270086699935,0.04594793419988139,0.12449365780780673,0.6657813803141227,-1.9623310556539124,0.8972527472527473,0.9934065934065934,0.2534593406593407,0.71705648402373,0.6666666666666666,24.5,0.0,30.0,False
baseline,,0.016572270086699935,0.055276515198711025,0.12470396446049266,0.6552033067944549,-1.892547611784402,0.8993541442411195,0.9940796555435952,0.2562337997847147,0.7153536811470985,0.6666666666666666,25.45,0.0,30.0,False
baseline,,0.016572270086699935,0.06649903169142302,0.12432892833065148,0.6506814727788978,-1.8167466004413642,0.9023479188900747,0.9941302027748132,0.25927812166488795,0.7812425454457601,0.6666666666666666,25.85,0.0,30.0,False
baseline,,0.016572270086699935,0.07999999999999999,0.12427101652227161,0.6463914442881264,-1.7415640609772545,0.9053911205073996,0.9947145877378436,0.2629057082452432,0.8377422496676445,0.6666666666666666,26.3,0.0,30.0,False
baseline,,0.020235658223516174,0.005000000000000002,0.12532963190316493,0.7068368081716527,-2.388709374091177,0.8192488262910798,0.9906103286384976,0.1726591549295774,0.5071637680133184,0.7666666666666667,23.869565217391305,0.0,30.0,False
baseline,,0.020235658223516174,0.006015125180410587,0.125030299359233,0.7038380870781973,-2.3778968070863145,0.8300233644859814,0.9912383177570093,0.1840616822429907,0.5008550979197025,0.7333333333333333,23.363636363636363,0.0,30.0,False
baseline,,0.020235658223516174,0.007236346187201891,0.12480218401973077,0.7030577804775187,-2.363509260015183,0.8434225844004657,0.9912689173457508,0.19749150174621655,0.5081887491047382,0.7333333333333333,23.5,0.0,30.0,False
baseline,,0.020235658223516174,0.008705505632961245,0.12480218415320997,0.7018742909275626,-2.3421500615142,0.8552325581395349,0.9924418604651163,0.21047441860465121,0.5298360625902812,0.7333333333333333,23.545454545454547,0.0,30.0,False
baseline,,0.020235658223516174,0.010472941228206266,0.12497006678794079,0.6993532039295114,-2.3167928499141994,0.8622685185185185,0.9930555555555556,0.21812407407407408,0.5365134343504906,0.7333333333333333,23.727272727272727,0.0,30.0,False
baseline,,0.020235658223516174,0.012599210498948734,0.1249700675116932,0.6956881755164324,-2.2819291699777926,0.875,0.993663594470046,0.23146359447004605,0.5537906788289547,0.7333333333333333,23.90909090909091,0.0,30.0,False
baseline,,0.020235658223516174,0.015157165665103976,0.12515606314368943,0.6914182488872802,-2.243380246218457,0.8865979381443299,0.9942726231386025,0.2436705612829324,0.5670266916354497,0.7333333333333333,24.136363636363637,0.0,30.0,False
baseline,,0.020235658223516174,0.018234449771164334,0.12532435643888842,0.6893900382138393,-2.198721685353967,0.894406392694064,0.9954337899543378,0.2526401826484018,0.5968715036908786,0.7333333333333333,24.272727272727273,0.0,30.0,False
baseline,,0.020235658223516174,0.021936499593892524,0.12505771532109675,0.6830515488204889,-2.151970850061286,0.9044117647058824,0.997737556561086,0.26494932126696835,0.6036240801215171,0.7333333333333333,24.636363636363637,0.0,30.0,False
baseline,,0.020235658223516174,0.026390158215457878,0.12494086877232732,0.6781499264613661,-2.0984322124838206,0.909652076318743,0.9977553310886644,0.27020740740740745,0.6303731818993886,0.7333333333333333,24.954545454545453,0.0,30.0,False
baseline,,0.020235658223516174,0.03174802103936399,0.12467508675894051,0.6736439756198224,-2.042847173271472,0.9132369299221357,0.9977753058954394,0.2738122358175751,0.6524891113241513,0.7333333333333333,25.318181818181817,0.0,30.0,False
baseline,,0.020235658223516174,0.03819366415641666,0.12444753388938477,0.6698975033750937,-1.9775887681890252,0.9164823008849557,0.9977876106194691,0.27706991150442484,0.7014350444078445,0.7,24.904761904761905,0.0,30.0,False
baseline,,0.020235658223516174,0.04594793419988139,0.12437544093616612,0.6600407653972878,-1.9104350974167534,0.9211099020674647,0.9978237214363439,0.2817336235038086,0.707160101334254,0.6666666666666666,24.95,0.0,30.0,False
baseline,,0.020235658223516174,0.055276515198711025,0.12470396649749621,0.6546831231593213,-1.8421805174756463,0.9204301075268817,0.9983870967741936,0.2816172043010753,0.7461409206191699,0.6666666666666666,25.5,0.0,30.0,False
baseline,,0.020235658223516174,0.06649903169142302,0.1243312666092347,0.6494680170136088,-1.7672708556388952,0.9234042553191489,0.9984042553191489,0.28460851063829784,0.8011136054992676,0.6666666666666666,26.0,0.0,30.0,False
baseline,,0.020235658223516174,0.07999999999999999,0.12469506935589621,0.6440678815854994,-1.6893536356423076,0.9257894736842105,0.9989473684210526,0.2875368421052631,0.8538599491119385,0.6666666666666666,26.5,0.0,30.0,False
baseline,,0.024708857724180293,0.005000000000000002,0.12480218531592717,0.7042954305718545,-2.3278304720998015,0.8502331002331003,0.9912587412587412,0.20429184149184154,0.5143937004109224,0.7333333333333333,23.454545454545453,0.0,30.0,False
baseline,,0.024708857724180293,0.006015125180410587,0.12480218414022397,0.7020300356087928,-2.3143888489959843,0.861046511627907,0.9912790697674418,0.21512558139534887,0.5235777785380681,0.7333333333333333,23.545454545454547,0.0,30.0,False
baseline,,0.024708857724180293,0.007236346187201891,0.12480218481134327,0.7021640971144597,-2.2958523012504286,0.8715116279069768,0.9918604651162791,0.22617209302325592,0.548087801784277,0.7333333333333333,23.545454545454547,0.0,30.0,False
baseline,,0.024708857724180293,0.008705505632961245,0.12497006721096203,0.6997261409279312,-2.2752439430039084,0.8807870370370371,0.9930555555555556,0.23664259259259268,0.5495500241716703,0.7333333333333333,23.727272727272727,0.0,30.0,False
baseline,,0.024708857724180293,0.010472941228206266,0.12515606286446265,0.6971097537339714,-2.2465374274463317,0.8934331797235023,0.9930875576036866,0.24932073732718896,0.5596687724192937,0.7333333333333333,23.90909090909091,0.0,30.0,False
baseline,,0.024708857724180293,0.012599210498948734,0.12515606292467077,0.6926821001628176,-2.2135764213485722,0.9030963302752294,0.9942660550458715,0.2601623853211009,0.5729607723653316,0.7333333333333333,24.09090909090909,0.0,30.0,False
baseline,,0.024708857724180293,0.015157165665103976,0.12510617223281978,0.6898851479467633,-2.1767310253888374,0.9116305587229191,0.9948688711516533,0.26929942987457245,0.5854579875866572,0.7333333333333333,24.318181818181817,0.0,30.0,False
baseline,,0.024708857724180293,0.018234449771164334,0.1251061734862627,0.6854714813129669,-2.1332240993877742,0.9199772985244041,0.9954597048808173,0.2782370034052214,0.6092820674180984,0.7333333333333333,24.5,0.0,30.0,False
baseline,,0.024708857724180293,0.021936499593892524,0.1249745558944021,0.6816697374908716,-2.0861900215663685,0.9267192784667418,0.9977452085682075,0.28726448703494933,0.6310367330908775,0.7333333333333333,24.772727272727273,0.0,30.0,False
baseline,,0.024708857724180293,0.026390158215457878,0.1249262356662032,0.6769031572640919,-2.033548322923245,0.9312080536912751,0.9977628635346756,0.2917709172259507,0.6549401710430781,0.7333333333333333,25.09090909090909,0.0,30.0,False
baseline,,0.024708857724180293,0.03174802103936399,0.12467508837784232,0.6730292212939317,-1.9769380646427812,0.9344444444444444,0.9977777777777778,0.2950222222222222,0.684401682515939,0.7,24.714285714285715,0.0,30.0,False
baseline,,0.024708857724180293,0.03819366415641666,0.1243352157634472,0.6681598811025551,-1.9170862813737832,0.938257993384785,0.9977949283351709,0.2988529217199559,0.7254805291692416,0.7,25.047619047619047,0.0,30.0,False
baseline,,0.024708857724180293,0.04594793419988139,0.12454934487286673,0.6590051411916555,-1.850446600897532,0.940347071583514,0.9983731019522777,0.30152017353579175,0.7293569102883339,0.6666666666666666,25.1,0.0,30.0,False
baseline,,0.024708857724180293,0.055276515198711025,0.12470543830954185,0.6540720083808604,-1.7823203804371257,0.9404506437768241,0.9983905579399142,0.30164120171673825,0.7762818137804667,0.6666666666666666,25.6,0.0,30.0,False
baseline,,0.024708857724180293,0.06649903169142302,0.1247571522433651,0.64569704755576,-1.7062065022191293,0.9439746300211417,0.9984143763213531,0.3051890063424948,0.8085166335105896,0.6666666666666666,26.3,0.0,30.0,False
baseline,,0.024708857724180293,0.07999999999999999,0.1244988138818764,0.6419869721043305,-1.6329665804951887,0.9455497382198953,0.9989528795811519,0.3073026178010472,0.865942353506883,0.6666666666666666,26.75,0.0,30.0,False
baseline,,0.030170881682725817,0.005000000000000002,0.12498950930816935,0.7025671872398354,-2.250775325195686,0.8815331010452961,0.9912891986062717,0.2356222996515679,0.549316885570685,0.7333333333333333,23.59090909090909,0.0,30.0,False
baseline,,0.030170881682725817,0.006015125180410587,0.12498951026350129,0.7026794261212392,-2.2353764340820987,0.8885017421602788,0.9924506387921022,0.24375238095238094,0.5701298599441846,0.7333333333333333,23.59090909090909,0.0,30.0,False
baseline,,0.030170881682725817,0.007236346187201891,0.12515606458022968,0.6985469281937462,-2.2185753938971255,0.8990772779700116,0.9925028835063437,0.25438016147635534,0.5554247066378594,0.7333333333333333,23.863636363636363,0.0,30.0,False
baseline,,0.030170881682725817,0.008705505632961245,0.1249377571029181,0.6948677386933928,-2.197444470270362,0.9070034443168772,0.9931113662456946,0.2629148105625718,0.5573524946967761,0.7333333333333333,24.045454545454547,0.0,30.0,False
baseline,,0.030170881682725817,0.010472941228206266,0.12493775875700744,0.6932874121467546,-2.1683881467397828,0.9169530355097365,0.9942726231386025,0.27402565864833905,0.5805219314992428,0.7333333333333333,24.136363636363637,0.0,30.0,False
baseline,,0.030170881682725817,0.012599210498948734,0.12493775770028766,0.6893534408728013,-2.133571480686267,0.928164196123147,0.9948688711516533,0.2858330672748004,0.5969795475403468,0.7333333333333333,24.318181818181817,0.0,30.0,False
baseline,,0.030170881682725817,0.015157165665103976,0.1251061732877946,0.6869417566049754,-2.0986722611528568,0.9335227272727272,0.9948863636363636,0.29120909090909086,0.6170082241296768,0.7333333333333333,24.454545454545453,0.0,30.0,False
baseline,,0.030170881682725817,0.018234449771164334,0.12504272763346816,0.6852720239854698,-2.0566625016916604,0.9394796380090498,0.996606334841629,0.29888597285067875,0.6423047443230947,0.7333333333333333,24.636363636363637,0.0,30.0,False
baseline,,0.030170881682725817,0.021936499593892524,0.12492623470052841,0.678907683690342,-2.0125595768099673,0.9478699551569507,0.9977578475336323,0.308427802690583,0.6449853936831157,0.7,24.333333333333332,0.0,30.0,False
baseline,,0.030170881682725817,0.026390158215457878,0.12467508819698353,0.6765250108700627,-1.960872695164935,0.9498327759197325,0.9977703455964325,0.310403121516165,0.6789233560363451,0.7,24.571428571428573,0.0,30.0,False
baseline,,0.030170881682725817,0.03174802103936399,0.12467508570056769,0.6682474569033512,-1.9010814522098471,0.9513812154696133,0.9977900552486187,0.31197127071823205,0.7043015172084173,0.7,24.952380952380953,0.0,30.0,False
baseline,,0.030170881682725817,0.03819366415641666,0.12449365710282155,0.6646123381591639,-1.843827272547434,0.9555921052631579,0.9978070175438597,0.31619912280701756,0.737993564705054,0.6666666666666666,24.6,0.0,30.0,False
baseline,,0.030170881682725817,0.04594793419988139,0.12455119143240838,0.6566252471460726,-1.7793371051803675,0.9568034557235421,0.9983801295896328,0.31798358531317494,0.7539163589477539,0.6666666666666666,25.3,0.0,30.0,False
baseline,,0.030170881682725817,0.055276515198711025,0.12513243891352552,0.6520907341560758,-1.7107039305738818,0.9572649572649573,0.9983974358974359,0.3184623931623932,0.8014748459060986,0.6666666666666666,25.8,0.0,30.0,False
baseline,,0.030170881682725817,0.06649903169142302,0.1248067137065342,0.6453709554891479,-1.6396021418223585,0.959915611814346,0.9984177215189873,0.3211333333333334,0.843552262087663,0.6666666666666666,26.4,0.0,30.0,False
baseline,,0.030170881682725817,0.07999999999999999,0.12441139389238579,0.6397732624265764,-1.5677963972741478,0.9614181438998958,0.9989572471324296,0.3231753910323254,0.8826506868004799,0.6333333333333333,26.31578947368421,0.0,30.0,False
baseline,,0.03684031498640387,0.005000000000000002,0.1247705445786858,0.6990504123090443,-2.162626325442531,0.9058891454965358,0.9924942263279446,0.26118337182448037,0.5793923402825991,0.7333333333333333,23.818181818181817,0.0,30.0,False
baseline,,0.03684031498640387,0.006015125180410587,0.12493775941925288,0.6991590339169773,-2.1483222775633237,0.9118663594470046,0.9925115207373272,0.26717788018433175,0.5862460260589918,0.7333333333333333,23.90909090909091,0.0,30.0,False
baseline,,0.03684031498640387,0.007236346187201891,0.12493775907841397,0.6954478300138365,-2.1298464452278036,0.9213547646383468,0.9931113662456946,0.2772661308840414,0.5904016142090162,0.7333333333333333,24.045454545454547,0.0,30.0,False
baseline,,0.03684031498640387,0.008705505632961245,0.12493775931212138,0.6928679088801399,-2.1043413740961032,0.9279176201372997,0.994279176201373,0.2849967963386727,0.6031254544854164,0.7333333333333333,24.181818181818183,0.0,30.0,False
baseline,,0.03684031498640387,0.010472941228206266,0.1251061758312362,0.6906166858277027,-2.0782922987095422,0.9384264538198404,0.9948688711516533,0.2960953249714937,0.6150851825873057,0.7333333333333333,24.318181818181817,0.0,30.0,False
baseline,,0.03684031498640387,0.012599210498948734,0.12509103271552008,0.6874219230077923,-2.0478769886723303,0.9432463110102156,0.9948921679909194,0.300938479001135,0.6271373018622398,0.7333333333333333,24.5,0.0,30.0,False
baseline,,0.03684031498640387,0.015157165665103976,0.12495980725456966,0.686543601961566,-2.0130010411597596,0.9485294117647058,0.995475113122172,0.3068045248868778,0.6453024417161941,0.7,23.952380952380953,0.0,30.0,False
baseline,,0.03684031498640387,0.018234449771164334,0.12495980657830406,0.6815576795113033,-1.9704064966385588,0.954443194600675,0.9966254218222722,0.31386861642294717,0.6646017760038376,0.7,24.19047619047619,0.0,30.0,False
baseline,,0.03684031498640387,0.021936499593892524,0.1249262340008153,0.6776889501215303,-1.926122940646425,0.9602908277404921,0.9977628635346756,0.3208536912751677,0.6898661454518636,0.7,24.428571428571427,0.0,30.0,False
baseline,,0.03684031498640387,0.026390158215457878,0.12467666467836923,0.6715183797687366,-1.8785501882731348,0.9617940199335548,0.9977851605758582,0.32237918050941305,0.6956470936536789,0.7,24.857142857142858,0.0,30.0,False
baseline,,0.03684031498640387,0.03174802103936399,0.12444965294333628,0.6665558624390113,-1.8214897337723805,0.9658965896589659,0.9977997799779978,0.3264963696369637,0.7349724143743515,0.7,25.142857142857142,0.0,30.0,False
baseline,,0.03684031498640387,0.03819366415641666,0.12456804416661264,0.662490531549438,-1.7646205988915464,0.9678298800436205,0.9978189749182116,0.32844885496183207,0.7620550697048505,0.6666666666666666,24.85,0.0,30.0,False
baseline,,0.03684031498640387,0.04594793419988139,0.12498157075229709,0.6522805423958711,-1.6980858031976875,0.9683476394849786,0.9983905579399142,0.32953819742489276,0.7746337935328483,0.6666666666666666,25.6,0.0,30.0,False
baseline,,0.03684031498640387,0.055276515198711025,0.12506392456299076,0.6484217410843888,-1.6331785289635008,0.9703075291622482,0.9984093319194062,0.33151686108165435,0.8200356284777324,0.6666666666666666,26.15,0.0,30.0,False
baseline,,0.03684031498640387,0.06649903169142302,0.12471027152543195,0.6430938070594908,-1.56346307893268,0.9711134453781513,0.9984243697478992,0.33233781512605043,0.8763729001084963,0.6666666666666666,26.6,0.0,30.0,False
baseline,,0.03684031498640387,0.07999999999999999,0.12446494164636251,0.6405035573798,-1.4987000242848234,0.9724532224532224,0.998960498960499,0.3342137214137214,0.9132896408438682,0.6,25.77777777777778,0.0,30.0,False
baseline,,0.04498406187030712,0.005000000000000002,0.1247962524630828,0.6976678307980333,-2.0658157267082418,0.9243119266055045,0.9942660550458715,0.28137798165137606,0.6102277994155884,0.7333333333333333,24.09090909090909,0.0,30.0,False
baseline,,0.04498406187030712,0.006015125180410587,0.12479625536078433,0.6931529826789369,-2.0502822021293943,0.9337899543378996,0.9948630136986302,0.29145296803652976,0.6065095663070679,0.7333333333333333,24.272727272727273,0.0,30.0,False
baseline,,0.04498406187030712,0.007236346187201891,0.12479625409422034,0.6911270794296389,-2.030491953142727,0.9407744874715261,0.994874715261959,0.2984492027334852,0.61300376628836,0.7,23.666666666666668,0.0,30.0,False
baseline,,0.04498406187030712,0.008705505632961245,0.12496419442895983,0.691278840091867,-2.0078840030701417,0.9482366325369739,0.9954493742889647,0.30648600682593863,0.6321215103069941,0.7,23.714285714285715,0.0,30.0,False
baseline,,0.04498406187030712,0.010472941228206266,0.12496419417796396,0.6880466119023638,-1.981501064628727,0.9512471655328798,0.9954648526077098,0.3095120181405896,0.6460371752580006,0.7,23.857142857142858,0.0,30.0,False
baseline,,0.04498406187030712,0.012599210498948734,0.12488146315274282,0.6882582458178705,-1.9515554491155844,0.9563986409966025,0.9954699886749717,0.3146686296715743,0.6762968550125757,0.7,23.904761904761905,0.0,30.0,False
baseline,,0.04498406187030712,0.015157165665103976,0.12483510165802605,0.6810840394267028,-1.9178050082918765,0.9618834080717489,0.9971973094170403,0.3218807174887892,0.6624966417749723,0.7,24.333333333333332,0.0,30.0,False
baseline,,0.04498406187030712,0.018234449771164334,0.12483510288235544,0.6757704014342532,-1.8781754119451661,0.9665551839464883,0.9972129319955407,0.32656811594202906,0.6776822507381439,0.7,24.571428571428573,0.0,30.0,False
baseline,,0.04498406187030712,0.021936499593892524,0.1248019899246302,0.6730433613738968,-1.8342629634380136,0.9705882352941176,0.9983351831298557,0.33172341842397335,0.7098931138714154,0.7,24.761904761904763,0.0,30.0,False
baseline,,0.04498406187030712,0.026390158215457878,0.12455264286247532,0.6688480640317022,-1.7858935401041698,0.9729878721058435,0.9983461962513782,0.3341340683572217,0.7366439749797186,0.7,25.047619047619047,0.0,30.0,False
baseline,,0.04498406187030712,0.03174802103936399,0.12483425722348514,0.6636614689614682,-1.7330404534138921,0.9743449781659389,0.9983624454148472,0.3355074235807861,0.7482629820704461,0.6666666666666666,24.8,0.0,30.0,False
baseline,,0.04498406187030712,0.03819366415641666,0.12509999135298036,0.6570760698886963,-1.67683533510953,0.97680690399137,0.9989212513484358,0.33852815533980585,0.7677539537350336,0.6666666666666666,25.35,0.0,30.0,False
baseline,,0.04498406187030712,0.04594793419988139,0.12508627922794063,0.6501114154494262,-1.6146864035449313,0.9771276595744681,0.9989361702127659,0.33886382978723406,0.794273512562116,0.6666666666666666,26.0,0.0,30.0,False
baseline,,0.04498406187030712,0.055276515198711025,0.12494273733950212,0.6462286713070209,-1.5496918326393323,0.9794303797468354,0.9989451476793249,0.3411755274261603,0.8543207709987958,0.6666666666666666,26.4,0.0,30.0,False
baseline,,0.04498406187030712,0.06649903169142302,0.1247090524092569,0.6424200731662993,-1.482080844115882,0.9801255230125523,0.9989539748953975,0.3418794979079498,0.913949866592884,0.6666666666666666,26.8,0.0,30.0,False
baseline,,0.04498406187030712,0.07999999999999999,0.12411965205601053,0.6373234540650657,-1.4176605174533548,0.981404958677686,1.0,0.34420495867768597,0.9406889249881109,0.6,26.11111111111111,0.0,30.0,False
baseline,,0.054928027165305905,0.005000000000000002,0.12496508750750428,0.6906101798631017,-1.9581405881061824,0.9432463110102156,0.9948921679909194,0.300938479001135,0.6286162773768107,0.7,23.80952380952381,0.0,30.0,False
baseline,,0.054928027165305905,0.006015125180410587,0.12496508734629497,0.687107421832563,-1.9437339846513906,0.9502262443438914,0.9949095022624435,0.3079357466063348,0.6288775488734245,0.7,23.952380952380953,0.0,30.0,False
baseline,,0.054928027165305905,0.007236346187201891,0.12488255336423165,0.6863999468156988,-1.9247529701151023,0.9548532731376975,0.9954853273137697,0.31313860045146724,0.6443873877326648,0.7,24.047619047619047,0.0,30.0,False
baseline,,0.054928027165305905,0.008705505632961245,0.1248825540340818,0.6865452770700705,-1.902073292847759,0.9582392776523702,0.9954853273137697,0.3165246049661399,0.6690182566642762,0.7,24.047619047619047,0.0,30.0,False
baseline,,0.054928027165305905,0.010472941228206266,0.1248351023172402,0.6847532607798844,-1.8769143144463198,0.9628796400449944,0.9955005624296963,0.3211802024746907,0.6797107229630153,0.7,24.19047619047619,0.0,30.0,False
baseline,,0.054928027165305905,0.012599210498948734,0.12483510031162094,0.6791902474970581,-1.8485330923701615,0.9664429530201343,0.9960850111856824,0.32532796420581667,0.6820945555965106,0.7,24.428571428571427,0.0,30.0,False
baseline,,0.054928027165305905,0.015157165665103976,0.1248351007301493,0.6765621210623345,-1.812709416850097,0.9704570791527313,0.9972129319955407,0.330470011148272,0.707135996222496,0.7,24.571428571428573,0.0,30.0,False
baseline,,0.054928027165305905,0.018234449771164334,0.1252400254720312,0.6733416265656976,-1.776084583706003,0.9750554323725056,0.9983370288248337,0.33619246119733925,0.723786324262619,0.7,24.80952380952381,0.0,30.0,False
baseline,,0.054928027165305905,0.021936499593892524,0.1252899723522249,0.6693795065545322,-1.7322091525663603,0.9779492833517089,0.9983461962513782,0.33909547960308717,0.7493165443340938,0.7,25.047619047619047,0.0,30.0,False
baseline,,0.054928027165305905,0.026390158215457878,0.12503948338302978,0.6641425366464053,-1.6865450673851625,0.9797814207650273,0.9983606557377049,0.3409420765027322,0.7569078827897707,0.6666666666666666,24.75,0.0,30.0,False
baseline,,0.054928027165305905,0.03174802103936399,0.12494522091660853,0.6605306010664895,-1.6384889821054898,0.9815817984832069,0.9989165763813651,0.34329837486457204,0.7812865431110064,0.6666666666666666,25.15,0.0,30.0,False
baseline,,0.054928027165305905,0.03819366415641666,0.12521961086795913,0.6550139928443016,-1.5810769199898498,0.9838882921589689,0.9989258861439313,0.3456141783029002,0.8174986069401106,0.6666666666666666,25.55,0.0,30.0,False
baseline,,0.054928027165305905,0.04594793419988139,0.12520481898161448,0.6483593845306058,-1.5219862886884696,0.9841101694915254,0.9989406779661016,0.34585084745762706,0.8429859355092049,0.6666666666666666,26.2,0.0,30.0,False
baseline,,0.054928027165305905,0.055276515198711025,0.12480504734000544,0.6428700472108457,-1.4609277023861926,0.9853249475890985,0.9989517819706499,0.34707672955974844,0.8882794082164764,0.6666666666666666,26.7,0.0,30.0,False
baseline,,0.054928027165305905,0.06649903169142302,0.12454281594134094,0.6383649111422478,-1.397136576675419,0.9859958506224067,0.9994813278008299,0.3482771784232366,0.9336168691515923,0.6333333333333333,26.57894736842105,0.0,30.0,False
baseline,,0.054928027165305905,0.07999999999999999,0.12430745614721143,0.6354149654277725,-1.3325190740799864,0.9871399176954733,1.0,0.3499399176954733,0.9832782874504725,0.6,26.333333333333332,0.0,30.0,False
baseline,,0.06707015869245214,0.005000000000000002,0.1253225031960114,0.6867839678763388,-1.8412943143866345,0.9605411499436303,0.9954904171364148,0.3188315670800451,0.6831806341807047,0.7,24.095238095238095,0.0,30.0,False
baseline,,0.06707015869245214,0.006015125180410587,0.12532250380656668,0.6853375215579317,-1.8246632376886227,0.9611923509561305,0.9955005624296963,0.31949291338582686,0.6933431168397267,0.7,24.19047619047619,0.0,30.0,False
baseline,,0.06707015869245214,0.007236346187201891,0.12532409203933262,0.6854602503629879,-1.807742321205328,0.9629629629629629,0.9955106621773289,0.3212736251402918,0.701765376329422,0.7,24.285714285714285,0.0,30.0,False
baseline,,0.06707015869245214,0.008705505632961245,0.12532409220640112,0.6808703712994573,-1.7877847423431523,0.9664804469273743,0.9955307262569832,0.3248111731843576,0.7007130617896716,0.7,24.476190476190474,0.0,30.0,False
baseline,,0.06707015869245214,0.010472941228206266,0.12532409232545527,0.6766990579579806,-1.7627161426043552,0.9699666295884316,0.9961067853170189,0.3288734149054505,0.7062822570403416,0.7,24.666666666666668,0.0,30.0,False
baseline,,0.06707015869245214,0.012599210498948734,0.12532409357694735,0.6729681031938857,-1.7340977588293225,0.9745293466223699,0.9972314507198228,0.3345607973421927,0.7177484109997749,0.7,24.857142857142858,0.0,30.0,False
baseline,,0.06707015869245214,0.015157165665103976,0.1252899710773068,0.6720567437331472,-1.7027641035926164,0.9784530386740331,0.9972375690607734,0.33849060773480655,0.7466670190294583,0.7,24.952380952380953,0.0,30.0,False
baseline,,0.06707015869245214,0.018234449771164334,0.1254111346757004,0.6681755467644378,-1.6663956573632837,0.9818681318681318,0.9983516483516484,0.3430197802197802,0.7620366528630257,0.7,25.19047619047619,0.0,30.0,False
baseline,,0.06707015869245214,0.021936499593892524,0.1252313086161209,0.6637054847548247,-1.6282477049379327,0.9847494553376906,0.9983660130718954,0.3459154684095861,0.7600470905502638,0.6666666666666666,24.9,0.0,30.0,False
baseline,,0.06707015869245214,0.026390158215457878,0.12500567010941152,0.660086282097668,-1.5824515283335174,0.9864572047670639,0.9989165763813651,0.348173781148429,0.7939139386018117,0.6666666666666666,25.15,0.0,30.0,False
baseline,,0.06707015869245214,0.03174802103936399,0.12521961194023024,0.6572778381049953,-1.5356658119974707,0.9865446716899893,0.9989235737351991,0.3482682454251884,0.8280102988084157,0.6666666666666666,25.45,0.0,30.0,False
baseline,,0.06707015869245214,0.03819366415641666,0.12521961270769416,0.6528221888567937,-1.4781277064781728,0.9871657754010695,0.9989304812834224,0.348896256684492,0.8779425193866094,0.6666666666666666,25.75,0.0,30.0,False
baseline,,0.06707015869245214,0.04594793419988139,0.1250876022082231,0.6458013275077044,-1.4224750847129368,0.9884088514225501,0.9989462592202318,0.35015511064278193,0.900167586406072,0.6666666666666666,26.45,0.0,30.0,False
baseline,,0.06707015869245214,0.055276515198711025,0.12480504777512076,0.6405933701632511,-1.3611879248669227,0.9895615866388309,0.9989561586638831,0.351317745302714,0.950052659213543,0.6666666666666666,26.9,0.0,30.0,False
baseline,,0.06707015869245214,0.06649903169142302,0.12453504287502093,0.6384197273296744,-1.3060281978962562,0.9901859504132231,0.9994834710743802,0.3524694214876033,0.9836116790771484,0.6,26.11111111111111,0.0,30.0,False
baseline,,0.06707015869245214,0.07999999999999999,0.12440397950160106,0.6334936168402258,-1.2389859288808476,0.9912998976458547,1.0,0.3540998976458547,1.0407585740089416,0.6,26.61111111111111,0.0,30.0,False
baseline,,0.08189637274779156,0.005000000000000002,0.12537881777291407,0.6808294895417139,-1.7175278387063093,0.9699666295884316,0.9955506117908788,0.3283172413793104,0.7145283510287602,0.7,24.666666666666668,0.0,30.0,False
baseline,,0.08189637274779156,0.006015125180410587,0.12537881915543245,0.67849488861354,-1.7037790431562687,0.9711431742508324,0.9961154273029966,0.33005860155382905,0.719035641849041,0.7,24.761904761904763,0.0,30.0,False
baseline,,0.08189637274779156,0.007236346187201891,0.12537881949538765,0.6754518998132739,-1.686850287770705,0.9751106194690266,0.9961283185840708,0.33403893805309737,0.7213208799560865,0.7,24.904761904761905,0.0,30.0,False
baseline,,0.08189637274779156,0.008705505632961245,0.12537881832613948,0.6727552362635051,-1.6657076413295933,0.9785005512679162,0.9966923925027563,0.33799294377067257,0.7308909838398298,0.7,25.047619047619047,0.0,30.0,False
baseline,,0.08189637274779156,0.010472941228206266,0.12537881998648434,0.6718652334478802,-1.642269294553657,0.9834801762114538,0.9972466960352423,0.3435268722466961,0.7522097835938136,0.7,25.095238095238095,0.0,30.0,False
baseline,,0.08189637274779156,0.012599210498948734,0.12534481094815678,0.6698031684595608,-1.6166110635563467,0.9835345773874863,0.9972557628979144,0.3435903402854007,0.7689933776855469,0.7,25.238095238095237,0.0,30.0,False
baseline,,0.08189637274779156,0.015157165665103976,0.1253448096428876,0.6673441376685455,-1.5845885773228436,0.9879649890590809,0.9983588621444202,0.3491238512035011,0.7848085487882296,0.6666666666666666,24.7,0.0,30.0,False
baseline,,0.08189637274779156,0.018234449771164334,0.1254150164159314,0.6623642206326531,-1.5511414407786552,0.9902173913043478,0.9989130434782608,0.35193043478260866,0.7934835140903791,0.6666666666666666,25.0,0.0,30.0,False
baseline,,0.08189637274779156,0.021936499593892524,0.1251663005617038,0.6605908362261061,-1.5145019075896673,0.9913419913419913,0.9989177489177489,0.3530597402597402,0.8208394482731819,0.6666666666666666,25.2,0.0,30.0,False
baseline,,0.08189637274779156,0.026390158215457878,0.1250017100285548,0.6579594605070955,-1.4726764325435955,0.9913978494623656,0.9989247311827957,0.35312258064516133,0.8488128180305163,0.6666666666666666,25.5,0.0,30.0,False
baseline,,0.08189637274779156,0.03174802103936399,0.12515526389971182,0.6541372373606676,-1.424553689052179,0.9919871794871795,0.9989316239316239,0.35371880341880346,0.8851262629032135,0.6666666666666666,25.8,0.0,30.0,False
baseline,,0.08189637274779156,0.03819366415641666,0.12533005049418644,0.6449201285528254,-1.3754313143099792,0.993172268907563,0.9989495798319328,0.35492184873949584,0.8823704520861307,0.6666666666666666,26.6,0.0,30.0,False
baseline,,0.08189637274779156,0.04594793419988139,0.1251867095656407,0.642434775429479,-1.3212160292939283,0.9937369519832986,0.9989561586638831,0.3554931106471817,0.9411973337332408,0.6666666666666666,26.9,0.0,30.0,False
baseline,,0.08189637274779156,0.055276515198711025,0.12487991140827841,0.6399644295240936,-1.265166019567413,0.9948186528497409,0.9989637305699481,0.35658238341968906,0.9958261236548424,0.6333333333333333,26.63157894736842,0.0,30.0,False
baseline,,0.08189637274779156,0.06649903169142302,0.1243196012278895,0.6369743321588205,-1.210628308978501,0.9948717948717949,0.9994871794871795,0.35715897435897437,1.0310820763309796,0.6,26.5,0.0,30.0,False
baseline,,0.08189637274779156,0.07999999999999999,0.12424251724024075,0.6318269453856379,-1.1459397541386542,0.9959390862944163,1.0,0.3587390862944163,1.0816124806801477,0.6,27.055555555555557,0.0,30.0,False
baseline,,0.10000000000000002,0.005000000000000002,0.12529733198709042,0.6735168381479788,-1.5842903208745818,0.9752202643171806,0.9966960352422908,0.33471629955947135,0.7771861930688222,0.7,25.095238095238095,0.0,30.0,False
baseline,,0.10000000000000002,0.006015125180410587,0.12529733193631,0.6728434207466683,-1.569755199155902,0.9790979097909791,0.9966996699669967,0.3385975797579758,0.7904620190461477,0.7,25.142857142857142,0.0,30.0,False
baseline,,0.10000000000000002,0.007236346187201891,0.1252973297688572,0.6700507937407718,-1.5536644145799599,0.9830043859649122,0.9967105263157895,0.34251491228070174,0.7921010628342628,0.7,25.285714285714285,0.0,30.0,False
baseline,,0.10000000000000002,0.008705505632961245,0.12529733193897724,0.6678975536537212,-1.5347978704857905,0.9846827133479212,0.9972647702407003,0.3447474835886215,0.7976824228962263,0.6666666666666666,24.7,0.0,30.0,False
baseline,,0.10000000000000002,0.010472941228206266,0.12533382890461456,0.6648842374620991,-1.5156071544831367,0.985310119695321,0.9978237214363439,0.3459338411316649,0.7961648191014926,0.6666666666666666,24.95,0.0,30.0,False
baseline,,0.10000000000000002,0.012599210498948734,0.12533382949229027,0.6629857937679017,-1.4899379570369706,0.988056460369164,0.998914223669924,0.34977068403908795,0.8168845882018407,0.6666666666666666,25.05,0.0,30.0,False
baseline,,0.10000000000000002,0.015157165665103976,0.1255262978107267,0.6622437615285056,-1.4611818381153607,0.9902491874322861,0.9989165763813651,0.3519657638136512,0.8437276661396027,0.6666666666666666,25.15,0.0,30.0,False
baseline,,0.10000000000000002,0.018234449771164334,0.12544838640054262,0.6604657454979862,-1.4312521716537723,0.9908405172413793,0.9989224137931034,0.3525629310344828,0.8575606693824133,0.6666666666666666,25.4,0.0,30.0,False
baseline,,0.10000000000000002,0.021936499593892524,0.1251136232409282,0.6563989412342661,-1.394228840592374,0.9914438502673797,0.9989304812834224,0.35317433155080213,0.8731358155608178,0.6666666666666666,25.75,0.0,30.0,False
baseline,,0.10000000000000002,0.026390158215457878,0.1252662012670857,0.6515068278765411,-1.3566188704270625,0.9920297555791711,0.9989373007438895,0.3537670563230606,0.895363632341226,0.6666666666666666,26.05,0.0,30.0,False
baseline,,0.10000000000000002,0.03174802103936399,0.12518858125700544,0.6471536494453026,-1.3095818243213133,0.9931434599156118,0.9989451476793249,0.3548886075949367,0.9303879683216413,0.6666666666666666,26.4,0.0,30.0,False
baseline,,0.10000000000000002,0.03819366415641666,0.1251348742438101,0.6447296855851501,-1.2630857388043388,0.9937238493723849,0.9989539748953975,0.3554778242677824,0.9680779322981834,0.6666666666666666,26.8,0.0,30.0,False
baseline,,0.10000000000000002,0.04594793419988139,0.12522040986760358,0.6397617178931332,-1.212813459385568,0.9937888198757764,0.9989648033126294,0.3555536231884058,1.0034932345151901,0.6666666666666666,27.3,0.0,30.0,False
baseline,,0.10000000000000002,0.055276515198711025,0.12455606274710765,0.6375358381270948,-1.1635977932176316,0.9948665297741273,0.9994866529774127,0.35715318275153995,1.0419656415780385,0.6,26.444444444444443,0.0,30.0,False
baseline,,0.10000000000000002,0.06649903169142302,0.12398939583224847,0.6331416215213819,-1.1065295951650709,0.9954268292682927,0.9994918699186992,0.35771869918699195,1.088279299934705,0.6,27.0,0.0,30.0,False
baseline,,0.10000000000000002,0.07999999999999999,0.1242493520379487,0.627434679601783,-1.0428277026836144,0.9964824120603015,1.0,0.35928241206030154,1.1267370452483496,0.5666666666666667,26.941176470588236,0.0,30.0,False
env_odom_noise,0.0,0.005000000000000002,0.005000000000000002,0.1251444893372961,0.627180018954874,-2.7161031369703084,0.7090800477897252,0.9205495818399044,0.06033046594982083,0.39299559642871223,0.8333333333333334,24.48,0.0,30.0,True
env_odom_noise,0.0,0.005000000000000002,0.006015125180410587,0.12500993670509522,0.6260038824718556,-2.6760322401972805,0.7205005959475567,0.9207389749702026,0.07156162097735408,0.39878976171215375,0.8,23.958333333333332,0.0,30.0,True
env_odom_noise,0.0,0.005000000000000002,0.007236346187201891,0.12508765450986578,0.622541140388053,-2.630214220329439,0.7295373665480427,0.9223013048635824,0.07903606168446031,0.4031443277994792,0.8,24.125,0.0,30.0,True
env_odom_noise,0.0,0.005000000000000002,0.008705505632961245,0.12489971448590433,0.6225411588640086,-2.5831195051355373,0.7390532544378698,0.9236686390532545,0.08718461538461542,0.4221876824895541,0.8,24.208333333333332,0.0,30.0,True
env_odom_noise,0.0,0.005000000000000002,0.010472941228206266,0.12489971316330926,0.6169151073017951,-2.5277069856174132,0.7470588235294118,0.9247058823529412,0.09415294117647066,0.4269818817575773,0.8,24.416666666666668,0.0,30.0,True
env_odom_noise,0.0,0.005000000000000002,0.012599210498948734,0.12489971574700601,0.614415001517283,-2.467733611308537,0.7541079812206573,0.9248826291079812,0.10102535211267605,0.45668733716011045,0.8,24.5,0.0,30.0,True
env_odom_noise,0.0,0.005000000000000002,0.015157165665103976,0.1250692000600002,0.6088422171239005,-2.4021667489645364,0.759604190919674,0.9254947613504074,0.10590942956926663,0.4587556337316831,0.8,24.791666666666668,0.0,30.0,True
env_odom_noise,0.0,0.005000000000000002,0.018234449771164334,0.12491416976610627,0.6054901907703921,-2.336718854080422,0.7659327925840093,0.9258400926998841,0.1118926998841252,0.48712241848309834,0.8,24.958333333333332,0.0,30.0,True
env_odom_noise,0.0,0.005000000000000002,0.021936499593892524,0.1250250112687812,0.599965547121858,-2.26142627466865,0.7710011507479861,0.9263521288837745,0.11644902186421169,0.5036584461728731,0.7666666666666667,24.608695652173914,0.0,30.0,True
env_odom_noise,0.0,0.005000000000000002,0.026390158215457878,0.12502500771716252,0.5953898865644153,-2.180902401410075,0.7757437070938215,0.9267734553775744,0.12077025171624711,0.5456017265717189,0.7666666666666667,24.82608695652174,0.0,30.0,True
env_odom_noise,0.0,0.005000000000000002,0.03174802103936399,0.12485505477847997,0.5891493429171315,-2.1106436150024552,0.7762711864406779,0.927683615819209,0.12038757062146899,0.5534178783496221,0.7666666666666667,25.304347826086957,0.0,30.0,True
env_odom_noise,0.0,0.005000000000000002,0.03819366415641666,0.12478243857782736,0.5822751110354891,-2.0285144624549463,0.7782754759238522,0.9283314669652856,0.12174400895856663,0.5936464607715607,0.7666666666666667,25.652173913043477,0.0,30.0,True
env_odom_noise,0.0,0.005000000000000002,0.04594793419988139,0.1245498944798988,0.5754161346959332,-1.9482183031722249,0.7804878048780488,0.9290465631929047,0.12324124168514416,0.6397846311330795,0.7666666666666667,26.043478260869566,0.0,30.0,True
env_odom_noise,0.0,0.005000000000000002,0.055276515198711025,0.12450618873748306,0.5652724652922372,-1.8643716681816682,0.7832244008714597,0.9291938997821351,0.1258305010893247,0.6513597379128139,0.7333333333333333,26.181818181818183,0.0,30.0,True
env_odom_noise,0.0,0.005000000000000002,0.06649903169142302,0.12468456653821065,0.560650858176088,-1.783470321317125,0.7817204301075269,0.9290322580645162,0.12448817204301077,0.6791303416093191,0.6666666666666666,25.5,0.0,30.0,False
env_odom_noise,0.0,0.005000000000000002,0.07999999999999999,0.12421145512340419,0.5563605680218908,-1.7041730533983797,0.7830490405117271,0.929637526652452,0.1252115138592751,0.7413363516330719,0.6333333333333333,25.210526315789473,0.0,30.0,False
env_odom_noise,0.0,0.006105276500337843,0.005000000000000002,0.1250099357970283,0.6271799858550132,-2.786717017022026,0.7321002386634845,0.9409307875894988,0.06296945107398577,0.4063117794692516,0.8333333333333334,24.52,0.0,30.0,True
env_odom_noise,0.0,0.006105276500337843,0.006015125180410587,0.12508765399901342,0.6260039029106501,-2.744278003072565,0.7392857142857143,0.9422619047619047,0.06882380952380962,0.4126939574877421,0.8,24.0,0.0,30.0,True
env_odom_noise,0.0,0.006105276500337843,0.007236346187201891,0.12489971204335765,0.6225411522483131,-2.702076726350016,0.7497041420118343,0.9431952662721893,0.07830887573964507,0.4079185177882512,0.8,24.208333333333332,0.0,30.0,True
env_odom_noise,0.0,0.006105276500337843,0.008705505632961245,0.12489971484275149,0.621449530609913,-2.650639627697233,0.7576832151300237,0.9444444444444444,0.0850387706855793,0.4355867440501849,0.8,24.25,0.0,30.0,True
env_odom_noise,0.0,0.006105276500337843,0.010472941228206266,0.12489971365322736,0.6157669734002824,-2.594436537390465,0.7679200940070505,0.9447708578143361,0.09494923619271445,0.4404374336202939,0.8,24.458333333333332,0.0,30.0,True
env_odom_noise,0.0,0.006105276500337843,0.012599210498948734,0.12489971368027535,0.6144150595184501,-2.5355822122573093,0.772887323943662,0.9454225352112676,0.09926478873239442,0.47598878939946493,0.8,24.5,0.0,30.0,True
env_odom_noise,0.0,0.006105276500337843,0.015157165665103976,0.12506920042783462,0.6078945067571253,-2.469406284606011,0.7784883720930232,0.9453488372093023,0.10493953488372099,0.472345307469368,0.8,24.833333333333332,0.0,30.0,True
env_odom_noise,0.0,0.006105276500337843,0.018234449771164334,0.12491416903015916,0.6048370461149555,-2.4044215610749946,0.7835648148148148,0.9456018518518519,0.10976296296296295,0.4997146114706993,0.8,25.0,0.0,30.0,True
env_odom_noise,0.0,0.006105276500337843,0.021936499593892524,0.12502500815293402,0.5982730766326951,-2.329336345318767,0.7887485648679678,0.9460390355912744,0.11450952927669344,0.5097956503431003,0.7666666666666667,24.695652173913043,0.0,30.0,True
env_odom_noise,0.0,0.006105276500337843,0.026390158215457878,0.1251952866053296,0.5953899228872983,-2.249918764248888,0.7914285714285715,0.9462857142857143,0.11694285714285724,0.5563036173582077,0.7666666666666667,24.869565217391305,0.0,30.0,True
env_odom_noise,0.0,0.006105276500337843,0.03174802103936399,0.12478243842400635,0.5881220730470859,-2.1807691970883996,0.794250281848929,0.9470124013528749,0.11903788049605413,0.5595263267556826,0.7666666666666667,25.391304347826086,0.0,30.0,True
env_odom_noise,0.0,0.006105276500337843,0.03819366415641666,0.1247824384486861,0.5802891838929412,-2.0980068264741183,0.7966480446927374,0.9474860335195531,0.12096201117318439,0.5984526554743449,0.7666666666666667,25.73913043478261,0.0,30.0,True
env_odom_noise,0.0,0.006105276500337843,0.04594793419988139,0.12489404881353046,0.5744289169810639,-2.015597004028696,0.7977900552486188,0.9475138121546961,0.12207624309392273,0.6325903515021006,0.7333333333333333,25.59090909090909,0.0,30.0,True
env_odom_noise,0.0,0.006105276500337843,0.055276515198711025,0.12428122544540414,0.564343788993749,-1.9365011595789354,0.8013029315960912,0.9484256243213898,0.1246773072747015,0.6515620124836763,0.7333333333333333,26.318181818181817,0.0,30.0,True
env_odom_noise,0.0,0.006105276500337843,0.06649903169142302,0.12468456472888566,0.558212514414681,-1.852647324983546,0.8006430868167203,0.9485530546623794,0.12389003215434091,0.6783842101693154,0.6666666666666666,25.65,0.0,30.0,False
env_odom_noise,0.0,0.006105276500337843,0.07999999999999999,0.12421145560531023,0.5554532702942909,-1.7739227275700713,0.8019169329073482,0.9488817891373802,0.12483514376996807,0.7515260686477025,0.6333333333333333,25.263157894736842,0.0,30.0,False
env_odom_noise,0.0,0.007454880229115496,0.005000000000000002,0.12501374888399014,0.6271799841796526,-2.823513867784503,0.7583333333333333,0.9589285714285715,0.08006190476190478,0.4081593543291092,0.8,24.0,0.0,30.0,True
env_odom_noise,0.0,0.007454880229115496,0.006015125180410587,0.12489971363125461,0.6238832595415752,-2.782200402151853,0.7701421800947867,0.9603080568720379,0.09325023696682466,0.407672510544459,0.8,24.166666666666668,0.0,30.0,True
env_odom_noise,0.0,0.007454880229115496,0.007236346187201891,0.12489971552317947,0.6214495641157466,-2.7364175198190033,0.7783687943262412,0.9609929078014184,0.10216170212765963,0.424269330004851,0.8,24.25,0.0,30.0,True
env_odom_noise,0.0,0.007454880229115496,0.008705505632961245,0.12489971351088826,0.6214495527482872,-2.6854418450616877,0.7860520094562647,0.9615839243498818,0.11043593380614658,0.45813114096721014,0.8,24.25,0.0,30.0,True
env_odom_noise,0.0,0.007454880229115496,0.010472941228206266,0.1248997129966292,0.6157670469203766,-2.629519948095675,0.7943595769682726,0.9618096357226792,0.11896921269095184,0.4626235922177633,0.8,24.458333333333332,0.0,30.0,True
env_odom_noise,0.0,0.007454880229115496,0.012599210498948734,0.12489971396687671,0.6099420921137146,-2.5702116548000165,0.8008177570093458,0.9626168224299065,0.12623457943925231,0.47214216937621434,0.8,24.666666666666668,0.0,30.0,True
env_odom_noise,0.0,0.007454880229115496,0.015157165665103976,0.12506919978889056,0.6061417101373019,-2.505100639711238,0.8051044083526682,0.962877030162413,0.13078143851508117,0.4807505428791046,0.8,24.916666666666668,0.0,30.0,True
env_odom_noise,0.0,0.007454880229115496,0.018234449771164334,0.12502500951917214,0.6048369652801789,-2.4418705226816892,0.8086705202312139,0.9630057803468208,0.13447630057803472,0.5057388136784235,0.7666666666666667,24.434782608695652,0.0,30.0,True
env_odom_noise,0.0,0.007454880229115496,0.021936499593892524,0.12502500896050484,0.5982730962588114,-2.3668690351511987,0.8134328358208955,0.9632606199770379,0.13949345579793349,0.5308193961779276,0.7666666666666667,24.695652173913043,0.0,30.0,True
env_odom_noise,0.0,0.007454880229115496,0.026390158215457878,0.12512111385061594,0.5942587573008191,-2.2919123496946585,0.8158494868871151,0.9635119726339795,0.1421614595210946,0.5619984010855357,0.7666666666666667,24.956521739130434,0.0,30.0,True
env_odom_noise,0.0,0.007454880229115496,0.03174802103936399,0.12478243821402837,0.5860743940832676,-2.218656207961468,0.8188976377952756,0.9640044994375703,0.14570213723284586,0.5675051644444465,0.7666666666666667,25.47826086956522,0.0,30.0,True
env_odom_noise,0.0,0.007454880229115496,0.03819366415641666,0.12478243916034794,0.5802891489211004,-2.136470811775231,0.8212290502793296,0.964245810055866,0.14827486033519555,0.6136105547348658,0.7333333333333333,25.136363636363637,0.0,30.0,True
env_odom_noise,0.0,0.007454880229115496,0.04594793419988139,0.12470069297938506,0.5725871814984218,-2.056834626437913,0.822136563876652,0.9642070484581498,0.14914361233480178,0.6341199646393458,0.7333333333333333,25.727272727272727,0.0,30.0,True
env_odom_noise,0.0,0.007454880229115496,0.055276515198711025,0.12428122471457959,0.5643438451573859,-1.9749609002772728,0.8251900108577633,0.9647122692725298,0.1527022801302932,0.671728731195132,0.7333333333333333,26.318181818181817,0.0,30.0,False
env_odom_noise,0.0,0.007454880229115496,0.06649903169142302,0.12468456813898962,0.5582124789781006,-1.8921887609343746,0.8242229367631297,0.9646302250803859,0.15165316184351563,0.6984032859404882,0.6666666666666666,25.65,0.0,30.0,False
env_odom_noise,0.0,0.007454880229115496,0.07999999999999999,0.12421145653794226,0.5554531067423928,-1.813181005314749,0.825346112886049,0.9648562300319489,0.15300234291799786,0.7714481582244237,0.6333333333333333,25.263157894736842,0.0,30.0,False
env_odom_noise,0.0,0.009102821015130404,0.005000000000000002,0.12489971512131098,0.62388328003911,-2.8303971361662694,0.7885071090047393,0.9733412322274881,0.12464834123222746,0.4076557551821073,0.8,24.166666666666668,0.0,30.0,True
env_odom_noise,0.0,0.009102821015130404,0.006015125180410587,0.12489971249476409,0.6228354944043272,-2.7876183225885884,0.7976331360946746,0.9739644970414201,0.13439763313609465,0.4281426837046941,0.8,24.208333333333332,0.0,30.0,True
env_odom_noise,0.0,0.009102821015130404,0.007236346187201891,0.12489971494727335,0.6214495544219929,-2.7430211335097123,0.806146572104019,0.9739952718676123,0.14294184397163123,0.45029185463984805,0.8,24.25,0.0,30.0,True
env_odom_noise,0.0,0.009102821015130404,0.008705505632961245,0.12489971406461922,0.6162038621801087,-2.6923415033199976,0.8131609870740305,0.9741480611045829,0.15010904817861337,0.4494470035036405,0.8,24.458333333333332,0.0,30.0,False
env_odom_noise,0.0,0.009102821015130404,0.010472941228206266,0.1248997140250043,0.6114304731598543,-2.6367361965892417,0.8204678362573099,0.9748538011695906,0.15812163742690055,0.4608013207713763,0.8,24.625,0.0,30.0,False
env_odom_noise,0.0,0.009102821015130404,0.012599210498948734,0.12489971515658739,0.6092733649537823,-2.5780145852921943,0.8267211201866977,0.9749124854142357,0.16443360560093345,0.49042622447013856,0.8,24.708333333333332,0.0,30.0,False
env_odom_noise,0.0,0.009102821015130404,0.015157165665103976,0.12491416877460405,0.6061416587084886,-2.5171280586139417,0.8296639629200464,0.9750869061413673,0.1675508690614137,0.49872226516405743,0.8,24.958333333333332,0.0,30.0,False
env_odom_noise,0.0,0.009102821015130404,0.018234449771164334,0.12502500884350892,0.6015647261347993,-2.44954551658586,0.8341013824884793,0.9752304147465438,0.17213179723502314,0.5124351188540459,0.7666666666666667,24.565217391304348,0.0,30.0,False
env_odom_noise,0.0,0.009102821015130404,0.021936499593892524,0.12502500882116618,0.5982729754575947,-2.37831372731343,0.8369690011481056,0.9753157290470723,0.1750847301951779,0.5545785556236903,0.7666666666666667,24.695652173913043,0.0,30.0,False
env_odom_noise,0.0,0.009102821015130404,0.026390158215457878,0.12507214424621177,0.5931678612081659,-2.3068345712669713,0.8395904436860068,0.9755403868031854,0.17793083048919223,0.5707980439066886,0.7666666666666667,25.043478260869566,0.0,30.0,False
env_odom_noise,0.0,0.009102821015130404,0.03174802103936399,0.1247824367073522,0.5832258126674205,-2.2303762198420487,0.843609865470852,0.975896860986547,0.1823067264573991,0.5669327720999717,0.7333333333333333,25.0,0.0,30.0,False
env_odom_noise,0.0,0.009102821015130404,0.03819366415641666,0.12496753227948694,0.5792990073347887,-2.148167808580931,0.8439241917502787,0.9760312151616499,0.1827554069119286,0.6249767363071441,0.7333333333333333,25.227272727272727,0.0,30.0,False
env_odom_noise,0.0,0.009102821015130404,0.04594793419988139,0.12448715533012737,0.5696098873617808,-2.071074101471241,0.8464912280701754,0.9764254385964912,0.18571666666666664,0.6335636273026466,0.7333333333333333,25.90909090909091,0.0,30.0,False
env_odom_noise,0.0,0.009102821015130404,0.055276515198711025,0.12435429484525508,0.5635764626963012,-1.9895700626295993,0.8477789815817984,0.97670639219935,0.1872853737811484,0.6744646117091179,0.7,25.80952380952381,0.0,30.0,False
env_odom_noise,0.0,0.009102821015130404,0.06649903169142302,0.12442461843089464,0.5572735989288174,-1.9093145922641124,0.848663101604278,0.9764705882352941,0.18793368983957215,0.7047960743308067,0.6333333333333333,25.05263157894737,0.0,30.0,False
env_odom_noise,0.0,0.009102821015130404,0.07999999999999999,0.1242114546377727,0.5531207146594681,-1.8249704124093626,0.8497876857749469,0.9766454352441614,0.18923312101910827,0.7791374146938324,0.6333333333333333,25.42105263157895,0.0,30.0,False
env_odom_noise,0.0,0.01111504784609142,0.005000000000000002,0.12476586190382555,0.6231652181309874,-2.8128211717630287,0.8215130023640662,0.9828605200945626,0.16717352245862882,0.4238465532660484,0.8,24.25,0.0,30.0,False
env_odom_noise,0.0,0.01111504784609142,0.006015125180410587,0.12476586004043344,0.6207401806749357,-2.7723892646670283,0.8290094339622641,0.9829009433962265,0.1747103773584906,0.43628893593947093,0.8,24.333333333333332,0.0,30.0,False
env_odom_noise,0.0,0.01111504784609142,0.007236346187201891,0.12476586164518844,0.6185145760134159,-2.7264701840631025,0.8352941176470589,0.9835294117647059,0.18162352941176474,0.4522728160023689,0.8,24.416666666666668,0.0,30.0,False
env_odom_noise,0.0,0.01111504784609142,0.008705505632961245,0.12476586200511351,0.6139203828200607,-2.6769160338916067,0.8430913348946136,0.9836065573770492,0.1894978922716628,0.45832243313392,0.8,24.583333333333332,0.0,30.0,False
env_odom_noise,0.0,0.01111504784609142,0.010472941228206266,0.12476586283041563,0.6102637623981629,-2.6249107461519454,0.8477246207701283,0.9836639439906651,0.1941885647607935,0.4743765686949094,0.8,24.708333333333332,0.0,30.0,False
env_odom_noise,0.0,0.01111504784609142,0.012599210498948734,0.12493559120941788,0.6083246701503113,-2.566794003344141,0.8524970963995354,0.983739837398374,0.19903693379790943,0.4905924364924431,0.8,24.875,0.0,30.0,False
env_odom_noise,0.0,0.01111504784609142,0.015157165665103976,0.12489216783366534,0.6048369466256434,-2.5076372112235923,0.8573903002309469,0.9838337182448037,0.20402401847575058,0.4968046898643176,0.7666666666666667,24.47826086956522,0.0,30.0,False
env_odom_noise,0.0,0.01111504784609142,0.018234449771164334,0.12489216844454726,0.6006100381105668,-2.4385394794635764,0.8603448275862069,0.9839080459770115,0.20705287356321844,0.5275154357155164,0.7666666666666667,24.652173913043477,0.0,30.0,False
env_odom_noise,0.0,0.01111504784609142,0.021936499593892524,0.12481874216754767,0.5963232273640039,-2.368739806065843,0.8634285714285714,0.984,0.21022857142857143,0.5568428009748458,0.7666666666666667,24.869565217391305,0.0,30.0,False
env_odom_noise,0.0,0.01111504784609142,0.026390158215457878,0.12488030617436131,0.5901482135975143,-2.2981315660761674,0.8659502262443439,0.9841628959276018,0.2129131221719457,0.5622265050808589,0.7333333333333333,24.636363636363637,0.0,30.0,False
env_odom_noise,0.0,0.01111504784609142,0.03174802103936399,0.12483708774925051,0.5832258445530253,-2.224416430314042,0.8668903803131991,0.9843400447427293,0.2140304250559284,0.5783262103796005,0.7333333333333333,25.09090909090909,0.0,30.0,False
env_odom_noise,0.0,0.01111504784609142,0.03819366415641666,0.12483708933030928,0.5773885695629795,-2.1405727898407636,0.8683333333333333,0.9844444444444445,0.21557777777777776,0.6333290984233221,0.7333333333333333,25.363636363636363,0.0,30.0,False
env_odom_noise,0.0,0.01111504784609142,0.04594793419988139,0.12426625499673795,0.5680314087538417,-2.0678472696569545,0.8702290076335878,0.9847328244274809,0.2177618320610687,0.6308370679616928,0.7333333333333333,26.136363636363637,0.0,30.0,False
env_odom_noise,0.0,0.01111504784609142,0.055276515198711025,0.12448841691423743,0.5626005158766513,-1.985492704654236,0.8709503239740821,0.984341252699784,0.21809157667386614,0.6724401667714119,0.6666666666666666,25.3,0.0,30.0,False
env_odom_noise,0.0,0.01111504784609142,0.06649903169142302,0.12429973541133925,0.5563604935810721,-1.9043673360181066,0.871931696905016,0.9845250800426895,0.2192567769477055,0.7187550311287244,0.6333333333333333,25.157894736842106,0.0,30.0,False
env_odom_noise,0.0,0.01111504784609142,0.07999999999999999,0.12408765378788623,0.5531206985399157,-1.8220389112210649,0.8727465535524921,0.9846235418875928,0.22017009544008492,0.7967787384986877,0.6333333333333333,25.473684210526315,0.0,30.0,False
env_odom_noise,0.0,0.013572088082974535,0.005000000000000002,0.12476585986215058,0.6231652134949838,-2.7734328048478916,0.8445626477541371,0.9899527186761229,0.19731536643026004,0.45856141299009323,0.8,24.25,0.0,30.0,False
env_odom_noise,0.0,0.013572088082974535,0.006015125180410587,0.12476585929538837,0.6183977883349803,-2.733490088430956,0.851764705882353,0.99,0.20456470588235298,0.4571734050909678,0.8,24.416666666666668,0.0,30.0,False
env_odom_noise,0.0,0.013572088082974535,0.007236346187201891,0.12476586025888184,0.6150083037672334,-2.6894483400564773,0.8593200468933178,0.9900351699882767,0.21215521688159444,0.4652242089311282,0.8,24.541666666666668,0.0,30.0,False
env_odom_noise,0.0,0.013572088082974535,0.008705505632961245,0.12476585990328173,0.6115946718029145,-2.64173675630003,0.865070093457944,0.990070093457944,0.2179401869158879,0.47726460695266726,0.8,24.666666666666668,0.0,30.0,False
env_odom_noise,0.0,0.013572088082974535,0.010472941228206266,0.12476586140506583,0.6102637855966229,-2.5902522288979233,0.867561260210035,0.9900816802800467,0.22044294049008173,0.5068752427895864,0.8,24.708333333333332,0.0,30.0,False
env_odom_noise,0.0,0.013572088082974535,0.012599210498948734,0.12489216791391501,0.6072332204438815,-2.5350700391083336,0.8726851851851852,0.9901620370370371,0.22564722222222233,0.5028424263000488,0.8,25.0,0.0,30.0,False
env_odom_noise,0.0,0.013572088082974535,0.015157165665103976,0.1248921664308222,0.603742328411603,-2.4747043065460117,0.8760092272202998,0.9901960784313726,0.22900530565167243,0.5226548324028651,0.7666666666666667,24.52173913043478,0.0,30.0,False
env_odom_noise,0.0,0.013572088082974535,0.018234449771164334,0.12481874087556337,0.6006101839221769,-2.4100260933914726,0.878300803673938,0.9902411021814007,0.23134190585533876,0.5449869324763615,0.7333333333333333,24.045454545454547,0.0,30.0,False
env_odom_noise,0.0,0.013572088082974535,0.021936499593892524,0.12498869020424233,0.5942542903608029,-2.3409961862149986,0.8809794988610479,0.9903189066059226,0.23409840546697047,0.5602683613697688,0.7333333333333333,24.363636363636363,0.0,30.0,False
env_odom_noise,0.0,0.013572088082974535,0.026390158215457878,0.1250656132332603,0.587003148527817,-2.270161711362401,0.8823198198198198,0.9904279279279279,0.23554774774774767,0.5659713566303253,0.7333333333333333,24.818181818181817,0.0,30.0,False
env_odom_noise,0.0,0.013572088082974535,0.03174802103936399,0.12483708921786636,0.581464763194539,-2.196437258759,0.8844866071428571,0.9905133928571429,0.2378,0.5967252939939499,0.7333333333333333,25.181818181818183,0.0,30.0,False
env_odom_noise,0.0,0.013572088082974535,0.03819366415641666,0.12439259871887365,0.5757526893347348,-2.117599862873716,0.8860619469026548,0.9905973451327433,0.23945929203539817,0.6384363214174906,0.7333333333333333,25.545454545454547,0.0,30.0,False
env_odom_noise,0.0,0.013572088082974535,0.04594793419988139,0.12426625273246682,0.5680314504032619,-2.0430032861856557,0.8871319520174482,0.9907306434023991,0.24066259541984736,0.6533926596244176,0.7,25.523809523809526,0.0,30.0,False
env_odom_noise,0.0,0.013572088082974535,0.055276515198711025,0.12446272935943037,0.5608789879727157,-1.9622252125264497,0.88751345532831,0.9908503767491926,0.2411638320775027,0.6846936255693435,0.6666666666666666,25.45,0.0,30.0,False
env_odom_noise,0.0,0.013572088082974535,0.06649903169142302,0.12429973565504271,0.5547263824217377,-1.8792135111002786,0.8881789137380192,0.9909478168264111,0.24192673056443026,0.7377930159370104,0.6333333333333333,25.263157894736842,0.0,30.0,False
env_odom_noise,0.0,0.013572088082974535,0.07999999999999999,0.12408765351553079,0.5503843640122127,-1.7986929012931572,0.8890063424947146,0.991014799154334,0.24282114164904856,0.8064505557219187,0.6333333333333333,25.63157894736842,0.0,30.0,False
env_odom_noise,0.0,0.016572270086699935,0.005000000000000002,0.12491919779053574,0.6175317805213953,-2.7155986001026573,0.8755868544600939,0.9947183098591549,0.23310516431924877,0.45716688185930254,0.8,24.5,0.0,30.0,False
env_odom_noise,0.0,0.016572270086699935,0.006015125180410587,0.12491919922020212,0.6149853633323829,-2.6788542593675677,0.8811475409836066,0.9947306791569087,0.23867822014051532,0.4672923227151235,0.8,24.583333333333332,0.0,30.0,False
env_odom_noise,0.0,0.016572270086699935,0.007236346187201891,0.12491919937487679,0.6115948169777169,-2.6362340186047937,0.8856476079346558,0.9947491248541424,0.24319673278879816,0.47512718389431635,0.8,24.708333333333332,0.0,30.0,False
env_odom_noise,0.0,0.016572270086699935,0.008705505632961245,0.12503029956366152,0.6115947287864139,-2.590014925864686,0.8886946386946387,0.9947552447552448,0.24624988344988352,0.49988865355650586,0.8,24.75,0.0,30.0,False
env_odom_noise,0.0,0.016572270086699935,0.010472941228206266,0.125030298142041,0.609310916061292,-2.5393037964222303,0.8941860465116279,0.9947674418604651,0.251753488372093,0.5165959760546684,0.7666666666666667,24.217391304347824,0.0,30.0,False
env_odom_noise,0.0,0.016572270086699935,0.012599210498948734,0.1249700668760243,0.6050418172047843,-2.4867801584124325,0.8963133640552995,0.994815668202765,0.2539290322580645,0.4979821786284447,0.7333333333333333,23.90909090909091,0.0,30.0,False
env_odom_noise,0.0,0.016572270086699935,0.015157165665103976,0.12497006736651552,0.6037423832168886,-2.4290900486884635,0.8993095512082854,0.9948216340621404,0.2569311852704258,0.5373204201459885,0.7333333333333333,23.954545454545453,0.0,30.0,False
env_odom_noise,0.0,0.016572270086699935,0.018234449771164334,0.12497006575004764,0.599618996023375,-2.3646504584922603,0.9009163802978236,0.9948453608247423,0.2585617411225659,0.5660404205322266,0.7333333333333333,24.136363636363637,0.0,30.0,False
env_odom_noise,0.0,0.016572270086699935,0.021936499593892524,0.1253243541854293,0.590098308610722,-2.298739348408674,0.9027149321266968,0.9949095022624435,0.2604244343891403,0.5533700153231621,0.7333333333333333,24.636363636363637,0.0,30.0,False
env_odom_noise,0.0,0.016572270086699935,0.026390158215457878,0.12521486580719735,0.5831877962622597,-2.2274578988813847,0.9036954087346024,0.9949608062709966,0.261456215005599,0.5673633317152659,0.7333333333333333,25.045454545454547,0.0,30.0,False
env_odom_noise,0.0,0.016572270086699935,0.03174802103936399,0.12477091081981607,0.5784010390769826,-2.1555248350909415,0.9056603773584906,0.9950055493895672,0.2634659267480578,0.599422117571036,0.7333333333333333,25.40909090909091,0.0,30.0,False
env_odom_noise,0.0,0.016572270086699935,0.03819366415641666,0.1245284294041637,0.573756070501877,-2.079120419116344,0.9074889867841409,0.9950440528634361,0.26533303964757704,0.6445208236575126,0.7333333333333333,25.727272727272727,0.0,30.0,False
env_odom_noise,0.0,0.016572270086699935,0.04594793419988139,0.12430276739613955,0.5670369355943571,-2.007026914477141,0.908695652173913,0.9951086956521739,0.2666043478260869,0.6672728707393011,0.7,25.666666666666668,0.0,30.0,False
env_odom_noise,0.0,0.016572270086699935,0.055276515198711025,0.1247039638890048,0.5608789940476924,-1.9284395644293844,0.9082618025751072,0.9951716738197425,0.26623347639484973,0.7009410321712494,0.6666666666666666,25.6,0.0,30.0,False
env_odom_noise,0.0,0.016572270086699935,0.06649903169142302,0.12444518857225874,0.5547264452480603,-1.8433807197125405,0.9095744680851063,0.9952127659574468,0.26758723404255313,0.7625708401203155,0.6333333333333333,25.31578947368421,0.0,30.0,False
env_odom_noise,0.0,0.016572270086699935,0.07999999999999999,0.12423548228474196,0.5503843216379385,-1.7656079217805192,0.9103375527426161,0.995253164556962,0.2683907172995781,0.8233371953169505,0.6333333333333333,25.736842105263158,0.0,30.0,False
env_odom_noise,0.0,0.020235658223516174,0.005000000000000002,0.1250303000506779,0.6149854194553475,-2.6453852338724206,0.9035087719298246,0.9994152046783625,0.26572397660818714,0.47296017756064734,0.7666666666666667,24.0,0.0,30.0,False
env_odom_noise,0.0,0.020235658223516174,0.006015125180410587,0.12503029829493825,0.6138259707952899,-2.608612059323705,0.907126168224299,0.9994158878504673,0.26934205607476636,0.49009552548329033,0.7666666666666667,24.043478260869566,0.0,30.0,False
env_odom_noise,0.0,0.020235658223516174,0.007236346187201891,0.12495617002378064,0.6115947669863988,-2.568539367965922,0.9109429569266589,0.9994179278230501,0.273160884749709,0.49721926351388296,0.7666666666666667,24.17391304347826,0.0,30.0,False
env_odom_noise,0.0,0.020235658223516174,0.008705505632961245,0.12495617022311223,0.6106447241910193,-2.523675821600627,0.9151162790697674,0.9994186046511628,0.2773348837209303,0.514736783504486,0.7333333333333333,23.545454545454547,0.0,30.0,False
env_odom_noise,0.0,0.020235658223516174,0.010472941228206266,0.12497006824266443,0.607388045782614,-2.477233205827159,0.9168591224018475,0.9994226327944573,0.27908175519630485,0.510695070028305,0.7333333333333333,23.818181818181817,0.0,30.0,False
env_odom_noise,0.0,0.020235658223516174,0.012599210498948734,0.12497006649021715,0.6031131242625525,-2.423138259336744,0.9189655172413793,0.9994252873563219,0.2811908045977012,0.5260701030492783,0.7333333333333333,24.0,0.0,30.0,False
env_odom_noise,0.0,0.020235658223516174,0.015157165665103976,0.12515606236890836,0.6007222806978647,-2.367975388856306,0.9198167239404352,0.9994272623138603,0.2820439862542955,0.550668366253376,0.7333333333333333,24.136363636363637,0.0,30.0,False
env_odom_noise,0.0,0.020235658223516174,0.018234449771164334,0.12532435379692025,0.594547495973032,-2.3060916938356217,0.9232954545454546,0.9994318181818181,0.28552727272727274,0.5588222260276476,0.7333333333333333,24.454545454545453,0.0,30.0,False
env_odom_noise,0.0,0.020235658223516174,0.021936499593892524,0.12505771468536658,0.5881163003480748,-2.2422003246837128,0.9245495495495496,0.9994369369369369,0.2867864864864865,0.5680040280024211,0.7333333333333333,24.818181818181817,0.0,30.0,False
env_odom_noise,0.0,0.020235658223516174,0.026390158215457878,0.12499800794971938,0.583187858306695,-2.1733315453015685,0.9261744966442953,0.9994407158836689,0.2884152125279642,0.5994154627124468,0.7333333333333333,25.09090909090909,0.0,30.0,False
env_odom_noise,0.0,0.020235658223516174,0.03174802103936399,0.12475672467124266,0.5774311814453206,-2.101788693792906,0.9274640088593576,0.9994462901439646,0.28971029900332224,0.6247259964545567,0.7333333333333333,25.5,0.0,30.0,False
env_odom_noise,0.0,0.020235658223516174,0.03819366415641666,0.12444639744884392,0.5688767280708511,-2.0272819745425315,0.9289617486338798,0.9994535519125683,0.2912153005464482,0.6386104638377825,0.7,25.428571428571427,0.0,30.0,False
env_odom_noise,0.0,0.020235658223516174,0.04594793419988139,0.1243027678194531,0.5661010107479105,-1.9532309731930932,0.9294245385450597,0.999457111834962,0.2916816503800217,0.7012881398200989,0.7,25.714285714285715,0.0,30.0,False
env_odom_noise,0.0,0.020235658223516174,0.055276515198711025,0.12470396346960395,0.5582683429906272,-1.8757665205733267,0.9299465240641711,0.9994652406417113,0.2922117647058824,0.7220848838488261,0.6666666666666666,25.75,0.0,30.0,False
env_odom_noise,0.0,0.020235658223516174,0.06649903169142302,0.12444726376284401,0.5537867479883346,-1.7958434331713649,0.9304670912951167,0.9994692144373672,0.292736305732484,0.7855727965633075,0.6333333333333333,25.42105263157895,0.0,30.0,False
env_odom_noise,0.0,0.020235658223516174,0.07999999999999999,0.12469506900129793,0.5487399460093609,-1.7172548915799855,0.930672268907563,0.9994747899159664,0.29294705882352945,0.8351761887470881,0.6333333333333333,25.94736842105263,0.0,30.0,False
env_odom_noise,0.0,0.024708857724180293,0.005000000000000002,0.12495617099855649,0.6128668534178806,-2.5601235688455537,0.9289044289044289,0.9994172494172494,0.29112167832167835,0.5025950441757838,0.7666666666666667,24.130434782608695,0.0,30.0,False
env_odom_noise,0.0,0.024708857724180293,0.006015125180410587,0.12495616770766275,0.6106446808270953,-2.5246854171854025,0.9325581395348838,0.9994186046511628,0.2947767441860466,0.5128312264879544,0.7666666666666667,24.217391304347824,0.0,30.0,False
env_odom_noise,0.0,0.024708857724180293,0.007236346187201891,0.12495616974939698,0.6086626955961008,-2.485312875223299,0.9350348027842227,0.9994199535962877,0.29725475638051035,0.5198121756315232,0.7333333333333333,23.636363636363637,0.0,30.0,False
env_odom_noise,0.0,0.024708857724180293,0.008705505632961245,0.12497006766655855,0.6062419512950415,-2.4456027342706133,0.9371395617070357,0.9994232987312572,0.29936286043829297,0.5162523140509924,0.7333333333333333,23.863636363636363,0.0,30.0,False
env_odom_noise,0.0,0.024708857724180293,0.010472941228206266,0.12515606260866283,0.6041910177644799,-2.3975134591468534,0.9390804597701149,0.9994252873563219,0.30130574712643676,0.5326932445168495,0.7333333333333333,24.0,0.0,30.0,False
env_odom_noise,0.0,0.024708857724180293,0.012599210498948734,0.1251560644392919,0.6019679273983292,-2.3482586740329,0.9415137614678899,0.9994266055045872,0.3037403669724771,0.5584347327550252,0.7333333333333333,24.09090909090909,0.0,30.0,False
env_odom_noise,0.0,0.024708857724180293,0.015157165665103976,0.12493775795644284,0.5964392871491836,-2.2951342040110245,0.9424829157175398,0.9994305239179955,0.3047134396355353,0.5645779316624006,0.7333333333333333,24.363636363636363,0.0,30.0,False
env_odom_noise,0.0,0.024708857724180293,0.018234449771164334,0.12510617497891996,0.5903567613116706,-2.2342381238545714,0.9446327683615819,0.9994350282485875,0.3068677966101695,0.5735379884640376,0.7333333333333333,24.681818181818183,0.0,30.0,False
env_odom_noise,0.0,0.024708857724180293,0.021936499593892524,0.12505771788731593,0.5881163262992357,-2.172448088764983,0.9453828828828829,0.9994369369369369,0.3076198198198198,0.6127486715714137,0.7333333333333333,24.818181818181817,0.0,30.0,False
env_odom_noise,0.0,0.024708857724180293,0.026390158215457878,0.12498320286277814,0.5802568394503208,-2.105245510751829,0.9465478841870824,0.9994432071269488,0.30879109131403115,0.6191922614971797,0.7333333333333333,25.272727272727273,0.0,30.0,False
env_odom_noise,0.0,0.024708857724180293,0.03174802103936399,0.12475672714371822,0.5753826802736006,-2.036476574366122,0.9480662983425414,0.9994475138121547,0.3103138121546961,0.6482760359843572,0.7,24.952380952380953,0.0,30.0,False
env_odom_noise,0.0,0.024708857724180293,0.03819366415641666,0.1244463984962602,0.5688766492120731,-1.9633293062796187,0.9491803278688524,0.9994535519125683,0.3114338797814208,0.6814874162276586,0.7,25.428571428571427,0.0,30.0,False
env_odom_noise,0.0,0.024708857724180293,0.04594793419988139,0.12437544376437562,0.5644307636201058,-1.8924509201690836,0.9491341991341992,0.9994588744588745,0.31139307359307367,0.7177691693107288,0.6666666666666666,25.2,0.0,30.0,False
env_odom_noise,0.0,0.024708857724180293,0.055276515198711025,0.1247054383558844,0.5564011064080537,-1.815226381336439,0.9498933901918977,0.9994669509594882,0.3121603411513859,0.7433208306630452,0.6333333333333333,25.210526315789473,0.0,30.0,False
env_odom_noise,0.0,0.024708857724180293,0.06649903169142302,0.1248738700291207,0.5537867343448283,-1.736565727743626,0.9496288441145281,0.9994697773064687,0.3118986214209968,0.8195588340361913,0.6333333333333333,25.473684210526315,0.0,30.0,False
env_odom_noise,0.0,0.024708857724180293,0.07999999999999999,0.12449881446554556,0.5460233724399458,-1.6615967672598309,0.9503657262277951,0.9994775339602926,0.31264326018808775,0.8462451517581939,0.6333333333333333,26.210526315789473,0.0,30.0,False
env_odom_noise,0.0,0.030170881682725817,0.005000000000000002,0.1251435749007665,0.6096120965439283,-2.4614547886231586,0.951276102088167,0.9994199535962877,0.3134960556844547,0.5256938775380452,0.7333333333333333,23.636363636363637,0.0,30.0,False
env_odom_noise,0.0,0.030170881682725817,0.006015125180410587,0.12498950935974582,0.6075525140446505,-2.4284933301670297,0.9531791907514451,0.999421965317919,0.31540115606936414,0.5293066168824831,0.7333333333333333,23.772727272727273,0.0,30.0,False
env_odom_noise,0.0,0.030170881682725817,0.007236346187201891,0.12515606244057836,0.6063876603099917,-2.394026607770499,0.9556451612903226,0.9994239631336406,0.3178691244239632,0.5342066988348961,0.7333333333333333,23.90909090909091,0.0,30.0,False
env_odom_noise,0.0,0.030170881682725817,0.008705505632961245,0.12493775921821275,0.6020338490318559,-2.353840842711058,0.9576174112256587,0.9994272623138603,0.31984467353951895,0.5326495985190074,0.7333333333333333,24.136363636363637,0.0,30.0,False
env_odom_noise,0.0,0.030170881682725817,0.010472941228206266,0.12493775980325268,0.5998459461849664,-2.3103855960062343,0.9588571428571429,0.9994285714285714,0.3210857142857143,0.553107213973999,0.7333333333333333,24.227272727272727,0.0,30.0,False
env_odom_noise,0.0,0.030170881682725817,0.012599210498948734,0.12493775791969305,0.5974843049435764,-2.2629733029911256,0.9600912200684151,0.999429874572406,0.32232109464082104,0.5782324964801471,0.7333333333333333,24.318181818181817,0.0,30.0,False
env_odom_noise,0.0,0.030170881682725817,0.015157165665103976,0.12510617307085523,0.5913804573069819,-2.207700254712986,0.9621040723981901,0.9994343891402715,0.3243384615384616,0.5811328440904617,0.7333333333333333,24.636363636363637,0.0,30.0,False
env_odom_noise,0.0,0.030170881682725817,0.018234449771164334,0.12505771771002736,0.5881163056053599,-2.151771790628546,0.9622747747747747,0.9994369369369369,0.32451171171171167,0.6064131493369739,0.7333333333333333,24.818181818181817,0.0,30.0,False
env_odom_noise,0.0,0.030170881682725817,0.021936499593892524,0.12504272821400184,0.5821680816784167,-2.090192965206484,0.9636871508379888,0.9994413407821229,0.3259284916201117,0.6221852734684944,0.7333333333333333,25.136363636363637,0.0,30.0,False
env_odom_noise,0.0,0.030170881682725817,0.026390158215457878,0.12475672331757383,0.5772024370498744,-2.0297924997502905,0.964562569213732,0.9994462901439646,0.32680885935769655,0.6333186502257983,0.7,24.857142857142858,0.0,30.0,False
env_odom_noise,0.0,0.030170881682725817,0.03174802103936399,0.12467508933839709,0.5745667376784575,-1.9608888316098425,0.9652701212789415,0.9994487320837927,0.32751885336273423,0.6885557721058527,0.7,25.047619047619047,0.0,30.0,False
env_odom_noise,0.0,0.030170881682725817,0.03819366415641666,0.12444639600212322,0.5669646784478645,-1.890420763449089,0.9656488549618321,0.9994547437295529,0.32790359869138497,0.7170444399118423,0.7,25.523809523809526,0.0,30.0,False
env_odom_noise,0.0,0.030170881682725817,0.04594793419988139,0.12455119133380739,0.5582684162127107,-1.8182212742375257,0.9662379421221865,0.9994640943193998,0.32850203644158626,0.716578554113706,0.6666666666666666,25.65,0.0,30.0,False
env_odom_noise,0.0,0.030170881682725817,0.055276515198711025,0.12513243816201103,0.5546912875174912,-1.74564600266725,0.9654622741764081,0.9994686503719448,0.32773092454835284,0.7712014506260554,0.6333333333333333,25.36842105263158,0.0,30.0,False
env_odom_noise,0.0,0.030170881682725817,0.06649903169142302,0.12480671330847457,0.5510801068034098,-1.6726125499484368,0.9657172995780591,0.9994725738396625,0.32798987341772157,0.83628532042106,0.6333333333333333,25.736842105263158,0.0,30.0,False
env_odom_noise,0.0,0.030170881682725817,0.07999999999999999,0.12449881716912968,0.5437003493253555,-1.5935848014348186,0.9661458333333334,0.9994791666666667,0.3284250000000001,0.8756038000186285,0.6333333333333333,26.36842105263158,0.0,30.0,False
env_odom_noise,0.0,0.03684031498640387,0.005000000000000002,0.12477054032671536,0.6053665563231174,-2.3532655178492536,0.9671658986175116,0.9994239631336406,0.32938986175115215,0.5513811349868775,0.7333333333333333,23.90909090909091,0.0,30.0,False
env_odom_noise,0.0,0.03684031498640387,0.006015125180410587,0.12493775978462353,0.6042280436379898,-2.3243618191556057,0.9684270952927669,0.9994259471871412,0.3306530424799081,0.5524234404166539,0.7333333333333333,24.045454545454547,0.0,30.0,False
env_odom_noise,0.0,0.03684031498640387,0.007236346187201891,0.1249377608728156,0.6018651019773971,-2.2900921130615624,0.9696449026345934,0.9994272623138603,0.3318721649484536,0.5645676468809445,0.7333333333333333,24.136363636363637,0.0,30.0,False
env_odom_noise,0.0,0.03684031498640387,0.008705505632961245,0.12493775886663426,0.5998458456056908,-2.2516334581798265,0.9714285714285714,0.9994285714285714,0.3336571428571429,0.581397811571757,0.7333333333333333,24.227272727272727,0.0,30.0,False
env_odom_noise,0.0,0.03684031498640387,0.010472941228206266,0.12493775900369632,0.5976669942974516,-2.209714562840111,0.9726339794754846,0.999429874572406,0.33486385404789054,0.6016858537991842,0.7333333333333333,24.318181818181817,0.0,30.0,False
env_odom_noise,0.0,0.03684031498640387,0.012599210498948734,0.12510617363024878,0.5922973769176605,-2.1635554417591782,0.9733861834654587,0.9994337485843715,0.3356199320498302,0.602211216588815,0.7333333333333333,24.59090909090909,0.0,30.0,False
env_odom_noise,0.0,0.03684031498640387,0.015157165665103976,0.12509103293029328,0.5893069446352694,-2.113590170439845,0.9740698985343855,0.9994363021420518,0.33630620067643735,0.6213387797276179,0.7333333333333333,24.772727272727273,0.0,30.0,False
env_odom_noise,0.0,0.03684031498640387,0.018234449771164334,0.12504273083091644,0.5849980660427969,-2.061722716271066,0.9753363228699552,0.999439461883408,0.33757578475336325,0.632056453327338,0.7,24.333333333333332,0.0,30.0,False
env_odom_noise,0.0,0.03684031498640387,0.021936499593892524,0.12504272947694034,0.5772023317739681,-1.9998675944264015,0.9755555555555555,0.9994444444444445,0.3378,0.6435473014911016,0.7,24.714285714285715,0.0,30.0,False
env_odom_noise,0.0,0.03684031498640387,0.026390158215457878,0.12467508763608612,0.5763443957420192,-1.9427558436933827,0.976243093922652,0.9994475138121547,0.33849060773480666,0.6812180727720261,0.7,24.952380952380953,0.0,30.0,False
env_odom_noise,0.0,0.03684031498640387,0.03174802103936399,0.12467666627566654,0.568944267114651,-1.8746490174747739,0.9764770240700219,0.99945295404814,0.33872997811816197,0.7046511461337407,0.7,25.38095238095238,0.0,30.0,False
env_odom_noise,0.0,0.03684031498640387,0.03819366415641666,0.12467843461612399,0.5626176590031988,-1.808512165715722,0.9772972972972973,0.9994594594594595,0.3395567567567568,0.7259442905584971,0.7,25.904761904761905,0.0,30.0,False
env_odom_noise,0.0,0.03684031498640387,0.04594793419988139,0.12498156993261873,0.5564010889214741,-1.7377145933627176,0.9770299145299145,0.999465811965812,0.3392957264957265,0.7535964419444402,0.6666666666666666,25.8,0.0,30.0,False
env_odom_noise,0.0,0.03684031498640387,0.055276515198711025,0.12518135558438281,0.5537866814978047,-1.6685557046403916,0.9766702014846236,0.9994697773064687,0.3389399787910923,0.8143373588720958,0.6333333333333333,25.473684210526315,0.0,30.0,False
env_odom_noise,0.0,0.03684031498640387,0.06649903169142302,0.12471027095244126,0.547034769561177,-1.5951146289179003,0.9769392033542977,0.999475890985325,0.3392150943396227,0.8587623909115791,0.6333333333333333,26.05263157894737,0.0,30.0,False
env_odom_noise,0.0,0.03684031498640387,0.07999999999999999,0.12452985001638167,0.543700293451881,-1.5226026054617312,0.9771309771309772,0.9994802494802495,0.3394112266112267,0.9088979641596476,0.6,25.77777777777778,0.0,30.0,False
env_odom_noise,0.0,0.04498406187030712,0.005000000000000002,0.1248106761990243,0.6031179528762876,-2.2354362600132043,0.979381443298969,1.0,0.34218144329896905,0.5906664202610652,0.7333333333333333,24.136363636363637,0.0,30.0,False
env_odom_noise,0.0,0.04498406187030712,0.006015125180410587,0.12481067553792081,0.6020494239160473,-2.206472704994663,0.9805491990846682,1.0,0.3433491990846682,0.6056325763463974,0.7333333333333333,24.181818181818183,0.0,30.0,False
env_odom_noise,0.0,0.04498406187030712,0.007236346187201891,0.12479625264143186,0.5976669856588263,-2.176446044258876,0.9823663253697383,1.0,0.34516632536973835,0.5970226705074311,0.7333333333333333,24.40909090909091,0.0,30.0,False
env_odom_noise,0.0,0.04498406187030712,0.008705505632961245,0.12496419441838337,0.5966039502624092,-2.1410463808860825,0.9829738933030647,1.0,0.34577389330306474,0.612339727083842,0.7333333333333333,24.5,0.0,30.0,False
env_odom_noise,0.0,0.04498406187030712,0.010472941228206266,0.12496419441921675,0.5913805325562672,-2.101787604512251,0.9836343115124153,1.0,0.3464343115124153,0.607323827346166,0.7,24.047619047619047,0.0,30.0,False
env_odom_noise,0.0,0.04498406187030712,0.012599210498948734,0.12496419415329896,0.5891264403753015,-2.0593693963171886,0.9836711711711712,1.0,0.3464711711711712,0.6313769732912381,0.7,24.142857142857142,0.0,30.0,False
env_odom_noise,0.0,0.04498406187030712,0.015157165665103976,0.12491732204649589,0.5861556132318848,-2.0130087948077713,0.9848824188129899,1.0,0.3476824188129899,0.6430217017730077,0.7,24.38095238095238,0.0,30.0,False
env_odom_noise,0.0,0.04498406187030712,0.018234449771164334,0.12491732033031483,0.5800096415764857,-1.9620379630515914,0.9849833147942157,1.0,0.34778331479421576,0.6548537577191988,0.7,24.666666666666668,0.0,30.0,False
env_odom_noise,0.0,0.04498406187030712,0.021936499593892524,0.12477650278342024,0.5763057643853384,-1.9071532438389731,0.9850828729281768,1.0,0.34788287292817677,0.6775699570775032,0.7,24.952380952380953,0.0,30.0,False
env_odom_noise,0.0,0.04498406187030712,0.026390158215457878,0.12455264109698401,0.5698660751847335,-1.847150329238631,0.9852297592997812,1.0,0.3480297592997812,0.6929958447813988,0.7,25.38095238095238,0.0,30.0,False
env_odom_noise,0.0,0.04498406187030712,0.03174802103936399,0.12476250243196776,0.56518411703279,-1.7843697225962643,0.9853420195439739,1.0,0.34814201954397395,0.7245667919516563,0.7,25.714285714285715,0.0,30.0,False
env_odom_noise,0.0,0.04498406187030712,0.03819366415641666,0.12492595669010668,0.5607148164713558,-1.7225881721238117,0.985499462943072,1.0,0.348299462943072,0.7469800874590874,0.6666666666666666,25.55,0.0,30.0,False
env_odom_noise,0.0,0.04498406187030712,0.04594793419988139,0.12508628088731266,0.5564010793801305,-1.6559445427934558,0.9851063829787234,1.0,0.34790638297872345,0.7898178791006406,0.6333333333333333,25.31578947368421,0.0,30.0,False
env_odom_noise,0.0,0.04498406187030712,0.055276515198711025,0.12505961896185822,0.5502393065790503,-1.5841163327566317,0.9852320675105485,1.0,0.3480320675105485,0.8461748396356901,0.6333333333333333,25.736842105263158,0.0,30.0,False
env_odom_noise,0.0,0.04498406187030712,0.06649903169142302,0.12470905193356144,0.5453631291954221,-1.5139605305752033,0.9853862212943633,1.0,0.3481862212943633,0.8951478943228721,0.6333333333333333,26.263157894736842,0.0,30.0,False
env_odom_noise,0.0,0.04498406187030712,0.07999999999999999,0.12441155283314588,0.5411802963560155,-1.4396195378376986,0.9855072463768116,1.0,0.34830724637681165,0.949596140285333,0.6,26.0,0.0,30.0,False
env_odom_noise,0.0,0.054928027165305905,0.005000000000000002,0.12496508734387994,0.594415424112595,-2.1094837715395642,0.9892533936651584,1.0,0.3520533936651584,0.5955005789796511,0.7,23.952380952380953,0.0,30.0,False
env_odom_noise,0.0,0.054928027165305905,0.006015125180410587,0.12496508735353686,0.5932887049373587,-2.0839784319987933,0.9898305084745763,1.0,0.35263050847457633,0.60911998351415,0.7,24.0,0.0,30.0,False
env_odom_noise,0.0,0.054928027165305905,0.007236346187201891,0.12496508837053419,0.5924038570839355,-2.0541642507486304,0.989841986455982,1.0,0.352641986455982,0.6268659859895707,0.7,24.047619047619047,0.0,30.0,False
env_odom_noise,0.0,0.054928027165305905,0.008705505632961245,0.12496508695517324,0.590427631047552,-2.021029066905143,0.9904279279279279,1.0,0.3532279279279279,0.6420001675685246,0.7,24.142857142857142,0.0,30.0,False
env_odom_noise,0.0,0.054928027165305905,0.010472941228206266,0.12491732211869272,0.587117858881703,-1.986713415359431,0.9904708520179372,1.0,0.3532708520179372,0.6468663856387138,0.7,24.333333333333332,0.0,30.0,False
env_odom_noise,0.0,0.054928027165305905,0.012599210498948734,0.12491732329450445,0.5842256154415519,-1.9456991826595689,0.9905027932960894,1.0,0.3533027932960894,0.6658145248889923,0.7,24.476190476190474,0.0,30.0,False
env_odom_noise,0.0,0.054928027165305905,0.015157165665103976,0.1249173214166223,0.5799354187937328,-1.9020116937177876,0.9905450500556173,1.0,0.35334505005561734,0.6823536480466524,0.7,24.666666666666668,0.0,30.0,False
env_odom_noise,0.0,0.054928027165305905,0.018234449771164334,0.12527410669831912,0.5754065379850989,-1.8518579439219678,0.9906181015452539,1.0,0.3534181015452539,0.6916256606578827,0.7,25.0,0.0,30.0,False
env_odom_noise,0.0,0.054928027165305905,0.021936499593892524,0.1252307065997073,0.5723784983831179,-1.8028552927685804,0.9906798245614035,1.0,0.3534798245614035,0.7124847590923309,0.7,25.285714285714285,0.0,30.0,False
env_odom_noise,0.0,0.054928027165305905,0.026390158215457878,0.12503948344040072,0.5669228715559561,-1.7461395509759825,0.9907508161044614,1.0,0.3535508161044614,0.7356457397341728,0.7,25.61904761904762,0.0,30.0,False
env_odom_noise,0.0,0.054928027165305905,0.03174802103936399,0.12488469129932746,0.5617361771228692,-1.6844805996317185,0.9908306364617044,1.0,0.35363063646170445,0.7589349294702212,0.6666666666666666,25.35,0.0,30.0,False
env_odom_noise,0.0,0.054928027165305905,0.03819366415641666,0.12509734145351453,0.5581244132517231,-1.6233875198880954,0.990909090909091,1.0,0.353709090909091,0.8002997934818268,0.6666666666666666,25.75,0.0,30.0,False
env_odom_noise,0.0,0.054928027165305905,0.04594793419988139,0.1252048184668684,0.5529058383056483,-1.5612279570280978,0.991005291005291,1.0,0.353805291005291,0.8331948429346084,0.6333333333333333,25.57894736842105,0.0,30.0,False
env_odom_noise,0.0,0.054928027165305905,0.055276515198711025,0.12492106446164232,0.5478087457578462,-1.4941086347166612,0.9910807974816369,1.0,0.3538807974816369,0.887188679476579,0.6333333333333333,26.0,0.0,30.0,False
env_odom_noise,0.0,0.054928027165305905,0.06649903169142302,0.12474317247362818,0.54380220741621,-1.4262234824150715,0.9911550468262227,1.0,0.3539550468262227,0.9447264502445857,0.6333333333333333,26.42105263157895,0.0,30.0,False
env_odom_noise,0.0,0.054928027165305905,0.07999999999999999,0.1243074568792075,0.5394625175937892,-1.3575278272326645,0.9912551440329218,1.0,0.3540551440329218,0.9818856264154117,0.6,26.333333333333332,0.0,30.0,False
env_odom_noise,0.0,0.06707015869245214,0.005000000000000002,0.12540590100338972,0.5903688570108714,-1.9732541388638274,0.9938132733408324,1.0,0.35661327334083237,0.6576287537813187,0.7,24.19047619047619,0.0,30.0,False
env_odom_noise,0.0,0.06707015869245214,0.006015125180410587,0.12540590048338238,0.5893541183521299,-1.9492113356033534,0.9943820224719101,1.0,0.3571820224719101,0.6710592289765676,0.7,24.238095238095237,0.0,30.0,False
env_odom_noise,0.0,0.06707015869245214,0.007236346187201891,0.12545580984977325,0.5884029818679616,-1.923095184739693,0.9943946188340808,1.0,0.35719461883408077,0.6820353299379349,0.7,24.333333333333332,0.0,30.0,False
env_odom_noise,0.0,0.06707015869245214,0.008705505632961245,0.12540709598527638,0.5850846653732173,-1.8952760789761969,0.9944196428571429,1.0,0.3572196428571429,0.6818348159392674,0.7,24.523809523809526,0.0,30.0,False
env_odom_noise,0.0,0.06707015869245214,0.010472941228206266,0.12532409636182493,0.5801682127116433,-1.8621002238681192,0.9944567627494457,1.0,0.35725676274944573,0.6768083021044731,0.7,24.80952380952381,0.0,30.0,False
env_odom_noise,0.0,0.06707015869245214,0.012599210498948734,0.12532409497610086,0.5783287757845185,-1.8244435625418973,0.9944690265486725,1.0,0.35726902654867254,0.7005014747381211,0.7,24.904761904761905,0.0,30.0,False
env_odom_noise,0.0,0.06707015869245214,0.015157165665103976,0.12532409379277143,0.5752311169710419,-1.7828884659210904,0.9944873208379272,1.0,0.35728732083792725,0.7237185274561246,0.7,25.047619047619047,0.0,30.0,False
env_odom_noise,0.0,0.06707015869245214,0.018234449771164334,0.1252646038956029,0.5713805823151585,-1.737842374478999,0.9945175438596491,1.0,0.3573175438596491,0.7420631582538287,0.7,25.285714285714285,0.0,30.0,False
env_odom_noise,0.0,0.06707015869245214,0.021936499593892524,0.12516066670147943,0.5669229027365446,-1.6901445494645093,0.9945652173913043,1.0,0.35736521739130434,0.7513565133015315,0.7,25.666666666666668,0.0,30.0,False
env_odom_noise,0.0,0.06707015869245214,0.026390158215457878,0.12523131007688407,0.5642216491779674,-1.6375046327991718,0.9945887445887446,1.0,0.3573887445887446,0.7845180163780848,0.6666666666666666,25.2,0.0,30.0,False
env_odom_noise,0.0,0.06707015869245214,0.03174802103936399,0.12533189864745103,0.5580182550075463,-1.5805726249589411,0.9946466809421841,1.0,0.3574466809421841,0.8003634144862493,0.6666666666666666,25.7,0.0,30.0,False
env_odom_noise,0.0,0.06707015869245214,0.03819366415641666,0.12502845213068392,0.5538942337626436,-1.5219027780307932,0.994692144373673,1.0,0.35749214437367305,0.8378781040509542,0.6333333333333333,25.42105263157895,0.0,30.0,False
env_odom_noise,0.0,0.06707015869245214,0.04594793419988139,0.1251779428167118,0.5496585598473258,-1.4628181196384626,0.9947368421052631,1.0,0.35753684210526315,0.8842845618724823,0.6333333333333333,25.842105263157894,0.0,30.0,False
env_odom_noise,0.0,0.06707015869245214,0.055276515198711025,0.12480504809727429,0.5444611408702338,-1.3977421359692297,0.9947807933194155,1.0,0.3575807933194155,0.9394681319594383,0.6333333333333333,26.263157894736842,0.0,30.0,False
env_odom_noise,0.0,0.06707015869245214,0.06649903169142302,0.12468722701662258,0.5403091717088271,-1.3312453610271024,0.9948293691830403,1.0,0.35762936918304034,0.9868545730908712,0.6,26.055555555555557,0.0,30.0,False
env_odom_noise,0.0,0.06707015869245214,0.07999999999999999,0.12440397885560116,0.5356780005915691,-1.2649473804311233,0.9948927477017364,1.0,0.3576927477017364,1.024912162621816,0.6,26.72222222222222,0.0,30.0,False
env_odom_noise,0.0,0.08189637274779156,0.005000000000000002,0.1253788193672133,0.5852117958354294,-1.8333749887796351,0.9994444444444445,1.0,0.3622444444444445,0.6949274241924286,0.7,24.714285714285715,0.0,30.0,False
env_odom_noise,0.0,0.08189637274779156,0.006015125180410587,0.12537882096754838,0.5832198201127325,-1.8130964371736473,0.9994456762749445,1.0,0.36224567627494453,0.7007215440273284,0.7,24.80952380952381,0.0,30.0,False
env_odom_noise,0.0,0.08189637274779156,0.007236346187201891,0.1253788207802336,0.5820220001980814,-1.789524432212008,0.9994462901439646,1.0,0.3622462901439646,0.7158522288004557,0.7,24.857142857142858,0.0,30.0,False
env_odom_noise,0.0,0.08189637274779156,0.008705505632961245,0.125378819789169,0.5773065084615255,-1.761845109386962,0.9994493392070485,1.0,0.3622493392070485,0.711993911365668,0.7,25.095238095238095,0.0,30.0,False
env_odom_noise,0.0,0.08189637274779156,0.010472941228206266,0.1253788177130446,0.5773064387731786,-1.7311337510516,0.9994493392070485,1.0,0.3622493392070485,0.7415585815906525,0.7,25.095238095238095,0.0,30.0,False
env_odom_noise,0.0,0.08189637274779156,0.012599210498948734,0.1253788182598126,0.572219762069058,-1.6967189676986818,0.9994523548740416,1.0,0.3622523548740416,0.7464289516210556,0.7,25.333333333333332,0.0,30.0,False
env_odom_noise,0.0,0.08189637274779156,0.015157165665103976,0.12537882038224588,0.5694714809406781,-1.6583179948571367,0.9994541484716157,1.0,0.36225414847161574,0.7694850564002991,0.7,25.476190476190474,0.0,30.0,False
env_odom_noise,0.0,0.08189637274779156,0.018234449771164334,0.12535601491525206,0.5641294785350024,-1.6192741689158252,0.9994594594594595,1.0,0.3622594594594595,0.7631576056281726,0.7,25.904761904761905,0.0,30.0,False
env_odom_noise,0.0,0.08189637274779156,0.021936499593892524,0.12516630044193466,0.5624002052443259,-1.5727994747913139,0.9994612068965517,1.0,0.3622612068965517,0.794648305575053,0.6666666666666666,25.4,0.0,30.0,False
env_odom_noise,0.0,0.08189637274779156,0.026390158215457878,0.12511322137440214,0.5581578084118519,-1.522229293531986,0.9994652406417113,1.0,0.3622652406417113,0.8185937951008478,0.6666666666666666,25.75,0.0,30.0,False
env_odom_noise,0.0,0.08189637274779156,0.03174802103936399,0.12515250484741144,0.554602099820827,-1.4699248251821935,0.9994692144373672,1.0,0.36226921443736726,0.8537303765614828,0.6666666666666666,26.1,0.0,30.0,False
env_odom_noise,0.0,0.08189637274779156,0.03819366415641666,0.125330051625357,0.550316654867767,-1.4188438425224144,0.9994742376445847,1.0,0.36227423764458466,0.8781939248243967,0.6333333333333333,25.894736842105264,0.0,30.0,False
env_odom_noise,0.0,0.08189637274779156,0.04594793419988139,0.1253030732722632,0.5460029333416933,-1.3583720829957409,0.9994775339602926,1.0,0.3622775339602926,0.936744142572085,0.6333333333333333,26.210526315789473,0.0,30.0,False
env_odom_noise,0.0,0.08189637274779156,0.055276515198711025,0.12490635745314708,0.5415742557882338,-1.2988836356528364,0.999482936918304,1.0,0.36228293691830404,0.9799207339684168,0.6333333333333333,26.736842105263158,0.0,30.0,False
env_odom_noise,0.0,0.08189637274779156,0.06649903169142302,0.12454567268938097,0.5372798032172401,-1.236160651577091,0.9994882292732856,1.0,0.36228822927328563,1.0198631157477698,0.6,26.61111111111111,0.0,30.0,False
env_odom_noise,0.0,0.08189637274779156,0.07999999999999999,0.12424251601260047,0.5348494882220114,-1.1717623411002591,0.999492385786802,1.0,0.362292385786802,1.0765894497434298,0.6,27.055555555555557,0.0,30.0,False
env_odom_noise,0.0,0.10000000000000002,0.005000000000000002,0.12529733183166833,0.5751856295981896,-1.686160298983909,0.9994511525795828,1.0,0.36225115257958285,0.7470872322718303,0.7,25.238095238095237,0.0,30.0,False
env_odom_noise,0.0,0.10000000000000002,0.006015125180410587,0.12529732977982116,0.5743352460775941,-1.6669635453584635,0.9994517543859649,1.0,0.3622517543859649,0.7594848652680715,0.7,25.285714285714285,0.0,30.0,False
env_odom_noise,0.0,0.10000000000000002,0.007236346187201891,0.12529733152851535,0.572390163642007,-1.645124795252715,0.99945295404814,1.0,0.36225295404814006,0.768832062681516,0.7,25.38095238095238,0.0,30.0,False
env_odom_noise,0.0,0.10000000000000002,0.008705505632961245,0.12529733071768523,0.5693659405890885,-1.620605305138593,0.9994547437295529,1.0,0.3622547437295529,0.7755520721276601,0.7,25.523809523809526,0.0,30.0,False
env_odom_noise,0.0,0.10000000000000002,0.010472941228206266,0.1253676468689762,0.5676018044113295,-1.5942887563418469,0.9994565217391305,1.0,0.3622565217391305,0.7854250619808832,0.7,25.666666666666668,0.0,30.0,False
env_odom_noise,0.0,0.10000000000000002,0.012599210498948734,0.12536764767728764,0.5651372805471407,-1.5618707721743308,0.9994582881906826,1.0,0.3622582881906826,0.7970629453659057,0.6666666666666666,25.15,0.0,30.0,False
env_odom_noise,0.0,0.10000000000000002,0.015157165665103976,0.12546731212964307,0.561400269591293,-1.5288587952931592,0.9994623655913979,1.0,0.3622623655913979,0.7968367666006089,0.6666666666666666,25.5,0.0,30.0,False
env_odom_noise,0.0,0.10000000000000002,0.018234449771164334,0.1252782272913497,0.5606023637862295,-1.490313425596237,0.9994635193133047,1.0,0.3622635193133047,0.8310766975084941,0.6666666666666666,25.6,0.0,30.0,False
env_odom_noise,0.0,0.10000000000000002,0.021936499593892524,0.12522487536954754,0.5570892111537131,-1.4478854096182459,0.9994669509594882,1.0,0.36226695095948824,0.850312539935112,0.6666666666666666,25.9,0.0,30.0,False
env_odom_noise,0.0,0.10000000000000002,0.026390158215457878,0.12526620198037905,0.5539222590771938,-1.4011861340222234,0.9994703389830508,1.0,0.36227033898305083,0.8797804147005082,0.6666666666666666,26.2,0.0,30.0,False
env_odom_noise,0.0,0.10000000000000002,0.03174802103936399,0.12526320053877255,0.5487836858277548,-1.3536725622515207,0.9994742376445847,1.0,0.36227423764458466,0.9063862552245457,0.6333333333333333,25.894736842105264,0.0,30.0,False
env_odom_noise,0.0,0.10000000000000002,0.03819366415641666,0.1252511153470312,0.5446998136510417,-1.3021555656342563,0.9994786235662148,1.0,0.36227862356621476,0.9430838753779729,0.6333333333333333,26.31578947368421,0.0,30.0,False
env_odom_noise,0.0,0.10000000000000002,0.04594793419988139,0.1251778195219234,0.5407022058175833,-1.2489490914299843,0.999482936918304,1.0,0.36228293691830404,0.9882079680760701,0.6333333333333333,26.736842105263158,0.0,30.0,False
env_odom_noise,0.0,0.10000000000000002,0.055276515198711025,0.12466411701581433,0.5372797738817198,-1.1927461598585594,0.9994877049180327,1.0,0.36228770491803275,1.0285214871168136,0.6,26.555555555555557,0.0,30.0,False
env_odom_noise,0.0,0.10000000000000002,0.06649903169142302,0.1239893960982091,0.5341132084482114,-1.1345516426611217,0.9994929006085193,1.0,0.36229290060851926,1.0726151118675868,0.6,27.11111111111111,0.0,30.0,False
env_odom_noise,0.0,0.10000000000000002,0.07999999999999999,0.12419442087802308,0.5301768726191368,-1.0682850934576653,0.9994969818913481,1.0,0.36229698189134807,1.129658450682958,0.6,27.555555555555557,0.0,30.0,False
env_odom_noise,0.02142857142857143,0.005000000000000002,0.005000000000000002,0.125144487852395,0.6362824947685786,-2.6814654900902073,0.6889952153110048,0.9180622009569378,0.04273301435406707,0.40114169865846633,0.8333333333333334,24.44,0.0,30.0,True
env_odom_noise,0.02142857142857143,0.005000000000000002,0.006015125180410587,0.12500993523903914,0.6352874860688731,-2.64598143334942,0.7028639618138425,0.9194510739856802,0.05521288782816236,0.41435528645912806,0.8333333333333334,24.52,0.0,30.0,True
env_odom_noise,0.02142857142857143,0.005000000000000002,0.007236346187201891,0.12501374638935356,0.6339508795362766,-2.6076054366066446,0.7164090368608799,0.920332936979786,0.06787609988109389,0.41604156444470086,0.8,24.041666666666668,0.0,30.0,True
env_odom_noise,0.02142857142857143,0.005000000000000002,0.008705505632961245,0.12489971437846986,0.6305270950585582,-2.5621518122050264,0.729585798816568,0.9224852071005917,0.07890059171597641,0.4227767383058866,0.8,24.208333333333332,0.0,30.0,True
env_odom_noise,0.02142857142857143,0.005000000000000002,0.010472941228206266,0.12489971406934547,0.6262230095530731,-2.5095263827271377,0.7385159010600707,0.9234393404004712,0.08687656065959959,0.4341883763670921,0.8,24.375,0.0,30.0,True
env_odom_noise,0.02142857142857143,0.005000000000000002,0.012599210498948734,0.12489971532859201,0.6239411872905629,-2.4525768979997493,0.7467685076380729,0.9253819036427732,0.09318660399529977,0.4639161298672358,0.8,24.458333333333332,0.0,30.0,True
env_odom_noise,0.02142857142857143,0.005000000000000002,0.015157165665103976,0.12506920027281856,0.6198346015413223,-2.3909859578419113,0.7526254375729288,0.9253208868144691,0.0991045507584597,0.47100803603728614,0.8,24.708333333333332,0.0,30.0,True
env_odom_noise,0.02142857142857143,0.005000000000000002,0.018234449771164334,0.12491417301258549,0.6159210745173691,-2.325194338283052,0.7627610208816705,0.925754060324826,0.10880696055684458,0.49481313725312553,0.8,24.916666666666668,0.0,30.0,True
env_odom_noise,0.02142857142857143,0.005000000000000002,0.021936499593892524,0.1250250092176098,0.6117287927866857,-2.2530886023935492,0.7681660899653979,0.9261822376009228,0.11378385236447519,0.5169618099927902,0.7666666666666667,24.52173913043478,0.0,30.0,True
env_odom_noise,0.02142857142857143,0.005000000000000002,0.026390158215457878,0.12502500926693014,0.6074077098651663,-2.176615538490166,0.7726750861079219,0.9265212399540758,0.11795384615384619,0.561901814242204,0.7666666666666667,24.695652173913043,0.0,30.0,True
env_odom_noise,0.02142857142857143,0.005000000000000002,0.03174802103936399,0.1248550540025889,0.5995137509418578,-2.1038708443111527,0.7737556561085973,0.9276018099547512,0.11795384615384619,0.5605998133619626,0.7666666666666667,25.26086956521739,0.0,30.0,True
env_odom_noise,0.02142857142857143,0.005000000000000002,0.03819366415641666,0.12478243880680258,0.5926705470611888,-2.026940563129011,0.7763452914798207,0.9282511210762332,0.11989417040358752,0.5952944626410802,0.7666666666666667,25.608695652173914,0.0,30.0,True
env_odom_noise,0.02142857142857143,0.005000000000000002,0.04594793419988139,0.12454989501378222,0.5859585064342394,-1.9452169603363958,0.7796892341842397,0.9289678135405105,0.12252142064372928,0.6396319031715393,0.7333333333333333,25.40909090909091,0.0,30.0,True
env_odom_noise,0.02142857142857143,0.005000000000000002,0.055276515198711025,0.12450618752059729,0.5777399332011495,-1.865293458341821,0.7814207650273224,0.9289617486338798,0.12425901639344261,0.6629815290371577,0.7333333333333333,26.045454545454547,0.0,30.0,True
env_odom_noise,0.02142857142857143,0.005000000000000002,0.06649903169142302,0.12468456696614467,0.5729009880328431,-1.7852834604572396,0.7817887931034483,0.9288793103448276,0.1247094827586207,0.6839228371779124,0.6666666666666666,25.4,0.0,30.0,False
env_odom_noise,0.02142857142857143,0.005000000000000002,0.07999999999999999,0.12421145610751863,0.5669998870588583,-1.7011616707529553,0.7830490405117271,0.929637526652452,0.1252115138592751,0.7451306362946828,0.6666666666666666,25.9,0.0,30.0,False
env_odom_noise,0.02142857142857143,0.006105276500337843,0.005000000000000002,0.1250099351964089,0.6363566375912215,-2.753669673112265,0.7120669056152927,0.9396654719235364,0.04420143369175633,0.41440899049242336,0.8333333333333334,24.48,0.0,30.0,True
env_odom_noise,0.02142857142857143,0.006105276500337843,0.006015125180410587,0.12501374700874873,0.6340876583987772,-2.718774708326073,0.7247324613555292,0.9405469678953626,0.05598549346016657,0.40616335918505986,0.8,24.041666666666668,0.0,30.0,True
env_odom_noise,0.02142857142857143,0.006105276500337843,0.007236346187201891,0.1248997126966017,0.6315110812147481,-2.6794137137075764,0.7375592417061612,0.941350710900474,0.06800853080568725,0.41459323167800904,0.8,24.166666666666668,0.0,30.0,True
env_odom_noise,0.02142857142857143,0.006105276500337843,0.008705505632961245,0.12489971324495316,0.6306014784523832,-2.630356029306862,0.7485207100591716,0.9431952662721893,0.07712544378698238,0.4426254267493884,0.8,24.208333333333332,0.0,30.0,True
env_odom_noise,0.02142857142857143,0.006105276500337843,0.010472941228206266,0.12489971370067626,0.6262964897434418,-2.5775852832059405,0.7603062426383981,0.944640753828033,0.08746548881036509,0.45374242117007574,0.8,24.375,0.0,30.0,True
env_odom_noise,0.02142857142857143,0.006105276500337843,0.012599210498948734,0.12489971441691095,0.6223224341527642,-2.518761482028001,0.7655334114888629,0.9454865181711606,0.09184689331770235,0.47116678208112717,0.8,24.541666666666668,0.0,30.0,True
env_odom_noise,0.02142857142857143,0.006105276500337843,0.015157165665103976,0.12491417023204261,0.6192003314159576,-2.461719416944632,0.7712456344586729,0.9452852153667055,0.09776041909196742,0.477368804315726,0.8,24.791666666666668,0.0,30.0,True
env_odom_noise,0.02142857142857143,0.006105276500337843,0.018234449771164334,0.1249141710321344,0.6147910899216814,-2.392853415866596,0.7809965237543454,0.9455388180764774,0.10725770567786796,0.5008911182483037,0.7666666666666667,24.347826086956523,0.0,30.0,True
env_odom_noise,0.02142857142857143,0.006105276500337843,0.021936499593892524,0.1250250090159513,0.6105873919083347,-2.321718452748202,0.7857142857142857,0.945852534562212,0.11166175115207377,0.5294014379382134,0.7666666666666667,24.565217391304348,0.0,30.0,True
env_odom_noise,0.02142857142857143,0.006105276500337843,0.026390158215457878,0.12519528533544963,0.6055778131976789,-2.2432707001361454,0.790045766590389,0.9462242562929062,0.11562151029748291,0.5626300225655237,0.7666666666666667,24.82608695652174,0.0,30.0,True
env_odom_noise,0.02142857142857143,0.006105276500337843,0.03174802103936399,0.12478243909798765,0.5995876156538272,-2.1757954562371147,0.7915254237288135,0.9468926553672317,0.1164327683615819,0.5712054843703905,0.7666666666666667,25.304347826086957,0.0,30.0,True
env_odom_noise,0.02142857142857143,0.006105276500337843,0.03819366415641666,0.12478243918395411,0.59165623551194,-2.0961797967678244,0.7950727883538634,0.9473684210526315,0.11950436730123193,0.6070674945910771,0.7666666666666667,25.652173913043477,0.0,30.0,True
env_odom_noise,0.02142857142857143,0.006105276500337843,0.04594793419988139,0.12481188417378408,0.5850666453493719,-2.0165059030602497,0.7961325966850828,0.9475138121546961,0.12041878453038679,0.6315503552556038,0.7333333333333333,25.59090909090909,0.0,30.0,True
env_odom_noise,0.02142857142857143,0.006105276500337843,0.055276515198711025,0.12428122529742666,0.5778134992126671,-1.9397935627176282,0.7993456924754635,0.9482006543075245,0.122945038167939,0.6661839713652928,0.7333333333333333,26.136363636363637,0.0,30.0,True
env_odom_noise,0.02142857142857143,0.006105276500337843,0.06649903169142302,0.12468456635500412,0.5720417632329642,-1.8529737992792117,0.7997847147470398,0.9483315392895587,0.12325317545748116,0.6988189861178398,0.6666666666666666,25.45,0.0,30.0,False
env_odom_noise,0.02142857142857143,0.006105276500337843,0.07999999999999999,0.12421145771613291,0.5661543472106836,-1.7709154227180344,0.8019169329073482,0.9488817891373802,0.12483514376996807,0.7551489015420277,0.6666666666666666,25.95,0.0,30.0,False
env_odom_noise,0.02142857142857143,0.007454880229115496,0.005000000000000002,0.1250137469629582,0.6341298048130235,-2.7930238449069646,0.7443519619500595,0.9571938168846611,0.06434577883472059,0.4025028040011724,0.8,24.041666666666668,0.0,30.0,True
env_odom_noise,0.02142857142857143,0.007454880229115496,0.006015125180410587,0.1248997146792587,0.6329192274041432,-2.7562095341716706,0.7550415183867141,0.9584816132858838,0.07632313167259785,0.4149736036856969,0.8,24.125,0.0,30.0,True
env_odom_noise,0.02142857142857143,0.007454880229115496,0.007236346187201891,0.1248997145277584,0.6308446910332922,-2.7139890031338685,0.7692307692307693,0.9597633136094674,0.09179408284023671,0.4308199177185694,0.8,24.208333333333332,0.0,30.0,True
env_odom_noise,0.02142857142857143,0.007454880229115496,0.008705505632961245,0.12489971350480467,0.6267581737594075,-2.664349260170313,0.7779740871613663,0.9605418138987044,0.10131590106007071,0.4385797237356504,0.8,24.375,0.0,30.0,True
env_odom_noise,0.02142857142857143,0.007454880229115496,0.010472941228206266,0.12489971212687,0.6245880135718924,-2.6119025852351325,0.7861339600470035,0.9623971797884842,0.1113311398354877,0.4633673205971718,0.8,24.458333333333332,0.0,30.0,True
env_odom_noise,0.02142857142857143,0.007454880229115496,0.012599210498948734,0.124899714376489,0.6211346112926194,-2.5563002798041956,0.7921545667447307,0.9625292740046838,0.11748384074941454,0.4852608174085617,0.8,24.583333333333332,0.0,30.0,True
env_odom_noise,0.02142857142857143,0.007454880229115496,0.015157165665103976,0.12491417088464302,0.6192819209027869,-2.498294629060172,0.7974388824214202,0.9627473806752037,0.12298626309662397,0.4988732263445854,0.8,24.791666666666668,0.0,30.0,True
env_odom_noise,0.02142857142857143,0.007454880229115496,0.018234449771164334,0.12502500945265427,0.6137476885164991,-2.4305924386459146,0.8063583815028902,0.9630057803468208,0.13216416184971103,0.5076025133331616,0.7666666666666667,24.434782608695652,0.0,30.0,True
env_odom_noise,0.02142857142857143,0.007454880229115496,0.021936499593892524,0.12502500979566888,0.6085010653327049,-2.358806883876518,0.8109195402298851,0.9632183908045977,0.13693793103448282,0.5376653328537941,0.7666666666666667,24.652173913043477,0.0,30.0,True
env_odom_noise,0.02142857142857143,0.007454880229115496,0.026390158215457878,0.1251211144655336,0.6056587439335938,-2.284223892253968,0.8137142857142857,0.9634285714285714,0.13994285714285715,0.5757392252484957,0.7666666666666667,24.869565217391305,0.0,30.0,True
env_odom_noise,0.02142857142857143,0.007454880229115496,0.03174802103936399,0.12478243747593434,0.5974993603142921,-2.215676766256203,0.8173618940248027,0.963923337091319,0.14408523111612181,0.5771751587589582,0.7666666666666667,25.391304347826086,0.0,30.0,True
env_odom_noise,0.02142857142857143,0.007454880229115496,0.03819366415641666,0.1247824373957898,0.5917379494134083,-2.1347692922830306,0.8202687569988801,0.9641657334826428,0.14723449048152293,0.622294952472051,0.7333333333333333,25.045454545454547,0.0,30.0,True
env_odom_noise,0.02142857142857143,0.007454880229115496,0.04594793419988139,0.1245061883522405,0.5851486657425826,-2.0613591692049,0.820837927232635,0.964167585446527,0.1478055126791621,0.639817679921786,0.7333333333333333,25.681818181818183,0.0,30.0,True
env_odom_noise,0.02142857142857143,0.007454880229115496,0.055276515198711025,0.12428122411323822,0.5770320293978046,-1.9762187907633975,0.8235294117647058,0.9645969498910676,0.15092636165577344,0.677578799923261,0.7,25.571428571428573,0.0,30.0,False
env_odom_noise,0.02142857142857143,0.007454880229115496,0.06649903169142302,0.12468456887174462,0.5711542244395275,-1.892767302904626,0.8236559139784946,0.964516129032258,0.15097204301075262,0.7121336594223976,0.6666666666666666,25.5,0.0,30.0,False
env_odom_noise,0.02142857142857143,0.007454880229115496,0.07999999999999999,0.12421145725084738,0.5651895997010034,-1.8094394024218166,0.825531914893617,0.9648936170212766,0.15322553191489363,0.7695934464534123,0.6666666666666666,26.0,0.0,30.0,False
env_odom_noise,0.02142857142857143,0.009102821015130404,0.005000000000000002,0.12489971494002716,0.6322181833314809,-2.801474657554695,0.7760663507109005,0.9709715639810427,0.10983791469194315,0.4080523267388344,0.8,24.166666666666668,0.0,30.0,True
env_odom_noise,0.02142857142857143,0.009102821015130404,0.006015125180410587,0.1248997134219436,0.6322595864071986,-2.7629005843272703,0.7855450236966824,0.9721563981042654,0.1205014218009478,0.43460893581310905,0.8,24.166666666666668,0.0,30.0,True
env_odom_noise,0.02142857142857143,0.009102821015130404,0.007236346187201891,0.12489971518894954,0.629977089166364,-2.7205773237147017,0.7972813238770685,0.9728132387706856,0.13289456264775412,0.4505058531959852,0.8,24.25,0.0,30.0,True
env_odom_noise,0.02142857142857143,0.009102821015130404,0.008705505632961245,0.12489971423013507,0.6246165534491397,-2.6724235942085897,0.8055229142185664,0.9741480611045829,0.14247097532314923,0.4506787732243538,0.8,24.458333333333332,0.0,30.0,True
env_odom_noise,0.02142857142857143,0.009102821015130404,0.010472941228206266,0.12489971465019184,0.6233905794782323,-2.621434570589669,0.8110328638497653,0.9747652582159625,0.14859812206572776,0.4810154800613721,0.8,24.5,0.0,30.0,True
env_odom_noise,0.02142857142857143,0.009102821015130404,0.012599210498948734,0.12489971466506901,0.6192829939388093,-2.5642560019805147,0.8171728971962616,0.9748831775700935,0.1548560747663551,0.4973862926165263,0.8,24.666666666666668,0.0,30.0,False
env_odom_noise,0.02142857142857143,0.009102821015130404,0.015157165665103976,0.12502500888410167,0.6193742237765257,-2.5089438892567886,0.8238372093023256,0.975,0.1616372093023256,0.5156840125719706,0.8,24.833333333333332,0.0,30.0,False
env_odom_noise,0.02142857142857143,0.009102821015130404,0.018234449771164334,0.1250250091566573,0.6116391770918418,-2.4401380701384716,0.8304498269896193,0.97520184544406,0.1684516724336793,0.5193318019310633,0.7666666666666667,24.52173913043478,0.0,30.0,False
env_odom_noise,0.02142857142857143,0.009102821015130404,0.021936499593892524,0.12502500741139422,0.6085933184656912,-2.3704171340101206,0.8350574712643678,0.975287356321839,0.17314482758620686,0.5613146195809047,0.7666666666666667,24.652173913043477,0.0,30.0,False
env_odom_noise,0.02142857142857143,0.009102821015130404,0.026390158215457878,0.1250721468770268,0.6027403224190779,-2.298009678111123,0.838452787258248,0.9755403868031854,0.17679317406143347,0.5728950376311938,0.7666666666666667,25.043478260869566,0.0,30.0,False
env_odom_noise,0.02142857142857143,0.009102821015130404,0.03174802103936399,0.12478243742732521,0.594516914020115,-2.227557777505867,0.8415730337078652,0.9758426966292135,0.18021573033707872,0.5764701376358669,0.7333333333333333,24.90909090909091,0.0,30.0,False
env_odom_noise,0.02142857142857143,0.009102821015130404,0.03819366415641666,0.12496753135696187,0.5918302812125479,-2.1484202781298327,0.8428411633109619,0.9759507829977628,0.18159194630872477,0.6377017647027969,0.7333333333333333,25.09090909090909,0.0,30.0,False
env_odom_noise,0.02142857142857143,0.009102821015130404,0.04594793419988139,0.12429413846034769,0.5842783877287663,-2.077975613081049,0.8448844884488449,0.9763476347634763,0.1840321232123212,0.6489415402213733,0.7333333333333333,25.772727272727273,0.0,30.0,False
env_odom_noise,0.02142857142857143,0.009102821015130404,0.055276515198711025,0.12435429508933458,0.5771246576328639,-1.9915460128918556,0.8465723612622416,0.9766050054406964,0.18597736670293796,0.68597365518411,0.6666666666666666,24.95,0.0,30.0,False
env_odom_noise,0.02142857142857143,0.009102821015130404,0.06649903169142302,0.12468456898075105,0.569480564251751,-1.9055732503218343,0.848175965665236,0.9763948497854077,0.1873708154506437,0.7245739658673604,0.6666666666666666,25.6,0.0,30.0,False
env_odom_noise,0.02142857142857143,0.009102821015130404,0.07999999999999999,0.12421145467484776,0.5652890619241594,-1.8241674622203163,0.8494680851063829,0.9765957446808511,0.18886382978723404,0.7918942441542943,0.6666666666666666,26.0,0.0,30.0,False
env_odom_noise,0.02142857142857143,0.01111504784609142,0.005000000000000002,0.12476585888971585,0.632327307333646,-2.786515021739799,0.8094674556213017,0.9810650887573964,0.15333254437869814,0.43112673660119377,0.8,24.208333333333332,0.0,30.0,False
env_odom_noise,0.02142857142857143,0.01111504784609142,0.006015125180410587,0.12476586058445469,0.6309997662978463,-2.7498941033434887,0.817966903073286,0.9816784869976359,0.16244539007092196,0.44955355127652485,0.8,24.25,0.0,30.0,False
env_odom_noise,0.02142857142857143,0.01111504784609142,0.007236346187201891,0.12476586144183233,0.6279804155093344,-2.706048436251824,0.8256772673733804,0.9829210836277974,0.17139835100117784,0.4593767628073692,0.8,24.375,0.0,30.0,False
env_odom_noise,0.02142857142857143,0.01111504784609142,0.008705505632961245,0.12476585865517999,0.6247235520097255,-2.6591120019345893,0.8333333333333334,0.982981220657277,0.17911455399061038,0.4722062095999718,0.8,24.5,0.0,30.0,False
env_odom_noise,0.02142857142857143,0.01111504784609142,0.010472941228206266,0.12476586036184259,0.6222204555057532,-2.6103947641597367,0.8384074941451991,0.9836065573770492,0.18481405152224828,0.4944967453678449,0.8,24.583333333333332,0.0,30.0,False
env_odom_noise,0.02142857142857143,0.01111504784609142,0.012599210498948734,0.12489216821044627,0.6193878893090546,-2.557473449999601,0.8443670150987224,0.983739837398374,0.19090685249709638,0.48911862274010975,0.8,24.875,0.0,30.0,False
env_odom_noise,0.02142857142857143,0.01111504784609142,0.015157165665103976,0.12489216767262273,0.6136556701587803,-2.4955259322630448,0.8516166281755196,0.9838337182448037,0.19825034642032335,0.49814746727546055,0.7666666666666667,24.47826086956522,0.0,30.0,False
env_odom_noise,0.02142857142857143,0.01111504784609142,0.018234449771164334,0.12489216796015466,0.6107378675717462,-2.4306917057769373,0.857307249712313,0.9838895281933256,0.20399677790563864,0.5328832825024923,0.7666666666666667,24.608695652173914,0.0,30.0,False
env_odom_noise,0.02142857142857143,0.01111504784609142,0.021936499593892524,0.12481874212176503,0.6077483203429531,-2.3628550369212067,0.861397479954181,0.983963344788087,0.20816082474226805,0.5622316141923268,0.7333333333333333,24.136363636363637,0.0,30.0,False
env_odom_noise,0.02142857142857143,0.01111504784609142,0.026390158215457878,0.12494016559492514,0.6006370470812391,-2.289633272772209,0.8633786848072562,0.9841269841269841,0.2103056689342403,0.5748452792565028,0.7333333333333333,24.545454545454547,0.0,30.0,False
env_odom_noise,0.02142857142857143,0.01111504784609142,0.03174802103936399,0.1248370880377365,0.5946217407064992,-2.221676749748825,0.8649103139013453,0.984304932735426,0.2120152466367713,0.5878025740385056,0.7333333333333333,25.0,0.0,30.0,False
env_odom_noise,0.02142857142857143,0.01111504784609142,0.03819366415641666,0.12460693816752265,0.5909478147431055,-2.144028791748552,0.867335562987737,0.9843924191750278,0.2145279821627648,0.6447938174009323,0.7333333333333333,25.227272727272727,0.0,30.0,False
env_odom_noise,0.02142857142857143,0.01111504784609142,0.04594793419988139,0.124154899436325,0.5822707479443309,-2.0733581298959183,0.8696604600219058,0.9846659364731654,0.21712639649507115,0.6483414406577747,0.7333333333333333,25.954545454545453,0.0,30.0,False
env_odom_noise,0.02142857142857143,0.01111504784609142,0.055276515198711025,0.12448841780087706,0.5762353357885257,-1.9874845689604201,0.8703904555314533,0.9842733188720173,0.21746377440347064,0.6898735259970029,0.6666666666666666,25.1,0.0,30.0,False
env_odom_noise,0.02142857142857143,0.01111504784609142,0.06649903169142302,0.12429973585885884,0.5695877180298351,-1.905253980946749,0.8715203426124197,0.984475374732334,0.21879571734475378,0.734949151178201,0.6666666666666666,25.7,0.0,30.0,False
env_odom_noise,0.02142857142857143,0.01111504784609142,0.07999999999999999,0.12408765506739536,0.5645067481179635,-1.8202466034898734,0.8726114649681529,0.9846072186836518,0.22001868365180466,0.801527335246404,0.6333333333333333,25.42105263157895,0.0,30.0,False
env_odom_noise,0.02142857142857143,0.013572088082974535,0.005000000000000002,0.12476586006523721,0.6313632124555472,-2.7486571847593595,0.8309692671394799,0.9887706855791962,0.18253995271867618,0.4594565123319626,0.8,24.25,0.0,30.0,False
env_odom_noise,0.02142857142857143,0.013572088082974535,0.006015125180410587,0.1247658619665242,0.6280555420349044,-2.7116762313753293,0.8392226148409894,0.9893992932862191,0.1914219081272085,0.46395134503642715,0.8,24.375,0.0,30.0,False
env_odom_noise,0.02142857142857143,0.013572088082974535,0.007236346187201891,0.12476586023856108,0.6259425038139458,-2.670778245335757,0.8490011750881316,0.9894242068155111,0.2012253819036427,0.4786120201150576,0.8,24.458333333333332,0.0,30.0,False
env_odom_noise,0.02142857142857143,0.013572088082974535,0.008705505632961245,0.12476586060650086,0.6235621354351156,-2.6253658629159773,0.8540445486518171,0.9900351699882767,0.2068797186400938,0.49759365965922675,0.8,24.541666666666668,0.0,30.0,False
env_odom_noise,0.02142857142857143,0.013572088082974535,0.010472941228206266,0.12487761848805878,0.6193810296686929,-2.5745785813364632,0.8589743589743589,0.9900932400932401,0.211867599067599,0.5011678025126457,0.8,24.75,0.0,30.0,False
env_odom_noise,0.02142857142857143,0.013572088082974535,0.012599210498948734,0.12489216769771253,0.616052614055454,-2.522954761248556,0.8663194444444444,0.9901620370370371,0.21928148148148152,0.4953388477365176,0.7666666666666667,24.391304347826086,0.0,30.0,False
env_odom_noise,0.02142857142857143,0.013572088082974535,0.015157165665103976,0.12489216609562204,0.6137760005375656,-2.464126647547937,0.8712471131639723,0.9901847575057737,0.22423187066974604,0.5234541992346445,0.7333333333333333,23.818181818181817,0.0,30.0,False
env_odom_noise,0.02142857142857143,0.013572088082974535,0.018234449771164334,0.12481874072547089,0.6108569913997283,-2.4024184476960775,0.8770114942528736,0.9902298850574712,0.23004137931034485,0.550327655673027,0.7333333333333333,24.0,0.0,30.0,False
env_odom_noise,0.02142857142857143,0.013572088082974535,0.021936499593892524,0.12498868973146245,0.6047351068074278,-2.3320140101936038,0.879133409350057,0.9903078677309008,0.23224127708095788,0.5684487208724022,0.7333333333333333,24.318181818181817,0.0,30.0,False
env_odom_noise,0.02142857142857143,0.013572088082974535,0.026390158215457878,0.12512577902840208,0.5985502212499203,-2.2642033371910406,0.880225988700565,0.9903954802259887,0.2334214689265537,0.5827777271469434,0.7333333333333333,24.681818181818183,0.0,30.0,False
env_odom_noise,0.02142857142857143,0.013572088082974535,0.03174802103936399,0.12483708877853301,0.5937112281248156,-2.1954890823829145,0.8824188129899216,0.990481522956327,0.23570033594624862,0.6105702976385753,0.7333333333333333,25.045454545454547,0.0,30.0,False
env_odom_noise,0.02142857142857143,0.013572088082974535,0.03819366415641666,0.12431164126808017,0.5891249449828311,-2.120209737904949,0.8845726970033296,0.9905660377358491,0.2379387347391787,0.6530242905020713,0.7333333333333333,25.40909090909091,0.0,30.0,False
env_odom_noise,0.02142857142857143,0.013572088082974535,0.04594793419988139,0.1241548979077821,0.5823883522807218,-2.0483113064952447,0.8860898138006572,0.9906900328587076,0.23957984665936483,0.6708640942970912,0.7,25.333333333333332,0.0,30.0,False
env_odom_noise,0.02142857142857143,0.013572088082974535,0.055276515198711025,0.12466205221466793,0.5736934942024191,-1.9619093349196963,0.8866090712742981,0.9908207343412527,0.24022980561555085,0.6976443017522495,0.6666666666666666,25.3,0.0,30.0,False
env_odom_noise,0.02142857142857143,0.013572088082974535,0.06649903169142302,0.12429973528375475,0.5667328336613515,-1.8777229962312367,0.887940234791889,0.9909284951974386,0.24166872998932765,0.7509597226977348,0.6666666666666666,25.85,0.0,30.0,False
env_odom_noise,0.02142857142857143,0.013572088082974535,0.07999999999999999,0.12408765400266313,0.5620764030429721,-1.797060716023561,0.8888888888888888,0.991005291005291,0.24269417989417985,0.8112910012404124,0.6333333333333333,25.57894736842105,0.0,30.0,False
env_odom_noise,0.02142857142857143,0.016572270086699935,0.005000000000000002,0.12491920040243668,0.6295079033538188,-2.6927295839184966,0.8604240282685512,0.9941107184923439,0.21733474676089515,0.47771348655223844,0.8,24.375,0.0,30.0,False
env_odom_noise,0.02142857142857143,0.016572270086699935,0.006015125180410587,0.12491919838878048,0.625858695547083,-2.6586743130517814,0.869131455399061,0.994131455399061,0.22606291079812202,0.48109985440969466,0.8,24.5,0.0,30.0,False
env_odom_noise,0.02142857142857143,0.016572270086699935,0.007236346187201891,0.1250303012626537,0.6226205738106431,-2.6189090878507923,0.875,0.9941588785046729,0.2319588785046729,0.48167842874924344,0.8,24.666666666666668,0.0,30.0,False
env_odom_noise,0.02142857142857143,0.016572270086699935,0.008705505632961245,0.12503029850201683,0.622675424841951,-2.574303006942519,0.8796728971962616,0.9947429906542056,0.2372158878504672,0.5072544356187184,0.7666666666666667,24.043478260869566,0.0,30.0,False
env_odom_noise,0.02142857142857143,0.016572270086699935,0.010472941228206266,0.1248757488485099,0.6170593740608458,-2.5252241094881787,0.8851508120649652,0.9947795823665894,0.24273039443155453,0.4980738644798597,0.7333333333333333,23.636363636363637,0.0,30.0,False
env_odom_noise,0.02142857142857143,0.016572270086699935,0.012599210498948734,0.12497006683552783,0.6161899738115059,-2.4760472084307183,0.890877598152425,0.9948036951501155,0.24848129330254043,0.5104682887593905,0.7333333333333333,23.818181818181817,0.0,30.0,False
env_odom_noise,0.02142857142857143,0.016572270086699935,0.015157165665103976,0.12497006858747525,0.611892447451992,-2.4175158440363775,0.8954022988505748,0.9948275862068966,0.25302988505747137,0.5321031774083773,0.7333333333333333,24.0,0.0,30.0,False
env_odom_noise,0.02142857142857143,0.016572270086699935,0.018234449771164334,0.12497006663853152,0.6098236314514264,-2.357421636694061,0.9002293577981652,0.9948394495412844,0.2578688073394496,0.5711887841423352,0.7333333333333333,24.09090909090909,0.0,30.0,False
env_odom_noise,0.02142857142857143,0.016572270086699935,0.021936499593892524,0.1253243550811833,0.6004215166233859,-2.290493320079433,0.8997734994337486,0.9949037372593431,0.25747723669309175,0.560829459130764,0.7333333333333333,24.59090909090909,0.0,30.0,False
env_odom_noise,0.02142857142857143,0.016572270086699935,0.026390158215457878,0.12527524563676634,0.5966407428644999,-2.2228638630595237,0.901463963963964,0.9949324324324325,0.25919639639639647,0.5957817773024241,0.7333333333333333,24.818181818181817,0.0,30.0,False
env_odom_noise,0.02142857142857143,0.016572270086699935,0.03174802103936399,0.12477091258520487,0.5929023484693021,-2.156099433694807,0.9034598214285714,0.9949776785714286,0.2612375,0.6243851587176323,0.7333333333333333,25.181818181818183,0.0,30.0,False
env_odom_noise,0.02142857142857143,0.016572270086699935,0.03819366415641666,0.12444753444318839,0.5873882345963263,-2.081190459411159,0.9060773480662984,0.9950276243093923,0.26390497237569066,0.6596499825517337,0.7333333333333333,25.59090909090909,0.0,30.0,False
env_odom_noise,0.02142857142857143,0.016572270086699935,0.04594793419988139,0.12430276733586808,0.5796830500774408,-2.0060714812546547,0.9078516902944384,0.995092693565976,0.2657443838604143,0.6823596646388371,0.7,25.523809523809526,0.0,30.0,False
env_odom_noise,0.02142857142857143,0.016572270086699935,0.055276515198711025,0.12470396212177896,0.573828082898841,-1.9291204989850204,0.9085037674919269,0.9951560818083961,0.26645984930032296,0.7132770776748657,0.6666666666666666,25.45,0.0,30.0,False
env_odom_noise,0.02142857142857143,0.016572270086699935,0.06649903169142302,0.12444518941248386,0.5660957275129864,-1.8411922552756033,0.9094781682641108,0.9952076677316294,0.26748583599574016,0.7702325031161308,0.6666666666666666,25.95,0.0,30.0,False
env_odom_noise,0.02142857142857143,0.016572270086699935,0.07999999999999999,0.12427101597962285,0.5614710081455687,-1.7656871339953664,0.9104320337197049,0.9952581664910432,0.2684902002107481,0.8149306014180183,0.6333333333333333,25.789473684210527,0.0,30.0,False
env_odom_noise,0.02142857142857143,0.020235658223516174,0.005000000000000002,0.12503029959570697,0.6259778375355097,-2.6244490828052975,0.8892145369284877,0.9988276670574443,0.25084220398593204,0.4868845000863075,0.7666666666666667,23.91304347826087,0.0,30.0,False
env_odom_noise,0.02142857142857143,0.020235658223516174,0.006015125180410587,0.12503029853108558,0.6238752344966096,-2.5900996858535486,0.8970760233918129,0.9988304093567252,0.2587064327485381,0.4970202803611755,0.7666666666666667,24.0,0.0,30.0,False
env_odom_noise,0.02142857142857143,0.020235658223516174,0.007236346187201891,0.12495616770425289,0.6215125382112784,-2.551649275183539,0.9009324009324009,0.9994172494172494,0.2631496503496503,0.5043904329339663,0.7666666666666667,24.130434782608695,0.0,30.0,False
env_odom_noise,0.02142857142857143,0.020235658223516174,0.008705505632961245,0.1248021839070968,0.6193620034156228,-2.5087693900671053,0.9047619047619048,0.9994192799070848,0.26698118466898957,0.5098712583382924,0.7333333333333333,23.59090909090909,0.0,30.0,False
env_odom_noise,0.02142857142857143,0.020235658223516174,0.010472941228206266,0.1249700692074241,0.6162673919639897,-2.463402064313272,0.9093533487297921,0.9994226327944573,0.27157598152424944,0.5114126816391945,0.7333333333333333,23.818181818181817,0.0,30.0,False
env_odom_noise,0.02142857142857143,0.020235658223516174,0.012599210498948734,0.12497006651382146,0.615153273071161,-2.4130381620258445,0.9134948096885813,0.9994232987312572,0.27571810841983857,0.5449141388138136,0.7333333333333333,23.863636363636363,0.0,30.0,False
env_odom_noise,0.02142857142857143,0.020235658223516174,0.015157165665103976,0.12515606316925634,0.6108735234980831,-2.3569713666741228,0.9180045871559633,0.9994266055045872,0.2802311926605505,0.5586110601822535,0.7333333333333333,24.09090909090909,0.0,30.0,False
env_odom_noise,0.02142857142857143,0.020235658223516174,0.018234449771164334,0.12532435724430033,0.6049644571688985,-2.295123016766478,0.9209328782707622,0.9994311717861206,0.28316405005688283,0.5678418939312299,0.7333333333333333,24.40909090909091,0.0,30.0,False
env_odom_noise,0.02142857142857143,0.020235658223516174,0.021936499593892524,0.1250577162822871,0.6005756981915492,-2.2362912123019827,0.9225988700564972,0.9994350282485875,0.28483389830508477,0.5861310000220935,0.7333333333333333,24.681818181818183,0.0,30.0,False
env_odom_noise,0.02142857142857143,0.020235658223516174,0.026390158215457878,0.12496426479188183,0.5958871160010343,-2.1705505680955826,0.9243273542600897,0.999439461883408,0.28656681614349777,0.6126307661334673,0.7333333333333333,25.0,0.0,30.0,False
env_odom_noise,0.02142857142857143,0.020235658223516174,0.03174802103936399,0.12467508879691694,0.5920658879726303,-2.1032338861965405,0.924916573971079,0.9994438264738599,0.28716040044493885,0.646002026895682,0.7333333333333333,25.318181818181817,0.0,30.0,False
env_odom_noise,0.02142857142857143,0.020235658223516174,0.03819366415641666,0.12444753432719836,0.5844372640970166,-2.027016106610286,0.927863436123348,0.9994493392070485,0.2901127753303965,0.672310401002566,0.7,25.095238095238095,0.0,30.0,False
env_odom_noise,0.02142857142857143,0.020235658223516174,0.04594793419988139,0.12430276856043214,0.5781172540081868,-1.952554702934519,0.9292709466811752,0.999455930359086,0.29152687704026115,0.7030894517898559,0.6666666666666666,24.95,0.0,30.0,False
env_odom_noise,0.02142857142857143,0.020235658223516174,0.055276515198711025,0.12470396481480057,0.570259227183155,-1.8751209552347643,0.9297963558413719,0.9994640943193998,0.29206045016077165,0.7299326489369075,0.6666666666666666,25.65,0.0,30.0,False
env_odom_noise,0.02142857142857143,0.020235658223516174,0.06649903169142302,0.12433126585234919,0.5653320005754866,-1.7957333568819756,0.9304670912951167,0.9994692144373672,0.292736305732484,0.7889751891295115,0.6666666666666666,26.1,0.0,30.0,False
env_odom_noise,0.02142857142857143,0.020235658223516174,0.07999999999999999,0.12469506952511432,0.5598269191397585,-1.714085654993161,0.930672268907563,0.9994747899159664,0.29294705882352945,0.8364439706007639,0.6333333333333333,25.94736842105263,0.0,30.0,False
env_odom_noise,0.02142857142857143,0.024708857724180293,0.005000000000000002,0.12495617078111605,0.6227451193110294,-2.541183329741816,0.9165694282380397,0.9988331388564761,0.27820256709451574,0.5093713611364364,0.7666666666666667,24.08695652173913,0.0,30.0,False
env_odom_noise,0.02142857142857143,0.024708857724180293,0.006015125180410587,0.12495616743176233,0.6204219661376913,-2.5067168119920233,0.9225844004656577,0.9994179278230501,0.2848023282887078,0.5135401929418246,0.7333333333333333,23.5,0.0,30.0,False
env_odom_noise,0.02142857142857143,0.024708857724180293,0.007236346187201891,0.12480218571030029,0.6194864005448047,-2.469930475162262,0.926829268292683,0.9994192799070848,0.2890485481997678,0.5273955876628558,0.7333333333333333,23.59090909090909,0.0,30.0,False
env_odom_noise,0.02142857142857143,0.024708857724180293,0.008705505632961245,0.12497006660437499,0.6161305055844725,-2.4308702380274196,0.930715935334873,0.9994226327944573,0.2929385681293303,0.5239507312575976,0.7333333333333333,23.818181818181817,0.0,30.0,False
env_odom_noise,0.02142857142857143,0.024708857724180293,0.010472941228206266,0.1251560624184436,0.6152530216239508,-2.386420992204767,0.9331797235023042,0.9994239631336406,0.29540368663594474,0.5449805994828542,0.7333333333333333,23.90909090909091,0.0,30.0,False
env_odom_noise,0.02142857142857143,0.024708857724180293,0.012599210498948734,0.12515606376036134,0.611938295336764,-2.337757609870389,0.9374282433983927,0.9994259471871412,0.2996541905855339,0.5648365467786789,0.7333333333333333,24.045454545454547,0.0,30.0,False
env_odom_noise,0.02142857142857143,0.024708857724180293,0.015157165665103976,0.1249377586445721,0.6068628103405013,-2.285478077334111,0.9412770809578107,0.999429874572406,0.30350695553021667,0.57172332406044,0.7333333333333333,24.318181818181817,0.0,30.0,False
env_odom_noise,0.02142857142857143,0.024708857724180293,0.018234449771164334,0.12510617458460035,0.6028587751321276,-2.2269121343393854,0.9421768707482994,0.9994331065759637,0.3044099773242631,0.5920404717326164,0.7333333333333333,24.545454545454547,0.0,30.0,False
env_odom_noise,0.02142857142857143,0.024708857724180293,0.021936499593892524,0.12505771694377354,0.5998307256489451,-2.164990386829511,0.9435665914221218,0.9994356659142212,0.30580225733634303,0.6263736973206202,0.7333333333333333,24.727272727272727,0.0,30.0,False
env_odom_noise,0.02142857142857143,0.024708857724180293,0.026390158215457878,0.12494957400597877,0.5950271151195596,-2.1047423207618343,0.9446308724832215,0.9994407158836689,0.30687158836689044,0.6423839976390203,0.7333333333333333,25.09090909090909,0.0,30.0,False
env_odom_noise,0.02142857142857143,0.024708857724180293,0.03174802103936399,0.12467508908533112,0.589190773674242,-2.0360352397133084,0.9462305986696231,0.9994456762749445,0.30847627494456764,0.6647780686616898,0.7,24.80952380952381,0.0,30.0,False
env_odom_noise,0.02142857142857143,0.024708857724180293,0.03819366415641666,0.12444753542635989,0.5818363974678573,-1.9619385442295931,0.9478594950603733,0.9994511525795828,0.3101106476399561,0.6972401072581609,0.7,25.238095238095237,0.0,30.0,False
env_odom_noise,0.02142857142857143,0.024708857724180293,0.04594793419988139,0.12437544363050006,0.5744591695556286,-1.8890026740372283,0.9496753246753247,0.9994588744588745,0.3119341991341992,0.7165302818020185,0.6666666666666666,25.2,0.0,30.0,False
env_odom_noise,0.02142857142857143,0.024708857724180293,0.055276515198711025,0.12470543763476528,0.5693606468373036,-1.8147163516427036,0.9497326203208556,0.9994652406417113,0.3119978609625669,0.7601457456747691,0.6666666666666666,25.75,0.0,30.0,False
env_odom_noise,0.02142857142857143,0.024708857724180293,0.06649903169142302,0.12475715228486786,0.5646184676226883,-1.7355558628608685,0.9496822033898306,0.9994703389830508,0.3119525423728814,0.8147733718156814,0.6333333333333333,25.526315789473685,0.0,30.0,False
env_odom_noise,0.02142857142857143,0.024708857724180293,0.07999999999999999,0.12449881529441738,0.5589396096169469,-1.6606513222812027,0.9502617801047121,0.9994764397905759,0.31253821989528796,0.856339788933595,0.6333333333333333,26.105263157894736,0.0,30.0,False
env_odom_noise,0.02142857142857143,0.030170881682725817,0.005000000000000002,0.12498950975123248,0.6183981600677885,-2.444568325313525,0.9432213209733488,0.9994206257242179,0.30544194669756664,0.5200811341404915,0.7333333333333333,23.681818181818183,0.0,30.0,False
env_odom_noise,0.02142857142857143,0.030170881682725817,0.006015125180410587,0.12498950958688815,0.6184367217506304,-2.4125855061987074,0.9455388180764774,0.9994206257242179,0.3077594438006953,0.542951367298762,0.7333333333333333,23.681818181818183,0.0,30.0,False
env_odom_noise,0.02142857142857143,0.030170881682725817,0.007236346187201891,0.12515606304419655,0.6163758452332679,-2.3788901024281093,0.9486735870818915,0.9994232987312572,0.3108968858131488,0.5417523801326751,0.7333333333333333,23.863636363636363,0.0,30.0,False
env_odom_noise,0.02142857142857143,0.030170881682725817,0.008705505632961245,0.12493775923923855,0.6142398972878412,-2.3420280625280836,0.95,0.9994252873563219,0.3122252873563218,0.5513028045495351,0.7333333333333333,24.0,0.0,30.0,False
env_odom_noise,0.02142857142857143,0.030170881682725817,0.010472941228206266,0.1249377592152269,0.6122699913213755,-2.298965955278166,0.9535550458715596,0.9994266055045872,0.3157816513761468,0.5724583521485329,0.7333333333333333,24.09090909090909,0.0,30.0,False
env_odom_noise,0.02142857142857143,0.030170881682725817,0.012599210498948734,0.12493775747626434,0.6059297174487821,-2.2506760745565235,0.9572892938496583,0.9994305239179955,0.3195198177676538,0.5740112259984016,0.7333333333333333,24.363636363636363,0.0,30.0,False
env_odom_noise,0.02142857142857143,0.030170881682725817,0.015157165665103976,0.1251061744374053,0.602965323073605,-2.200529631523054,0.9597505668934241,0.9994331065759637,0.32198367346938783,0.5919862066706022,0.7333333333333333,24.545454545454547,0.0,30.0,False
env_odom_noise,0.02142857142857143,0.030170881682725817,0.018234449771164334,0.12505771600263352,0.6021400710696334,-2.1459236347919886,0.9604072398190046,0.9994343891402715,0.32264162895927606,0.6300515885154406,0.7333333333333333,24.636363636363637,0.0,30.0,False
env_odom_noise,0.02142857142857143,0.030170881682725817,0.021936499593892524,0.12504272796893812,0.596129129545969,-2.0865787569429863,0.9612794612794613,0.999438832772166,0.32351829405162735,0.6441997498273849,0.7333333333333333,24.954545454545453,0.0,30.0,False
env_odom_noise,0.02142857142857143,0.030170881682725817,0.026390158215457878,0.12467508625869526,0.5881656814569864,-2.026031722303474,0.9623477297895903,0.9994462901439646,0.32459401993355486,0.6339651753505071,0.7,24.857142857142858,0.0,30.0,False
env_odom_noise,0.02142857142857143,0.030170881682725817,0.03174802103936399,0.12467508786317073,0.5845396140983101,-1.9578924446946442,0.964167585446527,0.9994487320837927,0.32641631753031974,0.6853041350841522,0.7,25.047619047619047,0.0,30.0,False
env_odom_noise,0.02142857142857143,0.030170881682725817,0.03819366415641666,0.12444753366575192,0.5780132806668106,-1.8855910232685926,0.9650273224043716,0.9994535519125683,0.32728087431694,0.725037603576978,0.7,25.428571428571427,0.0,30.0,False
env_odom_noise,0.02142857142857143,0.030170881682725817,0.04594793419988139,0.12455119094894641,0.5712840285775981,-1.8184336096349676,0.9661290322580646,0.9994623655913979,0.3283913978494625,0.7285154173771541,0.6666666666666666,25.5,0.0,30.0,False
env_odom_noise,0.02142857142857143,0.030170881682725817,0.055276515198711025,0.12513244023810077,0.5671730368222985,-1.7437986065005893,0.9653887113951012,0.9994675186368477,0.3276562300319489,0.7834749559561411,0.6666666666666666,25.95,0.0,30.0,False
env_odom_noise,0.02142857142857143,0.030170881682725817,0.06649903169142302,0.12480671351808342,0.5608579554427688,-1.6687849988890844,0.9657894736842105,0.9994736842105263,0.32806315789473683,0.8257709428668022,0.6333333333333333,25.842105263157894,0.0,30.0,False
env_odom_noise,0.02142857142857143,0.030170881682725817,0.07999999999999999,0.12449881739034205,0.5555313891908943,-1.592015698280351,0.9661105318039624,0.9994786235662148,0.3283891553701772,0.8800933341185252,0.6333333333333333,26.31578947368421,0.0,30.0,False
env_odom_noise,0.02142857142857143,0.03684031498640387,0.005000000000000002,0.1247705433076743,0.6164872007394625,-2.3376669592389945,0.957852193995381,0.9994226327944573,0.32007482678983834,0.5647176310420037,0.7333333333333333,23.818181818181817,0.0,30.0,False
env_odom_noise,0.02142857142857143,0.03684031498640387,0.006015125180410587,0.12493775977758875,0.6155870780850528,-2.3087942860791677,0.9626006904487917,0.9994246260069045,0.32482531645569623,0.5665814191102981,0.7333333333333333,23.954545454545453,0.0,30.0,False
env_odom_noise,0.02142857142857143,0.03684031498640387,0.007236346187201891,0.12493775809308351,0.612536126750664,-2.276255931772372,0.9638761467889908,0.9994266055045872,0.326102752293578,0.5721838215986887,0.7333333333333333,24.09090909090909,0.0,30.0,False
env_odom_noise,0.02142857142857143,0.03684031498640387,0.008705505632961245,0.12493775775001349,0.6103052011935091,-2.2404983428279284,0.965675057208238,0.9994279176201373,0.32790297482837527,0.5872231458624204,0.7333333333333333,24.181818181818183,0.0,30.0,False
env_odom_noise,0.02142857142857143,0.03684031498640387,0.010472941228206266,0.12493775918374612,0.6083824502455508,-2.1983962593310453,0.9697488584474886,0.9994292237442922,0.3319780821917808,0.6088905344406764,0.7333333333333333,24.272727272727273,0.0,30.0,False
env_odom_noise,0.02142857142857143,0.03684031498640387,0.012599210498948734,0.125106173139643,0.603105045866961,-2.1544281221785635,0.969954648526077,0.9994331065759637,0.3321877551020408,0.6083612143993378,0.7333333333333333,24.545454545454547,0.0,30.0,False
env_odom_noise,0.02142857142857143,0.03684031498640387,0.015157165665103976,0.1250910318571012,0.6022651156039271,-2.1059790707006654,0.9711538461538461,0.9994343891402715,0.33338823529411765,0.639558386305968,0.7333333333333333,24.636363636363637,0.0,30.0,False
env_odom_noise,0.02142857142857143,0.03684031498640387,0.018234449771164334,0.12504272711578618,0.5981182265319757,-2.054527895010334,0.9730033745781778,0.999437570303712,0.3352409448818898,0.6510340293248494,0.7,24.19047619047619,0.0,30.0,False
env_odom_noise,0.02142857142857143,0.03684031498640387,0.021936499593892524,0.12495980534115703,0.5892488737408249,-1.996474192803025,0.9738598442714127,0.9994438264738599,0.3361036707452726,0.648685009777546,0.7,24.666666666666668,0.0,30.0,False
env_odom_noise,0.02142857142857143,0.03684031498640387,0.026390158215457878,0.12467508831488826,0.5874699436606543,-1.9386925821479835,0.9745575221238938,0.9994469026548672,0.33680442477876105,0.6852991486589114,0.7,24.904761904761905,0.0,30.0,False
env_odom_noise,0.02142857142857143,0.03684031498640387,0.03174802103936399,0.12467666354636907,0.5808606511221523,-1.8722485444790125,0.9764254385964912,0.9994517543859649,0.33867719298245613,0.713150558869044,0.7,25.285714285714285,0.0,30.0,False
env_odom_noise,0.02142857142857143,0.03684031498640387,0.03819366415641666,0.12456804672733063,0.575621740360949,-1.8078934972861682,0.9766811279826464,0.9994577006507592,0.33893882863340563,0.7313927327593167,0.6666666666666666,25.1,0.0,30.0,False
env_odom_noise,0.02142857142857143,0.03684031498640387,0.04594793419988139,0.12498157058213508,0.5685842084624178,-1.7360973105591835,0.9769807280513919,0.9994646680942184,0.33924539614561033,0.7620503495136897,0.6666666666666666,25.7,0.0,30.0,False
env_odom_noise,0.02142857142857143,0.03684031498640387,0.055276515198711025,0.12518135728844113,0.5639118872399493,-1.6640347795018042,0.9766949152542372,0.9994703389830508,0.33896525423728807,0.8125643913944562,0.6666666666666666,26.2,0.0,30.0,False
env_odom_noise,0.02142857142857143,0.03684031498640387,0.06649903169142302,0.12471027098545269,0.5581109856408069,-1.5922826103771124,0.9769392033542977,0.999475890985325,0.3392150943396227,0.858473402261734,0.6333333333333333,26.05263157894737,0.0,30.0,False
env_odom_noise,0.02142857142857143,0.03684031498640387,0.07999999999999999,0.12452984860173835,0.5557631741946153,-1.5210105884612186,0.9771071800208116,0.9994797086368367,0.3393868886576483,0.9136740108331044,0.6,25.72222222222222,0.0,30.0,False
env_odom_noise,0.02142857142857143,0.04498406187030712,0.005000000000000002,0.12481067715712629,0.613705293955702,-2.2208719650035604,0.974197247706422,1.0,0.33699724770642203,0.5980722874402999,0.7333333333333333,24.09090909090909,0.0,30.0,False
env_odom_noise,0.02142857142857143,0.04498406187030712,0.006015125180410587,0.12479625474516319,0.6104695392314594,-2.1949845305613365,0.9748858447488584,1.0,0.33768584474885843,0.5924369598428408,0.7333333333333333,24.272727272727273,0.0,30.0,False
env_odom_noise,0.02142857142857143,0.04498406187030712,0.007236346187201891,0.12479625389455293,0.6094130928633446,-2.1644909923431994,0.9766248574686431,1.0,0.33942485746864315,0.6099633693695068,0.7333333333333333,24.318181818181817,0.0,30.0,False
env_odom_noise,0.02142857142857143,0.04498406187030712,0.008705505632961245,0.12496419271026654,0.6075756720414065,-2.1299370491314678,0.9789772727272728,1.0,0.34177727272727276,0.6130995402733485,0.7,23.761904761904763,0.0,30.0,False
env_odom_noise,0.02142857142857143,0.04498406187030712,0.010472941228206266,0.12496419390556873,0.6023045152201513,-2.0921006246421427,0.9796610169491525,1.0,0.34246101694915254,0.6138725772500038,0.7,24.0,0.0,30.0,False
env_odom_noise,0.02142857142857143,0.04498406187030712,0.012599210498948734,0.12496419326673568,0.60035815174362,-2.0497752366744253,0.9813979706877114,1.0,0.3441979706877114,0.6388989314436913,0.7,24.095238095238095,0.0,30.0,False
env_odom_noise,0.02142857142857143,0.04498406187030712,0.015157165665103976,0.12491732185047494,0.5992919594556487,-2.005818641317661,0.9825842696629213,1.0,0.34538426966292135,0.6610655412077904,0.7,24.238095238095237,0.0,30.0,False
env_odom_noise,0.02142857142857143,0.04498406187030712,0.018234449771164334,0.12483510041280174,0.5882271360763169,-1.9552398066097292,0.9828159645232816,1.0,0.3456159645232816,0.6383844728271166,0.7,24.80952380952381,0.0,30.0,False
env_odom_noise,0.02142857142857143,0.04498406187030712,0.021936499593892524,0.12480198928481,0.5883486955005381,-1.9026807860642025,0.9839424141749723,1.0,0.3467424141749723,0.6897261803348859,0.7,24.857142857142858,0.0,30.0,False
env_odom_noise,0.02142857142857143,0.04498406187030712,0.026390158215457878,0.12455264251583961,0.5837119981752614,-1.8449148601921086,0.9851648351648352,1.0,0.34796483516483523,0.7127837290366491,0.7,25.19047619047619,0.0,30.0,False
env_odom_noise,0.02142857142857143,0.04498406187030712,0.03174802103936399,0.12476250265808841,0.5783293748264196,-1.7827221476658606,0.9847494553376906,1.0,0.34754945533769066,0.7384732003013293,0.7,25.571428571428573,0.0,30.0,False
env_odom_noise,0.02142857142857143,0.04498406187030712,0.03819366415641666,0.12509999350034653,0.5728601818045478,-1.7199988876976207,0.9854682454251884,1.0,0.3482682454251884,0.7532824849088987,0.6666666666666666,25.45,0.0,30.0,False
env_odom_noise,0.02142857142857143,0.04498406187030712,0.04594793419988139,0.12483161151297342,0.5670838805868077,-1.6520592419769977,0.9856230031948882,1.0,0.34842300319488817,0.7981125970681509,0.6666666666666666,25.95,0.0,30.0,False
env_odom_noise,0.02142857142857143,0.04498406187030712,0.055276515198711025,0.1250596176323544,0.5605276982509457,-1.5810972820495253,0.9852476290832455,1.0,0.3480476290832455,0.8399440248807272,0.6333333333333333,25.789473684210527,0.0,30.0,False
env_odom_noise,0.02142857142857143,0.04498406187030712,0.06649903169142302,0.12470905353447756,0.5574421178678816,-1.5117893585080213,0.9853709508881923,1.0,0.3481709508881923,0.8998319422205289,0.6333333333333333,26.210526315789473,0.0,30.0,False
env_odom_noise,0.02142857142857143,0.04498406187030712,0.07999999999999999,0.12434732876183678,0.5543044790130842,-1.4427332568870936,0.9855072463768116,1.0,0.34830724637681165,0.9455425798892975,0.6,26.0,0.0,30.0,False
env_odom_noise,0.02142857142857143,0.054928027165305905,0.005000000000000002,0.12496508910294445,0.6074934099818388,-2.096872714746282,0.9841089670828603,1.0,0.34690896708286034,0.6148638914028803,0.7,23.80952380952381,0.0,30.0,False
env_odom_noise,0.02142857142857143,0.054928027165305905,0.006015125180410587,0.12496508641025923,0.6075323235811014,-2.0715938919047887,0.9846765039727582,1.0,0.3474765039727582,0.6350221917033195,0.7,23.80952380952381,0.0,30.0,False
env_odom_noise,0.02142857142857143,0.054928027165305905,0.007236346187201891,0.12496508768043486,0.6046163062749801,-2.0430684768842773,0.9852941176470589,1.0,0.3480941176470589,0.63963154455026,0.7,23.952380952380953,0.0,30.0,False
env_odom_noise,0.02142857142857143,0.054928027165305905,0.008705505632961245,0.12496508789328235,0.6014001674535219,-2.011372346200491,0.9864712514092446,1.0,0.34927125140924464,0.6484188576539357,0.7,24.095238095238095,0.0,30.0,False
env_odom_noise,0.02142857142857143,0.054928027165305905,0.010472941228206266,0.12491732309385976,0.5971306408734167,-1.976925030329104,0.9871076233183856,1.0,0.34990762331838565,0.647974294424057,0.7,24.333333333333332,0.0,30.0,False
env_odom_noise,0.02142857142857143,0.054928027165305905,0.012599210498948734,0.12483510175406662,0.5941372645339403,-1.939362342960653,0.9888392857142857,1.0,0.3516392857142857,0.6594040398796399,0.7,24.523809523809526,0.0,30.0,False
env_odom_noise,0.02142857142857143,0.054928027165305905,0.015157165665103976,0.12483510193748107,0.5912318456401414,-1.8959489768736693,0.9899888765294772,1.0,0.3527888765294772,0.6825934732953708,0.7,24.666666666666668,0.0,30.0,False
env_odom_noise,0.02142857142857143,0.054928027165305905,0.018234449771164334,0.12527410767258107,0.588521956941948,-1.8470328424572984,0.9894795127353266,1.0,0.35227951273532665,0.7077281961838404,0.7,24.857142857142858,0.0,30.0,False
env_odom_noise,0.02142857142857143,0.054928027165305905,0.021936499593892524,0.1252307068619935,0.5857428928808606,-1.7998102581880964,0.9895489548954896,1.0,0.35234895489548956,0.7272068341573079,0.7,25.142857142857142,0.0,30.0,False
env_odom_noise,0.02142857142857143,0.054928027165305905,0.026390158215457878,0.125039482210506,0.5801715213296145,-1.7434495331174868,0.990174672489083,1.0,0.352974672489083,0.7501147463917732,0.7,25.476190476190474,0.0,30.0,False
env_odom_noise,0.02142857142857143,0.054928027165305905,0.03174802103936399,0.12488469239552019,0.575727774416147,-1.6841735930082393,0.9902491874322861,1.0,0.3530491874322861,0.7764810413122177,0.6666666666666666,25.15,0.0,30.0,False
env_odom_noise,0.02142857142857143,0.054928027165305905,0.03819366415641666,0.12509734198406539,0.5695460172786475,-1.621584640650529,0.9908993576017131,1.0,0.3536993576017131,0.8024419868985811,0.6666666666666666,25.7,0.0,30.0,False
env_odom_noise,0.02142857142857143,0.054928027165305905,0.04594793419988139,0.12520481814735107,0.5636603787786636,-1.5573540408861812,0.991005291005291,1.0,0.353805291005291,0.8362232834100723,0.6666666666666666,26.25,0.0,30.0,False
env_odom_noise,0.02142857142857143,0.054928027165305905,0.055276515198711025,0.12480504714757087,0.5598532457969566,-1.4928528941989547,0.9910807974816369,1.0,0.3538807974816369,0.8876231675346692,0.6333333333333333,26.0,0.0,30.0,False
env_odom_noise,0.02142857142857143,0.054928027165305905,0.06649903169142302,0.12474317027936271,0.555325414470182,-1.4229093270317446,0.9911550468262227,1.0,0.3539550468262227,0.945869023601214,0.6333333333333333,26.42105263157895,0.0,30.0,False
env_odom_noise,0.02142857142857143,0.054928027165305905,0.07999999999999999,0.12430745806377969,0.5509174665764597,-1.355237160845679,0.9912551440329218,1.0,0.3540551440329218,0.9816481540600459,0.6,26.333333333333332,0.0,30.0,False
env_odom_noise,0.02142857142857143,0.06707015869245214,0.005000000000000002,0.1254059027481084,0.6013720006061205,-1.9620315368030132,0.9904279279279279,1.0,0.3532279279279279,0.6638640587528547,0.7,24.142857142857142,0.0,30.0,False
env_odom_noise,0.02142857142857143,0.06707015869245214,0.006015125180410587,0.12540590056529452,0.6014089026903303,-1.938961371170819,0.990990990990991,1.0,0.353790990990991,0.6832494646310806,0.7,24.142857142857142,0.0,30.0,False
env_odom_noise,0.02142857142857143,0.06707015869245214,0.007236346187201891,0.12537249044579324,0.5994262278273306,-1.9144188904746287,0.9915919282511211,1.0,0.3543919282511211,0.6824240108331044,0.7,24.333333333333332,0.0,30.0,False
env_odom_noise,0.02142857142857143,0.06707015869245214,0.008705505632961245,0.12532409282150972,0.5953775712801905,-1.8861686082743716,0.9916387959866221,1.0,0.3544387959866221,0.6772900149226189,0.7,24.571428571428573,0.0,30.0,False
env_odom_noise,0.02142857142857143,0.06707015869245214,0.010472941228206266,0.1253240931828456,0.5934274771453973,-1.8543154733877814,0.9933259176863182,1.0,0.3561259176863182,0.6945188870032628,0.7,24.666666666666668,0.0,30.0,False
env_odom_noise,0.02142857142857143,0.06707015869245214,0.012599210498948734,0.12532409410769596,0.5915697942007574,-1.8178481861380316,0.9933407325194229,1.0,0.3561407325194229,0.7175017093618711,0.7,24.761904761904763,0.0,30.0,False
env_odom_noise,0.02142857142857143,0.06707015869245214,0.015157165665103976,0.12532409564868952,0.5867693521163221,-1.776811684866715,0.9933774834437086,1.0,0.3561774834437086,0.7290584176778794,0.7,25.0,0.0,30.0,False
env_odom_noise,0.02142857142857143,0.06707015869245214,0.018234449771164334,0.12528997174118775,0.5858967029095348,-1.7339970625702474,0.9933920704845814,1.0,0.35619207048458146,0.7646787126859029,0.7,25.095238095238095,0.0,30.0,False
env_odom_noise,0.02142857142857143,0.06707015869245214,0.021936499593892524,0.12516066646479562,0.5794635576599331,-1.686127170827397,0.9940087145969498,1.0,0.35680871459694985,0.7611586769421895,0.7,25.571428571428573,0.0,30.0,False
env_odom_noise,0.02142857142857143,0.06707015869245214,0.026390158215457878,0.12523130997493775,0.5758576612359081,-1.6339459881275478,0.9940411700975081,1.0,0.35684117009750815,0.7882987409830093,0.6666666666666666,25.15,0.0,30.0,False
env_odom_noise,0.02142857142857143,0.06707015869245214,0.03174802103936399,0.12521961356822753,0.5702692054521715,-1.580648959444133,0.9941050375133976,1.0,0.35690503751339764,0.801733040312926,0.6666666666666666,25.65,0.0,30.0,False
env_odom_noise,0.02142857142857143,0.06707015869245214,0.03819366415641666,0.12502845278658573,0.5663675824350469,-1.5196439874054555,0.9946808510638298,1.0,0.35748085106382976,0.8499158769845963,0.6666666666666666,26.0,0.0,30.0,False
env_odom_noise,0.02142857142857143,0.06707015869245214,0.04594793419988139,0.12520481937095815,0.5618178859085852,-1.4583981580922005,0.9947257383966245,1.0,0.3575257383966245,0.8955711175998052,0.6333333333333333,25.736842105263158,0.0,30.0,False
env_odom_noise,0.02142857142857143,0.06707015869245214,0.055276515198711025,0.12480504741150489,0.5560483608538039,-1.3940750330006877,0.9947807933194155,1.0,0.3575807933194155,0.94042413632075,0.6333333333333333,26.263157894736842,0.0,30.0,False
env_odom_noise,0.02142857142857143,0.06707015869245214,0.06649903169142302,0.12473094110440634,0.5527311730797335,-1.3310943045645356,0.9948293691830403,1.0,0.35762936918304034,0.9849106709162394,0.6,26.055555555555557,0.0,30.0,False
env_odom_noise,0.02142857142857143,0.06707015869245214,0.07999999999999999,0.12440397645147323,0.5487054356302294,-1.264057770027617,0.9948822927328557,1.0,0.3576822927328557,1.0334491848945617,0.6,26.61111111111111,0.0,30.0,False
env_odom_noise,0.02142857142857143,0.08189637274779156,0.005000000000000002,0.12537881779841856,0.5966380387809036,-1.8236775300581938,0.9972191323692993,1.0,0.3600191323692993,0.7014860699574152,0.7,24.666666666666668,0.0,30.0,False
env_odom_noise,0.02142857142857143,0.08189637274779156,0.006015125180410587,0.1253788201805499,0.5947384130765488,-1.803315921821112,0.9972253052164262,1.0,0.3600253052164262,0.7079421932498614,0.7,24.761904761904763,0.0,30.0,False
env_odom_noise,0.02142857142857143,0.08189637274779156,0.007236346187201891,0.12537881876528265,0.592668846377206,-1.7806046872095884,0.9972314507198228,1.0,0.3600314507198228,0.7165123085180919,0.7,24.857142857142858,0.0,30.0,False
env_odom_noise,0.02142857142857143,0.08189637274779156,0.008705505632961245,0.12537881939509604,0.5918257580150221,-1.7536631433577776,0.9983407079646017,1.0,0.36114070796460174,0.7359196643034617,0.7,24.904761904761905,0.0,30.0,False
env_odom_noise,0.02142857142857143,0.08189637274779156,0.010472941228206266,0.12537881958937125,0.5880563100780356,-1.724679500033311,0.9983480176211453,1.0,0.36114801762114535,0.7407887001832326,0.7,25.095238095238095,0.0,30.0,False
env_odom_noise,0.02142857142857143,0.08189637274779156,0.012599210498948734,0.12537881993191194,0.5851718702016648,-1.6903137787568487,0.9983534577387486,1.0,0.36115345773874863,0.7581492046515147,0.7,25.238095238095237,0.0,30.0,False
env_odom_noise,0.02142857142857143,0.08189637274779156,0.015157165665103976,0.12534481165471636,0.5822167362295726,-1.6541437708071294,0.9989071038251366,1.0,0.3617071038251366,0.7751297106345495,0.7,25.428571428571427,0.0,30.0,False
env_odom_noise,0.02142857142857143,0.08189637274779156,0.018234449771164334,0.12535601375878166,0.5765801976279634,-1.6146851023042004,0.9989165763813651,1.0,0.3617165763813651,0.7672010724743207,0.6666666666666666,25.15,0.0,30.0,False
env_odom_noise,0.02142857142857143,0.08189637274779156,0.021936499593892524,0.12516630110244917,0.5738683574294405,-1.5691524208254004,0.9989212513484358,1.0,0.3617212513484358,0.7980479066570599,0.6666666666666666,25.35,0.0,30.0,False
env_odom_noise,0.02142857142857143,0.08189637274779156,0.026390158215457878,0.1251132231352061,0.5714976939663904,-1.5198304931541327,0.9989270386266095,1.0,0.3617270386266095,0.8323885351419449,0.6666666666666666,25.6,0.0,30.0,False
env_odom_noise,0.02142857142857143,0.08189637274779156,0.03174802103936399,0.12515526458917686,0.5671654404515744,-1.4661334309260483,0.9994675186368477,1.0,0.3622675186368477,0.8663721134265264,0.6666666666666666,25.95,0.0,30.0,False
env_odom_noise,0.02142857142857143,0.08189637274779156,0.03819366415641666,0.12533005000571126,0.5598277291778149,-1.4138171387667644,0.9994753410283316,1.0,0.3622753410283316,0.872075034181277,0.6666666666666666,26.65,0.0,30.0,False
env_odom_noise,0.02142857142857143,0.08189637274779156,0.04594793419988139,0.12530307460223772,0.5566656652482317,-1.3541226648857951,0.9994780793319415,1.0,0.36227807933194156,0.9323903769254684,0.6333333333333333,26.263157894736842,0.0,30.0,False
env_odom_noise,0.02142857142857143,0.08189637274779156,0.055276515198711025,0.12483654231469075,0.5538616441768169,-1.2950340830939433,0.9994818652849741,1.0,0.3622818652849741,0.98971506357193,0.6333333333333333,26.63157894736842,0.0,30.0,False
env_odom_noise,0.02142857142857143,0.08189637274779156,0.06649903169142302,0.12431960179870556,0.5497494883407633,-1.2361600659797058,0.9994882292732856,1.0,0.36228822927328563,1.016510538260142,0.6,26.61111111111111,0.0,30.0,False
env_odom_noise,0.02142857142857143,0.08189637274779156,0.07999999999999999,0.12424251610168155,0.5472963906973612,-1.1695638488077384,0.9994918699186992,1.0,0.3622918699186992,1.0818519746263822,0.6,27.0,0.0,30.0,False
env_odom_noise,0.02142857142857143,0.10000000000000002,0.005000000000000002,0.12529733145269092,0.5869693336436701,-1.6774065380334058,0.9978021978021978,1.0,0.3606021978021978,0.7536994849642118,0.7,25.19047619047619,0.0,30.0,False
env_odom_noise,0.02142857142857143,0.10000000000000002,0.006015125180410587,0.1252973311455732,0.5870060917969867,-1.6588088666219678,0.9983516483516484,1.0,0.36115164835164837,0.7713941648602486,0.7,25.19047619047619,0.0,30.0,False
env_odom_noise,0.02142857142857143,0.10000000000000002,0.007236346187201891,0.1252973310833087,0.5861423221248726,-1.6378534450347244,0.9983534577387486,1.0,0.36115345773874863,0.7861545622348786,0.7,25.238095238095237,0.0,30.0,False
env_odom_noise,0.02142857142857143,0.10000000000000002,0.008705505632961245,0.1252973323575938,0.5832627509931563,-1.6131681895242707,0.9989059080962801,1.0,0.3617059080962801,0.79353373448054,0.7,25.38095238095238,0.0,30.0,False
env_odom_noise,0.02142857142857143,0.10000000000000002,0.010472941228206266,0.12536764782151458,0.5794933633296273,-1.5874901212377033,0.998911860718172,1.0,0.36171186071817196,0.7915368323524793,0.7,25.61904761904762,0.0,30.0,False
env_odom_noise,0.02142857142857143,0.10000000000000002,0.012599210498948734,0.1253338291214828,0.5767678627567195,-1.5574856293626516,0.9989165763813651,1.0,0.3617165763813651,0.796141121784846,0.6666666666666666,25.15,0.0,30.0,False
env_odom_noise,0.02142857142857143,0.10000000000000002,0.015157165665103976,0.12546731346639498,0.5750316647478099,-1.5241015054488276,0.9989212513484358,1.0,0.3617212513484358,0.812576272090276,0.6666666666666666,25.35,0.0,30.0,False
env_odom_noise,0.02142857142857143,0.10000000000000002,0.018234449771164334,0.12544838774883574,0.5741965763660629,-1.4870440717273474,0.9989247311827957,1.0,0.3617247311827957,0.8399712949991226,0.6666666666666666,25.5,0.0,30.0,False
env_odom_noise,0.02142857142857143,0.10000000000000002,0.021936499593892524,0.12522487518492928,0.5707564715599763,-1.4447566801020364,0.9989304812834224,1.0,0.36173048128342244,0.8649162381887436,0.6666666666666666,25.75,0.0,30.0,False
env_odom_noise,0.02142857142857143,0.10000000000000002,0.026390158215457878,0.1252662025123282,0.5675467547413491,-1.399812965842146,0.9994686503719448,1.0,0.3622686503719448,0.8921831195553144,0.6666666666666666,26.05,0.0,30.0,False
env_odom_noise,0.02142857142857143,0.10000000000000002,0.03174802103936399,0.12526319989406004,0.5598741864846751,-1.349168705810518,0.9994742376445847,1.0,0.36227423764458466,0.9108471155166626,0.6666666666666666,26.55,0.0,30.0,False
env_odom_noise,0.02142857142857143,0.10000000000000002,0.03819366415641666,0.12525111682197637,0.5577794082408417,-1.298877377264403,0.9994775339602926,1.0,0.3622775339602926,0.9533544401327769,0.6333333333333333,26.210526315789473,0.0,30.0,False
env_odom_noise,0.02142857142857143,0.10000000000000002,0.04594793419988139,0.1252204082940547,0.5540417918258951,-1.2471804131734632,0.9994824016563147,1.0,0.36228240165631476,0.9927282492319743,0.6333333333333333,26.68421052631579,0.0,30.0,False
env_odom_noise,0.02142857142857143,0.10000000000000002,0.055276515198711025,0.1246641153286144,0.550574862549852,-1.190644589176926,0.9994866529774127,1.0,0.3622866529774127,1.0383036375045775,0.6,26.444444444444443,0.0,30.0,False
env_odom_noise,0.02142857142857143,0.10000000000000002,0.06649903169142302,0.12398939553354145,0.5458288947490628,-1.131646807934486,0.9994929006085193,1.0,0.36229290060851926,1.0731469735503196,0.6,27.11111111111111,0.0,30.0,False
env_odom_noise,0.02142857142857143,0.10000000000000002,0.07999999999999999,0.12419442010408738,0.5429425024582152,-1.0669968665570189,0.999496475327291,1.0,0.36229647532729103,1.1330412606398264,0.6,27.5,0.0,30.0,False
env_odom_noise,0.04285714285714286,0.005000000000000002,0.005000000000000002,0.1254494187367162,0.6931091316605243,-2.4389559919643085,0.640119760479042,0.9035928143712575,0.09348742514970054,0.4165689334273338,0.8333333333333334,24.4,0.0,30.0,True
env_odom_noise,0.04285714285714286,0.005000000000000002,0.006015125180410587,0.12523890562106949,0.6923912689234846,-2.438117891666079,0.6569212410501193,0.9081145584725537,0.07216420047732697,0.41467152889817954,0.8,23.916666666666668,0.0,30.0,True
env_odom_noise,0.04285714285714286,0.005000000000000002,0.007236346187201891,0.1250137482686611,0.689831319457643,-2.429803690938747,0.6716152019002375,0.911520190023753,0.054064608076009546,0.4186061459283034,0.8,24.083333333333332,0.0,30.0,True
env_odom_noise,0.04285714285714286,0.005000000000000002,0.008705505632961245,0.12489971252491774,0.6881361972815767,-2.409237191578838,0.6846153846153846,0.9142011834319527,0.042214201183432,0.4311932822068532,0.8,24.208333333333332,0.0,30.0,True
env_odom_noise,0.04285714285714286,0.005000000000000002,0.010472941228206266,0.12489971366370828,0.6840166093009189,-2.3780339279751987,0.7025912838633687,0.9169611307420494,0.05743015312131927,0.44481168935696286,0.8,24.375,0.0,30.0,True
env_odom_noise,0.04285714285714286,0.005000000000000002,0.012599210498948734,0.12489971500923325,0.6781573851958901,-2.3405143295176294,0.7137002341920374,0.9192037470725996,0.06629648711943792,0.4545022649069627,0.8,24.583333333333332,0.0,30.0,True
env_odom_noise,0.04285714285714286,0.005000000000000002,0.015157165665103976,0.12491417124426214,0.676916479130947,-2.3010785745179296,0.7278554778554779,0.9195804195804196,0.08007505827505834,0.4728860626618067,0.8,24.75,0.0,30.0,True
env_odom_noise,0.04285714285714286,0.005000000000000002,0.018234449771164334,0.12491417033988958,0.6718731636249038,-2.247909949844265,0.7444959443800695,0.9241019698725377,0.09219397450753186,0.4892229189475377,0.7666666666666667,24.347826086956523,0.0,30.0,True
env_odom_noise,0.04285714285714286,0.005000000000000002,0.021936499593892524,0.12502500991337231,0.6700830043047564,-2.1878520957412206,0.7488452655889145,0.924364896073903,0.09628036951501151,0.5308057253559431,0.7666666666666667,24.47826086956522,0.0,30.0,True
env_odom_noise,0.04285714285714286,0.005000000000000002,0.026390158215457878,0.12519528654873813,0.6661694144137642,-2.12136894837027,0.7554535017221584,0.9247990815154994,0.10245442020665907,0.5676348820328713,0.7666666666666667,24.695652173913043,0.0,30.0,True
env_odom_noise,0.04285714285714286,0.005000000000000002,0.03174802103936399,0.1248550554726534,0.6613416974939504,-2.062002505351457,0.7607954545454545,0.9255681818181818,0.10702727272727275,0.5880465979377428,0.7666666666666667,25.08695652173913,0.0,30.0,True
env_odom_noise,0.04285714285714286,0.005000000000000002,0.03819366415641666,0.12478243858125593,0.6515631654437929,-1.9923462958874256,0.7679775280898876,0.9269662921348315,0.11281123595505615,0.6085373818874359,0.7666666666666667,25.52173913043478,0.0,30.0,True
env_odom_noise,0.04285714285714286,0.005000000000000002,0.04594793419988139,0.12469989747665777,0.6450940110693661,-1.9200934188624366,0.7710643015521065,0.926829268292683,0.11603503325942355,0.6303311387697855,0.7333333333333333,25.454545454545453,0.0,30.0,True
env_odom_noise,0.04285714285714286,0.005000000000000002,0.055276515198711025,0.12450618827273145,0.6378207916006751,-1.8427050127259321,0.7757675438596491,0.9281798245614035,0.11938771929824565,0.6740251615643501,0.7,25.285714285714285,0.0,30.0,True
env_odom_noise,0.04285714285714286,0.005000000000000002,0.06649903169142302,0.12468456813630382,0.6322395286784047,-1.7661148608429869,0.775377969762419,0.9287257019438445,0.11845226781857454,0.6946789796153704,0.6666666666666666,25.3,0.0,30.0,False
env_odom_noise,0.04285714285714286,0.005000000000000002,0.07999999999999999,0.12421145540487132,0.6266954552120182,-1.6882748626568944,0.7799145299145299,0.9294871794871795,0.12222735042735045,0.7519327570994695,0.6666666666666666,25.8,0.0,30.0,False
env_odom_noise,0.04285714285714286,0.006105276500337843,0.005000000000000002,0.12523890348112346,0.6933066696038344,-2.5241216883220052,0.6624850657108722,0.927120669056153,0.04759426523297483,0.4220161852737268,0.8333333333333334,24.48,0.0,30.0,True
env_odom_noise,0.04285714285714286,0.006105276500337843,0.006015125180410587,0.12523890424337442,0.6904620080716996,-2.51428541598082,0.6767857142857143,0.9285714285714286,0.03184285714285706,0.4215899412830671,0.8,24.0,0.0,30.0,True
env_odom_noise,0.04285714285714286,0.006105276500337843,0.007236346187201891,0.12489971463205458,0.6891315140217955,-2.5062047325845906,0.6919431279620853,0.9324644549763034,0.03127867298578202,0.4241412587463856,0.8,24.166666666666668,0.0,30.0,True
env_odom_noise,0.04285714285714286,0.006105276500337843,0.008705505632961245,0.12489971462778651,0.6849051253746463,-2.482300953958558,0.7069575471698113,0.9363207547169812,0.04243679245283016,0.4317529246211052,0.8,24.333333333333332,0.0,30.0,True
env_odom_noise,0.04285714285714286,0.006105276500337843,0.010472941228206266,0.12489971456523946,0.6827460514367744,-2.450687566752502,0.7235294117647059,0.9376470588235294,0.05768235294117652,0.45662746553619704,0.8,24.416666666666668,0.0,30.0,True
env_odom_noise,0.04285714285714286,0.006105276500337843,0.012599210498948734,0.1248997127578178,0.6783468427857033,-2.41083770562486,0.7318501170960188,0.939695550351288,0.06395456674473077,0.47330421408017476,0.8,24.583333333333332,0.0,30.0,True
env_odom_noise,0.04285714285714286,0.006105276500337843,0.015157165665103976,0.12491417089339005,0.6761714765415872,-2.37032606006129,0.7473806752037253,0.940046565774156,0.07913410942956933,0.48588682115077975,0.8,24.791666666666668,0.0,30.0,True
env_odom_noise,0.04285714285714286,0.006105276500337843,0.018234449771164334,0.12502500733656777,0.6720634383970336,-2.318292006961626,0.7621527777777778,0.9438657407407407,0.09008703703703713,0.49996691445509595,0.7666666666666667,24.391304347826086,0.0,30.0,True
env_odom_noise,0.04285714285714286,0.006105276500337843,0.021936499593892524,0.1250250112716788,0.6692037229008221,-2.2567268010621646,0.7670126874279123,0.9440599769319492,0.09475271049596312,0.5440658311049144,0.7666666666666667,24.52173913043478,0.0,30.0,True
env_odom_noise,0.04285714285714286,0.006105276500337843,0.026390158215457878,0.1251952856007904,0.6655501516396193,-2.190829610673906,0.7723623853211009,0.9443807339449541,0.09978165137614681,0.5809906924764315,0.7666666666666667,24.73913043478261,0.0,30.0,True
env_odom_noise,0.04285714285714286,0.006105276500337843,0.03174802103936399,0.1247824368137747,0.658135548405818,-2.133266467086267,0.7799773755656109,0.9451357466063348,0.10664162895927609,0.5808133592208227,0.7666666666666667,25.26086956521739,0.0,30.0,True
env_odom_noise,0.04285714285714286,0.006105276500337843,0.03819366415641666,0.12478243815427356,0.6506393464488869,-2.061284834402968,0.7867564534231201,0.9461279461279462,0.11242850729517395,0.6157561471064885,0.7333333333333333,24.954545454545453,0.0,30.0,True
env_odom_noise,0.04285714285714286,0.006105276500337843,0.04594793419988139,0.12469989831898146,0.6452851056528378,-1.9899301058820198,0.7893569844789357,0.9462305986696231,0.11492638580931258,0.6482215046882629,0.7333333333333333,25.454545454545453,0.0,30.0,True
env_odom_noise,0.04285714285714286,0.006105276500337843,0.055276515198711025,0.12428122425536786,0.6373382207630182,-1.9156634151015999,0.7939890710382513,0.9475409836065574,0.11824808743169402,0.6736696551243464,0.7,25.428571428571427,0.0,30.0,True
env_odom_noise,0.04285714285714286,0.006105276500337843,0.06649903169142302,0.1246845685104964,0.6324295290981129,-1.8362351755349753,0.7931965442764579,0.9481641468682506,0.11683239740820739,0.7123939489324888,0.6666666666666666,25.3,0.0,30.0,False
env_odom_noise,0.04285714285714286,0.006105276500337843,0.07999999999999999,0.12421145564866233,0.6258454378275412,-1.756845812037505,0.7993596584845251,0.9487726787620064,0.12238697972251866,0.7641029397646586,0.6666666666666666,25.85,0.0,30.0,False
env_odom_noise,0.04285714285714286,0.007454880229115496,0.005000000000000002,0.12523890562981344,0.6918031517351748,-2.5699565039598573,0.6901072705601907,0.9457687723480334,0.016138498212157404,0.4253621385743221,0.8,23.958333333333332,0.0,30.0,True
env_odom_noise,0.04285714285714286,0.007454880229115496,0.006015125180410587,0.12489971299790621,0.6906845476725219,-2.564461795214319,0.7040332147093713,0.9483985765124555,0.027434638196915828,0.424685508509477,0.8,24.125,0.0,30.0,True
env_odom_noise,0.04285714285714286,0.007454880229115496,0.007236346187201891,0.12489971462697533,0.687860858879494,-2.5494947507773933,0.7218934911242604,0.9520710059171598,0.04162248520710066,0.4393699258565903,0.8,24.208333333333332,0.0,30.0,True
env_odom_noise,0.04285714285714286,0.007454880229115496,0.008705505632961245,0.12489971247511399,0.6836535217734522,-2.5238775935754045,0.7385159010600707,0.9534746760895171,0.05684122497055366,0.44647959371407825,0.8,24.375,0.0,30.0,True
env_odom_noise,0.04285714285714286,0.007454880229115496,0.010472941228206266,0.1248997128398344,0.6816249629805321,-2.4910661508225065,0.7502937720329025,0.9553466509988249,0.06844042303172737,0.4708620376884937,0.8,24.458333333333332,0.0,30.0,True
env_odom_noise,0.04285714285714286,0.007454880229115496,0.012599210498948734,0.12474433317228224,0.6771016592576279,-2.4537097949135154,0.7616822429906542,0.9567757009345794,0.08125794392523367,0.48161054998636244,0.8,24.666666666666668,0.0,30.0,True
env_odom_noise,0.04285714285714286,0.007454880229115496,0.015157165665103976,0.12491417171058417,0.6756157983003238,-2.4072410589768025,0.7738372093023256,0.958139534883721,0.09477674418604654,0.49670531501372656,0.7666666666666667,24.217391304347824,0.0,30.0,True
env_odom_noise,0.04285714285714286,0.007454880229115496,0.018234449771164334,0.12502501009997558,0.6713738911364061,-2.3552723655373393,0.7872832369942196,0.9612716763005781,0.11135491329479774,0.5175783202052117,0.7666666666666667,24.434782608695652,0.0,30.0,True
env_odom_noise,0.04285714285714286,0.007454880229115496,0.021936499593892524,0.1250250101689723,0.6694155099182992,-2.295583118036867,0.792964244521338,0.961361014994233,0.11712525951557096,0.5646521503726641,0.7666666666666667,24.52173913043478,0.0,30.0,True
env_odom_noise,0.04285714285714286,0.007454880229115496,0.026390158215457878,0.1251211179264528,0.6635213828899755,-2.2324364613107925,0.7994285714285714,0.9617142857142857,0.12394285714285713,0.581288605928421,0.7666666666666667,24.869565217391305,0.0,30.0,True
env_odom_noise,0.04285714285714286,0.007454880229115496,0.03174802103936399,0.12478243588562178,0.657011858729759,-2.17228167036189,0.8050847457627118,0.9621468926553672,0.13003163841807908,0.5895551125208537,0.7333333333333333,24.681818181818183,0.0,30.0,True
env_odom_noise,0.04285714285714286,0.007454880229115496,0.03819366415641666,0.12446936945432951,0.6500489386628546,-2.10412774494563,0.8120805369127517,0.9630872483221476,0.1379677852348994,0.6214255928993225,0.7333333333333333,25.09090909090909,0.0,30.0,True
env_odom_noise,0.04285714285714286,0.007454880229115496,0.04594793419988139,0.12469989581341191,0.6446603391188179,-2.028195654408023,0.813953488372093,0.9629014396456257,0.13965492801771873,0.663258237640063,0.7333333333333333,25.5,0.0,30.0,True
env_odom_noise,0.04285714285714286,0.007454880229115496,0.055276515198711025,0.12428122482977597,0.6366035229417168,-1.9523427675508709,0.8182314410480349,0.9639737991266376,0.14500524017467253,0.6907997369766236,0.7,25.476190476190474,0.0,30.0,True
env_odom_noise,0.04285714285714286,0.007454880229115496,0.06649903169142302,0.12468456696467885,0.6315628530951337,-1.8762695052883875,0.8171521035598706,0.9644012944983819,0.14435339805825242,0.7256229003270467,0.6666666666666666,25.35,0.0,30.0,False
env_odom_noise,0.04285714285714286,0.007454880229115496,0.07999999999999999,0.12421145716772361,0.6244466915942091,-1.7929335178552057,0.8232161874334398,0.9648562300319489,0.1508724174653887,0.775955202182134,0.6666666666666666,25.95,0.0,30.0,False
env_odom_noise,0.04285714285714286,0.009102821015130404,0.005000000000000002,0.1252009719091192,0.6920563061719724,-2.5924999999787643,0.7199762187871581,0.960166468489893,0.042942687277051084,0.43770123049616816,0.8,24.041666666666668,0.0,30.0,True
env_odom_noise,0.04285714285714286,0.009102821015130404,0.006015125180410587,0.12489971403698219,0.6883600579158902,-2.582307893364727,0.7372781065088757,0.9633136094674556,0.06339171597633131,0.43797092959284784,0.8,24.208333333333332,0.0,30.0,True
env_odom_noise,0.04285714285714286,0.009102821015130404,0.007236346187201891,0.12489971310888093,0.6850550371623438,-2.5633087542842827,0.7517688679245284,0.9658018867924528,0.08037075471698119,0.4461787129441897,0.8,24.333333333333332,0.0,30.0,True
env_odom_noise,0.04285714285714286,0.009102821015130404,0.008705505632961245,0.12489971409360899,0.6838985242234107,-2.537154257387903,0.7638398115429917,0.9658421672555948,0.09248197879858655,0.4714960515499115,0.8,24.375,0.0,30.0,True
env_odom_noise,0.04285714285714286,0.009102821015130404,0.010472941228206266,0.1248997151538719,0.6798646592693066,-2.5024523877460805,0.7754982415005862,0.9677608440797186,0.10605908558030486,0.4840143178900083,0.8,24.541666666666668,0.0,30.0,True
env_odom_noise,0.04285714285714286,0.009102821015130404,0.012599210498948734,0.12474433370756582,0.6764134779158342,-2.4646162914358385,0.7870478413068844,0.9702450408401401,0.12009288214702452,0.4998700484633446,0.8,24.708333333333332,0.0,30.0,True
env_odom_noise,0.04285714285714286,0.009102821015130404,0.015157165665103976,0.12502501010604122,0.6745739669153537,-2.4206605415225724,0.7998839907192575,0.9709976798143851,0.13368167053364266,0.5058704718947411,0.7666666666666667,24.304347826086957,0.0,30.0,True
env_odom_noise,0.04285714285714286,0.009102821015130404,0.018234449771164334,0.12502500697769553,0.6704422393537935,-2.3662645904599984,0.8112009237875288,0.9734411085450346,0.14744203233256348,0.5357851256926854,0.7666666666666667,24.47826086956522,0.0,30.0,True
env_odom_noise,0.04285714285714286,0.009102821015130404,0.021936499593892524,0.12502500679177594,0.6696545280108757,-2.3084240507174463,0.817762399077278,0.9734717416378316,0.15403414071510957,0.5879582524299621,0.7666666666666667,24.52173913043478,0.0,30.0,False
env_odom_noise,0.04285714285714286,0.009102821015130404,0.026390158215457878,0.12507214475867837,0.6615057886339029,-2.2452633926958856,0.8240318906605922,0.9738041002277904,0.16063599088838265,0.5810698851943016,0.7333333333333333,24.363636363636363,0.0,30.0,False
env_odom_noise,0.04285714285714286,0.009102821015130404,0.03174802103936399,0.12478243696905257,0.6548230558673155,-2.1870326471482087,0.8297632468996617,0.9740698985343855,0.16663314543404728,0.5978329166769981,0.7333333333333333,24.772727272727273,0.0,30.0,False
env_odom_noise,0.04285714285714286,0.009102821015130404,0.03819366415641666,0.12465432880661913,0.6493711492360577,-2.116714655780122,0.8348214285714286,0.9748883928571429,0.17250982142857152,0.6315672670801481,0.7333333333333333,25.181818181818183,0.0,30.0,False
env_odom_noise,0.04285714285714286,0.009102821015130404,0.04594793419988139,0.12448636201437416,0.6427967663037215,-2.0431790331920556,0.8377483443708609,0.9751655629139073,0.1757139072847682,0.6690951501329739,0.7333333333333333,25.636363636363637,0.0,30.0,False
env_odom_noise,0.04285714285714286,0.009102821015130404,0.055276515198711025,0.12435429641950306,0.6356194120058166,-1.966511534400893,0.840958605664488,0.9760348583877996,0.17979346405228758,0.6945066392421723,0.6666666666666666,24.9,0.0,30.0,False
env_odom_noise,0.04285714285714286,0.009102821015130404,0.06649903169142302,0.12468456603434899,0.6301913124179621,-1.8884939877316262,0.8417653390742734,0.976318622174381,0.18088396124865447,0.7394219805796941,0.6666666666666666,25.45,0.0,30.0,False
env_odom_noise,0.04285714285714286,0.009102821015130404,0.07999999999999999,0.12421145552504616,0.6246991550947525,-1.8077509681689157,0.8471778487752929,0.9765708200212992,0.18654866879659215,0.798187222580115,0.6666666666666666,25.95,0.0,30.0,False
env_odom_noise,0.04285714285714286,0.01111504784609142,0.005000000000000002,0.12506603103426958,0.6885443690289541,-2.5913196432763304,0.7562130177514793,0.9715976331360947,0.09061065088757403,0.44081003218889236,0.8,24.208333333333332,0.0,30.0,True
env_odom_noise,0.04285714285714286,0.01111504784609142,0.006015125180410587,0.1247658629121811,0.6861490355654064,-2.5792590823676687,0.7694575471698113,0.972877358490566,0.10513490566037731,0.4459513552486897,0.8,24.333333333333332,0.0,30.0,True
env_odom_noise,0.04285714285714286,0.01111504784609142,0.007236346187201891,0.12476585973921114,0.6840449051966948,-2.5577839626609657,0.7817647058823529,0.9747058823529412,0.11927058823529413,0.4602746879061063,0.8,24.416666666666668,0.0,30.0,True
env_odom_noise,0.04285714285714286,0.01111504784609142,0.008705505632961245,0.12476586104441231,0.6833291094515345,-2.5286411633502697,0.7949471210340776,0.9753231492361927,0.1330702702702703,0.48738824352622034,0.8,24.458333333333332,0.0,30.0,True
env_odom_noise,0.04285714285714286,0.01111504784609142,0.010472941228206266,0.12476586282811836,0.6765003657251422,-2.494363467286884,0.8051341890315052,0.9778296382730455,0.14576382730455073,0.48493888850013417,0.8,24.708333333333332,0.0,30.0,True
env_odom_noise,0.04285714285714286,0.01111504784609142,0.012599210498948734,0.12489216500711486,0.6766914155959064,-2.4593925747804937,0.8141695702671312,0.9790940766550522,0.15606364692218344,0.4916988501946131,0.7666666666666667,24.26086956521739,0.0,30.0,False
env_odom_noise,0.04285714285714286,0.01111504784609142,0.015157165665103976,0.12489216649555933,0.6736025677077085,-2.4131273956510912,0.828125,0.9803240740740741,0.17124907407407408,0.5185474688808124,0.7666666666666667,24.391304347826086,0.0,30.0,False
env_odom_noise,0.04285714285714286,0.01111504784609142,0.018234449771164334,0.12489216676912918,0.6707143916529584,-2.3590166859496486,0.8385236447520185,0.9821222606689735,0.18344590542099193,0.5491786286234855,0.7333333333333333,23.863636363636363,0.0,30.0,False
env_odom_noise,0.04285714285714286,0.01111504784609142,0.021936499593892524,0.1249886901714956,0.669110236604686,-2.3031934890741224,0.8444316877152698,0.9822043628013777,0.18943605051664747,0.5814186458786329,0.7333333333333333,24.045454545454547,0.0,30.0,False
env_odom_noise,0.04285714285714286,0.01111504784609142,0.026390158215457878,0.12494016449003265,0.6593786694379007,-2.2390459629526096,0.8496027241770715,0.9824063564131669,0.19480908059023838,0.5868907998005549,0.7333333333333333,24.5,0.0,30.0,False
env_odom_noise,0.04285714285714286,0.01111504784609142,0.03174802103936399,0.12483708758142119,0.6540922291247601,-2.1810098321260036,0.8539325842696629,0.9825842696629213,0.19931685393258425,0.6034812291463216,0.7333333333333333,24.90909090909091,0.0,30.0,False
env_odom_noise,0.04285714285714286,0.01111504784609142,0.03819366415641666,0.12452526846473404,0.6476907689516319,-2.108762583332398,0.8598442714126807,0.9833147942157954,0.2059590656284761,0.6404860645532608,0.7333333333333333,25.318181818181817,0.0,30.0,False
env_odom_noise,0.04285714285714286,0.01111504784609142,0.04594793419988139,0.12415489901924567,0.6419015456234684,-2.045112847669278,0.8616904500548848,0.9835345773874863,0.20802502744237106,0.662873849272728,0.7333333333333333,25.863636363636363,0.0,30.0,False
env_odom_noise,0.04285714285714286,0.01111504784609142,0.055276515198711025,0.12466205207495322,0.6358906538156333,-1.963461535387556,0.8631921824104235,0.9837133550488599,0.20970553745928344,0.6989449853698413,0.6666666666666666,25.05,0.0,30.0,False
env_odom_noise,0.04285714285714286,0.01111504784609142,0.06649903169142302,0.12418354119473685,0.6294012279066525,-1.8902295814105141,0.8660235798499464,0.9844587352625938,0.21328231511254014,0.7397376229365666,0.6666666666666666,25.65,0.0,30.0,False
env_odom_noise,0.04285714285714286,0.01111504784609142,0.07999999999999999,0.12408765409540742,0.6240241105445664,-1.805466209539882,0.8703506907545164,0.9845908607863975,0.2177415515409139,0.8091109851996104,0.6666666666666666,26.05,0.0,30.0,False
env_odom_noise,0.04285714285714286,0.013572088082974535,0.005000000000000002,0.12506602839841016,0.6878086562279656,-2.5665636936347194,0.7807328605200946,0.9793144208037825,0.12284728132387712,0.46837773645917574,0.8,24.25,0.0,30.0,True
env_odom_noise,0.04285714285714286,0.013572088082974535,0.006015125180410587,0.12476586117332295,0.6851727627190645,-2.553200816294092,0.7938751472320377,0.980565371024735,0.13724051825677264,0.4720027516285578,0.8,24.375,0.0,30.0,True
env_odom_noise,0.04285714285714286,0.013572088082974535,0.007236346187201891,0.12476585957299845,0.6843603723501639,-2.52966288388018,0.8076470588235294,0.9823529411764705,0.15279999999999994,0.4932050739725431,0.8,24.416666666666668,0.0,30.0,False
env_odom_noise,0.04285714285714286,0.013572088082974535,0.008705505632961245,0.12476586015732015,0.6801405881833728,-2.4998545457735526,0.8167447306791569,0.9836065573770492,0.16315128805620605,0.5005754120647907,0.8,24.583333333333332,0.0,30.0,False
env_odom_noise,0.04285714285714286,0.013572088082974535,0.010472941228206266,0.12472306636578274,0.676817043645866,-2.468069044058458,0.8282887077997672,0.9848661233993015,0.17595483119906863,0.4978233024477959,0.7666666666666667,24.17391304347826,0.0,30.0,False
env_odom_noise,0.04285714285714286,0.013572088082974535,0.012599210498948734,0.12489216862653298,0.6770063183165815,-2.430325671398062,0.8368176538908246,0.9860627177700348,0.1856803716608595,0.5168482517202695,0.7333333333333333,23.59090909090909,0.0,30.0,False
env_odom_noise,0.04285714285714286,0.013572088082974535,0.015157165665103976,0.1248187424261061,0.6728544378226359,-2.3860768303291056,0.851039260969977,0.9872979214780601,0.20113718244803702,0.530405747393767,0.7333333333333333,23.818181818181817,0.0,30.0,False
env_odom_noise,0.04285714285714286,0.013572088082974535,0.018234449771164334,0.12481874192304615,0.6691378538575321,-2.330403826280456,0.8574712643678161,0.9885057471264368,0.20877701149425287,0.5618151729305585,0.7333333333333333,24.0,0.0,30.0,False
env_odom_noise,0.04285714285714286,0.013572088082974535,0.021936499593892524,0.12498869207694657,0.6646474634270317,-2.274160871934301,0.8628571428571429,0.9885714285714285,0.21422857142857143,0.587148268520832,0.7333333333333333,24.227272727272727,0.0,30.0,False
env_odom_noise,0.04285714285714286,0.013572088082974535,0.026390158215457878,0.12509147606532162,0.6572366535486918,-2.2166523318933042,0.867231638418079,0.9887005649717514,0.21873220338983046,0.59101416071256,0.7333333333333333,24.681818181818183,0.0,30.0,False
env_odom_noise,0.04285714285714286,0.013572088082974535,0.03174802103936399,0.1247546629983695,0.6516710314815927,-2.1550072119740347,0.8730425055928411,0.9888143176733781,0.22465682326621927,0.611966040233771,0.7333333333333333,25.09090909090909,0.0,30.0,False
env_odom_noise,0.04285714285714286,0.013572088082974535,0.03819366415641666,0.1243116410277678,0.6470111792393836,-2.085892207544968,0.8773584905660378,0.9894561598224195,0.2296146503884573,0.6561275164286295,0.7333333333333333,25.40909090909091,0.0,30.0,False
env_odom_noise,0.04285714285714286,0.013572088082974535,0.04594793419988139,0.12415490028115264,0.6422093828242368,-2.0203939241414473,0.8792535675082327,0.9895718990120747,0.23162546652030735,0.6851857920487722,0.7,25.238095238095237,0.0,30.0,False
env_odom_noise,0.04285714285714286,0.013572088082974535,0.055276515198711025,0.12458457376170594,0.6341985149675078,-1.9430081411938462,0.8804112554112554,0.9902597402597403,0.23347099567099572,0.7108783562978108,0.6666666666666666,25.2,0.0,30.0,False
env_odom_noise,0.04285714285714286,0.013572088082974535,0.06649903169142302,0.1241835419542688,0.6278305124164866,-1.8634550436155441,0.8823529411764706,0.990909090909091,0.23606203208556154,0.7614654272794723,0.6666666666666666,25.75,0.0,30.0,False
env_odom_noise,0.04285714285714286,0.013572088082974535,0.07999999999999999,0.12412369746591242,0.6225267190335644,-1.7843614757887964,0.8866525423728814,0.9909957627118644,0.2404483050847458,0.8185519034663836,0.6666666666666666,26.2,0.0,30.0,False
env_odom_noise,0.04285714285714286,0.016572270086699935,0.005000000000000002,0.12491920022426221,0.6881720237682347,-2.5265137679508984,0.8148584905660378,0.9858490566037735,0.1635075471698113,0.49303101673722266,0.8,24.333333333333332,0.0,30.0,False
env_odom_noise,0.04285714285714286,0.016572270086699935,0.006015125180410587,0.12503029927269563,0.6821719180395528,-2.5111597882034404,0.8237704918032787,0.9877049180327869,0.1742754098360656,0.46834281633297603,0.7666666666666667,23.956521739130434,0.0,30.0,False
env_odom_noise,0.04285714285714286,0.016572270086699935,0.007236346187201891,0.1250303009180575,0.6803682571539094,-2.4853529848954183,0.8358644859813084,0.9883177570093458,0.18698224299065414,0.48530715368688104,0.7666666666666667,24.043478260869566,0.0,30.0,False
env_odom_noise,0.04285714285714286,0.016572270086699935,0.008705505632961245,0.12487574985136027,0.6795771008149634,-2.4575801894210914,0.8444055944055944,0.9895104895104895,0.19671608391608386,0.49879139189918836,0.7333333333333333,23.454545454545453,0.0,30.0,False
env_odom_noise,0.04285714285714286,0.016572270086699935,0.010472941228206266,0.12487575120345797,0.6771761629535832,-2.4232229896175284,0.8534883720930233,0.9895348837209302,0.20582325581395355,0.5199009850621223,0.7333333333333333,23.545454545454547,0.0,30.0,False
env_odom_noise,0.04285714285714286,0.016572270086699935,0.012599210498948734,0.12497006746810481,0.6773631658093614,-2.3875422882256427,0.8621089223638471,0.9907300115874855,0.2156389339513326,0.5374715263644855,0.7333333333333333,23.681818181818183,0.0,30.0,False
env_odom_noise,0.04285714285714286,0.016572270086699935,0.015157165665103976,0.12497006569058623,0.6732069262462476,-2.3421946410186676,0.8754325259515571,0.9919261822376009,0.23015870818915796,0.55775006711483,0.7333333333333333,23.863636363636363,0.0,30.0,False
env_odom_noise,0.04285714285714286,0.016572270086699935,0.018234449771164334,0.12497006649015847,0.6659333387326245,-2.286172691521949,0.8821510297482837,0.9931350114416476,0.23808604118993137,0.5706362669666608,0.7333333333333333,24.181818181818183,0.0,30.0,False
env_odom_noise,0.04285714285714286,0.016572270086699935,0.021936499593892524,0.12532435513549475,0.6616837996744964,-2.2334714434132352,0.8857954545454545,0.9931818181818182,0.24177727272727267,0.5878222937385241,0.7333333333333333,24.454545454545453,0.0,30.0,False
env_odom_noise,0.04285714285714286,0.016572270086699935,0.026390158215457878,0.1252406644503318,0.6544884350347052,-2.1745920831878083,0.890326209223847,0.9932508436445444,0.2463770528683914,0.5994601130485535,0.7333333333333333,24.863636363636363,0.0,30.0,False
env_odom_noise,0.04285714285714286,0.016572270086699935,0.03174802103936399,0.1246890459382348,0.6520245863536437,-2.1173191880455504,0.89453125,0.9938616071428571,0.2511928571428571,0.6309065128366153,0.7333333333333333,25.181818181818183,0.0,30.0,False
env_odom_noise,0.04285714285714286,0.016572270086699935,0.03819366415641666,0.12444753449259055,0.6473612248634217,-2.048752477630225,0.8981173864894795,0.9939091915836102,0.2548265780730897,0.6741066242257754,0.7333333333333333,25.5,0.0,30.0,False
env_odom_noise,0.04285714285714286,0.016572270086699935,0.04594793419988139,0.1243027670689782,0.6396010290913157,-1.977167169345092,0.9010928961748634,0.9939890710382514,0.25788196721311485,0.6924484481414159,0.6666666666666666,24.75,0.0,30.0,False
env_odom_noise,0.04285714285714286,0.016572270086699935,0.055276515198711025,0.12470396520371252,0.6334592509876151,-1.9077663746417284,0.9023732470334412,0.9946062567421791,0.2597795037756203,0.7232084617018699,0.6666666666666666,25.35,0.0,30.0,False
env_odom_noise,0.04285714285714286,0.016572270086699935,0.06649903169142302,0.12432892526212823,0.6281832019026199,-1.8275847097332172,0.9043803418803419,0.9951923076923077,0.2623726495726496,0.7861305644114812,0.6666666666666666,25.8,0.0,30.0,False
env_odom_noise,0.04285714285714286,0.016572270086699935,0.07999999999999999,0.12427101591670647,0.6215506671405644,-1.7475507768121439,0.9082278481012658,0.995253164556962,0.2662810126582278,0.8284551277756691,0.6666666666666666,26.4,0.0,30.0,False
env_odom_noise,0.04285714285714286,0.020235658223516174,0.005000000000000002,0.12503030045435137,0.6824914973919026,-2.4720268774716696,0.8436768149882904,0.9918032786885246,0.19828009367681498,0.4879463771979014,0.7666666666666667,23.956521739130434,0.0,30.0,False
env_odom_noise,0.04285714285714286,0.020235658223516174,0.006015125180410587,0.12503030086840897,0.681502076717599,-2.45130834106677,0.8526315789473684,0.9929824561403509,0.20841403508771927,0.5060633237163226,0.7666666666666667,24.0,0.0,30.0,False
env_odom_noise,0.04285714285714286,0.020235658223516174,0.007236346187201891,0.12480218274539544,0.6807799876755782,-2.4285948830641524,0.8630536130536131,0.9935897435897436,0.21944335664335668,0.5087728609641393,0.7333333333333333,23.454545454545453,0.0,30.0,False
env_odom_noise,0.04285714285714286,0.020235658223516174,0.008705505632961245,0.12480218268001907,0.6774228371709526,-2.399286198377302,0.8734030197444832,0.9941927990708479,0.2303958188153311,0.5191567925115427,0.7333333333333333,23.59090909090909,0.0,30.0,False
env_odom_noise,0.04285714285714286,0.020235658223516174,0.010472941228206266,0.1249700698466277,0.6775832721268727,-2.3671130059255607,0.8800695249130939,0.9947856315179606,0.2376551564310545,0.5389552429318428,0.7333333333333333,23.681818181818183,0.0,30.0,False
env_odom_noise,0.04285714285714286,0.020235658223516174,0.012599210498948734,0.12497006618343756,0.674315745735732,-2.3277666764803957,0.8885681293302541,0.9953810623556582,0.24674919168591225,0.5597427348295848,0.7333333333333333,23.818181818181817,0.0,30.0,False
env_odom_noise,0.04285714285714286,0.020235658223516174,0.015157165665103976,0.12515606304162624,0.6670089113649296,-2.28213043732589,0.8981693363844394,0.9971395881006865,0.2581089244851259,0.556301175057888,0.7333333333333333,24.181818181818183,0.0,30.0,False
env_odom_noise,0.04285714285714286,0.020235658223516174,0.018234449771164334,0.12532435547774054,0.6642125366168796,-2.2311101899519477,0.9060364464692483,0.9977220956719818,0.2665585421412301,0.5817008997003238,0.7333333333333333,24.363636363636363,0.0,30.0,False
env_odom_noise,0.04285714285714286,0.020235658223516174,0.021936499593892524,0.12505771737269644,0.6588805048613796,-2.180683273344428,0.9096045197740112,0.9977401129943503,0.27014463276836154,0.5938889592885971,0.7333333333333333,24.681818181818183,0.0,30.0,False
env_odom_noise,0.04285714285714286,0.020235658223516174,0.026390158215457878,0.12494086633999048,0.6540807753686481,-2.122255879079635,0.9131165919282511,0.9977578475336323,0.2736744394618834,0.622055184841156,0.7333333333333333,25.0,0.0,30.0,False
env_odom_noise,0.04285714285714286,0.020235658223516174,0.03174802103936399,0.12467508775930221,0.6503214236325623,-2.0627427691425453,0.9171301446051168,0.9983314794215795,0.2782616240266963,0.6514023388425509,0.7333333333333333,25.318181818181817,0.0,30.0,False
env_odom_noise,0.04285714285714286,0.020235658223516174,0.03819366415641666,0.12444753569653795,0.646569317557443,-1.9960926371349565,0.9198008849557522,0.9983407079646017,0.2809415929203539,0.6983176708221436,0.7,24.904761904761905,0.0,30.0,False
env_odom_noise,0.04285714285714286,0.020235658223516174,0.04594793419988139,0.12437544206706637,0.6378553674635036,-1.9264797356285894,0.9226579520697168,0.9983660130718954,0.28382396514161223,0.7103718027472496,0.6666666666666666,24.9,0.0,30.0,False
env_odom_noise,0.04285714285714286,0.020235658223516174,0.055276515198711025,0.1247039639265807,0.6307546710783828,-1.8536644628973076,0.9237379162191193,0.9989258861439313,0.2854638023630506,0.7404560834169388,0.6666666666666666,25.55,0.0,30.0,False
env_odom_noise,0.04285714285714286,0.020235658223516174,0.06649903169142302,0.12433126536350866,0.6244943189937158,-1.7752494547906155,0.9262208067940552,0.9994692144373672,0.2884900212314224,0.7917574519912401,0.6666666666666666,26.1,0.0,30.0,False
env_odom_noise,0.04285714285714286,0.020235658223516174,0.07999999999999999,0.1246950674317836,0.6209476334583232,-1.6976122937196665,0.9284210526315789,0.9994736842105263,0.29069473684210523,0.8534522950649261,0.6666666666666666,26.5,0.0,30.0,False
env_odom_noise,0.04285714285714286,0.024708857724180293,0.005000000000000002,0.12480218549029519,0.6818766261807346,-2.401948130791857,0.8768961493582264,0.9929988331388565,0.23269498249708287,0.5137722020347913,0.7333333333333333,23.40909090909091,0.0,30.0,False
env_odom_noise,0.04285714285714286,0.024708857724180293,0.006015125180410587,0.12480218632005019,0.6796849729301674,-2.381165670382727,0.8830034924330618,0.9935972060535506,0.23940069848661238,0.5239269450306893,0.7333333333333333,23.5,0.0,30.0,False
env_odom_noise,0.04285714285714286,0.024708857724180293,0.007236346187201891,0.12480218579379104,0.678874750894417,-2.356077546440426,0.8901162790697674,0.9947674418604651,0.2476837209302325,0.5434711190561453,0.7333333333333333,23.545454545454547,0.0,30.0,False
env_odom_noise,0.04285714285714286,0.024708857724180293,0.008705505632961245,0.1249700670500914,0.6764531415841784,-2.3290586938039435,0.9004629629629629,0.9947916666666666,0.25805462962962955,0.5452614158391953,0.7333333333333333,23.727272727272727,0.0,30.0,False
env_odom_noise,0.04285714285714286,0.024708857724180293,0.010472941228206266,0.12515606286394462,0.6723730881725755,-2.295209248123677,0.9079401611047181,0.9948216340621404,0.2655617951668585,0.5469391435384751,0.7333333333333333,23.954545454545453,0.0,30.0,False
env_odom_noise,0.04285714285714286,0.024708857724180293,0.012599210498948734,0.12515606269232507,0.6685396371102381,-2.255669753048781,0.9163802978235968,0.9965635738831615,0.2757438717067583,0.5622482073803743,0.7333333333333333,24.136363636363637,0.0,30.0,False
env_odom_noise,0.04285714285714286,0.024708857724180293,0.015157165665103976,0.12510617418667608,0.6655690315693269,-2.213044063385391,0.9225512528473804,0.9977220956719818,0.28307334851936217,0.5757310052712759,0.7333333333333333,24.363636363636363,0.0,30.0,False
env_odom_noise,0.04285714285714286,0.024708857724180293,0.018234449771164334,0.12510617487355324,0.6621198920018769,-2.165772476026525,0.9290578887627696,0.9977298524404086,0.2895877412031782,0.6053122808535893,0.7333333333333333,24.5,0.0,30.0,False
env_odom_noise,0.04285714285714286,0.024708857724180293,0.021936499593892524,0.1250577164326471,0.658293467630407,-2.1128572160286723,0.9322799097065463,0.9977426636568849,0.2928225733634312,0.6314493040243785,0.7333333333333333,24.727272727272727,0.0,30.0,False
env_odom_noise,0.04285714285714286,0.024708857724180293,0.026390158215457878,0.12492623457348029,0.653483293081701,-2.057992450758721,0.9351230425055929,0.9977628635346756,0.29568590604026845,0.6512256930271785,0.7333333333333333,25.09090909090909,0.0,30.0,False
env_odom_noise,0.04285714285714286,0.024708857724180293,0.03174802103936399,0.1246750889414555,0.6497760870484853,-1.9978443607030234,0.9388888888888889,0.9983333333333333,0.3000222222222222,0.6813891018430392,0.7,24.714285714285715,0.0,30.0,False
env_odom_noise,0.04285714285714286,0.024708857724180293,0.03819366415641666,0.12444753372464716,0.6420096179380007,-1.9287093413225151,0.9411441144114412,0.9983498349834984,0.3022939493949396,0.7144233524799347,0.7,25.142857142857142,0.0,30.0,False
env_odom_noise,0.04285714285714286,0.024708857724180293,0.04594793419988139,0.12454934621160403,0.6362933151349259,-1.865804580969141,0.9424538545059717,0.998371335504886,0.30362519001085775,0.7334689463178317,0.6666666666666666,25.05,0.0,30.0,False
env_odom_noise,0.04285714285714286,0.024708857724180293,0.055276515198711025,0.12470543716328583,0.6300549433595783,-1.7936116468528889,0.9437299035369775,0.9989281886387996,0.30545809217577713,0.7705851723750432,0.6666666666666666,25.65,0.0,30.0,False
env_odom_noise,0.04285714285714286,0.024708857724180293,0.06649903169142302,0.12475715222852832,0.623927454832636,-1.7168126067735114,0.9459745762711864,0.9994703389830508,0.30824491525423725,0.8182513187328975,0.6666666666666666,26.2,0.0,30.0,False
env_odom_noise,0.04285714285714286,0.024708857724180293,0.07999999999999999,0.12449881480682679,0.6173867831917368,-1.641838764737133,0.9482217573221757,0.9994769874476988,0.3104987447698745,0.8581820656855901,0.6666666666666666,26.8,0.0,30.0,False
env_odom_noise,0.04285714285714286,0.030170881682725817,0.005000000000000002,0.12498950908432348,0.6791475527636837,-2.317364138863493,0.9012775842044135,0.9941927990708479,0.2582703832752614,0.5433917239308357,0.7333333333333333,23.59090909090909,0.0,30.0,False
env_odom_noise,0.04285714285714286,0.030170881682725817,0.006015125180410587,0.12498950946003663,0.6770979435536336,-2.296468422715023,0.9090382387022016,0.9942062572421785,0.26604449594438007,0.5525350456436475,0.7333333333333333,23.681818181818183,0.0,30.0,False
env_odom_noise,0.04285714285714286,0.030170881682725817,0.007236346187201891,0.12515606272200816,0.6747197914808869,-2.274014037566389,0.9175317185697809,0.9948096885813149,0.2751414071510958,0.5500917787353198,0.7333333333333333,23.863636363636363,0.0,30.0,False
env_odom_noise,0.04285714285714286,0.030170881682725817,0.008705505632961245,0.12493775872760547,0.6727438615778557,-2.246787510791008,0.924712643678161,0.9948275862068966,0.2823402298850576,0.5600368191798528,0.7333333333333333,24.0,0.0,30.0,False
env_odom_noise,0.04285714285714286,0.030170881682725817,0.010472941228206266,0.12493776003910965,0.6699305860735378,-2.212388262330738,0.9306987399770905,0.995418098510882,0.28891683848797256,0.5758690372109413,0.7333333333333333,24.136363636363637,0.0,30.0,False
env_odom_noise,0.04285714285714286,0.030170881682725817,0.012599210498948734,0.12493775872443569,0.6667594713837015,-2.1745765390871905,0.9389269406392694,0.9965753424657534,0.2983022831050228,0.5953400909900666,0.7333333333333333,24.272727272727273,0.0,30.0,False
env_odom_noise,0.04285714285714286,0.030170881682725817,0.015157165665103976,0.12510617505433222,0.6623961239467308,-2.1328304799162234,0.9438138479001135,0.9977298524404086,0.30434370034052205,0.6075330749154091,0.7333333333333333,24.5,0.0,30.0,False
env_odom_noise,0.04285714285714286,0.030170881682725817,0.018234449771164334,0.12505771554264195,0.66263856381807,-2.0877136254334108,0.9478458049886621,0.9977324263038548,0.30837823129251696,0.6490504910548528,0.7333333333333333,24.545454545454547,0.0,30.0,False
env_odom_noise,0.04285714285714286,0.030170881682725817,0.021936499593892524,0.12495980783559746,0.6557847439412933,-2.0364639336889296,0.9500561167227833,0.9977553310886644,0.3106114478114478,0.6466322089234988,0.7,24.285714285714285,0.0,30.0,False
env_odom_noise,0.04285714285714286,0.030170881682725817,0.026390158215457878,0.12467508834964049,0.653008409694809,-1.9843570908579296,0.9531772575250836,0.9983277591973244,0.31430501672240807,0.6753523930907249,0.7,24.571428571428573,0.0,30.0,False
env_odom_noise,0.04285714285714286,0.030170881682725817,0.03174802103936399,0.12467508954367279,0.6468398417989037,-1.9223234588987081,0.9573643410852714,0.9983388704318937,0.3185032115171651,0.7125055914123853,0.7,24.857142857142858,0.0,30.0,False
env_odom_noise,0.04285714285714286,0.030170881682725817,0.03819366415641666,0.124493656345145,0.6402614873857393,-1.8595070178671573,0.9572836801752465,0.9983570646221248,0.3184407447973713,0.7313458442687988,0.6666666666666666,24.65,0.0,30.0,False
env_odom_noise,0.04285714285714286,0.030170881682725817,0.04594793419988139,0.12455119245537605,0.633222013303633,-1.7943539191782765,0.958963282937365,0.9983801295896328,0.32014341252699785,0.7513344019651413,0.6666666666666666,25.3,0.0,30.0,False
env_odom_noise,0.04285714285714286,0.030170881682725817,0.055276515198711025,0.12513243990537046,0.6261003438651376,-1.7202465640819453,0.9605963791267306,0.9989350372736954,0.32233141640042595,0.7858504046996434,0.6666666666666666,25.95,0.0,30.0,False
env_odom_noise,0.04285714285714286,0.030170881682725817,0.06649903169142302,0.12480671267089107,0.6208114451205254,-1.6501249588292244,0.9620653319283456,0.9994731296101159,0.3243384615384616,0.8354990710814794,0.6666666666666666,26.45,0.0,30.0,False
env_odom_noise,0.04285714285714286,0.030170881682725817,0.07999999999999999,0.12441139400383543,0.6160362772444933,-1.5771584429665215,0.9645464025026069,0.9994786235662148,0.3268250260688217,0.8773554558555285,0.6,25.61111111111111,0.0,30.0,False
env_odom_noise,0.04285714285714286,0.03684031498640387,0.005000000000000002,0.12477054371488099,0.6755357544752906,-2.2226861002353457,0.9255196304849884,0.9942263279445728,0.2825459584295612,0.5748353131115437,0.7333333333333333,23.818181818181817,0.0,30.0,False
env_odom_noise,0.04285714285714286,0.03684031498640387,0.006015125180410587,0.12493775843992755,0.6734026376874579,-2.203025689292932,0.9321839080459771,0.9948275862068966,0.28981149425287367,0.5697697947422663,0.7333333333333333,24.0,0.0,30.0,False
env_odom_noise,0.04285714285714286,0.03684031498640387,0.007236346187201891,0.12493775976377375,0.6709978576290228,-2.1799436558315324,0.9375,0.9948394495412844,0.29513944954128446,0.5804195577899615,0.7333333333333333,24.09090909090909,0.0,30.0,False
env_odom_noise,0.04285714285714286,0.03684031498640387,0.008705505632961245,0.12493776063816264,0.6703860496235641,-2.150804372756816,0.9438717067583047,0.9948453608247423,0.30151706758304697,0.6040155261754989,0.7333333333333333,24.136363636363637,0.0,30.0,False
env_odom_noise,0.04285714285714286,0.03684031498640387,0.010472941228206266,0.1251061747761982,0.6671096251702493,-2.119706623767854,0.9475484606613455,0.9965792474344356,0.30692770809578107,0.6108505333463351,0.7333333333333333,24.318181818181817,0.0,30.0,False
env_odom_noise,0.04285714285714286,0.03684031498640387,0.012599210498948734,0.12509103226863438,0.6639176996873498,-2.0849624305858176,0.9534619750283768,0.996594778660613,0.3128567536889898,0.6228119095166524,0.7333333333333333,24.5,0.0,30.0,False
env_odom_noise,0.04285714285714286,0.03684031498640387,0.015157165665103976,0.12509103260217175,0.662989474752503,-2.0434535641312346,0.9591836734693877,0.9977324263038548,0.31971609977324256,0.6528305133183797,0.7,23.857142857142858,0.0,30.0,False
env_odom_noise,0.04285714285714286,0.03684031498640387,0.018234449771164334,0.1249598063364532,0.6571238799700405,-1.9998070574659785,0.9606741573033708,0.9977528089887641,0.3212269662921349,0.6543731793761254,0.7,24.238095238095237,0.0,30.0,False
env_odom_noise,0.04285714285714286,0.03684031498640387,0.021936499593892524,0.12492623439660971,0.6530850384197963,-1.950568553787778,0.9636871508379888,0.9983240223463687,0.3248111731843576,0.681358377635479,0.7,24.476190476190474,0.0,30.0,False
env_odom_noise,0.04285714285714286,0.03684031498640387,0.026390158215457878,0.12467508769522971,0.6479747615859683,-1.8996720613431792,0.9667405764966741,0.9983370288248337,0.3278776053215078,0.6994354074199994,0.7,24.80952380952381,0.0,30.0,False
env_odom_noise,0.04285714285714286,0.03684031498640387,0.03174802103936399,0.1244496507404146,0.6414404889332257,-1.8394629546697632,0.968715697036224,0.9983534577387486,0.3298691547749726,0.7213291828831037,0.7,25.238095238095237,0.0,30.0,False
env_odom_noise,0.04285714285714286,0.03684031498640387,0.03819366415641666,0.12456804629608384,0.6370793104012265,-1.7804662125559814,0.9689880304678999,0.9983677910772579,0.3301558215451579,0.7483636642495791,0.6666666666666666,24.95,0.0,30.0,False
env_odom_noise,0.04285714285714286,0.03684031498640387,0.04594793419988139,0.1249815702845901,0.6292228846834884,-1.7114504612538046,0.971030042918455,0.9989270386266095,0.33275708154506445,0.774107210834821,0.6666666666666666,25.6,0.0,30.0,False
env_odom_noise,0.04285714285714286,0.03684031498640387,0.055276515198711025,0.1251813566680609,0.6241056003108073,-1.6422370200193293,0.971898197242842,0.9994697773064687,0.3341679745493107,0.8191744233171145,0.6666666666666666,26.15,0.0,30.0,False
env_odom_noise,0.04285714285714286,0.03684031498640387,0.06649903169142302,0.12471027187421353,0.6199264373648214,-1.573045149454096,0.9737394957983193,0.9994747899159664,0.3360142857142857,0.8759517922997475,0.6666666666666666,26.6,0.0,30.0,False
env_odom_noise,0.04285714285714286,0.03684031498640387,0.07999999999999999,0.12452984801950626,0.6158025520504535,-1.5032280988033664,0.9755463059313215,0.9994797086368367,0.3378260145681582,0.9188810040553411,0.6,25.72222222222222,0.0,30.0,False
env_odom_noise,0.04285714285714286,0.04498406187030712,0.005000000000000002,0.12481067674156748,0.6714385446484857,-2.1191889677786833,0.9455899198167239,0.995418098510882,0.30380801832760596,0.5997234006722768,0.7333333333333333,24.136363636363637,0.0,30.0,False
env_odom_noise,0.04285714285714286,0.04498406187030712,0.006015125180410587,0.12479625298074344,0.670253771936095,-2.100624020530765,0.9491428571428572,0.9954285714285714,0.30737142857142863,0.6064067348837853,0.7333333333333333,24.227272727272727,0.0,30.0,False
env_odom_noise,0.04285714285714286,0.04498406187030712,0.007236346187201891,0.12479625317888351,0.668554089014567,-2.0759914685292538,0.9538198403648803,0.9954389965792474,0.3120588369441277,0.6197035208344459,0.7333333333333333,24.318181818181817,0.0,30.0,False
env_odom_noise,0.04285714285714286,0.04498406187030712,0.008705505632961245,0.12496419312932538,0.6676460560154178,-2.04976111476741,0.9573378839590444,0.9965870307167235,0.3167249146757679,0.6279963836073875,0.7,23.714285714285715,0.0,30.0,False
env_odom_noise,0.04285714285714286,0.04498406187030712,0.010472941228206266,0.12496419442209523,0.6633788238894077,-2.0198451732496796,0.9631936579841449,0.9971687429218573,0.32316240090600223,0.6352518205841382,0.7,23.904761904761905,0.0,30.0,False
env_odom_noise,0.04285714285714286,0.04498406187030712,0.012599210498948734,0.12488146041832336,0.6616107947819748,-1.9846784983960968,0.9655756207674944,0.9983069977426636,0.326682618510158,0.6551469633976619,0.7,24.047619047619047,0.0,30.0,False
env_odom_noise,0.04285714285714286,0.04498406187030712,0.015157165665103976,0.12483510025212965,0.6595688187497234,-1.9487304730977777,0.9702247191011236,0.998314606741573,0.33133932584269665,0.6689143722256025,0.7,24.238095238095237,0.0,30.0,False
env_odom_noise,0.04285714285714286,0.04498406187030712,0.018234449771164334,0.12483510081126356,0.6511571931519988,-1.9056947060500213,0.97271714922049,0.9988864142538976,0.3344035634743876,0.6676067863901456,0.7,24.61904761904762,0.0,30.0,False
env_odom_noise,0.04285714285714286,0.04498406187030712,0.021936499593892524,0.12480199084593036,0.6481182001710063,-1.858047072115989,0.9750554323725056,0.9988913525498891,0.33674678492239474,0.7008223156134288,0.7,24.80952380952381,0.0,30.0,False
env_odom_noise,0.04285714285714286,0.04498406187030712,0.026390158215457878,0.12455264062435127,0.6446226440136016,-1.8059901211323657,0.9774229074889867,0.998898678414097,0.3391215859030837,0.7288548911611239,0.7,25.095238095238095,0.0,30.0,False
env_odom_noise,0.04285714285714286,0.04498406187030712,0.03174802103936399,0.12483425663260377,0.639125580215895,-1.7510139296144622,0.9770992366412213,0.9989094874591058,0.33880872410032714,0.7400531823436419,0.6666666666666666,24.85,0.0,30.0,False
env_odom_noise,0.04285714285714286,0.04498406187030712,0.03819366415641666,0.1250999903056993,0.6335037424016656,-1.6929806958094333,0.9789644012944984,0.9989212513484358,0.34068565264293416,0.7648384526371956,0.6666666666666666,25.35,0.0,30.0,False
env_odom_noise,0.04285714285714286,0.04498406187030712,0.04594793419988139,0.12508627934254626,0.6278778572366641,-1.629698571598089,0.9797441364605544,0.9994669509594882,0.3420110874200426,0.8019448041915893,0.6666666666666666,25.9,0.0,30.0,False
env_odom_noise,0.04285714285714286,0.04498406187030712,0.055276515198711025,0.12494273896920188,0.6229973279023205,-1.562171446821037,0.9804646251319957,1.0,0.34326462513199574,0.856403864423434,0.6666666666666666,26.35,0.0,30.0,False
env_odom_noise,0.04285714285714286,0.04498406187030712,0.06649903169142302,0.1247090518072116,0.6176439343463658,-1.4914748818464103,0.9832810867293625,1.0,0.34608108672936255,0.9049330388506254,0.6333333333333333,26.210526315789473,0.0,30.0,False
env_odom_noise,0.04285714285714286,0.04498406187030712,0.07999999999999999,0.1241196547295671,0.6133706112506255,-1.4266312372914514,0.9839876033057852,1.0,0.3467876033057852,0.9381445864836375,0.6,26.11111111111111,0.0,30.0,False
env_odom_noise,0.04285714285714286,0.054928027165305905,0.005000000000000002,0.12496508800699646,0.668083995722275,-2.0049700121739797,0.959659090909091,0.9954545454545455,0.31791363636363645,0.6308980077505112,0.7,23.761904761904763,0.0,30.0,False
env_odom_noise,0.04285714285714286,0.054928027165305905,0.006015125180410587,0.12496508884855859,0.6644546245150219,-1.9876797694172557,0.9614949037372593,0.9960362400906002,0.32033114382785954,0.6300508414705595,0.7,23.904761904761905,0.0,30.0,False
env_odom_noise,0.04285714285714286,0.054928027165305905,0.007236346187201891,0.12496508855087535,0.6635437128648902,-1.9654529966489702,0.9660633484162896,0.996606334841629,0.3254696832579186,0.6469885632395744,0.7,23.952380952380953,0.0,30.0,False
env_odom_noise,0.04285714285714286,0.054928027165305905,0.008705505632961245,0.12488255351607573,0.6620017533605438,-1.939504997385913,0.9689966178128523,0.9971815107102593,0.3289781285231116,0.659225861231486,0.7,24.095238095238095,0.0,30.0,False
env_odom_noise,0.04285714285714286,0.054928027165305905,0.010472941228206266,0.12483510196831299,0.6609353744665156,-1.9116821846461693,0.9724409448818898,0.9971878515185602,0.33242879640045,0.6754709586501122,0.7,24.19047619047619,0.0,30.0,False
env_odom_noise,0.04285714285714286,0.054928027165305905,0.012599210498948734,0.12483510369348164,0.6554687122066726,-1.8800990759799283,0.9759507829977628,0.9983221476510067,0.33707293064876953,0.6782176494598389,0.7,24.428571428571427,0.0,30.0,False
env_odom_noise,0.04285714285714286,0.054928027165305905,0.015157165665103976,0.12483509919877353,0.6515407270538054,-1.841019924890412,0.9788418708240535,0.9988864142538976,0.3405282850779511,0.6974517891804377,0.7,24.61904761904762,0.0,30.0,False
env_odom_noise,0.04285714285714286,0.054928027165305905,0.018234449771164334,0.12524002519871974,0.6486927884733673,-1.8013203431442373,0.9800664451827242,0.9988925802879292,0.3417590254706534,0.714519560833772,0.7,24.857142857142858,0.0,30.0,False
env_odom_noise,0.04285714285714286,0.054928027165305905,0.021936499593892524,0.12528997303730846,0.6441437880185203,-1.7548731477351165,0.9812981298129813,0.9988998899889989,0.3429980198019802,0.7342112228274346,0.7,25.142857142857142,0.0,30.0,False
env_odom_noise,0.04285714285714286,0.054928027165305905,0.026390158215457878,0.1250394811922573,0.6394970821883852,-1.7054451784448024,0.982532751091703,0.9989082969432315,0.3442410480349345,0.7494347542524338,0.6666666666666666,24.8,0.0,30.0,False
env_odom_noise,0.04285714285714286,0.054928027165305905,0.03174802103936399,0.12477266446762683,0.6377906439205873,-1.6553867053010967,0.9837133550488599,0.998914223669924,0.34542757871878393,0.7900157913565635,0.6666666666666666,25.05,0.0,30.0,False
env_odom_noise,0.04285714285714286,0.054928027165305905,0.03819366415641666,0.12521961038568064,0.6316112463311927,-1.5966417608093408,0.9860365198711063,0.9989258861439313,0.3477624060150376,0.8145313854018847,0.6666666666666666,25.55,0.0,30.0,False
env_odom_noise,0.04285714285714286,0.054928027165305905,0.04594793419988139,0.1252048167103872,0.625370315287865,-1.5352991948929307,0.9856839872746553,0.9994697773064687,0.34795376458112404,0.8463817983865738,0.6666666666666666,26.15,0.0,30.0,False
env_odom_noise,0.04285714285714286,0.054928027165305905,0.055276515198711025,0.12480504737804791,0.6177136361432076,-1.4700543642036872,0.9874476987447699,1.0,0.3502476987447699,0.8787277842561404,0.6666666666666666,26.8,0.0,30.0,False
env_odom_noise,0.04285714285714286,0.054928027165305905,0.06649903169142302,0.12449857255266147,0.6143784134246181,-1.4059598172712142,0.9890965732087228,1.0,0.3518965732087228,0.9362969944874445,0.6333333333333333,26.526315789473685,0.0,30.0,False
env_odom_noise,0.04285714285714286,0.054928027165305905,0.07999999999999999,0.12430745732255792,0.6105568180477364,-1.3400342980592588,0.9897225077081192,1.0,0.3525225077081192,0.9774852901697159,0.6,26.38888888888889,0.0,30.0,False
env_odom_noise,0.04285714285714286,0.06707015869245214,0.005000000000000002,0.12532250214350518,0.6611977798418294,-1.8830011645571265,0.967941507311586,0.9966254218222722,0.32736692913385823,0.6674423689643542,0.7,24.19047619047619,0.0,30.0,False
env_odom_noise,0.04285714285714286,0.06707015869245214,0.006015125180410587,0.12532250531548253,0.6604375392068157,-1.8642165445801078,0.9730337078651685,0.996629213483146,0.33246292134831457,0.6827996840079625,0.7,24.238095238095237,0.0,30.0,False
env_odom_noise,0.04285714285714286,0.06707015869245214,0.007236346187201891,0.12532409298106043,0.6592069556329039,-1.8448176445206248,0.9742441209406495,0.9977603583426652,0.3348044792833147,0.6853747278451919,0.7,24.38095238095238,0.0,30.0,False
env_odom_noise,0.04285714285714286,0.06707015869245214,0.008705505632961245,0.1253240944742116,0.6570606823848878,-1.821651945157591,0.9770949720670391,0.9977653631284916,0.33766033519553074,0.6971839343508085,0.7,24.476190476190474,0.0,30.0,False
env_odom_noise,0.04285714285714286,0.06707015869245214,0.010472941228206266,0.12532409359117333,0.6528905644110736,-1.7941405572473375,0.9783092324805339,0.9988876529477196,0.33999688542825357,0.7022909596562386,0.7,24.666666666666668,0.0,30.0,False
env_odom_noise,0.04285714285714286,0.06707015869245214,0.012599210498948734,0.12532409267100897,0.6491692553878191,-1.762895658556637,0.9828349944629015,0.9988925802879292,0.3445275747508306,0.7137492194771766,0.7,24.857142857142858,0.0,30.0,False
env_odom_noise,0.04285714285714286,0.06707015869245214,0.015157165665103976,0.12532409480801476,0.6482346602240773,-1.7279940440850363,0.9845132743362832,0.9988938053097345,0.3462070796460177,0.7465374300877253,0.7,24.904761904761905,0.0,30.0,False
env_odom_noise,0.04285714285714286,0.06707015869245214,0.018234449771164334,0.12541113448480132,0.6437200485108368,-1.689203055905681,0.9862788144895719,0.9989023051591658,0.3479811196487377,0.75362495581309,0.7,25.238095238095237,0.0,30.0,False
env_odom_noise,0.04285714285714286,0.06707015869245214,0.021936499593892524,0.1251606685385002,0.6407894963872103,-1.6478712408582035,0.9868995633187773,0.9989082969432315,0.34860786026200874,0.769890237847964,0.6666666666666666,24.8,0.0,30.0,False
env_odom_noise,0.04285714285714286,0.06707015869245214,0.026390158215457878,0.1250056700807625,0.6362040221276813,-1.601362004554731,0.9875406283856988,0.9989165763813651,0.3492572047670639,0.7906352644165356,0.6666666666666666,25.15,0.0,30.0,False
env_odom_noise,0.04285714285714286,0.06707015869245214,0.03174802103936399,0.12521961231728698,0.6320299325521681,-1.549882537392831,0.9887218045112782,0.9989258861439313,0.35044769065520953,0.8170918653408686,0.6666666666666666,25.55,0.0,30.0,False
env_odom_noise,0.04285714285714286,0.06707015869245214,0.03819366415641666,0.12521961206524726,0.628133611432104,-1.4907847523267217,0.9898504273504274,0.999465811965812,0.35211623931623937,0.8731311549743016,0.6666666666666666,25.8,0.0,30.0,False
env_odom_noise,0.04285714285714286,0.06707015869245214,0.04594793419988139,0.12520482006145214,0.6209397682809622,-1.433418975353842,0.9899894625922023,0.9994731296101159,0.35226259220231826,0.8977174068490664,0.6666666666666666,26.45,0.0,30.0,False
env_odom_noise,0.04285714285714286,0.06707015869245214,0.055276515198711025,0.12480504677198742,0.6164801588511974,-1.3725698014777563,0.9911273486430062,1.0,0.35392734864300623,0.9446744243303935,0.6333333333333333,26.263157894736842,0.0,30.0,False
env_odom_noise,0.04285714285714286,0.06707015869245214,0.06649903169142302,0.12462175269193015,0.6142657232787408,-1.3144954669576965,0.9927611168562565,1.0,0.35556111685625647,0.9876283556222916,0.6,26.055555555555557,0.0,30.0,False
env_odom_noise,0.04285714285714286,0.06707015869245214,0.07999999999999999,0.12440398049646192,0.6093275211618203,-1.2474796434688344,0.9933469805527124,1.0,0.35614698055271243,1.03838303287824,0.6,26.61111111111111,0.0,30.0,False
env_odom_noise,0.04285714285714286,0.08189637274779156,0.005000000000000002,0.12537881836401812,0.6578373484409543,-1.7536747668065986,0.9816258351893096,0.9977728285077951,0.3421986636971047,0.7167120898763338,0.7,24.61904761904762,0.0,30.0,False
env_odom_noise,0.04285714285714286,0.08189637274779156,0.006015125180410587,0.12537881920375432,0.6545323005749538,-1.7383481252216268,0.9822419533851277,0.9977802441731409,0.3428221975582686,0.7149148195981979,0.7,24.761904761904763,0.0,30.0,False
env_odom_noise,0.04285714285714286,0.08189637274779156,0.007236346187201891,0.1253788192581387,0.6515222813534618,-1.7188026308744748,0.9845132743362832,0.9977876106194691,0.3451008849557523,0.7178671767314275,0.7,24.904761904761905,0.0,30.0,False
env_odom_noise,0.04285714285714286,0.08189637274779156,0.008705505632961245,0.12537881872134776,0.6506711362068204,-1.696339309826239,0.9867403314917127,0.9988950276243094,0.3484353591160221,0.7367612878481548,0.7,24.952380952380953,0.0,30.0,False
env_odom_noise,0.04285714285714286,0.08189637274779156,0.010472941228206266,0.12537881930132094,0.647203173018971,-1.6700729914758288,0.9895489548954896,0.9988998899889989,0.3512488448844885,0.7430251250664394,0.7,25.142857142857142,0.0,30.0,False
env_odom_noise,0.04285714285714286,0.08189637274779156,0.012599210498948734,0.12537881932105463,0.6462480385889517,-1.6410802317365216,0.9906593406593407,0.9989010989010989,0.3523604395604396,0.7698123931884766,0.7,25.19047619047619,0.0,30.0,False
env_odom_noise,0.04285714285714286,0.08189637274779156,0.015157165665103976,0.1253448110552534,0.643406027025032,-1.6085007904464752,0.9907002188183808,0.9989059080962801,0.3524061269146609,0.7813788632551829,0.6666666666666666,24.7,0.0,30.0,False
env_odom_noise,0.04285714285714286,0.08189637274779156,0.018234449771164334,0.12541501635995833,0.6383944584934755,-1.5729083943945157,0.9918478260869565,0.9989130434782608,0.3535608695652174,0.7901287208000819,0.6666666666666666,25.0,0.0,30.0,False
env_odom_noise,0.04285714285714286,0.08189637274779156,0.021936499593892524,0.12516630222930722,0.636628635121946,-1.534159943013056,0.9918831168831169,0.9989177489177489,0.3536008658008658,0.817742591102918,0.6666666666666666,25.2,0.0,30.0,False
env_odom_noise,0.04285714285714286,0.08189637274779156,0.026390158215457878,0.12500171058189763,0.6334136114783024,-1.4892956659034955,0.9930182599355531,0.9989258861439313,0.35474414607948446,0.8414491221308709,0.6666666666666666,25.55,0.0,30.0,False
env_odom_noise,0.04285714285714286,0.08189637274779156,0.03174802103936399,0.1251552658080004,0.6293782685253715,-1.4383006389875121,0.9941302027748132,0.9994663820704376,0.35639658484525083,0.879579242070516,0.6666666666666666,25.85,0.0,30.0,False
env_odom_noise,0.04285714285714286,0.08189637274779156,0.03819366415641666,0.12533005027376293,0.6192570220948463,-1.3880489464042947,0.9947589098532494,0.999475890985325,0.3570348008385744,0.8704092085361481,0.6666666666666666,26.7,0.0,30.0,False
env_odom_noise,0.04285714285714286,0.08189637274779156,0.04594793419988139,0.12518670978969798,0.6178660764015556,-1.3321609123882079,0.9953076120959332,1.0,0.3581076120959332,0.9354232708613078,0.6666666666666666,26.95,0.0,30.0,False
env_odom_noise,0.04285714285714286,0.08189637274779156,0.055276515198711025,0.12487991201382878,0.61484508630067,-1.2751669129396876,0.9958592132505176,1.0,0.35865921325051764,0.9893680443366368,0.6333333333333333,26.68421052631579,0.0,30.0,False
env_odom_noise,0.04285714285714286,0.08189637274779156,0.06649903169142302,0.12431960228050805,0.6127090193329491,-1.220082623020596,0.997948717948718,1.0,0.360748717948718,1.028538424273332,0.6,26.5,0.0,30.0,False
env_odom_noise,0.04285714285714286,0.08189637274779156,0.07999999999999999,0.12424251636899718,0.6083433011674818,-1.1542055579451231,0.9979674796747967,1.0,0.3607674796747967,1.084862764676412,0.6,27.0,0.0,30.0,False
env_odom_noise,0.04285714285714286,0.10000000000000002,0.005000000000000002,0.1252973323780245,0.6496815538911243,-1.6155965176797247,0.98568281938326,0.9983480176211453,0.3468308370044053,0.773330743610859,0.7,25.095238095238095,0.0,30.0,False
env_odom_noise,0.04285714285714286,0.10000000000000002,0.006015125180410587,0.12529733078710314,0.6480091755024641,-1.5998869096179638,0.9868131868131869,0.9989010989010989,0.3485142857142858,0.7808840453624726,0.7,25.19047619047619,0.0,30.0,False
env_odom_noise,0.04285714285714286,0.10000000000000002,0.007236346187201891,0.12529733141360708,0.6468942436462457,-1.5821326427662132,0.9884742041712404,0.9989023051591658,0.3501765093304062,0.7944532533486685,0.7,25.238095238095237,0.0,30.0,False
env_odom_noise,0.04285714285714286,0.10000000000000002,0.008705505632961245,0.12529733334147486,0.643701513427264,-1.5619445741888898,0.9896061269146609,0.9989059080962801,0.351312035010941,0.799936476846536,0.7,25.38095238095238,0.0,30.0,False
env_odom_noise,0.04285714285714286,0.10000000000000002,0.010472941228206266,0.12533382854340508,0.6407596479596529,-1.5409196654972632,0.9907508161044614,0.998911860718172,0.3524626768226333,0.7923050671815872,0.6666666666666666,24.95,0.0,30.0,False
env_odom_noise,0.04285714285714286,0.10000000000000002,0.012599210498948734,0.12533382976881077,0.637928153326028,-1.51299146622893,0.9918655097613883,0.9989154013015185,0.3535809110629068,0.8081996267040571,0.6666666666666666,25.1,0.0,30.0,False
env_odom_noise,0.04285714285714286,0.10000000000000002,0.015157165665103976,0.12552629795509998,0.6372092152746972,-1.4827764095545375,0.9924242424242424,0.9989177489177489,0.3541419913419913,0.8352538903554281,0.6666666666666666,25.2,0.0,30.0,False
env_odom_noise,0.04285714285714286,0.10000000000000002,0.018234449771164334,0.1254483867889251,0.6359943162690935,-1.4500909449996424,0.9924650161463939,0.9989235737351991,0.3541885898815931,0.8503867422540983,0.6666666666666666,25.45,0.0,30.0,False
env_odom_noise,0.04285714285714286,0.10000000000000002,0.021936499593892524,0.12511362088116762,0.6321709180218182,-1.4123187260650742,0.9935828877005347,0.9989304812834224,0.35531336898395716,0.8698289891084036,0.6666666666666666,25.75,0.0,30.0,False
env_odom_noise,0.04285714285714286,0.10000000000000002,0.026390158215457878,0.12526620429568708,0.6267370396207651,-1.372044906709088,0.9941613588110403,0.9994692144373672,0.35643057324840755,0.8879227504134178,0.6666666666666666,26.1,0.0,30.0,False
env_odom_noise,0.04285714285714286,0.10000000000000002,0.03174802103936399,0.12526620196452476,0.6223852288072492,-1.3222548186988574,0.995253164556962,0.9994725738396625,0.3575257383966245,0.9272879699865977,0.6666666666666666,26.4,0.0,30.0,False
env_odom_noise,0.04285714285714286,0.10000000000000002,0.03819366415641666,0.12513487497265738,0.6200032576893714,-1.27503457342596,0.9952978056426333,0.9994775339602926,0.35757533960292587,0.9619162927071253,0.6666666666666666,26.85,0.0,30.0,False
env_odom_noise,0.04285714285714286,0.10000000000000002,0.04594793419988139,0.12522040918029875,0.6153888674857058,-1.224539868894846,0.9953416149068323,1.0,0.3581416149068323,0.998056335747242,0.6333333333333333,26.68421052631579,0.0,30.0,False
env_odom_noise,0.04285714285714286,0.10000000000000002,0.055276515198711025,0.12455606440248455,0.6131641731626573,-1.1739194025045228,0.9969199178644764,1.0,0.35971991786447644,1.0393030017614364,0.6,26.444444444444443,0.0,30.0,False
env_odom_noise,0.04285714285714286,0.10000000000000002,0.06649903169142302,0.12398939651966989,0.6087380034905318,-1.1155599845114204,0.9979674796747967,1.0,0.3607674796747967,1.085819740096728,0.6,27.0,0.0,30.0,False
env_odom_noise,0.04285714285714286,0.10000000000000002,0.07999999999999999,0.12424935270005477,0.6041152255998713,-1.052016977805893,0.9979879275653923,1.0,0.36078792756539235,1.1324687123298645,0.6,27.555555555555557,0.0,30.0,False
env_odom_noise,0.06428571428571428,0.005000000000000002,0.005000000000000002,0.12537403783857876,0.7638414178434263,-1.9962971567120682,0.5740740740740741,0.8703703703703703,0.19275555555555557,0.4222694508731365,0.8333333333333334,24.48,0.0,30.0,False
env_odom_noise,0.06428571428571428,0.005000000000000002,0.006015125180410587,0.12523890548806427,0.7640151172565076,-2.0548539767144063,0.5936754176610979,0.8794749403341289,0.16404964200477323,0.4307080334673325,0.8,23.916666666666668,0.0,30.0,False
env_odom_noise,0.06428571428571428,0.005000000000000002,0.007236346187201891,0.12512373271621696,0.7599526656631563,-2.097083129577847,0.6168446026097272,0.8908659549228944,0.12948944246737837,0.433560444911321,0.8,24.125,0.0,30.0,True
env_odom_noise,0.06428571428571428,0.005000000000000002,0.008705505632961245,0.12489971417637837,0.7542179310716799,-2.1274878799795043,0.6294117647058823,0.9005882352941177,0.10719999999999996,0.4255543497701486,0.8,24.416666666666668,0.0,30.0,True
env_odom_noise,0.06428571428571428,0.005000000000000002,0.010472941228206266,0.12489971362452947,0.7530632655159183,-2.13904632594696,0.6468860164512339,0.9054054054054054,0.08490857814336072,0.4490843196709951,0.8,24.458333333333332,0.0,30.0,True
env_odom_noise,0.06428571428571428,0.005000000000000002,0.012599210498948734,0.12474433301046835,0.7526432215202857,-2.1386221030291606,0.6647127784290738,0.9091441969519344,0.06334302461899177,0.47891609023014703,0.8,24.541666666666668,0.0,30.0,True
env_odom_noise,0.06428571428571428,0.005000000000000002,0.015157165665103976,0.12491416956177143,0.7469253420758576,-2.1262059865192953,0.6843023255813954,0.9127906976744186,0.043311627906976846,0.47537043020129205,0.7666666666666667,24.217391304347824,0.0,30.0,True
env_odom_noise,0.06428571428571428,0.005000000000000002,0.018234449771164334,0.12502500905570219,0.7425164375871347,-2.1007552153028146,0.6982658959537572,0.9161849710982659,0.05388092485549134,0.4958150823911031,0.7666666666666667,24.434782608695652,0.0,30.0,True
env_odom_noise,0.06428571428571428,0.005000000000000002,0.021936499593892524,0.12502501060245247,0.7418171334273317,-2.064657134370179,0.7136258660508084,0.9191685912240185,0.06625727482678989,0.5450286890069643,0.7666666666666667,24.47826086956522,0.0,30.0,True
env_odom_noise,0.06428571428571428,0.005000000000000002,0.026390158215457878,0.12516047537857616,0.7376456564828962,-2.0189040582986806,0.7279495990836197,0.920389461626575,0.07936013745704473,0.574047955373923,0.7666666666666667,24.782608695652176,0.0,30.0,True
env_odom_noise,0.06428571428571428,0.005000000000000002,0.03174802103936399,0.1248550563638672,0.7324312804586455,-1.9744413784588288,0.7400681044267877,0.9222474460839954,0.08962065834279231,0.5951459839940071,0.7666666666666667,25.130434782608695,0.0,30.0,True
env_odom_noise,0.06428571428571428,0.005000000000000002,0.03819366415641666,0.12446936969573984,0.7235612644866424,-1.9248963399710097,0.750560538116592,0.9248878923766816,0.09747264573991044,0.6073372304439545,0.7333333333333333,25.0,0.0,30.0,True
env_odom_noise,0.06428571428571428,0.005000000000000002,0.04594793419988139,0.12469989810627834,0.7178814670159134,-1.8613049781194062,0.7597114317425083,0.9261931187569368,0.1053183129855716,0.644707020620505,0.7333333333333333,25.40909090909091,0.0,30.0,True
env_odom_noise,0.06428571428571428,0.005000000000000002,0.055276515198711025,0.12449273482404914,0.710807238097072,-1.7931423881347637,0.7648026315789473,0.9270833333333334,0.10951929824561402,0.6839257265130679,0.7,25.285714285714285,0.0,30.0,True
env_odom_noise,0.06428571428571428,0.005000000000000002,0.06649903169142302,0.12456692081790978,0.7069127495033054,-1.731244739828859,0.7662337662337663,0.926948051948052,0.11108571428571434,0.7104822034637134,0.6666666666666666,25.2,0.0,30.0,False
env_odom_noise,0.06428571428571428,0.005000000000000002,0.07999999999999999,0.12421145701591431,0.6989645839683863,-1.6566836580404471,0.7711229946524064,0.9278074866310161,0.11511550802139037,0.7592895045876503,0.6666666666666666,25.75,0.0,30.0,False
env_odom_noise,0.06428571428571428,0.006105276500337843,0.005000000000000002,0.1252389059973599,0.7641685585257395,-2.0984357123404136,0.597255369928401,0.8937947494033412,0.14614988066825774,0.42609606025119623,0.8,23.916666666666668,0.0,30.0,True
env_odom_noise,0.06428571428571428,0.006105276500337843,0.006015125180410587,0.12523890451024933,0.7632236497585114,-2.1462422201971583,0.6156138259833135,0.9058402860548271,0.11574588796185936,0.4458109969894091,0.8,23.958333333333332,0.0,30.0,True
env_odom_noise,0.06428571428571428,0.006105276500337843,0.007236346187201891,0.1252009701415991,0.7592014231550201,-2.1833041184708466,0.636094674556213,0.9153846153846154,0.08572071005917159,0.44210783938566844,0.8,24.208333333333332,0.0,30.0,True
env_odom_noise,0.06428571428571428,0.006105276500337843,0.008705505632961245,0.12489971266038694,0.7545311587434615,-2.20768411931837,0.648235294117647,0.9217647058823529,0.06720000000000004,0.442837817966938,0.8,24.416666666666668,0.0,30.0,True
env_odom_noise,0.06428571428571428,0.006105276500337843,0.010472941228206266,0.12489971368215987,0.7526500367295512,-2.215111114608868,0.6660798122065728,0.9266431924882629,0.04447699530516436,0.46140692979097364,0.8,24.5,0.0,30.0,True
env_odom_noise,0.06428571428571428,0.006105276500337843,0.012599210498948734,0.12474433418877894,0.7529592317228112,-2.2132838714417513,0.6846424384525205,0.9302461899179367,0.0261962485345838,0.49687650551398593,0.8,24.541666666666668,0.0,30.0,True
env_odom_noise,0.06428571428571428,0.006105276500337843,0.015157165665103976,0.12491417071032372,0.7444133487879004,-2.201351048682534,0.7035962877030162,0.9332946635730859,0.04210162412993035,0.4787577301263809,0.7666666666666667,24.304347826086957,0.0,30.0,True
env_odom_noise,0.06428571428571428,0.006105276500337843,0.018234449771164334,0.1250250092543162,0.7428228808563279,-2.1730916461599845,0.7161849710982658,0.9358381502890173,0.052146820809248595,0.5133966227372487,0.7666666666666667,24.434782608695652,0.0,30.0,True
env_odom_noise,0.06428571428571428,0.006105276500337843,0.021936499593892524,0.12502500932533567,0.7405565152328537,-2.1335493968743906,0.7338709677419355,0.9389400921658986,0.06673087557603696,0.5568819055954616,0.7666666666666667,24.565217391304348,0.0,30.0,True
env_odom_noise,0.06428571428571428,0.006105276500337843,0.026390158215457878,0.1251604744874298,0.7368364282972872,-2.0902872272902053,0.7477116704805492,0.9399313501144165,0.07958032036613272,0.5852317626277606,0.7666666666666667,24.82608695652174,0.0,30.0,True
env_odom_noise,0.06428571428571428,0.006105276500337843,0.03174802103936399,0.124782436939161,0.730000676202286,-2.049431571802764,0.7584841628959276,0.9417420814479638,0.08854208144796383,0.5863764405250549,0.7333333333333333,24.636363636363637,0.0,30.0,True
env_odom_noise,0.06428571428571428,0.006105276500337843,0.03819366415641666,0.12446937090608935,0.7224497007334403,-1.995205974004615,0.7698768197088466,0.9440089585666294,0.09766786114221726,0.6179152692357699,0.7333333333333333,25.045454545454547,0.0,30.0,True
env_odom_noise,0.06428571428571428,0.006105276500337843,0.04594793419988139,0.12469989917108071,0.7181930890067241,-1.9315583120497017,0.7780244173140954,0.9456159822419534,0.10420843507214206,0.662396798034509,0.7333333333333333,25.40909090909091,0.0,30.0,True
env_odom_noise,0.06428571428571428,0.006105276500337843,0.055276515198711025,0.12428122432239415,0.7092265749873803,-1.8655485677639407,0.7830601092896174,0.946448087431694,0.10841202185792354,0.6829938982923826,0.7,25.428571428571427,0.0,30.0,True
env_odom_noise,0.06428571428571428,0.006105276500337843,0.06649903169142302,0.12456692055007014,0.7065322466661467,-1.800978958224443,0.7848648648648648,0.9464864864864865,0.1101783783783784,0.724072220424811,0.6666666666666666,25.25,0.0,30.0,False
env_odom_noise,0.06428571428571428,0.006105276500337843,0.07999999999999999,0.12421145471720932,0.6992764328479503,-1.7261085231919842,0.7898395721925133,0.9470588235294117,0.11458074866310164,0.7768605167667071,0.6666666666666666,25.75,0.0,30.0,False
env_odom_noise,0.06428571428571428,0.007454880229115496,0.005000000000000002,0.1252389054643686,0.763423526596943,-2.166076470542042,0.6317044100119189,0.9171632896305125,0.08833230035756856,0.4434864876170953,0.8,23.958333333333332,0.0,30.0,True
env_odom_noise,0.06428571428571428,0.007454880229115496,0.006015125180410587,0.12520097000208152,0.7612093074269314,-2.2105071834157353,0.6476868327402135,0.9270462633451957,0.062466903914590755,0.4406599355240663,0.8,24.125,0.0,30.0,True
env_odom_noise,0.06428571428571428,0.007454880229115496,0.007236346187201891,0.12520097005387465,0.7595626430625833,-2.237350798464217,0.6633136094674557,0.9337278106508876,0.04015857988165672,0.4624440990388393,0.8,24.208333333333332,0.0,30.0,True
env_odom_noise,0.06428571428571428,0.007454880229115496,0.008705505632961245,0.12489971568006897,0.7541563099280314,-2.255810616047282,0.6750881316098707,0.9400705052878966,0.022041363102232703,0.45685938398043313,0.8,24.458333333333332,0.0,30.0,True
env_odom_noise,0.06428571428571428,0.007454880229115496,0.010472941228206266,0.12489971569962631,0.7530083978074247,-2.260994384762357,0.693075117370892,0.9454225352112676,0.01945258215962442,0.4822028468052546,0.8,24.5,0.0,30.0,True
env_odom_noise,0.06428571428571428,0.007454880229115496,0.012599210498948734,0.12474433433313242,0.7495880006316104,-2.258476052870666,0.7137850467289719,0.9491822429906542,0.036402803738317724,0.49623666107654574,0.7666666666666667,24.043478260869566,0.0,30.0,True
env_odom_noise,0.06428571428571428,0.007454880229115496,0.015157165665103976,0.12502500813225473,0.7439418947409696,-2.2426120847692252,0.7285879629629629,0.9513888888888888,0.04899907407407411,0.49191180343429247,0.7666666666666667,24.391304347826086,0.0,30.0,True
env_odom_noise,0.06428571428571428,0.007454880229115496,0.018234449771164334,0.12502501005001015,0.7431688091961354,-2.214308181105327,0.7427745664739884,0.953757225433526,0.060817341040462436,0.5333926757176717,0.7666666666666667,24.434782608695652,0.0,30.0,True
env_odom_noise,0.06428571428571428,0.007454880229115496,0.021936499593892524,0.12502500869169586,0.7409021347735442,-2.174209539249409,0.7580645161290323,0.956221198156682,0.07708571428571431,0.5767837658524513,0.7666666666666667,24.565217391304348,0.0,30.0,True
env_odom_noise,0.06428571428571428,0.007454880229115496,0.026390158215457878,0.12508657108681123,0.7358002080688815,-2.134683527409528,0.773972602739726,0.9577625570776256,0.09453515981735161,0.5849839265147845,0.7333333333333333,24.272727272727273,0.0,30.0,True
env_odom_noise,0.06428571428571428,0.007454880229115496,0.03174802103936399,0.12469974445413835,0.7303515033518949,-2.091765178709361,0.784180790960452,0.9587570621468926,0.10573785310734463,0.6029896512627602,0.7333333333333333,24.681818181818183,0.0,30.0,True
env_odom_noise,0.06428571428571428,0.007454880229115496,0.03819366415641666,0.12465432683576745,0.7198935415456916,-2.031790579294032,0.7948717948717948,0.9609810479375697,0.1186528428093645,0.6146942228078842,0.7333333333333333,25.227272727272727,0.0,30.0,True
env_odom_noise,0.06428571428571428,0.007454880229115496,0.04594793419988139,0.12469989667798813,0.7185434500680822,-1.9713921621373123,0.8035516093229744,0.9622641509433962,0.12861576026637067,0.6823146879673004,0.7333333333333333,25.40909090909091,0.0,30.0,True
env_odom_noise,0.06428571428571428,0.007454880229115496,0.055276515198711025,0.12437904969896856,0.7095769138635851,-1.9077621492736547,0.806434023991276,0.9629225736095965,0.1321565976008725,0.6872452020645141,0.6666666666666666,24.85,0.0,30.0,False
env_odom_noise,0.06428571428571428,0.007454880229115496,0.06649903169142302,0.12456691998521223,0.7051271737385073,-1.8374832771817817,0.8090614886731392,0.9627831715210357,0.13464466019417487,0.7367997139692306,0.6666666666666666,25.35,0.0,30.0,False
env_odom_noise,0.06428571428571428,0.007454880229115496,0.07999999999999999,0.1242114571531493,0.698901051996733,-1.7643287476060756,0.8135683760683761,0.9631410256410257,0.13950940170940174,0.792348712682724,0.6666666666666666,25.8,0.0,30.0,False
env_odom_noise,0.06428571428571428,0.009102821015130404,0.005000000000000002,0.12520097029656435,0.7638421637976186,-2.211218199467731,0.6593341260404281,0.9351961950059453,0.04266967895362661,0.4556718458731969,0.8,24.041666666666668,0.0,30.0,True
env_odom_noise,0.06428571428571428,0.009102821015130404,0.006015125180410587,0.12520097049392792,0.7597801974962449,-2.2432768379276484,0.6745562130177515,0.9414201183431953,0.021223668639053228,0.46195599709947904,0.8,24.208333333333332,0.0,30.0,True
env_odom_noise,0.06428571428571428,0.009102821015130404,0.007236346187201891,0.12520097124469753,0.7580705828766457,-2.264000222385292,0.69185360094451,0.9474616292798111,0.01619197166469888,0.47659351403514544,0.8,24.291666666666668,0.0,30.0,True
env_odom_noise,0.06428571428571428,0.009102821015130404,0.008705505632961245,0.12489971307641166,0.7530519980138723,-2.280536595770071,0.7012910798122066,0.954225352112676,0.018865727699530654,0.4728070875008901,0.8,24.5,0.0,30.0,True
env_odom_noise,0.06428571428571428,0.009102821015130404,0.010472941228206266,0.12474433513419898,0.7503150703793491,-2.2868741000979047,0.7210526315789474,0.9596491228070175,0.04350175438596493,0.48767588213086127,0.8,24.625,0.0,30.0,True
env_odom_noise,0.06428571428571428,0.009102821015130404,0.012599210498948734,0.1248561452370988,0.7486982899192773,-2.2760312761621,0.7395104895104895,0.9627039627039627,0.06501445221445223,0.5058181007703145,0.7666666666666667,24.130434782608695,0.0,30.0,True
env_odom_noise,0.06428571428571428,0.009102821015130404,0.015157165665103976,0.12502500821877258,0.7443359473776398,-2.258885090832983,0.7523148148148148,0.9641203703703703,0.07923518518518513,0.5142831397553285,0.7666666666666667,24.391304347826086,0.0,30.0,True
env_odom_noise,0.06428571428571428,0.009102821015130404,0.018234449771164334,0.12502500831407196,0.7428098762020723,-2.2285373916166438,0.7678983833718245,0.9665127020785219,0.0972110854503464,0.5519447977344195,0.7666666666666667,24.47826086956522,0.0,30.0,True
env_odom_noise,0.06428571428571428,0.009102821015130404,0.021936499593892524,0.12502500713143316,0.7406025692577815,-2.187790406607369,0.783084004602992,0.9683544303797469,0.11423843498273889,0.5891134465734164,0.7333333333333333,23.954545454545453,0.0,30.0,True
env_odom_noise,0.06428571428571428,0.009102821015130404,0.026390158215457878,0.1250378045950593,0.7336513802965365,-2.150422687226888,0.7986348122866894,0.9698521046643913,0.13128691695108075,0.5889679248134295,0.7333333333333333,24.40909090909091,0.0,30.0,True
env_odom_noise,0.06428571428571428,0.009102821015130404,0.03174802103936399,0.12469974575198797,0.7294589975778876,-2.1070347655588977,0.809255079006772,0.9706546275395034,0.14270970654627535,0.6178187390168508,0.7333333333333333,24.727272727272727,0.0,30.0,True
env_odom_noise,0.06428571428571428,0.009102821015130404,0.03819366415641666,0.12465432636690282,0.7202876490494479,-2.046109504342913,0.8193979933110368,0.9726867335562988,0.15488472686733556,0.6370286405086517,0.7333333333333333,25.227272727272727,0.0,30.0,False
env_odom_noise,0.06428571428571428,0.009102821015130404,0.04594793419988139,0.12447292578260842,0.7171501644745665,-1.989520045097348,0.8281767955801105,0.974585635359116,0.1655624309392265,0.6799546912312507,0.7333333333333333,25.59090909090909,0.0,30.0,False
env_odom_noise,0.06428571428571428,0.009102821015130404,0.055276515198711025,0.12445154266522178,0.7099707658494083,-1.9239006581630274,0.829520697167756,0.9749455337690632,0.16726623093681925,0.7019422277808189,0.6666666666666666,24.9,0.0,30.0,False
env_odom_noise,0.06428571428571428,0.009102821015130404,0.06649903169142302,0.12456692025618923,0.7022921064571118,-1.8513574798497898,0.8349462365591398,0.9747311827956989,0.17247741935483873,0.7408052633206049,0.6666666666666666,25.5,0.0,30.0,False
env_odom_noise,0.06428571428571428,0.009102821015130404,0.07999999999999999,0.12421145625579595,0.6982261129121757,-1.7798799832283074,0.8377801494130203,0.9749199573105657,0.17550010672358596,0.8086170077323913,0.6666666666666666,25.85,0.0,30.0,False
env_odom_noise,0.06428571428571428,0.01111504784609142,0.005000000000000002,0.12506602879274903,0.7601007480257181,-2.231406154289593,0.6885342789598109,0.9485815602836879,0.011752718676123042,0.45170455823342004,0.8,24.25,0.0,30.0,True
env_odom_noise,0.06428571428571428,0.01111504784609142,0.006015125180410587,0.1250660319042287,0.7568190999862637,-2.257651901096992,0.7049469964664311,0.9552414605418139,0.022988457008245033,0.4649540555973848,0.8,24.375,0.0,30.0,True
env_odom_noise,0.06428571428571428,0.01111504784609142,0.007236346187201891,0.12476586097024393,0.7545574411620223,-2.277879427200654,0.7224178403755869,0.9583333333333334,0.043551173708920254,0.47139688283205033,0.8,24.5,0.0,30.0,True
env_odom_noise,0.06428571428571428,0.01111504784609142,0.008705505632961245,0.12476586104026838,0.7535112712406445,-2.2843630051648605,0.7332942555685815,0.9654161781946072,0.061510433763188765,0.49216081127524375,0.8,24.541666666666668,0.0,30.0,True
env_odom_noise,0.06428571428571428,0.01111504784609142,0.010472941228206266,0.12472306432038943,0.7507717565824216,-2.288344952161789,0.7508751458576429,0.969661610268378,0.08333675612602098,0.49515091081460316,0.7666666666666667,24.08695652173913,0.0,30.0,True
env_odom_noise,0.06428571428571428,0.01111504784609142,0.012599210498948734,0.12489216736986274,0.746618164622287,-2.2773752427877216,0.7665121668597914,0.9721900347624566,0.10150220162224799,0.49934956754247345,0.7666666666666667,24.347826086956523,0.0,30.0,True
env_odom_noise,0.06428571428571428,0.01111504784609142,0.015157165665103976,0.12489216475774287,0.7436175412203467,-2.254910155063986,0.7800230946882217,0.9734411085450346,0.11626420323325637,0.5228220291435719,0.7333333333333333,23.818181818181817,0.0,30.0,True
env_odom_noise,0.06428571428571428,0.01111504784609142,0.018234449771164334,0.1248921655964894,0.7432529527225155,-2.224855867562729,0.798154555940023,0.97520184544406,0.13615640138408303,0.5647438456614812,0.7333333333333333,23.863636363636363,0.0,30.0,True
env_odom_noise,0.06428571428571428,0.01111504784609142,0.021936499593892524,0.12498869094776123,0.7385160555336117,-2.186618543767397,0.8117848970251716,0.977116704805492,0.1517016018306636,0.5805768827597301,0.7333333333333333,24.181818181818183,0.0,30.0,False
env_odom_noise,0.06428571428571428,0.01111504784609142,0.026390158215457878,0.12490623213373189,0.7327945951760281,-2.1473071226419287,0.8246311010215664,0.978433598183882,0.16586469920544844,0.5994748150308927,0.7333333333333333,24.5,0.0,30.0,False
env_odom_noise,0.06428571428571428,0.01111504784609142,0.03174802103936399,0.12475466455292687,0.7250258301155815,-2.1024442223267465,0.8335201793721974,0.9798206278026906,0.176140807174888,0.6032790089646975,0.7333333333333333,25.0,0.0,30.0,False
env_odom_noise,0.06428571428571428,0.01111504784609142,0.03819366415641666,0.12452526970506674,0.7207319275863393,-2.042032227923016,0.8457683741648107,0.9816258351893096,0.19019420935412024,0.6549020558595657,0.7333333333333333,25.272727272727273,0.0,30.0,False
env_odom_noise,0.06428571428571428,0.01111504784609142,0.04594793419988139,0.12434553920379396,0.7176010829309922,-1.9856643244255643,0.8520971302428256,0.9828918322295805,0.19778896247240618,0.6978349675734837,0.7333333333333333,25.636363636363637,0.0,30.0,False
env_odom_noise,0.06428571428571428,0.01111504784609142,0.055276515198711025,0.12458457228160713,0.7084113950553325,-1.919846837862211,0.8530368763557483,0.982646420824295,0.19848329718004332,0.7005348180731138,0.6666666666666666,25.1,0.0,30.0,False
env_odom_noise,0.06428571428571428,0.01111504784609142,0.06649903169142302,0.1241835417595902,0.7008539318782336,-1.8485332358499973,0.8586723768736617,0.9828693790149893,0.204341755888651,0.742714882393678,0.6666666666666666,25.7,0.0,30.0,False
env_odom_noise,0.06428571428571428,0.01111504784609142,0.07999999999999999,0.12412369895565037,0.6973434659501606,-1.7767913620332976,0.8607863974495218,0.9829968119022316,0.20658320935175345,0.8110593542456627,0.6666666666666666,26.05,0.0,30.0,False
env_odom_noise,0.06428571428571428,0.013572088082974535,0.005000000000000002,0.1250660296384237,0.7583417218303987,-2.2310991587193927,0.714622641509434,0.9575471698113207,0.03496981132075472,0.47815683409571647,0.8,24.333333333333332,0.0,30.0,True
env_odom_noise,0.06428571428571428,0.013572088082974535,0.006015125180410587,0.1250660305661068,0.7573469429667429,-2.2500081694989915,0.7326266195524146,0.964075382803298,0.05950200235571257,0.49536512767275176,0.8,24.375,0.0,30.0,True
env_odom_noise,0.06428571428571428,0.013572088082974535,0.007236346187201891,0.12476586079071468,0.7522133329267379,-2.2662825980635164,0.747072599531616,0.968384074941452,0.07825667447306794,0.4874867722392082,0.8,24.583333333333332,0.0,30.0,True
env_odom_noise,0.06428571428571428,0.013572088082974535,0.008705505632961245,0.1247230652455398,0.7524302259921479,-2.2723991683508835,0.7552570093457944,0.9737149532710281,0.09177196261682252,0.4942044444382191,0.7333333333333333,23.363636363636363,0.0,30.0,True
env_odom_noise,0.06428571428571428,0.013572088082974535,0.010472941228206266,0.12472306366036177,0.7512892571759534,-2.268075594329861,0.7701283547257877,0.9784130688448075,0.11134142357059518,0.519497674703598,0.7333333333333333,23.40909090909091,0.0,30.0,True
env_odom_noise,0.06428571428571428,0.013572088082974535,0.012599210498948734,0.12489216798680658,0.7471277910383487,-2.255160089156686,0.787369640787949,0.9797219003476245,0.12989154113557355,0.5227607684830825,0.7333333333333333,23.681818181818183,0.0,30.0,True
env_odom_noise,0.06428571428571428,0.013572088082974535,0.015157165665103976,0.12481874379853566,0.7433737956686559,-2.2323059592992696,0.8029953917050692,0.9809907834101382,0.14678617511520742,0.540122951567173,0.7333333333333333,23.90909090909091,0.0,30.0,True
env_odom_noise,0.06428571428571428,0.013572088082974535,0.018234449771164334,0.12481874247394552,0.7416426965493013,-2.201880977050779,0.8195402298850575,0.9833333333333333,0.16567356321839077,0.5751078183452288,0.7333333333333333,24.0,0.0,30.0,False
env_odom_noise,0.06428571428571428,0.013572088082974535,0.021936499593892524,0.12498869155904138,0.739022598518983,-2.162219609778993,0.830091533180778,0.9839816933638444,0.17687322654462245,0.6095805699626605,0.7333333333333333,24.181818181818183,0.0,30.0,False
env_odom_noise,0.06428571428571428,0.013572088082974535,0.026390158215457878,0.12500802971323646,0.7332957351932095,-2.1256432788683757,0.8431483578708947,0.9847112117780294,0.19065956964892417,0.6176186705629031,0.7333333333333333,24.59090909090909,0.0,30.0,False
env_odom_noise,0.06428571428571428,0.013572088082974535,0.03174802103936399,0.12475466185550921,0.7247313302662517,-2.0764305928486735,0.851063829787234,0.9860022396416573,0.1998660694288914,0.6279784828424454,0.7333333333333333,25.045454545454547,0.0,30.0,False
env_odom_noise,0.06428571428571428,0.013572088082974535,0.03819366415641666,0.12429858980632663,0.7212335520607073,-2.022338526833594,0.8627777777777778,0.9883333333333333,0.21391111111111105,0.6691666856408119,0.7333333333333333,25.363636363636363,0.0,30.0,False
env_odom_noise,0.06428571428571428,0.013572088082974535,0.04594793419988139,0.12434553726494502,0.7167704251664369,-1.9617347175638233,0.8687982359426681,0.9889746416758545,0.22057287761852262,0.7075158456961314,0.6666666666666666,24.35,0.0,30.0,False
env_odom_noise,0.06428571428571428,0.013572088082974535,0.055276515198711025,0.12458457346053381,0.70593209146029,-1.8952462586340064,0.8697297297297297,0.9891891891891892,0.22171891891891893,0.7116018762191136,0.6666666666666666,25.25,0.0,30.0,False
env_odom_noise,0.06428571428571428,0.013572088082974535,0.06649903169142302,0.12418354182455651,0.7002819624973475,-1.8250058176769186,0.8754010695187165,0.9893048128342246,0.2275058823529411,0.7655256524682045,0.6666666666666666,25.75,0.0,30.0,False
env_odom_noise,0.06428571428571428,0.013572088082974535,0.07999999999999999,0.1241236985921391,0.6967540081149693,-1.7541201422116903,0.8779193205944799,0.9893842887473461,0.23010360934182594,0.8330059091250102,0.6666666666666666,26.1,0.0,30.0,False
env_odom_noise,0.06428571428571428,0.016572270086699935,0.005000000000000002,0.12532963371073474,0.7577904103386395,-2.2149229538200075,0.7473560517038778,0.9670975323149236,0.07725358401880134,0.4892667822539806,0.7666666666666667,23.82608695652174,0.0,30.0,True
env_odom_noise,0.06428571428571428,0.016572270086699935,0.006015125180410587,0.12532963346119172,0.7554037364006302,-2.229223083875665,0.7626025791324736,0.9712778429073857,0.09668042203985938,0.49857237686713535,0.7666666666666667,23.91304347826087,0.0,30.0,True
env_odom_noise,0.06428571428571428,0.016572270086699935,0.007236346187201891,0.12487575135429724,0.7528055054918528,-2.241071659205873,0.7730455075845974,0.9760793465577596,0.11192485414235709,0.49354987144470214,0.7333333333333333,23.40909090909091,0.0,30.0,True
env_odom_noise,0.06428571428571428,0.016572270086699935,0.008705505632961245,0.12487575163870077,0.7530188270795176,-2.240174851159364,0.7823803967327888,0.9830805134189031,0.12826091015169194,0.5210682630538941,0.7333333333333333,23.40909090909091,0.0,30.0,True
env_odom_noise,0.06428571428571428,0.016572270086699935,0.010472941228206266,0.12504368322063045,0.7498361656469819,-2.2348427981786485,0.7952436194895591,0.9849187935034803,0.14296241299303947,0.5229500517249107,0.7333333333333333,23.636363636363637,0.0,30.0,True
env_odom_noise,0.06428571428571428,0.016572270086699935,0.012599210498948734,0.12497006583904957,0.7443406922176196,-2.2191101094900354,0.8145161290322581,0.9850230414746544,0.1623391705069125,0.5266843410829704,0.7333333333333333,23.90909090909091,0.0,30.0,False
env_odom_noise,0.06428571428571428,0.016572270086699935,0.015157165665103976,0.12497006799725448,0.7418332442212829,-2.193771093174303,0.8283582089552238,0.9856486796785304,0.17680688863375427,0.5541435196995735,0.7333333333333333,24.045454545454547,0.0,30.0,False
env_odom_noise,0.06428571428571428,0.016572270086699935,0.018234449771164334,0.12497006683432939,0.7422220479449283,-2.1633543791032013,0.8450057405281286,0.9885189437428243,0.19632468427095295,0.6011335283517838,0.7333333333333333,24.045454545454547,0.0,30.0,False
env_odom_noise,0.06428571428571428,0.016572270086699935,0.021936499593892524,0.1253243551255428,0.734499614318241,-2.1266559983066817,0.8539772727272728,0.9886363636363636,0.2054136363636364,0.6001237248380978,0.7333333333333333,24.454545454545453,0.0,30.0,False
env_odom_noise,0.06428571428571428,0.016572270086699935,0.026390158215457878,0.12515705900591576,0.7299222700397339,-2.0881457424819176,0.8664036076662909,0.9892897406989853,0.21849334836527623,0.6231673712531726,0.7333333333333333,24.772727272727273,0.0,30.0,False
env_odom_noise,0.06428571428571428,0.016572270086699935,0.03174802103936399,0.12468904347361745,0.7253045839348929,-2.0405460547428547,0.8759776536312849,0.9905027932960894,0.22928044692737426,0.646479727824529,0.7333333333333333,25.136363636363637,0.0,30.0,False
env_odom_noise,0.06428571428571428,0.016572270086699935,0.03819366415641666,0.12433521418680384,0.7218005248105765,-1.9866589969290087,0.885809312638581,0.9927937915742794,0.24140310421286038,0.6833455115556717,0.7,24.80952380952381,0.0,30.0,False
env_odom_noise,0.06428571428571428,0.016572270086699935,0.04594793419988139,0.1244936567194584,0.7142289500433533,-1.9206612417834148,0.8907793633369924,0.9934138309549945,0.24699319429198685,0.7188089499870937,0.6666666666666666,24.55,0.0,30.0,False
env_odom_noise,0.06428571428571428,0.016572270086699935,0.055276515198711025,0.12470396367780405,0.7051771626392241,-1.8599506189570836,0.8922413793103449,0.9935344827586207,0.24857586206896554,0.7249916677673658,0.6666666666666666,25.4,0.0,30.0,False
env_odom_noise,0.06428571428571428,0.016572270086699935,0.06649903169142302,0.12432892459457617,0.7008411983309717,-1.7895652284074608,0.8974358974358975,0.9935897435897436,0.2538256410256411,0.7898748611410459,0.6666666666666666,25.8,0.0,30.0,False
env_odom_noise,0.06428571428571428,0.016572270086699935,0.07999999999999999,0.12427101621916742,0.6958800558438557,-1.7181683227655487,0.8995771670190275,0.9936575052854123,0.25603467230443977,0.8417820513248444,0.6666666666666666,26.3,0.0,30.0,False
env_odom_noise,0.06428571428571428,0.020235658223516174,0.005000000000000002,0.1251739573534034,0.7568500252946169,-2.1849401022195996,0.7743259085580305,0.9759671746776084,0.11309308323563894,0.5150026639302572,0.7333333333333333,23.227272727272727,0.0,30.0,True
env_odom_noise,0.06428571428571428,0.020235658223516174,0.006015125180410587,0.1251739568244669,0.7548102431516553,-2.1919642654754763,0.7912280701754386,0.9789473684210527,0.1329754385964913,0.5232335522770881,0.7333333333333333,23.318181818181817,0.0,30.0,True
env_odom_noise,0.06428571428571428,0.020235658223516174,0.007236346187201891,0.12480218393179178,0.7534767335057061,-2.1990922074680865,0.7977855477855478,0.9854312354312355,0.14601678321678324,0.5255151992042859,0.7333333333333333,23.454545454545453,0.0,30.0,True
env_odom_noise,0.06428571428571428,0.020235658223516174,0.008705505632961245,0.12480218506401893,0.7508159115940953,-2.1968600446514595,0.8122093023255814,0.9895348837209302,0.16454418604651166,0.5398271982868512,0.7333333333333333,23.545454545454547,0.0,30.0,False
env_odom_noise,0.06428571428571428,0.020235658223516174,0.010472941228206266,0.12497006513370047,0.7471518057530527,-2.1870653424818944,0.8244803695150116,0.9896073903002309,0.17688775981524252,0.5405040055513382,0.7333333333333333,23.818181818181817,0.0,30.0,False
env_odom_noise,0.06428571428571428,0.020235658223516174,0.012599210498948734,0.1249700661957159,0.7434907501512389,-2.165597182500808,0.8402298850574713,0.9902298850574712,0.19325977011494255,0.55978972290953,0.7333333333333333,24.0,0.0,30.0,False
env_odom_noise,0.06428571428571428,0.020235658223516174,0.015157165665103976,0.12515606539867033,0.7411523636370383,-2.1437036565949277,0.8550973654066437,0.9919816723940436,0.20987903780068728,0.5776123553514481,0.7333333333333333,24.136363636363637,0.0,30.0,False
env_odom_noise,0.06428571428571428,0.020235658223516174,0.018234449771164334,0.12532435440850256,0.7407253652165525,-2.112223323830115,0.8702857142857143,0.9931428571428571,0.22622857142857145,0.6156833638747533,0.7333333333333333,24.227272727272727,0.0,30.0,False
env_odom_noise,0.06428571428571428,0.020235658223516174,0.021936499593892524,0.12497455620098788,0.732869034867495,-2.0780340777094195,0.8790960451977401,0.9932203389830508,0.23511638418079095,0.6099905048807462,0.7333333333333333,24.681818181818183,0.0,30.0,False
env_odom_noise,0.06428571428571428,0.020235658223516174,0.026390158215457878,0.12494086841146435,0.7286548884610256,-2.036914752668558,0.8910112359550562,0.9938202247191011,0.2476314606741573,0.6425435721874238,0.7333333333333333,24.90909090909091,0.0,30.0,False
env_odom_noise,0.06428571428571428,0.020235658223516174,0.03174802103936399,0.12467508834452465,0.7236114124829595,-1.98866673701805,0.9003340757238307,0.994988864142539,0.2581229398663697,0.6658301914731661,0.7333333333333333,25.272727272727273,0.0,30.0,False
env_odom_noise,0.06428571428571428,0.020235658223516174,0.03819366415641666,0.12433521512245341,0.7196972527786507,-1.9325698474722939,0.9077348066298343,0.9977900552486187,0.26832486187845306,0.7046012699604034,0.7,24.952380952380953,0.0,30.0,False
env_odom_noise,0.06428571428571428,0.020235658223516174,0.04594793419988139,0.12456622387667111,0.7125994291270562,-1.8717123630052397,0.912472647702407,0.9978118161925602,0.2730844638949672,0.7355238070090612,0.6666666666666666,24.7,0.0,30.0,False
env_odom_noise,0.06428571428571428,0.020235658223516174,0.055276515198711025,0.12470396504113931,0.7043433073624991,-1.8081269593662215,0.9150537634408602,0.9978494623655914,0.27570322580645157,0.7523078352212906,0.6666666666666666,25.5,0.0,30.0,False
env_odom_noise,0.06428571428571428,0.020235658223516174,0.06649903169142302,0.12433126529161287,0.7003665095410273,-1.7425142150296848,0.9184434968017058,0.997867803837953,0.27911130063965883,0.8124517053365707,0.6666666666666666,25.9,0.0,30.0,False
env_odom_noise,0.06428571428571428,0.020235658223516174,0.07999999999999999,0.12444888934503713,0.6939290179161006,-1.6675700339076476,0.9216614090431126,0.9978969505783386,0.28235835962145117,0.8519634569684664,0.6666666666666666,26.55,0.0,30.0,False
env_odom_noise,0.06428571428571428,0.024708857724180293,0.005000000000000002,0.1250994733276818,0.753941419851398,-2.139300025296474,0.8103850641773629,0.9801633605600933,0.15334842473745625,0.5348290259639422,0.7333333333333333,23.40909090909091,0.0,30.0,False
env_odom_noise,0.06428571428571428,0.024708857724180293,0.006015125180410587,0.12480218385546336,0.752582604026247,-2.1454208723958996,0.8201396973224679,0.9831199068684517,0.1660596041909197,0.5408277042210102,0.7333333333333333,23.5,0.0,30.0,False
env_odom_noise,0.06428571428571428,0.024708857724180293,0.007236346187201891,0.12480218370053987,0.7527586944860916,-2.1434408158063043,0.8265424912689173,0.9883585564610011,0.17770104772991846,0.5647689116497835,0.7333333333333333,23.5,0.0,30.0,False
env_odom_noise,0.06428571428571428,0.024708857724180293,0.008705505632961245,0.12497006628184307,0.7480952827184341,-2.137389222089355,0.8389145496535797,0.9901847575057737,0.19189930715935344,0.5523099874456724,0.7333333333333333,23.818181818181817,0.0,30.0,False
env_odom_noise,0.06428571428571428,0.024708857724180293,0.010472941228206266,0.12515606260999812,0.7447779005418105,-2.1240645355937273,0.8551724137931035,0.9902298850574712,0.20820229885057473,0.5615598450104395,0.7333333333333333,24.0,0.0,30.0,False
env_odom_noise,0.06428571428571428,0.024708857724180293,0.012599210498948734,0.1251560646087786,0.7415689156043738,-2.1053959156486,0.868270332187858,0.9914089347079038,0.2224792668957618,0.5816354140639305,0.7333333333333333,24.136363636363637,0.0,30.0,False
env_odom_noise,0.06428571428571428,0.024708857724180293,0.015157165665103976,0.12510617291178333,0.7418971235422993,-2.0828683589163197,0.884,0.9925714285714285,0.23937142857142857,0.6075755268335342,0.7333333333333333,24.227272727272727,0.0,30.0,False
env_odom_noise,0.06428571428571428,0.024708857724180293,0.018234449771164334,0.12502269392008442,0.7378023606511847,-2.051454008673899,0.89375,0.9931818181818182,0.24973181818181822,0.6307722320159276,0.7333333333333333,24.454545454545453,0.0,30.0,False
env_odom_noise,0.06428571428571428,0.024708857724180293,0.021936499593892524,0.12494086911596605,0.7299766115762403,-2.0164665059656803,0.9021372328458943,0.9938132733408324,0.2587505061867267,0.6317067171136538,0.7333333333333333,24.863636363636363,0.0,30.0,False
env_odom_noise,0.06428571428571428,0.024708857724180293,0.026390158215457878,0.12492623727586273,0.7270908800281534,-1.9741269571387847,0.916013437849944,0.9938409854423292,0.2726544232922733,0.6667988076806068,0.7333333333333333,25.045454545454547,0.0,30.0,False
env_odom_noise,0.06428571428571428,0.024708857724180293,0.03174802103936399,0.1246750888652625,0.722571402210932,-1.9241330290202014,0.9227777777777778,0.9955555555555555,0.28113333333333335,0.6915198629101117,0.7,24.714285714285715,0.0,30.0,False
env_odom_noise,0.06428571428571428,0.024708857724180293,0.03819366415641666,0.12449365548908037,0.7156684016022482,-1.8731200421149798,0.9274725274725275,0.9978021978021978,0.28807472527472533,0.7064913297692935,0.6666666666666666,24.5,0.0,30.0,False
env_odom_noise,0.06428571428571428,0.024708857724180293,0.04594793419988139,0.12474049851136267,0.7102951833030418,-1.811346534442618,0.9324618736383442,0.9978213507625272,0.2930832244008714,0.7528591642777125,0.6666666666666666,24.9,0.0,30.0,False
env_odom_noise,0.06428571428571428,0.024708857724180293,0.055276515198711025,0.12458856810907529,0.7028325660912836,-1.750249883456734,0.9357601713062098,0.9978586723768736,0.29641884368308347,0.7725817158818244,0.6666666666666666,25.7,0.0,30.0,False
env_odom_noise,0.06428571428571428,0.024708857724180293,0.06649903169142302,0.1247571531485176,0.6966343151511404,-1.6823281046883838,0.9380296610169492,0.9978813559322034,0.2987110169491526,0.8195170938968659,0.6666666666666666,26.2,0.0,30.0,False
env_odom_noise,0.06428571428571428,0.024708857724180293,0.07999999999999999,0.12441139120232621,0.6934010380837276,-1.6144594693461356,0.9418238993710691,0.9979035639412998,0.3025274633123689,0.8677998125553131,0.6333333333333333,26.05263157894737,0.0,30.0,False
env_odom_noise,0.06428571428571428,0.030170881682725817,0.005000000000000002,0.1249895115314778,0.7518377314391941,-2.080532126318806,0.8375870069605569,0.9849187935034803,0.18530580046403722,0.5559993632137775,0.7333333333333333,23.636363636363637,0.0,30.0,False
env_odom_noise,0.06428571428571428,0.030170881682725817,0.006015125180410587,0.12498950992232,0.7519889565120244,-2.0794811459080975,0.8445475638051044,0.988399071925754,0.1957466357308585,0.5763041513661543,0.7333333333333333,23.636363636363637,0.0,30.0,False
env_odom_noise,0.06428571428571428,0.030170881682725817,0.007236346187201891,0.12515606298169182,0.7473928590303471,-2.0785200044335745,0.8536866359447005,0.9896313364055299,0.20611797235023044,0.5631681477030118,0.7333333333333333,23.90909090909091,0.0,30.0,False
env_odom_noise,0.06428571428571428,0.030170881682725817,0.008705505632961245,0.12493775925909915,0.7453054908412098,-2.0700392143543103,0.8668197474167624,0.9902411021814007,0.2198608495981631,0.5747999511659145,0.7333333333333333,24.045454545454547,0.0,30.0,False
env_odom_noise,0.06428571428571428,0.030170881682725817,0.010472941228206266,0.12493775882536187,0.7434722146615391,-2.0534431248880503,0.8791523482245132,0.9914089347079038,0.23336128293241698,0.5983895170191924,0.7333333333333333,24.136363636363637,0.0,30.0,False
env_odom_noise,0.06428571428571428,0.030170881682725817,0.012599210498948734,0.1251061745227695,0.7412664767535929,-2.0344156151445594,0.8915525114155252,0.9914383561643836,0.24579086757990876,0.6117731605966886,0.7333333333333333,24.272727272727273,0.0,30.0,False
env_odom_noise,0.06428571428571428,0.030170881682725817,0.015157165665103976,0.12502269168878924,0.7386954675457448,-2.012060516237515,0.9044368600682594,0.9931740614334471,0.2604109215017065,0.634425480167071,0.7333333333333333,24.40909090909091,0.0,30.0,False
env_odom_noise,0.06428571428571428,0.030170881682725817,0.018234449771164334,0.12495980738382725,0.7329824309789684,-1.9788175074613965,0.9160090191657272,0.9932356257046223,0.2720446448703495,0.6370610942443212,0.7333333333333333,24.772727272727273,0.0,30.0,False
env_odom_noise,0.06428571428571428,0.030170881682725817,0.021936499593892524,0.12492623626210878,0.7288739326985728,-1.9439722025658845,0.9254484304932735,0.9938340807174888,0.28208251121076233,0.6544357160727183,0.7,24.333333333333332,0.0,30.0,False
env_odom_noise,0.06428571428571428,0.030170881682725817,0.026390158215457878,0.12492623529649007,0.725048197875758,-1.8989755721476926,0.9358258928571429,0.9944196428571429,0.2930455357142858,0.6925839642683665,0.7,24.523809523809526,0.0,30.0,False
env_odom_noise,0.06428571428571428,0.030170881682725817,0.03174802103936399,0.12444753348967888,0.7191427703220099,-1.8528526702678303,0.9397790055248619,0.9955801104972376,0.29815911602209955,0.7110610514879226,0.7,24.952380952380953,0.0,30.0,False
env_odom_noise,0.06428571428571428,0.030170881682725817,0.03819366415641666,0.12449565649056567,0.715145374049938,-1.8025771802969448,0.944078947368421,0.9978070175438597,0.3046859649122807,0.7421831617752711,0.6666666666666666,24.6,0.0,30.0,False
env_odom_noise,0.06428571428571428,0.030170881682725817,0.04594793419988139,0.12474190249681393,0.7075709619451196,-1.7396193277582932,0.9507042253521126,0.9978331527627302,0.31133737811484286,0.7734334409236908,0.6666666666666666,25.15,0.0,30.0,False
env_odom_noise,0.06428571428571428,0.030170881682725817,0.055276515198711025,0.1250148460332702,0.6999472406171194,-1.6805230178948056,0.9531416400425985,0.9978700745473909,0.31381171458998935,0.7909335782130559,0.6666666666666666,25.95,0.0,30.0,False
env_odom_noise,0.06428571428571428,0.030170881682725817,0.06649903169142302,0.12471027275462447,0.6974454662174543,-1.618656347804422,0.9545454545454546,0.9978858350951374,0.315231289640592,0.8540639599164327,0.6666666666666666,26.3,0.0,30.0,False
env_odom_noise,0.06428571428571428,0.030170881682725817,0.07999999999999999,0.12441139430849042,0.6901917085841517,-1.5459187018748652,0.9582463465553236,0.9979123173277662,0.3189586638830898,0.8925204202532768,0.6333333333333333,26.263157894736842,0.0,30.0,False
env_odom_noise,0.06428571428571428,0.03684031498640387,0.005000000000000002,0.12477054379145436,0.7500584491013639,-2.010455686938337,0.861849710982659,0.9872832369942196,0.21193294797687856,0.5962005456288656,0.7333333333333333,23.772727272727273,0.0,30.0,False
env_odom_noise,0.06428571428571428,0.03684031498640387,0.006015125180410587,0.1249377607230677,0.7484051198057287,-2.007353130293616,0.8659378596087457,0.9896432681242808,0.21838112773302654,0.5966836805144946,0.7333333333333333,23.954545454545453,0.0,30.0,False
env_odom_noise,0.06428571428571428,0.03684031498640387,0.007236346187201891,0.12493776098006121,0.7449199067826614,-2.0008967202637717,0.875,0.9913990825688074,0.2291990825688074,0.601634189983209,0.7333333333333333,24.09090909090909,0.0,30.0,False
env_odom_noise,0.06428571428571428,0.03684031498640387,0.008705505632961245,0.12493775849420792,0.7430568599578009,-1.9876349270238205,0.8890160183066361,0.9914187643020596,0.2432347826086957,0.6212089464068413,0.7333333333333333,24.181818181818183,0.0,30.0,False
env_odom_noise,0.06428571428571428,0.03684031498640387,0.010472941228206266,0.12510617211519004,0.7423941934318697,-1.9716590654548132,0.9023972602739726,0.9914383561643836,0.2566356164383562,0.63618553429842,0.7333333333333333,24.272727272727273,0.0,30.0,False
env_odom_noise,0.06428571428571428,0.03684031498640387,0.012599210498948734,0.12500779151742003,0.7384599622626284,-1.955712986444364,0.91316685584563,0.9926220204313281,0.26858887627695804,0.6388762185970942,0.7333333333333333,24.5,0.0,30.0,False
env_odom_noise,0.06428571428571428,0.03684031498640387,0.015157165665103976,0.1249598065102801,0.7360666807037283,-1.928802228171306,0.9220338983050848,0.9932203389830508,0.2780542372881356,0.6518699382742246,0.7,24.0,0.0,30.0,False
env_odom_noise,0.06428571428571428,0.03684031498640387,0.018234449771164334,0.12495980498592593,0.7306222699308225,-1.896704259844437,0.9314606741573034,0.9932584269662922,0.2875191011235956,0.66735337326924,0.7,24.238095238095237,0.0,30.0,False
env_odom_noise,0.06428571428571428,0.03684031498640387,0.021936499593892524,0.1249262346115016,0.7251714602556831,-1.8620589337204285,0.9425223214285714,0.9938616071428571,0.2991839285714285,0.6846823036670685,0.7,24.523809523809526,0.0,30.0,False
env_odom_noise,0.06428571428571428,0.03684031498640387,0.026390158215457878,0.12467666560788636,0.7204251725003361,-1.8202893949240233,0.9480088495575221,0.9950221238938053,0.30583097345132737,0.6994191447893778,0.7,24.904761904761905,0.0,30.0,False
env_odom_noise,0.06428571428571428,0.03684031498640387,0.03174802103936399,0.12444965230597765,0.7189065744452283,-1.7741603418535308,0.9531422271223815,0.9955898566703418,0.31153208379272335,0.746091865003109,0.6666666666666666,24.35,0.0,30.0,False
env_odom_noise,0.06428571428571428,0.03684031498640387,0.03819366415641666,0.12474190100916321,0.7116540133502031,-1.723949328979697,0.9586056644880174,0.9978213507625272,0.31922701525054464,0.7615459407369296,0.6666666666666666,24.9,0.0,30.0,False
env_odom_noise,0.06428571428571428,0.03684031498640387,0.04594793419988139,0.12509517791708816,0.7026837370473735,-1.6608256483594888,0.9640171858216972,0.9978517722878625,0.32466895810955965,0.7862515633304914,0.6666666666666666,25.55,0.0,30.0,False
env_odom_noise,0.06428571428571428,0.03684031498640387,0.055276515198711025,0.12506392186372206,0.6999270425502391,-1.606006712133563,0.9649309245483528,0.997874601487779,0.3256055260361318,0.8318704252441724,0.6666666666666666,26.05,0.0,30.0,False
env_odom_noise,0.06428571428571428,0.03684031498640387,0.06649903169142302,0.12471027085371539,0.6944510222420962,-1.5365769932465152,0.9668769716088328,0.9978969505783386,0.3275739221871714,0.888062933087349,0.6666666666666666,26.55,0.0,30.0,False
env_odom_noise,0.06428571428571428,0.03684031498640387,0.07999999999999999,0.12446493993366864,0.6909766586489071,-1.475091625295638,0.9698544698544699,0.997920997920998,0.33057546777546787,0.922768264512221,0.6333333333333333,26.473684210526315,0.0,30.0,False
env_odom_noise,0.06428571428571428,0.04498406187030712,0.005000000000000002,0.12479625462822809,0.7473095976691148,-1.929036215299904,0.8837342497136311,0.9908361970217641,0.2373704467353952,0.619215710957845,0.7333333333333333,24.136363636363637,0.0,30.0,False
env_odom_noise,0.06428571428571428,0.04498406187030712,0.006015125180410587,0.12479625307323577,0.7434642826397765,-1.9246702107495597,0.8904109589041096,0.9914383561643836,0.2446493150684932,0.6199797958135604,0.7333333333333333,24.272727272727273,0.0,30.0,False
env_odom_noise,0.06428571428571428,0.04498406187030712,0.007236346187201891,0.1249641953628236,0.741583339104368,-1.914738075089895,0.8998862343572241,0.9920364050056882,0.2547226393629124,0.6226800747215748,0.7,23.714285714285715,0.0,30.0,False
env_odom_noise,0.06428571428571428,0.04498406187030712,0.008705505632961245,0.12488146126092008,0.741772515196318,-1.9023713570023648,0.9096590909090909,0.9926136363636363,0.26507272727272724,0.6426698764165243,0.7,23.761904761904763,0.0,30.0,False
env_odom_noise,0.06428571428571428,0.04498406187030712,0.010472941228206266,0.12488145932511985,0.7384818806145731,-1.8859929813485183,0.921291053227633,0.9932049830124575,0.2772960362400906,0.652427364885807,0.7,23.904761904761905,0.0,30.0,False
env_odom_noise,0.06428571428571428,0.04498406187030712,0.012599210498948734,0.12483510260373215,0.7365214343028713,-1.867053426239744,0.9289740698985344,0.9932356257046223,0.2850096956031567,0.6590640698870023,0.7,24.095238095238095,0.0,30.0,False
env_odom_noise,0.06428571428571428,0.04498406187030712,0.015157165665103976,0.12483509988278069,0.7289299210260339,-1.840303804350463,0.9373601789709173,0.993847874720358,0.29400805369127525,0.6596858724951744,0.7,24.428571428571427,0.0,30.0,False
env_odom_noise,0.06428571428571428,0.04498406187030712,0.018234449771164334,0.12480199020266255,0.7256546001968498,-1.8111226363344284,0.9459910913140311,0.9938752783964365,0.3026663697104677,0.6824175904194514,0.7,24.61904761904762,0.0,30.0,False
env_odom_noise,0.06428571428571428,0.04498406187030712,0.021936499593892524,0.12480199076539601,0.7232688645231153,-1.7731563515603597,0.9539400665926748,0.9955604883462819,0.3123005549389567,0.718056567509969,0.7,24.761904761904763,0.0,30.0,False
env_odom_noise,0.06428571428571428,0.04498406187030712,0.026390158215457878,0.12455264139900196,0.7201435924584569,-1.7316825142711834,0.9580573951434879,0.9955849889624724,0.31644238410596026,0.750776544213295,0.7,25.0,0.0,30.0,False
env_odom_noise,0.06428571428571428,0.04498406187030712,0.03174802103936399,0.12472208238536064,0.715587645411919,-1.6890516435941745,0.9639344262295082,0.9972677595628415,0.32400218579234974,0.7611778701345125,0.6666666666666666,24.75,0.0,30.0,False
env_odom_noise,0.06428571428571428,0.04498406187030712,0.03819366415641666,0.12509999259595891,0.7079252046864157,-1.6376821797461418,0.9697624190064795,0.9983801295896328,0.3309425485961124,0.7778698682785035,0.6666666666666666,25.3,0.0,30.0,False
env_odom_noise,0.06428571428571428,0.04498406187030712,0.04594793419988139,0.1250862803432911,0.702664586061493,-1.5815516639307567,0.9722518676627535,0.9983991462113126,0.33345101387406617,0.8147585292657217,0.6666666666666666,25.85,0.0,30.0,False
env_odom_noise,0.06428571428571428,0.04498406187030712,0.055276515198711025,0.12506106131258954,0.6977204415154454,-1.5234612394633964,0.9741288278775079,0.9984160506863781,0.33534487856388595,0.8599653179446857,0.6666666666666666,26.35,0.0,30.0,False
env_odom_noise,0.06428571428571428,0.04498406187030712,0.06649903169142302,0.12474317219570381,0.6922589514019699,-1.4581886993189472,0.9759665621734587,0.9984326018808778,0.3371991640543365,0.912453006207943,0.6666666666666666,26.85,0.0,30.0,False
env_odom_noise,0.06428571428571428,0.04498406187030712,0.07999999999999999,0.12411965558502175,0.6889017958249599,-1.3961511086034262,0.9782833505687694,0.9984488107549121,0.33953216132368147,0.9528926814595858,0.6333333333333333,26.736842105263158,0.0,30.0,False
env_odom_noise,0.06428571428571428,0.054928027165305905,0.005000000000000002,0.12488255392511699,0.7413931755271477,-1.838380941279318,0.9013605442176871,0.9909297052154195,0.25509024943310654,0.6371068509916464,0.7,23.857142857142858,0.0,30.0,False
env_odom_noise,0.06428571428571428,0.054928027165305905,0.006015125180410587,0.1248825526094332,0.7393476791750603,-1.8302749196994312,0.9083710407239819,0.9926470588235294,0.26381809954751134,0.6485778408745925,0.7,23.952380952380953,0.0,30.0,False
env_odom_noise,0.06428571428571428,0.054928027165305905,0.007236346187201891,0.12488255362296169,0.7381518569615194,-1.8197365029068608,0.9152542372881356,0.9926553672316384,0.270709604519774,0.6617898235718409,0.7,24.0,0.0,30.0,False
env_odom_noise,0.06428571428571428,0.054928027165305905,0.008705505632961245,0.12488255269919457,0.7370469296234478,-1.8058466160913171,0.9249435665914221,0.9932279909706546,0.2809715575620767,0.6792436242103577,0.7,24.047619047619047,0.0,30.0,False
env_odom_noise,0.06428571428571428,0.054928027165305905,0.010472941228206266,0.1248351014192031,0.7361713464874763,-1.7891276979236843,0.9307432432432432,0.9932432432432432,0.2867864864864864,0.6944533680876096,0.7,24.142857142857142,0.0,30.0,False
env_odom_noise,0.06428571428571428,0.054928027165305905,0.012599210498948734,0.12483509870297975,0.7295455200644497,-1.767997023232923,0.9401565995525727,0.993847874720358,0.29680447427293066,0.6948698038856188,0.7,24.428571428571427,0.0,30.0,False
env_odom_noise,0.06428571428571428,0.054928027165305905,0.015157165665103976,0.1248351000067946,0.7271735777068435,-1.740257361446078,0.9487179487179487,0.9938684503901896,0.30538639910813825,0.7165205672383308,0.7,24.571428571428573,0.0,30.0,False
env_odom_noise,0.06428571428571428,0.054928027165305905,0.018234449771164334,0.125240026633151,0.7251286558554336,-1.7111656018592014,0.9578246392896781,0.9955604883462819,0.31618512763595996,0.7385760580499967,0.7,24.761904761904763,0.0,30.0,False
env_odom_noise,0.06428571428571428,0.054928027165305905,0.021936499593892524,0.12528997195571737,0.7218517409678883,-1.675279992136439,0.9629834254143647,0.9955801104972376,0.32136353591160227,0.7683743894100189,0.7,24.952380952380953,0.0,30.0,False
env_odom_noise,0.06428571428571428,0.054928027165305905,0.026390158215457878,0.12481322672671828,0.7149388724201239,-1.638320504015984,0.9666666666666667,0.9961748633879781,0.3256415300546448,0.7637615372737249,0.6666666666666666,24.75,0.0,30.0,False
env_odom_noise,0.06428571428571428,0.054928027165305905,0.03174802103936399,0.1250999941446731,0.7098096947542617,-1.5946241375263015,0.9724324324324324,0.9972972972972973,0.3325297297297297,0.7759975905219714,0.6666666666666666,25.25,0.0,30.0,False
env_odom_noise,0.06428571428571428,0.054928027165305905,0.03819366415641666,0.12521961141754656,0.7048326201813786,-1.5418275233457035,0.976931330472103,0.9983905579399142,0.3381218884120172,0.8180260052283604,0.6666666666666666,25.6,0.0,30.0,False
env_odom_noise,0.06428571428571428,0.054928027165305905,0.04594793419988139,0.1250876018020956,0.6999854541342432,-1.4928226808769853,0.9798515376458112,0.9984093319194062,0.3410608695652174,0.8522388080755869,0.6666666666666666,26.15,0.0,30.0,False
env_odom_noise,0.06428571428571428,0.054928027165305905,0.055276515198711025,0.12480504517069259,0.6927906451104834,-1.4322017168689174,0.9806079664570231,0.9984276729559748,0.3418356394129979,0.8927212710181872,0.6666666666666666,26.7,0.0,30.0,False
env_odom_noise,0.06428571428571428,0.054928027165305905,0.06649903169142302,0.12454281709170822,0.6900075068377914,-1.3723874787826347,0.9828660436137072,0.9984423676012462,0.3441084112149534,0.9424447178840637,0.6333333333333333,26.526315789473685,0.0,30.0,False
env_odom_noise,0.06428571428571428,0.054928027165305905,0.07999999999999999,0.1243074575414657,0.6862464774477552,-1.310369123377682,0.9845679012345679,0.9989711934156379,0.34633909465020585,0.9893453265229861,0.6,26.333333333333332,0.0,30.0,False
env_odom_noise,0.06428571428571428,0.06707015869245214,0.005000000000000002,0.12532250350255647,0.7367291553187987,-1.7347324016034604,0.9161036036036037,0.9932432432432432,0.27214684684684687,0.6919560844699542,0.7,24.142857142857142,0.0,30.0,False
env_odom_noise,0.06428571428571428,0.06707015869245214,0.006015125180410587,0.12532250111907425,0.7368621591389961,-1.725035998650783,0.9206081081081081,0.9932432432432432,0.2766513513513513,0.7089980766177177,0.7,24.142857142857142,0.0,30.0,False
env_odom_noise,0.06428571428571428,0.06707015869245214,0.007236346187201891,0.12532409333464692,0.7335061704371659,-1.7165043850409103,0.9277715565509519,0.9932810750279956,0.28385263157894747,0.6972851619124413,0.7,24.38095238095238,0.0,30.0,False
env_odom_noise,0.06428571428571428,0.06707015869245214,0.008705505632961245,0.12532409332493236,0.7311909689801716,-1.7021542275804749,0.9368715083798883,0.9932960893854749,0.2929675977653632,0.7093590527772904,0.7,24.476190476190474,0.0,30.0,False
env_odom_noise,0.06428571428571428,0.06707015869245214,0.010472941228206266,0.125324094059821,0.7279742180731483,-1.6829913723042953,0.9454949944382648,0.9933259176863182,0.301620912124583,0.7186044211188952,0.7,24.666666666666668,0.0,30.0,False
env_odom_noise,0.06428571428571428,0.06707015869245214,0.012599210498948734,0.12532409470867212,0.723581359876402,-1.6611786150752568,0.9518272425249169,0.9944629014396457,0.3090901439645626,0.7269933670759201,0.7,24.857142857142858,0.0,30.0,False
env_odom_noise,0.06428571428571428,0.06707015869245214,0.015157165665103976,0.12528997380918208,0.7215060176308017,-1.6366274915828463,0.9591611479028698,0.9955849889624724,0.31754613686534217,0.7495289236307144,0.7,25.0,0.0,30.0,False
env_odom_noise,0.06428571428571428,0.06707015869245214,0.018234449771164334,0.12541113566325401,0.7184594485530722,-1.6067425544146507,0.9648351648351648,0.9956043956043956,0.3232395604395605,0.7699002097050349,0.7,25.19047619047619,0.0,30.0,False
env_odom_noise,0.06428571428571428,0.06707015869245214,0.021936499593892524,0.12523130957887008,0.7147838598824746,-1.5754306714741757,0.970010905125409,0.9956379498364231,0.32844885496183207,0.7729718084136645,0.6666666666666666,24.85,0.0,30.0,False
env_odom_noise,0.06428571428571428,0.06707015869245214,0.026390158215457878,0.12506548740420073,0.711698539747733,-1.5376966333121302,0.9751082251082251,0.9962121212121212,0.3341203463203464,0.795763437449932,0.6666666666666666,25.2,0.0,30.0,False
env_odom_noise,0.06428571428571428,0.06707015869245214,0.03174802103936399,0.12521961187112343,0.7079260802013957,-1.4931986170372014,0.9790096878363832,0.9973089343379978,0.33911862217438105,0.8353657046953837,0.6666666666666666,25.45,0.0,30.0,False
env_odom_noise,0.06428571428571428,0.06707015869245214,0.03819366415641666,0.12514137007898718,0.7002772313559185,-1.4438187478821403,0.9840255591054313,0.9984025559105432,0.3452281150159745,0.8640541156133016,0.6666666666666666,25.95,0.0,30.0,False
env_odom_noise,0.06428571428571428,0.06707015869245214,0.04594793419988139,0.12508760139494035,0.6958376533946421,-1.3919100133311206,0.9847207586933614,0.9984193888303478,0.34594014752370916,0.9041229888796807,0.6666666666666666,26.45,0.0,30.0,False
env_odom_noise,0.06428571428571428,0.06707015869245214,0.055276515198711025,0.12470905479461357,0.6926510175353191,-1.3362734933279585,0.9848484848484849,0.9984326018808778,0.34608108672936266,0.9578425531586011,0.6666666666666666,26.85,0.0,30.0,False
env_odom_noise,0.06428571428571428,0.06707015869245214,0.06649903169142302,0.12453504533376218,0.6895370683705419,-1.2811049307824154,0.9870867768595041,0.9984504132231405,0.34833719008264463,0.9925877928733826,0.6333333333333333,26.789473684210527,0.0,30.0,False
env_odom_noise,0.06428571428571428,0.06707015869245214,0.07999999999999999,0.12440397771687028,0.6876881414371566,-1.2212582751007592,0.9887063655030801,0.9989733059548255,0.3504796714579056,1.0557068387667339,0.6,26.444444444444443,0.0,30.0,False
env_odom_noise,0.06428571428571428,0.08189637274779156,0.005000000000000002,0.12537882030482447,0.7283368527678733,-1.6262573701715564,0.9323725055432373,0.9939024390243902,0.2890749445676275,0.7064336031675339,0.7,24.80952380952381,0.0,30.0,False
env_odom_noise,0.06428571428571428,0.08189637274779156,0.006015125180410587,0.12537882149032406,0.7272262662148339,-1.6165833124990858,0.9401993355481728,0.9939091915836102,0.29690852713178306,0.7169286012649536,0.7,24.857142857142858,0.0,30.0,False
env_odom_noise,0.06428571428571428,0.08189637274779156,0.007236346187201891,0.1253788184686692,0.7255923224914549,-1.6037895834093971,0.9469613259668508,0.9939226519337017,0.30368397790055246,0.7296786352992057,0.7,24.952380952380953,0.0,30.0,False
env_odom_noise,0.06428571428571428,0.08189637274779156,0.008705505632961245,0.12537881932604325,0.7237208029940252,-1.5889875667608657,0.9525909592061742,0.9944873208379272,0.30987828004410145,0.7400784566998482,0.7,25.047619047619047,0.0,30.0,False
env_odom_noise,0.06428571428571428,0.08189637274779156,0.010472941228206266,0.12537881978485832,0.7217132949169446,-1.5706232426615456,0.9592959295929593,0.995049504950495,0.31714543454345434,0.7555774256587029,0.7,25.142857142857142,0.0,30.0,False
env_odom_noise,0.06428571428571428,0.08189637274779156,0.012599210498948734,0.12534481243800685,0.7219784487579346,-1.5498428901858,0.9637362637362638,0.9950549450549451,0.32159120879120884,0.7845252061883609,0.7,25.19047619047619,0.0,30.0,False
env_odom_noise,0.06428571428571428,0.08189637274779156,0.015157165665103976,0.12534481001845027,0.7176539034589252,-1.5247906540756806,0.9704595185995624,0.9956236323851203,0.3288831509846827,0.7923037454485893,0.6666666666666666,24.7,0.0,30.0,False
env_odom_noise,0.06428571428571428,0.08189637274779156,0.018234449771164334,0.1254150141296723,0.7136709705987699,-1.4967531723302858,0.9755168661588683,0.9956474428726877,0.33396430903155605,0.806507807970047,0.6666666666666666,24.95,0.0,30.0,False
env_odom_noise,0.06428571428571428,0.08189637274779156,0.021936499593892524,0.12511322247112044,0.7114797792990758,-1.466544794039219,0.978401727861771,0.9956803455723542,0.33688207343412524,0.8181108896931012,0.6666666666666666,25.3,0.0,30.0,False
env_odom_noise,0.06428571428571428,0.08189637274779156,0.026390158215457878,0.12515526520967468,0.7077053237849127,-1.4288270867586035,0.9833690987124464,0.9973175965665236,0.34348669527897,0.8445998986562093,0.6666666666666666,25.6,0.0,30.0,False
env_odom_noise,0.06428571428571428,0.08189637274779156,0.03174802103936399,0.12515526711219851,0.7031273968804723,-1.3871760368115307,0.9871931696905016,0.9983991462113126,0.3483923159018143,0.8849059199293454,0.6666666666666666,25.85,0.0,30.0,False
env_odom_noise,0.06428571428571428,0.08189637274779156,0.03819366415641666,0.1254027183789804,0.6982925178496722,-1.341956594506566,0.989451476793249,0.9984177215189873,0.3506691983122363,0.9059578801194826,0.6666666666666666,26.4,0.0,30.0,False
env_odom_noise,0.06428571428571428,0.08189637274779156,0.04594793419988139,0.1251867096736134,0.6944512656194051,-1.2905401850737086,0.9895506792058516,0.9984326018808778,0.3507832810867294,0.952092777689298,0.6666666666666666,26.85,0.0,30.0,False
env_odom_noise,0.06428571428571428,0.08189637274779156,0.055276515198711025,0.12487991173689189,0.6913001811013451,-1.2376324080354781,0.9917098445595854,0.9984455958549223,0.35295544041450777,1.0046967084209124,0.6666666666666666,27.25,0.0,30.0,False
env_odom_noise,0.06428571428571428,0.08189637274779156,0.06649903169142302,0.1243457548986574,0.6891805783891345,-1.1888774840495078,0.9923076923076923,0.9989743589743589,0.3540820512820513,1.03666247377793,0.6,26.5,0.0,30.0,False
env_odom_noise,0.06428571428571428,0.08189637274779156,0.07999999999999999,0.12424251727566839,0.6842576084537246,-1.1262868121811276,0.9939024390243902,0.9989837398373984,0.35568617886178866,1.0904357954859734,0.6,27.0,0.0,30.0,False
env_odom_noise,0.06428571428571428,0.10000000000000002,0.005000000000000002,0.12529732967546106,0.72277533660195,-1.5040156681790815,0.9483516483516483,0.9945054945054945,0.30565714285714285,0.7775122642517089,0.7,25.19047619047619,0.0,30.0,False
env_odom_noise,0.06428571428571428,0.10000000000000002,0.006015125180410587,0.1252973320991509,0.7229073222263599,-1.4934871234112652,0.9543956043956044,0.9945054945054945,0.311701098901099,0.7934507643183072,0.7,25.19047619047619,0.0,30.0,False
env_odom_noise,0.06428571428571428,0.10000000000000002,0.007236346187201891,0.12529733091745665,0.7208345140756318,-1.481027283917271,0.9572368421052632,0.9945175438596491,0.31455438596491225,0.7957360704739889,0.6666666666666666,24.6,0.0,30.0,False
env_odom_noise,0.06428571428571428,0.10000000000000002,0.008705505632961245,0.12526359939194223,0.7196631180871043,-1.4673006970250624,0.962253829321663,0.9950765864332604,0.3201304157549234,0.8095499848326048,0.6666666666666666,24.7,0.0,30.0,False
env_odom_noise,0.06428571428571428,0.10000000000000002,0.010472941228206266,0.1253338266160804,0.7141885653550073,-1.4518223482318016,0.966304347826087,0.9956521739130435,0.3247565217391305,0.8004288961489995,0.6666666666666666,25.0,0.0,30.0,False
env_odom_noise,0.06428571428571428,0.10000000000000002,0.012599210498948734,0.12533382837334972,0.7129128861626279,-1.4304733499204383,0.9712581344902386,0.9956616052060737,0.3297197396963123,0.8201709628105164,0.6666666666666666,25.1,0.0,30.0,False
env_odom_noise,0.06428571428571428,0.10000000000000002,0.015157165665103976,0.1255262963976905,0.7132179452316584,-1.4067822530490641,0.97670639219935,0.9956663055254604,0.3351726977248104,0.8512838512659073,0.6666666666666666,25.15,0.0,30.0,False
env_odom_noise,0.06428571428571428,0.10000000000000002,0.018234449771164334,0.1254483854894503,0.7117302189656397,-1.380786638760571,0.9789870689655172,0.9956896551724138,0.33747672413793106,0.8654837727546691,0.6666666666666666,25.4,0.0,30.0,False
env_odom_noise,0.06428571428571428,0.10000000000000002,0.021936499593892524,0.12511362091051234,0.707710976640351,-1.3508443027553816,0.9834047109207709,0.9973233404710921,0.34352805139186293,0.8832251742482186,0.6666666666666666,25.7,0.0,30.0,False
env_odom_noise,0.06428571428571428,0.10000000000000002,0.026390158215457878,0.1252662015350403,0.7028815572134017,-1.316278459863643,0.9861702127659574,0.9973404255319149,0.34631063829787234,0.907153042157491,0.6666666666666666,26.0,0.0,30.0,False
env_odom_noise,0.06428571428571428,0.10000000000000002,0.03174802103936399,0.12518857972025524,0.6991484439530372,-1.2743508544387274,0.9878563885955649,0.9984160506863781,0.349072439281943,0.9405245607097944,0.6666666666666666,26.35,0.0,30.0,False
env_odom_noise,0.06428571428571428,0.10000000000000002,0.03819366415641666,0.12517775798952027,0.6959005463639275,-1.231895046737488,0.990073145245559,0.9984326018808778,0.3513057471264368,0.968953475356102,0.6666666666666666,26.85,0.0,30.0,False
env_odom_noise,0.06428571428571428,0.10000000000000002,0.04594793419988139,0.12522040954535837,0.6923058988111999,-1.185203431387867,0.9901452282157677,0.9984439834024896,0.3513892116182573,1.016961687306563,0.6666666666666666,27.2,0.0,30.0,False
env_odom_noise,0.06428571428571428,0.10000000000000002,0.055276515198711025,0.12455606466144724,0.6887463308524738,-1.137801831350033,0.9917864476386037,0.9984599589322382,0.35304640657084185,1.0479929894208908,0.6,26.444444444444443,0.0,30.0,False
env_odom_noise,0.06428571428571428,0.10000000000000002,0.06649903169142302,0.12398939640424632,0.685739134969467,-1.084597172089256,0.9933875890132248,0.9989827060020345,0.3551702950152593,1.0977819393078485,0.6,26.944444444444443,0.0,30.0,False
env_odom_noise,0.06428571428571428,0.10000000000000002,0.07999999999999999,0.12424935369302434,0.6830829705296704,-1.0277282083351276,0.9939455095862765,0.9989909182643795,0.35573642785065596,1.1435079579552014,0.5666666666666667,26.705882352941178,0.0,30.0,False
env_odom_noise,0.08571428571428572,0.005000000000000002,0.005000000000000002,0.1253740378641381,0.8391948745554617,-1.34699537918474,0.5303933253873659,0.8283671036948749,0.27843957091775917,0.4435093241433303,0.8,23.958333333333332,0.0,30.0,False
env_odom_noise,0.08571428571428572,0.005000000000000002,0.006015125180410587,0.1252389049855004,0.8384996641822705,-1.4932116971158744,0.5422116527942925,0.8400713436385255,0.25491700356718194,0.4561002706487974,0.8,24.041666666666668,0.0,30.0,False
env_odom_noise,0.08571428571428572,0.005000000000000002,0.007236346187201891,0.12512373371500451,0.8376957696864055,-1.614837037816127,0.561091340450771,0.8540925266903915,0.22201613285883748,0.4649976797401905,0.8,24.125,0.0,30.0,False
env_odom_noise,0.08571428571428572,0.005000000000000002,0.008705505632961245,0.1252009703049245,0.8357077447429228,-1.709771725842211,0.5768321513002365,0.8693853427895981,0.1909825059101654,0.4719830684363842,0.8,24.25,0.0,30.0,False
env_odom_noise,0.08571428571428572,0.005000000000000002,0.010472941228206266,0.12474433541213056,0.8323984031115368,-1.7910821513459587,0.5981198589894242,0.8807285546415982,0.15835158636897761,0.48339719598491987,0.8,24.458333333333332,0.0,30.0,False
env_odom_noise,0.08571428571428572,0.005000000000000002,0.012599210498948734,0.12474433378545603,0.8266794242566536,-1.8401478420305204,0.615070093457944,0.8901869158878505,0.13194299065420556,0.500963478287061,0.7666666666666667,24.043478260869566,0.0,30.0,True
env_odom_noise,0.08571428571428572,0.005000000000000002,0.015157165665103976,0.12491417064352978,0.8226877761057656,-1.87492659973012,0.6329849012775842,0.8989547038327527,0.1052603948896631,0.49879035850365955,0.7666666666666667,24.26086956521739,0.0,30.0,True
env_odom_noise,0.08571428571428572,0.005000000000000002,0.018234449771164334,0.12502500935619756,0.8223514023002861,-1.8879549354086973,0.6523754345307068,0.9049826187717266,0.07984194669756661,0.5277858659625053,0.7666666666666667,24.347826086956523,0.0,30.0,True
env_odom_noise,0.08571428571428572,0.005000000000000002,0.021936499593892524,0.1250250120025643,0.8182848597263291,-1.8831883570148535,0.6728110599078341,0.9089861751152074,0.05540276497695851,0.558405514061451,0.7666666666666667,24.565217391304348,0.0,30.0,True
env_odom_noise,0.08571428571428572,0.005000000000000002,0.026390158215457878,0.1251604749010063,0.8140933289650055,-1.867721960124502,0.6899313501144165,0.914187643020595,0.04754370709382161,0.5855608806014061,0.7666666666666667,24.82608695652174,0.0,30.0,True
env_odom_noise,0.08571428571428572,0.005000000000000002,0.03174802103936399,0.12495408286988502,0.8078586452972031,-1.8520321414973897,0.7063492063492064,0.9178004535147393,0.06034875283446717,0.5984312693277994,0.7333333333333333,24.545454545454547,0.0,30.0,True
env_odom_noise,0.08571428571428572,0.005000000000000002,0.03819366415641666,0.1243556375512474,0.801664106553181,-1.82584494289712,0.7219730941704036,0.9209641255605381,0.07280896860986552,0.6216294916967551,0.7333333333333333,25.0,0.0,30.0,True
env_odom_noise,0.08571428571428572,0.005000000000000002,0.04594793419988139,0.12469989857721123,0.7983789567779758,-1.777563635314381,0.7332962138084632,0.9214922048997772,0.08360400890868602,0.6702787895997365,0.7333333333333333,25.272727272727273,0.0,30.0,True
env_odom_noise,0.08571428571428572,0.005000000000000002,0.055276515198711025,0.12460707757738217,0.7885975923434418,-1.7182006805642023,0.7442371020856202,0.9237102085620198,0.09232689352360046,0.7010783861080806,0.7,25.238095238095237,0.0,30.0,True
env_odom_noise,0.08571428571428572,0.005000000000000002,0.06649903169142302,0.124566921629911,0.7829746384395163,-1.668171824316732,0.7548596112311015,0.9244060475161987,0.1022535637149028,0.7123222306370736,0.6666666666666666,25.3,0.0,30.0,False
env_odom_noise,0.08571428571428572,0.005000000000000002,0.07999999999999999,0.12421145595357318,0.776975394562123,-1.606994176565794,0.7607066381156317,0.9277301927194861,0.10477644539614561,0.7731368929147721,0.6666666666666666,25.7,0.05,30.0,False
env_odom_noise,0.08571428571428572,0.006105276500337843,0.005000000000000002,0.12523890333086043,0.8396493486633939,-1.4773169078032973,0.5488095238095239,0.8529761904761904,0.2354142857142857,0.4536280592282613,0.8,24.0,0.0,30.0,False
env_odom_noise,0.08571428571428572,0.006105276500337843,0.006015125180410587,0.12512373137664476,0.8378733725496706,-1.6089951931758297,0.5658362989323843,0.863582443653618,0.20778125741399767,0.4626117244362831,0.8,24.125,0.0,30.0,False
env_odom_noise,0.08571428571428572,0.006105276500337843,0.007236346187201891,0.12520096866459257,0.837091161558335,-1.7174677780176137,0.5792899408284023,0.878698224852071,0.1792118343195266,0.4708605383833249,0.8,24.208333333333332,0.0,30.0,False
env_odom_noise,0.08571428571428572,0.006105276500337843,0.008705505632961245,0.12520097091903468,0.8361446318718049,-1.8025389393576143,0.5986997635933806,0.8918439716312057,0.1466562647754137,0.48915012975533806,0.8,24.25,0.0,30.0,True
env_odom_noise,0.08571428571428572,0.006105276500337843,0.010472941228206266,0.12474433359457933,0.8328306643286307,-1.8767504087165532,0.6169212690951822,0.9030552291421856,0.11722350176263219,0.4978118094305197,0.7666666666666667,23.82608695652174,0.0,30.0,True
env_odom_noise,0.08571428571428572,0.006105276500337843,0.012599210498948734,0.12474433449731898,0.8254217871635285,-1.9231742803345468,0.6341890315052509,0.911318553092182,0.09169241540256712,0.5091863845785459,0.7666666666666667,24.08695652173913,0.0,30.0,True
env_odom_noise,0.08571428571428572,0.006105276500337843,0.015157165665103976,0.12502500823541945,0.8222510380026868,-1.9528959172494227,0.6517960602549246,0.9200463499420626,0.06535758980301276,0.5017835721373558,0.7666666666666667,24.347826086956523,0.0,30.0,True
env_odom_noise,0.08571428571428572,0.006105276500337843,0.018234449771164334,0.12502500741886807,0.8205808382705073,-1.9637600651225022,0.6705202312138728,0.9248554913294798,0.04182427745664741,0.53448459704717,0.7666666666666667,24.434782608695652,0.0,30.0,True
env_odom_noise,0.08571428571428572,0.006105276500337843,0.021936499593892524,0.12502500735050887,0.8187090983219654,-1.9571780032217674,0.6918202764976958,0.929147465437788,0.03447281105990785,0.5754853084683418,0.7666666666666667,24.565217391304348,0.0,30.0,True
env_odom_noise,0.08571428571428572,0.006105276500337843,0.026390158215457878,0.12507603918096366,0.8115834032788396,-1.9457364436562412,0.7075256556442417,0.935005701254276,0.04431995438996583,0.5824133311708768,0.7333333333333333,24.318181818181817,0.0,30.0,True
env_odom_noise,0.08571428571428572,0.006105276500337843,0.03174802103936399,0.12495408351491068,0.8082800442153985,-1.9239714014728881,0.7250566893424036,0.937641723356009,0.05921496598639464,0.6156590645511945,0.7333333333333333,24.545454545454547,0.0,30.0,True
env_odom_noise,0.08571428571428572,0.006105276500337843,0.03819366415641666,0.12435563477971759,0.8016118032000639,-1.8945872875203442,0.7413213885778276,0.9400895856662934,0.07303180291153422,0.6346905857324601,0.7333333333333333,25.045454545454547,0.0,30.0,True
env_odom_noise,0.08571428571428572,0.006105276500337843,0.04594793419988139,0.12469989939574859,0.7987997219590569,-1.848560838992817,0.7527839643652561,0.9409799554565702,0.08360400890868591,0.6877596894900004,0.7333333333333333,25.272727272727273,0.0,30.0,True
env_odom_noise,0.08571428571428572,0.006105276500337843,0.055276515198711025,0.12437904634140312,0.7855846703219229,-1.7948224389850078,0.7625272331154684,0.9433551198257081,0.0909721132897604,0.6839088583985965,0.7,25.571428571428573,0.0,30.0,True
env_odom_noise,0.08571428571428572,0.006105276500337843,0.06649903169142302,0.12456692052222218,0.7834017770697654,-1.7385388299227027,0.7737580993520519,0.9438444924406048,0.10171360691144715,0.7297004570563634,0.6666666666666666,25.3,0.0,30.0,False
env_odom_noise,0.08571428571428572,0.006105276500337843,0.07999999999999999,0.12421145408235162,0.7765839525317725,-1.6756222017925473,0.7796791443850267,0.9470588235294117,0.10442032085561503,0.7861293842395146,0.6666666666666666,25.75,0.05,30.0,False
env_odom_noise,0.08571428571428572,0.007454880229115496,0.005000000000000002,0.12512373113596903,0.8381476463249047,-1.5765305355022265,0.5788849347568209,0.8748517200474496,0.1834633451957295,0.46524467716614404,0.8,24.125,0.0,30.0,False
env_odom_noise,0.08571428571428572,0.007454880229115496,0.006015125180410587,0.12520097026085927,0.8373292937120047,-1.6935458008840896,0.5923076923076923,0.8863905325443787,0.15850177514792896,0.4704387553036213,0.8,24.208333333333332,0.0,30.0,False
env_odom_noise,0.08571428571428572,0.007454880229115496,0.007236346187201891,0.1252009722307726,0.8363392248912166,-1.7891924123142278,0.607565011820331,0.9013002364066194,0.12833475177304965,0.4838937292496363,0.8,24.25,0.0,30.0,True
env_odom_noise,0.08571428571428572,0.007454880229115496,0.008705505632961245,0.12504445127505928,0.8366375912974253,-1.868778205784096,0.6269185360094451,0.91086186540732,0.0994195985832349,0.5085356913506984,0.8,24.291666666666668,0.0,30.0,True
env_odom_noise,0.08571428571428572,0.007454880229115496,0.010472941228206266,0.12474433384794206,0.827046519748969,-1.9323845933874109,0.6448598130841121,0.923481308411215,0.06885887850467287,0.49625102132558824,0.7666666666666667,24.043478260869566,0.0,30.0,True
env_odom_noise,0.08571428571428572,0.007454880229115496,0.012599210498948734,0.12485614595661433,0.8250305611062457,-1.9741048759195388,0.6612339930151339,0.9289871944121071,0.04697881257275904,0.5136965349316597,0.7666666666666667,24.17391304347826,0.0,30.0,True
env_odom_noise,0.08571428571428572,0.007454880229115496,0.015157165665103976,0.12502501016919304,0.8212309515787556,-2.0015410592350134,0.6805555555555556,0.9392361111111112,0.017408333333333248,0.5138395980000496,0.7666666666666667,24.391304347826086,0.0,30.0,True
env_odom_noise,0.08571428571428572,0.007454880229115496,0.018234449771164334,0.12502500958515053,0.8205571959173984,-2.007316827636456,0.6968822170900693,0.9422632794457275,0.026418937644341778,0.5489122773210208,0.7666666666666667,24.47826086956522,0.0,30.0,True
env_odom_noise,0.08571428571428572,0.007454880229115496,0.021936499593892524,0.125025009879284,0.816560258033306,-2.0009004881433863,0.7166666666666667,0.9477011494252874,0.040765517241379334,0.577019527554512,0.7333333333333333,24.0,0.0,30.0,True
env_odom_noise,0.08571428571428572,0.007454880229115496,0.026390158215457878,0.12495408328518168,0.8120564158220245,-1.9930697470158847,0.7332195676905574,0.9522184300341296,0.0528011376564278,0.586389671266079,0.7333333333333333,24.40909090909091,0.0,30.0,True
env_odom_noise,0.08571428571428572,0.007454880229115496,0.03174802103936399,0.12495408369320746,0.808754123981979,-1.9653319093077668,0.7505668934240363,0.9546485260770975,0.06801541950113377,0.6351476609706879,0.7333333333333333,24.545454545454547,0.0,30.0,True
env_odom_noise,0.08571428571428572,0.007454880229115496,0.03819366415641666,0.12454042100576423,0.8004892836705048,-1.9355020408025905,0.7670391061452514,0.9569832402234637,0.08682234636871511,0.6393360838294029,0.7333333333333333,25.136363636363637,0.0,30.0,True
env_odom_noise,0.08571428571428572,0.007454880229115496,0.04594793419988139,0.124699897132394,0.7969600497841554,-1.8870929086561379,0.7783333333333333,0.9577777777777777,0.09891111111111106,0.6977831408381462,0.7333333333333333,25.363636363636363,0.0,30.0,True
env_odom_noise,0.08571428571428572,0.007454880229115496,0.055276515198711025,0.12459273385052173,0.7860579591847179,-1.8384337902461525,0.7855591748099892,0.9592833876221498,0.10764256243213899,0.6775144467751185,0.6666666666666666,25.05,0.0,30.0,False
env_odom_noise,0.08571428571428572,0.007454880229115496,0.06649903169142302,0.1245669207644908,0.7838807160149072,-1.7788278624624976,0.7985961123110151,0.9600431965442765,0.12143930885529164,0.7492360939582189,0.6666666666666666,25.3,0.0,30.0,False
env_odom_noise,0.08571428571428572,0.007454880229115496,0.07999999999999999,0.12421145681758962,0.7748455081721713,-1.7158503893943324,0.804162219850587,0.9631803628601922,0.13014258271077916,0.7946914414564769,0.6666666666666666,25.85,0.05,30.0,False
env_odom_noise,0.08571428571428572,0.009102821015130404,0.005000000000000002,0.12520097214401402,0.8376728506197855,-1.6512352901920404,0.6076923076923076,0.8911242603550296,0.13838343195266278,0.4754967950284481,0.8,24.208333333333332,0.0,30.0,True
env_odom_noise,0.08571428571428572,0.009102821015130404,0.006015125180410587,0.12520097077676673,0.8369804175735149,-1.7512954470097395,0.6199763593380615,0.9036643026004728,0.11355933806146568,0.4848439159492652,0.8,24.25,0.0,30.0,True
env_odom_noise,0.08571428571428572,0.009102821015130404,0.007236346187201891,0.12520097139025685,0.8359908238085604,-1.835628670765489,0.6345926800472255,0.9155844155844156,0.08702290436835891,0.49905727381507553,0.8,24.291666666666668,0.0,30.0,True
env_odom_noise,0.08571428571428572,0.009102821015130404,0.008705505632961245,0.12504444837624293,0.8357895762205366,-1.9047536270454357,0.6513545347467609,0.928150765606596,0.05769469964664309,0.5246969650189082,0.7666666666666667,23.73913043478261,0.0,30.0,True
env_odom_noise,0.08571428571428572,0.009102821015130404,0.010472941228206266,0.12474433468142337,0.8259106190405301,-1.9652870975005283,0.6721120186697783,0.9375729288214703,0.027515052508751414,0.509129565457503,0.7666666666666667,24.08695652173913,0.0,30.0,True
env_odom_noise,0.08571428571428572,0.009102821015130404,0.012599210498948734,0.12502500856547066,0.8240604929470189,-2.0041946717525176,0.6879350348027842,0.9431554524361949,0.016579582366589296,0.5126363031566143,0.7666666666666667,24.304347826086957,0.0,30.0,True
env_odom_noise,0.08571428571428572,0.009102821015130404,0.015157165665103976,0.12502500704403458,0.8205772016096129,-2.0211985802715353,0.7066974595842956,0.9532332563510393,0.0252642032332564,0.526987720032533,0.7666666666666667,24.47826086956522,0.0,30.0,True
env_odom_noise,0.08571428571428572,0.009102821015130404,0.018234449771164334,0.12502500890439316,0.8189263309125411,-2.0261372544862213,0.7223502304147466,0.9556451612903226,0.040795391705069184,0.5600813726584116,0.7333333333333333,23.90909090909091,0.0,30.0,True
env_odom_noise,0.08571428571428572,0.009102821015130404,0.021936499593892524,0.1251604725816019,0.8158570885932334,-2.0207185942530725,0.7411225658648339,0.9610538373424972,0.06497640320733111,0.5872553164760271,0.7333333333333333,24.136363636363637,0.0,30.0,True
env_odom_noise,0.08571428571428572,0.009102821015130404,0.026390158215457878,0.12495408170498698,0.8125893516916161,-2.0098452977371766,0.7571103526734926,0.9641638225255973,0.08407417519908988,0.6082268223166466,0.7333333333333333,24.40909090909091,0.0,30.0,True
env_odom_noise,0.08571428571428572,0.009102821015130404,0.03174802103936399,0.12469974418042701,0.8052408230012771,-1.9866162741587137,0.7756482525366404,0.9673055242390078,0.10575377677564823,0.6255899488925933,0.7333333333333333,24.772727272727273,0.0,30.0,True
env_odom_noise,0.08571428571428572,0.009102821015130404,0.03819366415641666,0.12454041944824192,0.8010220318249256,-1.9508070325002884,0.7921787709497207,0.9687150837988827,0.1236938547486034,0.6611428543925285,0.7333333333333333,25.136363636363637,0.0,30.0,True
env_odom_noise,0.08571428571428572,0.009102821015130404,0.04594793419988139,0.12447292704460197,0.7961714740053775,-1.9081155558470946,0.8017718715393134,0.9700996677740864,0.1346715393133998,0.6930704479416211,0.7,24.857142857142858,0.0,30.0,True
env_odom_noise,0.08571428571428572,0.009102821015130404,0.055276515198711025,0.12459273448485979,0.7856569158601102,-1.853214639916708,0.8101952277657267,0.9712581344902386,0.1442533622559653,0.6934306030472119,0.6666666666666666,25.1,0.0,30.0,False
env_odom_noise,0.08571428571428572,0.009102821015130404,0.06649903169142302,0.12430785856266015,0.7807579816108661,-1.7961107703395158,0.8241935483870968,0.9720430107526882,0.15903655913978498,0.7457724720239639,0.6666666666666666,25.5,0.0,30.0,False
env_odom_noise,0.08571428571428572,0.009102821015130404,0.07999999999999999,0.12424729384579526,0.7751497162126151,-1.7308198797024563,0.8285410010649628,0.9749733759318424,0.16631437699680518,0.8082906762758891,0.6666666666666666,25.95,0.0,30.0,False
env_odom_noise,0.08571428571428572,0.01111504784609142,0.005000000000000002,0.1250660304481874,0.8374016383255115,-1.7054370105168384,0.6393152302243211,0.9061393152302243,0.09174545454545457,0.48538437808553375,0.8,24.291666666666668,0.0,30.0,True
env_odom_noise,0.08571428571428572,0.01111504784609142,0.006015125180410587,0.12506602988098803,0.8376185695221349,-1.7923462956089766,0.6511216056670602,0.9161747343565525,0.06990365997638726,0.5020696404079596,0.8,24.291666666666668,0.0,30.0,True
env_odom_noise,0.08571428571428572,0.01111504784609142,0.007236346187201891,0.12491023601571595,0.8366245341434484,-1.868176719281432,0.6666666666666666,0.9299175500588928,0.0406157832744406,0.5140395077566305,0.7666666666666667,23.73913043478261,0.0,30.0,True
env_odom_noise,0.08571428571428572,0.01111504784609142,0.008705505632961245,0.12472306458492823,0.8330516479899394,-1.9340298107858616,0.6832552693208431,0.9414519906323185,0.013603278688524623,0.5135121914247672,0.7666666666666667,23.956521739130434,0.0,30.0,True
env_odom_noise,0.08571428571428572,0.01111504784609142,0.010472941228206266,0.12472306429941425,0.8250135446940969,-1.9809511934194213,0.7023255813953488,0.9488372093023256,0.02528837209302326,0.5110423798362415,0.7666666666666667,24.217391304347824,0.0,30.0,True
env_odom_noise,0.08571428571428572,0.01111504784609142,0.012599210498948734,0.12489216771405377,0.8246659475367241,-2.0120795866459367,0.7172653534183082,0.9542294322132098,0.034835921205098486,0.5239536434412002,0.7333333333333333,23.681818181818183,0.0,30.0,True
env_odom_noise,0.08571428571428572,0.01111504784609142,0.015157165665103976,0.12489216703428993,0.8197485116998975,-2.0260412145546436,0.7338709677419355,0.9625576036866359,0.05922857142857141,0.5326100180546443,0.7333333333333333,23.90909090909091,0.0,30.0,True
env_odom_noise,0.08571428571428572,0.01111504784609142,0.018234449771164334,0.12489216705198694,0.8195351526619451,-2.027645961399868,0.7502876869965478,0.9666283084004603,0.07971599539700813,0.5774129033088684,0.7333333333333333,23.954545454545453,0.0,30.0,True
env_odom_noise,0.08571428571428572,0.01111504784609142,0.021936499593892524,0.1248710379085613,0.8164608075891988,-2.025388945030744,0.769406392694064,0.9720319634703196,0.1042383561643836,0.5945076793432236,0.7333333333333333,24.272727272727273,0.0,30.0,True
env_odom_noise,0.08571428571428572,0.01111504784609142,0.026390158215457878,0.12482303512284454,0.8103890106685313,-2.009090822344794,0.7840136054421769,0.9733560090702947,0.12016961451247166,0.6122887099782626,0.7333333333333333,24.545454545454547,0.0,30.0,True
env_odom_noise,0.08571428571428572,0.01111504784609142,0.03174802103936399,0.12475466393599387,0.8053705995406518,-1.9832318572461585,0.800561797752809,0.9764044943820225,0.1397662921348315,0.6315383503834406,0.7333333333333333,24.90909090909091,0.0,30.0,True
env_odom_noise,0.08571428571428572,0.01111504784609142,0.03819366415641666,0.12419910656925323,0.8016223074612452,-1.9507507955301941,0.8166109253065775,0.9771460423634337,0.15655696767001126,0.6715579169491926,0.7333333333333333,25.227272727272727,0.0,30.0,False
env_odom_noise,0.08571428571428572,0.01111504784609142,0.04594793419988139,0.12434553807426028,0.7947833606900148,-1.9015556288708506,0.8272626931567328,0.9784768211920529,0.16853951434878578,0.6970389400919278,0.6666666666666666,24.3,0.0,30.0,False
env_odom_noise,0.08571428571428572,0.01111504784609142,0.055276515198711025,0.12446716246023473,0.7846982201404701,-1.8492737967153514,0.8345945945945946,0.9794594594594594,0.17685405405405408,0.7004743193586668,0.6666666666666666,25.25,0.0,30.0,False
env_odom_noise,0.08571428571428572,0.01111504784609142,0.06649903169142302,0.12418354053182276,0.7780161058606961,-1.7896800943495332,0.8474304068522484,0.9801927194860813,0.1904231263383297,0.7517315556605657,0.6666666666666666,25.7,0.0,30.0,False
env_odom_noise,0.08571428571428572,0.01111504784609142,0.07999999999999999,0.12412369727350926,0.7757475790421124,-1.7285027345880795,0.8515957446808511,0.9829787234042553,0.1973744680851064,0.8253289024035136,0.6666666666666666,26.0,0.05,30.0,False
env_odom_noise,0.08571428571428572,0.013572088082974535,0.005000000000000002,0.12506603172542316,0.8381280374052487,-1.7391874881871174,0.6617473435655253,0.9185360094451004,0.056916646989374264,0.511477259794871,0.7666666666666667,23.652173913043477,0.0,30.0,True
env_odom_noise,0.08571428571428572,0.013572088082974535,0.006015125180410587,0.12502163430025298,0.8355315080130008,-1.8189686760155175,0.6786133960047004,0.9289071680376029,0.02967943595769673,0.501853529115518,0.7333333333333333,23.136363636363637,0.0,30.0,True
env_odom_noise,0.08571428571428572,0.013572088082974535,0.007236346187201891,0.12502163498822894,0.8340596721140223,-1.8826862684805057,0.6907276995305164,0.9389671361502347,0.023560563380281674,0.5146373162666956,0.7333333333333333,23.181818181818183,0.0,30.0,True
env_odom_noise,0.08571428571428572,0.013572088082974535,0.008705505632961245,0.12472306412626583,0.8267079068111309,-1.9378124884886996,0.7077997671711292,0.9505238649592549,0.029075902211874394,0.5140388915936153,0.7333333333333333,23.5,0.0,30.0,True
env_odom_noise,0.08571428571428572,0.013572088082974535,0.010472941228206266,0.12472306519436144,0.8249845116356037,-1.9726604232340594,0.7229965156794426,0.9576074332171893,0.043403948896631905,0.5370299744109313,0.7333333333333333,23.59090909090909,0.0,30.0,True
env_odom_noise,0.08571428571428572,0.013572088082974535,0.012599210498948734,0.12489216722488143,0.8227099978801006,-1.9981606540288728,0.7378752886836027,0.964203233256351,0.0648785219399538,0.5363905067245166,0.7333333333333333,23.818181818181817,0.0,30.0,True
env_odom_noise,0.08571428571428572,0.013572088082974535,0.015157165665103976,0.1248187418349044,0.8204424238449901,-2.012336249319232,0.7537399309551208,0.9700805523590333,0.08662048331415417,0.5535188302397728,0.7333333333333333,23.954545454545453,0.0,30.0,True
env_odom_noise,0.08571428571428572,0.013572088082974535,0.018234449771164334,0.1248187440047461,0.8202238765698268,-2.0113267301239213,0.7683908045977011,0.9758620689655172,0.10705287356321835,0.5982879688342412,0.7333333333333333,24.0,0.0,30.0,True
env_odom_noise,0.08571428571428572,0.013572088082974535,0.021936499593892524,0.12487103826812404,0.8156089420873824,-2.0062580081290404,0.7884834663625998,0.9783352337514253,0.1296187001140251,0.6155289674798647,0.7333333333333333,24.318181818181817,0.0,30.0,True
env_odom_noise,0.08571428571428572,0.013572088082974535,0.026390158215457878,0.12500802992344956,0.8095129869218216,-1.989634044495902,0.8009049773755657,0.9796380090497737,0.14334298642533938,0.6258209253350894,0.7333333333333333,24.636363636363637,0.0,30.0,True
env_odom_noise,0.08571428571428572,0.013572088082974535,0.03174802103936399,0.12475466383902721,0.8023822232544096,-1.959715486756369,0.8202687569988801,0.9826427771556551,0.1657115341545352,0.6430409207940102,0.7333333333333333,25.045454545454547,0.0,30.0,False
env_odom_noise,0.08571428571428572,0.013572088082974535,0.03819366415641666,0.12418635854094923,0.8012341676593073,-1.9287801757043703,0.8353726362625139,0.9838709677419355,0.1820436040044494,0.6872475733359654,0.7333333333333333,25.318181818181817,0.0,30.0,False
env_odom_noise,0.08571428571428572,0.013572088082974535,0.04594793419988139,0.1243455373213587,0.7929916606904852,-1.8781944107504145,0.8458149779735683,0.9851321585903083,0.19374713656387665,0.7127994284033775,0.6666666666666666,24.4,0.0,30.0,False
env_odom_noise,0.08571428571428572,0.013572088082974535,0.055276515198711025,0.12444170483932443,0.7853791219614634,-1.8290745025483592,0.8525917926565875,0.9859611231101512,0.20135291576673864,0.7210526585578918,0.6666666666666666,25.3,0.0,30.0,False
env_odom_noise,0.08571428571428572,0.013572088082974535,0.06649903169142302,0.12418354216916255,0.77868673562466,-1.7674975397459534,0.8634903640256959,0.9866167023554604,0.2129070663811563,0.7796628142396609,0.6666666666666666,25.7,0.05,30.0,False
env_odom_noise,0.08571428571428572,0.013572088082974535,0.07999999999999999,0.12412651278178659,0.7752209450963826,-1.7083108017700372,0.8678343949044586,0.9893842887473461,0.22001868365180466,0.8394821350773175,0.6666666666666666,26.1,0.05,30.0,False
env_odom_noise,0.08571428571428572,0.016572270086699935,0.005000000000000002,0.12517395888970453,0.8356535417969811,-1.766664423805925,0.6977699530516432,0.9272300469483568,0.04233990610328653,0.5077067121863366,0.7333333333333333,23.181818181818183,0.0,30.0,True
env_odom_noise,0.08571428571428572,0.016572270086699935,0.006015125180410587,0.12517395972462883,0.834626423094022,-1.8270443941020884,0.7080890973036342,0.9372801875732708,0.042608909730363465,0.518497389058272,0.7333333333333333,23.227272727272727,0.0,30.0,True
env_odom_noise,0.08571428571428572,0.016572270086699935,0.007236346187201891,0.12517395769991735,0.8315511492000678,-1.8775600921512052,0.7184579439252337,0.9480140186915887,0.04224392523364495,0.5346743096907933,0.7333333333333333,23.363636363636363,0.0,30.0,True
env_odom_noise,0.08571428571428572,0.016572270086699935,0.008705505632961245,0.12487574933844889,0.8242026124565756,-1.9234072317710142,0.735225955967555,0.9594438006952491,0.05746975666280418,0.519336681564649,0.7333333333333333,23.681818181818183,0.0,30.0,True
env_odom_noise,0.08571428571428572,0.016572270086699935,0.010472941228206266,0.12497006688627631,0.82313144108865,-1.9560100208466793,0.7471198156682027,0.9637096774193549,0.07362949308755762,0.5231419300039609,0.7333333333333333,23.90909090909091,0.0,30.0,True
env_odom_noise,0.08571428571428572,0.016572270086699935,0.012599210498948734,0.1249700655336714,0.8222069895032903,-1.974106179027428,0.7658227848101266,0.9706559263521288,0.0992787111622554,0.5477110207080841,0.7333333333333333,23.954545454545453,0.0,30.0,True
env_odom_noise,0.08571428571428572,0.016572270086699935,0.015157165665103976,0.1249700663672531,0.8212282670797523,-1.9829194922776243,0.7804597701149425,0.9775862068965517,0.12084597701149424,0.57863706300656,0.7333333333333333,24.0,0.0,30.0,True
env_odom_noise,0.08571428571428572,0.016572270086699935,0.018234449771164334,0.12505525866360837,0.8185785796397983,-1.9823007094485678,0.7937142857142857,0.9811428571428571,0.1376571428571428,0.6022812763849894,0.7333333333333333,24.227272727272727,0.0,30.0,True
env_odom_noise,0.08571428571428572,0.016572270086699935,0.021936499593892524,0.12515706076768432,0.8138598862928397,-1.97528658602019,0.8117913832199547,0.9841269841269841,0.15871836734693878,0.6126944571733475,0.7333333333333333,24.545454545454547,0.0,30.0,False
env_odom_noise,0.08571428571428572,0.016572270086699935,0.026390158215457878,0.12515705893198134,0.8086447690368028,-1.9525627177050033,0.8258173618940248,0.9853438556933484,0.17396121758737315,0.6414180879791578,0.7333333333333333,24.772727272727273,0.0,30.0,False
env_odom_noise,0.08571428571428572,0.016572270086699935,0.03174802103936399,0.12467508628521744,0.8010789231179561,-1.926721915341336,0.8435412026726058,0.9871937639198218,0.19353496659242764,0.643853076795737,0.7333333333333333,25.272727272727273,0.0,30.0,False
env_odom_noise,0.08571428571428572,0.016572270086699935,0.03819366415641666,0.12433521293099065,0.8020001821765583,-1.8926061514690942,0.8577777777777778,0.9883333333333333,0.20891111111111105,0.7051454544067383,0.7,24.714285714285715,0.0,30.0,False
env_odom_noise,0.08571428571428572,0.016572270086699935,0.04594793419988139,0.12449365680736835,0.7924489899356295,-1.8408875116921375,0.8660812294182217,0.9895718990120747,0.2184531284302964,0.7260751590132714,0.6666666666666666,24.55,0.0,30.0,False
env_odom_noise,0.08571428571428572,0.016572270086699935,0.055276515198711025,0.12458682238979922,0.7847953093214843,-1.7940099960793054,0.8760775862068966,0.990301724137931,0.22917931034482764,0.7384631867210071,0.6666666666666666,25.4,0.0,30.0,False
env_odom_noise,0.08571428571428572,0.016572270086699935,0.06649903169142302,0.12432892756070155,0.779442576601461,-1.7326770414785715,0.8850267379679144,0.9914438502673797,0.23927058823529412,0.8037381370862325,0.6666666666666666,25.75,0.05,30.0,False
env_odom_noise,0.08571428571428572,0.016572270086699935,0.07999999999999999,0.12418351313645824,0.771948386761847,-1.6710330476919621,0.890295358649789,0.9936708860759493,0.24676624472573838,0.8407352070013682,0.6666666666666666,26.4,0.05,30.0,False
env_odom_noise,0.08571428571428572,0.020235658223516174,0.005000000000000002,0.12517395688872412,0.8338314202334486,-1.770279859224395,0.724824355971897,0.9373536299765808,0.05927072599531624,0.5315363382299741,0.7333333333333333,23.272727272727273,0.0,30.0,True
env_odom_noise,0.08571428571428572,0.020235658223516174,0.006015125180410587,0.12517395841502202,0.8307000432509799,-1.8182766895206552,0.735705950991832,0.9498249708284714,0.05768098016336065,0.5356294790903727,0.7333333333333333,23.40909090909091,0.0,30.0,True
env_odom_noise,0.08571428571428572,0.020235658223516174,0.007236346187201891,0.1250994733152754,0.8285447656641134,-1.859034659357769,0.743321718931475,0.9610917537746806,0.06721347270615563,0.5492960274219513,0.7333333333333333,23.59090909090909,0.0,30.0,True
env_odom_noise,0.08571428571428572,0.020235658223516174,0.008705505632961245,0.12497006736700131,0.8237183251916881,-1.8985606114400952,0.7603686635944701,0.9683179723502304,0.09148663594470052,0.5342225884397824,0.7333333333333333,23.90909090909091,0.0,30.0,True
env_odom_noise,0.08571428571428572,0.020235658223516174,0.010472941228206266,0.12497006573335091,0.8240293851231546,-1.9214831560861105,0.7736175115207373,0.9723502304147466,0.10876774193548389,0.5591273995737235,0.7333333333333333,23.90909090909091,0.0,30.0,True
env_odom_noise,0.08571428571428572,0.020235658223516174,0.012599210498948734,0.1249700664502006,0.8216791664833117,-1.9354784282062718,0.7913793103448276,0.9798850574712644,0.134064367816092,0.577894943455855,0.7333333333333333,24.0,0.0,30.0,True
env_odom_noise,0.08571428571428572,0.020235658223516174,0.015157165665103976,0.12515606319482536,0.8206440993450099,-1.94224720809842,0.8021788990825688,0.9839449541284404,0.1489238532110092,0.6014209027091663,0.7333333333333333,24.09090909090909,0.0,30.0,True
env_odom_noise,0.08571428571428572,0.020235658223516174,0.018234449771164334,0.12524013879703222,0.8152226183004144,-1.9393438359627682,0.8196814562002275,0.9869169510807736,0.16939840728100108,0.613406830529372,0.7333333333333333,24.40909090909091,0.0,30.0,False
env_odom_noise,0.08571428571428572,0.020235658223516174,0.021936499593892524,0.12494086745127976,0.8129115449121588,-1.9286962626479387,0.8378531073446328,0.9892655367231639,0.18991864406779668,0.6316154147187869,0.7333333333333333,24.681818181818183,0.0,30.0,False
env_odom_noise,0.08571428571428572,0.020235658223516174,0.026390158215457878,0.12494086798159597,0.8067362598357634,-1.907423364458026,0.851123595505618,0.9898876404494382,0.20381123595505624,0.6576179151733716,0.7333333333333333,24.90909090909091,0.0,30.0,False
env_odom_noise,0.08571428571428572,0.020235658223516174,0.03174802103936399,0.12444753255527657,0.8019467553977003,-1.8797460522587122,0.8670745272525028,0.9916573971078977,0.22153192436040048,0.6701713358362515,0.7,24.666666666666668,0.0,30.0,False
env_odom_noise,0.08571428571428572,0.020235658223516174,0.03819366415641666,0.12449365767046745,0.799668952539191,-1.8424903561358683,0.8799778761061947,0.9928097345132744,0.2355876106194691,0.7124783714612325,0.6666666666666666,24.2,0.0,30.0,False
env_odom_noise,0.08571428571428572,0.020235658223516174,0.04594793419988139,0.12474049673422533,0.7895153231466981,-1.790514426169864,0.8893129770992366,0.9940021810250818,0.2461151581243184,0.7316570525368055,0.6666666666666666,24.85,0.0,30.0,False
env_odom_noise,0.08571428571428572,0.020235658223516174,0.055276515198711025,0.12458682302712142,0.7799806115834407,-1.741070858671862,0.8987138263665595,0.9946409431939979,0.2561547695605574,0.7507456084092458,0.6666666666666666,25.65,0.0,30.0,False
env_odom_noise,0.08571428571428572,0.020235658223516174,0.06649903169142302,0.12433126690190072,0.7758578773456893,-1.6847044539308302,0.9064824654622742,0.9957492029755579,0.2650316684378321,0.8074995547533035,0.6666666666666666,26.05,0.0,30.0,False
env_odom_noise,0.08571428571428572,0.020235658223516174,0.07999999999999999,0.12436137849011702,0.7714143363857836,-1.6265665702483623,0.9116719242902208,0.9978969505783386,0.27236887486855943,0.8505279863874118,0.6333333333333333,25.894736842105264,0.05263157894736842,30.0,False
env_odom_noise,0.08571428571428572,0.024708857724180293,0.005000000000000002,0.1250994710007748,0.8308538423791941,-1.7587129054311101,0.7520372526193247,0.9464493597206054,0.07738789289871939,0.5497494307657083,0.7333333333333333,23.5,0.0,30.0,True
env_odom_noise,0.08571428571428572,0.024708857724180293,0.006015125180410587,0.1250994719585649,0.8305748972612323,-1.7949150754024583,0.7616279069767442,0.9575581395348837,0.08198604651162789,0.5705765940248966,0.7333333333333333,23.545454545454547,0.0,30.0,True
env_odom_noise,0.08571428571428572,0.024708857724180293,0.007236346187201891,0.12480218457903625,0.8266449977528678,-1.8308907176764737,0.7719907407407407,0.9681712962962963,0.10296203703703699,0.5704434270660083,0.7333333333333333,23.727272727272727,0.0,30.0,True
env_odom_noise,0.08571428571428572,0.024708857724180293,0.008705505632961245,0.1251560636643086,0.8247406033706493,-1.8598713062970296,0.785385500575374,0.9718066743383199,0.11999217491369396,0.5678424487511317,0.7333333333333333,23.954545454545453,0.0,30.0,True
env_odom_noise,0.08571428571428572,0.024708857724180293,0.010472941228206266,0.1251560642569673,0.8250484260627314,-1.8768120010491647,0.8009205983889528,0.9752589182968929,0.13897951668584574,0.5937565346558888,0.7333333333333333,23.954545454545453,0.0,30.0,True
env_odom_noise,0.08571428571428572,0.024708857724180293,0.012599210498948734,0.12515606194889936,0.8212164116945797,-1.8874712403979448,0.8165137614678899,0.981651376146789,0.1609651376146789,0.6059995690981547,0.7333333333333333,24.09090909090909,0.0,30.0,False
env_odom_noise,0.08571428571428572,0.024708857724180293,0.015157165665103976,0.12502269491021578,0.820917766673005,-1.8920759121574515,0.8287671232876712,0.985730593607306,0.1772977168949772,0.628141597410043,0.7333333333333333,24.272727272727273,0.0,30.0,False
env_odom_noise,0.08571428571428572,0.024708857724180293,0.018234449771164334,0.12502269374635666,0.8157398099237773,-1.8835797953802487,0.8456299659477866,0.9880817253121453,0.19651169125993195,0.643741038441658,0.7333333333333333,24.5,0.0,30.0,False
env_odom_noise,0.08571428571428572,0.024708857724180293,0.021936499593892524,0.12492623346157121,0.809364333127183,-1.874156480567349,0.8627671541057368,0.9898762654668166,0.21544341957255342,0.64620494445165,0.7333333333333333,24.863636363636363,0.0,30.0,False
env_odom_noise,0.08571428571428572,0.024708857724180293,0.026390158215457878,0.12492623660358033,0.8041002875920467,-1.8481101347481919,0.8741610738255033,0.9904921700223713,0.2274532438478747,0.6703135867913564,0.7,24.428571428571427,0.0,30.0,False
env_odom_noise,0.08571428571428572,0.024708857724180293,0.03174802103936399,0.12444753519860202,0.801934748487895,-1.8195838662235395,0.8872222222222222,0.9916666666666667,0.24168888888888895,0.705313607553641,0.7,24.714285714285715,0.047619047619047616,30.0,False
env_odom_noise,0.08571428571428572,0.024708857724180293,0.03819366415641666,0.12449365711024367,0.7944599188795579,-1.782105508697339,0.9020902090209021,0.9933993399339934,0.25828954895489553,0.7242211227615675,0.6666666666666666,24.45,0.0,30.0,False
env_odom_noise,0.08571428571428572,0.024708857724180293,0.04594793419988139,0.12466405048059316,0.7884811498004052,-1.7352186865586374,0.9125950054288816,0.994028230184582,0.2694232356134636,0.7505060921112696,0.6666666666666666,25.05,0.0,30.0,False
env_odom_noise,0.08571428571428572,0.024708857724180293,0.055276515198711025,0.12458856741121298,0.7802573368934794,-1.6832853853964087,0.9197860962566845,0.9946524064171123,0.2772385026737968,0.7794598529736201,0.6666666666666666,25.75,0.05,30.0,False
env_odom_noise,0.08571428571428572,0.024708857724180293,0.06649903169142302,0.12466060300177083,0.7745502105073069,-1.6279164609123475,0.926984126984127,0.9962962962962963,0.2860804232804234,0.8255943263570468,0.6666666666666666,26.25,0.05,30.0,False
env_odom_noise,0.08571428571428572,0.024708857724180293,0.07999999999999999,0.12441139516159735,0.7723762555293602,-1.57115545802833,0.9311974789915967,0.9978991596638656,0.2918966386554622,0.883952937523524,0.6333333333333333,25.94736842105263,0.05263157894736842,30.0,False
env_odom_noise,0.08571428571428572,0.030170881682725817,0.005000000000000002,0.1252865268696815,0.8315729296210934,-1.7324645417591893,0.775842044134727,0.9564459930313589,0.09508803716608594,0.5950645615657171,0.7333333333333333,23.59090909090909,0.0,30.0,True
env_odom_noise,0.08571428571428572,0.030170881682725817,0.006015125180410587,0.12528652795620238,0.8292012540193034,-1.7614007207762155,0.7856315179606026,0.9640787949015064,0.112510312862109,0.6052340234319369,0.7333333333333333,23.681818181818183,0.0,30.0,True
env_odom_noise,0.08571428571428572,0.030170881682725817,0.007236346187201891,0.12515606339670143,0.8241536656158467,-1.7930747173349781,0.7959770114942529,0.9729885057471265,0.13176551724137942,0.5867096508542696,0.7333333333333333,24.0,0.0,30.0,True
env_odom_noise,0.08571428571428572,0.030170881682725817,0.008705505632961245,0.12493775873691897,0.8244097669568786,-1.8125308443944,0.8134328358208955,0.9747416762342136,0.15097451205510914,0.6017959132790566,0.7333333333333333,24.045454545454547,0.0,30.0,False
env_odom_noise,0.08571428571428572,0.030170881682725817,0.010472941228206266,0.12485448615368239,0.8234202179816608,-1.8253172889527223,0.827033218785796,0.979381443298969,0.1692146620847651,0.6203169867396354,0.7333333333333333,24.136363636363637,0.0,30.0,False
env_odom_noise,0.08571428571428572,0.030170881682725817,0.012599210498948734,0.12502269290432352,0.8223624987945389,-1.831875447293784,0.8417142857142857,0.984,0.18851428571428575,0.6386067301034928,0.7333333333333333,24.227272727272727,0.0,30.0,False
env_odom_noise,0.08571428571428572,0.030170881682725817,0.015157165665103976,0.125022692993924,0.8163832061260893,-1.8276288285184688,0.8518728717366629,0.9869466515323496,0.20161952326901256,0.6496351659297943,0.7333333333333333,24.5,0.0,30.0,False
env_odom_noise,0.08571428571428572,0.030170881682725817,0.018234449771164334,0.1249262351932171,0.8141190695671144,-1.8231011050443136,0.8690744920993227,0.9887133182844243,0.22058781038374708,0.6641090676188469,0.7333333333333333,24.727272727272727,0.0,30.0,False
env_odom_noise,0.08571428571428572,0.030170881682725817,0.021936499593892524,0.1249262343701074,0.8061334455630685,-1.8062696308538795,0.883538633818589,0.9899216125419933,0.2362602463605823,0.6636081330478192,0.7,24.38095238095238,0.0,30.0,False
env_odom_noise,0.08571428571428572,0.030170881682725817,0.026390158215457878,0.12492623563177072,0.8042204135894747,-1.7795062189417055,0.8938547486033519,0.9910614525139665,0.2477162011173184,0.7115321397781372,0.7,24.476190476190474,0.0,30.0,False
env_odom_noise,0.08571428571428572,0.030170881682725817,0.03174802103936399,0.12433521395880265,0.7994387592013021,-1.7521018994509159,0.9070796460176991,0.9928097345132744,0.26268938053097346,0.7317174891630809,0.7,24.904761904761905,0.0,30.0,False
env_odom_noise,0.08571428571428572,0.030170881682725817,0.03819366415641666,0.12456804499900938,0.7942882097925972,-1.7144502472159264,0.9200438116100766,0.9934282584884995,0.27627207009857613,0.7486773838599523,0.6666666666666666,24.65,0.0,30.0,False
env_odom_noise,0.08571428571428572,0.030170881682725817,0.04594793419988139,0.12466405258812552,0.7812827072883466,-1.6616432191784158,0.9321851453175457,0.9940796555435952,0.28906480086114095,0.7614750842253367,0.6666666666666666,25.45,0.0,30.0,False
env_odom_noise,0.08571428571428572,0.030170881682725817,0.055276515198711025,0.12501484590641881,0.7790931866473811,-1.616131106322208,0.9371002132196162,0.9946695095948828,0.294569722814499,0.8064232448736827,0.6666666666666666,25.9,0.05,30.0,False
env_odom_noise,0.08571428571428572,0.030170881682725817,0.06649903169142302,0.12471027123534893,0.7733647633405336,-1.5610987129333584,0.9435654008438819,0.9963080168776371,0.302673417721519,0.8564444854855537,0.6666666666666666,26.4,0.05,30.0,False
env_odom_noise,0.08571428571428572,0.030170881682725817,0.07999999999999999,0.1243468800570746,0.7722549384899309,-1.507546204363021,0.9476987447698745,0.997907949790795,0.3084066945606695,0.9074903269608815,0.6333333333333333,26.157894736842106,0.05263157894736842,30.0,False
env_odom_noise,0.08571428571428572,0.03684031498640387,0.005000000000000002,0.12523246523121662,0.8288454347974596,-1.700195693039733,0.8004613610149942,0.9659746251441753,0.12923598615916954,0.6164126887917518,0.7333333333333333,23.863636363636363,0.0,30.0,True
env_odom_noise,0.08571428571428572,0.03684031498640387,0.006015125180410587,0.12493776029187857,0.8252556745254217,-1.7238892929008316,0.8099885189437428,0.9718714121699197,0.1446599311136625,0.6165826487044493,0.7333333333333333,24.045454545454547,0.0,30.0,True
env_odom_noise,0.08571428571428572,0.03684031498640387,0.007236346187201891,0.12485448691602748,0.8254691267555666,-1.7415802934216675,0.8193807339449541,0.9753440366972477,0.15752477064220183,0.6325716689229012,0.7333333333333333,24.09090909090909,0.0,30.0,False
env_odom_noise,0.08571428571428572,0.03684031498640387,0.008705505632961245,0.12485448462146834,0.825721607715539,-1.7531663570023168,0.8314220183486238,0.9782110091743119,0.17243302752293577,0.6548476636409759,0.7333333333333333,24.09090909090909,0.0,30.0,False
env_odom_noise,0.08571428571428572,0.03684031498640387,0.010472941228206266,0.1250077909970853,0.8228261192919287,-1.7616773745698442,0.8460661345496009,0.9828962371721779,0.1917623717217788,0.6504455010096232,0.7333333333333333,24.318181818181817,0.0,30.0,False
env_odom_noise,0.08571428571428572,0.03684031498640387,0.012599210498948734,0.12500779087700012,0.814648102759042,-1.7633809986802393,0.8591628959276018,0.9858597285067874,0.20782262443438915,0.6407657265663147,0.7,23.952380952380953,0.0,30.0,False
env_odom_noise,0.08571428571428572,0.03684031498640387,0.015157165665103976,0.1249598063776022,0.8138812518763145,-1.758983170883907,0.873589164785553,0.9875846501128668,0.22397381489841983,0.6646105200052261,0.7,24.047619047619047,0.0,30.0,False
env_odom_noise,0.08571428571428572,0.03684031498640387,0.018234449771164334,0.12492623673619342,0.8092495229890149,-1.7489806055340682,0.8888888888888888,0.98989898989899,0.2415878787878788,0.6812242478132248,0.7,24.285714285714285,0.0,30.0,False
env_odom_noise,0.08571428571428572,0.03684031498640387,0.021936499593892524,0.12492721542907008,0.8048153312939541,-1.7304932704264717,0.9001116071428571,0.9899553571428571,0.2528669642857142,0.7013513311743736,0.7,24.523809523809526,0.0,30.0,False
env_odom_noise,0.08571428571428572,0.03684031498640387,0.026390158215457878,0.12492721531206732,0.8008647901289494,-1.7038910282896207,0.9088888888888889,0.9922222222222222,0.2639111111111111,0.7370023672779401,0.7,24.714285714285715,0.0,30.0,False
env_odom_noise,0.08571428571428572,0.03684031498640387,0.03174802103936399,0.12433759617445553,0.7977478353213621,-1.676014743635145,0.9218061674008811,0.9933920704845814,0.2779982378854625,0.7552089263995488,0.6666666666666666,24.4,0.0,30.0,False
env_odom_noise,0.08571428571428572,0.03684031498640387,0.03819366415641666,0.12474190155882942,0.7897949456468473,-1.63660180481132,0.9374319912948857,0.9934711643090316,0.29370315560391735,0.7703036551674207,0.6666666666666666,24.95,0.0,30.0,False
env_odom_noise,0.08571428571428572,0.03684031498640387,0.04594793419988139,0.12497656514843594,0.7813099973452391,-1.5885883893753,0.9436695278969958,0.994098712446352,0.3005682403433477,0.796395423511664,0.6666666666666666,25.6,0.05,30.0,False
env_odom_noise,0.08571428571428572,0.03684031498640387,0.055276515198711025,0.12506392460521773,0.7768352439507262,-1.5414931043042632,0.9496288441145281,0.9952279957582184,0.3076568398727465,0.8354033450285594,0.6666666666666666,26.15,0.05,30.0,False
env_odom_noise,0.08571428571428572,0.03684031498640387,0.06649903169142302,0.12471027160540667,0.7746015046880991,-1.4873014897201007,0.9546413502109705,0.9968354430379747,0.3142767932489452,0.9080368359883626,0.6666666666666666,26.4,0.05,30.0,False
env_odom_noise,0.08571428571428572,0.03684031498640387,0.07999999999999999,0.12423647872097782,0.7717999788619593,-1.4353214902878668,0.9604166666666667,0.9979166666666667,0.3211333333333334,0.9369284182786941,0.6333333333333333,26.36842105263158,0.05263157894736842,30.0,False
env_odom_noise,0.08571428571428572,0.04498406187030712,0.005000000000000002,0.12471372786205623,0.8250071901309726,-1.6547703492965748,0.8202054794520548,0.9720319634703196,0.15503744292237442,0.6358037985861301,0.7333333333333333,24.272727272727273,0.0,30.0,False
env_odom_noise,0.08571428571428572,0.04498406187030712,0.006015125180410587,0.12471372791945293,0.8240491730119653,-1.6680573272378254,0.8323831242873432,0.9771949828962372,0.17237810718358038,0.6392588923374812,0.7,23.61904761904762,0.0,30.0,False
env_odom_noise,0.08571428571428572,0.04498406187030712,0.007236346187201891,0.1248814626213239,0.8225699450206262,-1.6804936178239764,0.8418657565415245,0.9800910125142207,0.18475676905574523,0.6444238692522049,0.7,23.714285714285715,0.0,30.0,False
env_odom_noise,0.08571428571428572,0.04498406187030712,0.008705505632961245,0.12488146024885186,0.8200060067526909,-1.6879575895533538,0.8547105561861521,0.981838819523269,0.19934937570942113,0.655093730489413,0.7,23.80952380952381,0.0,30.0,False
env_odom_noise,0.08571428571428572,0.04498406187030712,0.010472941228206266,0.1248825517525008,0.8164871359668017,-1.6920658517552407,0.8677966101694915,0.9858757062146892,0.21647231638418074,0.6580942531426748,0.7,24.0,0.0,30.0,False
env_odom_noise,0.08571428571428572,0.04498406187030712,0.012599210498948734,0.12483510132183728,0.8149464430901054,-1.6895202732268149,0.8778153153153153,0.9881756756756757,0.22879099099099098,0.6776522467533748,0.7,24.142857142857142,0.0,30.0,False
env_odom_noise,0.08571428571428572,0.04498406187030712,0.015157165665103976,0.12480199101466624,0.8101640146625769,-1.6846706665244242,0.8913773796192609,0.990481522956327,0.24465890257558787,0.6878881479303042,0.7,24.38095238095238,0.0,30.0,False
env_odom_noise,0.08571428571428572,0.04498406187030712,0.018234449771164334,0.12480199210383978,0.8045086572157457,-1.67084879036856,0.9047884187082406,0.9910913140311804,0.258679732739421,0.6982927958170573,0.7,24.61904761904762,0.047619047619047616,30.0,False
env_odom_noise,0.08571428571428572,0.04498406187030712,0.021936499593892524,0.12480199078994117,0.8009694921612073,-1.647914168848911,0.9124168514412417,0.9922394678492239,0.26745631929046565,0.7283385674158732,0.7,24.80952380952381,0.0,30.0,False
env_odom_noise,0.08571428571428572,0.04498406187030712,0.026390158215457878,0.12432646639434262,0.800664720347086,-1.6252615481726778,0.923289183222958,0.9928256070640177,0.27891479028697574,0.7596927727262179,0.6666666666666666,24.3,0.0,30.0,False
env_odom_noise,0.08571428571428572,0.04498406187030712,0.03174802103936399,0.1248781136171769,0.7937992818739739,-1.5948815165744816,0.935659760087241,0.9940021810250818,0.2924619411123228,0.7626791159311931,0.6666666666666666,24.85,0.0,30.0,False
env_odom_noise,0.08571428571428572,0.04498406187030712,0.03819366415641666,0.12509999065558847,0.7865797417841663,-1.5551442914083649,0.9470842332613391,0.994060475161987,0.3039447084233261,0.7913955092430115,0.6666666666666666,25.3,0.0,30.0,False
env_odom_noise,0.08571428571428572,0.04498406187030712,0.04594793419988139,0.12515905606256697,0.7816253474424353,-1.5099694999983666,0.9524572649572649,0.9946581196581197,0.3099153846153846,0.8322701101501783,0.6666666666666666,25.8,0.05,30.0,False
env_odom_noise,0.08571428571428572,0.04498406187030712,0.055276515198711025,0.12506106160881586,0.7746603006129968,-1.4622563205882295,0.959915611814346,0.9957805907172996,0.3184962025316457,0.8658037185668945,0.6666666666666666,26.4,0.05,30.0,False
env_odom_noise,0.08571428571428572,0.04498406187030712,0.06649903169142302,0.12478695618811224,0.7746309879446329,-1.4127641385825118,0.9637985309548793,0.9973767051416579,0.3239752360965372,0.933898905913035,0.6333333333333333,26.0,0.05263157894736842,30.0,False
env_odom_noise,0.08571428571428572,0.04498406187030712,0.07999999999999999,0.124119652780311,0.7675293656995693,-1.35299760804191,0.9700103412616339,0.9984488107549121,0.331259152016546,0.9601176396012306,0.6333333333333333,26.736842105263158,0.05263157894736842,30.0,False
env_odom_noise,0.08571428571428572,0.054928027165305905,0.005000000000000002,0.12488255270648269,0.8223593005926246,-1.5941578808426071,0.8416572077185017,0.9778660612939841,0.18232326901248586,0.6697288999954859,0.7,23.80952380952381,0.0,30.0,False
env_odom_noise,0.08571428571428572,0.054928027165305905,0.006015125180410587,0.12488255406280904,0.8216959947962673,-1.6013624012413306,0.8526077097505669,0.9812925170068028,0.19670022675736965,0.6798149411876996,0.7,23.857142857142858,0.0,30.0,False
env_odom_noise,0.08571428571428572,0.054928027165305905,0.007236346187201891,0.12488255090324192,0.8182018061035359,-1.606897051473217,0.86045197740113,0.9824858757062147,0.20573785310734471,0.6825665692488353,0.7,24.0,0.0,30.0,False
env_odom_noise,0.08571428571428572,0.054928027165305905,0.008705505632961245,0.1248825509131278,0.815574674967313,-1.6105325062336437,0.870913190529876,0.9864712514092446,0.22018444193912068,0.6922251274188359,0.7,24.095238095238095,0.0,30.0,False
env_odom_noise,0.08571428571428572,0.054928027165305905,0.010472941228206266,0.12483510086972482,0.8118645796742283,-1.610033020757678,0.882847533632287,0.9882286995515696,0.23387623318385653,0.695300784210364,0.7,24.333333333333332,0.0,30.0,False
env_odom_noise,0.08571428571428572,0.054928027165305905,0.012599210498948734,0.12483510155243124,0.8066772283822421,-1.6065408175166291,0.8939732142857143,0.9888392857142857,0.2456125,0.7001753233373165,0.7,24.523809523809526,0.047619047619047616,30.0,False
env_odom_noise,0.08571428571428572,0.054928027165305905,0.015157165665103976,0.12524002258395472,0.8064545462919985,-1.596506607551439,0.907119021134594,0.9911012235817576,0.26102024471635155,0.7233206520477931,0.7,24.666666666666668,0.0,30.0,False
env_odom_noise,0.08571428571428572,0.054928027165305905,0.018234449771164334,0.1252400257381588,0.8020633762982912,-1.5793437325034334,0.9147286821705426,0.9922480620155039,0.26977674418604647,0.7440190856655439,0.7,24.857142857142858,0.0,30.0,False
env_odom_noise,0.08571428571428572,0.054928027165305905,0.021936499593892524,0.12528997126637686,0.8026465748043191,-1.558894951989028,0.9236725663716814,0.9928097345132744,0.27928230088495576,0.7816662301619848,0.6666666666666666,24.2,0.0,30.0,False
env_odom_noise,0.08571428571428572,0.054928027165305905,0.026390158215457878,0.12477266289638181,0.7933851381788912,-1.5378053744788995,0.9335511982570807,0.9940087145969498,0.2903599128540305,0.7624099949995676,0.6666666666666666,24.9,0.0,30.0,False
env_odom_noise,0.08571428571428572,0.054928027165305905,0.03174802103936399,0.1252196125569588,0.7893449370526949,-1.5059548741181978,0.9459459459459459,0.994054054054054,0.30279999999999996,0.7903680885831516,0.6666666666666666,25.25,0.0,30.0,False
env_odom_noise,0.08571428571428572,0.054928027165305905,0.03819366415641666,0.12502348124511511,0.7848881498697561,-1.4670442919951596,0.9528403001071811,0.9946409431939979,0.310281243301179,0.828477942943573,0.6666666666666666,25.65,0.05,30.0,False
env_odom_noise,0.08571428571428572,0.054928027165305905,0.04594793419988139,0.12527770013851525,0.780824067938476,-1.4219481508010747,0.9601063829787234,0.9946808510638298,0.3175872340425532,0.8802149916688601,0.6666666666666666,26.0,0.05,30.0,False
env_odom_noise,0.08571428571428572,0.054928027165305905,0.055276515198711025,0.12480504647905515,0.774885934972387,-1.3760517648815633,0.9673684210526315,0.9963157894736843,0.3264842105263158,0.9211543386181196,0.6666666666666666,26.5,0.05,30.0,False
env_odom_noise,0.08571428571428572,0.054928027165305905,0.06649903169142302,0.12434732964695794,0.7725308004005221,-1.3277279022337842,0.9724245577523413,0.9979188345473465,0.3331433922996878,0.9576567937930425,0.6333333333333333,26.42105263157895,0.05263157894736842,30.0,False
env_odom_noise,0.08571428571428572,0.054928027165305905,0.07999999999999999,0.12430745694910109,0.7670154168995131,-1.2686538214033887,0.977319587628866,0.9984536082474227,0.33857319587628865,1.009234937032064,0.6333333333333333,26.894736842105264,0.05263157894736842,30.0,False
env_odom_noise,0.08571428571428572,0.06707015869245214,0.005000000000000002,0.1253225005815334,0.8173076939473479,-1.5183177786491486,0.8643018018018018,0.9831081081081081,0.21020990990990995,0.7129293620586395,0.7,24.142857142857142,0.0,30.0,False
env_odom_noise,0.08571428571428572,0.06707015869245214,0.006015125180410587,0.12537249166835898,0.8146925624894539,-1.5240944151413491,0.8720538720538721,0.9854096520763187,0.2202635241301908,0.7103999723990758,0.7,24.285714285714285,0.0,30.0,False
env_odom_noise,0.08571428571428572,0.06707015869245214,0.007236346187201891,0.12532409382378776,0.8105581667448237,-1.527315366168946,0.8811383928571429,0.9866071428571429,0.23054553571428582,0.7070384594301383,0.7,24.523809523809526,0.047619047619047616,30.0,False
env_odom_noise,0.08571428571428572,0.06707015869245214,0.008705505632961245,0.12532409269277653,0.8073134483712981,-1.5265060929445269,0.8904338153503893,0.9883203559510567,0.24155417130144607,0.7104464806616306,0.7,24.666666666666668,0.0,30.0,False
env_odom_noise,0.08571428571428572,0.06707015869245214,0.010472941228206266,0.12532409324312807,0.8076183057504022,-1.5213951928414828,0.8987764182424917,0.9894327030033371,0.25100912124582875,0.7358725195129713,0.7,24.666666666666668,0.0,30.0,False
env_odom_noise,0.08571428571428572,0.06707015869245214,0.012599210498948734,0.12541113615517543,0.8079776064063252,-1.515007246708539,0.9067702552719201,0.9905660377358491,0.2601362930077692,0.7587307746211688,0.7,24.761904761904763,0.0,30.0,False
env_odom_noise,0.08571428571428572,0.06707015869245214,0.015157165665103976,0.12541113541008192,0.802172401640314,-1.502520651889456,0.9172185430463576,0.9922737306843267,0.2722922737306843,0.7662237043182055,0.7,25.0,0.0,30.0,False
env_odom_noise,0.08571428571428572,0.06707015869245214,0.018234449771164334,0.12541113615460464,0.7996616614197571,-1.4842796941473024,0.9224422442244224,0.9928492849284929,0.27809152915291535,0.7868030106027921,0.6666666666666666,24.45,0.0,30.0,False
env_odom_noise,0.08571428571428572,0.06707015869245214,0.021936499593892524,0.1254815172579139,0.7931909599289364,-1.4640969397919412,0.9312227074235808,0.9929039301310044,0.28692663755458525,0.7970296824971835,0.6666666666666666,24.8,0.0,30.0,False
env_odom_noise,0.08571428571428572,0.06707015869245214,0.026390158215457878,0.12506548419578617,0.7917351795493748,-1.4415969408507023,0.9409534127843987,0.9940411700975081,0.29779458288190686,0.8167682126164436,0.6666666666666666,25.15,0.0,30.0,False
env_odom_noise,0.08571428571428572,0.06707015869245214,0.03174802103936399,0.12521960908210678,0.7880552176521922,-1.4080903033821366,0.9525862068965517,0.994073275862069,0.3094594827586207,0.8553814326723417,0.6666666666666666,25.4,0.05,30.0,False
env_odom_noise,0.08571428571428572,0.06707015869245214,0.03819366415641666,0.1250234809481146,0.7808548016313228,-1.3705340559132138,0.9611288604898829,0.9946751863684771,0.31860404685835997,0.8800522203246752,0.6666666666666666,25.95,0.05,30.0,False
env_odom_noise,0.08571428571428572,0.06707015869245214,0.04594793419988139,0.1252777009735501,0.7770640327861473,-1.3253242769308409,0.9650793650793651,0.9952380952380953,0.32311746031746036,0.9331692258516947,0.6666666666666666,26.25,0.05,30.0,False
env_odom_noise,0.08571428571428572,0.06707015869245214,0.055276515198711025,0.12475301766233665,0.7735005138393787,-1.284087117492372,0.9732984293193717,0.9963350785340314,0.3324335078534031,0.9733124181628228,0.6666666666666666,26.75,0.05,30.0,False
env_odom_noise,0.08571428571428572,0.06707015869245214,0.06649903169142302,0.12430745813265388,0.7684701208373337,-1.235587148947856,0.9788441692466461,0.9984520123839009,0.340096181630547,0.9931763211886088,0.6333333333333333,26.842105263157894,0.05263157894736842,30.0,False
env_odom_noise,0.08571428571428572,0.06707015869245214,0.07999999999999999,0.12440397760546744,0.7669240129483592,-1.1777681297797402,0.982051282051282,0.9984615384615385,0.3433128205128205,1.0587116681039332,0.6,26.5,0.05555555555555555,30.0,False
env_odom_noise,0.08571428571428572,0.08189637274779156,0.005000000000000002,0.12537881888306684,0.8063515160959281,-1.4394800372016414,0.8855088495575221,0.9867256637168141,0.23503451327433622,0.719431371986866,0.7,24.904761904761905,0.0,30.0,False
env_odom_noise,0.08571428571428572,0.08189637274779156,0.006015125180410587,0.12537881778691576,0.8065306266247368,-1.438905946191861,0.8893805309734514,0.9872787610619469,0.23945929203539829,0.7343272169431051,0.7,24.904761904761905,0.0,30.0,False
env_odom_noise,0.08571428571428572,0.08189637274779156,0.007236346187201891,0.12537881789345243,0.8067431812895308,-1.4365685251508713,0.8971238938053098,0.9889380530973452,0.24886194690265495,0.7523742367823919,0.7,24.904761904761905,0.0,30.0,False
env_odom_noise,0.08571428571428572,0.08189637274779156,0.008705505632961245,0.12534481175188758,0.8043282029641806,-1.4341004979756797,0.9046306504961411,0.9900771775082691,0.2575078280044102,0.7620744809508324,0.7,25.047619047619047,0.0,30.0,False
env_odom_noise,0.08571428571428572,0.08189637274779156,0.010472941228206266,0.1253448106181307,0.8003703801183243,-1.4266487984571417,0.9105378704720087,0.991218441273326,0.2645563117453348,0.7674740520616372,0.7,25.238095238095237,0.0,30.0,False
env_odom_noise,0.08571428571428572,0.08189637274779156,0.012599210498948734,0.12534480875280596,0.7986139856760347,-1.4157229602677843,0.9211391018619934,0.9928806133625411,0.2768197152245345,0.7806951473156611,0.6666666666666666,24.65,0.0,30.0,False
env_odom_noise,0.08571428571428572,0.08189637274779156,0.015157165665103976,0.12541501783215123,0.7954089165532889,-1.4035017944195358,0.9274809160305344,0.9929116684841875,0.28319258451472196,0.7925797869761785,0.6666666666666666,24.85,0.0,30.0,False
env_odom_noise,0.08571428571428572,0.08189637274779156,0.018234449771164334,0.12541501524851215,0.793643821050064,-1.3855370718824178,0.9314472252448314,0.9929270946681176,0.28717431991294895,0.8228648612896602,0.6666666666666666,24.95,0.0,30.0,False
env_odom_noise,0.08571428571428572,0.08189637274779156,0.021936499593892524,0.12500170954763487,0.7920881935342415,-1.367618220956268,0.9406047516198704,0.9935205183585313,0.29692526997840174,0.8350841969251632,0.6666666666666666,25.3,0.05,30.0,False
env_odom_noise,0.08571428571428572,0.08189637274779156,0.026390158215457878,0.12515526519220324,0.7900005773607358,-1.3406854321419461,0.9515608180839612,0.9940796555435952,0.30844047362755644,0.8731064001719157,0.6666666666666666,25.45,0.05,30.0,False
env_odom_noise,0.08571428571428572,0.08189637274779156,0.03174802103936399,0.1249603462966508,0.7808975669474827,-1.3084082096629048,0.9617834394904459,0.9941613588110403,0.31874479830148617,0.8757127980391185,0.6666666666666666,26.1,0.05,30.0,False
env_odom_noise,0.08571428571428572,0.08189637274779156,0.03819366415641666,0.12540271657605379,0.7789109719745059,-1.2725171292039053,0.970960929250264,0.9947201689545935,0.3284810982048575,0.9233715102076531,0.6666666666666666,26.35,0.05,30.0,False
env_odom_noise,0.08571428571428572,0.08189637274779156,0.04594793419988139,0.12522947640139176,0.774408076997261,-1.2332692705137984,0.9748953974895398,0.99581589958159,0.3335112970711298,0.9629705220460891,0.6666666666666666,26.8,0.05,30.0,False
env_odom_noise,0.08571428571428572,0.08189637274779156,0.055276515198711025,0.12480397711297439,0.772882260122921,-1.1869078962938822,0.9808290155440414,0.9963730569948187,0.34000207253886017,1.0086944262186686,0.6333333333333333,26.63157894736842,0.05263157894736842,30.0,False
env_odom_noise,0.08571428571428572,0.08189637274779156,0.06649903169142302,0.12434575619102764,0.7683218092472203,-1.1411228424555477,0.9841188524590164,0.9984631147540983,0.34538196721311476,1.0447120721141496,0.6333333333333333,27.210526315789473,0.05263157894736842,30.0,False
env_odom_noise,0.08571428571428572,0.08189637274779156,0.07999999999999999,0.12424251544537732,0.7661090189999328,-1.085266844261555,0.9872838250254323,0.9984740590030519,0.3485578840284842,1.100011291106542,0.5666666666666667,26.235294117647058,0.0,30.0,False
env_odom_noise,0.08571428571428572,0.10000000000000002,0.005000000000000002,0.12529732955036174,0.8022279964958485,-1.3404142167669435,0.894072447859495,0.9901207464324918,0.24699319429198685,0.7868976920843125,0.6666666666666666,24.55,0.0,30.0,False
env_odom_noise,0.08571428571428572,0.10000000000000002,0.006015125180410587,0.12526359626115086,0.802404211521128,-1.3384580553260828,0.8980263157894737,0.9906798245614035,0.25150614035087715,0.8017401759823163,0.6666666666666666,24.6,0.0,30.0,False
env_odom_noise,0.08571428571428572,0.10000000000000002,0.007236346187201891,0.12526359512120055,0.8011863196184561,-1.3340793882001476,0.9063526834611172,0.9917853231106243,0.2609380065717415,0.8141804531216621,0.6666666666666666,24.65,0.0,30.0,False
env_odom_noise,0.08571428571428572,0.10000000000000002,0.008705505632961245,0.12533382877653787,0.7981345641693236,-1.3293367031222383,0.9143947655398037,0.9918211559432933,0.26901592148309705,0.8117880254983902,0.6666666666666666,24.85,0.0,30.0,False
env_odom_noise,0.08571428571428572,0.10000000000000002,0.010472941228206266,0.1253338274636165,0.7956463598101537,-1.321642193836617,0.9216539717083787,0.9929270946681176,0.2773810663764963,0.8240445082386335,0.6666666666666666,24.95,0.0,30.0,False
env_odom_noise,0.08571428571428572,0.10000000000000002,0.012599210498948734,0.12533382911272933,0.7938566648462066,-1.3101768742415103,0.9272529858849077,0.992942453854506,0.28299543973941366,0.8423206130663554,0.6666666666666666,25.05,0.0,30.0,False
env_odom_noise,0.08571428571428572,0.10000000000000002,0.015157165665103976,0.12569667386714556,0.7933045475524356,-1.296645269238587,0.9329004329004329,0.9929653679653679,0.28866580086580085,0.8612590178847312,0.6666666666666666,25.2,0.05,30.0,False
env_odom_noise,0.08571428571428572,0.10000000000000002,0.018234449771164334,0.12535917793471682,0.7925649183205157,-1.2801251637494182,0.9390507011866235,0.9935275080906149,0.29537820927723835,0.8889390051364898,0.6666666666666666,25.35,0.05,30.0,False
env_odom_noise,0.08571428571428572,0.10000000000000002,0.021936499593892524,0.1252662023053483,0.7861849628890587,-1.259414260630065,0.9498399146211313,0.9935965848452508,0.3062364994663821,0.8839173093438148,0.6666666666666666,25.85,0.0,30.0,False
env_odom_noise,0.08571428571428572,0.10000000000000002,0.026390158215457878,0.125148845943365,0.7821759938750326,-1.233077239955592,0.9591295116772823,0.9941613588110403,0.31609087048832263,0.9131256476044655,0.6666666666666666,26.1,0.05,30.0,False
env_odom_noise,0.08571428571428572,0.10000000000000002,0.03174802103936399,0.12507167300996685,0.7802085384791431,-1.201218452042572,0.9683210137275607,0.9952481520591341,0.32636916578669484,0.9555105845133464,0.6666666666666666,26.35,0.05,30.0,False
env_odom_noise,0.08571428571428572,0.10000000000000002,0.03819366415641666,0.1253660838451534,0.7792010458627356,-1.1660770554071365,0.9737118822292324,0.9957939011566772,0.33230578338590966,1.005834015707175,0.6666666666666666,26.55,0.05,30.0,False
env_odom_noise,0.08571428571428572,0.10000000000000002,0.04594793419988139,0.12522041191918834,0.7730704064946206,-1.127605927070171,0.9792315680166147,0.995846313603323,0.3378778816199377,1.0308242216706276,0.6666666666666666,27.15,0.05,30.0,False
env_odom_noise,0.08571428571428572,0.10000000000000002,0.055276515198711025,0.12449610110161782,0.7695333589614914,-1.0889141085929857,0.9825641025641025,0.9974358974358974,0.3428,1.0554475873708724,0.6333333333333333,27.157894736842106,0.05263157894736842,30.0,False
env_odom_noise,0.08571428571428572,0.10000000000000002,0.06649903169142302,0.1237781651941588,0.7692685379698093,-1.0424267030861871,0.9862525458248472,0.9984725050916496,0.3475250509164969,1.102696710328261,0.5666666666666667,26.176470588235293,0.0,30.0,False
env_odom_noise,0.08571428571428572,0.10000000000000002,0.07999999999999999,0.12410110219066034,0.7643629455512868,-0.990277009446629,0.9884072580645161,0.9984879032258065,0.34969516129032263,1.1459598725040754,0.5666666666666667,26.764705882352942,0.0,30.0,False
env_odom_noise,0.10714285714285715,0.005000000000000002,0.005000000000000002,0.12537403561139263,0.9162879560121225,-0.4916068363270075,0.48931116389548696,0.7862232779097387,0.36166555819477436,0.4678142383694649,0.8,24.083333333333332,0.0,30.0,False
env_odom_noise,0.10714285714285715,0.005000000000000002,0.006015125180410587,0.1252389031894913,0.9162396714778903,-0.75497080442891,0.5029620853080569,0.7979857819905213,0.33625213270142185,0.48111895521481834,0.8,24.166666666666668,0.0,30.0,False
env_odom_noise,0.10714285714285715,0.005000000000000002,0.007236346187201891,0.1249670109539943,0.913462074535723,-0.988424194173336,0.5176886792452831,0.8172169811320755,0.3022943396226414,0.49237424979607264,0.8,24.333333333333332,0.0,30.0,False
env_odom_noise,0.10714285714285715,0.005000000000000002,0.008705505632961245,0.1250444477694807,0.9132223444241059,-1.1729315533328397,0.5364705882352941,0.8341176470588235,0.2666117647058823,0.5124739681680998,0.7666666666666667,23.782608695652176,0.0,30.0,False
env_odom_noise,0.10714285714285715,0.005000000000000002,0.010472941228206266,0.12504444787610267,0.9135992205640835,-1.3221314154920558,0.5517647058823529,0.8458823529411764,0.23955294117647064,0.5338341874380906,0.7666666666666667,23.782608695652176,0.0,30.0,False
env_odom_noise,0.10714285714285715,0.005000000000000002,0.012599210498948734,0.12474433499135322,0.9094701676884235,-1.449067673265127,0.5714285714285714,0.8612412177985949,0.20453021077283373,0.5346443466842175,0.7666666666666667,23.956521739130434,0.0,30.0,False
env_odom_noise,0.10714285714285715,0.005000000000000002,0.015157165665103976,0.12502500910493067,0.9036473991021949,-1.5446041504022352,0.5904872389791184,0.8776102088167054,0.16910255220417625,0.517522132396698,0.7666666666666667,24.304347826086957,0.0,30.0,False
env_odom_noise,0.10714285714285715,0.005000000000000002,0.018234449771164334,0.1250250083542981,0.9010461845087867,-1.60575333885098,0.6086705202312138,0.8878612716763006,0.1406682080924856,0.5524909084041913,0.7666666666666667,24.434782608695652,0.0,30.0,True
env_odom_noise,0.10714285714285715,0.005000000000000002,0.021936499593892524,0.12490630716371771,0.8991641631339857,-1.6531847745127364,0.6283084004602992,0.8964326812428078,0.11245891829689292,0.5866855412721634,0.7666666666666667,24.608695652173914,0.0,30.0,True
env_odom_noise,0.10714285714285715,0.005000000000000002,0.026390158215457878,0.12507603729903355,0.8913961376375317,-1.6771797826379948,0.6495433789954338,0.9041095890410958,0.08354703196347035,0.5916663825511932,0.7333333333333333,24.272727272727273,0.045454545454545456,30.0,True
env_odom_noise,0.10714285714285715,0.005000000000000002,0.03174802103936399,0.12495408431108929,0.8877850751078222,-1.6872017055699167,0.6708286038592508,0.9103291713961408,0.056042224744608404,0.624165503680706,0.7333333333333333,24.5,0.045454545454545456,30.0,True
env_odom_noise,0.10714285714285715,0.005000000000000002,0.03819366415641666,0.12435563600190506,0.8819801198681713,-1.6869960943006155,0.6877802690582959,0.9136771300448431,0.04590313901345289,0.6395363892118137,0.7333333333333333,25.0,0.045454545454545456,30.0,True
env_odom_noise,0.10714285714285715,0.005000000000000002,0.04594793419988139,0.12469989951579843,0.8777939359959145,-1.66227855628366,0.6998886414253898,0.9153674832962138,0.05632115812917604,0.6803423235813777,0.7,24.61904761904762,0.047619047619047616,30.0,True
env_odom_noise,0.10714285714285715,0.005000000000000002,0.055276515198711025,0.12492346455181436,0.8680244563510985,-1.6223530032942208,0.7185792349726776,0.9191256830601093,0.07125355191256832,0.6945403814315796,0.7,25.428571428571427,0.047619047619047616,30.0,True
env_odom_noise,0.10714285714285715,0.005000000000000002,0.06649903169142302,0.12456692125957171,0.8633691232500157,-1.5895465416879804,0.7318918918918919,0.9216216216216216,0.08207027027027025,0.7275921871264776,0.6666666666666666,25.25,0.05,30.0,False
env_odom_noise,0.10714285714285715,0.005000000000000002,0.07999999999999999,0.12424729579298321,0.8564990117499216,-1.5425536179034867,0.7425213675213675,0.9236111111111112,0.09071025641025643,0.7781930491328239,0.6666666666666666,25.8,0.05,30.0,False
env_odom_noise,0.10714285714285715,0.006105276500337843,0.005000000000000002,0.12523890503054863,0.9168472094100596,-0.6590289356521369,0.5100830367734283,0.8084223013048636,0.31869466192170814,0.476000032077233,0.8,24.125,0.0,30.0,False
env_odom_noise,0.10714285714285715,0.006105276500337843,0.006015125180410587,0.12512373171285585,0.9167928638742839,-0.8989615441151975,0.5242603550295858,0.8207100591715977,0.2922295857988165,0.48938764619330566,0.8,24.208333333333332,0.0,30.0,False
env_odom_noise,0.10714285714285715,0.006105276500337843,0.007236346187201891,0.1250444490813609,0.9140094767623373,-1.1119411613606536,0.5371024734982333,0.8409893992932862,0.25910812720848053,0.5032147015134494,0.7666666666666667,23.73913043478261,0.0,30.0,False
env_odom_noise,0.10714285714285715,0.006105276500337843,0.008705505632961245,0.1250444487715184,0.9137601446755821,-1.280665487971684,0.5547058823529412,0.8558823529411764,0.2266117647058824,0.52760116259257,0.7666666666666667,23.782608695652176,0.0,30.0,False
env_odom_noise,0.10714285714285715,0.006105276500337843,0.010472941228206266,0.12504445068246306,0.9141357382173692,-1.4197176084503211,0.5705882352941176,0.8670588235294118,0.1995529411764706,0.54924021884799,0.7666666666666667,23.782608695652176,0.0,30.0,False
env_odom_noise,0.10714285714285715,0.006105276500337843,0.012599210498948734,0.12502500808189784,0.9058225270554173,-1.5452870121272893,0.5901162790697675,0.8848837209302326,0.1621999999999999,0.5095920272171497,0.7666666666666667,24.217391304347824,0.0,30.0,False
env_odom_noise,0.10714285714285715,0.006105276500337843,0.015157165665103976,0.12502500974697206,0.9041831075149109,-1.6286476410346156,0.6102088167053364,0.8979118329466357,0.12907935034802787,0.5338852882385254,0.7666666666666667,24.304347826086957,0.0,30.0,True
env_odom_noise,0.10714285714285715,0.006105276500337843,0.018234449771164334,0.1250250105493803,0.9002377329671643,-1.6858527568006223,0.6264434180138568,0.9099307159353349,0.10082586605080823,0.56563025812308,0.7666666666666667,24.47826086956522,0.0,30.0,True
env_odom_noise,0.10714285714285715,0.006105276500337843,0.021936499593892524,0.12490630665363801,0.8952241143337634,-1.7318903321540366,0.6485091743119266,0.9174311926605505,0.07125963302752292,0.579685939103365,0.7333333333333333,24.09090909090909,0.045454545454545456,30.0,True
env_odom_noise,0.10714285714285715,0.006105276500337843,0.026390158215457878,0.12502729822153197,0.891919080948345,-1.7550471804512404,0.6681870011402509,0.9236031927023945,0.04540980615735457,0.6006332462032636,0.7333333333333333,24.318181818181817,0.045454545454545456,30.0,True
env_odom_noise,0.10714285714285715,0.006105276500337843,0.03174802103936399,0.1249540828739103,0.8869332631521952,-1.7582053263084487,0.6891279728199321,0.9303510758776897,0.030576896942242415,0.6332868496576946,0.7333333333333333,24.59090909090909,0.0,30.0,True
env_odom_noise,0.10714285714285715,0.006105276500337843,0.03819366415641666,0.1243556365721946,0.882503204391659,-1.7584011054919564,0.7062780269058296,0.9332959641255605,0.044782062780269194,0.656321893632412,0.7333333333333333,25.0,0.045454545454545456,30.0,True
env_odom_noise,0.10714285714285715,0.006105276500337843,0.04594793419988139,0.12469989818978977,0.8758225111075603,-1.7311823072477288,0.72,0.935,0.05679999999999996,0.6904662181933721,0.7,24.714285714285715,0.047619047619047616,30.0,True
env_odom_noise,0.10714285714285715,0.006105276500337843,0.055276515198711025,0.12471193524076263,0.8668993140083471,-1.6975360016838557,0.7388222464558343,0.9389312977099237,0.07169094874591064,0.6913117155432701,0.6666666666666666,24.85,0.05,30.0,False
env_odom_noise,0.10714285714285715,0.006105276500337843,0.06649903169142302,0.1243078574961505,0.863889395906073,-1.6639742742418357,0.7510799136069114,0.9411447084233261,0.08173520518358535,0.7370793049534162,0.6666666666666666,25.3,0.05,30.0,False
env_odom_noise,0.10714285714285715,0.006105276500337843,0.07999999999999999,0.12424729444528992,0.8558921865871597,-1.6123104497640084,0.7614727854855923,0.9429028815368197,0.09036990394877265,0.7892006119092305,0.6666666666666666,25.85,0.05,30.0,False
env_odom_noise,0.10714285714285715,0.007454880229115496,0.005000000000000002,0.12512373090542844,0.9174783462797245,-0.7997633757104319,0.5414691943127962,0.8293838862559242,0.26634691943127964,0.4863721842567126,0.8,24.166666666666668,0.0,30.0,False
env_odom_noise,0.10714285714285715,0.007454880229115496,0.006015125180410587,0.12504444975337217,0.9174171449335116,-1.0187735575072854,0.5507674144037781,0.8447461629279811,0.2416864226682408,0.5056600734591484,0.7666666666666667,23.652173913043477,0.0,30.0,False
env_odom_noise,0.10714285714285715,0.007454880229115496,0.007236346187201891,0.12504444971115997,0.9146271330667166,-1.2060706763208946,0.565959952885748,0.8633686690223793,0.20787137809187273,0.5203538060188293,0.7666666666666667,23.73913043478261,0.0,30.0,False
env_odom_noise,0.10714285714285715,0.007454880229115496,0.008705505632961245,0.1250444518261277,0.9143669208743073,-1.3605362383025035,0.5823529411764706,0.8747058823529412,0.18014117647058814,0.5448913137118022,0.7666666666666667,23.782608695652176,0.0,30.0,False
env_odom_noise,0.10714285714285715,0.007454880229115496,0.010472941228206266,0.12504445110112403,0.9137681747189714,-1.4883166920760074,0.599294947121034,0.8860164512338425,0.1518886016451234,0.5611880486210187,0.7666666666666667,23.82608695652174,0.0,30.0,False
env_odom_noise,0.10714285714285715,0.007454880229115496,0.012599210498948734,0.12502500962380192,0.9057714368741608,-1.6046897100907833,0.6184668989547039,0.9041811846689896,0.11455191637630657,0.5250585339963436,0.7666666666666667,24.26086956521739,0.0,30.0,True
env_odom_noise,0.10714285714285715,0.007454880229115496,0.015157165665103976,0.12502501048388656,0.9041493293779813,-1.6817958109554347,0.6355735805330244,0.9171494785631518,0.08447694090382385,0.5554475809137026,0.7666666666666667,24.347826086956523,0.0,30.0,True
env_odom_noise,0.10714285714285715,0.007454880229115496,0.018234449771164334,0.12502500801097868,0.8995594268223948,-1.7359648535559844,0.6505190311418685,0.9273356401384083,0.0593453287197232,0.5724302068352699,0.7333333333333333,23.863636363636363,0.045454545454545456,30.0,True
env_odom_noise,0.10714285714285715,0.007454880229115496,0.021936499593892524,0.12490630665895434,0.8958142063620494,-1.7785040941992363,0.6754587155963303,0.9352064220183486,0.0265348623853211,0.5981474742293358,0.7333333333333333,24.09090909090909,0.045454545454545456,30.0,True
env_odom_noise,0.10714285714285715,0.007454880229115496,0.026390158215457878,0.12495408340693281,0.8912346535590149,-1.8021846713881167,0.6951080773606371,0.941410693970421,0.025497383390216122,0.6074351673324903,0.7333333333333333,24.40909090909091,0.045454545454545456,30.0,True
env_odom_noise,0.10714285714285715,0.007454880229115496,0.03174802103936399,0.12495408419035703,0.8844138592051898,-1.800360051185603,0.7150112866817155,0.9475169300225733,0.03929435665914227,0.6351960137486458,0.7333333333333333,24.727272727272727,0.0,30.0,True
env_odom_noise,0.10714285714285715,0.007454880229115496,0.03819366415641666,0.1245404212435201,0.8830910402095974,-1.8001225714719893,0.7306830907054871,0.9501679731243001,0.05231511758118701,0.6677086820205053,0.7333333333333333,25.045454545454547,0.045454545454545456,30.0,True
env_odom_noise,0.10714285714285715,0.007454880229115496,0.04594793419988139,0.124685916647651,0.8754890685502509,-1.7742292220182443,0.746119733924612,0.9517738359201774,0.0661458980044346,0.6963159024715424,0.7,24.80952380952381,0.047619047619047616,30.0,True
env_odom_noise,0.10714285714285715,0.007454880229115496,0.055276515198711025,0.12478364221851947,0.8664833323823518,-1.7390974538023214,0.7627856365614799,0.955386289445049,0.08097192600652892,0.6985932419697444,0.6666666666666666,24.95,0.05,30.0,False
env_odom_noise,0.10714285714285715,0.007454880229115496,0.06649903169142302,0.12430785829105997,0.8628246002133927,-1.7015118283927344,0.775323275862069,0.9574353448275862,0.09555862068965515,0.7528862689932188,0.6666666666666666,25.4,0.05,30.0,False
env_odom_noise,0.10714285714285715,0.007454880229115496,0.07999999999999999,0.12424729734885541,0.853933947093859,-1.6492804988889898,0.7870074547390842,0.9589989350372737,0.10880638977635793,0.8025357872247696,0.6666666666666666,25.95,0.05,30.0,False
env_odom_noise,0.10714285714285715,0.009102821015130404,0.005000000000000002,0.12520097190904314,0.9178607698880247,-0.9153790463292406,0.566193853427896,0.8475177304964538,0.22348841607565018,0.5083151636024316,0.7666666666666667,23.608695652173914,0.0,30.0,False
env_odom_noise,0.10714285714285715,0.009102821015130404,0.006015125180410587,0.12504445173900974,0.9163449367737018,-1.1120438932323407,0.5784198113207547,0.8637971698113207,0.19498301886792457,0.5184296555817127,0.7666666666666667,23.695652173913043,0.0,30.0,False
env_odom_noise,0.10714285714285715,0.009102821015130404,0.007236346187201891,0.1250444503360533,0.9153249007513593,-1.2780252894671806,0.5948174322732627,0.8804475853945819,0.16193498233215542,0.5399889762202899,0.7666666666666667,23.73913043478261,0.0,30.0,False
env_odom_noise,0.10714285714285715,0.009102821015130404,0.008705505632961245,0.12515579157101506,0.9140806475905716,-1.4192826853266278,0.6068075117370892,0.8914319248826291,0.13896056338028162,0.5520464579264323,0.7666666666666667,23.869565217391305,0.0,30.0,True
env_odom_noise,0.10714285714285715,0.009102821015130404,0.010472941228206266,0.12485614697662244,0.9074290722876984,-1.54486207175225,0.6282051282051282,0.9032634032634033,0.10573146853146853,0.5386240820089976,0.7666666666666667,24.130434782608695,0.0,30.0,True
env_odom_noise,0.10714285714285715,0.009102821015130404,0.012599210498948734,0.12502501052329143,0.9064547871430714,-1.641401280869244,0.6463414634146342,0.9204413472706156,0.07041718931475027,0.5406918048858642,0.7333333333333333,23.59090909090909,0.0,30.0,True
env_odom_noise,0.10714285714285715,0.009102821015130404,0.015157165665103976,0.1250250072560927,0.9035049350666268,-1.7114957776996678,0.6620370370370371,0.9322916666666666,0.04287129629629627,0.5659971555074056,0.7333333333333333,23.727272727272727,0.0,30.0,True
env_odom_noise,0.10714285714285715,0.009102821015130404,0.018234449771164334,0.12494049179648954,0.8972691052722277,-1.7660857851712202,0.6770114942528735,0.9419540229885057,0.018234482758620718,0.578775574763616,0.7333333333333333,24.0,0.045454545454545456,30.0,True
env_odom_noise,0.10714285714285715,0.009102821015130404,0.021936499593892524,0.12500252327784625,0.895695721373868,-1.803243130378207,0.6988571428571428,0.948,0.02265714285714293,0.5979493434230486,0.7333333333333333,24.227272727272727,0.045454545454545456,30.0,True
env_odom_noise,0.10714285714285715,0.009102821015130404,0.026390158215457878,0.12495408333549844,0.8895594835827961,-1.8197068250345303,0.7213393870601589,0.9545970488081725,0.03873643586833142,0.6196729555726052,0.7333333333333333,24.5,0.045454545454545456,30.0,True
env_odom_noise,0.10714285714285715,0.009102821015130404,0.03174802103936399,0.12495408229880481,0.8835538440930194,-1.8196854975856858,0.7395715896279594,0.9594137542277339,0.06178534385569334,0.6484704007705052,0.7333333333333333,24.772727272727273,0.045454545454545456,30.0,True
env_odom_noise,0.10714285714285715,0.009102821015130404,0.03819366415641666,0.12469989652076163,0.8819778372943233,-1.8186299158120027,0.7553072625698324,0.9625698324022346,0.08067709497206699,0.6756467853983243,0.7333333333333333,25.136363636363637,0.045454545454545456,30.0,True
env_odom_noise,0.10714285714285715,0.009102821015130404,0.04594793419988139,0.1244729267428357,0.8736214867668459,-1.7913159152707985,0.7704194260485652,0.9641280353200883,0.09734746136865347,0.6970410734415055,0.7,25.0,0.047619047619047616,30.0,True
env_odom_noise,0.10714285714285715,0.009102821015130404,0.055276515198711025,0.12478364118343926,0.8658633202464404,-1.7560685270057084,0.7869565217391304,0.9679347826086957,0.11769130434782615,0.7128409306208293,0.6666666666666666,25.0,0.05,30.0,False
env_odom_noise,0.10714285714285715,0.009102821015130404,0.06649903169142302,0.12430785827609893,0.8606770433541069,-1.7138030539844222,0.8002148227712137,0.9693877551020408,0.1324025778732545,0.7609261006116868,0.6666666666666666,25.55,0.05,30.0,False
env_odom_noise,0.10714285714285715,0.009102821015130404,0.07999999999999999,0.12415923514046681,0.8545997551107171,-1.6675417365927159,0.8117021276595745,0.9707446808510638,0.14524680851063831,0.8145275016625723,0.6333333333333333,25.31578947368421,0.05263157894736842,30.0,False
env_odom_noise,0.10714285714285715,0.01111504784609142,0.005000000000000002,0.12491023499874125,0.9168834747297628,-1.021628133913904,0.598939929328622,0.8610129564193169,0.1772471142520612,0.5189039158324401,0.7666666666666667,23.73913043478261,0.0,30.0,False
env_odom_noise,0.10714285714285715,0.01111504784609142,0.006015125180410587,0.1249102351015962,0.9148442793254653,-1.1884706725616607,0.6110458284371327,0.8777908343125734,0.14836333725029383,0.5330699289838473,0.7666666666666667,23.82608695652174,0.0,30.0,True
env_odom_noise,0.10714285714285715,0.01111504784609142,0.007236346187201891,0.12502163570487593,0.9145425604366465,-1.3358396337469811,0.6260257913247362,0.8921453692848769,0.11902883939038689,0.5484223529696465,0.7666666666666667,23.91304347826087,0.0,30.0,True
env_odom_noise,0.10714285714285715,0.01111504784609142,0.008705505632961245,0.1250216361795522,0.9130465007631393,-1.4637667260389202,0.6399297423887588,0.905152224824356,0.09211803278688524,0.5542787261307239,0.7333333333333333,23.272727272727273,0.0,30.0,True
env_odom_noise,0.10714285714285715,0.01111504784609142,0.010472941228206266,0.1247230670721337,0.9082042566930754,-1.574204303562964,0.6577415599534342,0.9167636786961583,0.06269476135040752,0.5488897907237212,0.7333333333333333,23.5,0.0,30.0,True
env_odom_noise,0.10714285714285715,0.01111504784609142,0.012599210498948734,0.1248921686690469,0.9041984084855466,-1.6639754101176247,0.6730324074074074,0.9322916666666666,0.03187592592592592,0.5437817836801211,0.7333333333333333,23.727272727272727,0.0,30.0,True
env_odom_noise,0.10714285714285715,0.01111504784609142,0.015157165665103976,0.12489216640013462,0.8999964989654183,-1.7262585921054363,0.690668202764977,0.9441244239631337,0.018343778801843347,0.5673104847470919,0.7333333333333333,23.90909090909091,0.045454545454545456,30.0,True
env_odom_noise,0.10714285714285715,0.01111504784609142,0.018234449771164334,0.12470163164749745,0.897233447302458,-1.7784949906060326,0.7082379862700229,0.9508009153318078,0.02923707093821515,0.582793569068114,0.7333333333333333,24.181818181818183,0.045454545454545456,30.0,True
env_odom_noise,0.10714285714285715,0.01111504784609142,0.021936499593892524,0.12487103653499847,0.8947752849981643,-1.8095034026101937,0.7263397947548461,0.9572405929304447,0.04638038768529085,0.6083496786653996,0.7333333333333333,24.318181818181817,0.045454545454545456,30.0,True
env_odom_noise,0.10714285714285715,0.01111504784609142,0.026390158215457878,0.12482303543095079,0.8884714000607392,-1.821283422771152,0.7483031674208145,0.9666289592760181,0.0777321266968326,0.6243815044562022,0.7333333333333333,24.636363636363637,0.0,30.0,True
env_odom_noise,0.10714285714285715,0.01111504784609142,0.03174802103936399,0.12477690682109793,0.8842997319146066,-1.8240370634646705,0.7646067415730337,0.9685393258426966,0.09594606741573031,0.6550561249256134,0.7333333333333333,24.90909090909091,0.045454545454545456,30.0,True
env_odom_noise,0.10714285714285715,0.01111504784609142,0.03819366415641666,0.12434553717199907,0.8817871838581921,-1.8223787926417496,0.7814238042269188,0.9710789766407119,0.11530278086763068,0.6723094686865807,0.7333333333333333,25.318181818181817,0.045454545454545456,30.0,True
env_odom_noise,0.10714285714285715,0.01111504784609142,0.04594793419988139,0.12422701530830929,0.8721433427755596,-1.7892407959310703,0.7936333699231614,0.9725576289791438,0.12899099890230514,0.6928325427075227,0.6666666666666666,24.55,0.05,30.0,False
env_odom_noise,0.10714285714285715,0.01111504784609142,0.055276515198711025,0.12465702290809054,0.8665985922038555,-1.7546869836718963,0.8116178067318133,0.9766558089033659,0.15107361563517918,0.7297685801982879,0.6666666666666666,25.05,0.05,30.0,False
env_odom_noise,0.10714285714285715,0.01111504784609142,0.06649903169142302,0.1241835425715936,0.8599677824495944,-1.7121034214169346,0.8247588424437299,0.9780278670953912,0.16558670953912114,0.7710942089557647,0.6666666666666666,25.65,0.05,30.0,False
env_odom_noise,0.10714285714285715,0.01111504784609142,0.07999999999999999,0.12403914256638698,0.8543064111827573,-1.6660598457733924,0.8345705196182397,0.9787910922587487,0.17616161187698842,0.820348663131396,0.6333333333333333,25.473684210526315,0.05263157894736842,30.0,False
env_odom_noise,0.10714285714285715,0.013572088082974535,0.005000000000000002,0.12502163540640127,0.9168108765485806,-1.102387405967514,0.6251468860164512,0.8766157461809636,0.1354373678025852,0.526954386010766,0.7333333333333333,23.136363636363637,0.0,30.0,True
env_odom_noise,0.10714285714285715,0.013572088082974535,0.006015125180410587,0.12502163522974857,0.9157424120049131,-1.2470969670366556,0.6373239436619719,0.8908450704225352,0.10903098591549287,0.5462501049041748,0.7333333333333333,23.181818181818183,0.0,30.0,True
env_odom_noise,0.10714285714285715,0.013572088082974535,0.007236346187201891,0.1250216329968773,0.9136120637253435,-1.3762577034323318,0.6487119437939111,0.9057377049180327,0.08275035128805619,0.5610467061400414,0.7333333333333333,23.272727272727273,0.0,30.0,True
env_odom_noise,0.10714285714285715,0.013572088082974535,0.008705505632961245,0.1250216360370182,0.9132622278840826,-1.4852247236516236,0.6619883040935672,0.9169590643274854,0.058252631578947334,0.577339465667804,0.7333333333333333,23.318181818181817,0.0,30.0,True
env_odom_noise,0.10714285714285715,0.013572088082974535,0.010472941228206266,0.12489216835678332,0.9052184252537903,-1.5901141037777264,0.6770833333333334,0.9253472222222222,0.03476944444444441,0.5408864895502726,0.7333333333333333,23.727272727272727,0.0,30.0,True
env_odom_noise,0.10714285714285715,0.013572088082974535,0.012599210498948734,0.12489216797518117,0.9027259096428082,-1.6650749420470845,0.6928406466512702,0.941108545034642,0.02353210161662822,0.5580046584208807,0.7333333333333333,23.818181818181817,0.045454545454545456,30.0,True
env_odom_noise,0.10714285714285715,0.013572088082974535,0.015157165665103976,0.12473514621221786,0.9000516245313341,-1.7245213617557844,0.7106773823191733,0.9517795637198623,0.03069781859931109,0.5793650329113007,0.7333333333333333,24.045454545454547,0.045454545454545456,30.0,True
env_odom_noise,0.10714285714285715,0.013572088082974535,0.018234449771164334,0.1247016329652102,0.898085215372914,-1.7669793964908644,0.7276887871853547,0.9576659038901602,0.048154691075514844,0.6096442600091299,0.7333333333333333,24.181818181818183,0.045454545454545456,30.0,True
env_odom_noise,0.10714285714285715,0.013572088082974535,0.021936499593892524,0.12482303452467468,0.8953294220101944,-1.7950157268086968,0.7463026166097838,0.9647326507394767,0.07383526734926049,0.6236609742045403,0.7333333333333333,24.40909090909091,0.0,30.0,True
env_odom_noise,0.10714285714285715,0.013572088082974535,0.026390158215457878,0.12500803016432474,0.8875991087694043,-1.806214130347613,0.7674943566591422,0.9729119638826185,0.10320632054176071,0.6371017937858899,0.7333333333333333,24.727272727272727,0.045454545454545456,30.0,True
env_odom_noise,0.10714285714285715,0.013572088082974535,0.03174802103936399,0.12477690518392785,0.8833615129585423,-1.8054646639130343,0.7822671156004489,0.9747474747474747,0.11981459034792363,0.6754634439945221,0.7333333333333333,24.954545454545453,0.045454545454545456,30.0,True
env_odom_noise,0.10714285714285715,0.013572088082974535,0.03819366415641666,0.1243455394583048,0.8804568247594035,-1.7998475610234637,0.7996670366259712,0.9778024417314095,0.14026947835738068,0.6911493152379989,0.7333333333333333,25.40909090909091,0.045454545454545456,30.0,True
env_odom_noise,0.10714285714285715,0.013572088082974535,0.04594793419988139,0.12414983356516342,0.8693720309248449,-1.7674047084147115,0.8120218579234972,0.9797814207650273,0.15460327868852453,0.7028939003745714,0.6666666666666666,24.75,0.05,30.0,False
env_odom_noise,0.10714285714285715,0.013572088082974535,0.055276515198711025,0.1246570230357055,0.8663319093902819,-1.7326119865998104,0.829175704989154,0.9831887201735358,0.17516442516268982,0.7564015795787176,0.6666666666666666,25.1,0.05,30.0,False
env_odom_noise,0.10714285714285715,0.013572088082974535,0.06649903169142302,0.12418354347155595,0.858031399807674,-1.6919942558383523,0.841711229946524,0.9844919786096257,0.18900320855614972,0.7885972176988919,0.6666666666666666,25.75,0.05,30.0,False
env_odom_noise,0.10714285714285715,0.013572088082974535,0.07999999999999999,0.12403914227380977,0.8537883559119968,-1.6433916729429348,0.8511652542372882,0.9856991525423728,0.19966440677966102,0.8426366160313289,0.6333333333333333,25.526315789473685,0.05263157894736842,30.0,False
env_odom_noise,0.10714285714285715,0.016572270086699935,0.005000000000000002,0.12517395819347435,0.9138442629704987,-1.1706224483038372,0.656140350877193,0.8923976608187134,0.08866198830409355,0.5398717820644379,0.7333333333333333,23.318181818181817,0.0,30.0,True
env_odom_noise,0.10714285714285715,0.016572270086699935,0.006015125180410587,0.12517395779611373,0.9097730613190104,-1.2939174682465593,0.6641443538998836,0.9033760186263097,0.06967962747380674,0.5440641591946284,0.7333333333333333,23.5,0.0,30.0,True
env_odom_noise,0.10714285714285715,0.016572270086699935,0.007236346187201891,0.12517395782808152,0.9100319211210559,-1.4029749278200843,0.6763678696158324,0.9167636786961583,0.044068451688009325,0.5602558041612308,0.7333333333333333,23.5,0.0,30.0,True
env_odom_noise,0.10714285714285715,0.016572270086699935,0.008705505632961245,0.1251739574998185,0.909097810397268,-1.4981158655382971,0.688953488372093,0.925,0.03575348837209302,0.574537568539381,0.7333333333333333,23.545454545454547,0.045454545454545456,30.0,True
env_odom_noise,0.10714285714285715,0.016572270086699935,0.010472941228206266,0.12497006658660603,0.9047842520258981,-1.591251982958046,0.7029988465974625,0.9354094579008074,0.03938938869665509,0.5511605819066365,0.7333333333333333,23.863636363636363,0.045454545454545456,30.0,True
env_odom_noise,0.10714285714285715,0.016572270086699935,0.012599210498948734,0.12488630546943132,0.9024269740577388,-1.658871535319399,0.7229885057471265,0.95,0.04478850574712656,0.5714651197195053,0.7333333333333333,24.0,0.045454545454545456,30.0,True
env_odom_noise,0.10714285714285715,0.016572270086699935,0.015157165665103976,0.12488630673130463,0.8984352772598767,-1.7065949402463447,0.7356979405034325,0.9588100686498856,0.05730800915331813,0.5930615156888962,0.7333333333333333,24.181818181818183,0.045454545454545456,30.0,True
env_odom_noise,0.10714285714285715,0.016572270086699935,0.018234449771164334,0.12502112718556657,0.8972452299123486,-1.7430969168410497,0.7505694760820045,0.9635535307517085,0.076923006833713,0.6151063161591689,0.7333333333333333,24.363636363636363,0.0,30.0,True
env_odom_noise,0.10714285714285715,0.016572270086699935,0.021936499593892524,0.12515705952420142,0.8947298996306811,-1.7699556587920457,0.7692743764172335,0.9722222222222222,0.10429659863945573,0.632617861032486,0.7333333333333333,24.545454545454547,0.0,30.0,True
env_odom_noise,0.10714285714285715,0.016572270086699935,0.026390158215457878,0.12494086709369286,0.8861886060039368,-1.7787824365520946,0.7904494382022472,0.9780898876404495,0.1313393258426967,0.6428639233112335,0.7333333333333333,24.90909090909091,0.045454545454545456,30.0,True
env_odom_noise,0.10714285714285715,0.016572270086699935,0.03174802103936399,0.1243352139994744,0.8825548281376077,-1.7838710407569012,0.8064516129032258,0.9799777530589544,0.14922936596218017,0.660174257059892,0.7333333333333333,25.318181818181817,0.045454545454545456,30.0,True
env_odom_noise,0.10714285714285715,0.016572270086699935,0.03819366415641666,0.12449365852599882,0.8811133462036814,-1.76447899849789,0.8233665559246954,0.982281284606866,0.16844784053156148,0.6995794018109639,0.6666666666666666,24.15,0.05,30.0,False
env_odom_noise,0.10714285714285715,0.016572270086699935,0.04594793419988139,0.12447221341928837,0.8703123242517739,-1.734694808903319,0.8331515812431843,0.9841875681570338,0.18013914940021813,0.7200481109321117,0.6666666666666666,24.85,0.05,30.0,False
env_odom_noise,0.10714285714285715,0.016572270086699935,0.055276515198711025,0.12480266261707425,0.8627000252798719,-1.6964099101377965,0.8516720604099245,0.9875943905070119,0.20206645091693642,0.758504751821359,0.6666666666666666,25.35,0.05,30.0,False
env_odom_noise,0.10714285714285715,0.016572270086699935,0.06649903169142302,0.12433126698356109,0.855296273539667,-1.6574107041289583,0.8643617021276596,0.9888297872340426,0.2159914893617022,0.7924613043665886,0.6666666666666666,26.0,0.05,30.0,False
env_odom_noise,0.10714285714285715,0.016572270086699935,0.07999999999999999,0.12393851193919989,0.8519221848388903,-1.6124849231490712,0.875,0.9899789029535865,0.2277789029535865,0.845064677298069,0.6333333333333333,25.736842105263158,0.05263157894736842,30.0,False
env_odom_noise,0.10714285714285715,0.020235658223516174,0.005000000000000002,0.12517395826587255,0.9112616696010455,-1.2216648419649379,0.6800699300699301,0.9067599067599068,0.050370163170163074,0.5576319605112076,0.7333333333333333,23.454545454545453,0.0,30.0,True
env_odom_noise,0.10714285714285715,0.020235658223516174,0.006015125180410587,0.12509947296878038,0.9109040659248894,-1.325372498186726,0.6895348837209302,0.9156976744186046,0.04563720930232562,0.5705228060483932,0.7333333333333333,23.545454545454547,0.045454545454545456,30.0,True
env_odom_noise,0.10714285714285715,0.020235658223516174,0.007236346187201891,0.12509947151732984,0.9111599020854388,-1.4172761686346496,0.7040697674418605,0.9284883720930233,0.04738139534883723,0.5871271376808485,0.7333333333333333,23.545454545454547,0.045454545454545456,30.0,True
env_odom_noise,0.10714285714285715,0.020235658223516174,0.008705505632961245,0.12526630499318478,0.9102210794334964,-1.5021887027816674,0.7166859791425261,0.93279258400927,0.05569339513325611,0.5876561457912127,0.7333333333333333,23.681818181818183,0.045454545454545456,30.0,True
env_odom_noise,0.10714285714285715,0.020235658223516174,0.010472941228206266,0.12488630535582587,0.9059046841981988,-1.5788824973329818,0.7298387096774194,0.9447004608294931,0.05693824884792631,0.5858158680299917,0.7333333333333333,23.90909090909091,0.045454545454545456,30.0,True
env_odom_noise,0.10714285714285715,0.020235658223516174,0.012599210498948734,0.12488630503538349,0.9029046465746207,-1.6335138502407012,0.746268656716418,0.9557979334098737,0.0648665901262917,0.6099578772981962,0.7333333333333333,24.045454545454547,0.045454545454545456,30.0,True
env_odom_noise,0.10714285714285715,0.020235658223516174,0.015157165665103976,0.12524013985952762,0.8976525768698514,-1.6779582304412224,0.7596810933940774,0.9658314350797267,0.08831252847380411,0.6012181078394254,0.7333333333333333,24.363636363636363,0.0,30.0,True
env_odom_noise,0.10714285714285715,0.020235658223516174,0.018234449771164334,0.1252056397631305,0.8951063246031065,-1.7107537644700141,0.7763904653802497,0.97105561861521,0.11024608399545965,0.6295513158043226,0.7333333333333333,24.5,0.0,30.0,True
env_odom_noise,0.10714285714285715,0.020235658223516174,0.021936499593892524,0.124940869316249,0.8943937645738723,-1.7319631189828926,0.794683257918552,0.9785067873303167,0.1359900452488687,0.6554865315556526,0.7333333333333333,24.636363636363637,0.045454545454545456,30.0,True
env_odom_noise,0.10714285714285715,0.020235658223516174,0.026390158215457878,0.12492623415370359,0.8845393081793851,-1.7378389841307307,0.8135498320268757,0.9826427771556551,0.15899260918253078,0.6578226243456204,0.7333333333333333,25.045454545454547,0.045454545454545456,30.0,False
env_odom_noise,0.10714285714285715,0.020235658223516174,0.03174802103936399,0.12433521201183935,0.8836249018851348,-1.738024112434646,0.8298109010011123,0.985539488320356,0.17815038932146832,0.6884736532966296,0.7,24.666666666666668,0.047619047619047616,30.0,False
env_odom_noise,0.10714285714285715,0.020235658223516174,0.03819366415641666,0.12449365926981935,0.8779140282198038,-1.7181794919675821,0.8460264900662252,0.9873068432671082,0.19613333333333338,0.7166528637210529,0.6666666666666666,24.3,0.05,30.0,False
env_odom_noise,0.10714285714285715,0.020235658223516174,0.04594793419988139,0.12454431669241289,0.8689741442923176,-1.6893965074765975,0.8559782608695652,0.9902173913043478,0.20899565217391303,0.7396797438462576,0.6666666666666666,25.0,0.05,30.0,False
env_odom_noise,0.10714285714285715,0.020235658223516174,0.055276515198711025,0.1248039095648184,0.8634910488138057,-1.6496998490296357,0.8735199138858988,0.9919268030139935,0.2282467168998923,0.7836247637867928,0.6666666666666666,25.45,0.05,30.0,False
env_odom_noise,0.10714285714285715,0.020235658223516174,0.06649903169142302,0.12423548268353711,0.8563633843769809,-1.6126298423261265,0.8868225292242295,0.9930924548352816,0.2427149840595112,0.8222384974360466,0.6666666666666666,26.05,0.05,30.0,False
env_odom_noise,0.10714285714285715,0.020235658223516174,0.07999999999999999,0.12425203487290892,0.8529441062908649,-1.5655445591362354,0.8958990536277602,0.9942166140904312,0.2529156677181914,0.863440681497256,0.6333333333333333,25.894736842105264,0.05263157894736842,30.0,False
env_odom_noise,0.10714285714285715,0.024708857724180293,0.005000000000000002,0.1250994731895527,0.9119733228426116,-1.2578138888276038,0.7133720930232558,0.913953488372093,0.07121860465116281,0.5958021461963654,0.7333333333333333,23.545454545454547,0.045454545454545456,30.0,True
env_odom_noise,0.10714285714285715,0.024708857724180293,0.006015125180410587,0.12509947219419348,0.9121856669085447,-1.3412672067429339,0.7215116279069768,0.922093023255814,0.07121860465116281,0.6099610502521197,0.7333333333333333,23.545454545454547,0.045454545454545456,30.0,True
env_odom_noise,0.10714285714285715,0.024708857724180293,0.007236346187201891,0.12526630400664215,0.9111941338508678,-1.421571841555289,0.7346465816917729,0.9310544611819235,0.07539212050984945,0.6074547429879507,0.7333333333333333,23.681818181818183,0.045454545454545456,30.0,True
env_odom_noise,0.10714285714285715,0.024708857724180293,0.008705505632961245,0.12507205335325766,0.908223598050952,-1.4983557992612118,0.7430875576036866,0.9360599078341014,0.07882764976958523,0.600028095394373,0.7333333333333333,23.90909090909091,0.045454545454545456,30.0,True
env_odom_noise,0.10714285714285715,0.024708857724180293,0.010472941228206266,0.12507205042875572,0.9058731381871415,-1.5549313398313875,0.7591954022988506,0.95,0.08099540229885072,0.6175869996349017,0.7333333333333333,24.0,0.045454545454545456,30.0,True
env_odom_noise,0.10714285714285715,0.024708857724180293,0.012599210498948734,0.12507205201389346,0.8996985159836436,-1.6004470755339657,0.7711187214611872,0.9611872146118722,0.0951059360730594,0.6188560421268146,0.7333333333333333,24.272727272727273,0.0,30.0,True
env_odom_noise,0.10714285714285715,0.024708857724180293,0.015157165665103976,0.12502269219264175,0.8957406263833222,-1.641092021328132,0.7877412031782066,0.9699205448354143,0.12046174801362097,0.6232574601968129,0.7333333333333333,24.5,0.045454545454545456,30.0,True
env_odom_noise,0.10714285714285715,0.024708857724180293,0.018234449771164334,0.12494086980431474,0.8953758303388454,-1.6680296144147662,0.8014705882352942,0.9739819004524887,0.13825248868778284,0.6498308956623078,0.7333333333333333,24.636363636363637,0.045454545454545456,30.0,True
env_odom_noise,0.10714285714285715,0.024708857724180293,0.021936499593892524,0.12492623738431287,0.8841105213907753,-1.6828259957063427,0.8182326621923938,0.9804250559284117,0.16145771812080545,0.6407270478705566,0.7333333333333333,25.09090909090909,0.045454545454545456,30.0,False
env_odom_noise,0.10714285714285715,0.024708857724180293,0.026390158215457878,0.12492623607491274,0.8838809928225637,-1.682979463668912,0.8368715083798882,0.9837988826815642,0.18347039106145246,0.684273777405421,0.7,24.476190476190474,0.047619047619047616,30.0,False
env_odom_noise,0.10714285714285715,0.024708857724180293,0.03174802103936399,0.12433521558693611,0.8826108535620044,-1.6782987549008708,0.8547671840354767,0.9861419068736141,0.20370909090909084,0.7159252231319745,0.7,24.80952380952381,0.047619047619047616,30.0,False
env_odom_noise,0.10714285714285715,0.024708857724180293,0.03819366415641666,0.1244936589961378,0.8752278873599464,-1.6596510262640212,0.8657865786578658,0.9884488448844885,0.21703542354235428,0.7431836913029353,0.6666666666666666,24.45,0.05,30.0,False
env_odom_noise,0.10714285714285715,0.024708857724180293,0.04594793419988139,0.12454617414731527,0.8668930913951575,-1.6334864017082071,0.8782467532467533,0.9908008658008658,0.23184761904761908,0.7551260888576508,0.6666666666666666,25.2,0.05,30.0,False
env_odom_noise,0.10714285714285715,0.024708857724180293,0.055276515198711025,0.12480391124846646,0.8610343488475246,-1.5904610274847015,0.8948497854077253,0.9919527896995708,0.2496025751072961,0.8112506027022998,0.6666666666666666,25.6,0.05,30.0,False
env_odom_noise,0.10714285714285715,0.024708857724180293,0.06649903169142302,0.124660602694617,0.8552297553348406,-1.5543000405521008,0.9078389830508474,0.993114406779661,0.26375338983050844,0.8451758787035942,0.6666666666666666,26.2,0.05,30.0,False
env_odom_noise,0.10714285714285715,0.024708857724180293,0.07999999999999999,0.12411816526754724,0.8529618495230483,-1.5154108903435095,0.9162303664921466,0.9942408376963351,0.2732712041884817,0.8780152589082718,0.6333333333333333,26.105263157894736,0.05263157894736842,30.0,False
env_odom_noise,0.10714285714285715,0.030170881682725817,0.005000000000000002,0.1252865258454081,0.9134299705943394,-1.2796104095684533,0.7392566782810686,0.9186991869918699,0.09235749128919868,0.634225366761287,0.7333333333333333,23.59090909090909,0.045454545454545456,30.0,True
env_odom_noise,0.10714285714285715,0.030170881682725817,0.006015125180410587,0.12536708482654035,0.913639360017759,-1.3527543721513249,0.7505787037037037,0.9305555555555556,0.09182314814814818,0.633345324297746,0.7333333333333333,23.727272727272727,0.045454545454545456,30.0,True
env_odom_noise,0.10714285714285715,0.030170881682725817,0.007236346187201891,0.12514826605359017,0.9106848691563103,-1.4160460034485214,0.7569124423963134,0.9349078341013825,0.09380460829493098,0.6265214910109838,0.7333333333333333,23.90909090909091,0.0,30.0,True
env_odom_noise,0.10714285714285715,0.030170881682725817,0.008705505632961245,0.12485448577259853,0.9050256291861336,-1.4760424935363676,0.7686139747995419,0.9438717067583047,0.09654226804123722,0.6203115075826645,0.7333333333333333,24.136363636363637,0.0,30.0,True
env_odom_noise,0.10714285714285715,0.030170881682725817,0.010472941228206266,0.12485448548185077,0.9019833474482174,-1.5224989026405942,0.783675799086758,0.95662100456621,0.10309680365296803,0.6354632625977198,0.7333333333333333,24.272727272727273,0.0,30.0,True
env_odom_noise,0.10714285714285715,0.030170881682725817,0.012599210498948734,0.1250226923812285,0.8988225242989374,-1.5608793304264994,0.79375,0.9647727272727272,0.1213227272727272,0.6417574564615885,0.7333333333333333,24.454545454545453,0.045454545454545456,30.0,True
env_odom_noise,0.10714285714285715,0.030170881682725817,0.015157165665103976,0.12497402353264561,0.8961830927301508,-1.5943029507249682,0.8093891402714932,0.9717194570135747,0.14390859728506789,0.6573332394162814,0.7333333333333333,24.636363636363637,0.045454545454545456,30.0,True
env_odom_noise,0.10714285714285715,0.030170881682725817,0.018234449771164334,0.12492623547063691,0.8917035651867415,-1.6154562258499823,0.8211473565804275,0.9758155230596175,0.15976287964004499,0.6612011055151622,0.7,24.19047619047619,0.047619047619047616,30.0,False
env_odom_noise,0.10714285714285715,0.030170881682725817,0.021936499593892524,0.12492623773474158,0.8854958277194501,-1.6233349899727545,0.837248322147651,0.9821029082774049,0.18215123042505588,0.6796617776155471,0.7,24.428571428571427,0.047619047619047616,30.0,False
env_odom_noise,0.10714285714285715,0.030170881682725817,0.026390158215457878,0.12492623495592264,0.8839461909526126,-1.6187019978717552,0.8584169453734671,0.9855072463768116,0.20672419175027879,0.7215015307068825,0.7,24.571428571428573,0.047619047619047616,30.0,False
env_odom_noise,0.10714285714285715,0.030170881682725817,0.03174802103936399,0.1243375961076602,0.8809519646045978,-1.615837951547877,0.8729281767955801,0.987292817679558,0.22302099447513812,0.7375554621219635,0.6666666666666666,24.25,0.05,30.0,False
env_odom_noise,0.10714285714285715,0.030170881682725817,0.03819366415641666,0.12462356386615926,0.873922898876535,-1.6013574065084342,0.8846994535519126,0.9890710382513661,0.23657049180327872,0.7581731118261814,0.6666666666666666,24.75,0.05,30.0,False
env_odom_noise,0.10714285714285715,0.030170881682725817,0.04594793419988139,0.12454617623191824,0.8654578379351907,-1.5657436853931532,0.8980582524271845,0.9913700107874865,0.25222826321467107,0.7858560244242351,0.6666666666666666,25.35,0.05,30.0,False
env_odom_noise,0.10714285714285715,0.030170881682725817,0.055276515198711025,0.12501484808704527,0.8574288846778713,-1.530589491111421,0.9106382978723404,0.9920212765957447,0.2654595744680851,0.8140217656890552,0.6666666666666666,26.0,0.05,30.0,False
env_odom_noise,0.10714285714285715,0.030170881682725817,0.06649903169142302,0.12471026967741174,0.8552356181524269,-1.4902515451974552,0.9281183932346723,0.9936575052854123,0.2845758985200846,0.8790189072489738,0.6666666666666666,26.3,0.05,30.0,False
env_odom_noise,0.10714285714285715,0.030170881682725817,0.07999999999999999,0.12411816416863876,0.8537281781407509,-1.4489473422346935,0.9330543933054394,0.9942468619246861,0.29010125523012553,0.9182892953356107,0.6333333333333333,26.157894736842106,0.05263157894736842,30.0,False
env_odom_noise,0.10714285714285715,0.03684031498640387,0.005000000000000002,0.1251482666071257,0.9108480581628532,-1.2929870508168135,0.7612197928653625,0.9286536248561565,0.10436616800920595,0.6408397153019905,0.7333333333333333,23.954545454545453,0.0,30.0,True
env_odom_noise,0.10714285714285715,0.03684031498640387,0.006015125180410587,0.1251482668832218,0.9110577020147077,-1.3449271465533115,0.7692750287686997,0.9361334867663982,0.10494154200230155,0.6558376329640547,0.7333333333333333,23.954545454545453,0.0,30.0,True
env_odom_noise,0.10714285714285715,0.03684031498640387,0.007236346187201891,0.12485448721603647,0.9053443950803888,-1.3988712114909956,0.778604118993135,0.9433638443935927,0.10704027459954235,0.6463052396972974,0.7333333333333333,24.181818181818183,0.045454545454545456,30.0,True
env_odom_noise,0.10714285714285715,0.03684031498640387,0.008705505632961245,0.12500779056373854,0.9043795117554974,-1.445271196240063,0.7873432155074116,0.95096921322691,0.10817400228050167,0.6470803375045459,0.7333333333333333,24.318181818181817,0.045454545454545456,30.0,True
env_odom_noise,0.10714285714285715,0.03684031498640387,0.010472941228206266,0.12500779120022185,0.8974712583903697,-1.4830269634543003,0.8018120045300113,0.9626274065685164,0.12723941109852777,0.6434452200929324,0.7,23.904761904761905,0.047619047619047616,30.0,True
env_odom_noise,0.10714285714285715,0.03684031498640387,0.012599210498948734,0.12500779073361773,0.8964205251729425,-1.5123225753017926,0.8116515837104072,0.9688914027149321,0.14334298642533938,0.6651086697975794,0.7,23.952380952380953,0.047619047619047616,30.0,True
env_odom_noise,0.10714285714285715,0.03684031498640387,0.015157165665103976,0.12492623692643562,0.8951074066562243,-1.5382572611860328,0.8258173618940248,0.9746335963923337,0.1632509582863585,0.6856855278213819,0.7,24.095238095238095,0.047619047619047616,30.0,False
env_odom_noise,0.10714285714285715,0.03684031498640387,0.018234449771164334,0.12492721635164107,0.8889452588828999,-1.5540924962198317,0.8398656215005599,0.9792833146696529,0.1819489361702128,0.6902440508206685,0.7,24.38095238095238,0.047619047619047616,30.0,False
env_odom_noise,0.10714285714285715,0.03684031498640387,0.021936499593892524,0.12492721332161304,0.8857637241049049,-1.5558949397923567,0.8545150501672241,0.9832775919732442,0.20059264214046824,0.7163214311003685,0.7,24.571428571428573,0.047619047619047616,30.0,False
env_odom_noise,0.10714285714285715,0.03684031498640387,0.026390158215457878,0.12458531605214469,0.8822490073499702,-1.555923167005092,0.8752771618625277,0.9866962305986696,0.22477339246119732,0.7449252337217331,0.6666666666666666,24.1,0.05,30.0,False
env_odom_noise,0.10714285714285715,0.03684031498640387,0.03174802103936399,0.12449565891434877,0.8783698898711043,-1.5463344944652502,0.8850385038503851,0.9878987898789879,0.23573729372937302,0.768767562508583,0.6666666666666666,24.45,0.05,30.0,False
env_odom_noise,0.10714285714285715,0.03684031498640387,0.03819366415641666,0.12454617616607284,0.8679437811992021,-1.525961108130618,0.8966450216450217,0.9897186147186147,0.24916363636363636,0.7698088054855664,0.6666666666666666,25.2,0.05,30.0,False
env_odom_noise,0.10714285714285715,0.03684031498640387,0.04594793419988139,0.12523268648777888,0.8631077645791028,-1.4930463449406255,0.9104077253218884,0.9914163090128756,0.264624034334764,0.8106049478054047,0.6666666666666666,25.6,0.05,30.0,False
env_odom_noise,0.10714285714285715,0.03684031498640387,0.055276515198711025,0.12506392474200437,0.8583408365065893,-1.4586833795933511,0.9246284501061571,0.9930997876857749,0.28052823779193203,0.8549466922879219,0.6666666666666666,26.1,0.05,30.0,False
env_odom_noise,0.10714285714285715,0.03684031498640387,0.06649903169142302,0.1248627767526532,0.8561336541545943,-1.418080494824356,0.9394736842105263,0.9936842105263158,0.2959578947368422,0.9093262389302254,0.6333333333333333,25.842105263157894,0.05263157894736842,30.0,False
env_odom_noise,0.10714285714285715,0.03684031498640387,0.07999999999999999,0.12423647897538577,0.8525889796240906,-1.3767700379235321,0.9442127215849844,0.9942648592283628,0.3012775808133472,0.9524512002865474,0.6333333333333333,26.31578947368421,0.05263157894736842,30.0,False
env_odom_noise,0.10714285714285715,0.04498406187030712,0.005000000000000002,0.1250057348408721,0.9105054394588645,-1.2868839673182628,0.779495990836197,0.9392898052691867,0.11200618556701036,0.6759863488376141,0.7,23.428571428571427,0.047619047619047616,30.0,True
env_odom_noise,0.10714285714285715,0.04498406187030712,0.006015125180410587,0.12517355711881048,0.907999737332042,-1.3306743281214948,0.7896237172177879,0.9469783352337514,0.11444538198403653,0.6642727399865787,0.7,23.61904761904762,0.047619047619047616,30.0,True
env_odom_noise,0.10714285714285715,0.04498406187030712,0.007236346187201891,0.12488255224373626,0.905049936670164,-1.3716980639513117,0.7954545454545454,0.9505681818181818,0.11668636363636364,0.6630325431625048,0.7,23.761904761904763,0.047619047619047616,30.0,True
env_odom_noise,0.10714285714285715,0.04498406187030712,0.008705505632961245,0.12488255211908957,0.896925290455461,-1.4081469368245692,0.8058690744920993,0.958803611738149,0.12747268623024832,0.6563373257716497,0.7,24.047619047619047,0.047619047619047616,30.0,True
env_odom_noise,0.10714285714285715,0.04498406187030712,0.010472941228206266,0.12488255434348206,0.8959967942690795,-1.4355307258093297,0.8190529875986471,0.967869222096956,0.14972220969560313,0.6765264987945556,0.7,24.095238095238095,0.047619047619047616,30.0,True
env_odom_noise,0.10714285714285715,0.04498406187030712,0.012599210498948734,0.12480199185371481,0.8929356461924473,-1.461120687632851,0.8267937219730942,0.9747757847533632,0.16436950672645745,0.6829503744840622,0.7,24.333333333333332,0.047619047619047616,30.0,False
env_odom_noise,0.10714285714285715,0.04498406187030712,0.015157165665103976,0.12480199060073084,0.8899076063818613,-1.4755379786634286,0.8424581005586592,0.9787709497206704,0.1840290502793296,0.7006613656878471,0.7,24.476190476190474,0.047619047619047616,30.0,False
env_odom_noise,0.10714285714285715,0.04498406187030712,0.018234449771164334,0.12480199032873815,0.8862809176343095,-1.4848268284616468,0.8535634743875279,0.9816258351893096,0.19798930957683747,0.7216992636521657,0.7,24.61904761904762,0.047619047619047616,30.0,False
env_odom_noise,0.10714285714285715,0.04498406187030712,0.021936499593892524,0.12480199285552492,0.8820688095807567,-1.4845414251938684,0.8725055432372506,0.9861419068736141,0.22144745011086475,0.7520829096436501,0.7,24.80952380952381,0.047619047619047616,30.0,False
env_odom_noise,0.10714285714285715,0.04498406187030712,0.026390158215457878,0.12446151080534777,0.8828891785624683,-1.480385179403318,0.8877212389380531,0.9878318584070797,0.23835309734513277,0.7948480010032654,0.6666666666666666,24.2,0.05,30.0,False
env_odom_noise,0.10714285714285715,0.04498406187030712,0.03174802103936399,0.12505042251654808,0.8732199090165272,-1.4708288963319922,0.8993471164309031,0.9891186071817193,0.25126572361262245,0.7712094048659007,0.6666666666666666,24.95,0.05,30.0,False
env_odom_noise,0.10714285714285715,0.04498406187030712,0.03819366415641666,0.12490396393746576,0.8648170884515337,-1.44655366727603,0.9098712446351931,0.9908798283261803,0.26355107296137337,0.7882230848073959,0.6666666666666666,25.6,0.05,30.0,False
env_odom_noise,0.10714285714285715,0.04498406187030712,0.04594793419988139,0.12527770081145526,0.8617731997151749,-1.4188244550718139,0.9227078891257996,0.9925373134328358,0.2780452025586354,0.8358944421013196,0.6666666666666666,25.9,0.05,30.0,False
env_odom_noise,0.10714285714285715,0.04498406187030712,0.055276515198711025,0.12506106156148386,0.8562625140893514,-1.3820562249191692,0.9376979936642027,0.9941921858500528,0.29469017951425547,0.8853298872709274,0.6666666666666666,26.35,0.05,30.0,False
env_odom_noise,0.10714285714285715,0.04498406187030712,0.06649903169142302,0.12458990610093919,0.8552092844615589,-1.346483566849351,0.9492677824267782,0.9947698744769874,0.30683765690376563,0.9296814372142156,0.6333333333333333,26.157894736842106,0.05263157894736842,30.0,False
env_odom_noise,0.10714285714285715,0.04498406187030712,0.07999999999999999,0.12411965524956567,0.8505062729852028,-1.3004904290422585,0.9537902388369678,0.9948078920041536,0.31139813084112145,0.9849299197395642,0.6333333333333333,26.526315789473685,0.05263157894736842,30.0,False
env_odom_noise,0.10714285714285715,0.054928027165305905,0.005000000000000002,0.12517355780741024,0.905214960147255,-1.269797564249735,0.7982954545454546,0.9511363636363637,0.11895909090909096,0.7023687168955803,0.7,23.761904761904763,0.047619047619047616,30.0,True
env_odom_noise,0.10714285714285715,0.054928027165305905,0.006015125180410587,0.1248825536267465,0.9001422874244349,-1.3029805144277598,0.803954802259887,0.9531073446327684,0.1226474576271187,0.6955883609751861,0.7,24.0,0.047619047619047616,30.0,True
env_odom_noise,0.10714285714285715,0.054928027165305905,0.007236346187201891,0.12488255167697894,0.896338478656324,-1.3310279546155992,0.8130630630630631,0.9594594594594594,0.13532252252252253,0.6973608476420243,0.7,24.142857142857142,0.047619047619047616,30.0,True
env_odom_noise,0.10714285714285715,0.054928027165305905,0.008705505632961245,0.12483510308995538,0.8939730066578877,-1.3552612728159783,0.820067264573991,0.9680493273542601,0.15091659192825113,0.6951829579969248,0.7,24.333333333333332,0.047619047619047616,30.0,False
env_odom_noise,0.10714285714285715,0.054928027165305905,0.010472941228206266,0.12457413549239849,0.8927197196993233,-1.3790068602688852,0.8284916201117318,0.9731843575418995,0.1644759776536313,0.7131903946399689,0.7,24.476190476190474,0.047619047619047616,30.0,False
env_odom_noise,0.10714285714285715,0.054928027165305905,0.012599210498948734,0.12480198971792872,0.8869675727242552,-1.3946095607868225,0.8418708240534521,0.977728285077951,0.18239910913140311,0.7227780113617579,0.7,24.61904761904762,0.047619047619047616,30.0,False
env_odom_noise,0.10714285714285715,0.054928027165305905,0.015157165665103976,0.12524002371605025,0.8862404761051683,-1.4045526816383542,0.8544444444444445,0.9811111111111112,0.19835555555555562,0.7437361925840378,0.7,24.714285714285715,0.047619047619047616,30.0,False
env_odom_noise,0.10714285714285715,0.054928027165305905,0.018234449771164334,0.1252400257384637,0.8844732183824106,-1.4075471545164555,0.8697339246119734,0.9850332594235033,0.2175671840354767,0.7664272094766299,0.6666666666666666,24.1,0.05,30.0,False
env_odom_noise,0.10714285714285715,0.054928027165305905,0.021936499593892524,0.12494878846693314,0.8841278355779612,-1.4086872708804734,0.8846578366445916,0.9867549668874173,0.2342128035320089,0.7994411587715149,0.6666666666666666,24.3,0.05,30.0,False
env_odom_noise,0.10714285714285715,0.054928027165305905,0.026390158215457878,0.12506548260404118,0.8755431047646234,-1.4067770784036602,0.8977149075081611,0.9885745375408053,0.24908944504896635,0.7725806755324205,0.6666666666666666,24.95,0.05,30.0,False
env_odom_noise,0.10714285714285715,0.054928027165305905,0.03174802103936399,0.1251012628633999,0.8703294886625916,-1.3876406067810731,0.9099244875943905,0.9902912621359223,0.26301574973031283,0.8024727751811346,0.6666666666666666,25.35,0.05,30.0,False
env_odom_noise,0.10714285714285715,0.054928027165305905,0.03819366415641666,0.1250234807153392,0.863723274123769,-1.363074799855135,0.9188034188034188,0.9919871794871795,0.2735905982905983,0.8349950244029363,0.6666666666666666,25.8,0.05,30.0,False
env_odom_noise,0.10714285714285715,0.054928027165305905,0.04594793419988139,0.12527770035149083,0.8605562895771651,-1.3306506671170923,0.9325185972369819,0.9936238044633369,0.2889424017003188,0.8910533477862675,0.6666666666666666,26.05,0.05,30.0,False
env_odom_noise,0.10714285714285715,0.054928027165305905,0.055276515198711025,0.12475301591049304,0.856755313792815,-1.2999275071611003,0.9459033613445378,0.9942226890756303,0.30292605042016807,0.9268274525801341,0.6666666666666666,26.6,0.05,30.0,False
env_odom_noise,0.10714285714285715,0.054928027165305905,0.06649903169142302,0.12434733120975543,0.8545173662851763,-1.2631979822173307,0.9546402502606882,0.9947862356621481,0.3122264859228363,0.977448116739591,0.6333333333333333,26.31578947368421,0.05263157894736842,30.0,False
env_odom_noise,0.10714285714285715,0.054928027165305905,0.07999999999999999,0.12433381773358798,0.8497089152697238,-1.2158587488234154,0.9607438016528925,0.9948347107438017,0.31837851239669424,1.0306214074293771,0.6333333333333333,26.789473684210527,0.05263157894736842,30.0,False
env_odom_noise,0.10714285714285715,0.06707015869245214,0.005000000000000002,0.1253225012279628,0.8954947947307081,-1.237039134177766,0.8127802690582959,0.9562780269058296,0.13185829596412557,0.728666282693545,0.7,24.333333333333332,0.047619047619047616,30.0,True
env_odom_noise,0.10714285714285715,0.06707015869245214,0.006015125180410587,0.12532409306693781,0.891245904832297,-1.2621476334965942,0.8193979933110368,0.959866220735786,0.1420642140468228,0.7106963858008385,0.7,24.571428571428573,0.047619047619047616,30.0,True
env_odom_noise,0.10714285714285715,0.06707015869245214,0.007236346187201891,0.1253240950885338,0.8915012875828107,-1.2798526090135607,0.8260869565217391,0.9671125975473801,0.15599955406911925,0.727144626279672,0.7,24.571428571428573,0.047619047619047616,30.0,False
env_odom_noise,0.10714285714285715,0.06707015869245214,0.008705505632961245,0.12518345725368715,0.8901109538373765,-1.3010905793756085,0.8346281908990011,0.9728079911209767,0.1702361820199778,0.7354593932628631,0.7,24.761904761904763,0.047619047619047616,30.0,False
env_odom_noise,0.10714285714285715,0.06707015869245214,0.010472941228206266,0.12541113517270286,0.8881908987437728,-1.311767438552042,0.8453436807095344,0.9783813747228381,0.18652505543237252,0.7495307877659798,0.7,24.80952380952381,0.047619047619047616,30.0,False
env_odom_noise,0.10714285714285715,0.06707015869245214,0.012599210498948734,0.1254111356236463,0.8873833670545861,-1.3208450437481738,0.858250276854928,0.9800664451827242,0.2011167220376523,0.7725272993246715,0.7,24.857142857142858,0.047619047619047616,30.0,False
env_odom_noise,0.10714285714285715,0.06707015869245214,0.015157165665103976,0.12541113639140275,0.8840838268601262,-1.3261287510749542,0.8692052980132451,0.9828918322295805,0.21489713024282564,0.7823027034600576,0.6666666666666666,24.3,0.05,30.0,False
env_odom_noise,0.10714285714285715,0.06707015869245214,0.018234449771164334,0.12541113738279888,0.8804548527300192,-1.3252691376238586,0.8807692307692307,0.9857142857142858,0.22928351648351653,0.8012211692829927,0.6666666666666666,24.5,0.05,30.0,False
env_odom_noise,0.10714285714285715,0.06707015869245214,0.021936499593892524,0.12514104401597376,0.8744409570389313,-1.3245936225125656,0.894880174291939,0.9880174291938998,0.2456976034858388,0.8096185902754466,0.6666666666666666,24.9,0.05,30.0,False
env_odom_noise,0.10714285714285715,0.06707015869245214,0.026390158215457878,0.12521961214554198,0.8717493942159669,-1.3140403932156215,0.9071274298056156,0.990280777537797,0.26020820734341255,0.8222624987363816,0.6666666666666666,25.3,0.05,30.0,False
env_odom_noise,0.10714285714285715,0.06707015869245214,0.03174802103936399,0.12502347942991923,0.8656615703410887,-1.2983052990210924,0.9213903743315508,0.9914438502673797,0.2756342245989305,0.8464872161547343,0.6666666666666666,25.75,0.05,30.0,False
env_odom_noise,0.10714285714285715,0.06707015869245214,0.03819366415641666,0.12502348459686768,0.8634575752674635,-1.2722386982850467,0.9280383795309168,0.9930703624733476,0.2839087420042644,0.9000938584407171,0.6666666666666666,25.9,0.05,30.0,False
env_odom_noise,0.10714285714285715,0.06707015869245214,0.04594793419988139,0.12527770189294277,0.8602481336677054,-1.2399045314159474,0.9406150583244963,0.9936373276776246,0.2970523860021209,0.9568276633818944,0.6666666666666666,26.15,0.05,30.0,False
env_odom_noise,0.10714285714285715,0.06707015869245214,0.055276515198711025,0.12475301836490403,0.8590550852460455,-1.2089487947727744,0.9506302521008403,0.9942226890756303,0.3076529411764706,1.000356350839138,0.6333333333333333,25.94736842105263,0.05263157894736842,30.0,False
env_odom_noise,0.10714285714285715,0.06707015869245214,0.06649903169142302,0.12430745744334948,0.8512667195716822,-1.1753097657607077,0.9601036269430052,0.9948186528497409,0.31772227979274614,1.0222686683138211,0.6333333333333333,26.63157894736842,0.05263157894736842,30.0,False
env_odom_noise,0.10714285714285715,0.06707015869245214,0.07999999999999999,0.12440397792910096,0.8503214456510559,-1.1228950052301707,0.9660842754367934,0.9948612538540597,0.3237455292908531,1.0803980715572834,0.6,26.38888888888889,0.05555555555555555,30.0,False
env_odom_noise,0.10714285714285715,0.08189637274779156,0.005000000000000002,0.1253788169347958,0.8898883920377962,-1.1926186224756177,0.8333333333333334,0.9651162790697675,0.16124961240310087,0.7495633681615194,0.7,24.857142857142858,0.047619047619047616,30.0,False
env_odom_noise,0.10714285714285715,0.08189637274779156,0.006015125180410587,0.12511836711712004,0.8901043674481857,-1.2077943740304085,0.8375690607734807,0.969060773480663,0.1694298342541437,0.7655270859599114,0.7,24.952380952380953,0.047619047619047616,30.0,False
env_odom_noise,0.10714285714285715,0.08189637274779156,0.007236346187201891,0.1253448083578039,0.888819951580514,-1.217999831221474,0.8458563535911602,0.9723756906077348,0.18103204419889496,0.7783550908168156,0.7,24.952380952380953,0.047619047619047616,30.0,False
env_odom_noise,0.10714285714285715,0.08189637274779156,0.008705505632961245,0.12534481282868018,0.8864032087601323,-1.2289211587891062,0.8550165380374862,0.9773980154355016,0.19521455347298788,0.7798506530622641,0.6666666666666666,24.35,0.05,30.0,False
env_odom_noise,0.10714285714285715,0.08189637274779156,0.010472941228206266,0.12534481117509613,0.8850242963552234,-1.2356137434487962,0.8646864686468647,0.9796479647964796,0.20713443344334437,0.794172307352225,0.6666666666666666,24.45,0.05,30.0,False
env_odom_noise,0.10714285714285715,0.08189637274779156,0.012599210498948734,0.12534481020674146,0.8827533046971103,-1.2400512438068245,0.8754116355653129,0.9824368825466521,0.22064851811196495,0.8140895411372184,0.6666666666666666,24.55,0.05,30.0,False
env_odom_noise,0.10714285714285715,0.08189637274779156,0.015157165665103976,0.12541501510707143,0.8785960078807834,-1.2424625819647397,0.8831877729257642,0.9858078602620087,0.23179563318777296,0.819517216583093,0.6666666666666666,24.8,0.05,30.0,False
env_odom_noise,0.10714285714285715,0.08189637274779156,0.018234449771164334,0.1252478944916037,0.8762427944484339,-1.2419024431704635,0.8947939262472885,0.9886117136659436,0.24620563991323208,0.8332592442631721,0.6666666666666666,25.1,0.05,30.0,False
env_odom_noise,0.10714285714285715,0.08189637274779156,0.021936499593892524,0.12515526409585748,0.8745090273974624,-1.237408550229785,0.9099244875943905,0.9897518878101402,0.2624763754045307,0.8530295158425967,0.6666666666666666,25.35,0.05,30.0,False
env_odom_noise,0.10714285714285715,0.08189637274779156,0.026390158215457878,0.12503761889305734,0.868905322542109,-1.2241378748511893,0.920150053590568,0.9908896034297964,0.2738396570203644,0.8749917283654213,0.6666666666666666,25.65,0.05,30.0,False
env_odom_noise,0.10714285714285715,0.08189637274779156,0.03174802103936399,0.12496034616801613,0.8636487772827984,-1.2031142194255147,0.9293304994686503,0.9930924548352816,0.28522295430393196,0.9017797067761422,0.6666666666666666,26.05,0.05,30.0,False
env_odom_noise,0.10714285714285715,0.08189637274779156,0.03819366415641666,0.1254027153493879,0.8635298742097739,-1.179928473455504,0.9353813559322034,0.993114406779661,0.2912957627118644,0.9536867489417394,0.6666666666666666,26.2,0.05,30.0,False
env_odom_noise,0.10714285714285715,0.08189637274779156,0.04594793419988139,0.1254452801536211,0.8599575580689642,-1.1481266107902954,0.9494736842105264,0.9942105263157894,0.3064842105263158,1.0073258439699808,0.6666666666666666,26.5,0.05,30.0,False
env_odom_noise,0.10714285714285715,0.08189637274779156,0.055276515198711025,0.12471705179137711,0.8517382628184841,-1.120708220518379,0.9575569358178054,0.9943064182194618,0.3146633540372672,1.0123277684052785,0.6333333333333333,26.68421052631579,0.05263157894736842,30.0,False
env_odom_noise,0.10714285714285715,0.08189637274779156,0.06649903169142302,0.12434575608639281,0.8507627371617824,-1.0796441630617555,0.9651282051282051,0.9948717948717949,0.3228,1.0621123164892197,0.6333333333333333,27.157894736842106,0.05263157894736842,30.0,False
env_odom_noise,0.10714285714285715,0.08189637274779156,0.07999999999999999,0.12429770998732133,0.8519798051523038,-1.0367087620457796,0.9734693877551021,0.9948979591836735,0.3311673469387756,1.1207150518894196,0.6,26.77777777777778,0.05555555555555555,30.0,False
env_odom_noise,0.10714285714285715,0.10000000000000002,0.005000000000000002,0.12503788222185724,0.8855833896664832,-1.1280835528813358,0.8530701754385965,0.9725877192982456,0.18845789473684216,0.8168303534388542,0.6666666666666666,24.6,0.05,30.0,False
env_odom_noise,0.10714285714285715,0.10000000000000002,0.006015125180410587,0.12526359687364952,0.8845838529416281,-1.134357745508738,0.8580043859649122,0.9736842105263158,0.19448859649122807,0.8261296525597572,0.6666666666666666,24.6,0.05,30.0,False
env_odom_noise,0.10714285714285715,0.10000000000000002,0.007236346187201891,0.12526359678386587,0.8848313763706327,-1.1403585431937922,0.8651315789473685,0.9802631578947368,0.20819473684210532,0.8423459634184838,0.6666666666666666,24.6,0.05,30.0,False
env_odom_noise,0.10714285714285715,0.10000000000000002,0.008705505632961245,0.12533382972702073,0.8837828321839749,-1.1469901029884058,0.8708971553610503,0.9824945295404814,0.21619168490153173,0.8494744723041853,0.6666666666666666,24.7,0.05,30.0,False
env_odom_noise,0.10714285714285715,0.10000000000000002,0.010472941228206266,0.12533382759825615,0.8802783213362587,-1.149855748717471,0.8779956427015251,0.9836601307189542,0.2244557734204793,0.8519987672567367,0.6666666666666666,24.9,0.05,30.0,False
env_odom_noise,0.10714285714285715,0.10000000000000002,0.012599210498948734,0.12569667263149295,0.8754469096511786,-1.1538209020281092,0.8847402597402597,0.9864718614718615,0.23401212121212123,0.8476167937119802,0.6666666666666666,25.2,0.05,30.0,False
env_odom_noise,0.10714285714285715,0.10000000000000002,0.015157165665103976,0.12535917797024138,0.8745811416451807,-1.1538410107566954,0.8926645091693636,0.988673139158576,0.2441376483279396,0.873369583984216,0.6666666666666666,25.35,0.05,30.0,False
env_odom_noise,0.10714285714285715,0.10000000000000002,0.018234449771164334,0.12551189806409568,0.8701506207799654,-1.1486107727069517,0.9061158798283262,0.9892703862660944,0.25818626609442064,0.8848656182487805,0.6666666666666666,25.6,0.05,30.0,False
env_odom_noise,0.10714285714285715,0.10000000000000002,0.021936499593892524,0.1251488446042003,0.8699697661186659,-1.1403072236476401,0.9166666666666666,0.9914529914529915,0.2709196581196581,0.9085310171047847,0.6666666666666666,25.8,0.05,30.0,False
env_odom_noise,0.10714285714285715,0.10000000000000002,0.026390158215457878,0.12507167263279065,0.8637723566901284,-1.1254084847747827,0.9247881355932204,0.993114406779661,0.2807025423728814,0.9249702935417493,0.6666666666666666,26.2,0.05,30.0,False
env_odom_noise,0.10714285714285715,0.10000000000000002,0.03174802103936399,0.12536608203019226,0.8639778997210403,-1.1056665304758444,0.9324181626187962,0.9931362196409715,0.2883543822597677,0.9693692579865456,0.6666666666666666,26.35,0.05,30.0,False
env_odom_noise,0.10714285714285715,0.10000000000000002,0.03819366415641666,0.12536608370981242,0.8589611006851884,-1.0788081142888963,0.938090241343127,0.9931794333683106,0.29406967471143763,1.012264332175255,0.6666666666666666,26.65,0.05,30.0,False
env_odom_noise,0.10714285714285715,0.10000000000000002,0.04594793419988139,0.12487247679064636,0.8545961349833969,-1.0541571626973396,0.9522821576763485,0.9942946058091287,0.30937676348547716,1.0350362375378608,0.6333333333333333,26.57894736842105,0.05263157894736842,30.0,False
env_odom_noise,0.10714285714285715,0.10000000000000002,0.055276515198711025,0.12427115351168025,0.8534601779030384,-1.0248307607857037,0.9609455292908531,0.9943473792394656,0.3180929085303187,1.0740691194931666,0.6333333333333333,27.05263157894737,0.05263157894736842,30.0,False
env_odom_noise,0.10714285714285715,0.10000000000000002,0.06649903169142302,0.12377816414034415,0.853147773463254,-0.9842492886622431,0.9683673469387755,0.9948979591836735,0.326065306122449,1.1253443111975987,0.6,26.77777777777778,0.05555555555555555,30.0,False
env_odom_noise,0.10714285714285715,0.10000000000000002,0.07999999999999999,0.12387366699838967,0.8486909758440416,-0.9410515654724018,0.974320241691843,0.9959718026183283,0.33309204431017125,1.1516470407446227,0.6,27.5,0.05555555555555555,30.0,False
env_odom_noise,0.12857142857142856,0.005000000000000002,0.005000000000000002,0.12521589750820622,0.9951645455633175,0.5589682302582896,0.4657210401891253,0.74822695035461,0.42325200945626473,0.5112759600083033,0.8,24.25,0.0,30.0,False
env_odom_noise,0.12857142857142856,0.005000000000000002,0.006015125180410587,0.12496701190700309,0.9944737555735579,0.14277228723441338,0.4758539458186101,0.7661955241460542,0.3951505300353357,0.5043277288476626,0.8,24.375,0.0,30.0,False
env_odom_noise,0.12857142857142856,0.005000000000000002,0.007236346187201891,0.12496701380213877,0.9948192183238204,-0.20427044118316515,0.48881036513545345,0.7809187279151943,0.3674709069493522,0.5204603026310602,0.8,24.375,0.0,30.0,False
env_odom_noise,0.12857142857142856,0.005000000000000002,0.008705505632961245,0.12504445033506972,0.9952211730418596,-0.5023929453206366,0.5005882352941177,0.7964705882352942,0.34014117647058817,0.5351076441506545,0.7666666666666667,23.782608695652176,0.0,30.0,False
env_odom_noise,0.12857142857142856,0.005000000000000002,0.010472941228206266,0.12504445093990874,0.9937820158482576,-0.7493297090362017,0.5158450704225352,0.8174882629107981,0.3038666666666666,0.55483205417792,0.7666666666666667,23.869565217391305,0.0,30.0,False
env_odom_noise,0.12857142857142856,0.005000000000000002,0.012599210498948734,0.12502500967540947,0.9867296078585674,-0.9721296197129026,0.5342624854819977,0.8362369337979094,0.26670058072009284,0.5291246471305688,0.7666666666666667,24.26086956521739,0.043478260869565216,30.0,False
env_odom_noise,0.12857142857142856,0.005000000000000002,0.015157165665103976,0.12494049136268648,0.9801226891572473,-1.1403384389097497,0.5542099192618224,0.8471741637831603,0.23581591695501725,0.5361593581736088,0.7666666666666667,24.52173913043478,0.0,30.0,False
env_odom_noise,0.12857142857142856,0.005000000000000002,0.018234449771164334,0.12467259609568493,0.978690122205334,-1.2723674417836848,0.5734787600459242,0.8622273249138921,0.20149391504018366,0.5624061040580273,0.7666666666666667,24.695652173913043,0.0,30.0,False
env_odom_noise,0.12857142857142856,0.005000000000000002,0.021936499593892524,0.12490630818667267,0.9779222775938192,-1.3612800613591711,0.5884041331802525,0.878300803673938,0.17049506314580942,0.5987811893224716,0.7333333333333333,24.045454545454547,0.045454545454545456,30.0,False
env_odom_noise,0.12857142857142856,0.005000000000000002,0.026390158215457878,0.12502729922035816,0.9741669188559644,-1.4337720633778952,0.6095890410958904,0.8898401826484018,0.13777077625570777,0.6173785760998726,0.7333333333333333,24.272727272727273,0.045454545454545456,30.0,True
env_odom_noise,0.12857142857142856,0.005000000000000002,0.03174802103936399,0.12460706116737737,0.9658548523776034,-1.4892188036445162,0.628668171557562,0.8978555304740407,0.11067629796839729,0.6297715122501055,0.7333333333333333,24.727272727272727,0.045454545454545456,30.0,True
env_odom_noise,0.12857142857142856,0.005000000000000002,0.03819366415641666,0.12451594421188672,0.9604872167001984,-1.515224217365386,0.6508379888268156,0.9072625698324023,0.07909944134078206,0.6544576997558276,0.7333333333333333,25.136363636363637,0.045454545454545456,30.0,True
env_odom_noise,0.12857142857142856,0.005000000000000002,0.04594793419988139,0.12450108691381419,0.9518745602910977,-1.5175479181105642,0.6708930540242558,0.9117971334068358,0.05450981256890841,0.6758036389946938,0.7,25.047619047619047,0.047619047619047616,30.0,True
env_odom_noise,0.12857142857142856,0.005000000000000002,0.055276515198711025,0.12492346598544782,0.9505432795879794,-1.5052464960054406,0.6900328587075575,0.911829134720701,0.050003723986856485,0.7175602758924167,0.6666666666666666,24.65,0.05,30.0,False
env_odom_noise,0.12857142857142856,0.005000000000000002,0.06649903169142302,0.12430786006283252,0.9440956403342994,-1.4937179726545726,0.703023758099352,0.9157667386609071,0.05905701943844499,0.7394760757684707,0.6666666666666666,25.3,0.05,30.0,False
env_odom_noise,0.12857142857142856,0.005000000000000002,0.07999999999999999,0.124159235608624,0.9390131259244976,-1.46530786691527,0.7219251336898396,0.9192513368983958,0.07447379679144384,0.7918337707718214,0.6333333333333333,25.05263157894737,0.05263157894736842,30.0,False
env_odom_noise,0.12857142857142856,0.006105276500337843,0.005000000000000002,0.12496701320047268,0.9958284225490052,0.34043965795214126,0.4846698113207547,0.777122641509434,0.3754075471698113,0.5113416564961274,0.8,24.333333333333332,0.0,30.0,False
env_odom_noise,0.12857142857142856,0.006105276500337843,0.006015125180410587,0.12496701179267763,0.9951323573126448,-0.030039966147866033,0.49411071849234395,0.7897526501766784,0.35333663133097765,0.5196623171369235,0.8,24.375,0.0,30.0,False
env_odom_noise,0.12857142857142856,0.006105276500337843,0.007236346187201891,0.1250444487793444,0.9954749786830477,-0.3544277240313074,0.5058823529411764,0.8029411764705883,0.32837647058823527,0.5318993066747983,0.7666666666666667,23.782608695652176,0.0,30.0,False
env_odom_noise,0.12857142857142856,0.006105276500337843,0.008705505632961245,0.12504444898935138,0.9958741768198088,-0.6294454214381828,0.518235294117647,0.8182352941176471,0.3007294117647059,0.5502673062185447,0.7666666666666667,23.782608695652176,0.0,30.0,False
env_odom_noise,0.12857142857142856,0.006105276500337843,0.010472941228206266,0.12515579244966563,0.9944269163233105,-0.8631498152112638,0.5345838218053928,0.8399765533411488,0.2626396248534584,0.5634038582444191,0.7666666666666667,23.91304347826087,0.0,30.0,False
env_odom_noise,0.12857142857142856,0.006105276500337843,0.012599210498948734,0.12502500944476777,0.9873685906400624,-1.0720268351878686,0.5545876887340302,0.8565621370499419,0.2260501742160279,0.544707028567791,0.7666666666666667,24.26086956521739,0.043478260869565216,30.0,False
env_odom_noise,0.12857142857142856,0.006105276500337843,0.015157165665103976,0.12494049078763975,0.9807592370394943,-1.2312757754570516,0.5743944636678201,0.8673587081891581,0.19544682814302183,0.5514560642341773,0.7666666666666667,24.52173913043478,0.0,30.0,False
env_odom_noise,0.12857142857142856,0.006105276500337843,0.018234449771164334,0.12467259263095393,0.9793257333144505,-1.356834589803277,0.5924225028702641,0.883467278989667,0.16131021814006885,0.5736234001815319,0.7333333333333333,24.045454545454547,0.045454545454545456,30.0,False
env_odom_noise,0.12857142857142856,0.006105276500337843,0.021936499593892524,0.12490630719312242,0.9785515406112346,-1.4418167131921658,0.6079219288174512,0.8978185993111366,0.13145947187141216,0.614700440565745,0.7333333333333333,24.045454545454547,0.045454545454545456,30.0,True
env_odom_noise,0.12857142857142856,0.006105276500337843,0.026390158215457878,0.1250272999657526,0.9708607236021757,-1.511694755028047,0.6302616609783845,0.9124004550625711,0.09453788395904439,0.6163492048780124,0.7333333333333333,24.40909090909091,0.045454545454545456,30.0,True
env_odom_noise,0.12857142857142856,0.006105276500337843,0.03174802103936399,0.12460706154638566,0.9664780394044052,-1.5638006923815284,0.6489841986455982,0.917607223476298,0.07060857787810382,0.6454006845752398,0.7333333333333333,24.727272727272727,0.045454545454545456,30.0,True
env_odom_noise,0.12857142857142856,0.006105276500337843,0.03819366415641666,0.12451594516051588,0.961099760628189,-1.58814603492086,0.6687150837988827,0.9268156424581006,0.041669273743016766,0.6704706688721974,0.7333333333333333,25.136363636363637,0.045454545454545456,30.0,True
env_odom_noise,0.12857142857142856,0.006105276500337843,0.04594793419988139,0.12448764693074345,0.9524767377591495,-1.59181318196599,0.6894273127753304,0.9311674008810573,0.03005991189427315,0.684088813016812,0.7,25.095238095238095,0.047619047619047616,30.0,True
env_odom_noise,0.12857142857142856,0.006105276500337843,0.055276515198711025,0.12478364065099609,0.9493225221494827,-1.5831115336566726,0.7068777292576419,0.9317685589519651,0.04690917030567687,0.7130269606908163,0.6666666666666666,24.8,0.05,30.0,False
env_odom_noise,0.12857142857142856,0.006105276500337843,0.06649903169142302,0.12430785863634095,0.9447073776149928,-1.564524426211506,0.7213822894168467,0.9352051835853131,0.05797710583153359,0.7563119182984034,0.6666666666666666,25.3,0.05,30.0,False
env_odom_noise,0.12857142857142856,0.006105276500337843,0.07999999999999999,0.12415923674470201,0.9380388423074195,-1.5355744298664495,0.7414529914529915,0.9385683760683761,0.07468461538461546,0.8019545823335648,0.6333333333333333,25.105263157894736,0.05263157894736842,30.0,False
env_odom_noise,0.12857142857142856,0.007454880229115496,0.005000000000000002,0.12496701236498807,0.996577633813682,0.15664821147975616,0.5135613207547169,0.7977594339622641,0.3258792452830189,0.5288640305399894,0.8,24.333333333333332,0.0,30.0,False
env_odom_noise,0.12857142857142856,0.007454880229115496,0.006015125180410587,0.1250444507000813,0.9958755804032692,-0.1832516189283591,0.5194117647058824,0.808235294117647,0.3095529411764706,0.533303382496039,0.7666666666666667,23.782608695652176,0.0,30.0,False
env_odom_noise,0.12857142857142856,0.007454880229115496,0.007236346187201891,0.12504445001316963,0.9962150276145658,-0.47700720461477164,0.5347058823529411,0.8241176470588235,0.27837647058823534,0.5490108668804169,0.7666666666666667,23.782608695652176,0.0,30.0,False
env_odom_noise,0.12857142857142856,0.007454880229115496,0.008705505632961245,0.12515579021352014,0.9947142422479167,-0.7331041390270535,0.5457209847596718,0.8388042203985931,0.25267479484173505,0.558947120855252,0.7666666666666667,23.91304347826087,0.0,30.0,False
env_odom_noise,0.12857142857142856,0.007454880229115496,0.010472941228206266,0.12515579131717913,0.9932468244358013,-0.9513228584556817,0.5626463700234192,0.860655737704918,0.21389789227166278,0.5730229191482067,0.7666666666666667,23.956521739130434,0.0,30.0,False
env_odom_noise,0.12857142857142856,0.007454880229115496,0.012599210498948734,0.12502500911276584,0.9880892690233811,-1.144266368587898,0.5789779326364692,0.8745644599303136,0.18365760743321713,0.5578182687362035,0.7333333333333333,23.59090909090909,0.045454545454545456,30.0,False
env_odom_noise,0.12857142857142856,0.007454880229115496,0.015157165665103976,0.12494049301416496,0.980600016491839,-1.293233058431162,0.6019585253456221,0.8853686635944701,0.1498728110599078,0.559129120161136,0.7333333333333333,23.90909090909091,0.045454545454545456,30.0,True
env_odom_noise,0.12857142857142856,0.007454880229115496,0.018234449771164334,0.12467259308560551,0.9800417892296963,-1.4124086351201477,0.6171067738231917,0.9029850746268657,0.11710815154994259,0.5913949641088645,0.7333333333333333,24.045454545454547,0.045454545454545456,30.0,True
env_odom_noise,0.12857142857142856,0.007454880229115496,0.021936499593892524,0.1250760414303623,0.9792601327571608,-1.4939591492530542,0.6336009174311926,0.9162844036697247,0.08731467889908262,0.6251752411325773,0.7333333333333333,24.09090909090909,0.045454545454545456,30.0,True
env_odom_noise,0.12857142857142856,0.007454880229115496,0.026390158215457878,0.12495408535106454,0.9715632779696967,-1.562543282928266,0.65625,0.9295454545454546,0.051404545454545425,0.6271463001767794,0.7333333333333333,24.454545454545453,0.045454545454545456,30.0,True
env_odom_noise,0.12857142857142856,0.007454880229115496,0.03174802103936399,0.12460706242443698,0.9644474842644122,-1.6061684993649095,0.6754780652418447,0.9347581552305961,0.02696377952755913,0.6597469945748647,0.7333333333333333,24.863636363636363,0.045454545454545456,30.0,True
env_odom_noise,0.12857142857142856,0.007454880229115496,0.03819366415641666,0.12457966808203927,0.9606607094634786,-1.634180968915209,0.6948775055679287,0.9437639198218263,0.02291358574610247,0.677755606174469,0.7333333333333333,25.272727272727273,0.045454545454545456,30.0,True
env_odom_noise,0.12857142857142856,0.007454880229115496,0.04594793419988139,0.1244876470231147,0.953056657379905,-1.6316869657302422,0.7134213421342134,0.9477447744774478,0.03747656765676566,0.698565565298001,0.7,25.142857142857142,0.047619047619047616,30.0,True
env_odom_noise,0.12857142857142856,0.007454880229115496,0.055276515198711025,0.12478364178465072,0.9493693213677886,-1.6238501124014804,0.7311886586695747,0.9482006543075245,0.054788004362050224,0.7264473497867584,0.6666666666666666,24.85,0.05,30.0,False
env_odom_noise,0.12857142857142856,0.007454880229115496,0.06649903169142302,0.12430786016941477,0.9425468872406323,-1.6022499551152125,0.7459634015069968,0.9515608180839612,0.06620258342303564,0.7614894136786461,0.6666666666666666,25.45,0.05,30.0,False
env_odom_noise,0.12857142857142856,0.007454880229115496,0.07999999999999999,0.12415923918149768,0.9379996279928812,-1.5717036444851267,0.7665245202558635,0.9546908315565032,0.08401535181236675,0.8167245482405027,0.6333333333333333,25.210526315789473,0.05263157894736842,30.0,False
env_odom_noise,0.12857142857142856,0.009102821015130404,0.005000000000000002,0.12504445140055068,0.9974234282399593,-0.012798998318019113,0.5394581861012956,0.8138987043580683,0.2838431095406361,0.5449718515078227,0.7666666666666667,23.73913043478261,0.0,30.0,False
env_odom_noise,0.12857142857142856,0.009102821015130404,0.006015125180410587,0.12504444959633074,0.9967149625208337,-0.3140579720874291,0.5470588235294118,0.8252941176470588,0.2648470588235293,0.5527801652749379,0.7666666666666667,23.782608695652176,0.0,30.0,False
env_odom_noise,0.12857142857142856,0.009102821015130404,0.007236346187201891,0.12515579087763334,0.9964258947149556,-0.5818031487129169,0.5586854460093896,0.8392018779342723,0.2393126760563381,0.5599882011612256,0.7666666666666667,23.869565217391305,0.0,30.0,False
env_odom_noise,0.12857142857142856,0.009102821015130404,0.008705505632961245,0.12515579329922052,0.9936292643521347,-0.8172216404081692,0.5731850117096019,0.8553864168618267,0.20862857142857139,0.5657890265186628,0.7333333333333333,23.272727272727273,0.0,30.0,False
env_odom_noise,0.12857142857142856,0.009102821015130404,0.010472941228206266,0.12532358821788459,0.9940681112035007,-1.0203017901981342,0.5905373831775701,0.8761682242990654,0.1704943925233645,0.5731317972143491,0.7333333333333333,23.363636363636363,0.0,30.0,False
env_odom_noise,0.12857142857142856,0.009102821015130404,0.012599210498948734,0.12494049253134443,0.9866416611819184,-1.1977738238881162,0.6047453703703703,0.8888888888888888,0.1435657407407408,0.5654385050137838,0.7333333333333333,23.727272727272727,0.045454545454545456,30.0,True
env_odom_noise,0.12857142857142856,0.009102821015130404,0.015157165665103976,0.1248344831294889,0.9774523362564471,-1.331596806634826,0.6262857142857143,0.8988571428571429,0.11205714285714274,0.5637254228194555,0.7,23.523809523809526,0.047619047619047616,30.0,True
env_odom_noise,0.12857142857142856,0.009102821015130404,0.018234449771164334,0.1246725944028391,0.9808496334594431,-1.444578974727035,0.6417910447761194,0.9190585533869116,0.07635040183696906,0.6116990332802137,0.7333333333333333,24.045454545454547,0.045454545454545456,30.0,True
env_odom_noise,0.12857142857142856,0.009102821015130404,0.021936499593892524,0.125002522782189,0.9752503463674229,-1.5278384975969757,0.658675799086758,0.9297945205479452,0.04872968036529679,0.6198484987020493,0.7333333333333333,24.272727272727273,0.045454545454545456,30.0,True
env_odom_noise,0.12857142857142856,0.009102821015130404,0.026390158215457878,0.12495408168322802,0.96957090429982,-1.5835900016529518,0.6795016987542469,0.942242355605889,0.015455945639864077,0.6453660070896149,0.7333333333333333,24.59090909090909,0.045454545454545456,30.0,True
env_odom_noise,0.12857142857142856,0.009102821015130404,0.03174802103936399,0.12460706315352692,0.9635795114108675,-1.6277930627580686,0.7,0.947752808988764,0.02404719101123598,0.6716525336106618,0.7333333333333333,24.90909090909091,0.045454545454545456,30.0,True
env_odom_noise,0.12857142857142856,0.009102821015130404,0.03819366415641666,0.12457967018228085,0.9595220124341233,-1.6536888897570414,0.7196885428253615,0.9566184649610678,0.03910700778642939,0.6910701627532642,0.7333333333333333,25.318181818181817,0.045454545454545456,30.0,True
env_odom_noise,0.12857142857142856,0.009102821015130404,0.04594793419988139,0.12427614719195369,0.9516411741973855,-1.6515382311794278,0.7390350877192983,0.9599780701754386,0.06181315789473685,0.6931064471602439,0.6666666666666666,24.6,0.05,30.0,False
env_odom_noise,0.12857142857142856,0.009102821015130404,0.055276515198711025,0.12478363883219586,0.9477769549280162,-1.6397578461479514,0.7562568008705114,0.9602829162132753,0.07933971708378673,0.737504833439986,0.6666666666666666,24.95,0.05,30.0,False
env_odom_noise,0.12857142857142856,0.009102821015130404,0.06649903169142302,0.1243078588973709,0.9402549158823331,-1.620110549221066,0.7706766917293233,0.9634801288936627,0.09695682062298605,0.7744175071517626,0.6666666666666666,25.55,0.05,30.0,False
env_odom_noise,0.12857142857142856,0.009102821015130404,0.07999999999999999,0.12416196708092977,0.9351550119905854,-1.5852406013875024,0.7908704883227177,0.9681528662420382,0.1218233545647559,0.8224025512735049,0.6333333333333333,25.42105263157895,0.05263157894736842,30.0,False
env_odom_noise,0.12857142857142856,0.01111504784609142,0.005000000000000002,0.125021635215114,0.9973810981098725,-0.17168257869961873,0.5686619718309859,0.8268779342723005,0.2416600938967136,0.5424700756867726,0.7333333333333333,23.181818181818183,0.0,30.0,False
env_odom_noise,0.12857142857142856,0.01111504784609142,0.006015125180410587,0.12502163516063525,0.9970431654545917,-0.4356109465139773,0.5767878077373975,0.8388042203985931,0.22160797186400938,0.5538709123929342,0.7333333333333333,23.227272727272727,0.0,30.0,False
env_odom_noise,0.12857142857142856,0.01111504784609142,0.007236346187201891,0.12502163468915817,0.9954554358879234,-0.6764269012133617,0.5901639344262295,0.8518735362997658,0.19516252927400468,0.5619247337182363,0.7333333333333333,23.272727272727273,0.0,30.0,False
env_odom_noise,0.12857142857142856,0.01111504784609142,0.008705505632961245,0.1250216367092601,0.9945605824311893,-0.8854570186261846,0.604093567251462,0.8719298245614036,0.16117660818713442,0.5804407241443793,0.7333333333333333,23.318181818181817,0.0,30.0,False
env_odom_noise,0.12857142857142856,0.01111504784609142,0.010472941228206266,0.1251047549771501,0.994076919125383,-1.0734101027832892,0.619324796274738,0.8864959254947613,0.13137927823050066,0.5828247639040153,0.7333333333333333,23.5,0.045454545454545456,30.0,True
env_odom_noise,0.12857142857142856,0.01111504784609142,0.012599210498948734,0.12480818590353875,0.9859022101878746,-1.2342556129245186,0.6345265588914549,0.9006928406466512,0.10198060046189383,0.575437066083153,0.7333333333333333,23.818181818181817,0.09090909090909091,30.0,True
env_odom_noise,0.12857142857142856,0.01111504784609142,0.015157165665103976,0.12470340505168519,0.9783617148974623,-1.3567241116982127,0.6518264840182648,0.9115296803652968,0.07384383561643837,0.5787511512637138,0.7,23.571428571428573,0.047619047619047616,30.0,True
env_odom_noise,0.12857142857142856,0.01111504784609142,0.018234449771164334,0.1244695656888229,0.978747363630962,-1.465665986982385,0.6674285714285715,0.9291428571428572,0.04062857142857135,0.607096129655838,0.7333333333333333,24.227272727272727,0.045454545454545456,30.0,True
env_odom_noise,0.12857142857142856,0.01111504784609142,0.021936499593892524,0.12487103605249023,0.976147904983408,-1.5386642670196955,0.685290763968073,0.9418472063854048,0.015243557582668266,0.6357850333054861,0.7333333333333333,24.318181818181817,0.045454545454545456,30.0,True
env_odom_noise,0.12857142857142856,0.01111504784609142,0.026390158215457878,0.12482303545309933,0.964437196260429,-1.5935362620951785,0.706081081081081,0.9521396396396397,0.025741441441441415,0.6359402631719907,0.7333333333333333,24.818181818181817,0.045454545454545456,30.0,True
env_odom_noise,0.12857142857142856,0.01111504784609142,0.03174802103936399,0.12466243084065419,0.9644558365094176,-1.6322728703523768,0.7242152466367713,0.9573991031390134,0.044414349775784734,0.6790586014588674,0.7333333333333333,25.0,0.045454545454545456,30.0,True
env_odom_noise,0.12857142857142856,0.01111504784609142,0.03819366415641666,0.12422701657741105,0.9596064382861179,-1.6574208703488282,0.7450221238938053,0.9651548672566371,0.07297699115044243,0.6782982120911281,0.7,24.904761904761905,0.047619047619047616,30.0,True
env_odom_noise,0.12857142857142856,0.01111504784609142,0.04594793419988139,0.12432509874613314,0.952509234386269,-1.6525538148237633,0.7642231947483589,0.9682713347921226,0.09529452954048145,0.7029221023122469,0.6666666666666666,24.7,0.05,30.0,False
env_odom_noise,0.12857142857142856,0.01111504784609142,0.055276515198711025,0.12465702262610372,0.9476448866255474,-1.63836186119599,0.7801302931596091,0.9690553745928339,0.11198566775244301,0.7499449114004771,0.6666666666666666,25.05,0.05,30.0,False
env_odom_noise,0.12857142857142856,0.01111504784609142,0.06649903169142302,0.12408765568083784,0.9395309473835785,-1.6219921839526485,0.7944325481798715,0.9721627408993576,0.12939528907922915,0.7794574812054634,0.6666666666666666,25.7,0.05,30.0,False
env_odom_noise,0.12857142857142856,0.01111504784609142,0.07999999999999999,0.12403914262031909,0.9346016642671683,-1.582722594672458,0.8140889830508474,0.9766949152542372,0.15358389830508468,0.8339497670531273,0.6333333333333333,25.526315789473685,0.05263157894736842,30.0,False
env_odom_noise,0.12857142857142856,0.013572088082974535,0.005000000000000002,0.12502163425370738,0.997841975384389,-0.30484195805468933,0.5920281359906213,0.8370457209847597,0.20812614302461896,0.5654462973276774,0.7333333333333333,23.227272727272727,0.0,30.0,False
env_odom_noise,0.12857142857142856,0.013572088082974535,0.006015125180410587,0.12502163627450485,0.9961998650665089,-0.5403064990504303,0.6030444964871194,0.8518735362997658,0.18228196721311474,0.5713012312849363,0.7333333333333333,23.272727272727273,0.0,30.0,False
env_odom_noise,0.12857142857142856,0.013572088082974535,0.007236346187201891,0.12502163538264327,0.9943286741432287,-0.7496486353678784,0.6139018691588785,0.8633177570093458,0.15998037383177577,0.5817104063928127,0.7333333333333333,23.363636363636363,0.0,30.0,False
env_odom_noise,0.12857142857142856,0.013572088082974535,0.008705505632961245,0.12502163499983743,0.994696501750084,-0.9352117903221506,0.6261682242990654,0.883177570093458,0.12785420560747662,0.6007738083600997,0.7333333333333333,23.363636363636363,0.045454545454545456,30.0,True
env_odom_noise,0.12857142857142856,0.013572088082974535,0.010472941228206266,0.12510475403798776,0.9932174259275456,-1.1050817596774027,0.6387921022067363,0.8972125435540069,0.10119535423925674,0.6062783022721608,0.7333333333333333,23.59090909090909,0.09090909090909091,30.0,True
env_odom_noise,0.12857142857142856,0.013572088082974535,0.012599210498948734,0.1248081861346026,0.9854977527541365,-1.2520969358345138,0.6557093425605537,0.9111880046136102,0.07030265282583614,0.6003493701418241,0.7333333333333333,23.863636363636363,0.09090909090909091,30.0,True
env_odom_noise,0.12857142857142856,0.013572088082974535,0.015157165665103976,0.12463115766506754,0.9764054491360291,-1.3683049475221418,0.6729237770193401,0.9215017064846417,0.042774516496018156,0.5841826255122821,0.7,23.714285714285715,0.047619047619047616,30.0,True
env_odom_noise,0.12857142857142856,0.013572088082974535,0.018234449771164334,0.12463912036277847,0.9797744814992039,-1.4647306761167587,0.6860730593607306,0.9372146118721462,0.020658447488584475,0.6262838482856751,0.7333333333333333,24.272727272727273,0.045454545454545456,30.0,True
env_odom_noise,0.12857142857142856,0.013572088082974535,0.021936499593892524,0.12482303480376487,0.9729746263591227,-1.5307042686999852,0.7074829931972789,0.9501133786848073,0.029169614512471687,0.6478419577081999,0.7333333333333333,24.545454545454547,0.045454545454545456,30.0,True
env_odom_noise,0.12857142857142856,0.013572088082974535,0.026390158215457878,0.12500803126970508,0.9643266386108854,-1.5815262102536345,0.7252808988764045,0.9584269662921349,0.04650786516853933,0.65137769728899,0.7333333333333333,24.90909090909091,0.045454545454545456,30.0,True
env_odom_noise,0.12857142857142856,0.013572088082974535,0.03174802103936399,0.12444795506873067,0.9647521371185105,-1.618086341326657,0.7416107382550335,0.964765100671141,0.06917583892617452,0.6920765976111094,0.7333333333333333,25.09090909090909,0.045454545454545456,30.0,True
env_odom_noise,0.12857142857142856,0.013572088082974535,0.03819366415641666,0.12422701495722871,0.9591636489276388,-1.6373962481938396,0.7635359116022099,0.9718232044198895,0.09815911602209937,0.6938937102754911,0.6666666666666666,24.25,0.05,30.0,False
env_odom_noise,0.12857142857142856,0.013572088082974535,0.04594793419988139,0.12432509592664907,0.9516488430942508,-1.633248268472322,0.7836065573770492,0.9743169398907103,0.12072349726775955,0.7227054129044215,0.6666666666666666,24.75,0.05,30.0,False
env_odom_noise,0.12857142857142856,0.013572088082974535,0.055276515198711025,0.12465702314770954,0.9484961018906809,-1.6164383747172186,0.7966377440347071,0.9761388286334056,0.13557657266811274,0.7741234978040059,0.6666666666666666,25.1,0.05,30.0,False
env_odom_noise,0.12857142857142856,0.013572088082974535,0.06649903169142302,0.12409055697405497,0.939260012674162,-1.6033555707164766,0.8103632478632479,0.9786324786324786,0.15179572649572648,0.7930425097544987,0.6666666666666666,25.8,0.05,30.0,False
env_odom_noise,0.12857142857142856,0.013572088082974535,0.07999999999999999,0.12368536996688075,0.9339757122104161,-1.5679721578488872,0.8305174234424498,0.9836325237592397,0.17694994720168955,0.839627572397391,0.6333333333333333,25.68421052631579,0.05263157894736842,30.0,False
env_odom_noise,0.12857142857142856,0.016572270086699935,0.005000000000000002,0.12517395744455947,0.9962231192101472,-0.43167023469614535,0.6203271028037384,0.8510514018691588,0.16582149532710277,0.573805513481299,0.7333333333333333,23.363636363636363,0.0,30.0,False
env_odom_noise,0.12857142857142856,0.016572270086699935,0.006015125180410587,0.12517395855368896,0.9952192272265955,-0.6318955491988052,0.631855309218203,0.8634772462077013,0.14186744457409572,0.587307657301426,0.7333333333333333,23.40909090909091,0.045454545454545456,30.0,True
env_odom_noise,0.12857142857142856,0.016572270086699935,0.007236346187201891,0.1250888621405222,0.9955273078240747,-0.8171760772044129,0.6439393939393939,0.8776223776223776,0.11563822843822846,0.6030356099208196,0.7333333333333333,23.454545454545453,0.045454545454545456,30.0,True
env_odom_noise,0.12857142857142856,0.016572270086699935,0.008705505632961245,0.1252557454181,0.9958909122797095,-0.9853290630576879,0.6529069767441861,0.8924418604651163,0.0918511627906976,0.6078442205985387,0.7333333333333333,23.545454545454547,0.045454545454545456,30.0,True
env_odom_noise,0.12857142857142856,0.016572270086699935,0.010472941228206266,0.12518160811613235,0.9896048316192582,-1.1344661055532919,0.6662817551963048,0.9070438799076213,0.0638743648960739,0.6027823076273005,0.7333333333333333,23.818181818181817,0.13636363636363635,30.0,False
env_odom_noise,0.12857142857142856,0.016572270086699935,0.012599210498948734,0.12488630617060585,0.9808712394650739,-1.2646031727460758,0.6849942726231386,0.9186712485681557,0.03812302405498291,0.5917651854455471,0.7333333333333333,24.136363636363637,0.045454545454545456,30.0,True
env_odom_noise,0.12857142857142856,0.016572270086699935,0.015157165665103976,0.12462063232771917,0.9784867575935584,-1.3678454265581819,0.6958997722095672,0.9305239179954442,0.03717585421412306,0.6121164433658123,0.7333333333333333,24.363636363636363,0.045454545454545456,30.0,True
env_odom_noise,0.12857142857142856,0.016572270086699935,0.018234449771164334,0.12497403723715907,0.9746472359018167,-1.4524039988288526,0.710079275198188,0.9445073612684032,0.037371913929784895,0.6314291546742121,0.7333333333333333,24.59090909090909,0.045454545454545456,30.0,True
env_odom_noise,0.12857142857142856,0.016572270086699935,0.021936499593892524,0.12515705930253135,0.9717000364096003,-1.5130275361281647,0.7296839729119639,0.9571106094808126,0.049594582392776476,0.6486380408207576,0.7333333333333333,24.727272727272727,0.045454545454545456,30.0,True
env_odom_noise,0.12857142857142856,0.016572270086699935,0.026390158215457878,0.1247110231857015,0.964751974514075,-1.5618103202071068,0.7483221476510067,0.9636465324384788,0.07476868008948545,0.6593139842152596,0.7333333333333333,25.09090909090909,0.045454545454545456,30.0,True
env_odom_noise,0.12857142857142856,0.016572270086699935,0.03174802103936399,0.12458352014886488,0.9624103845736124,-1.5911107079544222,0.764182424916574,0.9705228031145717,0.0975052280311457,0.684727032482624,0.7,24.666666666666668,0.047619047619047616,30.0,True
env_odom_noise,0.12857142857142856,0.016572270086699935,0.03819366415641666,0.12437506672800402,0.9586222438290635,-1.6080063105346638,0.7866593164277839,0.9768467475192943,0.12630606394707822,0.7083947052558263,0.6666666666666666,24.35,0.05,30.0,False
env_odom_noise,0.12857142857142856,0.016572270086699935,0.04594793419988139,0.12454431626012612,0.9517465978216662,-1.6024841027309948,0.8061002178649237,0.9787581699346405,0.1476583877995642,0.7337459698319435,0.6666666666666666,24.9,0.05,30.0,False
env_odom_noise,0.12857142857142856,0.016572270086699935,0.055276515198711025,0.12480391049355777,0.9452468099438044,-1.586056887260976,0.8209277238403452,0.9811218985976268,0.16484962243797197,0.7715225093066692,0.6666666666666666,25.35,0.05,30.0,False
env_odom_noise,0.12857142857142856,0.016572270086699935,0.06649903169142302,0.12423548289368838,0.9396733164115691,-1.5663896567086337,0.8343982960596379,0.983493077742279,0.1806913738019169,0.8117098495364189,0.6666666666666666,25.95,0.05,30.0,False
env_odom_noise,0.12857142857142856,0.016572270086699935,0.07999999999999999,0.12364719277872609,0.9337119466924181,-1.5389179697473212,0.852260778128286,0.9879074658254469,0.20296824395373292,0.8461388950546582,0.6333333333333333,25.894736842105264,0.05263157894736842,30.0,False
env_odom_noise,0.12857142857142856,0.020235658223516174,0.005000000000000002,0.12517395702228096,0.9931805535287405,-0.5436099962362501,0.6519208381839348,0.8661233993015134,0.11915576251455184,0.5939834728837013,0.7333333333333333,23.5,0.045454545454545456,30.0,True
env_odom_noise,0.12857142857142856,0.020235658223516174,0.006015125180410587,0.1250147716587519,0.9934359274595921,-0.7188532163009264,0.6591173054587689,0.8763066202090593,0.10177607433217184,0.5999139669040839,0.7333333333333333,23.59090909090909,0.045454545454545456,30.0,True
env_odom_noise,0.12857142857142856,0.020235658223516174,0.007236346187201891,0.1251816088849878,0.993738715145088,-0.8794063177181766,0.6697566628041715,0.8922363847045192,0.07520695249130938,0.6018511099119981,0.7333333333333333,23.681818181818183,0.045454545454545456,30.0,True
env_odom_noise,0.12857142857142856,0.020235658223516174,0.008705505632961245,0.1251816081170671,0.9927164974404591,-1.0201948779183991,0.6782407407407407,0.9045138888888888,0.05444537037037045,0.6148966193199158,0.7333333333333333,23.727272727272727,0.09090909090909091,30.0,True
env_odom_noise,0.12857142857142856,0.020235658223516174,0.010472941228206266,0.12488630675313049,0.9841023837825998,-1.1505491796968894,0.6903669724770642,0.9151376146788991,0.047029357798165194,0.6038083686182897,0.7333333333333333,24.09090909090909,0.09090909090909091,30.0,True
env_odom_noise,0.12857142857142856,0.020235658223516174,0.012599210498948734,0.12488630629273115,0.979726757935102,-1.2563333469027747,0.7049086757990868,0.9286529680365296,0.04805570776255719,0.6115330355862777,0.7333333333333333,24.272727272727273,0.045454545454545456,30.0,True
env_odom_noise,0.12857142857142856,0.020235658223516174,0.015157165665103976,0.12497403682127842,0.9762064620971056,-1.355328302978283,0.7197055492638732,0.9388448471121178,0.052660702151755445,0.6223426938056946,0.7333333333333333,24.59090909090909,0.045454545454545456,30.0,True
env_odom_noise,0.12857142857142856,0.020235658223516174,0.018234449771164334,0.12492613451442018,0.973515120281037,-1.4299213319864166,0.7358916478555305,0.9525959367945824,0.05509571106094813,0.6438184375564258,0.7333333333333333,24.727272727272727,0.045454545454545456,30.0,True
env_odom_noise,0.12857142857142856,0.020235658223516174,0.021936499593892524,0.12494086914258266,0.9671058499509277,-1.4862594196770904,0.7575757575757576,0.9635241301907969,0.08389988776655444,0.6516023963689804,0.7333333333333333,24.954545454545453,0.045454545454545456,30.0,True
env_odom_noise,0.12857142857142856,0.020235658223516174,0.026390158215457878,0.12458351942143546,0.9639966628347147,-1.528592660753886,0.7728285077951003,0.9688195991091314,0.10444810690423167,0.6750646611054738,0.7333333333333333,25.272727272727273,0.045454545454545456,30.0,True
env_odom_noise,0.12857142857142856,0.020235658223516174,0.03174802103936399,0.12449365828771969,0.9636880859523681,-1.5566931462677336,0.7854767184035477,0.9761640798226164,0.12444079822616416,0.6962318457663059,0.6666666666666666,24.1,0.05,30.0,False
env_odom_noise,0.12857142857142856,0.020235658223516174,0.03819366415641666,0.12437506596120336,0.9580062431856993,-1.564981704188396,0.808920704845815,0.9823788546255506,0.15409955947136567,0.7355192467570305,0.6666666666666666,24.4,0.05,30.0,False
env_odom_noise,0.12857142857142856,0.020235658223516174,0.04594793419988139,0.12454617563469836,0.9514474446059719,-1.5588809005015152,0.8279044516829533,0.9831704668838219,0.17387491856677528,0.7505663012464842,0.6666666666666666,25.05,0.05,30.0,False
env_odom_noise,0.12857142857142856,0.020235658223516174,0.055276515198711025,0.12480391034854031,0.9439031363582996,-1.5413584482301375,0.8428417653390743,0.9854682454251884,0.1911100107642627,0.7981636911630631,0.6666666666666666,25.45,0.05,30.0,False
env_odom_noise,0.12857142857142856,0.020235658223516174,0.06649903169142302,0.12423548231797098,0.9373342594945467,-1.5164279034561425,0.856687898089172,0.9877919320594479,0.20727983014861995,0.8362432231505712,0.6333333333333333,25.42105263157895,0.05263157894736842,30.0,False
env_odom_noise,0.12857142857142856,0.020235658223516174,0.07999999999999999,0.12406782188623008,0.9349955176509491,-1.4923632796207074,0.8728991596638656,0.9921218487394958,0.2278210084033614,0.8726303517818451,0.6333333333333333,25.94736842105263,0.05263157894736842,30.0,False
env_odom_noise,0.12857142857142856,0.024708857724180293,0.005000000000000002,0.12501477060299368,0.9939249398393939,-0.6410693887940833,0.679814385150812,0.8741299303944315,0.0832556844547564,0.6179580849905809,0.7333333333333333,23.636363636363637,0.045454545454545456,30.0,True
env_odom_noise,0.12857142857142856,0.024708857724180293,0.006015125180410587,0.12518161035218728,0.9923639809838777,-0.7842366247092293,0.6836027713625866,0.8856812933025404,0.06972147806004625,0.6102509580552578,0.7333333333333333,23.818181818181817,0.045454545454545456,30.0,True
env_odom_noise,0.12857142857142856,0.024708857724180293,0.007236346187201891,0.12518160810854387,0.991293843048393,-0.9157273847979633,0.6891580161476355,0.9002306805074971,0.060727335640138436,0.6200198044379552,0.7333333333333333,23.863636363636363,0.045454545454545456,30.0,True
env_odom_noise,0.12857142857142856,0.024708857724180293,0.008705505632961245,0.12536708682855266,0.9894778566781907,-1.0375479337653561,0.7017241379310345,0.9114942528735632,0.06202988505747131,0.631556299328804,0.7333333333333333,24.0,0.09090909090909091,30.0,True
env_odom_noise,0.12857142857142856,0.024708857724180293,0.010472941228206266,0.12507205244796343,0.9778265431315339,-1.1553272288791885,0.717292377701934,0.9237770193401593,0.06531535836177471,0.6145804261167844,0.7333333333333333,24.40909090909091,0.045454545454545456,30.0,True
env_odom_noise,0.12857142857142856,0.024708857724180293,0.012599210498948734,0.1251332372365104,0.9744825491543009,-1.2495693311581408,0.7305524239007892,0.9334836527621195,0.06886877113866974,0.6167985791961352,0.7,24.095238095238095,0.047619047619047616,30.0,True
env_odom_noise,0.12857142857142856,0.024708857724180293,0.015157165665103976,0.12475829132482784,0.9742835686546113,-1.3341403083768077,0.7460496613995485,0.9430022573363431,0.07484740406320545,0.6467797497908274,0.7333333333333333,24.727272727272727,0.045454545454545456,30.0,True
env_odom_noise,0.12857142857142856,0.024708857724180293,0.018234449771164334,0.12469698225787874,0.9749692713126771,-1.400117031154339,0.7629504504504504,0.9543918918918919,0.08035855855855856,0.6682567005356153,0.7333333333333333,24.818181818181817,0.045454545454545456,30.0,True
env_odom_noise,0.12857142857142856,0.024708857724180293,0.021936499593892524,0.12492623424329503,0.9684562650144732,-1.445140995172488,0.7827547592385219,0.9652855543113102,0.11084031354983215,0.6715500662724178,0.7,24.38095238095238,0.047619047619047616,30.0,True
env_odom_noise,0.12857142857142856,0.024708857724180293,0.026390158215457878,0.12458351954048859,0.9654523737616199,-1.48181633653151,0.7962138084632516,0.9721603563474388,0.13117416481069044,0.7058895314733188,0.7,24.61904761904762,0.047619047619047616,30.0,True
env_odom_noise,0.12857142857142856,0.024708857724180293,0.03174802103936399,0.1243750648103443,0.9640069387496114,-1.5077970013710496,0.808075221238938,0.9767699115044248,0.14764513274336288,0.730658217271169,0.6666666666666666,24.2,0.05,30.0,False
env_odom_noise,0.12857142857142856,0.024708857724180293,0.03819366415641666,0.12447424769968768,0.9559677910611938,-1.5160411510748544,0.8326039387308534,0.9824945295404814,0.17789846827133482,0.7443191458781561,0.6666666666666666,24.7,0.05,30.0,False
env_odom_noise,0.12857142857142856,0.024708857724180293,0.04594793419988139,0.12454617553408198,0.9471826431679725,-1.5050550682346118,0.8497297297297297,0.9848648648648649,0.19739459459459463,0.76461013580362,0.6666666666666666,25.25,0.05,30.0,False
env_odom_noise,0.12857142857142856,0.024708857724180293,0.055276515198711025,0.12480391032552761,0.9440530846786621,-1.4866573472871956,0.8629032258064516,0.9865591397849462,0.21226236559139788,0.831721851726373,0.6666666666666666,25.5,0.05,30.0,False
env_odom_noise,0.12857142857142856,0.024708857724180293,0.06649903169142302,0.12466060099253325,0.9359148417485594,-1.460439996116923,0.8767195767195767,0.9899470899470899,0.2294666666666666,0.8568089380860329,0.6333333333333333,25.57894736842105,0.05263157894736842,30.0,False
env_odom_noise,0.12857142857142856,0.024708857724180293,0.07999999999999999,0.12411816543939153,0.9351332564191634,-1.4388703312301154,0.8930817610062893,0.9921383647798742,0.2480201257861635,0.8976931348443031,0.6333333333333333,26.05263157894737,0.05263157894736842,30.0,False
env_odom_noise,0.12857142857142856,0.030170881682725817,0.005000000000000002,0.1253670842970422,0.9924795230765759,-0.7246263685616425,0.7016129032258065,0.8870967741935484,0.08631612903225816,0.6262398771941662,0.7333333333333333,23.90909090909091,0.045454545454545456,30.0,True
env_odom_noise,0.12857142857142856,0.030170881682725817,0.006015125180410587,0.12536708739947525,0.9880996017379251,-0.8433461815597365,0.7083811710677382,0.8978185993111366,0.08236257175660167,0.6329074576497078,0.7333333333333333,24.045454545454547,0.045454545454545456,30.0,True
env_odom_noise,0.12857142857142856,0.030170881682725817,0.007236346187201891,0.1251482658983005,0.987897681786511,-0.9526147876084888,0.7176403207331042,0.9095074455899198,0.07993287514318448,0.6475034234424432,0.7333333333333333,24.136363636363637,0.09090909090909091,30.0,True
env_odom_noise,0.12857142857142856,0.030170881682725817,0.008705505632961245,0.12514826664359643,0.9867909725734886,-1.0526005670283143,0.7288329519450801,0.9187643020594966,0.08186864988558362,0.6657308153808117,0.7333333333333333,24.181818181818183,0.09090909090909091,30.0,True
env_odom_noise,0.12857142857142856,0.030170881682725817,0.010472941228206266,0.12502269467796628,0.9795153503383422,-1.1516684963259594,0.7446083995459705,0.9313280363223609,0.08508036322360957,0.6439076741536458,0.7333333333333333,24.5,0.045454545454545456,30.0,True
env_odom_noise,0.12857142857142856,0.030170881682725817,0.012599210498948734,0.12491762645005178,0.9743753278128212,-1.232597524994782,0.7564679415073116,0.9364454443194601,0.09182249718785152,0.6480350690583389,0.7,24.19047619047619,0.047619047619047616,30.0,True
env_odom_noise,0.12857142857142856,0.030170881682725817,0.015157165665103976,0.12469698089498914,0.9759387301919324,-1.3048991438940374,0.7708333333333334,0.9481981981981982,0.09443513513513524,0.6697430814305941,0.7,24.142857142857142,0.047619047619047616,30.0,True
env_odom_noise,0.12857142857142856,0.030170881682725817,0.018234449771164334,0.12492623341474393,0.9707902819594282,-1.3555215536565823,0.7853139013452914,0.9590807174887892,0.10719461883408066,0.6794409409165383,0.7,24.333333333333332,0.047619047619047616,30.0,True
env_odom_noise,0.12857142857142856,0.030170881682725817,0.021936499593892524,0.12492623392004024,0.9670812284173478,-1.3967691382446221,0.8016759776536313,0.9675977653631285,0.13207374301675978,0.7061434283852577,0.7,24.476190476190474,0.047619047619047616,30.0,True
env_odom_noise,0.12857142857142856,0.030170881682725817,0.026390158215457878,0.12458531895993744,0.9656657483678794,-1.4290204839875142,0.8166666666666667,0.9727777777777777,0.1522444444444444,0.7326767687996228,0.6666666666666666,24.0,0.05,30.0,False
env_odom_noise,0.12857142857142856,0.030170881682725817,0.03174802103936399,0.12437734216080104,0.9627109802986341,-1.4510736870838368,0.8291069459757442,0.9785005512679162,0.17040749724366044,0.7551445995767911,0.6666666666666666,24.35,0.05,30.0,False
env_odom_noise,0.12857142857142856,0.030170881682725817,0.03819366415641666,0.12454617619762007,0.9520576072623678,-1.4534622761638163,0.8507057546145494,0.9826275787187839,0.19613333333333338,0.752920538932085,0.6666666666666666,25.05,0.05,30.0,False
env_odom_noise,0.12857142857142856,0.030170881682725817,0.04594793419988139,0.12454617571293009,0.9473433365264822,-1.4435884718236711,0.8666306695464363,0.9848812095032398,0.21431187904967608,0.8073386237025261,0.6666666666666666,25.3,0.05,30.0,False
env_odom_noise,0.12857142857142856,0.030170881682725817,0.055276515198711025,0.12523268753536052,0.9409734265550661,-1.418931606809518,0.8798076923076923,0.9866452991452992,0.2292529914529915,0.8526868686079979,0.6666666666666666,25.8,0.05,30.0,False
env_odom_noise,0.12857142857142856,0.030170881682725817,0.06649903169142302,0.12454633452045269,0.9375558268385856,-1.4049149563933656,0.8940990516332982,0.9899894625922023,0.2468885142255005,0.8789101168513298,0.6333333333333333,25.789473684210527,0.05263157894736842,30.0,False
env_odom_noise,0.12857142857142856,0.030170881682725817,0.07999999999999999,0.12423647654480983,0.9352996578585613,-1.3765738804467713,0.9105648535564853,0.9921548117154811,0.26551966527196647,0.9296979054808616,0.6333333333333333,26.157894736842106,0.05263157894736842,30.0,False
env_odom_noise,0.12857142857142856,0.03684031498640387,0.005000000000000002,0.12514826525381312,0.98980139129972,-0.7925265120107617,0.7253440366972477,0.8973623853211009,0.09978165137614681,0.6627384974310796,0.7333333333333333,24.09090909090909,0.045454545454545456,30.0,True
env_odom_noise,0.12857142857142856,0.03684031498640387,0.006015125180410587,0.12514826618677657,0.9895469823925914,-0.8826000657445281,0.7296678121420389,0.9083619702176403,0.09310584192439864,0.6816049680113793,0.7333333333333333,24.136363636363637,0.09090909090909091,30.0,True
env_odom_noise,0.12857142857142856,0.03684031498640387,0.007236346187201891,0.1251329860169136,0.9883806675934294,-0.9730223793971958,0.7417142857142857,0.9171428571428571,0.09637142857142855,0.6900086430211861,0.7333333333333333,24.227272727272727,0.09090909090909091,30.0,True
env_odom_noise,0.12857142857142856,0.03684031498640387,0.008705505632961245,0.12500778892829625,0.9809981702369434,-1.0642373894806,0.7545351473922902,0.9263038548752834,0.10003129251700682,0.6650758599241574,0.7333333333333333,24.545454545454547,0.045454545454545456,30.0,True
env_odom_noise,0.12857142857142856,0.03684031498640387,0.010472941228206266,0.12490308356098288,0.9757654629724218,-1.1413627525622678,0.7668539325842697,0.9359550561797753,0.10269887640449449,0.6589904161791007,0.6666666666666666,23.5,0.05,30.0,False
env_odom_noise,0.12857142857142856,0.03684031498640387,0.012599210498948734,0.12469851164284117,0.9771551440837922,-1.209491318257963,0.7786516853932585,0.9398876404494382,0.11056404494382033,0.6777406975626945,0.7,24.238095238095237,0.047619047619047616,30.0,True
env_odom_noise,0.12857142857142856,0.03684031498640387,0.015157165665103976,0.12469851103610739,0.9713725319237866,-1.2677871683700466,0.7863534675615212,0.9513422818791947,0.10681118568232661,0.6837451443076134,0.7,24.428571428571427,0.047619047619047616,30.0,True
env_odom_noise,0.12857142857142856,0.03684031498640387,0.018234449771164334,0.12492721597525593,0.9707420089200571,-1.309240650792811,0.802013422818792,0.9608501118568232,0.1256635346756152,0.7149579435586929,0.7,24.428571428571427,0.047619047619047616,30.0,True
env_odom_noise,0.12857142857142856,0.03684031498640387,0.021936499593892524,0.12469850934920143,0.9680238481246282,-1.3435986681580212,0.8184855233853007,0.9693763919821826,0.1506619153674833,0.743835785984993,0.7,24.61904761904762,0.047619047619047616,30.0,False
env_odom_noise,0.12857142857142856,0.03684031498640387,0.026390158215457878,0.12458531735954892,0.9645944208966989,-1.3676175640796253,0.8303769401330376,0.9745011086474501,0.16767804878048775,0.7705354546507199,0.6666666666666666,24.1,0.05,30.0,False
env_odom_noise,0.12857142857142856,0.03684031498640387,0.03174802103936399,0.12455164864882523,0.9589097261303745,-1.3845320021319625,0.8450164293537787,0.97973713033954,0.18755355969331877,0.7748864059646924,0.6666666666666666,24.65,0.05,30.0,False
env_odom_noise,0.12857142857142856,0.03684031498640387,0.03819366415641666,0.12454617598956005,0.9511280195791095,-1.3855438249514902,0.8656554712892741,0.9832069339111592,0.21166240520043333,0.791177740196387,0.6666666666666666,25.15,0.05,30.0,False
env_odom_noise,0.12857142857142856,0.03684031498640387,0.04594793419988139,0.12528159813956047,0.9464274002919244,-1.3784865289783432,0.8791621911922664,0.985499462943072,0.22746165413533836,0.8265560713907083,0.6666666666666666,25.55,0.05,30.0,False
env_odom_noise,0.12857142857142856,0.03684031498640387,0.055276515198711025,0.1254002331317051,0.9387342261314352,-1.352054934225664,0.8931987247608927,0.9888416578108395,0.24484038257173224,0.8769917036096255,0.6666666666666666,26.05,0.05,30.0,False
env_odom_noise,0.12857142857142856,0.03684031498640387,0.06649903169142302,0.12470834389490347,0.9394170923645364,-1.3373841564667748,0.9069400630914827,0.9905362776025236,0.2602763406940063,0.9169442683458329,0.6333333333333333,25.894736842105264,0.05263157894736842,30.0,False
env_odom_noise,0.12857142857142856,0.03684031498640387,0.07999999999999999,0.12423647922770965,0.9300899248816877,-1.3017083087873722,0.9230769230769231,0.9922037422037422,0.27808066528066533,0.9542642012238503,0.6333333333333333,26.473684210526315,0.05263157894736842,30.0,False
env_odom_noise,0.12857142857142856,0.04498406187030712,0.005000000000000002,0.12517355460141308,0.9915111831230771,-0.8436740551975764,0.7491448118586089,0.9099201824401368,0.11102462941847213,0.6920026222864787,0.7,23.61904761904762,0.09523809523809523,30.0,True
env_odom_noise,0.12857142857142856,0.04498406187030712,0.006015125180410587,0.12517355571514382,0.9902936046824529,-0.91591284151112,0.7545558086560364,0.9197038724373576,0.10665193621867886,0.704309519380331,0.7,23.666666666666668,0.09523809523809523,30.0,True
env_odom_noise,0.12857142857142856,0.04498406187030712,0.007236346187201891,0.12517355734842206,0.9858800436499692,-0.9848185021446201,0.7619047619047619,0.923469387755102,0.11023537414965989,0.6990713164210319,0.7,23.857142857142858,0.09523809523809523,30.0,True
env_odom_noise,0.12857142857142856,0.04498406187030712,0.008705505632961245,0.12477924932387498,0.9787005002435599,-1.0591026040895408,0.7701793721973094,0.9344170403587444,0.107562331838565,0.6814923500021298,0.6666666666666666,23.6,0.05,30.0,False
env_odom_noise,0.12857142857142856,0.04498406187030712,0.010472941228206266,0.1247323871202085,0.9718304484273943,-1.122959250053319,0.7834075723830735,0.9404231625835189,0.11478440979955462,0.671664525816838,0.6666666666666666,23.9,0.05,30.0,False
env_odom_noise,0.12857142857142856,0.04498406187030712,0.012599210498948734,0.12457413381489985,0.9729536008848201,-1.177521464869483,0.7927374301675978,0.9458100558659218,0.11872737430167601,0.7035354589422543,0.7,24.476190476190474,0.047619047619047616,30.0,True
env_odom_noise,0.12857142857142856,0.04498406187030712,0.015157165665103976,0.12457413441660461,0.9722104152816191,-1.2214968049497195,0.8035714285714286,0.9559151785714286,0.12228660714285722,0.7295982375741005,0.7,24.523809523809526,0.047619047619047616,30.0,True
env_odom_noise,0.12857142857142856,0.04498406187030712,0.018234449771164334,0.12457413573466783,0.970352974054614,-1.2571595789612662,0.816815144766147,0.9649220489977728,0.14453719376391982,0.7551945313811302,0.7,24.61904761904762,0.047619047619047616,30.0,True
env_odom_noise,0.12857142857142856,0.04498406187030712,0.021936499593892524,0.12446151194004294,0.9640574945520094,-1.2863975341324867,0.831858407079646,0.9723451327433629,0.16700353982300886,0.7665507833162943,0.6666666666666666,24.2,0.05,30.0,False
env_odom_noise,0.12857142857142856,0.04498406187030712,0.026390158215457878,0.12450076038852781,0.9637820048827499,-1.3039867587476113,0.8425110132158591,0.9785242290748899,0.183835242290749,0.8018034974733989,0.6666666666666666,24.4,0.05,30.0,False
env_odom_noise,0.12857142857142856,0.04498406187030712,0.03174802103936399,0.12493191298959148,0.9567481607209934,-1.318191443586127,0.8601741022850925,0.9820457018498367,0.20501980413492926,0.7923120617866516,0.6666666666666666,24.95,0.05,30.0,False
env_odom_noise,0.12857142857142856,0.04498406187030712,0.03819366415641666,0.1250234811755669,0.9502782992352946,-1.3186236304919767,0.8783638320775027,0.9865446716899893,0.22770850376749197,0.8141396472851435,0.6666666666666666,25.45,0.05,30.0,False
env_odom_noise,0.12857142857142856,0.04498406187030712,0.04594793419988139,0.12527769874541334,0.9453011997538043,-1.3019688020571647,0.8922091782283885,0.987726787620064,0.24273596584845258,0.8599169333775838,0.6666666666666666,25.85,0.05,30.0,False
env_odom_noise,0.12857142857142856,0.04498406187030712,0.055276515198711025,0.12480504518205325,0.9395820720708286,-1.283618844575974,0.9049630411826821,0.989440337909187,0.2572033790918691,0.9017182727654774,0.6666666666666666,26.35,0.05,30.0,False
env_odom_noise,0.12857142857142856,0.04498406187030712,0.06649903169142302,0.12434732773389397,0.93488783394627,-1.264706554415172,0.918580375782881,0.9921711899791231,0.2735515657620041,0.9314960435032844,0.6333333333333333,26.263157894736842,0.05263157894736842,30.0,False
env_odom_noise,0.12857142857142856,0.04498406187030712,0.07999999999999999,0.12411965431459344,0.9308795940010887,-1.2249056417624822,0.9321243523316062,0.9927461139896373,0.2876704663212435,0.9912492405623198,0.6,25.944444444444443,0.05555555555555555,30.0,False
env_odom_noise,0.12857142857142856,0.054928027165305905,0.005000000000000002,0.12517355689785736,0.9858722060850248,-0.8714962941599955,0.7644394110985278,0.9207248018120046,0.11551460928652324,0.7298224364717801,0.7,23.904761904761905,0.047619047619047616,30.0,True
env_odom_noise,0.12857142857142856,0.054928027165305905,0.006015125180410587,0.12517355561445992,0.9861048741528925,-0.9256942251761681,0.7718006795016987,0.9246885617214043,0.11891211778029442,0.7429121514161428,0.7,23.904761904761905,0.047619047619047616,30.0,True
env_odom_noise,0.12857142857142856,0.054928027165305905,0.007236346187201891,0.12477924983865198,0.9763695590247279,-0.9902083823317209,0.7804469273743017,0.9312849162011173,0.12096201117318439,0.7124881650010745,0.6666666666666666,23.75,0.05,30.0,False
env_odom_noise,0.12857142857142856,0.054928027165305905,0.008705505632961245,0.12473238648190413,0.9738804576300768,-1.0424596605224512,0.7895322939866369,0.9409799554565702,0.12035233853006677,0.7150197222828865,0.6666666666666666,23.9,0.05,30.0,False
env_odom_noise,0.12857142857142856,0.054928027165305905,0.010472941228206266,0.12457413390075665,0.972119726793357,-1.0920262964204934,0.7976588628762542,0.9442586399108138,0.12520022296544042,0.732136424879233,0.7,24.571428571428573,0.047619047619047616,30.0,True
env_odom_noise,0.12857142857142856,0.054928027165305905,0.012599210498948734,0.12457413525089617,0.9693653939386102,-1.1340884913514757,0.8064516129032258,0.9527252502780867,0.12552636262513905,0.747366331020991,0.7,24.666666666666668,0.047619047619047616,30.0,True
env_odom_noise,0.12857142857142856,0.054928027165305905,0.015157165665103976,0.12501166665542346,0.9699432895611417,-1.1691046076439795,0.8183333333333334,0.9616666666666667,0.14280000000000004,0.7672408856451511,0.6666666666666666,24.0,0.05,30.0,False
env_odom_noise,0.12857142857142856,0.054928027165305905,0.018234449771164334,0.12494878783768738,0.9670186644369156,-1.1982059529277136,0.8278145695364238,0.9707505518763797,0.16136512141280357,0.7807448014616967,0.6666666666666666,24.3,0.05,30.0,False
env_odom_noise,0.12857142857142856,0.054928027165305905,0.021936499593892524,0.12495078852069023,0.965287588520787,-1.2209869763868308,0.8406593406593407,0.9752747252747253,0.17873406593406593,0.8058738892277082,0.6666666666666666,24.5,0.05,30.0,False
env_odom_noise,0.12857142857142856,0.054928027165305905,0.026390158215457878,0.1251012632348952,0.9573951639005199,-1.2426684037479023,0.8550488599348535,0.9793702497285559,0.1972191096634094,0.7868832468986511,0.6666666666666666,25.05,0.05,30.0,False
env_odom_noise,0.12857142857142856,0.054928027165305905,0.03174802103936399,0.1250234822964666,0.9513992695292154,-1.2447336119563437,0.8719052744886975,0.9838536060279871,0.2185588805166846,0.8138448926309745,0.6666666666666666,25.45,0.05,30.0,False
env_odom_noise,0.12857142857142856,0.054928027165305905,0.03819366415641666,0.12502347968734398,0.9475133116405597,-1.233988373937842,0.886096256684492,0.9882352941176471,0.2371315508021391,0.8599638546506564,0.6666666666666666,25.75,0.05,30.0,False
env_odom_noise,0.12857142857142856,0.054928027165305905,0.04594793419988139,0.12527770144019904,0.9452185422183041,-1.2196387030339082,0.9020234291799787,0.9882854100106496,0.2531088391906283,0.9176819523175558,0.6666666666666666,25.95,0.05,30.0,False
env_odom_noise,0.12857142857142856,0.054928027165305905,0.055276515198711025,0.12475301651242326,0.9382751916392238,-1.2043985712642364,0.9128151260504201,0.9894957983193278,0.2651109243697479,0.9417225882411003,0.6333333333333333,25.94736842105263,0.05263157894736842,30.0,False
env_odom_noise,0.12857142857142856,0.054928027165305905,0.06649903169142302,0.12411965234853962,0.933012083034825,-1.1827275344410353,0.9267151767151767,0.9922037422037422,0.28171891891891887,0.9792041098078091,0.6333333333333333,26.473684210526315,0.05263157894736842,30.0,False
env_odom_noise,0.12857142857142856,0.054928027165305905,0.07999999999999999,0.12433381889892964,0.9317704066574176,-1.1449273082003661,0.9400826446280992,0.9932851239669421,0.29616776859504135,1.039850301295519,0.6,26.11111111111111,0.05555555555555555,30.0,False
env_odom_noise,0.12857142857142856,0.06707015869245214,0.005000000000000002,0.12562637265583293,0.9790680838001379,-0.8927159751065621,0.7806236080178174,0.9326280623608018,0.11979554565701567,0.7454696342349052,0.6666666666666666,23.9,0.1,30.0,False
env_odom_noise,0.12857142857142856,0.06707015869245214,0.006015125180410587,0.12533913250552975,0.9713360152928845,-0.940891250523041,0.7881637168141593,0.9358407079646017,0.12412300884955763,0.7201562056938807,0.6666666666666666,24.2,0.05,30.0,False
env_odom_noise,0.12857142857142856,0.06707015869245214,0.007236346187201891,0.12533913111751813,0.9697574487601938,-0.9811802189640113,0.7961325966850828,0.943646408839779,0.12428618784530387,0.7284316100180149,0.6666666666666666,24.25,0.05,30.0,False
env_odom_noise,0.12857142857142856,0.06707015869245214,0.008705505632961245,0.125183457427573,0.972597600285585,-1.018137565197967,0.8018867924528302,0.9472807991120976,0.12640599334073266,0.7613941157857577,0.7,24.761904761904763,0.047619047619047616,30.0,True
env_odom_noise,0.12857142857142856,0.06707015869245214,0.010472941228206266,0.1251834577626113,0.9716851917176204,-1.0528697666014324,0.8104212860310421,0.9512195121951219,0.13100177383592027,0.7752301101883252,0.6666666666666666,24.1,0.05,30.0,False
env_odom_noise,0.12857142857142856,0.06707015869245214,0.012599210498948734,0.1251834559923075,0.9720935460226867,-1.0815183175619723,0.8189368770764119,0.959579180509413,0.141316057585825,0.7968061923980713,0.6666666666666666,24.15,0.05,30.0,False
env_odom_noise,0.12857142857142856,0.06707015869245214,0.015157165665103976,0.12518345697704847,0.9671051551143028,-1.1096211417705302,0.8285556780595369,0.9669239250275634,0.15827960308710032,0.8074267898996671,0.6666666666666666,24.35,0.05,30.0,False
env_odom_noise,0.12857142857142856,0.06707015869245214,0.018234449771164334,0.12507018997940922,0.9628751659172522,-1.1318762937988347,0.8404605263157895,0.975328947368421,0.17858947368421052,0.8219913880030314,0.6666666666666666,24.6,0.05,30.0,False
env_odom_noise,0.12857142857142856,0.06707015869245214,0.021936499593892524,0.12534791552915467,0.960648903695563,-1.1531056786746985,0.8513071895424836,0.9782135076252724,0.19232069716775602,0.8308532416820527,0.6666666666666666,24.9,0.05,30.0,False
env_odom_noise,0.12857142857142856,0.06707015869245214,0.026390158215457878,0.12510126335616745,0.9546966390381207,-1.1609170756535516,0.8655507559395248,0.9832613390928726,0.21161209503239742,0.8472993771235148,0.6666666666666666,25.3,0.05,30.0,False
env_odom_noise,0.12857142857142856,0.06707015869245214,0.03174802103936399,0.1250234810972412,0.9475557038747807,-1.1583725874369277,0.8803418803418803,0.9861111111111112,0.2292529914529915,0.8616044126451016,0.6666666666666666,25.8,0.05,30.0,False
env_odom_noise,0.12857142857142856,0.06707015869245214,0.03819366415641666,0.12527770210958186,0.9459086110478545,-1.1490805925507328,0.8968085106382979,0.9882978723404255,0.24790638297872347,0.9096934085090955,0.6666666666666666,26.0,0.05,30.0,False
env_odom_noise,0.12857142857142856,0.06707015869245214,0.04594793419988139,0.12532085177517915,0.941460964308937,-1.135912867553854,0.9084656084656084,0.9894179894179894,0.26068359788359785,0.964431365331014,0.6666666666666666,26.25,0.05,30.0,False
env_odom_noise,0.12857142857142856,0.06707015869245214,0.055276515198711025,0.1245556758989187,0.9368558155041756,-1.1199954888438102,0.9211076280041798,0.9911180773249739,0.2750257053291537,0.9918825472394626,0.6333333333333333,26.210526315789473,0.05263157894736842,30.0,False
env_odom_noise,0.12857142857142856,0.06707015869245214,0.06649903169142302,0.12430745793209293,0.9330875659875517,-1.0943918288748562,0.9347826086956522,0.9922360248447205,0.28981863354037274,1.0336144775152207,0.6333333333333333,26.68421052631579,0.05263157894736842,30.0,False
env_odom_noise,0.12857142857142856,0.06707015869245214,0.07999999999999999,0.12463922995131611,0.9345590755933291,-1.061555844171183,0.9464469618949537,0.994335736354274,0.3035826982492277,1.093990150342385,0.6,26.27777777777778,0.05555555555555555,30.0,False
env_odom_noise,0.12857142857142856,0.08189637274779156,0.005000000000000002,0.12527346113979815,0.9708154429199398,-0.8914604526975057,0.8003300330033003,0.9405940594059405,0.1315359735973598,0.7649224697301785,0.6666666666666666,24.45,0.05,30.0,False
env_odom_noise,0.12857142857142856,0.08189637274779156,0.006015125180410587,0.12511836808906962,0.9735519735933273,-0.9192407856808708,0.8071823204419889,0.9447513812154696,0.1342309392265193,0.7884613697727522,0.6666666666666666,24.25,0.05,30.0,False
env_odom_noise,0.12857142857142856,0.08189637274779156,0.007236346187201891,0.12511836713488322,0.9696015057457287,-0.9499709470624591,0.8105726872246696,0.9498898678414097,0.1324828193832599,0.7867625882228215,0.6666666666666666,24.4,0.05,30.0,False
env_odom_noise,0.12857142857142856,0.08189637274779156,0.008705505632961245,0.12511836778382682,0.969950193723101,-0.9766638250270565,0.8166299559471366,0.9531938325991189,0.1352361233480177,0.8048922374844552,0.6666666666666666,24.4,0.05,30.0,False
env_odom_noise,0.12857142857142856,0.08189637274779156,0.010472941228206266,0.1251183671845951,0.9696788378777167,-1.0009418488594084,0.8267326732673267,0.9609460946094609,0.1504787678767876,0.8220266692340374,0.6666666666666666,24.45,0.05,30.0,False
env_odom_noise,0.12857142857142856,0.08189637274779156,0.012599210498948734,0.1251183649981635,0.967648742891302,-1.0236822106975767,0.8326015367727772,0.9659714599341384,0.16137299670691552,0.8404107501109441,0.6666666666666666,24.55,0.05,30.0,False
env_odom_noise,0.12857142857142856,0.08189637274779156,0.015157165665103976,0.12512920223726506,0.9575274701817503,-1.0519740375738582,0.8450704225352113,0.9723726977248104,0.18024312026002165,0.8228371361891429,0.6666666666666666,25.15,0.05,30.0,False
env_odom_noise,0.12857142857142856,0.08189637274779156,0.018234449771164334,0.12528281764392102,0.9581790880256603,-1.0663367014889973,0.8555194805194806,0.9783549783549783,0.1966744588744589,0.8509027555584907,0.6666666666666666,25.2,0.05,30.0,False
env_odom_noise,0.12857142857142856,0.08189637274779156,0.021936499593892524,0.12528281865921992,0.9557148352208967,-1.0723233710790632,0.8631465517241379,0.9811422413793104,0.2070887931034483,0.8750933602452278,0.6666666666666666,25.4,0.05,30.0,False
env_odom_noise,0.12857142857142856,0.08189637274779156,0.026390158215457878,0.12496034889695301,0.951226919411506,-1.0762272169560128,0.8751334044823906,0.983991462113127,0.2219248665955177,0.8843511755267779,0.6666666666666666,25.85,0.05,30.0,False
env_odom_noise,0.12857142857142856,0.08189637274779156,0.03174802103936399,0.12496034611651988,0.9480592736985125,-1.0727185699418307,0.8920212765957447,0.9877659574468085,0.24258723404255322,0.9258663962284724,0.6666666666666666,26.0,0.05,30.0,False
env_odom_noise,0.12857142857142856,0.08189637274779156,0.03819366415641666,0.1254452789476994,0.9442975509145504,-1.0652907549784854,0.9060190073917634,0.9883843717001056,0.2572033790918691,0.9620857174197833,0.6666666666666666,26.35,0.05,30.0,False
env_odom_noise,0.12857142857142856,0.08189637274779156,0.04594793419988139,0.12544528133923452,0.9392381888293769,-1.0469021592681338,0.9185924369747899,0.9894957983193278,0.27088823529411765,1.0159322371085484,0.6333333333333333,25.94736842105263,0.05263157894736842,30.0,False
env_odom_noise,0.12857142857142856,0.08189637274779156,0.055276515198711025,0.12447583287284533,0.9355304693811335,-1.0343429130094703,0.9290890269151139,0.9927536231884058,0.28464265010351963,1.0273203432559967,0.6333333333333333,26.68421052631579,0.05263157894736842,30.0,False
env_odom_noise,0.12857142857142856,0.08189637274779156,0.06649903169142302,0.12434575877410618,0.9354742619422335,-1.0070558582685392,0.9423274974253347,0.9933058702368692,0.29843336766220396,1.0864330453177293,0.6,26.27777777777778,0.05555555555555555,30.0,False
env_odom_noise,0.12857142857142856,0.08189637274779156,0.07999999999999999,0.12414836439643642,0.9348607845295432,-0.9773162363150028,0.9534764826175869,0.9943762781186094,0.3106527607361963,1.1353714317083359,0.6,26.666666666666668,0.05555555555555555,30.0,False
env_odom_noise,0.12857142857142856,0.10000000000000002,0.005000000000000002,0.12503788133147647,0.9693623909381832,-0.8633205769124047,0.8157894736842105,0.950109649122807,0.1374798245614035,0.8423430979251861,0.6666666666666666,24.6,0.05,30.0,False
env_odom_noise,0.12857142857142856,0.10000000000000002,0.006015125180410587,0.12503788152539355,0.9696013229381113,-0.8826613656293524,0.8201754385964912,0.9544956140350878,0.1374798245614035,0.8554458384712537,0.6666666666666666,24.6,0.05,30.0,False
env_odom_noise,0.12857142857142856,0.10000000000000002,0.007236346187201891,0.12510847939287742,0.9654600453818323,-0.9064373116946249,0.8258733624454149,0.9568777292576419,0.1455510917030568,0.8525742709636688,0.6666666666666666,24.8,0.05,30.0,False
env_odom_noise,0.12857142857142856,0.10000000000000002,0.008705505632961245,0.12510847760314914,0.9647189945319645,-0.9250548972861325,0.8304252998909487,0.9623773173391494,0.15560261723009816,0.8681816970308621,0.6666666666666666,24.85,0.05,30.0,False
env_odom_noise,0.12857142857142856,0.10000000000000002,0.010472941228206266,0.12504944615483163,0.9620427286468967,-0.9466512176152386,0.8380281690140845,0.9680390032502708,0.16886717226435533,0.8710655912756919,0.6666666666666666,25.15,0.05,30.0,False
env_odom_noise,0.12857142857142856,0.10000000000000002,0.012599210498948734,0.1252407806909028,0.9569205536229332,-0.9646244327242239,0.8485991379310345,0.9719827586206896,0.1833818965517241,0.8650769737859567,0.6666666666666666,25.4,0.05,30.0,False
env_odom_noise,0.12857142857142856,0.10000000000000002,0.015157165665103976,0.1253934190711474,0.9561097628787691,-0.9766563469280579,0.8560687432867884,0.976906552094522,0.19577529538131044,0.8805482491850853,0.6666666666666666,25.55,0.05,30.0,False
env_odom_noise,0.12857142857142856,0.10000000000000002,0.018234449771164334,0.12539341816820587,0.9553922087348353,-0.9840879220986283,0.8658798283261803,0.9812231759656652,0.2099030042918455,0.9102883895238241,0.6666666666666666,25.6,0.05,30.0,False
env_odom_noise,0.12857142857142856,0.10000000000000002,0.021936499593892524,0.12507167316565082,0.951266917015001,-0.9892190414650537,0.8719447396386822,0.9829968119022316,0.2177415515409139,0.9139056856433551,0.6666666666666666,26.05,0.05,30.0,False
env_odom_noise,0.12857142857142856,0.10000000000000002,0.026390158215457878,0.1251150023557692,0.9474768064456612,-0.9907038328549338,0.8841269841269841,0.9857142857142858,0.23264126984126987,0.9462070311109225,0.6666666666666666,26.25,0.05,30.0,False
env_odom_noise,0.12857142857142856,0.10000000000000002,0.03174802103936399,0.12536608054058165,0.946276068183426,-0.983759345050443,0.8997890295358649,0.9878691983122363,0.25045822784810123,0.9882108514507612,0.6666666666666666,26.4,0.05,30.0,False
env_odom_noise,0.12857142857142856,0.10000000000000002,0.03819366415641666,0.12536608436775137,0.9433679630781906,-0.971889955675364,0.9121976866456362,0.9900105152471083,0.26500820189274443,1.0406174312035243,0.6666666666666666,26.55,0.05,30.0,False
env_odom_noise,0.12857142857142856,0.10000000000000002,0.04594793419988139,0.1250693134958336,0.9402622856243165,-0.9556034997807548,0.9233576642335767,0.9916579770594369,0.2778156412930136,1.0761404196421305,0.6333333333333333,26.31578947368421,0.05263157894736842,30.0,False
env_odom_noise,0.12857142857142856,0.10000000000000002,0.055276515198711025,0.12427115470501011,0.9378824225390484,-0.9423299970747232,0.9340885684860968,0.9933058702368692,0.290194438722966,1.0976789856950442,0.6333333333333333,26.94736842105263,0.05263157894736842,30.0,False
env_odom_noise,0.12857142857142856,0.10000000000000002,0.06649903169142302,0.12362997542401136,0.9356793314902632,-0.9157214270407612,0.9448416751787538,0.9938712972420838,0.30151297242083763,1.1386248526473841,0.6,26.72222222222222,0.05555555555555555,30.0,False
env_odom_noise,0.12857142857142856,0.10000000000000002,0.07999999999999999,0.12386653582686426,0.9307355325265422,-0.8786264055479026,0.9572434607645876,0.994466800804829,0.3145102615694165,1.1644919395446778,0.6,27.555555555555557,0.05555555555555555,30.0,False
env_odom_noise,0.15,0.005000000000000002,0.005000000000000002,0.12510078320148313,1.0782354399068894,1.8139492972560236,0.44687131050767415,0.7195985832349469,0.470730106257379,0.5361602529883385,0.8,24.291666666666668,0.0,30.0,False
env_odom_noise,0.15,0.005000000000000002,0.006015125180410587,0.12496701327869006,1.0785856486749683,1.2322709651971075,0.4569575471698113,0.7340801886792453,0.4461622641509434,0.5422376935680707,0.8,24.333333333333332,0.0,30.0,False
env_odom_noise,0.15,0.005000000000000002,0.007236346187201891,0.12496701257621376,1.0741054278416016,0.7262574125632982,0.465962441314554,0.7523474178403756,0.41889014084507037,0.5396435138459007,0.8,24.5,0.0,30.0,False
env_odom_noise,0.15,0.005000000000000002,0.008705505632961245,0.12515579128944898,1.0726504715364948,0.28953350675672046,0.4742990654205608,0.7657710280373832,0.39712990654205604,0.5456255225464701,0.7666666666666667,24.043478260869566,0.0,30.0,False
env_odom_noise,0.15,0.005000000000000002,0.010472941228206266,0.1250703192386303,1.073161734959793,-0.07790923849537887,0.49066511085180864,0.7847141190198367,0.3618207701283547,0.5671338415394227,0.7666666666666667,24.08695652173913,0.0,30.0,False
env_odom_noise,0.15,0.005000000000000002,0.012599210498948734,0.12512965797511594,1.067332480480127,-0.38658574254575045,0.5023068050749712,0.7964244521337946,0.3384687427912342,0.5603505872189999,0.7333333333333333,23.863636363636363,0.09090909090909091,30.0,False
env_odom_noise,0.15,0.005000000000000002,0.015157165665103976,0.12483448407821407,1.061153430215148,-0.6490430250165137,0.5206422018348624,0.819954128440367,0.2966036697247706,0.5605729507903258,0.7333333333333333,24.09090909090909,0.09090909090909091,30.0,False
env_odom_noise,0.15,0.005000000000000002,0.018234449771164334,0.12483448305716938,1.057816354111525,-0.8508603293114783,0.5382857142857143,0.8371428571428572,0.26177142857142854,0.5745779234915972,0.7,23.523809523809526,0.047619047619047616,30.0,False
env_odom_noise,0.15,0.005000000000000002,0.021936499593892524,0.12484248426304946,1.060065056690989,-1.0200014732578093,0.5589919816723941,0.852233676975945,0.22597434135166095,0.6181980138023694,0.7333333333333333,24.136363636363637,0.045454545454545456,30.0,False
env_odom_noise,0.15,0.005000000000000002,0.026390158215457878,0.12479443618697912,1.0555769251598923,-1.146111237288882,0.576879271070615,0.8684510250569476,0.1918697038724374,0.6406871115167936,0.7333333333333333,24.363636363636363,0.045454545454545456,30.0,False
env_odom_noise,0.15,0.005000000000000002,0.03174802103936399,0.12448589272598005,1.048545747464597,-1.2467748941965393,0.5980834272829764,0.8844419391206313,0.15467463359639233,0.6586892669399579,0.7333333333333333,24.772727272727273,0.045454545454545456,30.0,False
env_odom_noise,0.15,0.005000000000000002,0.03819366415641666,0.12439587075735757,1.0405474550887988,-1.3118929154021832,0.6185968819599109,0.8925389755011136,0.12606414253897547,0.667261349161466,0.7,24.61904761904762,0.047619047619047616,30.0,True
env_odom_noise,0.15,0.005000000000000002,0.04594793419988139,0.12448764541477247,1.034464463394867,-1.3477494164066313,0.6365638766519823,0.9019823788546255,0.09865374449339215,0.6880780314405759,0.7,25.095238095238095,0.047619047619047616,30.0,True
env_odom_noise,0.15,0.005000000000000002,0.055276515198711025,0.12478364170606746,1.0332631239262124,-1.3684386246940243,0.6526258205689278,0.9080962800875274,0.07647789934354476,0.725347230086724,0.6666666666666666,24.7,0.05,30.0,False
env_odom_noise,0.15,0.005000000000000002,0.06649903169142302,0.12421145597276353,1.0247765316162696,-1.3814673809390363,0.6790722761596548,0.912621359223301,0.04550636461704416,0.7553251971801122,0.6333333333333333,24.63157894736842,0.05263157894736842,30.0,False
env_odom_noise,0.15,0.005000000000000002,0.07999999999999999,0.12415923713617379,1.0218596353270855,-1.3682323187062726,0.6929260450160771,0.9142550911039657,0.05047095391211143,0.8177370677391688,0.6333333333333333,24.94736842105263,0.05263157894736842,30.0,False
env_odom_noise,0.15,0.006105276500337843,0.005000000000000002,0.12496701159849412,1.0774011098394671,1.5437683610891744,0.4664310954063604,0.7426383981154299,0.4281305064782097,0.5364139494796594,0.8,24.375,0.0,30.0,False
env_odom_noise,0.15,0.006105276500337843,0.006015125180410587,0.12496701056276883,1.0761830694957448,1.0152060037206834,0.47767332549941244,0.7579318448883666,0.4015948296122209,0.543317204217116,0.8,24.458333333333332,0.0,30.0,False
env_odom_noise,0.15,0.006105276500337843,0.007236346187201891,0.12515579017552236,1.0732865883198888,0.5387652183943985,0.4812865497076023,0.7748538011695907,0.381059649122807,0.5375532733276487,0.7666666666666667,24.0,0.0,30.0,False
env_odom_noise,0.15,0.006105276500337843,0.008705505632961245,0.12507031885039613,1.073407810869783,0.13472245591050752,0.4935822637106184,0.7893815635939323,0.35423617269544927,0.5606355011463166,0.7666666666666667,24.08695652173913,0.0,30.0,False
env_odom_noise,0.15,0.006105276500337843,0.010472941228206266,0.12523812096277565,1.0719250168775438,-0.21622722825861868,0.5098837209302326,0.8058139534883721,0.32150232558139524,0.5593956232070922,0.7666666666666667,24.217391304347824,0.0,30.0,False
env_odom_noise,0.15,0.006105276500337843,0.012599210498948734,0.12512965910467289,1.0680809572897696,-0.4997022915444546,0.5207612456747405,0.8183391003460208,0.29809965397923877,0.5708967241148154,0.7,23.142857142857142,0.14285714285714285,30.0,False
env_odom_noise,0.15,0.006105276500337843,0.015157165665103976,0.12483448283537663,1.0618921037568188,-0.7494795419837382,0.5389908256880734,0.8405963302752294,0.25761284403669715,0.5713488360246023,0.7,23.38095238095238,0.09523809523809523,30.0,False
env_odom_noise,0.15,0.006105276500337843,0.018234449771164334,0.12483448322723181,1.0585491293989948,-0.9423960551262182,0.556,0.8594285714285714,0.2217714285714285,0.5899842071036497,0.7,23.523809523809526,0.047619047619047616,30.0,False
env_odom_noise,0.15,0.006105276500337843,0.021936499593892524,0.12484248625588654,1.058013744254815,-1.1067935531165314,0.5788571428571428,0.8725714285714286,0.1857714285714286,0.6246049890915553,0.7333333333333333,24.227272727272727,0.045454545454545456,30.0,False
env_odom_noise,0.15,0.006105276500337843,0.026390158215457878,0.12467907582694465,1.055394146285949,-1.2294702967225597,0.5971590909090909,0.8892045454545454,0.15083636363636366,0.6544918864965439,0.7333333333333333,24.454545454545453,0.045454545454545456,30.0,False
env_odom_noise,0.15,0.006105276500337843,0.03174802103936399,0.12464627389091146,1.0438013102789188,-1.3224199856144376,0.6175811870100784,0.9036954087346024,0.11592340425531922,0.6552869488795598,0.7333333333333333,25.045454545454547,0.045454545454545456,30.0,True
env_odom_noise,0.15,0.006105276500337843,0.03819366415641666,0.12439587047544119,1.0412604623179305,-1.3859386288361197,0.6375278396436526,0.9114699331848553,0.08820222717149218,0.6823700482646624,0.7,24.61904761904762,0.047619047619047616,30.0,True
env_odom_noise,0.15,0.006105276500337843,0.04594793419988139,0.12448764599530525,1.0351721427781682,-1.4204208195569161,0.6563876651982379,0.9212555066079295,0.05955682819383257,0.7040377229452133,0.7,25.095238095238095,0.047619047619047616,30.0,True
env_odom_noise,0.15,0.006105276500337843,0.055276515198711025,0.12478363982203591,1.0319535686990071,-1.4416917087224856,0.6721311475409836,0.9278688524590164,0.03720000000000001,0.7354507754246394,0.6666666666666666,24.75,0.1,30.0,False
env_odom_noise,0.15,0.006105276500337843,0.06649903169142302,0.12421145678150175,1.0254903219710794,-1.4525237163292648,0.697950377562028,0.9320388349514563,0.03771154261057175,0.7717364951968193,0.6333333333333333,24.63157894736842,0.05263157894736842,30.0,False
env_odom_noise,0.15,0.006105276500337843,0.07999999999999999,0.12381735334969873,1.0225741961198973,-1.4459632920526433,0.711764705882353,0.9336898395721925,0.04987486631016047,0.8230264653762182,0.6333333333333333,25.05263157894737,0.05263157894736842,30.0,False
env_odom_noise,0.15,0.007454880229115496,0.005000000000000002,0.12496701375476826,1.0776993466071156,1.3039245029644995,0.4929411764705882,0.7641176470588236,0.3801411764705882,0.5523613462845485,0.8,24.416666666666668,0.0,30.0,False
env_odom_noise,0.15,0.007454880229115496,0.006015125180410587,0.1251557911315062,1.073754423690614,0.8061535510258451,0.5023391812865498,0.7795321637426901,0.35532865497076016,0.5394756489743789,0.7666666666666667,24.0,0.0,30.0,False
env_odom_noise,0.15,0.007454880229115496,0.007236346187201891,0.12507031901053137,1.0741531332101897,0.3771847373834484,0.5110981308411215,0.7967289719626168,0.3293728971962616,0.5543434135615826,0.7666666666666667,24.043478260869566,0.0,30.0,False
env_odom_noise,0.15,0.007454880229115496,0.008705505632961245,0.1250703202950612,1.07426221599923,0.008345229681487449,0.5215869311551925,0.8068844807467911,0.3087285880980164,0.5730927384148041,0.7333333333333333,23.40909090909091,0.0,30.0,False
env_odom_noise,0.15,0.007454880229115496,0.010472941228206266,0.12523812229932596,1.0727770468526396,-0.32000342436382806,0.536046511627907,0.8255813953488372,0.2755720930232558,0.5722074260314306,0.7333333333333333,23.545454545454547,0.09090909090909091,30.0,False
env_odom_noise,0.15,0.007454880229115496,0.012599210498948734,0.12512965989566724,1.0689248714680135,-0.5869537192181226,0.5490196078431373,0.8385236447520185,0.24965674740484423,0.5874897075196107,0.7,23.142857142857142,0.14285714285714285,30.0,False
env_odom_noise,0.15,0.007454880229115496,0.015157165665103976,0.12483448375804712,1.0627246394866883,-0.8229997429800865,0.5647935779816514,0.8606651376146789,0.21174128440366968,0.5883189558982849,0.7,23.38095238095238,0.09523809523809523,30.0,False
env_odom_noise,0.15,0.007454880229115496,0.018234449771164334,0.12467259565623334,1.0612961307580304,-1.014780429347542,0.5860091743119266,0.8801605504587156,0.17103027522935788,0.6170872723062834,0.7333333333333333,24.09090909090909,0.045454545454545456,30.0,False
env_odom_noise,0.15,0.007454880229115496,0.021936499593892524,0.12484248372636791,1.0588437519097262,-1.163122079848935,0.6051428571428571,0.8908571428571429,0.1412,0.6421227698524793,0.7333333333333333,24.227272727272727,0.045454545454545456,30.0,True
env_odom_noise,0.15,0.007454880229115496,0.026390158215457878,0.12460706459060612,1.0536028740047454,-1.2840087538234208,0.6234428086070215,0.9082672706681767,0.10548992072480179,0.6552184904615085,0.7333333333333333,24.59090909090909,0.045454545454545456,30.0,True
env_odom_noise,0.15,0.007454880229115496,0.03174802103936399,0.12464627378623834,1.0428474087108572,-1.3712024362102841,0.6431767337807607,0.9222595078299777,0.07176375838926163,0.66423180103302,0.7333333333333333,25.09090909090909,0.045454545454545456,30.0,True
env_odom_noise,0.15,0.007454880229115496,0.03819366415641666,0.12457967008255108,1.042061575014757,-1.4313164068835997,0.6629588431590656,0.9299221357063404,0.04431902113459396,0.6919149369001388,0.7,24.666666666666668,0.047619047619047616,30.0,True
env_odom_noise,0.15,0.007454880229115496,0.04594793419988139,0.1242761480864311,1.035966960937188,-1.4671554475213762,0.680968096809681,0.9383938393839384,0.017838063806380644,0.7084723378221194,0.6666666666666666,24.45,0.05,30.0,False
env_odom_noise,0.15,0.007454880229115496,0.055276515198711025,0.12478363995723046,1.0311862145091029,-1.4853535107863962,0.6970524017467249,0.9443231441048034,0.024529257641921487,0.7466283440589905,0.6666666666666666,24.8,0.1,30.0,False
env_odom_noise,0.15,0.007454880229115496,0.06649903169142302,0.12421145636561415,1.0233668288984303,-1.4927995778780367,0.7228202368137783,0.9483315392895587,0.0462886975242196,0.7790260627865792,0.6333333333333333,24.736842105263158,0.05263157894736842,30.0,False
env_odom_noise,0.15,0.007454880229115496,0.07999999999999999,0.1238208618574312,1.0200444935752413,-1.488163368790405,0.7361407249466951,0.9498933901918977,0.05804733475479751,0.8225938369830449,0.6333333333333333,25.210526315789473,0.05263157894736842,30.0,False
env_odom_noise,0.15,0.009102821015130404,0.005000000000000002,0.12515579295277204,1.0786887967079752,1.067063062444029,0.5199530516431925,0.7834507042253521,0.33379624413145537,0.5577805158992608,0.7333333333333333,23.181818181818183,0.0,30.0,False
env_odom_noise,0.15,0.009102821015130404,0.006015125180410587,0.12515579334558066,1.0747376597907465,0.628017953501158,0.5298245614035088,0.7976608187134503,0.30971461988304094,0.5533383260170619,0.7333333333333333,23.318181818181817,0.0,30.0,False
env_odom_noise,0.15,0.009102821015130404,0.007236346187201891,0.12507031739882582,1.0747987110436907,0.23850854965367296,0.5385064177362894,0.8103850641773629,0.2883085180863477,0.5738137810180585,0.7333333333333333,23.40909090909091,0.0,30.0,False
env_odom_noise,0.15,0.009102821015130404,0.008705505632961245,0.12507032002513505,1.07323315028518,-0.10397894395896122,0.5472027972027972,0.8228438228438228,0.26715337995337995,0.5844852034002542,0.7333333333333333,23.454545454545453,0.045454545454545456,30.0,False
env_odom_noise,0.15,0.009102821015130404,0.010472941228206266,0.12523812044333374,1.0721617927523766,-0.40618370600862885,0.5615563298490128,0.8397212543554007,0.23592241579558648,0.5921236010889213,0.7333333333333333,23.59090909090909,0.09090909090909091,30.0,False
env_odom_noise,0.15,0.009102821015130404,0.012599210498948734,0.12512965784767485,1.0698772514202306,-0.653855940996049,0.5738177623990772,0.8569780853517878,0.206404152249135,0.6065175371865431,0.7,23.142857142857142,0.14285714285714285,30.0,False
env_odom_noise,0.15,0.009102821015130404,0.015157165665103976,0.12483448257135427,1.0636643812591473,-0.8751619922503526,0.5894495412844036,0.8744266055045872,0.17332385321100918,0.6077282396455606,0.7,23.38095238095238,0.09523809523809523,30.0,False
env_odom_noise,0.15,0.009102821015130404,0.018234449771164334,0.12467259502727561,1.062235088660378,-1.0554246184821015,0.6106651376146789,0.8927752293577982,0.13375963302752292,0.637086121737957,0.7333333333333333,24.09090909090909,0.045454545454545456,30.0,True
env_odom_noise,0.15,0.009102821015130404,0.021936499593892524,0.12472196482127978,1.0597795057277015,-1.203109507789212,0.6299885974914481,0.9053591790193842,0.10185222348916767,0.6470151757200558,0.7333333333333333,24.318181818181817,0.045454545454545456,30.0,True
env_odom_noise,0.15,0.009102821015130404,0.026390158215457878,0.12460706327364089,1.0469050221760612,-1.3116375181843511,0.6456692913385826,0.9206974128233971,0.07083329583802023,0.652377280096213,0.7333333333333333,24.863636363636363,0.045454545454545456,30.0,True
env_odom_noise,0.15,0.009102821015130404,0.03174802103936399,0.12483035588472548,1.0437549513396411,-1.395756028238278,0.6675977653631285,0.9351955307262569,0.03440670391061451,0.6756154234210651,0.7333333333333333,25.136363636363637,0.045454545454545456,30.0,True
env_odom_noise,0.15,0.009102821015130404,0.03819366415641666,0.12448764595414118,1.0421622072452699,-1.4562837633284507,0.6868070953436807,0.9434589800443459,0.015148115299334797,0.7000805735588074,0.7,24.80952380952381,0.047619047619047616,30.0,True
env_odom_noise,0.15,0.009102821015130404,0.04594793419988139,0.12445152864618056,1.0351904640800136,-1.4875398395288288,0.7052689352360044,0.9506037321624589,0.026465203073545607,0.7161771605412165,0.6666666666666666,24.55,0.05,30.0,False
env_odom_noise,0.15,0.009102821015130404,0.055276515198711025,0.12478363920382811,1.032072019200293,-1.5036217833497232,0.7210698689956332,0.9563318777292577,0.04020174672489085,0.7675424878795941,0.6666666666666666,24.8,0.1,30.0,False
env_odom_noise,0.15,0.009102821015130404,0.06649903169142302,0.12421145820287142,1.0232803894431979,-1.5083001773058868,0.7467741935483871,0.9602150537634409,0.069789247311828,0.796410371363163,0.6333333333333333,24.789473684210527,0.05263157894736842,30.0,False
env_odom_noise,0.15,0.009102821015130404,0.07999999999999999,0.12357669940947683,1.0203854997286952,-1.5037945534926473,0.7608926673751328,0.9622741764080766,0.0859668437832094,0.8293503060936928,0.6333333333333333,25.36842105263158,0.05263157894736842,30.0,False
env_odom_noise,0.15,0.01111504784609142,0.005000000000000002,0.1250216337389432,1.0764925707725135,0.8410970756953968,0.5502923976608187,0.7976608187134503,0.289246783625731,0.5598507147282362,0.7333333333333333,23.318181818181817,0.0,30.0,False
env_odom_noise,0.15,0.01111504784609142,0.006015125180410587,0.12493670875359075,1.0758482987248186,0.45145466951955354,0.55950991831972,0.8115519253208868,0.2661381563593932,0.5672325422987342,0.7333333333333333,23.40909090909091,0.0,30.0,False
env_odom_noise,0.15,0.01111504784609142,0.007236346187201891,0.12493670671769866,1.0738971371472612,0.10324619917514068,0.5657741559953434,0.8242142025611175,0.24721164144353902,0.5803473285088937,0.7333333333333333,23.5,0.045454545454545456,30.0,False
env_odom_noise,0.15,0.01111504784609142,0.008705505632961245,0.1251047545941541,1.0743234006800286,-0.21065485364002987,0.5778164924506388,0.8368176538908246,0.22256585365853654,0.5843096078683933,0.7333333333333333,23.59090909090909,0.045454545454545456,30.0,False
env_odom_noise,0.15,0.01111504784609142,0.010472941228206266,0.1251047522911841,1.0732465340393722,-0.48008715915903893,0.5887470997679815,0.8503480278422274,0.19810487238979113,0.6063583259781201,0.7333333333333333,23.636363636363637,0.09090909090909091,30.0,False
env_odom_noise,0.15,0.01111504784609142,0.012599210498948734,0.12499753684837503,1.0684648196817232,-0.7087097440335327,0.6022988505747127,0.871264367816092,0.16363678160919537,0.6162172091503938,0.7,23.285714285714285,0.14285714285714285,30.0,False
env_odom_noise,0.15,0.01111504784609142,0.015157165665103976,0.12470340599293664,1.0638861864167104,-0.9134429827780853,0.618421052631579,0.8844393592677345,0.13433958810068647,0.6178983228902022,0.7,23.476190476190474,0.09523809523809523,30.0,True
env_odom_noise,0.15,0.01111504784609142,0.018234449771164334,0.12463912181645885,1.0632950996333548,-1.0873733543614588,0.6377142857142857,0.9022857142857142,0.09720000000000006,0.6374949951966603,0.7333333333333333,24.227272727272727,0.045454545454545456,30.0,True
env_odom_noise,0.15,0.01111504784609142,0.021936499593892524,0.12459180094184776,1.05514984589269,-1.2193189890903504,0.6557191392978482,0.9178935447338619,0.06358731596828993,0.6482441514730454,0.7333333333333333,24.59090909090909,0.045454545454545456,30.0,True
env_odom_noise,0.15,0.01111504784609142,0.026390158215457878,0.12447749328312092,1.0461600075795832,-1.3247597566193015,0.6717171717171717,0.9315375982042648,0.033945230078563426,0.6585920269290606,0.7333333333333333,24.954545454545453,0.045454545454545456,30.0,True
env_odom_noise,0.15,0.01111504784609142,0.03174802103936399,0.12470118384673978,1.0447781370424032,-1.4031358882601506,0.6936383928571429,0.9441964285714286,0.021241964285714343,0.689859173198541,0.7333333333333333,25.181818181818183,0.045454545454545456,30.0,True
env_odom_noise,0.15,0.01111504784609142,0.03819366415641666,0.12414983657681603,1.0368506931836179,-1.4602006801447005,0.7112211221122112,0.9521452145214522,0.03087590759075909,0.6757928627232711,0.6666666666666666,24.45,0.05,30.0,False
env_odom_noise,0.15,0.01111504784609142,0.04594793419988139,0.12432510024324062,1.0361934018267722,-1.489554812820523,0.7291666666666666,0.9588815789473685,0.050848245614035115,0.731713421146075,0.6666666666666666,24.6,0.05,30.0,False
env_odom_noise,0.15,0.01111504784609142,0.055276515198711025,0.1246570241998625,1.031526960389756,-1.5035091460067849,0.7453754080522307,0.9657236126224157,0.07389902067464638,0.7791303997238477,0.6666666666666666,24.95,0.1,30.0,False
env_odom_noise,0.15,0.01111504784609142,0.06649903169142302,0.12409055754077418,1.0223479457581008,-1.5090849177767764,0.7698072805139187,0.9684154175588865,0.10102269807280517,0.7941639800866445,0.6333333333333333,25.0,0.05263157894736842,30.0,False
env_odom_noise,0.15,0.01111504784609142,0.07999999999999999,0.1234560727650188,1.019626968400027,-1.5031775594425978,0.7847295864262991,0.9703075291622482,0.11783711558854726,0.8377679919203123,0.6333333333333333,25.473684210526315,0.05263157894736842,30.0,False
env_odom_noise,0.15,0.013572088082974535,0.005000000000000002,0.12493670682346145,1.071060252959748,0.6210111101690398,0.5720930232558139,0.8122093023255814,0.25289767441860467,0.5712187618638078,0.7333333333333333,23.545454545454547,0.045454545454545456,30.0,False
env_odom_noise,0.15,0.013572088082974535,0.006015125180410587,0.12493670537436329,1.075102307602199,0.2932425567783494,0.578088578088578,0.8245920745920746,0.23451934731934732,0.584261333818237,0.7333333333333333,23.454545454545453,0.045454545454545456,30.0,False
env_odom_noise,0.15,0.013572088082974535,0.007236346187201891,0.12493670681906156,1.075134110668096,-0.011723929686183236,0.5873108265424912,0.8335273573923166,0.21636181606519211,0.6054382737725973,0.7333333333333333,23.5,0.045454545454545456,30.0,False
env_odom_noise,0.15,0.013572088082974535,0.008705505632961245,0.12510475524027823,1.0755564389734609,-0.2936452951917686,0.5993031358885017,0.8466898954703833,0.19120696864111497,0.60985012575984,0.7333333333333333,23.59090909090909,0.045454545454545456,30.0,False
env_odom_noise,0.15,0.013572088082974535,0.010472941228206266,0.12499753756232136,1.0707266144269216,-0.5352645598309642,0.6098964326812428,0.8584579976985041,0.1688455696202531,0.6178802490234375,0.7,23.238095238095237,0.14285714285714285,30.0,False
env_odom_noise,0.15,0.013572088082974535,0.012599210498948734,0.12470340764875129,1.0643726192008673,-0.7565792226597339,0.6224256292906178,0.8821510297482837,0.1326233409610984,0.6154508565862974,0.7,23.476190476190474,0.09523809523809523,30.0,True
env_odom_noise,0.15,0.013572088082974535,0.015157165665103976,0.12463115860760925,1.0650890670382716,-0.9384817923035998,0.6405714285714286,0.8937142857142857,0.10291428571428574,0.6359147583444913,0.7,23.523809523809526,0.09523809523809523,30.0,True
env_odom_noise,0.15,0.013572088082974535,0.018234449771164334,0.12463912016069276,1.0553794192443489,-1.0970520946199749,0.6558956916099773,0.9115646258503401,0.06973968253968255,0.6419644822676976,0.7333333333333333,24.545454545454547,0.045454545454545456,30.0,True
env_odom_noise,0.15,0.013572088082974535,0.021936499593892524,0.12459180152352996,1.0537221420198688,-1.2188528151200768,0.6734463276836158,0.9254237288135593,0.038329943502824926,0.6645943050583204,0.7333333333333333,24.681818181818183,0.045454545454545456,30.0,True
env_odom_noise,0.15,0.013572088082974535,0.026390158215457878,0.12466243011800468,1.045802897823923,-1.3191722692199481,0.6892497200447928,0.9378499440089586,0.02319977603583423,0.6710566644867261,0.7333333333333333,25.045454545454547,0.045454545454545456,30.0,True
env_odom_noise,0.15,0.013572088082974535,0.03174802103936399,0.12447420753660834,1.0459331131822989,-1.3971633268728874,0.7160356347438753,0.9510022271714922,0.03683340757238318,0.6975367054343223,0.7,24.61904761904762,0.047619047619047616,30.0,True
env_odom_noise,0.15,0.013572088082974535,0.03819366415641666,0.12414983427560672,1.0379820540546183,-1.4447422789105528,0.7282728272827282,0.9587458745874587,0.049818701870187,0.700713845839103,0.6666666666666666,24.45,0.05,30.0,False
env_odom_noise,0.15,0.013572088082974535,0.04594793419988139,0.12439772053450888,1.0352947203227223,-1.4746452135564616,0.7456236323851203,0.9660831509846827,0.07450678336980299,0.7441525076826413,0.6666666666666666,24.7,0.05,30.0,False
env_odom_noise,0.15,0.013572088082974535,0.055276515198711025,0.12465861615917714,1.0308326015929776,-1.4857970673970418,0.764642082429501,0.972885032537961,0.10032711496746205,0.7876419792572658,0.6666666666666666,25.1,0.1,30.0,False
env_odom_noise,0.15,0.013572088082974535,0.06649903169142302,0.12409055845991367,1.0217297393294185,-1.4894961381763847,0.7871657754010695,0.9748663101604278,0.12483208556149727,0.8140343859791755,0.6333333333333333,25.05263157894737,0.05263157894736842,30.0,False
env_odom_noise,0.15,0.013572088082974535,0.07999999999999999,0.12350291526025955,1.0170713215297065,-1.479966132622734,0.8030623020063358,0.9767687434002112,0.14263104540654703,0.8531158650914829,0.6333333333333333,25.68421052631579,0.05263157894736842,30.0,False
env_odom_noise,0.15,0.016572270086699935,0.005000000000000002,0.1250888626490406,1.076200925166593,0.4359515802376664,0.5966239813736903,0.8224679860302677,0.21810803259604195,0.5919513708601395,0.7333333333333333,23.5,0.045454545454545456,30.0,False
env_odom_noise,0.15,0.016572270086699935,0.006015125180410587,0.12508886102511754,1.0761811826360765,0.1469927726678133,0.602906976744186,0.8319767441860465,0.20231627906976746,0.6108333966384332,0.7333333333333333,23.545454545454547,0.045454545454545456,30.0,False
env_odom_noise,0.15,0.016572270086699935,0.007236346187201891,0.12525574775456408,1.0756592261551532,-0.12703164658097124,0.6141367323290846,0.842989571263036,0.1800736964078794,0.6076987157265346,0.7333333333333333,23.681818181818183,0.045454545454545456,30.0,False
env_odom_noise,0.15,0.016572270086699935,0.008705505632961245,0.12525574496730754,1.0744987545311802,-0.37099181019859734,0.6261574074074074,0.8559027777777778,0.15513981481481476,0.6272580837210019,0.7333333333333333,23.727272727272727,0.09090909090909091,30.0,False
env_odom_noise,0.15,0.016572270086699935,0.010472941228206266,0.12507435467019679,1.0721104595774142,-0.5904589674210365,0.6360505166475315,0.8742824339839265,0.12686704936854198,0.6314968168735504,0.7,23.333333333333332,0.14285714285714285,30.0,False
env_odom_noise,0.15,0.016572270086699935,0.012599210498948734,0.1247814668362498,1.0599796697340422,-0.7888327439520963,0.6492622020431328,0.8881952326901249,0.0997425652667423,0.6159054234623909,0.7,23.80952380952381,0.09523809523809523,30.0,True
env_odom_noise,0.15,0.016572270086699935,0.015157165665103976,0.12494944300023937,1.060681787037393,-0.9526431403315075,0.6615646258503401,0.9047619047619048,0.07087346938775507,0.6359635184208552,0.7,23.857142857142858,0.09523809523809523,30.0,True
env_odom_noise,0.15,0.016572270086699935,0.018234449771164334,0.12497403881380177,1.0567139256170397,-1.0983511449626602,0.6804298642533937,0.918552036199095,0.03821809954751132,0.655083903670311,0.7333333333333333,24.636363636363637,0.045454545454545456,30.0,True
env_odom_noise,0.15,0.016572270086699935,0.021936499593892524,0.12492613657573025,1.048403632982558,-1.214835254467645,0.6958473625140292,0.9332210998877666,0.034426262626262694,0.6559302871425946,0.7333333333333333,24.954545454545453,0.045454545454545456,30.0,True
env_odom_noise,0.15,0.016572270086699935,0.026390158215457878,0.12446385877849342,1.045964444981665,-1.3097722331269972,0.7138084632516704,0.9454342984409799,0.04017416481069047,0.676974373559157,0.7333333333333333,25.272727272727273,0.045454545454545456,30.0,True
env_odom_noise,0.15,0.016572270086699935,0.03174802103936399,0.12462237371911088,1.0451696142526135,-1.3753021663706968,0.7377777777777778,0.9583333333333334,0.058911111111111136,0.7043609261512757,0.6666666666666666,24.0,0.05,30.0,False
env_odom_noise,0.15,0.016572270086699935,0.03819366415641666,0.12429771800499126,1.0392607157868243,-1.4179794546158344,0.7516483516483516,0.9642857142857143,0.07873406593406596,0.7218936105569204,0.6666666666666666,24.5,0.05,30.0,False
env_odom_noise,0.15,0.016572270086699935,0.04594793419988139,0.1245461768618349,1.0344516091717912,-1.4454748400588457,0.7676822633297062,0.971164309031556,0.10164657236126229,0.7433981761336327,0.6666666666666666,24.95,0.05,30.0,False
env_odom_noise,0.15,0.016572270086699935,0.055276515198711025,0.12480391034968562,1.0281653397630037,-1.4536669523991288,0.7904967602591793,0.9773218142548596,0.1306185745140389,0.7952742283542951,0.6666666666666666,25.3,0.1,30.0,False
env_odom_noise,0.15,0.016572270086699935,0.06649903169142302,0.12423548243072313,1.0230103000588944,-1.4556152890212883,0.8084311632870864,0.9791889007470651,0.15042006403415153,0.8343077277143797,0.6333333333333333,25.157894736842106,0.05263157894736842,30.0,False
env_odom_noise,0.15,0.016572270086699935,0.07999999999999999,0.12364719259434716,1.0152137763301954,-1.4470876879975103,0.8252631578947368,0.9810526315789474,0.16911578947368422,0.8653048073252042,0.6333333333333333,25.842105263157894,0.05263157894736842,30.0,False
env_odom_noise,0.15,0.020235658223516174,0.005000000000000002,0.1250147685223278,1.076939684727616,0.25719220574588864,0.6219512195121951,0.8362369337979094,0.17901184668989545,0.6128540668636561,0.7333333333333333,23.59090909090909,0.045454545454545456,30.0,False
env_odom_noise,0.15,0.020235658223516174,0.006015125180410587,0.12518160857605654,1.076898815474469,0.0034440282967313474,0.6319444444444444,0.84375,0.16150555555555557,0.6177133781214555,0.7333333333333333,23.727272727272727,0.045454545454545456,30.0,False
env_odom_noise,0.15,0.020235658223516174,0.007236346187201891,0.12518160891650434,1.0772472832894786,-0.2267684079211131,0.6435185185185185,0.8518518518518519,0.14182962962962964,0.6342212555309137,0.7333333333333333,23.727272727272727,0.045454545454545456,30.0,True
env_odom_noise,0.15,0.020235658223516174,0.008705505632961245,0.12518160969368097,1.0701218970181314,-0.4388803126854787,0.6528735632183909,0.867816091954023,0.11651034482758615,0.6394321702420711,0.7333333333333333,24.0,0.09090909090909091,30.0,True
env_odom_noise,0.15,0.020235658223516174,0.010472941228206266,0.12507435347978754,1.0661666950648137,-0.6305521830581651,0.6602052451539339,0.8825541619156214,0.09444059293044471,0.650151111682256,0.7,23.61904761904762,0.14285714285714285,30.0,False
env_odom_noise,0.15,0.020235658223516174,0.012599210498948734,0.12496611490101339,1.0615063784011163,-0.8098885587294411,0.6729024943310657,0.8985260770975056,0.06577142857142859,0.6404812857508659,0.7,23.857142857142858,0.09523809523809523,30.0,True
env_odom_noise,0.15,0.020235658223516174,0.015157165665103976,0.1251332369868103,1.0543557132921433,-0.9614835570147491,0.6863738738738738,0.9127252252252253,0.045448648648648615,0.6347644389917453,0.7,24.142857142857142,0.047619047619047616,30.0,True
env_odom_noise,0.15,0.020235658223516174,0.018234449771164334,0.12492613616657798,1.0537983567366265,-1.0913376618713209,0.704954954954955,0.9279279279279279,0.048827027027027126,0.6639586309591929,0.7333333333333333,24.818181818181817,0.045454545454545456,30.0,True
env_odom_noise,0.15,0.020235658223516174,0.021936499593892524,0.12469698216175354,1.0498987550227061,-1.1982650764001794,0.7222844344904815,0.9406494960806271,0.05343493840985447,0.6735618347922961,0.7333333333333333,25.045454545454547,0.045454545454545456,30.0,True
env_odom_noise,0.15,0.020235658223516174,0.026390158215457878,0.12446386010869173,1.0474423366701369,-1.279616015954208,0.7410913140311804,0.9515590200445434,0.06133229398663709,0.7018349667390188,0.7,24.61904761904762,0.047619047619047616,30.0,True
env_odom_noise,0.15,0.020235658223516174,0.03174802103936399,0.12462237419077271,1.0451778174827064,-1.3387517858168911,0.7602663706992231,0.9644839067702553,0.08755027746947841,0.7330674365162849,0.6666666666666666,24.05,0.05,30.0,False
env_odom_noise,0.15,0.020235658223516174,0.03819366415641666,0.12447424944269034,1.0363775697056345,-1.3829861841440634,0.773224043715847,0.9699453551912568,0.10596939890710377,0.7229892718295257,0.6666666666666666,24.75,0.05,30.0,False
env_odom_noise,0.15,0.020235658223516174,0.04594793419988139,0.12454617633543281,1.0329252131684519,-1.4048143266258022,0.7893593919652552,0.9766558089033659,0.12881520086862108,0.7695925682783127,0.6666666666666666,25.05,0.05,30.0,False
env_odom_noise,0.15,0.020235658223516174,0.055276515198711025,0.12480391104332049,1.025435300778194,-1.4094399668256752,0.8127018299246501,0.9822389666307858,0.15774079655543594,0.8148581892251968,0.6666666666666666,25.45,0.05,30.0,False
env_odom_noise,0.15,0.020235658223516174,0.06649903169142302,0.12414785935654427,1.0228936258270946,-1.4126734628694875,0.8306709265175719,0.983493077742279,0.17696400425985093,0.857668137550354,0.6333333333333333,25.263157894736842,0.05263157894736842,30.0,False
env_odom_noise,0.15,0.020235658223516174,0.07999999999999999,0.12406782322363324,1.0161374578823512,-1.3976440076929124,0.8457502623294858,0.9853095487932844,0.19385981112277018,0.8878109931945801,0.6333333333333333,26.0,0.05263157894736842,30.0,False
env_odom_noise,0.15,0.024708857724180293,0.005000000000000002,0.12518160811489187,1.0724180412687532,0.09035297037844019,0.6478711162255466,0.8423475258918297,0.14698135788262368,0.6291899243990581,0.7333333333333333,23.954545454545453,0.045454545454545456,30.0,True
env_odom_noise,0.15,0.024708857724180293,0.006015125180410587,0.12518160788559105,1.0727022020385888,-0.11687701870790553,0.6599539700805523,0.8492520138089759,0.1279940161104718,0.6428491433461507,0.7333333333333333,23.954545454545453,0.045454545454545456,30.0,True
env_odom_noise,0.15,0.024708857724180293,0.007236346187201891,0.12536708778471184,1.0714857896316234,-0.31711088938832716,0.6681974741676234,0.8616532721010333,0.1073492537313433,0.6514279094835123,0.7333333333333333,24.045454545454547,0.09090909090909091,30.0,True
env_odom_noise,0.15,0.024708857724180293,0.008705505632961245,0.12525873761525816,1.0690606658042674,-0.49990719243444054,0.6767388825541619,0.8779931584948689,0.08246795895096914,0.6597209687034289,0.7,23.61904761904762,0.09523809523809523,30.0,True
env_odom_noise,0.15,0.024708857724180293,0.010472941228206266,0.1252587381282491,1.0660328588624404,-0.6679206228031732,0.6860068259385665,0.8907849829351536,0.06702184300341296,0.6718596418698629,0.7,23.714285714285715,0.14285714285714285,30.0,False
env_odom_noise,0.15,0.024708857724180293,0.012599210498948734,0.12491762613417702,1.0594625878891926,-0.831314891395783,0.6992099322799097,0.9034988713318285,0.06751106094808124,0.6515043390293916,0.7,24.047619047619047,0.09523809523809523,30.0,True
env_odom_noise,0.15,0.024708857724180293,0.015157165665103976,0.12491762666851873,1.0560588856471709,-0.9587363724798911,0.7120359955005624,0.9167604049493814,0.06707559055118106,0.6653571919848521,0.7,24.19047619047619,0.047619047619047616,30.0,True
env_odom_noise,0.15,0.024708857724180293,0.018234449771164334,0.12469698110403775,1.0554931359544937,-1.0768715151777692,0.7314606741573034,0.9303370786516854,0.07292359550561811,0.6862124706308047,0.7333333333333333,24.90909090909091,0.045454545454545456,30.0,True
env_odom_noise,0.15,0.024708857724180293,0.021936499593892524,0.12458351842687408,1.049405775894843,-1.169476526177861,0.7466517857142857,0.94140625,0.07704553571428574,0.6955684527754784,0.7,24.523809523809526,0.047619047619047616,30.0,True
env_odom_noise,0.15,0.024708857724180293,0.026390158215457878,0.12462406908007176,1.0463988014661891,-1.2456296259693362,0.761640798226164,0.9556541019955654,0.08009490022172949,0.7109068840742111,0.6666666666666666,24.1,0.05,30.0,False
env_odom_noise,0.15,0.024708857724180293,0.03174802103936399,0.1243773419074126,1.0461934962206307,-1.3007148792484766,0.7812154696132597,0.9651933701657458,0.10920883977900553,0.7446599885821342,0.6666666666666666,24.25,0.05,30.0,False
env_odom_noise,0.15,0.024708857724180293,0.03819366415641666,0.12454617533623943,1.0380894982122322,-1.3347834286564246,0.7949836423118866,0.9705561613958561,0.12833980370774267,0.7503000142673651,0.6666666666666666,24.85,0.05,30.0,False
env_odom_noise,0.15,0.024708857724180293,0.04594793419988139,0.12454617691929556,1.02882445407655,-1.3535428948600972,0.8124324324324325,0.9772972972972973,0.15252972972972978,0.7861448593437672,0.6666666666666666,25.25,0.05,30.0,False
env_odom_noise,0.15,0.024708857724180293,0.055276515198711025,0.12480391102510786,1.025249030233848,-1.3580963472869807,0.8354838709677419,0.9822580645161291,0.18054193548387099,0.8494894633690516,0.6333333333333333,24.789473684210527,0.05263157894736842,30.0,False
env_odom_noise,0.15,0.024708857724180293,0.06649903169142302,0.12454108098068657,1.0176920771892688,-1.362231932130323,0.8523206751054853,0.984704641350211,0.19982531645569623,0.8587964216868083,0.6333333333333333,25.736842105263158,0.05263157894736842,30.0,False
env_odom_noise,0.15,0.024708857724180293,0.07999999999999999,0.1242364790939933,1.0148743838960097,-1.3463417350611355,0.8652037617554859,0.9858934169278997,0.21389717868338554,0.9054882670442264,0.6333333333333333,26.210526315789473,0.05263157894736842,30.0,False
env_odom_noise,0.15,0.030170881682725817,0.005000000000000002,0.1253670851781979,1.0744376799584894,-0.05708944246604925,0.6741379310344827,0.8505747126436781,0.11248735632183915,0.6652794703841209,0.7333333333333333,24.0,0.045454545454545456,30.0,True
env_odom_noise,0.15,0.030170881682725817,0.006015125180410587,0.12514826579434532,1.0712680838136368,-0.23645806798870483,0.6855670103092784,0.8596792668957618,0.0976877434135166,0.6649624831974507,0.7333333333333333,24.136363636363637,0.09090909090909091,30.0,True
env_odom_noise,0.15,0.030170881682725817,0.007236346187201891,0.12514826614072364,1.0715998134869706,-0.39920607986143336,0.6924398625429553,0.872852233676976,0.0913876288659794,0.6796677882472674,0.7333333333333333,24.136363636363637,0.09090909090909091,30.0,True
env_odom_noise,0.15,0.030170881682725817,0.008705505632961245,0.12504177740072026,1.067546020655505,-0.5555365609932952,0.6994318181818182,0.8835227272727273,0.08770909090909096,0.6873160059253375,0.7,23.761904761904763,0.14285714285714285,30.0,False
env_odom_noise,0.15,0.030170881682725817,0.010472941228206266,0.12491762688260374,1.0608349166568987,-0.7095189282654245,0.7076749435665914,0.8961625282167043,0.0833124153498872,0.6703536237279574,0.7,24.047619047619047,0.09523809523809523,30.0,True
env_odom_noise,0.15,0.030170881682725817,0.012599210498948734,0.12490308578560312,1.0566488160978391,-0.8373416700688644,0.7227833894500562,0.9118967452300786,0.08268664421997762,0.6655175077418486,0.7,24.285714285714285,0.047619047619047616,30.0,True
env_odom_noise,0.15,0.030170881682725817,0.015157165665103976,0.12469697982648413,1.0559586513472938,-0.9548443341796086,0.7356902356902357,0.9231200897867564,0.08437014590347935,0.6831042552987735,0.7,24.285714285714285,0.047619047619047616,30.0,True
env_odom_noise,0.15,0.030170881682725817,0.018234449771164334,0.12469851106407483,1.0546736957593217,-1.0532095239286132,0.7541993281075028,0.93505039193729,0.09094893617021282,0.7016246363520622,0.7,24.38095238095238,0.047619047619047616,30.0,True
env_odom_noise,0.15,0.030170881682725817,0.021936499593892524,0.12446594071061344,1.0480900028399016,-1.1381711826672432,0.7677777777777778,0.9466666666666667,0.09291111111111117,0.7226499398549397,0.7,24.714285714285715,0.047619047619047616,30.0,True
env_odom_noise,0.15,0.030170881682725817,0.026390158215457878,0.12462406984612572,1.0482953298208033,-1.1998255735464325,0.7832594235033259,0.9578713968957872,0.10393082039911306,0.7513390799363454,0.6666666666666666,24.1,0.05,30.0,False
env_odom_noise,0.15,0.030170881682725817,0.03174802103936399,0.12430017048413307,1.0427490269236632,-1.2445674578668404,0.7993421052631579,0.9660087719298246,0.12815087719298246,0.7613515843947728,0.6666666666666666,24.6,0.05,30.0,False
env_odom_noise,0.15,0.030170881682725817,0.03819366415641666,0.12454617518304907,1.0339778847310404,-1.2812370494738656,0.8148751357220413,0.9723127035830619,0.14998783930510318,0.77517199665308,0.6666666666666666,25.05,0.05,30.0,False
env_odom_noise,0.15,0.030170881682725817,0.04594793419988139,0.12480391023552313,1.0306693508111533,-1.2963405314384653,0.8288336933045356,0.9778617710583153,0.1694954643628509,0.8236555591225624,0.6666666666666666,25.3,0.05,30.0,False
env_odom_noise,0.15,0.030170881682725817,0.055276515198711025,0.12523268714168964,1.02400170949381,-1.296350024779001,0.8527837259100642,0.9828693790149893,0.19845310492505353,0.8723187911013762,0.6333333333333333,25.0,0.05263157894736842,30.0,False
env_odom_noise,0.15,0.030170881682725817,0.06649903169142302,0.12470834344378369,1.0190239794615334,-1.3005029281843978,0.8692226890756303,0.9847689075630253,0.21679159663865555,0.8844463338454565,0.6333333333333333,25.94736842105263,0.05263157894736842,30.0,False
env_odom_noise,0.15,0.030170881682725817,0.07999999999999999,0.1242364798086468,1.0137432390380798,-1.284007261037738,0.8816475495307612,0.9859228362877998,0.23037038581856095,0.9361328949530919,0.6333333333333333,26.31578947368421,0.05263157894736842,30.0,False
env_odom_noise,0.15,0.03684031498640387,0.005000000000000002,0.1251482664908089,1.0725363633947351,-0.18960843937358357,0.6973684210526315,0.8615560640732265,0.10761235697940508,0.694397953649362,0.7333333333333333,24.181818181818183,0.09090909090909091,30.0,True
env_odom_noise,0.15,0.03684031498640387,0.006015125180410587,0.12513298640719075,1.0711830344750843,-0.3325783790267046,0.7037671232876712,0.8715753424657534,0.10399178082191785,0.6997068608800571,0.7333333333333333,24.272727272727273,0.09090909090909091,30.0,True
env_odom_noise,0.15,0.03684031498640387,0.007236346187201891,0.12519377261040607,1.0686896324869215,-0.47517171160706645,0.7115384615384616,0.8817873303167421,0.10155113122171955,0.684793163339297,0.6666666666666666,23.2,0.1,30.0,False
env_odom_noise,0.15,0.03684031498640387,0.008705505632961245,0.12519377101110313,1.067101495977704,-0.6037462219417538,0.7225988700564971,0.8943502824858757,0.10004858757062152,0.6970016181468963,0.6666666666666666,23.25,0.15,30.0,False
env_odom_noise,0.15,0.03684031498640387,0.010472941228206266,0.12490411649033366,1.0623704161808207,-0.729226163490334,0.7289088863892014,0.907199100112486,0.09350978627671547,0.6916938769320647,0.6666666666666666,23.45,0.1,30.0,False
env_odom_noise,0.15,0.03684031498640387,0.012599210498948734,0.12485684126180904,1.0548376649607039,-0.8407021212987035,0.7421875,0.9174107142857143,0.09657678571428574,0.681202411899964,0.6666666666666666,23.8,0.05,30.0,False
env_odom_noise,0.15,0.03684031498640387,0.015157165665103976,0.12469851038640889,1.053971333726905,-0.9410779429209262,0.7533557046979866,0.9323266219239373,0.09282908277404933,0.7099927186965942,0.7,24.428571428571427,0.047619047619047616,30.0,True
env_odom_noise,0.15,0.03684031498640387,0.018234449771164334,0.12458531689846977,1.0520713787008422,-1.0244587976853976,0.7720178372352285,0.9392419175027871,0.10457591973244151,0.740588008860747,0.7,24.571428571428573,0.047619047619047616,30.0,True
env_odom_noise,0.15,0.03684031498640387,0.021936499593892524,0.12446593835040605,1.0493727056039175,-1.0933641652360029,0.7830188679245284,0.9506104328523862,0.10420843507214217,0.7608287751674652,0.6666666666666666,24.05,0.05,30.0,False
env_odom_noise,0.15,0.03684031498640387,0.026390158215457878,0.12462407114939136,1.0469851469565774,-1.1461974272317879,0.7994475138121547,0.9591160220994475,0.1213635359116022,0.7854398752252261,0.6666666666666666,24.25,0.05,30.0,False
env_odom_noise,0.15,0.03684031498640387,0.03174802103936399,0.1245461782797392,1.0379854987215924,-1.191980533465564,0.8139281828073993,0.9678998911860718,0.1446280739934711,0.7751094393432141,0.6666666666666666,24.95,0.05,30.0,False
env_odom_noise,0.15,0.03684031498640387,0.03819366415641666,0.1249765664469367,1.033108962513401,-1.220129626731186,0.8284632034632035,0.9745670995670995,0.165830303030303,0.8060857156912485,0.6666666666666666,25.2,0.05,30.0,False
env_odom_noise,0.15,0.03684031498640387,0.04594793419988139,0.1252815972037671,1.029841771026446,-1.2329330882825762,0.8415682062298604,0.9785177228786252,0.18288592910848556,0.8466860224803289,0.6666666666666666,25.55,0.05,30.0,False
env_odom_noise,0.15,0.03684031498640387,0.055276515198711025,0.12530173351510085,1.020819662905815,-1.2331738000254815,0.8666312433581297,0.9835281615302869,0.21295940488841658,0.893333412706852,0.6333333333333333,25.36842105263158,0.10526315789473684,30.0,False
env_odom_noise,0.15,0.03684031498640387,0.06649903169142302,0.12447880402540899,1.0196269994918574,-1.2332203231643388,0.8825995807127882,0.9853249475890985,0.23072452830188672,0.9279601330558459,0.6333333333333333,26.05263157894737,0.05263157894736842,30.0,False
env_odom_noise,0.15,0.03684031498640387,0.07999999999999999,0.12423647638503627,1.0120930003778372,-1.2127769241786583,0.8924116424116424,0.9875259875259875,0.24273762993762993,0.9688485813637574,0.6,25.77777777777778,0.05555555555555555,30.0,False
env_odom_noise,0.15,0.04498406187030712,0.005000000000000002,0.12517355827285587,1.0714960259238566,-0.31155817531743013,0.7181818181818181,0.8761363636363636,0.11384545454545458,0.7116420765717825,0.7,23.761904761904763,0.09523809523809523,30.0,True
env_odom_noise,0.15,0.04498406187030712,0.006015125180410587,0.12506790476638854,1.0689580985476665,-0.4252860274701719,0.7212189616252822,0.8854401805869074,0.10757878103837482,0.714429123699665,0.6666666666666666,23.3,0.1,30.0,False
env_odom_noise,0.15,0.04498406187030712,0.007236346187201891,0.12506790617629893,1.069262445573193,-0.5319213865103105,0.7291196388261851,0.8927765237020316,0.10814311512415353,0.7285562753677368,0.6666666666666666,23.3,0.15,30.0,False
env_odom_noise,0.15,0.04498406187030712,0.008705505632961245,0.12506790778458177,1.0669501336836793,-0.6358704719537439,0.7359234234234234,0.9048423423423423,0.10288108108108118,0.735918294886748,0.6666666666666666,23.4,0.15,30.0,False
env_odom_noise,0.15,0.04498406187030712,0.010472941228206266,0.12473238363106595,1.0560873363464,-0.7460329115780757,0.7480490523968785,0.9163879598662207,0.10346109253065783,0.701761852701505,0.6666666666666666,23.85,0.05,30.0,False
env_odom_noise,0.15,0.04498406187030712,0.012599210498948734,0.12473238560648958,1.053172134086293,-0.8363697662228832,0.7575083426028921,0.924916573971079,0.10439176863181321,0.7150512184326847,0.6666666666666666,23.95,0.05,30.0,False
env_odom_noise,0.15,0.04498406187030712,0.015157165665103976,0.12457413211104641,1.053772551706966,-0.9171922308768102,0.7720178372352285,0.9375696767001115,0.1062481605351171,0.753965811431408,0.7,24.571428571428573,0.047619047619047616,30.0,True
env_odom_noise,0.15,0.04498406187030712,0.018234449771164334,0.12434271275606551,1.0518856255639903,-0.9880729483254415,0.7865853658536586,0.9434589800443459,0.11492638580931269,0.7735099573930104,0.6666666666666666,24.1,0.05,30.0,False
env_odom_noise,0.15,0.04498406187030712,0.021936499593892524,0.12450075908198735,1.044405928535946,-1.0445735675302301,0.7972527472527473,0.9527472527472527,0.11630549450549466,0.7753770997126898,0.6333333333333333,23.736842105263158,0.05263157894736842,30.0,False
env_odom_noise,0.15,0.04498406187030712,0.026390158215457878,0.12493534979659718,1.042401221591918,-1.0907059903753746,0.8143483023001096,0.9622124863088719,0.1393607886089815,0.8032608233392239,0.6666666666666666,24.65,0.05,30.0,False
env_odom_noise,0.15,0.04498406187030712,0.03174802103936399,0.12502348101309405,1.0358258754002452,-1.1369253585705767,0.826133909287257,0.9703023758099352,0.15923628509719223,0.7856176716585954,0.6666666666666666,25.3,0.05,30.0,False
env_odom_noise,0.15,0.04498406187030712,0.03819366415641666,0.12502348046903966,1.0308948550643737,-1.1581298199700505,0.8404940923737916,0.9763694951664876,0.17966358754027922,0.8267403493324915,0.6666666666666666,25.55,0.05,30.0,False
env_odom_noise,0.15,0.04498406187030712,0.04594793419988139,0.12527770050770534,1.0253134690213486,-1.1643202369322345,0.8582089552238806,0.9802771855010661,0.20128614072494677,0.8740104228258133,0.6666666666666666,25.9,0.05,30.0,False
env_odom_noise,0.15,0.04498406187030712,0.055276515198711025,0.12511089580269738,1.0211774227918151,-1.1626834837223294,0.877507919746568,0.9841605068637803,0.22446842661034838,0.9280448243021965,0.6333333333333333,25.68421052631579,0.10526315789473684,30.0,False
env_odom_noise,0.15,0.04498406187030712,0.06649903169142302,0.1241196550149814,1.0188965206724012,-1.1640686207330635,0.8935281837160751,0.9869519832985386,0.24328016701461375,0.9549502124389012,0.6333333333333333,26.263157894736842,0.05263157894736842,30.0,False
env_odom_noise,0.15,0.04498406187030712,0.07999999999999999,0.12414650034809596,1.0145818030717368,-1.1411914542842647,0.9024896265560166,0.9891078838174274,0.25439751037344405,1.0119375652323166,0.6,25.88888888888889,0.05555555555555555,30.0,False
env_odom_noise,0.15,0.054928027165305905,0.005000000000000002,0.12506790597678366,1.066746941566018,-0.4043851273615692,0.7334083239595051,0.8869516310461192,0.11825669291338592,0.7506796464323997,0.6666666666666666,23.45,0.1,30.0,False
env_odom_noise,0.15,0.054928027165305905,0.006015125180410587,0.12506790598679343,1.0669941873140598,-0.4890163918974596,0.7407199100112486,0.8948256467941508,0.11769426321709786,0.7620662376284599,0.6666666666666666,23.45,0.15,30.0,False
env_odom_noise,0.15,0.054928027165305905,0.007236346187201891,0.1250202367890306,1.0672912641991825,-0.5754544659702586,0.7455056179775281,0.9039325842696629,0.11337303370786522,0.768894669910272,0.6666666666666666,23.5,0.15,30.0,False
env_odom_noise,0.15,0.054928027165305905,0.008705505632961245,0.12473238445465261,1.05498677115168,-0.6696666644589381,0.7558398220244716,0.9149054505005562,0.11273437152391552,0.7361996496717135,0.6666666666666666,23.95,0.05,30.0,False
env_odom_noise,0.15,0.054928027165305905,0.010472941228206266,0.12473238778682004,1.0555492160491406,-0.7432639542644537,0.7638888888888888,0.9222222222222223,0.1134666666666666,0.7510874055946867,0.6666666666666666,24.0,0.05,30.0,False
env_odom_noise,0.15,0.054928027165305905,0.012599210498948734,0.12457413482587004,1.053198611147388,-0.8199076322549838,0.7764182424916574,0.9343715239154616,0.11384671857619577,0.7704557438691457,0.6666666666666666,23.95,0.05,30.0,False
env_odom_noise,0.15,0.054928027165305905,0.015157165665103976,0.12490051490824564,1.0505195880296023,-0.8917469025750504,0.7886313465783664,0.9420529801324503,0.11837836644591615,0.7801072344183921,0.6666666666666666,24.3,0.05,30.0,False
env_odom_noise,0.15,0.054928027165305905,0.018234449771164334,0.12510628111317815,1.0471719673169746,-0.9488613748115444,0.7976973684210527,0.9468201754385965,0.12267719298245616,0.7862781325976054,0.6333333333333333,23.842105263157894,0.05263157894736842,30.0,False
env_odom_noise,0.15,0.054928027165305905,0.021936499593892524,0.1251062794863344,1.0393809720709306,-0.9980045094952401,0.8115468409586056,0.9553376906318083,0.12968453159041393,0.7953716016064087,0.6666666666666666,24.9,0.05,30.0,False
env_odom_noise,0.15,0.054928027165305905,0.026390158215457878,0.12526919061312128,1.0348192051493965,-1.0414327076140601,0.8243243243243243,0.965945945945946,0.15307027027027031,0.803565040230751,0.6666666666666666,25.25,0.05,30.0,False
env_odom_noise,0.15,0.054928027165305905,0.03174802103936399,0.12502348335304772,1.0322307963692126,-1.0698945393203128,0.8356605800214822,0.9720730397422127,0.17053361976369497,0.8269493500391643,0.6666666666666666,25.55,0.05,30.0,False
env_odom_noise,0.15,0.054928027165305905,0.03819366415641666,0.12502348042326253,1.0277671947577884,-1.0821897743651665,0.8477564102564102,0.9770299145299145,0.18758632478632475,0.875248214105765,0.6666666666666666,25.8,0.05,30.0,False
env_odom_noise,0.15,0.054928027165305905,0.04594793419988139,0.12532085462660236,1.023017124697889,-1.0882729287555577,0.8670550847457628,0.9814618644067796,0.2113169491525424,0.9220087875922521,0.6333333333333333,25.526315789473685,0.05263157894736842,30.0,False
env_odom_noise,0.15,0.054928027165305905,0.055276515198711025,0.12455567281674004,1.0208971516817305,-1.092332557647971,0.8852201257861635,0.9863731656184487,0.23439329140461218,0.9553027043739954,0.6333333333333333,26.05263157894737,0.05263157894736842,30.0,False
env_odom_noise,0.15,0.054928027165305905,0.06649903169142302,0.12411965362169675,1.0156183836704165,-1.084047471360442,0.8996881496881497,0.987006237006237,0.24949438669438673,0.9970146810015043,0.6333333333333333,26.473684210526315,0.05263157894736842,30.0,False
env_odom_noise,0.15,0.054928027165305905,0.07999999999999999,0.12438955373958034,1.0152018560705136,-1.0621552957730325,0.9101239669421488,0.9896694214876033,0.2625933884297521,1.0540782590707143,0.6,26.11111111111111,0.05555555555555555,30.0,False
env_odom_noise,0.15,0.06707015869245214,0.005000000000000002,0.12562637295158305,1.0670478451102443,-0.47274658223357535,0.7516741071428571,0.8989955357142857,0.12447857142857144,0.7820167303085327,0.6666666666666666,23.8,0.15,30.0,False
env_odom_noise,0.15,0.06707015869245214,0.006015125180410587,0.12562637357892098,1.0590228380910054,-0.5440920142071093,0.755826859045505,0.9073251942286349,0.1203016648168701,0.7652025731901327,0.6666666666666666,24.05,0.1,30.0,False
env_odom_noise,0.15,0.06707015869245214,0.007236346187201891,0.12533913499595015,1.0529332735030643,-0.6164693304602338,0.7632450331125827,0.9172185430463576,0.11782649006622514,0.7517991696794828,0.6666666666666666,24.3,0.05,30.0,False
env_odom_noise,0.15,0.06707015869245214,0.008705505632961245,0.12533913321307538,1.0518139137892328,-0.6800370987749749,0.7690187431091511,0.9239250275633958,0.11689371554575534,0.7601231675595045,0.6333333333333333,23.57894736842105,0.05263157894736842,30.0,False
env_odom_noise,0.15,0.06707015869245214,0.010472941228206266,0.12521909760140326,1.051132120175994,-0.7424357247678924,0.7777777777777778,0.9323432343234324,0.11723454345434547,0.7814604637523492,0.6333333333333333,23.68421052631579,0.05263157894736842,30.0,False
env_odom_noise,0.15,0.06707015869245214,0.012599210498948734,0.12510628018257478,1.0471503030674758,-0.8037313612303342,0.7886089813800657,0.93921139101862,0.12119759036144584,0.8045259443422158,0.6333333333333333,23.894736842105264,0.05263157894736842,30.0,False
env_odom_noise,0.15,0.06707015869245214,0.015157165665103976,0.1251062825263246,1.0415449610466074,-0.8582978250423763,0.7993456924754635,0.9443838604143948,0.12676183206106872,0.8054213725030422,0.6333333333333333,24.105263157894736,0.05263157894736842,30.0,False
env_odom_noise,0.15,0.06707015869245214,0.018234449771164334,0.12517671733049343,1.0398820099089174,-0.9048244366110126,0.8114130434782608,0.9521739130434783,0.13103913043478255,0.8191092208027839,0.6333333333333333,24.263157894736842,0.05263157894736842,30.0,False
env_odom_noise,0.15,0.06707015869245214,0.021936499593892524,0.1253479183003823,1.0377622338573353,-0.9421232917551099,0.8208874458874459,0.95995670995671,0.1436441558441559,0.8333811762432257,0.6666666666666666,25.2,0.05,30.0,False
env_odom_noise,0.15,0.06707015869245214,0.026390158215457878,0.12502348349177989,1.0358878510017686,-0.9750202077582165,0.8349462365591398,0.9688172043010753,0.16656344086021513,0.8532520855466524,0.6666666666666666,25.5,0.05,30.0,False
env_odom_noise,0.15,0.06707015869245214,0.03174802103936399,0.12502348233778943,1.030087020734998,-0.9952257255641007,0.8438502673796792,0.9737967914438502,0.1804470588235294,0.8873804082473119,0.6666666666666666,25.75,0.05,30.0,False
env_odom_noise,0.15,0.06707015869245214,0.03819366415641666,0.12532085331592654,1.0274979456556292,-1.0051961854320188,0.8572186836518046,0.9798301486199575,0.1998488322717622,0.9287767253816128,0.6666666666666666,26.1,0.05,30.0,False
env_odom_noise,0.15,0.06707015869245214,0.04594793419988139,0.1253208552736693,1.0244270785333205,-1.0076092887917127,0.8756613756613757,0.9846560846560847,0.22311746031746038,0.9885949303706487,0.6333333333333333,25.57894736842105,0.10526315789473684,30.0,False
env_odom_noise,0.15,0.06707015869245214,0.055276515198711025,0.12477749430775904,1.0207850647528447,-1.011301114180737,0.892075078206465,0.9869655891553701,0.24184066736183518,1.0049736678600312,0.6333333333333333,26.31578947368421,0.05263157894736842,30.0,False
env_odom_noise,0.15,0.06707015869245214,0.06649903169142302,0.12433381762873523,1.015831532954536,-1.0006141444412238,0.9048603929679421,0.9886246122026887,0.2562850051706308,1.04530431330204,0.6,26.055555555555557,0.05555555555555555,30.0,False
env_odom_noise,0.15,0.06707015869245214,0.07999999999999999,0.12441827960335844,1.015648398591947,-0.9788425228901454,0.9167523124357657,0.9902363823227133,0.269788694758479,1.0991765812039376,0.6,26.38888888888889,0.05555555555555555,30.0,False
env_odom_noise,0.15,0.08189637274779156,0.005000000000000002,0.1252734626313143,1.0494704646035167,-0.5358621946740318,0.7708333333333334,0.9155701754385965,0.12706315789473688,0.7816014376779398,0.6333333333333333,23.842105263157894,0.05263157894736842,30.0,False
env_odom_noise,0.15,0.08189637274779156,0.006015125180410587,0.1252734634606493,1.0497401212494977,-0.5827524078712458,0.7730263157894737,0.9232456140350878,0.12158070175438596,0.79274306135873,0.6333333333333333,23.842105263157894,0.05263157894736842,30.0,False
env_odom_noise,0.15,0.08189637274779156,0.007236346187201891,0.12515414945574277,1.0458487264845182,-0.6353244211676758,0.7800218340611353,0.9274017467248908,0.12442008733624454,0.7934021875572701,0.6333333333333333,24.05263157894737,0.05263157894736842,30.0,False
env_odom_noise,0.15,0.08189637274779156,0.008705505632961245,0.12515414758807536,1.045115840235399,-0.6826337936568696,0.7878953107960741,0.9334787350054525,0.12621657579062162,0.8093602232635021,0.6333333333333333,24.105263157894736,0.05263157894736842,30.0,False
env_odom_noise,0.15,0.08189637274779156,0.010472941228206266,0.12504201490133746,1.045562439729149,-0.7299110067618926,0.7941176470588235,0.9389978213507625,0.12691982570806104,0.8313871810833613,0.6333333333333333,24.157894736842106,0.05263157894736842,30.0,False
env_odom_noise,0.15,0.08189637274779156,0.012599210498948734,0.1251122707259375,1.044495902486534,-0.7757527279103795,0.8048913043478261,0.9451086956521739,0.1315826086956522,0.8409665669004123,0.6333333333333333,24.263157894736842,0.05263157894736842,30.0,False
env_odom_noise,0.15,0.08189637274779156,0.015157165665103976,0.12528281801547606,1.0411939450779903,-0.8162660783496835,0.812972972972973,0.9497297297297297,0.13504324324324335,0.8418885136644045,0.6333333333333333,24.526315789473685,0.05263157894736842,30.0,False
env_odom_noise,0.15,0.08189637274779156,0.018234449771164334,0.12528281864298707,1.037829265559523,-0.8507448330333142,0.8243534482758621,0.9574353448275862,0.1445887931034483,0.8606462185581525,0.6666666666666666,25.4,0.05,30.0,False
env_odom_noise,0.15,0.08189637274779156,0.021936499593892524,0.12520461345209713,1.0349144957995133,-0.8811111717883634,0.8331545064377682,0.9651287553648069,0.16108326180257515,0.8830218866467476,0.6666666666666666,25.6,0.05,30.0,False
env_odom_noise,0.15,0.08189637274779156,0.026390158215457878,0.12496034924229886,1.0308319109490907,-0.9061204072084029,0.8443496801705757,0.9728144989339019,0.1799641791044776,0.9043391108512878,0.6666666666666666,25.9,0.05,30.0,False
env_odom_noise,0.15,0.08189637274779156,0.03174802103936399,0.12500413516088663,1.0292987584880555,-0.9187778147569411,0.8515376458112407,0.9787910922587487,0.19312873806998943,0.9406009316444397,0.6666666666666666,26.15,0.05,30.0,False
env_odom_noise,0.15,0.08189637274779156,0.03819366415641666,0.12544528324859133,1.028817524586551,-0.9266143217135039,0.870116156282999,0.9820485744456178,0.21496473072861677,0.9845929404099782,0.6666666666666666,26.35,0.05,30.0,False
env_odom_noise,0.15,0.08189637274779156,0.04594793419988139,0.12514728886811124,1.0244342752327655,-0.930529502611206,0.8862683438155137,0.9858490566037735,0.23491740041928721,1.0250597740213077,0.6333333333333333,26.05263157894737,0.10526315789473684,30.0,False
env_odom_noise,0.15,0.08189637274779156,0.055276515198711025,0.1242757806493785,1.0193750516664513,-0.9326501466615259,0.9002068252326784,0.9886246122026887,0.2516314374353671,1.0420271068811418,0.6333333333333333,26.736842105263158,0.05263157894736842,30.0,False
env_odom_noise,0.15,0.08189637274779156,0.06649903169142302,0.12419496090157492,1.0183182607796475,-0.9158013642102034,0.9121274409044193,0.9886947584789312,0.2636221993833505,1.094265496234099,0.6,26.38888888888889,0.05555555555555555,30.0,False
env_odom_noise,0.15,0.08189637274779156,0.07999999999999999,0.12414054230859012,1.0166638100884244,-0.8966519722836553,0.9240570846075433,0.990316004077472,0.27717308868501533,1.1463080262144407,0.6,26.833333333333332,0.05555555555555555,30.0,False
env_odom_noise,0.15,0.10000000000000002,0.005000000000000002,0.12507395426967294,1.0484662957309072,-0.5530056660105688,0.7845484221980413,0.9281828073993471,0.12816561479869426,0.8538610618561506,0.6333333333333333,24.210526315789473,0.05263157894736842,30.0,False
env_odom_noise,0.15,0.10000000000000002,0.006015125180410587,0.12503255303669256,1.0471351303712277,-0.5919199570795078,0.7890455531453362,0.9300433839479393,0.13080216919739696,0.8556737426668406,0.6333333333333333,24.36842105263158,0.05263157894736842,30.0,False
env_odom_noise,0.15,0.10000000000000002,0.007236346187201891,0.1250325511900659,1.046837389674407,-0.625888530036457,0.795774647887324,0.933911159263272,0.13366348862405208,0.864366365224123,0.6333333333333333,24.42105263157895,0.05263157894736842,30.0,False
env_odom_noise,0.15,0.10000000000000002,0.008705505632961245,0.1250325526600342,1.0444927738112586,-0.6619369816534352,0.8010810810810811,0.9405405405405406,0.13234054054054056,0.8748430040975411,0.6333333333333333,24.526315789473685,0.05263157894736842,30.0,False
env_odom_noise,0.15,0.10000000000000002,0.010472941228206266,0.12520288853271277,1.041626359395253,-0.6994975699190783,0.8076508620689655,0.9450431034482759,0.13440775862068965,0.8760069926579793,0.6333333333333333,24.68421052631579,0.05263157894736842,30.0,False
env_odom_noise,0.15,0.10000000000000002,0.012599210498948734,0.12539341927159525,1.0353423116204168,-0.7355464749610685,0.8153104925053534,0.9518201284796574,0.13529036402569605,0.8743577333788077,0.6333333333333333,25.0,0.05263157894736842,30.0,False
env_odom_noise,0.15,0.10000000000000002,0.015157165665103976,0.1253934197175782,1.034138274051854,-0.7651882733317221,0.8224598930481284,0.9550802139037433,0.1403401069518717,0.8914971428612868,0.6666666666666666,25.75,0.05,30.0,False
env_odom_noise,0.15,0.10000000000000002,0.018234449771164334,0.1253153213154153,1.0331130623689335,-0.7910186603631053,0.832089552238806,0.9632196162046909,0.15810916844349687,0.9152045046289762,0.6666666666666666,25.9,0.05,30.0,False
env_odom_noise,0.15,0.10000000000000002,0.021936499593892524,0.12511500128704842,1.0329190782396094,-0.8128706082295036,0.840042372881356,0.9708686440677966,0.17371101694915259,0.9299273110926152,0.6666666666666666,26.2,0.05,30.0,False
env_odom_noise,0.15,0.10000000000000002,0.026390158215457878,0.12511500302841827,1.032281342042201,-0.8285979430366284,0.8492063492063492,0.9767195767195768,0.18872592592592596,0.9701659277081489,0.6666666666666666,26.25,0.05,30.0,False
env_odom_noise,0.15,0.10000000000000002,0.03174802103936399,0.12536608119867906,1.02982676837805,-0.8386096656027597,0.863013698630137,0.9810326659641728,0.20684636459430983,1.0052007600665092,0.6666666666666666,26.45,0.05,30.0,False
env_odom_noise,0.15,0.10000000000000002,0.03819366415641666,0.12536608226411866,1.0269540775895765,-0.8418376203442699,0.8771008403361344,0.9842436974789915,0.224144537815126,1.05657143642505,0.6333333333333333,25.94736842105263,0.05263157894736842,30.0,False
env_odom_noise,0.15,0.10000000000000002,0.04594793419988139,0.1250941761050403,1.0246133942175213,-0.8430132778337761,0.8889468196037539,0.9874869655891554,0.23923378519290928,1.0960891087849935,0.6333333333333333,26.31578947368421,0.05263157894736842,30.0,False
env_odom_noise,0.15,0.10000000000000002,0.055276515198711025,0.1241208653343003,1.020214440551274,-0.8427489640212228,0.9040041067761807,0.9887063655030801,0.2555104722792608,1.1000292944411436,0.6,26.444444444444443,0.05555555555555555,30.0,False
env_odom_noise,0.15,0.10000000000000002,0.06649903169142302,0.1237424362388977,1.0182979387372266,-0.8328629122104962,0.9171747967479674,0.9898373983739838,0.2698121951219512,1.133399718006452,0.6,27.0,0.05555555555555555,30.0,False
env_odom_noise,0.15,0.10000000000000002,0.07999999999999999,0.12386653570934109,1.0121778189007196,-0.8076857238536846,0.9279959718026183,0.9919436052366566,0.2827395770392749,1.1717931926250458,0.5666666666666667,26.823529411764707,0.11764705882352941,30.0,False
