sweep_param,sweep_value,sigma_visible,odom_noise,mean_err_visible,mean_err_occluded,calibration_nll,coverage_1sigma,coverage_2sigma,coverage_deviation,mean_final_dist,advance_rate,mean_steps_to_advance,false_advance_rate,n_episodes,viable
baseline,,0.00010000000000000009,0.00010000000000000009,0.12497971508224924,0.8154234502625837,74.27256402760716,0.14371772805507746,0.23838209982788297,1.2551001721170396,0.3998473256826401,0.9,26.833333333333332,0.0,20.0,False
baseline,,0.00010000000000000009,0.00020706272838739032,0.12497971594969375,0.8154236330424557,59.52621146151298,0.16437177280550774,0.27796901893287435,1.1948592082616178,0.4007222443819046,0.9,26.833333333333332,0.0,20.0,False
baseline,,0.00010000000000000009,0.0004287497348723022,0.12497971595139486,0.8154312875262111,50.81024616294585,0.18932874354561102,0.3270223752151463,1.1208488812392425,0.41015608683228494,0.9,26.833333333333332,0.0,20.0,False
baseline,,0.00010000000000000009,0.0008877808989802905,0.12497971585922162,0.8142305817976753,46.09938450579273,0.23539518900343642,0.38316151202749144,1.0186432989690721,0.4275038655847311,0.9,26.88888888888889,0.0,20.0,False
baseline,,0.00010000000000000009,0.001838263351530691,0.12472451639581159,0.8058904260460937,43.468481575313824,0.2887563884156729,0.4616695059625213,0.8867741056218057,0.4195804938673973,0.85,26.470588235294116,0.0,20.0,False
baseline,,0.00010000000000000009,0.003806358250624933,0.12472451929069185,0.7988918197452014,42.22576548271278,0.35109983079526225,0.5279187817258884,0.7581813874788494,0.43897243819665166,0.85,26.705882352941178,0.0,20.0,False
baseline,,0.00010000000000000009,0.00788154924594252,0.12429889382737092,0.7846709410166718,41.24835661226218,0.43,0.5816666666666667,0.6255333333333333,0.43783502038568256,0.75,25.666666666666668,0.0,20.0,False
baseline,,0.00010000000000000009,0.01631975090784437,0.12393643649869829,0.7721846629411178,40.7444073338493,0.5032679738562091,0.6029411764705882,0.5309908496732026,0.5032781474292278,0.75,26.466666666666665,0.0,20.0,False
baseline,,0.00010000000000000009,0.03379212149580846,0.12369637934108858,0.7503540167299885,40.16404330632595,0.5516693163751988,0.615262321144674,0.47026836248012716,0.6034591928124428,0.7,26.785714285714285,0.0,20.0,False
baseline,,0.00010000000000000009,0.0699708887492028,0.12352997601761771,0.7260309399737792,39.854026089341495,0.5736196319018405,0.6219325153374233,0.44164785276073615,0.7786945082247257,0.6,26.666666666666668,0.0,20.0,False
baseline,,0.00010000000000000009,0.14488363132100487,0.1227355133175511,0.7037373808230769,39.19719132954021,0.5875370919881305,0.629080118694362,0.4205827893175075,1.030563634634018,0.5,26.4,0.0,20.0,False
baseline,,0.00010000000000000009,0.3,0.12224781406971802,0.6889139425747536,38.81156835627454,0.5936139332365747,0.6335268505079826,0.4100592162554426,1.2655986592173576,0.45,26.666666666666668,0.0,20.0,False
baseline,,0.00021690521830457365,0.00010000000000000009,0.12497971508224924,0.8154234502625837,41.664150550027095,0.1721170395869191,0.27969018932874357,1.1853927710843375,0.3998473256826401,0.9,26.833333333333332,0.0,20.0,False
baseline,,0.00021690521830457365,0.00020706272838739032,0.12497971569481463,0.8154237600656925,31.45541940391189,0.1901893287435456,0.31669535283993117,1.1303153184165233,0.4009254738688469,0.9,26.833333333333332,0.0,20.0,False
baseline,,0.00021690521830457365,0.0004287497348723022,0.12497971554020165,0.8154316606097415,24.601496303156704,0.21428571428571427,0.36058519793459554,1.0623290877796903,0.4108324982225895,0.9,26.833333333333332,0.0,20.0,False
baseline,,0.00021690521830457365,0.0008877808989802905,0.12497971564070762,0.8142345823318239,20.564807046898345,0.25859106529209624,0.4183848797250859,0.9602240549828178,0.4283167650923133,0.9,26.88888888888889,0.0,20.0,False
baseline,,0.00021690521830457365,0.001838263351530691,0.12472451692020459,0.8058955309909865,18.318897186321365,0.3091993185689949,0.49233390119250425,0.8356667802385008,0.4203379340469837,0.85,26.470588235294116,0.0,20.0,False
baseline,,0.00021690521830457365,0.003806358250624933,0.12472452018471743,0.7988984524960219,17.29099642200196,0.37140439932318103,0.5583756345177665,0.7074199661590524,0.4399054940789938,0.85,26.705882352941178,0.0,20.0,False
baseline,,0.00021690521830457365,0.00788154924594252,0.12429889398743156,0.7846757979922461,16.698841301813953,0.4508333333333333,0.6108333333333333,0.5755333333333333,0.43854283075779676,0.75,25.666666666666668,0.0,20.0,False
baseline,,0.00021690521830457365,0.01631975090784437,0.12393644028292229,0.7721883117956225,16.490742226702398,0.5236928104575164,0.6315359477124183,0.48197124183006534,0.5037655279040336,0.75,26.466666666666665,0.0,20.0,False
baseline,,0.00021690521830457365,0.03379212149580846,0.1236963814625326,0.7503569095969664,16.342828462430564,0.5715421303656598,0.643879173290938,0.42177869634340215,0.6038385942578316,0.7,26.785714285714285,0.0,20.0,False
baseline,,0.00021690521830457365,0.0699708887492028,0.1235299774368298,0.7260331435263403,16.360464141423368,0.593558282208589,0.6510736196319018,0.3925680981595092,0.778975261747837,0.6,26.666666666666668,0.0,20.0,False
baseline,,0.00021690521830457365,0.14488363132100487,0.12273551350331638,0.7037389196880237,16.24943388471506,0.607566765578635,0.6580118694362018,0.3716213649851632,1.0307351708412171,0.5,26.4,0.0,20.0,False
baseline,,0.00021690521830457365,0.3,0.12224781505886011,0.6889149613341216,16.280879666429016,0.6132075471698113,0.6618287373004355,0.36216371552975324,1.2656881228089332,0.45,26.666666666666668,0.0,20.0,False
baseline,,0.00047047873727754753,0.00010000000000000009,0.12497971508224924,0.8154234502625837,22.4235824037794,0.20912220309810672,0.3493975903614458,1.0786802065404475,0.3998473256826401,0.9,26.833333333333332,0.0,20.0,False
baseline,,0.00047047873727754753,0.00020706272838739032,0.12497971557295832,0.8154239799580824,16.48642293202005,0.22633390705679862,0.3803786574870912,1.0304874354561102,0.40151783600449564,0.9,26.833333333333332,0.0,20.0,False
baseline,,0.00047047873727754753,0.0004287497348723022,0.12497971537981611,0.815433108195411,11.809276597833122,0.2504302925989673,0.423407917383821,0.9633617900172117,0.41243703439831736,0.9,26.833333333333332,0.0,20.0,False
baseline,,0.00047047873727754753,0.0008877808989802905,0.12497971542064855,0.8142430779215623,8.691417162431664,0.28865979381443296,0.47680412371134023,0.8717360824742268,0.4300514832139015,0.9,26.88888888888889,0.0,20.0,False
baseline,,0.00047047873727754753,0.001838263351530691,0.12472451723857264,0.8059063858001869,6.84229869638965,0.33986371379897784,0.5468483816013628,0.7504879045996593,0.4219613790512085,0.85,26.470588235294116,0.0,20.0,False
baseline,,0.00047047873727754753,0.003806358250624933,0.12472451916461119,0.7989126027007385,5.975575760265949,0.3976311336717428,0.6142131979695431,0.625355668358714,0.44192604469135405,0.85,26.705882352941178,0.0,20.0,False
baseline,,0.00047047873727754753,0.00788154924594252,0.12429889352831491,0.7846862304527372,5.574478316082456,0.4766666666666667,0.6616666666666666,0.4988666666666667,0.4400702239945531,0.75,25.666666666666668,0.0,20.0,False
baseline,,0.00047047873727754753,0.01631975090784437,0.12393643630681384,0.7721962987476252,5.504529692096124,0.5490196078431373,0.6821895424836601,0.40599084967320254,0.504821065813303,0.75,26.466666666666665,0.0,20.0,False
baseline,,0.00047047873727754753,0.03379212149580846,0.12369638094967415,0.7503632364696754,5.553549070992625,0.5969793322734499,0.6947535771065183,0.3454670906200318,0.6046597853302955,0.7,26.785714285714285,0.0,20.0,False
baseline,,0.00047047873727754753,0.0699708887492028,0.12352997865591168,0.7260378484319094,5.719708670818018,0.6180981595092024,0.7016871165644172,0.31741472392638037,0.7795839115977288,0.6,26.666666666666668,0.0,20.0,False
baseline,,0.00047047873727754753,0.14488363132100487,0.12273551480014754,0.7037423156152899,5.85763764564193,0.6327893175074184,0.7077151335311572,0.29669554896142436,1.0311068549752236,0.5,26.4,0.0,20.0,False
baseline,,0.00047047873727754753,0.3,0.1222478138579904,0.6889169806930646,6.07899004091946,0.6378809869375908,0.7126269956458636,0.2866920174165456,1.2658821165561676,0.45,26.666666666666668,0.0,20.0,False
baseline,,0.001020492932168466,0.00010000000000000009,0.1249797151535365,0.8154234266298372,10.544190201232558,0.26592082616179,0.44320137693631667,0.9280777969018933,0.3999416448175907,0.9,26.833333333333332,0.0,20.0,False
baseline,,0.001020492932168466,0.00020706272838739032,0.12497971563366507,0.815425836877276,7.740530997701089,0.27969018932874357,0.47074010327022375,0.8867697074010327,0.4034891687333584,0.9,26.833333333333332,0.0,20.0,False
baseline,,0.001020492932168466,0.0004287497348723022,0.12497971524322606,0.8141986142237843,5.081600572356711,0.29467353951890035,0.5077319587628866,0.834794501718213,0.4124511804431677,0.9,26.88888888888889,0.0,20.0,False
baseline,,0.001020492932168466,0.0008877808989802905,0.12497971474921903,0.8142672536296643,2.99969954272403,0.3316151202749141,0.552405498281787,0.753179381443299,0.4342883135192096,0.9,26.88888888888889,0.0,20.0,False
baseline,,0.001020492932168466,0.001838263351530691,0.12472451701029698,0.8042609183959126,1.6161389449690293,0.3818027210884354,0.6190476190476191,0.6363496598639455,0.4151950504630804,0.85,26.529411764705884,0.0,20.0,False
baseline,,0.001020492932168466,0.003806358250624933,0.12472452011452638,0.7966028790309231,0.9153837220078028,0.44172297297297297,0.6798986486486487,0.5155783783783783,0.43471057834103705,0.85,26.764705882352942,0.0,20.0,False
baseline,,0.001020492932168466,0.00788154924594252,0.12429889176499782,0.7847087610086936,0.6374310077205653,0.5141666666666667,0.725,0.39803333333333335,0.4433492422103882,0.75,25.666666666666668,0.0,20.0,False
baseline,,0.001020492932168466,0.01631975090784437,0.12393643699923632,0.7701596650980761,0.6298486433852326,0.5848287112561175,0.7438825448613376,0.3084887438825449,0.4964471198618412,0.75,26.533333333333335,0.0,20.0,False
baseline,,0.001020492932168466,0.03379212149580846,0.12369638163710715,0.7503769918452219,0.7731291543905098,0.6319554848966613,0.7543720190779014,0.25087249602543726,0.6064367234706879,0.7,26.785714285714285,0.0,20.0,False
baseline,,0.001020492932168466,0.0699708887492028,0.12352997710382871,0.7260480694318749,1.0049625589988955,0.6526073619631901,0.75920245398773,0.22539018404907984,0.7809026822447777,0.6,26.666666666666668,0.0,20.0,False
baseline,,0.001020492932168466,0.14488363132100487,0.12273551321876272,0.7037499258490736,1.254782402151408,0.6669139465875371,0.7640949554896143,0.20619109792284862,1.031912437081337,0.5,26.4,0.0,20.0,False
baseline,,0.001020492932168466,0.3,0.12224781367202414,0.6889213884193375,1.5611881390439166,0.6727140783744557,0.7677793904208998,0.19670653120464443,1.2663024798035623,0.45,26.666666666666668,0.0,20.0,False
baseline,,0.0022135024223027535,0.00010000000000000009,0.12497971509314303,0.8154293213176167,3.527873341010007,0.33562822719449226,0.5817555938037866,0.7198161790017211,0.4049233250319958,0.9,26.833333333333332,0.0,20.0,False
baseline,,0.0022135024223027535,0.00020706272838739032,0.12497971536105733,0.8142077367620482,2.4966145276776,0.34621993127147765,0.6030927835051546,0.6878872852233677,0.40994273237884044,0.9,26.88888888888889,0.0,20.0,False
baseline,,0.0022135024223027535,0.0004287497348723022,0.12497971705880369,0.8142543282556425,1.2686801895529232,0.3711340206185567,0.6288659793814433,0.6372,0.42270085867494345,0.9,26.88888888888889,0.0,20.0,False
baseline,,0.0022135024223027535,0.0008877808989802905,0.12497971595656451,0.8094937162570686,0.10295218878054994,0.3972602739726027,0.675513698630137,0.5644260273972603,0.4228455486241728,0.9,27.0,0.0,20.0,False
baseline,,0.0022135024223027535,0.001838263351530691,0.12472451929135164,0.8043393004715895,-0.7642073831082669,0.4413265306122449,0.7253401360544217,0.47053333333333336,0.4250293914228678,0.85,26.529411764705884,0.0,20.0,False
baseline,,0.0022135024223027535,0.003806358250624933,0.12472451934597457,0.7947269656545982,-1.2635458867675857,0.4991568296795953,0.7774030354131535,0.3606401349072512,0.4325905334204435,0.85,26.823529411764707,0.0,20.0,False
baseline,,0.0022135024223027535,0.00788154924594252,0.12429889151773624,0.7847559989812948,-1.4496024406064858,0.5683333333333334,0.8166666666666667,0.2522,0.45031322725117207,0.75,25.666666666666668,0.0,20.0,False
baseline,,0.0022135024223027535,0.01631975090784437,0.1239364393169046,0.7701968645302784,-1.4140124744387732,0.6353996737357259,0.8311582381729201,0.17064208809135395,0.5013858377933502,0.75,26.533333333333335,0.0,20.0,False
baseline,,0.0022135024223027535,0.03379212149580846,0.12369638107190856,0.7504063877181057,-1.2354398665411472,0.6812400635930048,0.8418124006359301,0.11414753577106507,0.6102711617946625,0.7,26.785714285714285,0.0,20.0,True
baseline,,0.0022135024223027535,0.0699708887492028,0.12352997688291252,0.7260703401889212,-0.9767001388451496,0.700920245398773,0.8458588957055214,0.12686134969325158,0.7734262719750404,0.55,25.545454545454547,0.0,20.0,False
baseline,,0.0022135024223027535,0.14488363132100487,0.1227355139740727,0.7037661886094508,-0.6786381566671776,0.7136498516320475,0.8508902077151336,0.134559643916914,1.033656819164753,0.5,26.4,0.0,20.0,False
baseline,,0.0022135024223027535,0.3,0.12224781550513848,0.6889309203247165,-0.3357888017195722,0.7191582002902758,0.8534107402031931,0.13754746008708274,1.2672136306762696,0.45,26.666666666666668,0.0,20.0,False
baseline,,0.004801202261272809,0.00010000000000000009,0.12450361326577607,0.8089682377436955,-0.1347553250073722,0.4574829931972789,0.7406462585034014,0.4390707482993197,0.3905328892171383,0.85,26.529411764705884,0.0,20.0,False
baseline,,0.004801202261272809,0.00020706272838739032,0.12450361427419293,0.8089884144139964,-0.4500889792074314,0.4685374149659864,0.7474489795918368,0.42121360544217684,0.3963749503251165,0.85,26.529411764705884,0.0,20.0,False
baseline,,0.004801202261272809,0.0004287497348723022,0.12450361476149296,0.8066493338065415,-0.8969002570407472,0.4855687606112054,0.766553480475382,0.3850777589134126,0.3972549895755947,0.85,26.58823529411765,0.0,20.0,False
baseline,,0.004801202261272809,0.0008877808989802905,0.12450361495579966,0.7996930927158957,-1.3966142072217196,0.5067453625632378,0.7925801011804384,0.3378745362563238,0.39477993845939635,0.85,26.823529411764707,0.0,20.0,False
baseline,,0.004801202261272809,0.001838263351530691,0.12450361575895863,0.7979831298532029,-1.8384577456465312,0.5395622895622896,0.8341750841750841,0.2634626262626263,0.41592597365379336,0.85,26.88235294117647,0.0,20.0,False
baseline,,0.004801202261272809,0.003806358250624933,0.12450361592500658,0.7885157113864245,-2.130105048816684,0.5909849749582637,0.8806343906510852,0.16558063439065107,0.4131174869835377,0.8,26.4375,0.0,20.0,False
baseline,,0.004801202261272809,0.00788154924594252,0.12393784854085631,0.7822342864933904,-2.2356410843178436,0.6532125205930808,0.9060955518945635,0.07789192751235574,0.43045946173369887,0.75,26.133333333333333,0.0,20.0,True
baseline,,0.004801202261272809,0.01631975090784437,0.12372484098609036,0.7647438127747872,-2.165327997517602,0.7144012944983819,0.9166666666666666,0.06953462783171527,0.49724229127168657,0.75,26.866666666666667,0.0,20.0,True
baseline,,0.004801202261272809,0.03379212149580846,0.12348932760801512,0.7492805032167722,-1.9685687935478853,0.7563291139240507,0.9256329113924051,0.1024962025316456,0.6287185437977314,0.7,27.0,0.0,20.0,True
baseline,,0.004801202261272809,0.0699708887492028,0.1233288845503505,0.7233415421100166,-1.700246516992463,0.7728658536585366,0.9275914634146342,0.11707439024390243,0.7862215608358383,0.55,25.90909090909091,0.0,20.0,False
baseline,,0.004801202261272809,0.14488363132100487,0.1225874233599997,0.6976916084303569,-1.3845142796574323,0.7848751835535976,0.9317180616740088,0.12495712187958885,1.0293157897889613,0.5,27.1,0.0,20.0,False
baseline,,0.004801202261272809,0.3,0.12206092268016605,0.6834876950418322,-1.0227031261792188,0.7899280575539568,0.9330935251798561,0.12863453237410072,1.2709734201431275,0.45,27.333333333333332,0.0,20.0,False
baseline,,0.010414058246057912,0.00010000000000000009,0.1243160134789759,0.79708028701417,-1.720509806235077,0.6040268456375839,0.8682885906040269,0.16488456375838922,0.4241707127541304,0.8,26.25,0.0,20.0,False
baseline,,0.010414058246057912,0.00020706272838739032,0.12431601339237683,0.7970942943493694,-1.7952091907711534,0.6098993288590604,0.8741610738255033,0.15313959731543625,0.42843790389597414,0.8,26.25,0.0,20.0,False
baseline,,0.010414058246057912,0.0004287497348723022,0.12431601189670083,0.7971223918033812,-1.9153765689672015,0.6208053691275168,0.8825503355704698,0.13384429530201336,0.436847335472703,0.8,26.25,0.0,20.0,True
baseline,,0.010414058246057912,0.0008877808989802905,0.12421525020416731,0.7930561299779435,-2.0840475959248574,0.6393989983305509,0.9056761268781303,0.09212487479131881,0.4195840638130903,0.8,26.4375,0.0,20.0,True
baseline,,0.010414058246057912,0.001838263351530691,0.12421525001491522,0.7914715910710258,-2.250732453794241,0.6658333333333334,0.9341666666666667,0.0371999999999999,0.4417229678481817,0.8,26.5,0.0,20.0,True
baseline,,0.010414058246057912,0.003806358250624933,0.12416964662006175,0.786645660674097,-2.37052835165603,0.7090909090909091,0.9545454545454546,0.026436363636363702,0.44589540287852286,0.75,26.0,0.0,20.0,True
baseline,,0.010414058246057912,0.00788154924594252,0.12375481204467038,0.7740825809821927,-2.3926599875409087,0.7528548123980424,0.9649265905383361,0.0805814029363785,0.470245192758739,0.75,26.533333333333335,0.0,20.0,True
baseline,,0.010414058246057912,0.01631975090784437,0.12370231335646456,0.7619915806348188,-2.2987087477804633,0.8086816720257235,0.9734726688102894,0.14495434083601288,0.5374318949878216,0.7,26.285714285714285,0.0,20.0,True
baseline,,0.010414058246057912,0.03379212149580846,0.12320034994469357,0.7426483263749748,-2.1028471637277324,0.8463949843260188,0.9788401253918495,0.1880351097178683,0.6526215992867946,0.65,26.53846153846154,0.0,20.0,False
baseline,,0.010414058246057912,0.0699708887492028,0.12315520069432771,0.7181404721762855,-1.8302722386254273,0.8585476550680786,0.9795763993948563,0.20092405446293493,0.8307044737040996,0.55,26.363636363636363,0.0,20.0,False
baseline,,0.010414058246057912,0.14488363132100487,0.12216611680669158,0.6957794703261205,-1.519094289212764,0.8686131386861314,0.9817518248175182,0.21316496350364966,1.0701349340379238,0.45,26.22222222222222,0.0,20.0,False
baseline,,0.010414058246057912,0.3,0.12171610321856378,0.6810968851679687,-1.1587837205273548,0.8721428571428571,0.9821428571428571,0.21708571428571422,1.3121651493012905,0.45,27.88888888888889,0.0,20.0,False
baseline,,0.02258863577297737,0.00010000000000000009,0.12438575016624215,0.7887725764288978,-2.1559753746994876,0.7512396694214876,0.9578512396694215,0.07189090909090912,0.489326049387455,0.7,25.071428571428573,0.0,20.0,True
baseline,,0.02258863577297737,0.00020706272838739032,0.12438574995464156,0.7869080061225054,-2.16937529408815,0.7541254125412541,0.9595709570957096,0.07649636963696371,0.48260513208806516,0.7,25.142857142857142,0.0,20.0,True
baseline,,0.02258863577297737,0.0004287497348723022,0.12438575270678576,0.7869293856183674,-2.190352738947924,0.759075907590759,0.9653465346534653,0.08722244224422437,0.49050614312291146,0.7,25.142857142857142,0.0,20.0,True
baseline,,0.02258863577297737,0.0008877808989802905,0.12454252333690385,0.7838842911907594,-2.2222586041310977,0.7660098522167488,0.9712643678160919,0.10007422003284072,0.48088132552802565,0.7,25.357142857142858,0.0,20.0,True
baseline,,0.02258863577297737,0.001838263351530691,0.12454252268527496,0.7822659469342539,-2.2561087107552655,0.7885245901639344,0.9770491803278688,0.1283737704918032,0.4964415656402707,0.7,25.428571428571427,0.0,20.0,True
baseline,,0.02258863577297737,0.003806358250624933,0.12454252262373486,0.7764838908421198,-2.2728761083757916,0.8140293637846656,0.9861337683523654,0.16296313213703106,0.5178925056010485,0.7,25.642857142857142,0.0,20.0,False
baseline,,0.02258863577297737,0.00788154924594252,0.12391779846471948,0.7695665635061003,-2.242075567960381,0.8570274636510501,0.9894991922455574,0.20932665589660748,0.5474195785820484,0.65,25.076923076923077,0.0,20.0,False
baseline,,0.02258863577297737,0.01631975090784437,0.12391779805758475,0.7568062542020462,-2.126839199729856,0.9003189792663477,0.9944178628389154,0.2575368421052632,0.6335019156336784,0.65,25.692307692307693,0.0,20.0,False
baseline,,0.02258863577297737,0.03379212149580846,0.12339930533831162,0.7378814728959223,-1.9415654020314055,0.9231366459627329,0.9976708074534162,0.2836074534161491,0.7275508359074593,0.6,26.0,0.0,20.0,False
baseline,,0.02258863577297737,0.0699708887492028,0.12323216171058546,0.7150142223845554,-1.685816420289289,0.9324324324324325,0.9984984984984985,0.29373093093093094,0.9231361001729965,0.55,26.818181818181817,0.0,20.0,False
baseline,,0.02258863577297737,0.14488363132100487,0.12237402120031612,0.6942758482373729,-1.3801717584902953,0.940406976744186,1.0,0.30320697674418606,1.1725514605641365,0.45,26.555555555555557,0.0,20.0,False
baseline,,0.02258863577297737,0.3,0.12181678650991651,0.6755741043245347,-1.02845123317415,0.9430379746835443,1.0,0.30583797468354434,1.3548525601625443,0.4,27.875,0.0,20.0,False
baseline,,0.04899592973540154,0.00010000000000000009,0.12415194158761708,0.7703376876178831,-1.9876724727333879,0.8846774193548387,0.9862903225806452,0.23376774193548389,0.6294086616486311,0.65,25.153846153846153,0.0,20.0,False
baseline,,0.04899592973540154,0.00020706272838739032,0.12415194206526586,0.7703471298101914,-1.9875001583639254,0.885483870967742,0.9862903225806452,0.23457419354838716,0.6318829618394375,0.65,25.153846153846153,0.0,20.0,False
baseline,,0.04899592973540154,0.0004287497348723022,0.12415194274935151,0.7703667167952185,-1.9868199724511921,0.8887096774193548,0.9862903225806452,0.2378,0.6370429664850235,0.65,25.153846153846153,0.0,20.0,False
baseline,,0.04899592973540154,0.0008877808989802905,0.1241519409696118,0.7704070292930485,-1.9842897474973886,0.8943548387096775,0.9870967741935484,0.24425161290322583,0.6478635285049676,0.65,25.153846153846153,0.0,20.0,False
baseline,,0.04899592973540154,0.001838263351530691,0.12415194182537839,0.76902520304563,-1.9760952014565598,0.9009661835748792,0.9903381642512077,0.25410434782608693,0.6620585054159165,0.65,25.23076923076923,0.0,20.0,False
baseline,,0.04899592973540154,0.003806358250624933,0.12372626618568422,0.7628848835786544,-1.9591827407360887,0.9265175718849841,0.9920127795527156,0.2813303514376997,0.6540436245501041,0.65,25.615384615384617,0.0,20.0,False
baseline,,0.04899592973540154,0.00788154924594252,0.12372626557751298,0.756371355821536,-1.9044890933381273,0.9507936507936507,0.9936507936507937,0.30724444444444443,0.6904633454978466,0.6,24.833333333333332,0.0,20.0,False
baseline,,0.04899592973540154,0.01631975090784437,0.12361425548492488,0.7436101004358685,-1.7973548533581598,0.9647887323943662,0.9960876369327074,0.32367636932707367,0.7555512920022011,0.6,25.583333333333332,0.0,20.0,False
baseline,,0.04899592973540154,0.03379212149580846,0.12299011380694135,0.7315024528638745,-1.630960846171047,0.9762633996937213,0.9977029096477795,0.33676630934150087,0.869269423186779,0.55,25.636363636363637,0.0,20.0,False
baseline,,0.04899592973540154,0.0699708887492028,0.12277572359966812,0.7074774670941304,-1.3964867469952065,0.9807407407407407,0.9992592592592593,0.3428,1.0612942054867744,0.5,26.5,0.0,20.0,False
baseline,,0.04899592973540154,0.14488363132100487,0.12194607808431948,0.6805576690208447,-1.09075344736528,0.9864479315263909,1.0,0.3492479315263909,1.2995282039046288,0.45,28.0,0.0,20.0,False
baseline,,0.04899592973540154,0.3,0.12169835794527084,0.6761439760779102,-0.7755171282055703,0.9874125874125874,1.0,0.35021258741258743,1.5079786151647567,0.4,28.375,0.0,20.0,False
baseline,,0.10627472835292812,0.00010000000000000009,0.12342277508539685,0.7425576143013201,-1.5376318801977198,0.9666149068322981,0.9937888198757764,0.3232037267080745,0.8474311172962189,0.6,26.0,0.0,20.0,False
baseline,,0.10627472835292812,0.00020706272838739032,0.12342277583060432,0.7425663725357415,-1.536127184861332,0.968167701863354,0.9945652173913043,0.3255329192546583,0.8493909299373626,0.6,26.0,0.0,20.0,False
baseline,,0.10627472835292812,0.0004287497348723022,0.12342277264473028,0.7425843061077131,-1.5330156715336472,0.968167701863354,0.9945652173913043,0.3255329192546583,0.8534510441124439,0.6,26.0,0.0,20.0,False
baseline,,0.10627472835292812,0.0008877808989802905,0.12342277402584917,0.7426216831077864,-1.5265974145197003,0.96972049689441,0.9945652173913043,0.3270857142857143,0.8618525408208371,0.6,26.0,0.0,20.0,False
baseline,,0.10627472835292812,0.001838263351530691,0.12342277439888358,0.7426978069818756,-1.5134583954052503,0.9704968944099379,0.9945652173913043,0.32786211180124225,0.879161661118269,0.6,26.0,0.0,20.0,False
baseline,,0.10627472835292812,0.003806358250624933,0.1234227745557354,0.7392873716607147,-1.488837376512508,0.9752321981424149,0.9953560371517027,0.33338823529411765,0.8953116856515407,0.6,26.166666666666668,0.0,20.0,False
baseline,,0.10627472835292812,0.00788154924594252,0.1234227760413789,0.7331979296252459,-1.4391165599419484,0.9807692307692307,0.9969230769230769,0.34049230769230765,0.9219407811760902,0.55,25.363636363636363,0.0,20.0,False
baseline,,0.10627472835292812,0.01631975090784437,0.12304333448534494,0.7258101949934715,-1.3528734332215955,0.9886018237082067,0.9984802431610942,0.3498820668693009,0.9827514871954918,0.55,26.09090909090909,0.0,20.0,False
baseline,,0.10627472835292812,0.03379212149580846,0.12317463957228526,0.7135685938820792,-1.2152174156318947,0.9918032786885246,0.9985096870342772,0.3531129657228018,1.0996947273612023,0.55,27.272727272727273,0.0,20.0,False
baseline,,0.10627472835292812,0.0699708887492028,0.12195946677051146,0.6983528366734363,-1.0195771889788452,0.994927536231884,1.0,0.357727536231884,1.3037849128246308,0.5,28.0,0.0,20.0,False
baseline,,0.10627472835292812,0.14488363132100487,0.1214126502293685,0.6767108649771439,-0.7522004035951464,0.9978991596638656,1.0,0.36069915966386557,1.5213108614087105,0.4,28.25,0.0,20.0,False
baseline,,0.10627472835292812,0.3,0.12165923384764757,0.6749913704290289,-0.4330046487205374,0.9986301369863013,1.0,0.36143013698630133,1.7203182488679887,0.3,27.333333333333332,0.0,20.0,False
baseline,,0.23051543153651136,0.00010000000000000009,0.12329260623163782,0.7082676561557701,-0.9459089546798997,0.9881305637982196,0.9985163204747775,0.3494468842729971,1.295333319157362,0.55,27.545454545454547,0.0,20.0,False
baseline,,0.23051543153651136,0.00020706272838739032,0.12329260820541742,0.7082754480422436,-0.9448478060554633,0.9888724035608308,0.9985163204747775,0.3501887240356083,1.2969399742782115,0.55,27.545454545454547,0.0,20.0,False
baseline,,0.23051543153651136,0.0004287497348723022,0.12298400218326618,0.7082917134310638,-0.9434351779359609,0.9896296296296296,0.9985185185185185,0.3509481481481481,1.2940058067440987,0.55,27.636363636363637,0.0,20.0,False
baseline,,0.23051543153651136,0.0008877808989802905,0.122984002492966,0.7083252173447147,-0.9389552307824528,0.9903703703703703,0.9985185185185185,0.35168888888888883,1.3007119730114938,0.55,27.636363636363637,0.0,20.0,False
baseline,,0.23051543153651136,0.001838263351530691,0.12265419032828932,0.7083942996251016,-0.9314034991954133,0.9903988183161004,0.9985228951255539,0.35172171344165437,1.2978686466813087,0.55,27.818181818181817,0.0,20.0,False
baseline,,0.23051543153651136,0.003806358250624933,0.12262032291264831,0.7085356453149939,-0.9148240748314324,0.9904270986745214,0.9985272459499264,0.35175434462444777,1.3092659324407578,0.55,28.0,0.0,20.0,False
baseline,,0.23051543153651136,0.00788154924594252,0.12246468857591311,0.7078420044460683,-0.8813924144031129,0.9926578560939795,0.9985315712187959,0.3539894273127754,1.3497828617691994,0.55,28.181818181818183,0.0,20.0,False
baseline,,0.23051543153651136,0.01631975090784437,0.12282591505819432,0.6965466959439399,-0.8224840620513709,0.9927536231884058,0.9992753623188406,0.3548289855072464,1.390071128308773,0.55,29.0,0.0,20.0,False
baseline,,0.23051543153651136,0.03379212149580846,0.12152075159844604,0.6852022373894111,-0.7233118172036908,0.9943262411347518,0.999290780141844,0.3564170212765958,1.464970128238201,0.45,28.444444444444443,0.0,20.0,False
baseline,,0.23051543153651136,0.0699708887492028,0.12155285936093047,0.6730905293985628,-0.5648267720761733,0.9965373961218836,1.0,0.35933739612188365,1.6643635481595993,0.4,29.25,0.0,20.0,False
baseline,,0.23051543153651136,0.14488363132100487,0.12177206462286194,0.6709076529047355,-0.33665087712678676,0.9986468200270636,1.0,0.36144682002706363,1.884848116338253,0.3,28.833333333333332,0.0,20.0,False
baseline,,0.23051543153651136,0.3,0.12224300146467967,0.6732577511083045,-0.06624592513851356,0.9993252361673415,1.0,0.3621252361673415,2.0719636127352716,0.3,29.166666666666668,0.0,20.0,False
baseline,,0.5,0.00010000000000000009,0.12179305227774834,0.6696500401761494,-0.298967948912832,0.9952510176390773,1.0,0.3580510176390773,1.9590867338702083,0.35,30.0,0.0,20.0,False
baseline,,0.5,0.00020706272838739032,0.1217930497750041,0.6696578631927504,-0.29838284524688535,0.9952510176390773,1.0,0.3580510176390773,1.9603545110672713,0.35,30.0,0.0,20.0,False
baseline,,0.5,0.0004287497348723022,0.12179304991227959,0.6696741345726986,-0.297174552567133,0.9952510176390773,1.0,0.3580510176390773,1.9629762891680003,0.35,30.0,0.0,20.0,False
baseline,,0.5,0.0008877808989802905,0.12179305228681302,0.6697077562293426,-0.2946866467349588,0.9959294436906377,1.0,0.35872944369063775,1.9683935146778822,0.35,30.0,0.0,20.0,False
baseline,,0.5,0.001838263351530691,0.12179304947864548,0.6697772987626044,-0.2895937966009504,0.9959294436906377,1.0,0.35872944369063775,1.9795573169365526,0.35,30.0,0.0,20.0,False
baseline,,0.5,0.003806358250624933,0.1217930495514053,0.6685346129506188,-0.2798272961807036,0.9959349593495935,1.0,0.35873495934959354,1.9957829894497991,0.35,30.142857142857142,0.0,20.0,False
baseline,,0.5,0.00788154924594252,0.1217226147086871,0.6688309396868635,-0.2600312596467025,0.9959404600811907,1.0,0.35874046008119076,2.0360660150647165,0.35,30.285714285714285,0.0,20.0,False
baseline,,0.5,0.01631975090784437,0.1218327440522437,0.6653338038805934,-0.22368111258858756,0.9966442953020134,1.0,0.3594442953020134,2.0935503490269185,0.35,31.142857142857142,0.0,20.0,False
baseline,,0.5,0.03379212149580846,0.12223941008864564,0.6628662179116811,-0.15456156067171817,0.9973684210526316,1.0,0.3601684210526316,2.1955982975661756,0.3,32.333333333333336,0.0,20.0,False
baseline,,0.5,0.0699708887492028,0.12213827546256469,0.6637637865853406,-0.040260683470703516,0.9986893840104849,1.0,0.3614893840104849,2.3692034356296063,0.25,31.6,0.0,20.0,False
baseline,,0.5,0.14488363132100487,0.12227195499790973,0.6631028515302098,0.12544180768998756,0.9986979166666666,1.0,0.36149791666666664,2.493269096314907,0.25,32.6,0.0,20.0,False
baseline,,0.5,0.3,0.12227195689963337,0.660544157596728,0.35036418695620486,1.0,1.0,0.3628,2.5729436211287977,0.25,33.2,0.0,20.0,False
env_odom_noise,0.0,0.00010000000000000009,0.00010000000000000009,0.12483132679437005,0.7183537280937085,51.65849143329346,0.20948275862068966,0.32155172413793104,1.1061655172413793,0.38010685965418817,0.9,26.77777777777778,0.0,20.0,False
env_odom_noise,0.0,0.00010000000000000009,0.00020706272838739032,0.12483132717578678,0.7183537257028617,47.026128230389496,0.23706896551724138,0.3612068965517241,1.0389241379310346,0.38102798387408254,0.9,26.77777777777778,0.0,20.0,False
env_odom_noise,0.0,0.00010000000000000009,0.0004287497348723022,0.12483132688693752,0.7183537159701833,44.18480955289415,0.27413793103448275,0.4206896551724138,0.9423724137931033,0.3907235525548458,0.9,26.77777777777778,0.0,20.0,False
env_odom_noise,0.0,0.00010000000000000009,0.0008877808989802905,0.12504850729494646,0.7163371233887026,42.826410808315636,0.32044673539518903,0.47508591065292094,0.84166735395189,0.39583381488919256,0.9,26.88888888888889,0.0,20.0,False
env_odom_noise,0.0,0.00010000000000000009,0.001838263351530691,0.12479215149360241,0.7119998202928378,41.97652957791504,0.38290598290598293,0.5341880341880342,0.7201059829059828,0.4125594228506088,0.9,27.055555555555557,0.0,20.0,False
env_odom_noise,0.0,0.00010000000000000009,0.003806358250624933,0.1247245185489332,0.7022661992518519,41.453389574207215,0.43993231810490696,0.5761421319796954,0.6211255499153976,0.41887620389461516,0.85,26.705882352941178,0.0,20.0,False
env_odom_noise,0.0,0.00010000000000000009,0.00788154924594252,0.12429889312883972,0.6905412381673446,41.015525865200104,0.5075250836120402,0.6028428093645485,0.5268321070234113,0.4515003427863121,0.8,26.375,0.0,20.0,False
env_odom_noise,0.0,0.00010000000000000009,0.01631975090784437,0.12415168024231625,0.6765787123771744,40.747531588490475,0.5467980295566502,0.6116584564860427,0.4787435139573071,0.50828927308321,0.75,26.266666666666666,0.0,20.0,False
env_odom_noise,0.0,0.00010000000000000009,0.03379212149580846,0.12369638088490345,0.6504318029652799,40.07510104740527,0.5723370429252782,0.6176470588235294,0.44721589825119235,0.5871490187942981,0.7,26.785714285714285,0.0,20.0,False
env_odom_noise,0.0,0.00010000000000000009,0.0699708887492028,0.12369499641148433,0.6216085503146077,39.65698525846593,0.5856269113149847,0.6253822629969419,0.4261908256880734,0.7547838717699051,0.6,26.833333333333332,0.0,20.0,False
env_odom_noise,0.0,0.00010000000000000009,0.14488363132100487,0.12273551485563011,0.6017561292275919,39.12094869949679,0.5903703703703703,0.6296296296296297,0.4172,1.0233576029539109,0.5,26.5,0.0,20.0,False
env_odom_noise,0.0,0.00010000000000000009,0.3,0.12224781567542985,0.5837208931647112,38.6346549554056,0.596820809248555,0.6351156069364162,0.4052635838150288,1.2427038118243217,0.45,27.0,0.0,20.0,False
env_odom_noise,0.0,0.00021690521830457365,0.00010000000000000009,0.12483132679437005,0.7183537280937085,23.55135608174537,0.23793103448275862,0.3629310344827586,1.0363379310344827,0.38010685965418817,0.9,26.77777777777778,0.0,20.0,False
env_odom_noise,0.0,0.00021690521830457365,0.00020706272838739032,0.12483132708860799,0.7183537256766632,20.6539325316783,0.2629310344827586,0.4025862068965517,0.9716827586206898,0.3812299117445946,0.9,26.77777777777778,0.0,20.0,False
env_odom_noise,0.0,0.00021690521830457365,0.0004287497348723022,0.12483132744198622,0.7183537084251668,18.610751176925554,0.2956896551724138,0.46206896551724136,0.8794413793103448,0.39143300205469134,0.9,26.77777777777778,0.0,20.0,False
env_odom_noise,0.0,0.00021690521830457365,0.0008877808989802905,0.12504850687638855,0.7163370462380019,17.471070644694667,0.3427835051546392,0.5094501718213058,0.784966323024055,0.39692809879779817,0.9,26.88888888888889,0.0,20.0,False
env_odom_noise,0.0,0.00021690521830457365,0.001838263351530691,0.12479215093897714,0.7119997778745488,16.8239005906938,0.4042735042735043,0.5666666666666667,0.6662598290598291,0.4135745421051979,0.9,27.055555555555557,0.0,20.0,False
env_odom_noise,0.0,0.00021690521830457365,0.003806358250624933,0.12472451960415547,0.700296752119077,16.491555977540585,0.4594594594594595,0.6089527027027027,0.5687878378378377,0.40838179290294646,0.85,26.764705882352942,0.0,20.0,False
env_odom_noise,0.0,0.00021690521830457365,0.00788154924594252,0.12429889322909161,0.690541273398127,16.385859270243262,0.5284280936454849,0.6321070234113713,0.4766648829431438,0.4522320918738842,0.8,26.375,0.0,20.0,False
env_odom_noise,0.0,0.00021690521830457365,0.01631975090784437,0.1241516819177526,0.6765787419152689,16.390914139645606,0.5673234811165846,0.6403940886699507,0.42948243021346466,0.508827518671751,0.75,26.266666666666666,0.0,20.0,False
env_odom_noise,0.0,0.00021690521830457365,0.03379212149580846,0.12369638199193037,0.6504318379330039,16.253990896792505,0.5914149443561209,0.6462639109697933,0.39952114467408584,0.5875426702201366,0.7,26.785714285714285,0.0,20.0,False
env_odom_noise,0.0,0.00021690521830457365,0.0699708887492028,0.12369499354170746,0.6216084978842384,16.25709386425545,0.6055045871559633,0.654434250764526,0.37726116207951066,0.7550705388188362,0.6,26.833333333333332,0.0,20.0,False
env_odom_noise,0.0,0.00021690521830457365,0.14488363132100487,0.12273551209790232,0.6017561530397488,16.20719240563941,0.6103703703703703,0.6585185185185185,0.36831111111111114,1.0235293507575989,0.5,26.5,0.0,20.0,False
env_odom_noise,0.0,0.00021690521830457365,0.3,0.12224781473230326,0.5837208650569143,16.20164350556659,0.6163294797687862,0.6632947976878613,0.35757572254335257,1.242794406414032,0.45,27.0,0.0,20.0,False
env_odom_noise,0.0,0.00047047873727754753,0.00010000000000000009,0.12483132679437005,0.7183537280937085,9.392417852011285,0.2775862068965517,0.4370689655172414,0.9225448275862069,0.38010685965418817,0.9,26.77777777777778,0.0,20.0,False
env_odom_noise,0.0,0.00047047873727754753,0.00020706272838739032,0.12483132737683071,0.7183537260992652,7.884526122919151,0.2991379310344828,0.475,0.8630620689655173,0.381829297542572,0.9,26.77777777777778,0.0,20.0,False
env_odom_noise,0.0,0.00047047873727754753,0.0004287497348723022,0.12483132649827602,0.7183537238844857,6.652618643630643,0.3310344827586207,0.5241379310344828,0.7820275862068965,0.3931396685540676,0.9,26.77777777777778,0.0,20.0,False
env_odom_noise,0.0,0.00047047873727754753,0.0008877808989802905,0.12504850694530606,0.7163370590949393,5.854486214471369,0.3754295532646048,0.5687285223367697,0.6930419243986254,0.3992577262222767,0.9,26.88888888888889,0.0,20.0,False
env_odom_noise,0.0,0.00047047873727754753,0.001838263351530691,0.12479215167138327,0.7119998127277246,5.394885173820794,0.4341880341880342,0.6256410256410256,0.5773709401709402,0.41574998646974565,0.9,27.055555555555557,0.0,20.0,False
env_odom_noise,0.0,0.00047047873727754753,0.003806358250624933,0.12472451865502371,0.7002968033621881,5.212086901050995,0.48817567567567566,0.6621621621621622,0.48686216216216216,0.4105309471487999,0.85,26.764705882352942,0.0,20.0,False
env_odom_noise,0.0,0.00047047873727754753,0.00788154924594252,0.12429889375788188,0.6905412360466783,5.22842042470651,0.5560200668896321,0.6839464882943144,0.3972334448160535,0.4538100466132164,0.8,26.375,0.0,20.0,False
env_odom_noise,0.0,0.00047047873727754753,0.01631975090784437,0.12415168050781517,0.6765787731206838,5.358289828968822,0.5935960591133005,0.6912972085385879,0.3523067323481116,0.5099919512867928,0.75,26.266666666666666,0.0,20.0,False
env_odom_noise,0.0,0.00047047873727754753,0.03379212149580846,0.12369637995820475,0.6504318270141329,5.464937974855129,0.6168521462639109,0.6971383147853736,0.32320953895071547,0.5883963130414486,0.7,26.785714285714285,0.0,20.0,False
env_odom_noise,0.0,0.00047047873727754753,0.0699708887492028,0.1236949935211467,0.6216085604629185,5.658349968339141,0.6299694189602446,0.7048929663608563,0.3023376146788991,0.7556925699114799,0.6,26.833333333333332,0.0,20.0,False
env_odom_noise,0.0,0.00047047873727754753,0.14488363132100487,0.12273551397239146,0.6017561069853444,5.830804327189047,0.6355555555555555,0.7081481481481482,0.29349629629629626,1.0239020630717277,0.5,26.5,0.0,20.0,False
env_odom_noise,0.0,0.00047047873727754753,0.3,0.12224781400251006,0.583720859420713,6.0439858182578305,0.6408959537572254,0.7138728323699421,0.28243121387283243,1.2429909348487853,0.45,27.0,0.0,20.0,False
env_odom_noise,0.0,0.001020492932168466,0.00010000000000000009,0.12483132691486036,0.7183537258161563,2.2307277179601064,0.3353448275862069,0.5353448275862069,0.7665103448275862,0.3802259176969528,0.9,26.77777777777778,0.0,20.0,False
env_odom_noise,0.0,0.001020492932168466,0.00020706272838739032,0.124831326666813,0.7183537161251492,1.5952079516845579,0.3560344827586207,0.5775862068965517,0.7035793103448276,0.3838449440896511,0.9,26.77777777777778,0.0,20.0,False
env_odom_noise,0.0,0.001020492932168466,0.0004287497348723022,0.12483132684587396,0.7183536899100519,0.9933100317913719,0.3793103448275862,0.6094827586206897,0.6484068965517241,0.3976274639368057,0.9,26.77777777777778,0.0,20.0,False
env_odom_noise,0.0,0.001020492932168466,0.0008877808989802905,0.1250485061025671,0.7163371045668608,0.5477695518896362,0.42353951890034364,0.6426116838487973,0.5710487972508591,0.4048542082309723,0.9,26.88888888888889,0.0,20.0,False
env_odom_noise,0.0,0.001020492932168466,0.001838263351530691,0.12479215257768121,0.7119997779581997,0.27897375421861537,0.48034188034188036,0.694017094017094,0.46284102564102564,0.4103302374482155,0.85,26.352941176470587,0.0,20.0,False
env_odom_noise,0.0,0.001020492932168466,0.003806358250624933,0.12429889240907893,0.6982396723379037,0.18253363029807207,0.5336700336700336,0.7264309764309764,0.37709898989898993,0.39354547038674353,0.85,26.88235294117647,0.0,20.0,False
env_odom_noise,0.0,0.001020492932168466,0.00788154924594252,0.12429889291931305,0.6905412570054709,0.2833466223534935,0.5944816053511706,0.7449832775919732,0.2977351170568562,0.4459711521863937,0.75,25.533333333333335,0.0,20.0,False
env_odom_noise,0.0,0.001020492932168466,0.01631975090784437,0.12415168064050953,0.676578728948405,0.46987751686243434,0.6288998357963875,0.7520525451559934,0.25624761904761906,0.5125040955841541,0.75,26.266666666666666,0.0,20.0,False
env_odom_noise,0.0,0.001020492932168466,0.03379212149580846,0.12369638138258383,0.6504318280976605,0.6850035435172109,0.651033386327504,0.7567567567567568,0.22940985691573923,0.5902429565787315,0.7,26.785714285714285,0.0,20.0,False
env_odom_noise,0.0,0.001020492932168466,0.0699708887492028,0.12369499574291228,0.6216085053221013,0.9618498182389483,0.6643730886850153,0.7622324159021406,0.21059449541284403,0.7570393905043602,0.6,26.833333333333332,0.0,20.0,False
env_odom_noise,0.0,0.001020492932168466,0.14488363132100487,0.12273551358083216,0.6017560907606062,1.2347956459150695,0.6696296296296296,0.7644444444444445,0.20312592592592593,1.0247095197439193,0.5,26.5,0.0,20.0,False
env_odom_noise,0.0,0.001020492932168466,0.3,0.1222478138152201,0.583720869291568,1.5457784554018406,0.6755780346820809,0.7687861271676301,0.19283583815028904,1.243416753411293,0.45,27.0,0.0,20.0,False
env_odom_noise,0.0,0.0022135024223027535,0.00010000000000000009,0.12483132700291726,0.7183537127444575,-1.2091162200784868,0.42586206896551726,0.7094827586206897,0.5018551724137931,0.38543652892112734,0.9,26.77777777777778,0.0,20.0,False
env_odom_noise,0.0,0.0022135024223027535,0.00020706272838739032,0.12483132677845049,0.7183536780284187,-1.4148966096482554,0.4387931034482759,0.7172413793103448,0.4811655172413793,0.3944537706673145,0.9,26.77777777777778,0.0,20.0,False
env_odom_noise,0.0,0.0022135024223027535,0.0004287497348723022,0.12504850799961512,0.716337118515453,-1.6371521070910418,0.45446735395189003,0.7276632302405498,0.45506941580756016,0.38939851745963094,0.9,26.88888888888889,0.0,20.0,False
env_odom_noise,0.0,0.0022135024223027535,0.0008877808989802905,0.12504850517499566,0.7141731648839006,-1.8259946500272233,0.4974271012006861,0.7572898799313894,0.38248301886792446,0.4079677626490593,0.9,26.944444444444443,0.0,20.0,False
env_odom_noise,0.0,0.0022135024223027535,0.001838263351530691,0.1247921513277853,0.7119997770640369,-1.9246987799372397,0.5435897435897435,0.7965811965811965,0.2970290598290599,0.42296807318925855,0.85,26.352941176470587,0.0,20.0,False
env_odom_noise,0.0,0.0022135024223027535,0.003806358250624933,0.1242988927015502,0.6982397118799107,-1.9264870958076328,0.5917508417508418,0.8207070707070707,0.22474208754208747,0.40310888960957525,0.85,26.88235294117647,0.0,20.0,False
env_odom_noise,0.0,0.0022135024223027535,0.00788154924594252,0.12429889382526345,0.6905413456432826,-1.794135509919373,0.6471571906354515,0.8344481605351171,0.15559464882943141,0.4531822130084038,0.75,25.533333333333335,0.0,20.0,False
env_odom_noise,0.0,0.0022135024223027535,0.01631975090784437,0.12415168224545368,0.676578713528619,-1.5827482237103452,0.6781609195402298,0.8407224958949097,0.1183165845648605,0.5178878426551818,0.75,26.266666666666666,0.0,20.0,True
env_odom_noise,0.0,0.0022135024223027535,0.03379212149580846,0.1236963809374282,0.650431772702083,-1.3225419110902836,0.7003179650238474,0.8441971383147854,0.12792082670906202,0.5942243337631226,0.7,26.785714285714285,0.0,20.0,True
env_odom_noise,0.0,0.0022135024223027535,0.0699708887492028,0.12369499433276074,0.6216084902008429,-1.012414703529229,0.713302752293578,0.8478593272171254,0.1372434250764526,0.7599524676799774,0.6,26.833333333333332,0.0,20.0,False
env_odom_noise,0.0,0.0022135024223027535,0.14488363132100487,0.12273551493182137,0.6017561465996905,-0.6957017186610738,0.7162962962962963,0.8511111111111112,0.1369851851851852,1.0264579460024834,0.5,26.5,0.0,20.0,False
env_odom_noise,0.0,0.0022135024223027535,0.3,0.12224781349974007,0.5837208648813206,-0.342955918621965,0.721820809248555,0.8540462427745664,0.13957456647398858,1.244340245425701,0.45,27.0,0.0,20.0,False
env_odom_noise,0.0,0.004801202261272809,0.00010000000000000009,0.12450361608501304,0.7141731777814072,-2.639052169277326,0.5562180579216355,0.8407155025553663,0.2402664395229982,0.37911349833011626,0.85,26.470588235294116,0.0,20.0,False
env_odom_noise,0.0,0.004801202261272809,0.00020706272838739032,0.1245036144579482,0.7141731319274665,-2.682523188755166,0.5604770017035775,0.84412265758092,0.2326003407155025,0.3863337986171246,0.85,26.470588235294116,0.0,20.0,False
env_odom_noise,0.0,0.004801202261272809,0.0004287497348723022,0.1245036134392727,0.7121274643664264,-2.7354881161303486,0.5824829931972789,0.8562925170068028,0.1984244897959183,0.3885756626725197,0.85,26.529411764705884,0.0,20.0,False
env_odom_noise,0.0,0.004801202261272809,0.0008877808989802905,0.12450361474915206,0.7121274982568622,-2.770772251162101,0.6181972789115646,0.8809523809523809,0.13805034013605444,0.4134428799152374,0.85,26.529411764705884,0.0,20.0,True
env_odom_noise,0.0,0.004801202261272809,0.001838263351530691,0.12450361260832114,0.7029017022811751,-2.764532958754823,0.6433389544688027,0.9021922428330523,0.09166880269814492,0.4009047158062458,0.85,26.823529411764707,0.0,20.0,True
env_odom_noise,0.0,0.004801202261272809,0.003806358250624933,0.12408176460173087,0.6969812764916014,-2.696449528341127,0.6834170854271356,0.9137353433835846,0.04148174204355104,0.4169139564037323,0.8,26.3125,0.0,20.0,True
env_odom_noise,0.0,0.004801202261272809,0.00788154924594252,0.1239378457959431,0.687591634570619,-2.5537203057546236,0.7272727272727273,0.9214876033057852,0.07758512396694217,0.43175142258405685,0.75,26.0,0.0,20.0,True
env_odom_noise,0.0,0.004801202261272809,0.01631975090784437,0.12393784441237411,0.6658100418342232,-2.3293870979879374,0.7617504051863857,0.9262560777957861,0.10729432739059963,0.48723102137446406,0.75,26.8,0.0,20.0,True
env_odom_noise,0.0,0.004801202261272809,0.03379212149580846,0.12348932520247392,0.6477423908459108,-2.0542954492580994,0.7764612954186414,0.9281200631911533,0.12014123222748818,0.6028264850378037,0.7,27.071428571428573,0.0,20.0,True
env_odom_noise,0.0,0.004801202261272809,0.0699708887492028,0.12349211648178096,0.6216084846037093,-1.7369961055979715,0.7842987804878049,0.9291158536585366,0.12698292682926837,0.7758275598287583,0.55,25.90909090909091,0.0,20.0,False
env_odom_noise,0.0,0.004801202261272809,0.14488363132100487,0.12233205054698483,0.6005148881852358,-1.4113685720658151,0.7867647058823529,0.9316176470588236,0.1269470588235294,1.0304099783301353,0.5,27.0,0.0,20.0,False
env_odom_noise,0.0,0.004801202261272809,0.3,0.12206092324513941,0.581295727031921,-1.0325320360816133,0.7916666666666666,0.9331896551724138,0.13027701149425286,1.2582491546869279,0.45,27.444444444444443,0.0,20.0,False
env_odom_noise,0.0,0.010414058246057912,0.00010000000000000009,0.12431601350925264,0.7051193748899588,-2.9686779825284986,0.7335581787521079,0.9359190556492412,0.06943912310286682,0.42756017968058585,0.8,26.0625,0.0,20.0,True
env_odom_noise,0.0,0.010414058246057912,0.00020706272838739032,0.12431601452237516,0.7051193930698831,-2.9691046182457455,0.7369308600337268,0.9426644182124789,0.06606644182124788,0.43304304629564283,0.8,26.0625,0.0,20.0,True
env_odom_noise,0.0,0.010414058246057912,0.0004287497348723022,0.12431601293511849,0.7030102596849621,-2.9667720884930207,0.7424242424242424,0.9587542087542088,0.06397845117845125,0.4327065087854862,0.8,26.125,0.0,20.0,True
env_odom_noise,0.0,0.010414058246057912,0.0008877808989802905,0.12431601199259752,0.6971377676646496,-2.9534253991209547,0.7487437185929648,0.9673366834170855,0.07888040201005031,0.42010927200317383,0.8,26.3125,0.0,20.0,True
env_odom_noise,0.0,0.010414058246057912,0.001838263351530691,0.12431601186633641,0.6934272038653622,-2.90711916871698,0.7621035058430717,0.9732888146911519,0.09819232053422366,0.43590436354279516,0.8,26.4375,0.0,20.0,True
env_odom_noise,0.0,0.010414058246057912,0.003806358250624933,0.12375481419907174,0.6898353313210362,-2.8205821711280037,0.7942148760330578,0.9785123966942149,0.13552727272727272,0.42439633682370187,0.75,26.0,0.0,20.0,True
env_odom_noise,0.0,0.010414058246057912,0.00788154924594252,0.12375481267252016,0.6829821787708811,-2.665083668241051,0.8284072249589491,0.9802955665024631,0.17150279146141223,0.4898860685527325,0.75,26.266666666666666,0.0,20.0,False
env_odom_noise,0.0,0.010414058246057912,0.01631975090784437,0.12370231329198368,0.6647180007918801,-2.4520997879532107,0.8502415458937198,0.9806763285024155,0.1937178743961353,0.5280833177268505,0.7,26.214285714285715,0.0,20.0,False
env_odom_noise,0.0,0.010414058246057912,0.03379212149580846,0.12331094711364735,0.6446331109691423,-2.179668418157778,0.8616352201257862,0.9811320754716981,0.20556729559748432,0.6556680776178837,0.65,26.384615384615383,0.0,20.0,False
env_odom_noise,0.0,0.010414058246057912,0.0699708887492028,0.12331731016703641,0.6186275473121978,-1.8686794567603688,0.8679817905918058,0.9810318664643399,0.21181365705614574,0.8364793129265309,0.55,26.181818181818183,0.0,20.0,False
env_odom_noise,0.0,0.010414058246057912,0.14488363132100487,0.12216611730576109,0.5938526953119203,-1.5366028087903016,0.8709912536443148,0.9817784256559767,0.21556967930029158,1.0662407837808132,0.5,27.6,0.0,20.0,False
env_odom_noise,0.0,0.010414058246057912,0.3,0.12174847018430346,0.578903007474401,-1.162095315043905,0.8735714285714286,0.9821428571428571,0.21851428571428566,1.307633725553751,0.45,27.88888888888889,0.0,20.0,False
env_odom_noise,0.0,0.02258863577297737,0.00010000000000000009,0.12438575100147564,0.6885777346987229,-2.7593601686304137,0.8646864686468647,1.0,0.22748646864686473,0.46017261445522306,0.7,25.142857142857142,0.0,20.0,False
env_odom_noise,0.0,0.02258863577297737,0.00020706272838739032,0.12438575127729831,0.6885777804448678,-2.753360240957803,0.8646864686468647,1.0,0.22748646864686473,0.46427507475018504,0.7,25.142857142857142,0.0,20.0,False
env_odom_noise,0.0,0.02258863577297737,0.0004287497348723022,0.12438575076599204,0.6885777464720493,-2.740951535207075,0.8671617161716172,1.0,0.2299617161716172,0.4725423589348793,0.7,25.142857142857142,0.0,20.0,False
env_odom_noise,0.0,0.02258863577297737,0.0008877808989802905,0.12438575182567248,0.6885777050769561,-2.7157772214706597,0.8721122112211221,1.0,0.23491221122112216,0.48882381021976473,0.7,25.142857142857142,0.0,20.0,False
env_odom_noise,0.0,0.02258863577297737,0.001838263351530691,0.12397160478750402,0.6830854013883254,-2.6712796139007073,0.8770491803278688,1.0,0.23984918032786884,0.4777232982218266,0.7,25.428571428571427,0.0,20.0,False
env_odom_noise,0.0,0.02258863577297737,0.003806358250624933,0.12412926639969381,0.6795445769405478,-2.5874087539858266,0.9053833605220228,1.0,0.26818336052202285,0.5022712670266628,0.7,25.642857142857142,0.0,20.0,False
env_odom_noise,0.0,0.02258863577297737,0.00788154924594252,0.12412926656034837,0.672170723073882,-2.4530722067826876,0.9205834683954619,1.0,0.2833834683954619,0.5480152845382691,0.65,24.923076923076923,0.0,20.0,False
env_odom_noise,0.0,0.02258863577297737,0.01631975090784437,0.1239177961789593,0.6580207572223808,-2.2619452612831203,0.9329073482428115,1.0,0.29570734824281153,0.6219264462590217,0.65,25.615384615384617,0.0,20.0,False
env_odom_noise,0.0,0.02258863577297737,0.03379212149580846,0.12350982598246953,0.6367316456654584,-2.012719219427473,0.9385692068429238,1.0,0.3013692068429238,0.7228187680244446,0.6,25.916666666666668,0.0,20.0,False
env_odom_noise,0.0,0.02258863577297737,0.0699708887492028,0.12323216231556024,0.6144896491705326,-1.7241405377657026,0.9406015037593985,1.0,0.30340150375939856,0.9252465277910232,0.55,26.727272727272727,0.0,20.0,False
env_odom_noise,0.0,0.02258863577297737,0.14488363132100487,0.12237402102683222,0.5901348839933103,-1.3918350496632133,0.9427536231884058,1.0,0.30555362318840584,1.170526634156704,0.5,28.0,0.0,20.0,False
env_odom_noise,0.0,0.02258863577297737,0.3,0.12178099173412885,0.5765268393581189,-1.039456542426884,0.9441301272984441,1.0,0.30693012729844416,1.3786183461546897,0.4,27.375,0.0,20.0,False
env_odom_noise,0.0,0.04899592973540154,0.00010000000000000009,0.12374285253626402,0.6725887622152292,-2.2800435275299025,0.9515347334410339,1.0,0.3143347334410339,0.6172407440841198,0.65,25.076923076923077,0.0,20.0,False
env_odom_noise,0.0,0.04899592973540154,0.00020706272838739032,0.12374285468817338,0.6725887998502573,-2.2756588343190773,0.9515347334410339,1.0,0.3143347334410339,0.6202245816588402,0.65,25.076923076923077,0.0,20.0,False
env_odom_noise,0.0,0.04899592973540154,0.0004287497348723022,0.12374285354038564,0.6708654600675528,-2.267570775477126,0.957258064516129,1.0,0.32005806451612906,0.6159415960311889,0.65,25.153846153846153,0.0,20.0,False
env_odom_noise,0.0,0.04899592973540154,0.0008877808989802905,0.12374285182068447,0.6708654978634576,-2.2496586366641145,0.9701612903225807,1.0,0.3329612903225807,0.6283471442759037,0.65,25.153846153846153,0.0,20.0,False
env_odom_noise,0.0,0.04899592973540154,0.001838263351530691,0.12374285358893541,0.6691457951746732,-2.216211832014723,0.9766505636070854,1.0,0.33945056360708536,0.6425927639007568,0.65,25.23076923076923,0.0,20.0,False
env_odom_noise,0.0,0.04899592973540154,0.003806358250624933,0.12372626838940734,0.6653895086858159,-2.156727610359321,0.9815705128205128,1.0,0.3443705128205128,0.6582630157470704,0.65,25.46153846153846,0.0,20.0,False
env_odom_noise,0.0,0.04899592973540154,0.00788154924594252,0.1237262647173738,0.6549083163398901,-2.056379999102143,0.9857142857142858,1.0,0.3485142857142858,0.6744425460696221,0.6,24.833333333333332,0.0,20.0,False
env_odom_noise,0.0,0.04899592973540154,0.01631975090784437,0.12372626654491753,0.639895377213092,-1.9005056312481563,0.9874804381846636,1.0,0.3502804381846636,0.7378823325037956,0.6,25.583333333333332,0.0,20.0,False
env_odom_noise,0.0,0.04899592973540154,0.03379212149580846,0.1229154828741883,0.6261538530369603,-1.6892238503942176,0.9885145482388974,1.0,0.3513145482388974,0.8605732396245003,0.55,25.636363636363637,0.0,20.0,False
env_odom_noise,0.0,0.04899592973540154,0.0699708887492028,0.122775723889073,0.6048753698126954,-1.43304684250122,0.9881481481481481,1.0,0.3509481481481481,1.0587365612387658,0.55,27.636363636363637,0.0,20.0,False
env_odom_noise,0.0,0.04899592973540154,0.14488363132100487,0.12194607944611743,0.5803210481711742,-1.1143169149888608,0.9885714285714285,1.0,0.35137142857142856,1.2970895320177078,0.45,27.88888888888889,0.0,20.0,False
env_odom_noise,0.0,0.04899592973540154,0.3,0.1216983577343232,0.57540506354356,-0.7925121695596529,0.9887798036465638,1.0,0.3515798036465638,1.5116362944245338,0.4,28.125,0.0,20.0,False
env_odom_noise,0.0,0.10627472835292812,0.00010000000000000009,0.12342277734681548,0.6437383872771582,-1.6760528079142283,1.0,1.0,0.3628,0.8582828506827355,0.6,25.75,0.0,20.0,False
env_odom_noise,0.0,0.10627472835292812,0.00020706272838739032,0.12342277534267497,0.6437383717610321,-1.673581755643725,1.0,1.0,0.3628,0.8604771092534065,0.6,25.75,0.0,20.0,False
env_odom_noise,0.0,0.10627472835292812,0.0004287497348723022,0.12342277412922088,0.643738360569083,-1.668525669651264,1.0,1.0,0.3628,0.8649905934929848,0.6,25.75,0.0,20.0,False
env_odom_noise,0.0,0.10627472835292812,0.0008877808989802905,0.12342277568928517,0.6437383347097914,-1.658305887765493,1.0,1.0,0.3628,0.8742125898599624,0.6,25.75,0.0,20.0,False
env_odom_noise,0.0,0.10627472835292812,0.001838263351530691,0.12342277372307181,0.6405805997111645,-1.6396101813629964,1.0,1.0,0.3628,0.873813559114933,0.6,25.916666666666668,0.0,20.0,False
env_odom_noise,0.0,0.10627472835292812,0.003806358250624933,0.12342277476361224,0.6340176165037368,-1.603426580780964,1.0,1.0,0.3628,0.8734371520578861,0.6,26.25,0.0,20.0,False
env_odom_noise,0.0,0.10627472835292812,0.00788154924594252,0.12342277246799938,0.6296155420543921,-1.5345760395637087,1.0,1.0,0.3628,0.9189333222806454,0.6,26.5,0.0,20.0,False
env_odom_noise,0.0,0.10627472835292812,0.01631975090784437,0.12304333477114855,0.6233425208497844,-1.4257739418391524,1.0,1.0,0.3628,0.9798146158456802,0.55,26.0,0.0,20.0,False
env_odom_noise,0.0,0.10627472835292812,0.03379212149580846,0.12317463699930133,0.6077006473937566,-1.2642375646185358,1.0,1.0,0.3628,1.0837644383311271,0.55,27.363636363636363,0.0,20.0,False
env_odom_noise,0.0,0.10627472835292812,0.0699708887492028,0.1219594683601511,0.5917316320365864,-1.0485042954093877,1.0,1.0,0.3628,1.2862507656216622,0.5,28.2,0.0,20.0,False
env_odom_noise,0.0,0.10627472835292812,0.14488363132100487,0.1214126496135933,0.5742888936839502,-0.7728944114124094,1.0,1.0,0.3628,1.5203663468360902,0.4,28.125,0.0,20.0,False
env_odom_noise,0.0,0.10627472835292812,0.3,0.12165923294821415,0.5696546487486253,-0.4627829721910784,1.0,1.0,0.3628,1.7169788405299187,0.35,28.142857142857142,0.0,20.0,False
env_odom_noise,0.0,0.23051543153651136,0.00010000000000000009,0.12336863428773906,0.6036940540679465,-1.0134792025581472,1.0,1.0,0.3628,1.291677437722683,0.55,27.454545454545453,0.0,20.0,False
env_odom_noise,0.0,0.23051543153651136,0.00020706272838739032,0.12336863579601012,0.6036940993297548,-1.0121923490219744,1.0,1.0,0.3628,1.2933469906449317,0.55,27.454545454545453,0.0,20.0,False
env_odom_noise,0.0,0.23051543153651136,0.0004287497348723022,0.12336863380249377,0.6036940479917678,-1.009544263717589,1.0,1.0,0.3628,1.2967921525239945,0.55,27.454545454545453,0.0,20.0,False
env_odom_noise,0.0,0.23051543153651136,0.0008877808989802905,0.12310972125167714,0.6036940400047708,-1.004810421003036,1.0,1.0,0.3628,1.2954256772994994,0.55,27.545454545454547,0.0,20.0,False
env_odom_noise,0.0,0.23051543153651136,0.001838263351530691,0.12310972053474231,0.6023150179270073,-0.9944361762435779,1.0,1.0,0.3628,1.3017789751291275,0.55,27.636363636363637,0.0,20.0,False
env_odom_noise,0.0,0.23051543153651136,0.003806358250624933,0.12239776495593636,0.6009409248710134,-0.9754993946011461,1.0,1.0,0.3628,1.2983260698616506,0.55,28.0,0.0,20.0,False
env_odom_noise,0.0,0.23051543153651136,0.00788154924594252,0.12262032124944128,0.5997050752174893,-0.9357634782805211,1.0,1.0,0.3628,1.3405192017555236,0.55,28.181818181818183,0.0,20.0,False
env_odom_noise,0.0,0.23051543153651136,0.01631975090784437,0.12282591410933212,0.5920722622192476,-0.8682643521756109,1.0,1.0,0.3628,1.3881178334355355,0.55,28.90909090909091,0.0,20.0,False
env_odom_noise,0.0,0.23051543153651136,0.03379212149580846,0.1217252847263424,0.5817398673809147,-0.7577937475082711,1.0,1.0,0.3628,1.4800248175859452,0.5,29.3,0.0,20.0,False
env_odom_noise,0.0,0.23051543153651136,0.0699708887492028,0.12158360576495982,0.5683173314994432,-0.5884635864388119,1.0,1.0,0.3628,1.672995489835739,0.4,29.0,0.0,20.0,False
env_odom_noise,0.0,0.23051543153651136,0.14488363132100487,0.12177206572214845,0.564864754028211,-0.36594225703667427,1.0,1.0,0.3628,1.8946216404438019,0.35,29.285714285714285,0.0,20.0,False
env_odom_noise,0.0,0.23051543153651136,0.3,0.1222430014436034,0.5626136951841734,-0.09059085487900967,1.0,1.0,0.3628,2.075095373392105,0.35,29.857142857142858,0.0,20.0,False
env_odom_noise,0.0,0.5,0.00010000000000000009,0.1217930511344628,0.5614716597595503,-0.3310670101731112,1.0,1.0,0.3628,1.9773359656333924,0.35,29.428571428571427,0.0,20.0,False
env_odom_noise,0.0,0.5,0.00020706272838739032,0.12179305177000647,0.561471671274328,-0.3304392270694061,1.0,1.0,0.3628,1.9786123186349869,0.35,29.428571428571427,0.0,20.0,False
env_odom_noise,0.0,0.5,0.0004287497348723022,0.12179305152737047,0.5614717221483041,-0.32914318594632325,1.0,1.0,0.3628,1.9812501177191735,0.35,29.428571428571427,0.0,20.0,False
env_odom_noise,0.0,0.5,0.0008877808989802905,0.12179305214586712,0.5614716266926764,-0.3264760739183861,1.0,1.0,0.3628,1.9866986930370332,0.35,29.428571428571427,0.0,20.0,False
env_odom_noise,0.0,0.5,0.001838263351530691,0.12179305117729633,0.5614715967481537,-0.3210225208903237,1.0,1.0,0.3628,1.9979122847318649,0.35,29.428571428571427,0.0,20.0,False
env_odom_noise,0.0,0.5,0.003806358250624933,0.12179305138687464,0.5591053382977492,-0.3108484025705209,1.0,1.0,0.3628,2.0081778317689896,0.35,29.714285714285715,0.0,20.0,False
env_odom_noise,0.0,0.5,0.00788154924594252,0.12179305064047886,0.5579572921838257,-0.2892564864827406,1.0,1.0,0.3628,2.0488921642303466,0.35,29.857142857142858,0.0,20.0,False
env_odom_noise,0.0,0.5,0.01631975090784437,0.12183274058889827,0.5543592467729347,-0.25099885840796177,1.0,1.0,0.3628,2.0996207892894745,0.35,30.857142857142858,0.0,20.0,False
env_odom_noise,0.0,0.5,0.03379212149580846,0.12223940839785175,0.5500778008733994,-0.18191421291051096,1.0,1.0,0.3628,2.211200939118862,0.35,32.285714285714285,0.0,20.0,False
env_odom_noise,0.0,0.5,0.0699708887492028,0.12213827406189136,0.5478744473771958,-0.0633056264516126,1.0,1.0,0.3628,2.386556388437748,0.3,31.833333333333332,0.0,20.0,False
env_odom_noise,0.0,0.5,0.14488363132100487,0.12227195488085095,0.5439689920676464,0.1074964240931597,1.0,1.0,0.3628,2.5041968017816543,0.3,33.0,0.0,20.0,False
env_odom_noise,0.0,0.5,0.3,0.12227195617113738,0.5421019887333642,0.335382324109704,1.0,1.0,0.3628,2.5887213230133055,0.3,33.333333333333336,0.0,20.0,False
env_odom_noise,0.0375,0.00010000000000000009,0.00010000000000000009,0.12497971575465494,0.7771391636347198,63.055615348444476,0.16092943201376936,0.2676419965576592,1.2086285714285714,0.3884017616510391,0.9,26.833333333333332,0.0,20.0,False
env_odom_noise,0.0375,0.00010000000000000009,0.00020706272838739032,0.12497971581655583,0.7771393190828343,53.37992165632199,0.18330464716006883,0.2977624784853701,1.1561328743545611,0.38934554606676103,0.9,26.833333333333332,0.0,20.0,False
env_odom_noise,0.0375,0.00010000000000000009,0.0004287497348723022,0.12497971653664272,0.7771414937123315,47.61822667482443,0.21944922547332185,0.3588640275387263,1.0588867469879517,0.3992344155907631,0.9,26.833333333333332,0.0,20.0,False
env_odom_noise,0.0375,0.00010000000000000009,0.0008877808989802905,0.12497971633121507,0.7771568104263058,44.570015427702366,0.25645438898450945,0.42168674698795183,0.9590588640275387,0.4254311926662922,0.9,26.833333333333332,0.0,20.0,False
env_odom_noise,0.0375,0.00010000000000000009,0.001838263351530691,0.12472451684531047,0.7694620163888202,42.76162623582943,0.3191126279863481,0.4931740614334471,0.8249133105802048,0.40666003674268725,0.85,26.41176470588235,0.0,20.0,False
env_odom_noise,0.0375,0.00010000000000000009,0.003806358250624933,0.12472451782470578,0.7564744926850011,41.687001315320536,0.38785834738617203,0.5539629005059022,0.6953787521079258,0.4084861242678016,0.85,26.823529411764707,0.0,20.0,False
env_odom_noise,0.0375,0.00010000000000000009,0.00788154924594252,0.1242988931460653,0.7472680539737956,41.13194924607559,0.46243739565943237,0.5884808013355592,0.5862818030050083,0.4512040983885527,0.8,26.4375,0.0,20.0,False
env_odom_noise,0.0375,0.00010000000000000009,0.01631975090784437,0.12415167872278345,0.7343491253282398,40.77090421432934,0.5245901639344263,0.6090163934426229,0.5035934426229508,0.508989717066288,0.75,26.333333333333332,0.0,20.0,False
env_odom_noise,0.0375,0.00010000000000000009,0.03379212149580846,0.12369638063204372,0.7113112595503018,40.120098484762494,0.5604133545310016,0.6160572337042926,0.46072941176470583,0.5966428995132447,0.7,26.785714285714285,0.0,20.0,False
env_odom_noise,0.0375,0.00010000000000000009,0.0699708887492028,0.12369499439638951,0.68377981607575,39.74106436216993,0.5811638591117917,0.6248085758039816,0.43122756508422666,0.7673157185316086,0.6,26.75,0.0,20.0,False
env_odom_noise,0.0375,0.00010000000000000009,0.14488363132100487,0.12273551398975495,0.6639198118038325,39.186588207212324,0.5882789317507419,0.629080118694362,0.41984094955489615,1.0267550647258759,0.5,26.4,0.0,20.0,False
env_odom_noise,0.0375,0.00010000000000000009,0.3,0.12224781302721947,0.6453803611633386,38.69503836279366,0.5962373371924746,0.6345875542691751,0.40637510853835024,1.2502207666635514,0.45,26.88888888888889,0.0,20.0,False
env_odom_noise,0.0375,0.00021690521830457365,0.00010000000000000009,0.12497971575465494,0.7771391636347198,32.65143513408368,0.1884681583476764,0.3098106712564544,1.1389211703958693,0.3884017616510391,0.9,26.833333333333332,0.0,20.0,False
env_odom_noise,0.0375,0.00021690521830457365,0.00020706272838739032,0.12497971610848982,0.7771393984283891,26.094346237026844,0.2082616179001721,0.33820998278829606,1.0907283993115318,0.38956153988838194,0.9,26.833333333333332,0.0,20.0,False
env_odom_noise,0.0375,0.00021690521830457365,0.0004287497348723022,0.12497971658905176,0.7771414763888403,21.651243656354286,0.24440619621342513,0.3924268502581756,1.0003669535283992,0.39993592351675034,0.9,26.833333333333332,0.0,20.0,False
env_odom_noise,0.0375,0.00021690521830457365,0.0008877808989802905,0.12497971560334192,0.7771588757247015,19.058131940899237,0.27710843373493976,0.4569707401032702,0.90312082616179,0.4264597214758396,0.9,26.833333333333332,0.0,20.0,False
env_odom_noise,0.0375,0.00021690521830457365,0.001838263351530691,0.12472451797010625,0.769464928310706,17.585992842732114,0.3412969283276451,0.5247440273037542,0.7711590443686007,0.407611858099699,0.85,26.41176470588235,0.0,20.0,False
env_odom_noise,0.0375,0.00021690521830457365,0.003806358250624933,0.12472451922306357,0.7564783897047912,16.840504666626625,0.4072512647554806,0.5851602023608768,0.6447885328836425,0.40940604410134257,0.85,26.823529411764707,0.0,20.0,False
env_odom_noise,0.0375,0.00021690521830457365,0.00788154924594252,0.12429889394405627,0.74727110801536,16.542447921247103,0.48247078464106846,0.6185308848080133,0.5361983305509181,0.4519210675731301,0.8,26.4375,0.0,20.0,False
env_odom_noise,0.0375,0.00021690521830457365,0.01631975090784437,0.12415167958263772,0.7343515623377017,16.45399019024274,0.5434426229508197,0.6377049180327868,0.45605245901639346,0.5095133922994137,0.75,26.333333333333332,0.0,20.0,False
env_odom_noise,0.0375,0.00021690521830457365,0.03379212149580846,0.12369638073404504,0.7113131683823528,16.29893633566466,0.5794912559618441,0.6446740858505564,0.41303465818759943,0.59702772423625,0.7,26.785714285714285,0.0,20.0,False
env_odom_noise,0.0375,0.00021690521830457365,0.0699708887492028,0.12369499308634467,0.6837812426018346,16.305326269147628,0.6010719754977029,0.6539050535987749,0.3822229709035222,0.7675991654396057,0.6,26.75,0.0,20.0,False
env_odom_noise,0.0375,0.00021690521830457365,0.14488363132100487,0.12273551363057228,0.6639208777617891,16.238833562084604,0.6083086053412463,0.6580118694362018,0.37087952522255185,1.026927226781845,0.5,26.4,0.0,20.0,False
env_odom_noise,0.0375,0.00021690521830457365,0.3,0.12224781562050378,0.6453809580172493,16.22956356839399,0.6157742402315485,0.662807525325615,0.35861823444283647,1.2503112629055977,0.45,26.88888888888889,0.0,20.0,False
env_odom_noise,0.0375,0.00047047873727754753,0.00010000000000000009,0.12497971575465494,0.7771391636347198,15.935758722670288,0.22547332185886404,0.37779690189328746,1.0339297762478483,0.3884017616510391,0.9,26.833333333333332,0.0,20.0,False
env_odom_noise,0.0375,0.00047047873727754753,0.00020706272838739032,0.12497971560230618,0.77713947668464,12.204683164084429,0.2452667814113597,0.40963855421686746,0.9822946643717728,0.39018853530287745,0.9,26.833333333333332,0.0,20.0,False
env_odom_noise,0.0375,0.00047047873727754753,0.0004287497348723022,0.12497971574284299,0.7771416380581787,9.247464906467446,0.27969018932874357,0.459552495697074,0.8979573149741824,0.4015972264111042,0.9,26.833333333333332,0.0,20.0,False
env_odom_noise,0.0375,0.00047047873727754753,0.0008877808989802905,0.1249797156122165,0.7749128067826754,7.266107159602999,0.30927835051546393,0.5154639175257731,0.8124577319587629,0.41745673418045043,0.9,26.88888888888889,0.0,20.0,False
env_odom_noise,0.0375,0.00047047873727754753,0.001838263351530691,0.12472451862043182,0.7694712247820525,6.122922574934263,0.36945392491467577,0.5776450511945392,0.690101023890785,0.4096526216715574,0.85,26.41176470588235,0.0,20.0,False
env_odom_noise,0.0375,0.00047047873727754753,0.003806358250624933,0.12472451930553362,0.7564868652855072,5.571843043823541,0.43591905564924116,0.6374367622259697,0.5638441821247892,0.41141247199848296,0.85,26.823529411764707,0.0,20.0,False
env_odom_noise,0.0375,0.00047047873727754753,0.00788154924594252,0.12429889324832356,0.7472773873159527,5.401619748984652,0.5091819699499165,0.671118530884808,0.4568994991652755,0.44228749386966226,0.75,25.6,0.0,20.0,False
env_odom_noise,0.0375,0.00047047873727754753,0.01631975090784437,0.12415168087209925,0.7343566644026469,5.438968696395926,0.5688524590163935,0.6885245901639344,0.3798229508196721,0.5106467671692372,0.75,26.333333333333332,0.0,20.0,False
env_odom_noise,0.0375,0.00047047873727754753,0.03379212149580846,0.12369638077451134,0.7113172633408122,5.509773176569791,0.6049284578696343,0.6955484896661367,0.33672305246422896,0.5978615090250969,0.7,26.785714285714285,0.0,20.0,False
env_odom_noise,0.0375,0.00047047873727754753,0.0699708887492028,0.12369499476959847,0.683784389769898,5.69032238721524,0.6255742725880551,0.7044410413476263,0.3071846860643186,0.7682132318615913,0.6,26.75,0.0,20.0,False
env_odom_noise,0.0375,0.00047047873727754753,0.14488363132100487,0.12273551343181573,0.6639231186605818,5.847043659421008,0.6335311572700296,0.7077151335311572,0.29595370919881314,1.0273003086447716,0.5,26.4,0.0,20.0,False
env_odom_noise,0.0375,0.00047047873727754753,0.3,0.1222478127566458,0.6453822923458269,6.057203720014657,0.6403762662807525,0.7134587554269175,0.28336497829233,1.2505070239305496,0.45,26.88888888888889,0.0,20.0,False
env_odom_noise,0.0375,0.001020492932168466,0.00010000000000000009,0.12497971575028863,0.7771391522300771,6.404031945553146,0.28313253012048195,0.4776247848537005,0.8764426850258176,0.3885055735707283,0.9,26.833333333333332,0.0,20.0,False
env_odom_noise,0.0375,0.001020492932168466,0.00020706272838739032,0.12497971573436352,0.7771400725169956,4.680029709311033,0.3046471600688468,0.504302925989673,0.8282499139414803,0.39225779101252556,0.9,26.833333333333332,0.0,20.0,False
env_odom_noise,0.0375,0.001020492932168466,0.0004287497348723022,0.12497971689673822,0.7771440255831601,3.0425761809157543,0.3278829604130809,0.5430292598967298,0.7662877796901892,0.405879595130682,0.9,26.833333333333332,0.0,20.0,False
env_odom_noise,0.0375,0.001020492932168466,0.0008877808989802905,0.12497971445460782,0.7749258419833644,1.7663667343262404,0.3582474226804124,0.5893470790378007,0.689605498281787,0.422722090780735,0.9,26.88888888888889,0.0,20.0,False
env_odom_noise,0.0375,0.001020492932168466,0.001838263351530691,0.12472451703596135,0.7694911253257062,0.9496495466161441,0.4121160409556314,0.6501706484641638,0.5749133105802047,0.4149987749755383,0.85,26.41176470588235,0.0,20.0,False
env_odom_noise,0.0375,0.001020492932168466,0.003806358250624933,0.12472451932835277,0.7565046531748945,0.5545659325051556,0.47554806070826305,0.7023608768971332,0.4592910623946037,0.4157623601146042,0.85,26.823529411764707,0.0,20.0,False
env_odom_noise,0.0375,0.001020492932168466,0.00788154924594252,0.12429889217580528,0.7472912646063719,0.46065577655912837,0.5467445742904842,0.7328881469115192,0.35756727879799666,0.4456211801618338,0.75,25.6,0.0,20.0,False
env_odom_noise,0.0375,0.001020492932168466,0.01631975090784437,0.12415168175918778,0.73220961122467,0.5511077669802488,0.6055646481178396,0.7495908346972177,0.2820445171849427,0.5023241102695465,0.75,26.4,0.0,20.0,False
env_odom_noise,0.0375,0.001020492932168466,0.03379212149580846,0.12369638009781839,0.7113259776683314,0.7296010408911517,0.6399046104928457,0.7551669316375199,0.24212845786963433,0.5996650189161301,0.7,26.785714285714285,0.0,20.0,False
env_odom_noise,0.0375,0.001020492932168466,0.0699708887492028,0.12369499297391753,0.683791086565926,0.9865667194400516,0.6600306278713629,0.7618683001531393,0.21530107197549775,0.7695434749126434,0.6,26.75,0.0,20.0,False
env_odom_noise,0.0375,0.001020492932168466,0.14488363132100487,0.12273551263348649,0.6639280624780592,1.2442026902567342,0.6676557863501483,0.7640949554896143,0.2054492581602374,1.0281095564365388,0.5,26.4,0.0,20.0,False
env_odom_noise,0.0375,0.001020492932168466,0.3,0.12224781482965082,0.6453852364498127,1.5524830363443154,0.6751085383502171,0.768451519536903,0.19363994211287983,1.250932440161705,0.45,26.88888888888889,0.0,20.0,False
env_odom_noise,0.0375,0.0022135024223027535,0.00010000000000000009,0.12497971581674595,0.7771410692545802,1.1668569459429445,0.3657487091222031,0.6230636833046471,0.6483876075731498,0.3937187261879444,0.9,26.833333333333332,0.0,20.0,False
env_odom_noise,0.0375,0.0022135024223027535,0.00020706272838739032,0.12497971682541972,0.7771506466733632,0.538833563513296,0.37865748709122204,0.6428571428571429,0.615685370051635,0.40247775986790657,0.9,26.833333333333332,0.0,20.0,False
env_odom_noise,0.0375,0.0022135024223027535,0.0004287497348723022,0.12497971572378838,0.7771738272281807,-0.18459300896400774,0.3924268502581756,0.6695352839931153,0.575237865748709,0.41890027895569804,0.9,26.833333333333332,0.0,20.0,False
env_odom_noise,0.0375,0.0022135024223027535,0.0008877808989802905,0.12497971746301825,0.7717572067092711,-0.8556714975351456,0.4289383561643836,0.7037671232876712,0.5044945205479452,0.4143165939487517,0.9,27.0,0.0,20.0,False
env_odom_noise,0.0375,0.0022135024223027535,0.001838263351530691,0.12472451852882625,0.7655590669625121,-1.350402625477068,0.4812925170068027,0.7568027210884354,0.3991047619047619,0.40388855785131456,0.85,26.529411764705884,0.0,20.0,False
env_odom_noise,0.0375,0.0022135024223027535,0.003806358250624933,0.1247245197132164,0.7543391347921478,-1.5931082853948222,0.5345117845117845,0.797979797979798,0.3047084175084175,0.413366892747581,0.85,26.88235294117647,0.0,20.0,False
env_odom_noise,0.0375,0.0022135024223027535,0.00788154924594252,0.12429889269189594,0.7459164383931391,-1.6222326928341257,0.6008333333333333,0.8216666666666667,0.2147,0.4424688883125782,0.75,25.666666666666668,0.0,20.0,False
env_odom_noise,0.0375,0.0022135024223027535,0.01631975090784437,0.12415168016214609,0.7302290716097495,-1.4991553239812279,0.6576797385620915,0.8374183006535948,0.1421019607843137,0.4968975938856602,0.75,26.466666666666665,0.0,20.0,True
env_odom_noise,0.0375,0.0022135024223027535,0.03379212149580846,0.12369637963711026,0.7113450777101673,-1.2784453831768796,0.6891891891891891,0.8426073131955485,0.1183818759936407,0.6035557821393013,0.7,26.785714285714285,0.0,20.0,True
env_odom_noise,0.0375,0.0022135024223027535,0.0699708887492028,0.12369499278194783,0.6838054786246344,-0.9908556972744302,0.7082695252679939,0.8476263399693721,0.13244318529862187,0.7724214404821396,0.6,26.75,0.0,20.0,False
env_odom_noise,0.0375,0.0022135024223027535,0.14488363132100487,0.1227355139644597,0.6639390147847491,-0.6891872620768241,0.7143916913946587,0.8508902077151336,0.13530148367952521,1.0298617586493493,0.5,26.4,0.0,20.0,False
env_odom_noise,0.0375,0.0022135024223027535,0.3,0.12224781408218473,0.6453917438474026,-0.33899286706171433,0.7214182344428365,0.85383502170767,0.13938321273516652,1.251854158937931,0.45,26.88888888888889,0.0,20.0,False
env_odom_noise,0.0375,0.004801202261272809,0.00010000000000000009,0.12450361394337295,0.7741241785627965,-1.3810595260491294,0.4931740614334471,0.7798634812286689,0.364162457337884,0.40123468860983846,0.85,26.41176470588235,0.0,20.0,False
env_odom_noise,0.0375,0.004801202261272809,0.00020706272838739032,0.12450361468447871,0.7683639667005682,-1.5601169208375147,0.5008488964346349,0.7937181663837012,0.3426329371816639,0.3748261058703065,0.85,26.58823529411765,0.0,20.0,False
env_odom_noise,0.0375,0.004801202261272809,0.0004287497348723022,0.12450361459374713,0.7661990268887106,-1.8109596609722411,0.5203389830508475,0.8042372881355933,0.31262372881355927,0.37632463201880456,0.85,26.647058823529413,0.0,20.0,False
env_odom_noise,0.0375,0.004801202261272809,0.0008877808989802905,0.12450361368587828,0.7626844228285068,-2.080823399240041,0.5422297297297297,0.8319256756756757,0.2630445945945946,0.38065932877361774,0.85,26.764705882352942,0.0,20.0,False
env_odom_noise,0.0375,0.004801202261272809,0.001838263351530691,0.12450361481659833,0.7572608369085726,-2.3024589407821154,0.5773109243697478,0.865546218487395,0.19434285714285715,0.3954786270856857,0.85,26.941176470588236,0.0,20.0,False
env_odom_noise,0.0375,0.004801202261272809,0.003806358250624933,0.12450361650937843,0.7515383287038188,-2.41033541921999,0.6237458193979933,0.8963210702341137,0.11713311036789298,0.4153055027127266,0.8,26.375,0.0,20.0,True
env_odom_noise,0.0375,0.004801202261272809,0.00788154924594252,0.12393784573928764,0.7462655211730196,-2.3934709203030344,0.6851239669421487,0.912396694214876,0.04452727272727275,0.44241469986736776,0.75,26.0,0.0,20.0,True
env_odom_noise,0.0375,0.004801202261272809,0.01631975090784437,0.12372484107691976,0.7270903829030011,-2.250315305862643,0.7398703403565641,0.9238249594813615,0.08784538087520266,0.4959984414279461,0.75,26.8,0.0,20.0,True
env_odom_noise,0.0375,0.004801202261272809,0.03379212149580846,0.12348932720022551,0.7098777918921474,-2.0104086222511794,0.7642405063291139,0.9264240506329114,0.10961645569620249,0.6221738591790199,0.7,27.0,0.0,20.0,True
env_odom_noise,0.0375,0.004801202261272809,0.0699708887492028,0.12349211759886854,0.6841451847687354,-1.7167583027649633,0.7793893129770992,0.9290076335877863,0.12218167938931301,0.78795957416296,0.55,25.818181818181817,0.0,20.0,False
env_odom_noise,0.0375,0.004801202261272809,0.14488363132100487,0.12258742623133638,0.6612003188921906,-1.396708989474389,0.7849779086892489,0.9315169366715759,0.12526097201767306,1.042269553244114,0.5,26.9,0.0,20.0,False
env_odom_noise,0.0375,0.004801202261272809,0.3,0.12206092070383799,0.6443162540620317,-1.0316118634464462,0.7910662824207493,0.9329971181556196,0.12986916426512973,1.2716964915394784,0.45,27.22222222222222,0.0,20.0,False
env_odom_noise,0.0375,0.010414058246057912,0.00010000000000000009,0.12431601337440477,0.7595929111614664,-2.343792131178219,0.6495798319327731,0.9008403361344538,0.08677983193277305,0.4144748687744141,0.8,26.1875,0.0,20.0,True
env_odom_noise,0.0375,0.010414058246057912,0.00020706272838739032,0.1243160125587574,0.7595998523670116,-2.380905390236862,0.6512605042016807,0.907563025210084,0.07837647058823527,0.4199577234685421,0.8,26.1875,0.0,20.0,True
env_odom_noise,0.0375,0.010414058246057912,0.0004287497348723022,0.12431601121632001,0.7596144927569889,-2.438678067271142,0.6579831932773109,0.9176470588235294,0.0615697478991597,0.43073746711015704,0.8,26.1875,0.0,20.0,True
env_odom_noise,0.0375,0.010414058246057912,0.0008877808989802905,0.12431601348210398,0.7541758060390462,-2.5129586959126207,0.6780936454849499,0.9339464882943144,0.025159866220735738,0.42151519283652306,0.8,26.375,0.0,20.0,True
env_odom_noise,0.0375,0.010414058246057912,0.001838263351530691,0.12421525137857878,0.7506067156876656,-2.5768225318872564,0.7046589018302829,0.9525790349417638,0.023879866888519174,0.42229937147349117,0.8,26.5625,0.0,20.0,True
env_odom_noise,0.0375,0.010414058246057912,0.003806358250624933,0.1241696463601304,0.7466257031328951,-2.5941973728547647,0.7363636363636363,0.9652892561983472,0.0644528925619835,0.4328587271273136,0.75,26.0,0.0,20.0,True
env_odom_noise,0.0375,0.010414058246057912,0.00788154924594252,0.12375481444861738,0.7363754178008024,-2.529025565928788,0.7892156862745098,0.9714052287581699,0.12342091503267971,0.4684098221361637,0.75,26.466666666666665,0.0,20.0,True
env_odom_noise,0.0375,0.010414058246057912,0.01631975090784437,0.12370231751049844,0.7244844585218856,-2.374882367369186,0.8301127214170693,0.9782608695652174,0.17117359098228668,0.5383361525833606,0.7,26.214285714285715,0.0,20.0,False
env_odom_noise,0.0375,0.010414058246057912,0.03379212149580846,0.12331094846520431,0.7019207313694154,-2.138380397244327,0.8510971786833855,0.9796238244514106,0.19352100313479614,0.6442620731890202,0.65,26.53846153846154,0.0,20.0,False
env_odom_noise,0.0375,0.010414058246057912,0.0699708887492028,0.12315520277612431,0.6796799778793647,-1.851835412029071,0.8643939393939394,0.9810606060606061,0.20825454545454547,0.8333799995481967,0.55,26.272727272727273,0.0,20.0,False
env_odom_noise,0.0375,0.010414058246057912,0.14488363132100487,0.12216611672084546,0.6557373078541768,-1.5294498446650289,0.8693430656934307,0.9817518248175182,0.2138948905109489,1.0731720052659512,0.5,27.5,0.0,20.0,False
env_odom_noise,0.0375,0.010414058246057912,0.3,0.12171610448407302,0.6380459301959626,-1.1562045982107692,0.8739316239316239,0.9821937321937322,0.21892535612535613,1.3004975087940693,0.45,28.11111111111111,0.0,20.0,False
env_odom_noise,0.0375,0.02258863577297737,0.00010000000000000009,0.12438575269192705,0.7494178867666992,-2.454932113025428,0.8,0.9760330578512396,0.13883305785123967,0.48031268157064916,0.7,25.071428571428573,0.0,20.0,True
env_odom_noise,0.0375,0.02258863577297737,0.00020706272838739032,0.12438575000745677,0.7494240704811026,-2.4579930965549357,0.8033057851239669,0.9760330578512396,0.14213884297520651,0.48432696163654326,0.7,25.071428571428573,0.0,20.0,True
env_odom_noise,0.0375,0.02258863577297737,0.0004287497348723022,0.12438575201177907,0.7475480733047228,-2.463432528476576,0.8077557755775577,0.9777227722772277,0.14827854785478545,0.48163459338247777,0.7,25.142857142857142,0.0,20.0,True
env_odom_noise,0.0375,0.02258863577297737,0.0008877808989802905,0.12438575255969019,0.745758000533096,-2.4674005262679515,0.8138385502471169,0.9818780889621087,0.15851663920922565,0.4870405450463295,0.7,25.214285714285715,0.0,20.0,False
env_odom_noise,0.0375,0.02258863577297737,0.001838263351530691,0.12454252195211192,0.7441116792235575,-2.4615249166144126,0.8243021346469622,0.9893267651888341,0.17642889983579635,0.4967169962823391,0.7,25.357142857142858,0.0,20.0,False
env_odom_noise,0.0375,0.02258863577297737,0.003806358250624933,0.1245425247468716,0.7386127944846266,-2.4280260076296907,0.8586601307189542,0.9926470588235294,0.21410718954248364,0.520246896520257,0.7,25.571428571428573,0.0,20.0,False
env_odom_noise,0.0375,0.02258863577297737,0.00788154924594252,0.12391779877370657,0.7306576250070119,-2.34650193668291,0.8893376413570274,0.994345718901454,0.2464833602584814,0.5396904937922955,0.65,25.076923076923077,0.0,20.0,False
env_odom_noise,0.0375,0.02258863577297737,0.01631975090784437,0.12391779656807611,0.7155482131331906,-2.191498957571795,0.9171974522292994,0.9976114649681529,0.2776089171974523,0.6166896991431713,0.65,25.76923076923077,0.0,20.0,False
env_odom_noise,0.0375,0.02258863577297737,0.03379212149580846,0.12339930674450125,0.6977993507396878,-1.9797024892093273,0.9301242236024845,0.9984472049689441,0.2913714285714286,0.7196102984249592,0.6,26.0,0.0,20.0,False
env_odom_noise,0.0375,0.02258863577297737,0.0699708887492028,0.12323216289072389,0.6751325423807872,-1.7056746937512863,0.9376876876876877,1.0,0.30048768768768774,0.9182232216000557,0.55,26.818181818181817,0.0,20.0,False
env_odom_noise,0.0375,0.02258863577297737,0.14488363132100487,0.12237402263074587,0.653805450541335,-1.3870974675985666,0.9411337209302325,1.0,0.3039337209302325,1.1758740231394769,0.45,26.555555555555557,0.0,20.0,False
env_odom_noise,0.0375,0.02258863577297737,0.3,0.12178099274004293,0.6359906090332994,-1.0305246523765543,0.9442090395480226,1.0,0.3070090395480226,1.3768917858600616,0.4,27.5,0.0,20.0,False
env_odom_noise,0.0375,0.04899592973540154,0.00010000000000000009,0.1241519405877717,0.7328781325488574,-2.1318181386112793,0.9207119741100324,0.9919093851132686,0.275421359223301,0.6367459408938885,0.65,25.0,0.0,20.0,False
env_odom_noise,0.0375,0.04899592973540154,0.00020706272838739032,0.12415194124110862,0.7328833789887702,-2.129512598260792,0.9215210355987055,0.9919093851132686,0.2762304207119741,0.6396561376750469,0.65,25.0,0.0,20.0,False
env_odom_noise,0.0375,0.04899592973540154,0.0004287497348723022,0.12415194244927588,0.7314197088137758,-2.125073410253,0.9232633279483037,0.9919224555735057,0.27798578352180936,0.6356338798999787,0.65,25.076923076923077,0.0,20.0,False
env_odom_noise,0.0375,0.04899592973540154,0.0008877808989802905,0.12415194243150801,0.7314421317456135,-2.114871576856335,0.9281098546042004,0.9935379644588045,0.28444781906300487,0.6475746721029282,0.65,25.076923076923077,0.0,20.0,False
env_odom_noise,0.0375,0.04899592973540154,0.001838263351530691,0.12374285456855874,0.7301049185439821,-2.0949216868965954,0.9404186795491143,0.9935587761674718,0.2967774557165861,0.6521888703107834,0.65,25.23076923076923,0.0,20.0,False
env_odom_noise,0.0375,0.04899592973540154,0.003806358250624933,0.12372626620946077,0.7246267387206914,-2.056133817931705,0.9528,0.9952,0.31079999999999997,0.6570620946586132,0.65,25.53846153846154,0.0,20.0,False
env_odom_noise,0.0375,0.04899592973540154,0.00788154924594252,0.12372626862865761,0.7181151347851039,-1.977807973069443,0.9650238473767886,0.9984101748807631,0.3262340222575517,0.6939025897532701,0.6,24.75,0.0,20.0,False
env_odom_noise,0.0375,0.04899592973540154,0.01631975090784437,0.12361425628769626,0.701525832400615,-1.8489455695572814,0.97421875,0.9984375,0.33545625,0.7389885254204274,0.6,25.666666666666668,0.0,20.0,False
env_odom_noise,0.0375,0.04899592973540154,0.03379212149580846,0.12276358010153261,0.6911543309809575,-1.6609647872739357,0.9815950920245399,0.9992331288343558,0.34362822085889566,0.8743517309427261,0.55,25.545454545454547,0.0,20.0,False
env_odom_noise,0.0375,0.04899592973540154,0.0699708887492028,0.1227757217498411,0.6686110414274749,-1.41564857723536,0.9859050445103857,1.0,0.34870504451038575,1.0699790567159653,0.55,27.545454545454547,0.0,20.0,False
env_odom_noise,0.0375,0.04899592973540154,0.14488363132100487,0.12194607820585515,0.6411184771873545,-1.1032764946902054,0.9871428571428571,1.0,0.3499428571428571,1.3002146393060685,0.45,27.88888888888889,0.0,20.0,False
env_odom_noise,0.0375,0.04899592973540154,0.3,0.12169836056492131,0.6362828428117171,-0.7838335271922395,0.988795518207283,1.0,0.35159551820728296,1.5093105778098106,0.4,28.25,0.0,20.0,False
env_odom_noise,0.0375,0.10627472835292812,0.00010000000000000009,0.12342277717065198,0.7042792432017231,-1.6055347475277815,0.9781931464174455,0.9976635514018691,0.3386566978193146,0.8554349757730961,0.6,25.833333333333332,0.0,20.0,False
env_odom_noise,0.0375,0.10627472835292812,0.00020706272838739032,0.12342277421224629,0.7029277036830842,-1.6041092798787475,0.97900466562986,0.9976671850699844,0.3394718506998444,0.8512947656214237,0.6,25.916666666666668,0.0,20.0,False
env_odom_noise,0.0375,0.10627472835292812,0.0004287497348723022,0.1234227733951043,0.7013577127880167,-1.6008166133551076,0.9798136645962733,0.9976708074534162,0.3402844720496895,0.8457711718976497,0.6,26.0,0.0,20.0,False
env_odom_noise,0.0375,0.10627472835292812,0.0008877808989802905,0.1234227777852936,0.7013819717038469,-1.5924753471097546,0.9805900621118012,0.9984472049689441,0.34183726708074536,0.8543765880167484,0.6,26.0,0.0,20.0,False
env_odom_noise,0.0375,0.10627472835292812,0.001838263351530691,0.12342277251118397,0.7014316912416511,-1.5757746049594363,0.984472049689441,0.9984472049689441,0.34571925465838516,0.8720994219183922,0.6,26.0,0.0,20.0,False
env_odom_noise,0.0375,0.10627472835292812,0.003806358250624933,0.12342277530099334,0.699737935122996,-1.5442863286211626,0.9852713178294573,0.9984496124031008,0.34652093023255814,0.8983490854501724,0.6,26.083333333333332,0.0,20.0,False
env_odom_noise,0.0375,0.10627472835292812,0.00788154924594252,0.12342277322151457,0.690485053744525,-1.4865849626196828,0.9907834101382489,0.999231950844854,0.35281536098310295,0.9070499137043952,0.55,25.454545454545453,0.0,20.0,False
env_odom_noise,0.0375,0.10627472835292812,0.01631975090784437,0.12304333544609558,0.6877244923520912,-1.3886416590766595,0.993140243902439,0.9992378048780488,0.35517804878048786,0.9936209604144096,0.55,25.90909090909091,0.0,20.0,False
env_odom_noise,0.0375,0.10627472835292812,0.03379212149580846,0.1231746358760372,0.6708442466941509,-1.23950324913444,0.9955357142857143,1.0,0.3583357142857143,1.0877294570207596,0.55,27.363636363636363,0.0,20.0,False
env_odom_noise,0.0375,0.10627472835292812,0.0699708887492028,0.1219594682156458,0.6553719394898743,-1.0337158866121,0.9985528219971056,1.0,0.3613528219971056,1.2950854137539864,0.5,28.1,0.0,20.0,False
env_odom_noise,0.0375,0.10627472835292812,0.14488363132100487,0.12141265057541624,0.6350492286652407,-0.7611198044335754,0.9992997198879552,1.0,0.3620997198879552,1.5180636167526245,0.4,28.25,0.0,20.0,False
env_odom_noise,0.0375,0.10627472835292812,0.3,0.12165923356573496,0.6315597958816103,-0.4512689420780405,1.0,1.0,0.3628,1.7111377023160457,0.35,28.428571428571427,0.0,20.0,False
env_odom_noise,0.0375,0.23051543153651136,0.00010000000000000009,0.1232926084243773,0.6676950765883164,-0.9786309169497227,0.9933135215453195,1.0,0.3561135215453195,1.2979562714695931,0.55,27.454545454545453,0.0,20.0,False
env_odom_noise,0.0375,0.23051543153651136,0.00020706272838739032,0.1232926071288424,0.6677002774653982,-0.9774600552524586,0.9933135215453195,1.0,0.3561135215453195,1.2995824255049229,0.55,27.454545454545453,0.0,20.0,False
env_odom_noise,0.0375,0.23051543153651136,0.0004287497348723022,0.12329260668072721,0.6677113173830949,-0.9750486864709986,0.9933135215453195,1.0,0.3561135215453195,1.302942758053541,0.55,27.454545454545453,0.0,20.0,False
env_odom_noise,0.0375,0.23051543153651136,0.0008877808989802905,0.12295968036321328,0.6677338655821429,-0.9715457183453515,0.9940740740740741,1.0,0.3568740740740741,1.2931055083870888,0.55,27.636363636363637,0.0,20.0,False
env_odom_noise,0.0375,0.23051543153651136,0.001838263351530691,0.12265418803582365,0.6677803519237779,-0.9623235552708518,0.9940828402366864,1.0,0.35688284023668637,1.3000809587538242,0.55,27.727272727272727,0.0,20.0,False
env_odom_noise,0.0375,0.23051543153651136,0.003806358250624933,0.12239776385384102,0.6678755885335131,-0.9433718257773543,0.9940915805022157,1.0,0.3568915805022157,1.3202140659093857,0.55,27.818181818181817,0.0,20.0,False
env_odom_noise,0.0375,0.23051543153651136,0.00788154924594252,0.12246468788984964,0.6680688785095154,-0.9073503819902194,0.9955817378497791,1.0,0.3583817378497791,1.360712865740061,0.55,28.0,0.0,20.0,False
env_odom_noise,0.0375,0.23051543153651136,0.01631975090784437,0.12282591224945699,0.6586946218314196,-0.843717361858054,0.9963609898107715,1.0,0.3591609898107715,1.4078283801674842,0.55,28.727272727272727,0.0,20.0,False
env_odom_noise,0.0375,0.23051543153651136,0.03379212149580846,0.12152075014622012,0.6449682719267329,-0.7402765974240737,0.9985795454545454,1.0,0.3613795454545454,1.4769623801112175,0.5,29.4,0.0,20.0,False
env_odom_noise,0.0375,0.23051543153651136,0.0699708887492028,0.1215528595262247,0.6317646309833181,-0.5783936893983305,0.9986130374479889,1.0,0.3614130374479889,1.6648274078965186,0.4,29.125,0.0,20.0,False
env_odom_noise,0.0375,0.23051543153651136,0.14488363132100487,0.1217720673561508,0.6257102363122032,-0.3492124573363681,1.0,1.0,0.3628,1.8760544307529927,0.35,30.0,0.0,20.0,False
env_odom_noise,0.0375,0.23051543153651136,0.3,0.12224300130345003,0.6270677649851312,-0.07084867079111079,1.0,1.0,0.3628,2.065590925514698,0.3,29.166666666666668,0.0,20.0,False
env_odom_noise,0.0375,0.5,0.00010000000000000009,0.12179305144139896,0.6270773914036916,-0.3146237547069196,0.9979591836734694,1.0,0.3607591836734694,1.9671487547457218,0.35,29.714285714285715,0.0,20.0,False
env_odom_noise,0.0375,0.5,0.00020706272838739032,0.12179305146237757,0.6270821140440184,-0.31401906833956456,0.9979591836734694,1.0,0.3607591836734694,1.9684257254004478,0.35,29.714285714285715,0.0,20.0,False
env_odom_noise,0.0375,0.5,0.0004287497348723022,0.12179305170009899,0.627092068511665,-0.3127704944593643,0.9979591836734694,1.0,0.3607591836734694,1.9710662491619586,0.35,29.714285714285715,0.0,20.0,False
env_odom_noise,0.0375,0.5,0.0008877808989802905,0.1217930508117532,0.6260512686177581,-0.31063057276778905,0.998641304347826,1.0,0.36144130434782606,1.9702404595911502,0.35,29.857142857142858,0.0,20.0,False
env_odom_noise,0.0375,0.5,0.001838263351530691,0.1217930512391525,0.6260957434661821,-0.3053385390949626,0.998641304347826,1.0,0.36144130434782606,1.9815278597176076,0.35,29.857142857142858,0.0,20.0,False
env_odom_noise,0.0375,0.5,0.003806358250624933,0.1217930514589791,0.6248445093417356,-0.2951680764886874,0.9986431478968792,1.0,0.36144314789687926,1.997978900372982,0.35,30.0,0.0,20.0,False
env_odom_noise,0.0375,0.5,0.00788154924594252,0.12179305185152225,0.6235735602909376,-0.2743044110918467,0.9986449864498645,1.0,0.36144498644986456,2.0387316145002843,0.35,30.142857142857142,0.0,20.0,False
env_odom_noise,0.0375,0.5,0.01631975090784437,0.12183274304457205,0.6214038638456314,-0.23698457167929132,0.9993279569892473,1.0,0.36212795698924727,2.0960072055459023,0.35,31.0,0.0,20.0,False
env_odom_noise,0.0375,0.5,0.03379212149580846,0.12223941042327727,0.6157954791236278,-0.1665651900574536,0.9993421052631579,1.0,0.36214210526315793,2.188869033008814,0.3,32.333333333333336,0.0,20.0,False
env_odom_noise,0.0375,0.5,0.0699708887492028,0.12213827565186008,0.6161344188803534,-0.0495478230953024,0.9993446920052425,1.0,0.36214469200524246,2.363217828795314,0.25,31.6,0.0,20.0,False
env_odom_noise,0.0375,0.5,0.14488363132100487,0.12227195594551853,0.6152223390728407,0.11897491156249614,1.0,1.0,0.3628,2.4880315005779265,0.25,32.6,0.0,20.0,False
env_odom_noise,0.0375,0.5,0.3,0.1222719562970259,0.6127069448198517,0.34629036128764734,1.0,1.0,0.3628,2.5680014833807947,0.25,33.2,0.0,20.0,False
env_odom_noise,0.075,0.00010000000000000009,0.00010000000000000009,0.12497971592120649,0.8947493471467576,107.73682781137798,0.136986301369863,0.21404109589041095,1.286172602739726,0.42729615345597266,0.9,27.0,0.0,20.0,False
env_odom_noise,0.075,0.00010000000000000009,0.00020706272838739032,0.12497971599414995,0.8947495293314142,77.75219753340015,0.1481164383561644,0.2363013698630137,1.2527821917808217,0.4279085576534271,0.9,27.0,0.0,20.0,False
env_odom_noise,0.075,0.00010000000000000009,0.0004287497348723022,0.12497971598879849,0.894767911169145,60.16226008911157,0.1660958904109589,0.273972602739726,1.1971315068493151,0.43430386781692504,0.9,27.0,0.0,20.0,False
env_odom_noise,0.075,0.00010000000000000009,0.0008877808989802905,0.12497971576238755,0.89486195490549,50.75584678697537,0.19263698630136986,0.3321917808219178,1.1123712328767124,0.4523578152060509,0.9,27.0,0.0,20.0,False
env_odom_noise,0.075,0.00010000000000000009,0.001838263351530691,0.12472451805104377,0.8868508696101104,45.726816601337944,0.233446519524618,0.39473684210526316,1.009016638370119,0.42356693670153617,0.85,26.58823529411765,0.0,20.0,False
env_odom_noise,0.075,0.00010000000000000009,0.003806358250624933,0.12472451815254396,0.8781178137635579,43.16297037366947,0.29797979797979796,0.4772727272727273,0.8619474747474747,0.45261766463518144,0.85,26.88235294117647,0.0,20.0,False
env_odom_noise,0.075,0.00010000000000000009,0.00788154924594252,0.12462123703100712,0.8704133297419896,41.89508734798444,0.3675,0.5491666666666667,0.7205333333333332,0.4718199193477631,0.75,25.666666666666668,0.0,20.0,False
env_odom_noise,0.075,0.00010000000000000009,0.01631975090784437,0.12393644040495806,0.8500777882792011,40.73827444275871,0.45454545454545453,0.5933441558441559,0.5893103896103895,0.501575504988432,0.75,26.733333333333334,0.0,20.0,False
env_odom_noise,0.075,0.00010000000000000009,0.03379212149580846,0.12369638091868129,0.8321733917564279,40.163545865204384,0.5253565768621236,0.6093502377179081,0.5024931854199683,0.6051462918519974,0.7,26.928571428571427,0.0,20.0,False
env_odom_noise,0.075,0.00010000000000000009,0.0699708887492028,0.12352997616288688,0.8104008777027143,39.85556871436574,0.5635528330781011,0.6217457886676876,0.4519013782542113,0.7748078100383282,0.55,25.636363636363637,0.0,20.0,False
env_odom_noise,0.075,0.00010000000000000009,0.14488363132100487,0.12277901001520246,0.7885915684091345,39.232637439638424,0.5806213017751479,0.6264792899408284,0.4300994082840237,1.0179919622838498,0.45,25.22222222222222,0.0,20.0,False
env_odom_noise,0.075,0.00010000000000000009,0.3,0.12221340247243972,0.7755329614026047,38.79356359564939,0.5926193921852387,0.6331403762662807,0.41144023154848053,1.2659303978085519,0.45,26.88888888888889,0.0,20.0,False
env_odom_noise,0.075,0.00021690521830457365,0.00010000000000000009,0.12497971592120649,0.8947493471467576,68.65382041603216,0.16095890410958905,0.2525684931506849,1.223672602739726,0.42729615345597266,0.9,27.0,0.0,20.0,False
env_odom_noise,0.075,0.00021690521830457365,0.00020706272838739032,0.12497971603691578,0.8947497559753215,47.45552466819853,0.17123287671232876,0.2722602739726027,1.1937068493150687,0.42803810015320776,0.9,27.0,0.0,20.0,False
env_odom_noise,0.075,0.00021690521830457365,0.0004287497348723022,0.12497971546857295,0.8947693625182538,33.35738119090471,0.19006849315068494,0.3082191780821918,1.1389123287671232,0.43477260172367094,0.9,27.0,0.0,20.0,False
env_odom_noise,0.075,0.00021690521830457365,0.0008877808989802905,0.12497971504081587,0.8948697971327908,25.107478972988883,0.21404109589041095,0.3655821917808219,1.0575767123287672,0.45311167761683463,0.9,27.0,0.0,20.0,False
env_odom_noise,0.075,0.00021690521830457365,0.001838263351530691,0.12472451843180991,0.8868602474720466,20.60897312497747,0.2529711375212224,0.42614601018675724,0.9580828522920204,0.42422766909003257,0.85,26.58823529411765,0.0,20.0,False
env_odom_noise,0.075,0.00021690521830457365,0.003806358250624933,0.1247245191985032,0.8781299465529235,18.341444503232314,0.31734006734006737,0.5092592592592593,0.8106006734006733,0.4533107910305262,0.85,26.88235294117647,0.0,20.0,False
env_odom_noise,0.075,0.00021690521830457365,0.00788154924594252,0.12462123589972215,0.8704224307810442,17.301586494453666,0.38666666666666666,0.5783333333333334,0.6721999999999999,0.4723974771797657,0.75,25.666666666666668,0.0,20.0,False
env_odom_noise,0.075,0.00021690521830457365,0.01631975090784437,0.12393643810785225,0.8500840681180885,16.641404924496143,0.47483766233766234,0.6217532467532467,0.5406090909090909,0.5019815314561129,0.75,26.733333333333334,0.0,20.0,False
env_odom_noise,0.075,0.00021690521830457365,0.03379212149580846,0.12369637955876821,0.8321782905568258,16.41767212615136,0.5443740095087163,0.6378763866877971,0.4549496038034866,0.605510451644659,0.7,26.928571428571427,0.0,20.0,False
env_odom_noise,0.075,0.00021690521830457365,0.0699708887492028,0.12352997517889341,0.8104046154025873,16.39794550944953,0.5834609494640123,0.6508422664624809,0.4028967840735068,0.7750779435038566,0.55,25.636363636363637,0.0,20.0,False
env_odom_noise,0.075,0.00021690521830457365,0.14488363132100487,0.12277901112119768,0.7885941719072017,16.280221897553044,0.6005917159763313,0.6553254437869822,0.38128284023668646,1.018161603808403,0.45,25.22222222222222,0.0,20.0,False
env_odom_noise,0.075,0.00021690521830457365,0.3,0.12221340126541093,0.7755345013027212,16.28056051868146,0.6121562952243126,0.6613603473227206,0.36368335745296676,1.2660195499658584,0.45,26.88888888888889,0.0,20.0,False
env_odom_noise,0.075,0.00047047873727754753,0.00010000000000000009,0.12497971592120649,0.8947493471467576,41.91302545427369,0.19434931506849315,0.3167808219178082,1.1260698630136985,0.42729615345597266,0.9,27.0,0.0,20.0,False
env_odom_noise,0.075,0.00047047873727754753,0.00020706272838739032,0.12497971576999714,0.8947501946353632,29.311787013572552,0.2029109589041096,0.3330479452054795,1.101241095890411,0.42841727659106255,0.9,27.0,0.0,20.0,False
env_odom_noise,0.075,0.00047047873727754753,0.0004287497348723022,0.12497971602176725,0.8947735714940206,19.45881352183575,0.22345890410958905,0.3681506849315068,1.045590410958904,0.43589614480733874,0.9,27.0,0.0,20.0,False
env_odom_noise,0.075,0.00047047873727754753,0.0008877808989802905,0.12497971508916018,0.8948864269684937,12.910710147805522,0.2457191780821918,0.4263698630136986,0.9651109589041096,0.4547176294028759,0.9,27.0,0.0,20.0,False
env_odom_noise,0.075,0.00047047873727754753,0.001838263351530691,0.12472451788633508,0.8868802292160678,9.06635014432199,0.28183361629881154,0.4847198641765705,0.870646519524618,0.4256489248946309,0.85,26.58823529411765,0.0,20.0,False
env_odom_noise,0.075,0.00047047873727754753,0.003806358250624933,0.12472451887154291,0.8781554150949031,7.057061770935643,0.34595959595959597,0.5622895622895623,0.7289508417508417,0.45480288080871106,0.85,26.88235294117647,0.0,20.0,False
env_odom_noise,0.075,0.00047047873727754753,0.00788154924594252,0.12462123741448987,0.8704416833761599,6.151929477689479,0.41333333333333333,0.6316666666666667,0.5922,0.473643958568573,0.75,25.666666666666668,0.0,20.0,False
env_odom_noise,0.075,0.00047047873727754753,0.01631975090784437,0.12393644021246739,0.850097721761573,5.725050188476973,0.5008116883116883,0.672077922077922,0.4643103896103896,0.5028624963015318,0.75,26.733333333333334,0.0,20.0,False
env_odom_noise,0.075,0.00047047873727754753,0.03379212149580846,0.12369637816486205,0.8321891081970799,5.66224403846229,0.56973058637084,0.6885895404120443,0.3788798732171157,0.6062997750937938,0.7,26.928571428571427,0.0,20.0,False
env_odom_noise,0.075,0.00047047873727754753,0.0699708887492028,0.12352997655256688,0.8104125623512936,5.7734029113565,0.6079632465543645,0.7013782542113323,0.3278584992343032,0.7756644703447819,0.55,25.636363636363637,0.0,20.0,False
env_odom_noise,0.075,0.00047047873727754753,0.14488363132100487,0.12277900920025814,0.788599858024496,5.886325646357597,0.6257396449704142,0.7048816568047337,0.30657869822485206,1.0185293830931186,0.45,25.22222222222222,0.0,20.0,False
env_odom_noise,0.075,0.00047047873727754753,0.3,0.12221340253339973,0.7755378922799924,6.086888602330783,0.6367583212735166,0.7120115774240231,0.2884301013024603,1.2662125885486604,0.45,26.88888888888889,0.0,20.0,False
env_odom_noise,0.075,0.001020492932168466,0.00010000000000000009,0.1249797159386717,0.8947493012057846,23.02468355224995,0.2457191780821918,0.4049657534246575,0.9865150684931507,0.42737346813082694,0.9,27.0,0.0,20.0,False
env_odom_noise,0.075,0.001020492932168466,0.00020706272838739032,0.12497971555274981,0.8947544824129021,16.93610469827685,0.2534246575342466,0.425513698630137,0.9582616438356164,0.429749221354723,0.9,27.0,0.0,20.0,False
env_odom_noise,0.075,0.001020492932168466,0.0004287497348723022,0.12497971476030743,0.8947908447982609,11.170430421131424,0.2705479452054795,0.4546232876712329,0.9120287671232876,0.4388657107949257,0.9,27.0,0.0,20.0,False
env_odom_noise,0.075,0.001020492932168466,0.0008877808989802905,0.12497971571042013,0.8922637319841938,6.641080817228683,0.28717948717948716,0.49743589743589745,0.8525846153846154,0.44890832901000977,0.9,27.055555555555557,0.0,20.0,False
env_odom_noise,0.075,0.001020492932168466,0.001838263351530691,0.12472451978895509,0.8851861974640552,3.664075656918008,0.3220338983050847,0.5516949152542373,0.763471186440678,0.42418906688690183,0.85,26.647058823529413,0.0,20.0,False
env_odom_noise,0.075,0.001020492932168466,0.003806358250624933,0.12472451840352422,0.8782101212818213,1.9805125237644243,0.38552188552188554,0.627104377104377,0.6245737373737374,0.4579914715141058,0.85,26.88235294117647,0.0,20.0,False
env_odom_noise,0.075,0.001020492932168466,0.00788154924594252,0.12462123806446372,0.8704830237644129,1.1930064012906925,0.4525,0.6933333333333334,0.4913666666666666,0.4763236753642559,0.75,25.666666666666668,0.0,20.0,False
env_odom_noise,0.075,0.001020492932168466,0.01631975090784437,0.12393643901498264,0.8501273639510659,0.8846183874584916,0.538961038961039,0.7337662337662337,0.3644727272727273,0.5047728657722473,0.75,26.733333333333334,0.0,20.0,False
env_odom_noise,0.075,0.001020492932168466,0.03379212149580846,0.12369637769929007,0.8322126420515894,0.8962352504091814,0.6038034865293186,0.7480190174326465,0.28537749603803486,0.6080086223781109,0.7,26.928571428571427,0.0,20.0,False
env_odom_noise,0.075,0.001020492932168466,0.0699708887492028,0.12352997663310879,0.8104302452136566,1.0656990161061013,0.6424196018376723,0.7588055130168453,0.23597488514548237,0.776934064924717,0.55,25.636363636363637,0.0,20.0,False
env_odom_noise,0.075,0.001020492932168466,0.14488363132100487,0.1227790093610051,0.7886122248178039,1.2825345865884414,0.6597633136094675,0.761094674556213,0.21634201183431945,1.019326241314411,0.45,25.22222222222222,0.0,20.0,False
env_odom_noise,0.075,0.001020492932168466,0.3,0.12221340213882718,0.7755450050449241,1.57293432850194,0.6714905933429812,0.7670043415340086,0.19870506512301012,1.2666308671236037,0.45,26.88888888888889,0.0,20.0,False
env_odom_noise,0.075,0.0022135024223027535,0.00010000000000000009,0.1249797166474982,0.8947632342276871,10.670916097516267,0.3184931506849315,0.5342465753424658,0.7844602739726028,0.43079997673630716,0.9,27.0,0.0,20.0,False
env_odom_noise,0.075,0.0022135024223027535,0.00020706272838739032,0.12497971536369136,0.8948054385544462,8.326642031055528,0.3253424657534247,0.547945205479452,0.7639123287671232,0.4368327960371971,0.9,27.0,0.0,20.0,False
env_odom_noise,0.075,0.0022135024223027535,0.0004287497348723022,0.12497971565019605,0.8948986673644539,5.60037443069472,0.3339041095890411,0.565068493150685,0.738227397260274,0.44841915741562843,0.9,27.0,0.0,20.0,False
env_odom_noise,0.075,0.0022135024223027535,0.0008877808989802905,0.12472451850047747,0.8904345720065385,2.9959133156994837,0.3534923339011925,0.6047700170357752,0.6789376490630323,0.4372493840754032,0.9,27.166666666666668,0.0,20.0,False
env_odom_noise,0.075,0.0022135024223027535,0.001838263351530691,0.12472451905756192,0.8831918566624324,0.9938063681507003,0.38747884940778343,0.6615905245346869,0.5881306260575296,0.42220963407307865,0.85,26.705882352941178,0.0,20.0,False
env_odom_noise,0.075,0.0022135024223027535,0.003806358250624933,0.12472451711560738,0.8766690395776031,-0.28095331099467474,0.4403361344537815,0.7235294117647059,0.4733344537815126,0.4543865196406841,0.85,26.941176470588236,0.0,20.0,False
env_odom_noise,0.075,0.0022135024223027535,0.00788154924594252,0.1246212350873934,0.8672153487751384,-0.9261926778220494,0.5058139534883721,0.7857142857142857,0.3456717607973422,0.4720575589686632,0.75,25.8,0.0,20.0,False
env_odom_noise,0.075,0.0022135024223027535,0.01631975090784437,0.12393643979811789,0.8501908205753389,-1.1557230841649375,0.5892857142857143,0.8214285714285714,0.2264857142857143,0.5089105341583491,0.75,26.733333333333334,0.0,20.0,False
env_odom_noise,0.075,0.0022135024223027535,0.03379212149580846,0.12369638124695496,0.8322629631333579,-1.1075280810370973,0.652931854199683,0.8359746434231379,0.1482935023771791,0.6116991564631462,0.7,26.928571428571427,0.0,20.0,True
env_odom_noise,0.075,0.0022135024223027535,0.0699708887492028,0.12352997660239612,0.8104683001493264,-0.9133096900126064,0.6906584992343032,0.8453292496171516,0.11712924961715165,0.7796818256378174,0.55,25.636363636363637,0.0,20.0,False
env_odom_noise,0.075,0.0022135024223027535,0.14488363132100487,0.1227790103861446,0.7886390590692611,-0.6513207200652915,0.7063609467455622,0.8483727810650887,0.12978816568047347,1.0210523299872876,0.45,25.22222222222222,0.0,20.0,False
env_odom_noise,0.075,0.0022135024223027535,0.3,0.1222134026601659,0.7755606369207019,-0.32221925020366576,0.7178002894356006,0.85383502170767,0.13576526772793063,1.2675374165177344,0.45,26.88888888888889,0.0,20.0,False
env_odom_noise,0.075,0.004801202261272809,0.00010000000000000009,0.1245036124340346,0.8898930383632137,3.5965573013047707,0.4271186440677966,0.6771186440677966,0.5329627118644067,0.4184967938810587,0.85,26.647058823529413,0.0,20.0,False
env_odom_noise,0.075,0.004801202261272809,0.00020706272838739032,0.12450361289944313,0.8881836663366112,2.872111660683733,0.4306260575296108,0.6835871404399323,0.5229868020304569,0.41780846677720546,0.85,26.705882352941178,0.0,20.0,False
env_odom_noise,0.075,0.004801202261272809,0.0004287497348723022,0.12450361542680938,0.8882573988951189,1.8475206060332219,0.43908629441624364,0.700507614213198,0.4976060913705584,0.4267140101641417,0.85,26.705882352941178,0.0,20.0,False
env_odom_noise,0.075,0.004801202261272809,0.0008877808989802905,0.12450361458684346,0.8843994568655339,0.658145172335709,0.45952782462057334,0.7259696458684655,0.4517025295109612,0.4231314243748784,0.85,26.823529411764707,0.0,20.0,False
env_odom_noise,0.075,0.004801202261272809,0.001838263351530691,0.12450361357635031,0.8789621296668307,-0.45782800678928054,0.4848993288590604,0.7709731543624161,0.3813275167785235,0.4261843940243125,0.85,27.0,0.0,20.0,False
env_odom_noise,0.075,0.004801202261272809,0.003806358250624933,0.12450361437160791,0.8740137592914343,-1.285863482295029,0.5233722871452421,0.8280467445742905,0.2857809682804674,0.4502169296145439,0.8,26.4375,0.0,20.0,False
env_odom_noise,0.075,0.004801202261272809,0.00788154924594252,0.12435476989279101,0.8629928172074853,-1.755723995805457,0.5862068965517241,0.8776683087027914,0.17332479474548446,0.45461156591773033,0.75,26.266666666666666,0.0,20.0,False
env_odom_noise,0.075,0.004801202261272809,0.01631975090784437,0.12372484246200705,0.8472362192707606,-1.9140380909560888,0.6685483870967742,0.9080645161290323,0.060587096774193494,0.5048123843967914,0.7,26.142857142857142,0.0,20.0,True
env_odom_noise,0.075,0.004801202261272809,0.03379212149580846,0.12337774325063201,0.8310532353673351,-1.8469492496053994,0.7275590551181103,0.9196850393700787,0.07967401574803157,0.6232732184231281,0.7,27.214285714285715,0.0,20.0,True
env_odom_noise,0.075,0.004801202261272809,0.0699708887492028,0.12332888282360516,0.8113321267578799,-1.6399473078917888,0.7618320610687023,0.9267175572519084,0.1069145038167939,0.8045968294143677,0.55,25.818181818181817,0.0,20.0,False
env_odom_noise,0.075,0.004801202261272809,0.14488363132100487,0.12258742380582249,0.7895131529718771,-1.3614306063918005,0.7772861356932154,0.9299410029498525,0.11914513274336291,1.0457880593836308,0.45,25.444444444444443,0.0,20.0,False
env_odom_noise,0.075,0.004801202261272809,0.3,0.12187897952740362,0.7737134508467173,-1.0194358380245325,0.7880747126436781,0.9331896551724138,0.12668505747126435,1.2691452749073506,0.45,27.444444444444443,0.0,20.0,False
env_odom_noise,0.075,0.010414058246057912,0.00010000000000000009,0.1242152492284234,0.8808444087620805,0.13315387713490243,0.5518394648829431,0.7976588628762542,0.2877016722408027,0.43551942966878415,0.8,26.375,0.0,20.0,False
env_odom_noise,0.075,0.010414058246057912,0.00020706272838739032,0.1242152520317201,0.8783198923419832,-0.05920044474474667,0.5550918196994992,0.8013355592654424,0.2807726210350584,0.4277247263118625,0.8,26.4375,0.0,20.0,False
env_odom_noise,0.075,0.010414058246057912,0.0004287497348723022,0.12421525189243396,0.8783735223837665,-0.36303634202721613,0.5626043405676127,0.8113522537562604,0.2632434056761269,0.43409890197217466,0.8,26.4375,0.0,20.0,False
env_odom_noise,0.075,0.010414058246057912,0.0008877808989802905,0.12421525099481036,0.8746409270821884,-0.7927270170928687,0.5748752079866889,0.831946755407654,0.23037803660565714,0.4259250512346625,0.8,26.5625,0.0,20.0,False
env_odom_noise,0.075,0.010414058246057912,0.001838263351530691,0.12421525148568478,0.8719918827361434,-1.275718129328834,0.5903814262023217,0.867330016583748,0.1794885572139303,0.45580632537603377,0.8,26.6875,0.0,20.0,False
env_odom_noise,0.075,0.010414058246057912,0.003806358250624933,0.12416964607775166,0.8683100087730115,-1.7142678969733782,0.6350906095551895,0.9126853377265239,0.08942405271828657,0.4519956078380346,0.75,26.133333333333333,0.0,20.0,True
env_odom_noise,0.075,0.010414058246057912,0.00788154924594252,0.12416964450744179,0.863145688044846,-1.9780879947612948,0.6898527004909983,0.9443535188216039,0.01729918166939448,0.5159408412873745,0.75,26.4,0.0,20.0,True
env_odom_noise,0.075,0.010414058246057912,0.01631975090784437,0.12370231354401241,0.8453930070644443,-2.067796478185858,0.7620192307692307,0.9647435897435898,0.0895628205128205,0.5419557899236679,0.65,25.46153846153846,0.0,20.0,False
env_odom_noise,0.075,0.010414058246057912,0.03379212149580846,0.12320035067033669,0.8285370051256176,-1.983470822896067,0.8197492163009404,0.9725705329153606,0.155119749216301,0.6690013177692891,0.65,26.53846153846154,0.0,20.0,False
env_odom_noise,0.075,0.010414058246057912,0.0699708887492028,0.12315520170817593,0.8039707799054114,-1.7690874062281021,0.8472012102874432,0.9788199697428139,0.18882118003025716,0.8419802494347095,0.55,26.363636363636363,0.0,20.0,False
env_odom_noise,0.075,0.010414058246057912,0.14488363132100487,0.12216611765565302,0.7844898985588691,-1.490861680427351,0.8618421052631579,0.9802631578947368,0.2049052631578947,1.0851754635572433,0.45,26.11111111111111,0.0,20.0,False
env_odom_noise,0.075,0.010414058246057912,0.3,0.12157517388206936,0.7688010269211345,-1.1514620933186412,0.8707386363636364,0.9822443181818182,0.2157829545454546,1.292859673500061,0.4,27.0,0.0,20.0,False
env_odom_noise,0.075,0.02258863577297737,0.00010000000000000009,0.12454252381072212,0.8720536664618744,-1.2604870326527553,0.6875,0.9046052631578947,0.05469473684210535,0.4938538085669279,0.7,25.285714285714285,0.0,20.0,True
env_odom_noise,0.075,0.02258863577297737,0.00020706272838739032,0.12454252244615145,0.8703467416273277,-1.3005174827313248,0.6896551724137931,0.9055829228243021,0.05587224958949111,0.4915437713265419,0.7,25.357142857142858,0.0,20.0,True
env_odom_noise,0.075,0.02258863577297737,0.0004287497348723022,0.1245425212500213,0.8703856474728046,-1.3720246202822337,0.69376026272578,0.9121510673234812,0.053409195402298826,0.4969605375081301,0.7,25.357142857142858,0.0,20.0,True
env_odom_noise,0.075,0.02258863577297737,0.0008877808989802905,0.12454252454703107,0.8681262418150163,-1.4905619969555084,0.7008196721311475,0.9188524590163935,0.053767213114754075,0.49701325669884683,0.7,25.428571428571427,0.0,20.0,True
env_odom_noise,0.075,0.02258863577297737,0.001838263351530691,0.12454252350607947,0.8639474469265641,-1.6435882446456902,0.7210440456769984,0.933115823817292,0.0597282218597065,0.5032936003059149,0.65,24.615384615384617,0.0,20.0,False
env_odom_noise,0.075,0.02258863577297737,0.003806358250624933,0.12432890202333093,0.8580210051227323,-1.8120971005783977,0.7431118314424635,0.9562398703403565,0.062151701782820035,0.5157131869345903,0.65,24.923076923076923,0.0,20.0,False
env_odom_noise,0.075,0.02258863577297737,0.00788154924594252,0.12391779627677732,0.8497241746894268,-1.9262010590157195,0.7953451043338684,0.9751203852327448,0.13326548956661322,0.541547853499651,0.65,25.384615384615383,0.0,20.0,False
env_odom_noise,0.075,0.02258863577297737,0.01631975090784437,0.12391779864510438,0.8444840582456609,-1.9301244873882657,0.8516746411483254,0.9872408293460925,0.20171547049441785,0.6615246422588825,0.65,25.692307692307693,0.0,20.0,False
env_odom_noise,0.075,0.02258863577297737,0.03379212149580846,0.12308410611826853,0.8244744738015662,-1.8355505265842993,0.8992248062015504,0.9922480620155039,0.2542728682170543,0.7343345582485199,0.6,26.083333333333332,0.0,20.0,False
env_odom_noise,0.075,0.02258863577297737,0.0699708887492028,0.12323216322479555,0.8020175689677803,-1.627307981286714,0.9211711711711712,0.9977477477477478,0.281718918918919,0.9350063443183899,0.55,26.818181818181817,0.0,20.0,False
env_odom_noise,0.075,0.02258863577297737,0.14488363132100487,0.12237402305239442,0.7818534491503354,-1.3503424929519081,0.9338662790697675,0.998546511627907,0.2952127906976745,1.182698020339012,0.45,26.555555555555557,0.0,20.0,False
env_odom_noise,0.075,0.02258863577297737,0.3,0.12181678549989823,0.7645816352711567,-1.013339519108837,0.9423347398030942,1.0,0.30513473980309425,1.3657602205872537,0.4,27.875,0.0,20.0,False
env_odom_noise,0.075,0.04899592973540154,0.00010000000000000009,0.12415194020363601,0.860548005860022,-1.5539543781018734,0.8061389337641357,0.9604200323101777,0.1293589660743134,0.6662135493010283,0.65,25.076923076923077,0.0,20.0,False
env_odom_noise,0.075,0.04899592973540154,0.00020706272838739032,0.1241519405630449,0.8605646761767465,-1.560233333603657,0.8077544426494345,0.9620355411954766,0.13258998384491116,0.6682735268026591,0.65,25.076923076923077,0.0,20.0,False
env_odom_noise,0.075,0.04899592973540154,0.0004287497348723022,0.12415194259083165,0.8583244485589112,-1.574213115461678,0.8096774193548387,0.9620967741935483,0.13457419354838707,0.6621435679495334,0.65,25.153846153846153,0.0,20.0,False
env_odom_noise,0.075,0.04899592973540154,0.0008877808989802905,0.12413389398506341,0.8565560305521883,-1.5980566219446912,0.8143086816720257,0.9694533762057878,0.1465620578778135,0.6515700049698353,0.65,25.307692307692307,0.0,20.0,False
env_odom_noise,0.075,0.04899592973540154,0.001838263351530691,0.12413389638952246,0.8566993482938235,-1.6283457691073204,0.822347266881029,0.9726688102893891,0.15781607717041812,0.6719336364418268,0.65,25.307692307692307,0.0,20.0,False
env_odom_noise,0.075,0.04899592973540154,0.003806358250624933,0.12372626563494472,0.8504703489460629,-1.6646014538609106,0.84688995215311,0.9792663476874003,0.18895629984051032,0.6694524213671684,0.6,24.583333333333332,0.0,20.0,False
env_odom_noise,0.075,0.04899592973540154,0.00788154924594252,0.12361425842951235,0.8413123758842043,-1.683367555367366,0.8878357030015798,0.985781990521327,0.23641769352290676,0.693454384803772,0.6,25.083333333333332,0.0,20.0,False
env_odom_noise,0.075,0.04899592973540154,0.01631975090784437,0.12357170411284181,0.8280074982151895,-1.6473599774567305,0.927570093457944,0.9906542056074766,0.2810242990654206,0.7526900194585323,0.6,25.833333333333332,0.0,20.0,False
env_odom_noise,0.075,0.04899592973540154,0.03379212149580846,0.12299011467975983,0.812106556159634,-1.537075698433108,0.9573820395738204,0.9931506849315068,0.31333272450532723,0.849977471679449,0.55,26.0,0.0,20.0,False
env_odom_noise,0.075,0.04899592973540154,0.0699708887492028,0.12265707753240124,0.797213265564276,-1.3462034574042816,0.9725925925925926,0.9977777777777778,0.33317037037037034,1.070421850681305,0.5,26.5,0.0,20.0,False
env_odom_noise,0.075,0.04899592973540154,0.14488363132100487,0.12173821221299597,0.7751549933239079,-1.0717425721414928,0.9814020028612304,0.9985693848354793,0.3427713876967097,1.3174585327506065,0.45,27.77777777777778,0.0,20.0,False
env_odom_noise,0.075,0.04899592973540154,0.3,0.12169835768729712,0.7655763750042685,-0.7571460008866268,0.986731843575419,1.0,0.349531843575419,1.5143938273191453,0.4,28.5,0.0,20.0,False
env_odom_noise,0.075,0.10627472835292812,0.00010000000000000009,0.12342277467397107,0.8285749124277296,-1.333273105366006,0.9009287925696594,0.9868421052631579,0.2505708978328173,0.8501959178596735,0.6,26.166666666666668,0.0,20.0,False
env_odom_noise,0.075,0.10627472835292812,0.00020706272838739032,0.12342277322346655,0.8285894228153893,-1.3332177682471393,0.901702786377709,0.9868421052631579,0.2513448916408668,0.8520860347896815,0.6,26.166666666666668,0.0,20.0,False
env_odom_noise,0.075,0.10627472835292812,0.0004287497348723022,0.1234227738793675,0.8286191753084414,-1.3330210494003354,0.9040247678018576,0.9868421052631579,0.25366687306501545,0.8559969127178192,0.6,26.166666666666668,0.0,20.0,False
env_odom_noise,0.075,0.10627472835292812,0.0008877808989802905,0.12342277527162909,0.828680776788727,-1.3322948008851232,0.9063467492260062,0.9883900928792569,0.2575368421052632,0.8640755735337734,0.6,26.166666666666668,0.0,20.0,False
env_odom_noise,0.075,0.10627472835292812,0.001838263351530691,0.12342277584715704,0.825182201372838,-1.3316847777587997,0.9104938271604939,0.9884259259259259,0.2617197530864198,0.8641413800418377,0.6,26.333333333333332,0.0,20.0,False
env_odom_noise,0.075,0.10627472835292812,0.003806358250624933,0.12342277375689319,0.8205619416517417,-1.3245490965751465,0.9278033794162827,0.989247311827957,0.27985069124423967,0.8688570342957973,0.55,25.454545454545453,0.0,20.0,False
env_odom_noise,0.075,0.10627472835292812,0.00788154924594252,0.123381292362559,0.8210855319156601,-1.3003709453449384,0.946319018404908,0.99079754601227,0.29991656441717796,0.9284876964986324,0.55,25.545454545454547,0.0,20.0,False
env_odom_noise,0.075,0.10627472835292812,0.01631975090784437,0.1233812951609884,0.8153327609814195,-1.242767454009267,0.9626524390243902,0.993140243902439,0.3185926829268293,1.016439149528742,0.55,25.90909090909091,0.0,20.0,False
env_odom_noise,0.075,0.10627472835292812,0.03379212149580846,0.1230156537584048,0.8035339753711217,-1.1431146012974518,0.9776785714285714,0.9955357142857143,0.3360142857142857,1.1085411354899406,0.55,27.363636363636363,0.0,20.0,False
env_odom_noise,0.075,0.10627472835292812,0.0699708887492028,0.12195946858979827,0.7885831589898722,-0.9745951281613002,0.9876811594202899,0.9978260869565218,0.34830724637681165,1.3051378004252912,0.45,26.77777777777778,0.0,20.0,False
env_odom_noise,0.075,0.10627472835292812,0.14488363132100487,0.1214126505300144,0.7665294397767659,-0.7231973279259223,0.993006993006993,0.9986013986013986,0.35440839160839166,1.528472438454628,0.4,28.375,0.0,20.0,False
env_odom_noise,0.075,0.10627472835292812,0.3,0.12165923134013736,0.7738284522045379,-0.4211795309972941,0.9979423868312757,1.0,0.3607423868312757,1.738702555000782,0.3,27.166666666666668,0.0,20.0,False
env_odom_noise,0.075,0.23051543153651136,0.00010000000000000009,0.12282512719159511,0.8010760319461979,-0.847347288962956,0.9651851851851851,0.9933333333333333,0.32131851851851845,1.3067820087075233,0.55,27.636363636363637,0.0,20.0,False
env_odom_noise,0.075,0.23051543153651136,0.00020706272838739032,0.1228251248356664,0.8010890382408089,-0.8466229773651117,0.965925925925926,0.9933333333333333,0.32205925925925927,1.3082820110023021,0.55,27.636363636363637,0.0,20.0,False
env_odom_noise,0.075,0.23051543153651136,0.0004287497348723022,0.12282512316850598,0.8011159917085746,-0.8451238444850255,0.9674074074074074,0.9933333333333333,0.3235407407407407,1.3113865613937379,0.55,27.636363636363637,0.0,20.0,False
env_odom_noise,0.075,0.23051543153651136,0.0008877808989802905,0.12282512695684457,0.8011712851675296,-0.8420231019445593,0.9681481481481482,0.9933333333333333,0.3242814814814815,1.3178068682551385,0.55,27.636363636363637,0.0,20.0,False
env_odom_noise,0.075,0.23051543153651136,0.001838263351530691,0.12304774341541175,0.8012854540806662,-0.8364407663806293,0.9681952662721893,0.9933431952662722,0.3243384615384616,1.3229024916887284,0.55,27.727272727272727,0.0,20.0,False
env_odom_noise,0.075,0.23051543153651136,0.003806358250624933,0.12246468547987455,0.799859809659623,-0.8267459601566162,0.9705882352941176,0.9941176470588236,0.3275058823529412,1.3179381161928176,0.55,28.09090909090909,0.0,20.0,False
env_odom_noise,0.075,0.23051543153651136,0.00788154924594252,0.12246468550549577,0.7984040735516753,-0.8009778017996743,0.9758064516129032,0.9948680351906158,0.3334744868035191,1.358351533859968,0.55,28.272727272727273,0.0,20.0,False
env_odom_noise,0.075,0.23051543153651136,0.01631975090784437,0.12282591341386315,0.7891557034107064,-0.7544016444684757,0.9818577648766328,0.9956458635703919,0.34030362844702466,1.4106194898486137,0.55,28.90909090909091,0.0,20.0,False
env_odom_noise,0.075,0.23051543153651136,0.03379212149580846,0.12151791175915758,0.7744897315364168,-0.6729011667165345,0.9872701555869873,0.9978783592644979,0.34794851485148515,1.4636954061686993,0.45,28.666666666666668,0.0,20.0,False
env_odom_noise,0.075,0.23051543153651136,0.0699708887492028,0.12155285711171063,0.7670351457484033,-0.5278918831906064,0.9916782246879334,0.9986130374479889,0.35309126213592235,1.6830128267407418,0.4,29.125,0.0,20.0,False
env_odom_noise,0.075,0.23051543153651136,0.14488363132100487,0.12177206423963793,0.7690964036239462,-0.3131235518234489,0.9939106901217862,0.9993234100135318,0.356034100135318,1.8995499983429909,0.3,28.833333333333332,0.0,20.0,False
env_odom_noise,0.075,0.23051543153651136,0.3,0.12224300056511891,0.7728011240258995,-0.052550859944200105,0.9979757085020243,1.0,0.36077570850202434,2.0863487616181375,0.3,29.166666666666668,0.0,20.0,False
env_odom_noise,0.075,0.5,0.00010000000000000009,0.12179305067580753,0.7660735604232652,-0.2497937557430396,0.9884667571234735,0.9979647218453188,0.34923147896879236,1.981472647562623,0.35,30.0,0.0,20.0,False
env_odom_noise,0.075,0.5,0.00020706272838739032,0.12179305218931273,0.7660859323423894,-0.24928561879421612,0.9884667571234735,0.9979647218453188,0.34923147896879236,1.9826760429888963,0.35,30.0,0.0,20.0,False
env_odom_noise,0.075,0.5,0.0004287497348723022,0.12179305271640074,0.7661113664845283,-0.24823578983194955,0.9884667571234735,0.9979647218453188,0.34923147896879236,1.9851651709526776,0.35,30.0,0.0,20.0,False
env_odom_noise,0.075,0.5,0.0008877808989802905,0.12179305138013476,0.7661641369932279,-0.24607143797166683,0.9884667571234735,0.9979647218453188,0.34923147896879236,1.9903088714927435,0.35,30.0,0.0,20.0,False
env_odom_noise,0.075,0.5,0.001838263351530691,0.1217930506139323,0.7662729172116312,-0.2416304790911239,0.9884667571234735,0.9986431478968792,0.3499099050203528,2.0009114921092985,0.35,30.0,0.0,20.0,False
env_odom_noise,0.075,0.5,0.003806358250624933,0.12179305141792472,0.7633870178228397,-0.2336323186828667,0.9891745602165088,0.9986468200270636,0.3506213802435725,2.009716822952032,0.35,30.285714285714285,0.0,20.0,False
env_odom_noise,0.075,0.5,0.00788154924594252,0.1217226195785257,0.763027766391654,-0.21625742496656067,0.9898785425101214,0.9986504723346828,0.3513290148448043,2.04425313025713,0.35,30.571428571428573,0.0,20.0,False
env_odom_noise,0.075,0.5,0.01631975090784437,0.12180916406189422,0.7635121262695734,-0.17790880529553713,0.9886968085106383,0.9986702127659575,0.3501670212765958,2.1155437938869,0.3,31.0,0.0,20.0,False
env_odom_noise,0.075,0.5,0.03379212149580846,0.12223940898953024,0.7629622334408579,-0.1188528789912869,0.9921156373193167,0.9986859395532195,0.35360157687253624,2.20642363820225,0.3,32.5,0.0,20.0,False
env_odom_noise,0.075,0.5,0.0699708887492028,0.12213827635929589,0.7658673711251024,-0.012661016961875519,0.9941022280471822,0.9993446920052425,0.35624692005242464,2.3832433354109526,0.25,31.6,0.0,20.0,False
env_odom_noise,0.075,0.5,0.14488363132100487,0.12233093210042334,0.7656161803087836,0.14357282318775907,0.9947984395318595,1.0,0.35759843953185955,2.501764119789004,0.25,32.8,0.0,20.0,False
env_odom_noise,0.075,0.5,0.3,0.1223309328861531,0.7629282596405271,0.36110899059873564,0.9980569948186528,1.0,0.36085699481865285,2.581005612015724,0.25,33.4,0.0,20.0,False
env_odom_noise,0.11249999999999999,0.00010000000000000009,0.00010000000000000009,0.12497971618146378,1.0196524021023754,186.14151254161808,0.1230899830220713,0.18845500848896435,1.3256550084889644,0.4680866844952106,0.9,27.27777777777778,0.0,20.0,False
env_odom_noise,0.11249999999999999,0.00010000000000000009,0.00020706272838739032,0.12497971609976344,1.019652099129448,120.632149010405,0.13412563667232597,0.20628183361629882,1.2967925297113752,0.4683831468224525,0.9,27.27777777777778,0.0,20.0,False
env_odom_noise,0.11249999999999999,0.00010000000000000009,0.0004287497348723022,0.12497971669452228,1.0183303440605689,82.29693840736661,0.14745762711864407,0.23983050847457626,1.2499118644067795,0.4674010924994946,0.9,27.333333333333332,0.0,20.0,False
env_odom_noise,0.11249999999999999,0.00010000000000000009,0.0008877808989802905,0.12497971597886602,1.012870237025265,61.414546983303744,0.16441821247892074,0.275716694772344,1.1970650927487352,0.46950401812791825,0.9,27.5,0.0,20.0,False
env_odom_noise,0.11249999999999999,0.00010000000000000009,0.001838263351530691,0.12472451956756281,1.0059447781413218,50.62326415296894,0.19816053511705686,0.3311036789297659,1.107935785953177,0.4607873670756817,0.85,27.11764705882353,0.0,20.0,False
env_odom_noise,0.11249999999999999,0.00010000000000000009,0.003806358250624933,0.12472451932964582,1.0000955696182472,45.36086314644702,0.23710482529118138,0.41098169717138106,0.9891134775374376,0.4707335792481899,0.85,27.294117647058822,0.0,20.0,False
env_odom_noise,0.11249999999999999,0.00010000000000000009,0.00788154924594252,0.12462123783847041,0.9930028491738309,42.70504686323836,0.2990115321252059,0.48929159802306427,0.8488968698517299,0.49749660640954974,0.75,26.133333333333333,0.0,20.0,False
env_odom_noise,0.11249999999999999,0.00010000000000000009,0.01631975090784437,0.12393643831080221,0.982951280721079,41.30160295893881,0.37682333873581847,0.5583468395461912,0.7020298217179903,0.5408906102180481,0.7,25.928571428571427,0.0,20.0,False
env_odom_noise,0.11249999999999999,0.00010000000000000009,0.03379212149580846,0.12393553770791998,0.9692460527182715,40.586218785296076,0.4666136724960254,0.5961844197138315,0.574401907790143,0.6704354301095009,0.7,26.785714285714285,0.0,20.0,False
env_odom_noise,0.11249999999999999,0.00010000000000000009,0.0699708887492028,0.12352997571160029,0.9432284387768357,39.88107128940305,0.5320610687022901,0.6145038167938931,0.4906351145038168,0.7866760902106762,0.55,25.818181818181817,0.0,20.0,False
env_odom_noise,0.11249999999999999,0.00010000000000000009,0.14488363132100487,0.12277900956390615,0.9266478688391693,39.3638318623783,0.5659259259259259,0.6259259259259259,0.44534814814814816,1.0455341801047324,0.45,25.11111111111111,0.0,20.0,False
env_odom_noise,0.11249999999999999,0.00010000000000000009,0.3,0.1222082337659409,0.9180398177297288,39.083033118623625,0.5813953488372093,0.627906976744186,0.4278976744186046,1.2980145409703254,0.45,26.555555555555557,0.0,20.0,False
env_odom_noise,0.11249999999999999,0.00021690521830457365,0.00010000000000000009,0.12497971618146378,1.0196524021023754,131.6459301701306,0.1468590831918506,0.22495755517826826,1.265383361629881,0.4680866844952106,0.9,27.27777777777778,0.0,20.0,False
env_odom_noise,0.11249999999999999,0.00021690521830457365,0.00020706272838739032,0.12497971594173306,1.0196525689981875,84.92948649794626,0.15619694397283532,0.2461799660441426,1.234823089983022,0.4684605531394482,0.9,27.27777777777778,0.0,20.0,False
env_odom_noise,0.11249999999999999,0.00021690521830457365,0.0004287497348723022,0.124979715518576,1.018334514538548,54.000213836534435,0.1669491525423729,0.27288135593220336,1.1973694915254238,0.46772746071219445,0.9,27.333333333333332,0.0,20.0,False
env_odom_noise,0.11249999999999999,0.00021690521830457365,0.0008877808989802905,0.12497971561922638,1.0128854971096324,35.66782216057577,0.18549747048903878,0.3069139966273187,1.1447885328836425,0.4700544968247414,0.9,27.5,0.0,20.0,False
env_odom_noise,0.11249999999999999,0.00021690521830457365,0.001838263351530691,0.12472451912798942,1.005961608867415,25.76095779552364,0.21989966555183946,0.3637123745819398,1.0535879598662206,0.46123600006103516,0.85,27.11764705882353,0.0,20.0,False
env_odom_noise,0.11249999999999999,0.00021690521830457365,0.003806358250624933,0.12472451926205788,1.0001162078677153,20.79870645774098,0.2562396006655574,0.44093178036605657,0.9400286189683861,0.4712739333510399,0.85,27.294117647058822,0.0,20.0,False
env_odom_noise,0.11249999999999999,0.00021690521830457365,0.00788154924594252,0.12462123631641266,0.9930166439294128,18.388136864150013,0.31795716639209226,0.5189456342668863,0.8002971993410214,0.49790257811546323,0.75,26.133333333333333,0.0,20.0,False
env_odom_noise,0.11249999999999999,0.00021690521830457365,0.01631975090784437,0.12393643813314002,0.9829614308597409,17.24215579886122,0.39708265802269044,0.5891410048622366,0.650976337115073,0.541273868829012,0.7,25.928571428571427,0.0,20.0,False
env_odom_noise,0.11249999999999999,0.00021690521830457365,0.03379212149580846,0.12393553910149031,0.9692539287404593,16.779788069590087,0.4864864864864865,0.624006359300477,0.5267071542130365,0.6707648418843746,0.7,26.785714285714285,0.0,20.0,False
env_odom_noise,0.11249999999999999,0.00021690521830457365,0.0699708887492028,0.12352997737912105,0.9432343043403014,16.49498567087367,0.5519083969465649,0.6435114503816793,0.44178015267175574,0.7869400426745414,0.55,25.818181818181817,0.0,20.0,False
env_odom_noise,0.11249999999999999,0.00021690521830457365,0.14488363132100487,0.12277901055402952,0.9266519899396491,16.377391684757093,0.585925925925926,0.6548148148148148,0.3964592592592592,1.045699406415224,0.45,25.11111111111111,0.0,20.0,False
env_odom_noise,0.11249999999999999,0.00021690521830457365,0.3,0.1222082334609273,0.9180422737748272,16.41599366550422,0.6010174418604651,0.6569767441860465,0.3792058139534884,1.2981024608016014,0.45,26.555555555555557,0.0,20.0,False
env_odom_noise,0.11249999999999999,0.00047047873727754753,0.00010000000000000009,0.12497971618146378,1.0196524021023754,87.26762032386856,0.18166383701188454,0.2928692699490662,1.1626668930390494,0.4680866844952106,0.9,27.27777777777778,0.0,20.0,False
env_odom_noise,0.11249999999999999,0.00047047873727754753,0.00020706272838739032,0.1249797160691866,1.0196538692884802,59.236493040176924,0.18760611205432937,0.31069609507640067,1.1388977928692698,0.46870572566986085,0.9,27.27777777777778,0.0,20.0,False
env_odom_noise,0.11249999999999999,0.00047047873727754753,0.0004287497348723022,0.12497971564053927,1.0183456094267322,37.43103313158031,0.19661016949152543,0.32796610169491525,1.1126237288135594,0.46853314340114594,0.9,27.333333333333332,0.0,20.0,False
env_odom_noise,0.11249999999999999,0.00047047873727754753,0.0008877808989802905,0.12472451915503778,1.0129176308220973,22.731175413089442,0.21464646464646464,0.3627946127946128,1.0597589225589226,0.46015932559967043,0.9,27.555555555555557,0.0,20.0,False
env_odom_noise,0.11249999999999999,0.00047047873727754753,0.001838263351530691,0.12472451891182715,1.0059976188051742,14.15191222618632,0.24749163879598662,0.41555183946488294,0.9741565217391304,0.46219943538308145,0.85,27.11764705882353,0.0,20.0,False
env_odom_noise,0.11249999999999999,0.00047047873727754753,0.003806358250624933,0.12472451850144842,1.0001604522715497,9.584584300178546,0.2820299500831947,0.4933444259567388,0.8618256239600666,0.47243657410144807,0.85,27.294117647058822,0.0,20.0,False
env_odom_noise,0.11249999999999999,0.00047047873727754753,0.00788154924594252,0.12462123660936686,0.9930463218727653,7.35222237026644,0.34349258649093906,0.57166392092257,0.7220434925864909,0.49878033325076104,0.75,26.133333333333333,0.0,20.0,False
env_odom_noise,0.11249999999999999,0.00047047873727754753,0.01631975090784437,0.12393643912610816,0.982983252593297,6.339994606048566,0.42382495948136145,0.6393841166936791,0.5739909238249594,0.5421040400862693,0.7,25.928571428571427,0.0,20.0,False
env_odom_noise,0.11249999999999999,0.00047047873727754753,0.03379212149580846,0.12393553591367933,0.969271247451136,5.995736785371831,0.5111287758346582,0.6740858505564388,0.451985373608903,0.6714790895581245,0.7,26.785714285714285,0.0,20.0,False
env_odom_noise,0.11249999999999999,0.00047047873727754753,0.0699708887492028,0.12352997409511604,0.9432470257697,5.902689192300658,0.5763358778625954,0.6938931297709924,0.3669709923664122,0.7875131018459797,0.55,25.818181818181817,0.0,20.0,False
env_odom_noise,0.11249999999999999,0.00047047873727754753,0.14488363132100487,0.12277901003801575,0.9266609399537763,5.968051468853564,0.6111111111111112,0.7044444444444444,0.3216444444444444,1.0460579462349415,0.45,25.11111111111111,0.0,20.0,False
env_odom_noise,0.11249999999999999,0.00047047873727754753,0.3,0.12220823397933632,0.9180471017982589,6.1527129331502115,0.626453488372093,0.7078488372093024,0.3028976744186046,1.2982921093702315,0.45,26.555555555555557,0.0,20.0,False
env_odom_noise,0.11249999999999999,0.001020492932168466,0.00010000000000000009,0.12497971618146378,1.0196521223627568,52.02104665451049,0.22495755517826826,0.37521222410865873,1.037030220713073,0.4681166082620621,0.9,27.27777777777778,0.0,20.0,False
env_odom_noise,0.11249999999999999,0.001020492932168466,0.00020706272838739032,0.1249797156269272,1.0196641127239052,38.33119658565442,0.22835314091680814,0.3853989813242784,1.0234478777589135,0.4696776233613491,0.9,27.27777777777778,0.0,20.0,False
env_odom_noise,0.11249999999999999,0.001020492932168466,0.0004287497348723022,0.12497971566885178,1.0183853953376083,25.441670781364415,0.24067796610169492,0.3983050847457627,0.9982169491525424,0.4708241380751133,0.9,27.333333333333332,0.0,20.0,False
env_odom_noise,0.11249999999999999,0.001020492932168466,0.0008877808989802905,0.12472451938414862,1.0113232646785748,15.180459987721957,0.26218487394957984,0.426890756302521,0.9481243697478992,0.45088166147470476,0.85,26.941176470588236,0.0,20.0,False
env_odom_noise,0.11249999999999999,0.001020492932168466,0.001838263351530691,0.12472451804801118,1.0061056589651858,8.408965143789692,0.28511705685618727,0.48327759197324416,0.8688053511705686,0.4648046404123306,0.85,27.11764705882353,0.0,20.0,False
env_odom_noise,0.11249999999999999,0.001020492932168466,0.003806358250624933,0.12472451951309033,1.0002538310763534,4.447744524914292,0.32196339434276205,0.5582362728785357,0.7570003327787023,0.4749198265373707,0.85,27.294117647058822,0.0,20.0,False
env_odom_noise,0.11249999999999999,0.001020492932168466,0.00788154924594252,0.12462123834263258,0.9931094209706645,2.4200319958385577,0.3797364085667216,0.6326194398682042,0.6248441515650742,0.5006707735359669,0.75,26.133333333333333,0.0,20.0,False
env_odom_noise,0.11249999999999999,0.001020492932168466,0.01631975090784437,0.12393644017626482,0.9830302495666305,1.5000274434435563,0.4586709886547812,0.7009724473257699,0.4775565640194489,0.5438991017639637,0.7,25.928571428571427,0.0,20.0,False
env_odom_noise,0.11249999999999999,0.001020492932168466,0.03379212149580846,0.1239355382198262,0.9693085097748251,1.215089975352066,0.5468998410174881,0.733704292527822,0.3565958664546899,0.673026479780674,0.7,26.785714285714285,0.0,20.0,False
env_odom_noise,0.11249999999999999,0.001020492932168466,0.0699708887492028,0.12352997522720577,0.9432748329313959,1.208941691451229,0.6106870229007634,0.751145038167939,0.27536793893129763,0.7887537471950055,0.55,25.818181818181817,0.0,20.0,False
env_odom_noise,0.11249999999999999,0.001020492932168466,0.14488363132100487,0.12277901049996927,0.9266802389522383,1.3573404071216295,0.6459259259259259,0.7607407407407407,0.23053333333333337,1.0468349263072014,0.45,25.11111111111111,0.0,20.0,False
env_odom_noise,0.11249999999999999,0.001020492932168466,0.3,0.1222082333673106,0.9180581125375025,1.6080639779956785,0.6613372093023255,0.7630813953488372,0.21278139534883722,1.2987046897411347,0.45,26.555555555555557,0.0,20.0,False
env_odom_noise,0.11249999999999999,0.0022135024223027535,0.00010000000000000009,0.12497971637835481,1.0183176130670346,27.318890399273503,0.28983050847457625,0.488135593220339,0.8592338983050847,0.4657460354268551,0.9,27.333333333333332,0.0,20.0,False
env_odom_noise,0.11249999999999999,0.0022135024223027535,0.00020706272838739032,0.12497971628609043,1.0142442575250217,21.94168326695028,0.2972972972972973,0.49408783783783783,0.8458148648648649,0.45249342210590837,0.9,27.444444444444443,0.0,20.0,False
env_odom_noise,0.11249999999999999,0.0022135024223027535,0.0004287497348723022,0.12497971555704583,1.0129129448700458,15.738288072807729,0.30438448566610454,0.5075885328836425,0.825226981450253,0.46759184300899503,0.9,27.5,0.0,20.0,False
env_odom_noise,0.11249999999999999,0.0022135024223027535,0.0008877808989802905,0.12472451680407733,1.0115784036450293,9.760259001476873,0.32521008403361346,0.5378151260504201,0.7741747899159663,0.45777345448732376,0.85,26.941176470588236,0.0,20.0,False
env_odom_noise,0.11249999999999999,0.0022135024223027535,0.001838263351530691,0.12472451830327304,1.0034835419030614,5.088634970220481,0.34056761268781305,0.5884808013355592,0.7081515859766276,0.460416653752327,0.85,27.176470588235293,0.0,20.0,False
env_odom_noise,0.11249999999999999,0.0022135024223027535,0.003806358250624933,0.12472451824060397,1.0004455797234035,2.00113881844804,0.3718801996672213,0.6572379367720466,0.6080818635607321,0.48015287667512896,0.85,27.294117647058822,0.0,20.0,False
env_odom_noise,0.11249999999999999,0.0022135024223027535,0.00788154924594252,0.12462123493609896,0.9932428549285599,0.26860282750040043,0.4299835255354201,0.7265238879736409,0.48069258649093904,0.5047170802950859,0.75,26.133333333333333,0.0,20.0,False
env_odom_noise,0.11249999999999999,0.0022135024223027535,0.01631975090784437,0.12393643756375042,0.9820549407705979,-0.5522386088320038,0.5072815533980582,0.7888349514563107,0.3410834951456311,0.5440230742096901,0.7,26.0,0.0,20.0,False
env_odom_noise,0.11249999999999999,0.0022135024223027535,0.03379212149580846,0.12361088318473355,0.965056516984854,-0.8107801083609062,0.5965189873417721,0.8227848101265823,0.21789620253164554,0.6540426276624203,0.7,27.0,0.0,20.0,False
env_odom_noise,0.11249999999999999,0.0022135024223027535,0.0699708887492028,0.12352997738770355,0.9433347058596405,-0.7649186250086456,0.6595419847328244,0.8374045801526717,0.14025343511450383,0.791438914090395,0.55,25.818181818181817,0.0,20.0,False
env_odom_noise,0.11249999999999999,0.0022135024223027535,0.14488363132100487,0.12277901177286231,0.9267221814944047,-0.5795942424818287,0.6925925925925925,0.8481481481481481,0.11624444444444448,1.0485188215970993,0.45,25.11111111111111,0.0,20.0,False
env_odom_noise,0.11249999999999999,0.0022135024223027535,0.3,0.12220823351592974,0.9180817298472241,-0.299864506824911,0.7078488372093024,0.8502906976744186,0.12935813953488384,1.2995982393622398,0.45,26.555555555555557,0.0,20.0,False
env_odom_noise,0.11249999999999999,0.004801202261272809,0.00010000000000000009,0.12450361483816928,1.0128483441037173,12.336060480342832,0.3961474036850921,0.6172529313232831,0.6237996649916249,0.45768623799085617,0.85,27.058823529411764,0.0,20.0,False
env_odom_noise,0.11249999999999999,0.004801202261272809,0.00020706272838739032,0.12450361603003249,1.0101392842765629,10.617322406226986,0.3979933110367893,0.6262541806020067,0.612952508361204,0.44939118772745135,0.85,27.11764705882353,0.0,20.0,False
env_odom_noise,0.11249999999999999,0.004801202261272809,0.0004287497348723022,0.12450361395506554,1.0102850294297314,8.227512557317363,0.40551839464882944,0.6404682274247492,0.5912133779264214,0.4558861032128334,0.85,27.11764705882353,0.0,20.0,False
env_odom_noise,0.11249999999999999,0.004801202261272809,0.0008877808989802905,0.12450361544896242,1.0046681974521066,5.439762426890741,0.4168053244592346,0.6622296173044925,0.5581650582362729,0.4615513287484646,0.85,27.294117647058822,0.0,20.0,False
env_odom_noise,0.11249999999999999,0.004801202261272809,0.001838263351530691,0.12450361581181107,1.0032986308082337,2.763016150410351,0.42857142857142855,0.7009966777408638,0.5076318936877076,0.46561492756009104,0.8,26.625,0.0,20.0,False
env_odom_noise,0.11249999999999999,0.004801202261272809,0.003806358250624933,0.12440183614710638,1.002037943032924,0.6720948351031717,0.45778145695364236,0.7582781456953642,0.4211403973509934,0.46890922337770463,0.75,25.933333333333334,0.0,20.0,False
env_odom_noise,0.11249999999999999,0.004801202261272809,0.00788154924594252,0.12402837151008494,0.9937599825196316,-0.6627024342977521,0.5171568627450981,0.821078431372549,0.2989647058823529,0.5233655206859111,0.75,26.466666666666665,0.0,20.0,False
env_odom_noise,0.11249999999999999,0.004801202261272809,0.01631975090784437,0.12388390105087776,0.9820128874719077,-1.3350557729503554,0.5860128617363344,0.8762057877813505,0.1749813504823151,0.545773871243,0.7,26.285714285714285,0.0,20.0,False
env_odom_noise,0.11249999999999999,0.004801202261272809,0.03379212149580846,0.12290495561204888,0.962792528051174,-1.5663440897581313,0.6737089201877934,0.9084507042253521,0.055040375586854484,0.6322232767939567,0.65,26.615384615384617,0.0,20.0,False
env_odom_noise,0.11249999999999999,0.004801202261272809,0.0699708887492028,0.1233288819760243,0.9430349933081543,-1.4897481060049358,0.7310030395136778,0.9194528875379939,0.08335015197568396,0.8147110171616078,0.55,26.09090909090909,0.0,20.0,False
env_odom_noise,0.11249999999999999,0.004801202261272809,0.14488363132100487,0.12258742459866856,0.9260452306337262,-1.2908733613722672,0.7640117994100295,0.9292035398230089,0.10660825958702069,1.0648842349648475,0.45,25.444444444444443,0.0,20.0,False
env_odom_noise,0.11249999999999999,0.004801202261272809,0.3,0.12166729704655264,0.9138353322773516,-0.9918569370390563,0.7800859598853869,0.9312320916905444,0.12065386819484247,1.2773088864982127,0.4,26.25,0.0,20.0,False
env_odom_noise,0.11249999999999999,0.010414058246057912,0.00010000000000000009,0.12421525198538688,1.00544160572751,4.468736223416362,0.5074503311258278,0.7326158940397351,0.397133774834437,0.4911726787686348,0.8,26.75,0.0,20.0,False
env_odom_noise,0.11249999999999999,0.010414058246057912,0.00020706272838739032,0.12421525102074603,1.0054961748758466,4.019534364613082,0.5115894039735099,0.7367549668874173,0.3888556291390728,0.49346591532230377,0.8,26.75,0.0,20.0,False
env_odom_noise,0.11249999999999999,0.010414058246057912,0.0004287497348723022,0.12421525002018813,1.0056056524789105,3.279063341536561,0.5165562913907285,0.7425496688741722,0.37809403973509936,0.4980893053114414,0.8,26.75,0.0,20.0,False
env_odom_noise,0.11249999999999999,0.010414058246057912,0.0008877808989802905,0.12421525089342338,1.0058194320251854,2.229009510389115,0.5198675496688742,0.7615894039735099,0.3557430463576159,0.5072283372282982,0.8,26.75,0.0,20.0,False
env_odom_noise,0.11249999999999999,0.010414058246057912,0.001838263351530691,0.12421525232910989,1.004596073420545,1.001199528089866,0.5388429752066116,0.7892561983471075,0.3091008264462809,0.5164687499403954,0.75,26.0,0.0,20.0,False
env_odom_noise,0.11249999999999999,0.010414058246057912,0.003806358250624933,0.12405855416657906,1.0025686697233638,-0.1649834655787262,0.569078947368421,0.8314144736842105,0.23670657894736846,0.5319606833159923,0.75,26.2,0.0,20.0,False
env_odom_noise,0.11249999999999999,0.010414058246057912,0.00788154924594252,0.12411409578871024,0.9947993560019761,-1.0444239014360013,0.612012987012987,0.8944805194805194,0.13070649350649355,0.5580498330295086,0.7,25.857142857142858,0.0,20.0,True
env_odom_noise,0.11249999999999999,0.010414058246057912,0.01631975090784437,0.1235892344202391,0.9760377918618292,-1.5439489283815182,0.6807324840764332,0.9378980891719745,0.018569426751592344,0.5700873263180256,0.65,25.76923076923077,0.0,20.0,False
env_odom_noise,0.11249999999999999,0.010414058246057912,0.03379212149580846,0.12273035786980149,0.964053135803373,-1.7100457350764062,0.7628705148205929,0.9609984399375975,0.08666895475819036,0.6893118865787983,0.65,26.76923076923077,0.0,20.0,False
env_odom_noise,0.11249999999999999,0.010414058246057912,0.0699708887492028,0.12302227424053538,0.9394606967183196,-1.6315004026301412,0.8167420814479638,0.971342383107089,0.15088446455505278,0.8550470128655434,0.55,26.545454545454547,0.0,20.0,False
env_odom_noise,0.11249999999999999,0.010414058246057912,0.14488363132100487,0.12216611738855333,0.9251966588850069,-1.4254275733408968,0.8489736070381232,0.9794721407624634,0.19124574780058656,1.117843120545149,0.45,25.88888888888889,0.0,20.0,False
env_odom_noise,0.11249999999999999,0.010414058246057912,0.3,0.1215892204815784,0.9128148081849122,-1.1253536697790691,0.8627311522048364,0.9800853485064012,0.2056165007112376,1.3187946625053883,0.4,26.875,0.0,20.0,False
env_odom_noise,0.11249999999999999,0.02258863577297737,0.00010000000000000009,0.12432890125214699,1.0055112782004132,0.8348368621410863,0.6323529411764706,0.8178104575163399,0.18703660130718958,0.5515977047383785,0.65,24.53846153846154,0.0,20.0,False
env_odom_noise,0.11249999999999999,0.02258863577297737,0.00020706272838739032,0.1243289027456438,1.005547460402259,0.7309409326755403,0.6339869281045751,0.8202614379084967,0.18295163398692815,0.5531224731355906,0.65,24.53846153846154,0.0,20.0,False
env_odom_noise,0.11249999999999999,0.02258863577297737,0.0004287497348723022,0.1243289010005601,1.005621733545908,0.5411689310262873,0.6348039215686274,0.826797385620915,0.1755986928104576,0.5562457468360662,0.65,24.53846153846154,0.0,20.0,False
env_odom_noise,0.11249999999999999,0.02258863577297737,0.0008877808989802905,0.12432890119177997,0.9962397266056979,0.20993574297254097,0.6412337662337663,0.8352272727272727,0.16073896103896101,0.521213524416089,0.65,24.846153846153847,0.0,20.0,False
env_odom_noise,0.11249999999999999,0.02258863577297737,0.001838263351530691,0.1243289019354058,0.9932534622182939,-0.2287113097611848,0.6577669902912622,0.8551779935275081,0.1242550161812297,0.5326470695436001,0.65,25.0,0.0,20.0,False
env_odom_noise,0.11249999999999999,0.02258863577297737,0.003806358250624933,0.12432890116805703,0.9883116406444429,-0.7321368173770199,0.6784565916398714,0.8954983922829582,0.06324501607717037,0.5645199418067932,0.65,25.307692307692307,0.0,20.0,False
env_odom_noise,0.11249999999999999,0.02258863577297737,0.00788154924594252,0.12421366492668344,0.9891710157686912,-1.184921918546074,0.7134831460674157,0.9373996789727127,0.047883467094703036,0.6150788944214582,0.65,25.384615384615383,0.0,20.0,False
env_odom_noise,0.11249999999999999,0.02258863577297737,0.01631975090784437,0.12376087530184507,0.9724683333135623,-1.4856935253617338,0.7705047318611987,0.9652996845425867,0.09860441640378548,0.6541325315833092,0.65,26.23076923076923,0.0,20.0,False
env_odom_noise,0.11249999999999999,0.02258863577297737,0.03379212149580846,0.12315786027731856,0.9588225375702191,-1.5837339242471582,0.8459167950693375,0.9815100154083205,0.190226810477658,0.7306669481098652,0.55,25.272727272727273,0.0,20.0,False
env_odom_noise,0.11249999999999999,0.02258863577297737,0.0699708887492028,0.12323216162026754,0.935490822945213,-1.4872720931901635,0.8914670658682635,0.9910179640718563,0.2452850299401198,0.9489708639681339,0.5,25.8,0.0,20.0,False
env_odom_noise,0.11249999999999999,0.02258863577297737,0.14488363132100487,0.1223740221137004,0.9213991821809635,-1.284220332568717,0.9213973799126638,0.9978165938864629,0.28201397379912674,1.2041404366493225,0.45,26.444444444444443,0.0,20.0,False
env_odom_noise,0.11249999999999999,0.02258863577297737,0.3,0.12174384054815085,0.9246557555357773,-0.9677793729236148,0.9355742296918768,0.9978991596638656,0.2962733893557423,1.422010462731123,0.35,26.714285714285715,0.0,20.0,False
env_odom_noise,0.11249999999999999,0.04899592973540154,0.00010000000000000009,0.12402011276576771,0.9911670813244319,-0.5524153707802734,0.740829346092504,0.8939393939393939,0.11868995215311007,0.6866323389112949,0.65,25.692307692307693,0.0,20.0,False
env_odom_noise,0.11249999999999999,0.04899592973540154,0.00020706272838739032,0.12402011238971904,0.9911885803162834,-0.5740374214727149,0.7416267942583732,0.8947368421052632,0.11868995215311007,0.6790739879012108,0.6,24.583333333333332,0.0,20.0,False
env_odom_noise,0.11249999999999999,0.04899592973540154,0.0004287497348723022,0.12402011471541005,0.9912329544028514,-0.6157876130740659,0.7424242424242424,0.8995215311004785,0.11470271132376397,0.682115226238966,0.6,24.583333333333332,0.0,20.0,False
env_odom_noise,0.11249999999999999,0.04899592973540154,0.0008877808989802905,0.1240201111291669,0.9913250212776787,-0.6913144893548636,0.7464114832535885,0.9059011164274322,0.11231036682615636,0.6884153701364994,0.6,24.583333333333332,0.0,20.0,False
env_odom_noise,0.11249999999999999,0.04899592973540154,0.001838263351530691,0.12402011486456815,0.9915166826266597,-0.8133930494998918,0.7583732057416268,0.9178628389154705,0.11231036682615636,0.7016234900802374,0.6,24.583333333333332,0.0,20.0,False
env_odom_noise,0.11249999999999999,0.04899592973540154,0.003806358250624933,0.12402011537590255,0.989922125701143,-0.9803586118137134,0.7699044585987261,0.9339171974522293,0.10778726114649684,0.720195247232914,0.6,24.666666666666668,0.0,20.0,False
env_odom_noise,0.11249999999999999,0.04899592973540154,0.00788154924594252,0.1236142564811544,0.9730424051928647,-1.1696765978458623,0.7990580847723705,0.9544740973312402,0.11638398744113032,0.7146193064749241,0.6,25.416666666666668,0.0,20.0,False
env_odom_noise,0.11249999999999999,0.04899592973540154,0.01631975090784437,0.12357170541909371,0.96313841960425,-1.2939024718410308,0.843167701863354,0.9743788819875776,0.1803465838509316,0.7823609463870526,0.6,26.0,0.0,20.0,False
env_odom_noise,0.11249999999999999,0.04899592973540154,0.03379212149580846,0.12282963402806733,0.9485756612548681,-1.3212353031797226,0.9081942336874052,0.9848254931714719,0.2558197268588771,0.8751952845603228,0.55,26.181818181818183,0.0,20.0,False
env_odom_noise,0.11249999999999999,0.04899592973540154,0.0699708887492028,0.12233627181226968,0.9340538548830797,-1.2241449325709763,0.947562776957164,0.9918759231905465,0.3022387001477105,1.0811541065573693,0.5,26.7,0.0,20.0,False
env_odom_noise,0.11249999999999999,0.04899592973540154,0.14488363132100487,0.12173464318801104,0.9164245735414307,-1.006623541451247,0.9678571428571429,0.9978571428571429,0.32851428571428576,1.331610907614231,0.4,26.5,0.0,20.0,False
env_odom_noise,0.11249999999999999,0.04899592973540154,0.3,0.12169835915230894,0.9184832085814115,-0.6956266513686591,0.9806362378976486,0.9979253112033195,0.34136154910096816,1.5521957010030747,0.35,28.0,0.0,20.0,False
env_odom_noise,0.11249999999999999,0.10627472835292812,0.00010000000000000009,0.12382387067223938,0.9694013549577952,-0.8506690119057005,0.8243034055727554,0.9558823529411765,0.14298575851393192,0.9028410352766514,0.55,25.0,0.0,20.0,False
env_odom_noise,0.11249999999999999,0.10627472835292812,0.00020706272838739032,0.12382387378855345,0.9694207726724046,-0.854038646269735,0.8250773993808049,0.9558823529411765,0.14375975232198146,0.9043338641524314,0.55,25.0,0.0,20.0,False
env_odom_noise,0.11249999999999999,0.10627472835292812,0.0004287497348723022,0.12342277641123359,0.9649256921317495,-0.8666362600245187,0.8266563944530047,0.9568567026194145,0.14631309707241913,0.879356050491333,0.55,25.272727272727273,0.0,20.0,False
env_odom_noise,0.11249999999999999,0.10627472835292812,0.0008877808989802905,0.12342277620674788,0.9650172522696199,-0.879247542306829,0.8289676425269645,0.9576271186440678,0.14939476117103234,0.8858830526471138,0.55,25.272727272727273,0.0,20.0,False
env_odom_noise,0.11249999999999999,0.10627472835292812,0.001838263351530691,0.12306826356987585,0.96305714309118,-0.906957190619175,0.8343558282208589,0.9662576687116564,0.16341349693251528,0.8935393273830414,0.55,25.545454545454547,0.0,20.0,False
env_odom_noise,0.11249999999999999,0.10627472835292812,0.003806358250624933,0.12306826483041473,0.9634676965539624,-0.9395137491154906,0.8443251533742331,0.968558282208589,0.17568343558282207,0.9201705068349838,0.55,25.545454545454547,0.0,20.0,False
env_odom_noise,0.11249999999999999,0.10627472835292812,0.00788154924594252,0.12338129277521075,0.9624293680229526,-0.9742691705688858,0.8673312883435583,0.9739263803680982,0.20405766871165654,0.9680541276931762,0.55,25.545454545454547,0.0,20.0,False
env_odom_noise,0.11249999999999999,0.10627472835292812,0.01631975090784437,0.12298117892214432,0.9524085605689534,-1.002003493772765,0.8957703927492447,0.9848942598187311,0.2434646525679759,1.0170677080750465,0.55,26.454545454545453,0.0,20.0,False
env_odom_noise,0.11249999999999999,0.10627472835292812,0.03379212149580846,0.123015654949334,0.9386196660598716,-0.971914295910916,0.9407407407407408,0.9911111111111112,0.29465185185185194,1.119513740390539,0.55,27.636363636363637,0.0,20.0,False
env_odom_noise,0.11249999999999999,0.10627472835292812,0.0699708887492028,0.12183907768047177,0.9349470043573411,-0.8758001352073276,0.9629898403483309,0.9927431059506531,0.318532946298984,1.3242227636277675,0.45,26.666666666666668,0.0,20.0,False
env_odom_noise,0.11249999999999999,0.10627472835292812,0.14488363132100487,0.12141264861620925,0.9222468313567401,-0.6399963943166896,0.9805825242718447,0.9979195561719834,0.34130208044382804,1.5760712042450904,0.35,27.714285714285715,0.0,20.0,False
env_odom_noise,0.11249999999999999,0.10627472835292812,0.3,0.12182167598023981,0.9273300480497123,-0.3893880187131138,0.9917808219178083,0.9979452054794521,0.35252602739726036,1.7554898351430892,0.3,27.333333333333332,0.0,20.0,False
env_odom_noise,0.11249999999999999,0.23051543153651136,0.00010000000000000009,0.12304774298283014,0.944440365626682,-0.6180549085389926,0.9023668639053254,0.985207100591716,0.2503739644970414,1.3342068478465081,0.55,27.727272727272727,0.0,20.0,False
env_odom_noise,0.11249999999999999,0.23051543153651136,0.00020706272838739032,0.12304773970634307,0.9444608293285873,-0.6180989485664437,0.9023668639053254,0.985207100591716,0.2503739644970414,1.335601944476366,0.55,27.727272727272727,0.0,20.0,False
env_odom_noise,0.11249999999999999,0.23051543153651136,0.0004287497348723022,0.12304774099861253,0.9420543552261186,-0.6193974872600277,0.9025110782865583,0.9859675036927622,0.2512785819793205,1.3332564130425453,0.55,27.818181818181817,0.0,20.0,False
env_odom_noise,0.11249999999999999,0.23051543153651136,0.0008877808989802905,0.12304774152859482,0.9388198887460343,-0.6204741019259423,0.9036764705882353,0.986764705882353,0.2532411764705883,1.3231437582522632,0.55,28.09090909090909,0.0,20.0,False
env_odom_noise,0.11249999999999999,0.23051543153651136,0.001838263351530691,0.12304774110609588,0.9390092833324564,-0.6201815237550529,0.9066176470588235,0.986764705882353,0.2561823529411765,1.335203079879284,0.55,28.09090909090909,0.0,20.0,False
env_odom_noise,0.11249999999999999,0.23051543153651136,0.003806358250624933,0.12246468659125435,0.939398975429083,-0.6220820877690932,0.9099560761346999,0.986822840409956,0.2595789165446559,1.3368646591901778,0.55,28.363636363636363,0.0,20.0,False
env_odom_noise,0.11249999999999999,0.23051543153651136,0.00788154924594252,0.12261386786524468,0.9344581914826746,-0.6199212575280199,0.9236918604651163,0.9883720930232558,0.2748639534883721,1.3469817377626896,0.55,28.818181818181817,0.0,20.0,False
env_odom_noise,0.11249999999999999,0.23051543153651136,0.01631975090784437,0.12249163802967235,0.9324313496945931,-0.6011847275627759,0.9371387283236994,0.9913294797687862,0.29126820809248555,1.4177997678518295,0.55,29.181818181818183,0.0,20.0,False
env_odom_noise,0.11249999999999999,0.23051543153651136,0.03379212149580846,0.12151791044683408,0.9160473057105656,-0.5534099089762192,0.9533898305084746,0.992231638418079,0.30842146892655364,1.4777717933058738,0.4,27.5,0.0,20.0,False
env_odom_noise,0.11249999999999999,0.23051543153651136,0.0699708887492028,0.1215528592095622,0.9209651488218543,-0.4284308155279709,0.9725651577503429,0.9945130315500685,0.32987818930041146,1.713549691438675,0.35,28.857142857142858,0.0,20.0,False
env_odom_noise,0.11249999999999999,0.23051543153651136,0.14488363132100487,0.121748158128772,0.9221085895662654,-0.25733356391899637,0.9871447902571042,0.9979702300405954,0.3479150202976996,1.9232273302972316,0.3,28.833333333333332,0.0,20.0,False
env_odom_noise,0.11249999999999999,0.23051543153651136,0.3,0.12209882729055613,0.9277664219460351,-0.02477088787806719,0.9926075268817204,0.9986559139784946,0.354063440860215,2.0887360006570814,0.3,29.666666666666668,0.0,20.0,False
env_odom_noise,0.11249999999999999,0.5,0.00010000000000000009,0.12179305320931057,0.9164279948857014,-0.13610963000192733,0.9532520325203252,0.9932249322493225,0.3092769647696477,2.0060157965868712,0.35,30.142857142857142,0.0,20.0,False
env_odom_noise,0.11249999999999999,0.5,0.00020706272838739032,0.12179305267147575,0.9164475090039669,-0.1357727282886503,0.9532520325203252,0.9932249322493225,0.3092769647696477,2.007150997966528,0.35,30.142857142857142,0.0,20.0,False
env_odom_noise,0.11249999999999999,0.5,0.0004287497348723022,0.12179305211199773,0.9164879732137656,-0.135074985123868,0.9532520325203252,0.9932249322493225,0.3092769647696477,2.0094993129372596,0.35,30.142857142857142,0.0,20.0,False
env_odom_noise,0.11249999999999999,0.5,0.0008877808989802905,0.12179305055371731,0.914897422537593,-0.13431419628740507,0.9539918809201624,0.993234100135318,0.3100259810554804,2.007670496031642,0.35,30.285714285714285,0.0,20.0,False
env_odom_noise,0.11249999999999999,0.5,0.001838263351530691,0.12179305403794438,0.9150699693031148,-0.13132359010572012,0.956021650879567,0.993234100135318,0.31205575101488503,2.0176987208426,0.35,30.285714285714285,0.0,20.0,False
env_odom_noise,0.11249999999999999,0.5,0.003806358250624933,0.12172261757505362,0.9154246399979775,-0.1258932669834109,0.9574324324324325,0.9932432432432432,0.3134756756756757,2.0320176973938944,0.35,30.428571428571427,0.0,20.0,False
env_odom_noise,0.11249999999999999,0.5,0.00788154924594252,0.1217226160731848,0.9238683899564707,-0.10030974251005353,0.9552139037433155,0.9933155080213903,0.31132941176470585,2.0946747686713936,0.3,30.333333333333332,0.0,20.0,False
env_odom_noise,0.11249999999999999,0.5,0.01631975090784437,0.12160005304459352,0.921757585089901,-0.08057630473065756,0.9622516556291391,0.9940397350993377,0.3190913907284768,2.1240767993032934,0.3,31.5,0.0,20.0,False
env_odom_noise,0.11249999999999999,0.5,0.03379212149580846,0.12223941002224731,0.9218485813299775,-0.03571825440168434,0.973718791064389,0.9954007884362681,0.3319195795006571,2.2340814682655035,0.3,32.5,0.0,20.0,False
env_odom_noise,0.11249999999999999,0.5,0.0699708887492028,0.12219816123726548,0.9262709062861785,0.05047756121852132,0.9836387434554974,0.9967277486910995,0.3431664921465969,2.404235740378499,0.25,31.8,0.0,20.0,False
env_odom_noise,0.11249999999999999,0.5,0.14488363132100487,0.12233093348184285,0.9247854809836679,0.18723951396981664,0.9915584415584415,0.9987012987012988,0.3530597402597403,2.5195962537080048,0.25,33.0,0.0,20.0,False
env_odom_noise,0.11249999999999999,0.5,0.3,0.12233093377474426,0.9236899200356559,0.38908316414558564,0.9935233160621761,0.9987046632124352,0.3550279792746114,2.604187072068453,0.25,33.4,0.0,20.0,False
env_odom_noise,0.15,0.00010000000000000009,0.00010000000000000009,0.12472451949689749,1.1346184773749872,296.72801163436907,0.1111111111111111,0.1724709784411277,1.3536179104477613,0.49689297899603846,0.9,28.055555555555557,0.0,20.0,False
env_odom_noise,0.15,0.00010000000000000009,0.00020706272838739032,0.12472451951863049,1.1346148869602464,180.75444772992464,0.11774461028192372,0.1799336650082919,1.3395217247097844,0.49694706276059153,0.9,28.055555555555557,0.0,20.0,False
env_odom_noise,0.15,0.00010000000000000009,0.0004287497348723022,0.1247245182354064,1.134658146762407,113.00910207616799,0.13018242122719734,0.20480928689883915,1.3022082918739635,0.49872188493609426,0.9,28.055555555555557,0.0,20.0,False
env_odom_noise,0.15,0.00010000000000000009,0.0008877808989802905,0.1247245187072662,1.1349087101684208,76.6117690968028,0.14013266998341625,0.24378109452736318,1.2532862354892207,0.49714851304888724,0.85,27.41176470588235,0.0,20.0,False
env_odom_noise,0.15,0.00010000000000000009,0.001838263351530691,0.1247245188798817,1.1355159824861893,58.119867881102124,0.16666666666666666,0.28689883913764513,1.1836344941956882,0.5144908919930458,0.85,27.41176470588235,0.0,20.0,False
env_odom_noise,0.15,0.00010000000000000009,0.003806358250624933,0.12440205263240144,1.1330214249516664,48.8479407021755,0.20510708401976935,0.35090609555189456,1.0811868204283361,0.5215248219668865,0.75,26.133333333333333,0.0,20.0,False
env_odom_noise,0.15,0.00010000000000000009,0.00788154924594252,0.12424359583450365,1.1310005649447001,44.41959809663414,0.25,0.43278688524590164,0.9544131147540983,0.5403949111700058,0.75,26.333333333333332,0.0,20.0,False
env_odom_noise,0.15,0.00010000000000000009,0.01631975090784437,0.1238415111159571,1.1098300328113835,42.03045563699905,0.31717011128775835,0.5206677265500795,0.799362162162162,0.5382021147757768,0.65,25.846153846153847,0.0,20.0,False
env_odom_noise,0.15,0.00010000000000000009,0.03379212149580846,0.12351556815212092,1.1005094156858157,40.827197291213025,0.4003139717425432,0.576138147566719,0.6607478806907379,0.6708464697003365,0.65,26.46153846153846,0.0,20.0,False
env_odom_noise,0.15,0.00010000000000000009,0.0699708887492028,0.1233944552662429,1.083942770317676,40.13421176837732,0.4908396946564885,0.6030534351145038,0.5433068702290076,0.8266539260745048,0.5,24.5,0.0,20.0,False
env_odom_noise,0.15,0.00010000000000000009,0.14488363132100487,0.12277901215163081,1.0605783170594658,39.29016214660169,0.5464601769911505,0.6216814159292036,0.46905840707964597,1.0575543269515038,0.45,25.444444444444443,0.0,20.0,False
env_odom_noise,0.15,0.00010000000000000009,0.3,0.12186258298780217,1.0593734501567769,39.10323743266113,0.5687409551374819,0.6266280752532561,0.44183096960926194,1.2893689692020416,0.4,25.375,0.0,20.0,False
env_odom_noise,0.15,0.00021690521830457365,0.00010000000000000009,0.12472451949689749,1.1346184773749872,220.91670613726984,0.1310116086235489,0.20480928689883915,1.301379104477612,0.49689297899603846,0.9,28.055555555555557,0.0,20.0,False
env_odom_noise,0.15,0.00021690521830457365,0.00020706272838739032,0.12472451928953512,1.1346148786478527,137.80377182852627,0.14096185737976782,0.2155887230514096,1.2806494195688225,0.4969596967101097,0.9,28.055555555555557,0.0,20.0,False
env_odom_noise,0.15,0.00021690521830457365,0.0004287497348723022,0.12472451816071962,1.1346630203685066,82.83080486976313,0.15091210613598674,0.2396351575456053,1.2466527363184081,0.4989324979484081,0.9,28.055555555555557,0.0,20.0,False
env_odom_noise,0.15,0.00021690521830457365,0.0008877808989802905,0.12472452005386554,1.1349281086564138,50.598556284900674,0.15920398009950248,0.2744610281923715,1.203534991708126,0.4975562646985054,0.85,27.41176470588235,0.0,20.0,False
env_odom_noise,0.15,0.00021690521830457365,0.001838263351530691,0.12472452001793616,1.135537098171403,33.29052292313571,0.18739635157545606,0.3167495854063018,1.1330540630182422,0.5149366952478885,0.85,27.41176470588235,0.0,20.0,False
env_odom_noise,0.15,0.00021690521830457365,0.003806358250624933,0.12440205239599847,1.1330464963310813,24.43096457291223,0.22487644151565075,0.38138385502471167,1.0309397034596377,0.5219977825880051,0.75,26.133333333333333,0.0,20.0,False
env_odom_noise,0.15,0.00021690521830457365,0.00788154924594252,0.12424359351634363,1.131019038417984,20.169628926540767,0.27049180327868855,0.46147540983606555,0.9052327868852459,0.5407837305217982,0.75,26.333333333333332,0.0,20.0,False
env_odom_noise,0.15,0.00021690521830457365,0.01631975090784437,0.12384151331774536,1.1098440923612725,18.06249721056309,0.33783783783783783,0.5492845786963434,0.7500775834658188,0.5385180577635765,0.65,25.846153846153847,0.0,20.0,False
env_odom_noise,0.15,0.00021690521830457365,0.03379212149580846,0.12351556922682216,1.1005198835123,17.117423635680186,0.4207221350078493,0.6059654631083202,0.6105124018838305,0.6710778042674065,0.65,26.46153846153846,0.0,20.0,False
env_odom_noise,0.15,0.00021690521830457365,0.0699708887492028,0.12339445215730163,1.0839508057476075,16.720734153410394,0.5106870229007634,0.6320610687022901,0.4944519083969465,0.8268962413072586,0.5,24.5,0.0,20.0,False
env_odom_noise,0.15,0.00021690521830457365,0.14488363132100487,0.12277901105079915,1.0605836346600668,16.405401464386667,0.5663716814159292,0.6504424778761062,0.4203858407079646,1.0577157899737357,0.45,25.444444444444443,0.0,20.0,False
env_odom_noise,0.15,0.00021690521830457365,0.3,0.12186258531507423,1.0593764931298324,16.440789745334396,0.5890014471780028,0.6555716353111433,0.3926269175108539,1.2894546881318092,0.4,25.375,0.0,20.0,False
env_odom_noise,0.15,0.00047047873727754753,0.00010000000000000009,0.12472451949689749,1.1346184773749872,151.78733297407422,0.16500829187396351,0.2620232172470978,1.2101684908789387,0.49689297899603846,0.9,28.055555555555557,0.0,20.0,False
env_odom_noise,0.15,0.00047047873727754753,0.00020706272838739032,0.12472451973732865,1.1346149824792577,101.65533913827433,0.16998341625207297,0.27197346600331673,1.1952431177446103,0.49701196774840356,0.9,28.055555555555557,0.0,20.0,False
env_odom_noise,0.15,0.00047047873727754753,0.0004287497348723022,0.1247245189861841,1.1346767279349634,62.643779403496396,0.17744610281923714,0.296849087893864,1.162904809286899,0.499474810808897,0.9,28.055555555555557,0.0,20.0,False
env_odom_noise,0.15,0.00047047873727754753,0.0008877808989802905,0.1247245194460686,1.1349691171109446,36.68537342963039,0.1865671641791045,0.33167495854063017,1.1189578772802653,0.4984254166483879,0.85,27.41176470588235,0.0,20.0,False
env_odom_noise,0.15,0.00047047873727754753,0.001838263351530691,0.12472451872718622,1.1355818997760405,21.43839431341644,0.21393034825870647,0.37396351575456055,1.049306135986733,0.5158936932682991,0.85,27.41176470588235,0.0,20.0,False
env_odom_noise,0.15,0.00047047873727754753,0.003806358250624933,0.12440205284762006,1.1331003439383367,13.21671883973874,0.25123558484349257,0.4332784184514003,0.9526859967051071,0.523014149069786,0.75,26.133333333333333,0.0,20.0,False
env_odom_noise,0.15,0.00047047873727754753,0.00788154924594252,0.12424359630910406,1.1310585167680696,9.148524271133738,0.2975409836065574,0.5131147540983606,0.826544262295082,0.5416235517710447,0.75,26.333333333333332,0.0,20.0,False
env_odom_noise,0.15,0.00047047873727754753,0.01631975090784437,0.12384151258439217,1.1098744857461587,7.198028546834154,0.3624801271860095,0.5993640699523053,0.6753558028616852,0.5392032388597727,0.65,25.846153846153847,0.0,20.0,False
env_odom_noise,0.15,0.00047047873727754753,0.03379212149580846,0.1235155693592175,1.1005426583286213,6.37723307343692,0.44505494505494503,0.6554160125588697,0.5367290423861852,0.6715802468359471,0.65,26.46153846153846,0.0,20.0,False
env_odom_noise,0.15,0.00047047873727754753,0.0699708887492028,0.12339445280211582,1.083968191711675,6.11622678895006,0.5358778625954198,0.683206106870229,0.4181160305343512,0.8274216175079345,0.5,24.5,0.0,20.0,False
env_odom_noise,0.15,0.00047047873727754753,0.14488363132100487,0.12277901089889126,1.0605953938699808,6.0420578906888025,0.5914454277286135,0.6998525073746312,0.34590206489675523,1.0580651804804801,0.45,25.444444444444443,0.0,20.0,False
env_odom_noise,0.15,0.00047047873727754753,0.3,0.1218625840160515,1.0593832644810046,6.180613320452339,0.6150506512301013,0.7062228654124457,0.315926483357453,1.289640799164772,0.4,25.375,0.0,20.0,False
env_odom_noise,0.15,0.001020492932168466,0.00010000000000000009,0.12472451949689749,1.134617751362041,93.40600383039785,0.20812603648424544,0.3416252072968491,1.0874487562189055,0.4968914456665516,0.9,28.055555555555557,0.0,20.0,False
env_odom_noise,0.15,0.001020492932168466,0.00020706272838739032,0.1247245189760146,1.1346250896119774,68.770942410422,0.21144278606965175,0.35074626865671643,1.0750109452736318,0.4973650135099888,0.9,28.055555555555557,0.0,20.0,False
env_odom_noise,0.15,0.001020492932168466,0.0004287497348723022,0.12472451916412783,1.134726199471364,45.53708993811458,0.21641791044776118,0.3747927031509121,1.0459893864013268,0.4915021933615208,0.85,27.41176470588235,0.0,20.0,False
env_odom_noise,0.15,0.001020492932168466,0.0008877808989802905,0.12472451950898637,1.135080221889954,27.313025766725264,0.2296849087893864,0.4021558872305141,1.0053592039800994,0.5005801431834698,0.85,27.41176470588235,0.0,20.0,False
env_odom_noise,0.15,0.001020492932168466,0.001838263351530691,0.12472451946454903,1.1357196920062076,15.13547252272023,0.25456053067993367,0.44029850746268656,0.9423409618573798,0.5185192085802555,0.85,27.41176470588235,0.0,20.0,False
env_odom_noise,0.15,0.001020492932168466,0.003806358250624933,0.12440205210451603,1.1332142484171845,7.95151076051846,0.28912685337726524,0.4958813838550247,0.85219176276771,0.5251604780554772,0.75,26.133333333333333,0.0,20.0,False
env_odom_noise,0.15,0.001020492932168466,0.00788154924594252,0.12424359661987551,1.1311430682935473,4.190058097072982,0.3344262295081967,0.5754098360655737,0.7273639344262295,0.5434324406087399,0.75,26.333333333333332,0.0,20.0,False
env_odom_noise,0.15,0.001020492932168466,0.01631975090784437,0.12384151262886861,1.1099399571679618,2.3664346934125278,0.397456279809221,0.6597774244833068,0.5799662957074723,0.5406863328069449,0.65,25.846153846153847,0.0,20.0,False
env_odom_noise,0.15,0.001020492932168466,0.03379212149580846,0.12351556918826259,1.100592126644312,1.6150683061757258,0.4811616954474097,0.7150706436420722,0.4409676609105181,0.6726713217794895,0.65,26.46153846153846,0.0,20.0,False
env_odom_noise,0.15,0.001020492932168466,0.0699708887492028,0.12339445480624106,1.0816557589071405,1.4114500327268338,0.5724085365853658,0.7408536585365854,0.3239378048780488,0.8255505412817001,0.5,24.6,0.0,20.0,False
env_odom_noise,0.15,0.001020492932168466,0.14488363132100487,0.1227790107497776,1.0606210138989147,1.4516135680283393,0.6253687315634219,0.7558997050147492,0.2559315634218289,1.0588226839900017,0.45,25.444444444444443,0.0,20.0,False
env_odom_noise,0.15,0.001020492932168466,0.3,0.12186258494477914,1.0593977330700615,1.6383700729442054,0.6497829232995659,0.7619392185238785,0.22547785817655563,1.2900433525443078,0.4,25.375,0.0,20.0,False
env_odom_noise,0.15,0.0022135024223027535,0.00010000000000000009,0.12472451939299518,1.134654753810944,51.00736966820107,0.2678275290215589,0.4626865671641791,0.9066859038142621,0.498163453489542,0.9,28.055555555555557,0.0,20.0,False
env_odom_noise,0.15,0.0022135024223027535,0.00020706272838739032,0.12472452000117987,1.1347615071178332,41.30429171261302,0.2703150912106136,0.4709784411276949,0.8959064676616915,0.49129991233348846,0.85,27.41176470588235,0.0,20.0,False
env_odom_noise,0.15,0.0022135024223027535,0.0004287497348723022,0.12472451978983838,1.1349896949606388,30.06372176668279,0.2728026533996683,0.48507462686567165,0.87932271973466,0.4965880818665028,0.85,27.41176470588235,0.0,20.0,False
env_odom_noise,0.15,0.0022135024223027535,0.0008877808989802905,0.12472451832372104,1.1354001101285764,19.357813870001326,0.2860696517412935,0.5008291873963516,0.8503011608623549,0.5065195232629776,0.85,27.41176470588235,0.0,20.0,False
env_odom_noise,0.15,0.0022135024223027535,0.001838263351530691,0.12472451965363678,1.136039376313412,10.90567644002031,0.31094527363184077,0.5364842454394693,0.78977048092869,0.5245667688548565,0.85,27.41176470588235,0.0,20.0,False
env_odom_noise,0.15,0.0022135024223027535,0.003806358250624933,0.124402055168467,1.1334492213275156,5.224223923153782,0.34349258649093906,0.5889621087314663,0.7047453047775947,0.5296183578670025,0.75,26.133333333333333,0.0,20.0,False
env_odom_noise,0.15,0.0022135024223027535,0.00788154924594252,0.12424359642054748,1.1313212780234656,1.9628647908723518,0.3860655737704918,0.669672131147541,0.5814622950819672,0.5473034873604774,0.75,26.333333333333332,0.0,20.0,False
env_odom_noise,0.15,0.0022135024223027535,0.01631975090784437,0.12384151217857058,1.110080226389513,0.3003019223423853,0.44753577106518283,0.7488076311605724,0.4408565977742448,0.5438920121639967,0.65,25.846153846153847,0.0,20.0,False
env_odom_noise,0.15,0.0022135024223027535,0.03379212149580846,0.12351556995904966,1.100698397627421,-0.39376972134378796,0.5298273155416012,0.804552590266876,0.3028200941915228,0.6750440061092376,0.65,26.46153846153846,0.0,20.0,False
env_odom_noise,0.15,0.0022135024223027535,0.0699708887492028,0.12339445272383011,1.0817367492189245,-0.5622828594079317,0.6211890243902439,0.8277439024390244,0.18826707317073166,0.8279901936650276,0.5,24.6,0.0,20.0,False
env_odom_noise,0.15,0.0022135024223027535,0.14488363132100487,0.12277900899980876,1.0606762773448564,-0.4770406526192659,0.6718289085545722,0.8429203539823009,0.12245073746312685,1.0604638412594796,0.45,25.444444444444443,0.0,20.0,False
env_odom_noise,0.15,0.0022135024223027535,0.3,0.12186258440634865,1.0594289986843843,-0.2675060724042841,0.6960926193921853,0.8502170767004341,0.11767554269175118,1.2909154921770096,0.4,25.375,0.0,20.0,False
env_odom_noise,0.15,0.004801202261272809,0.00010000000000000009,0.1245036150299084,1.1349294467606326,24.821894579346,0.36303630363036304,0.5858085808580858,0.688355115511551,0.49679397568106654,0.85,27.58823529411765,0.0,20.0,False
env_odom_noise,0.15,0.004801202261272809,0.00020706272838739032,0.12450361481783184,1.1350227907847648,21.715188956018107,0.36633663366336633,0.5891089108910891,0.6817544554455446,0.49937281012535095,0.85,27.58823529411765,0.0,20.0,False
env_odom_noise,0.15,0.004801202261272809,0.0004287497348723022,0.12450361400019999,1.1351886866672944,17.34447696512792,0.37293729372937295,0.5957095709570958,0.6685531353135312,0.5045257806777954,0.85,27.58823529411765,0.0,20.0,False
env_odom_noise,0.15,0.004801202261272809,0.0008877808989802905,0.1244018359916211,1.1341846444417394,12.220654647948935,0.3832236842105263,0.6118421052631579,0.6421342105263158,0.5175410218536853,0.85,27.705882352941178,0.0,20.0,False
env_odom_noise,0.15,0.004801202261272809,0.001838263351530691,0.1244018379894445,1.1346575800550147,7.3245955037629615,0.40131578947368424,0.6430921052631579,0.592792105263158,0.5112905010581017,0.75,26.2,0.0,20.0,False
env_odom_noise,0.15,0.004801202261272809,0.003806358250624933,0.12418496096776487,1.1333652029609413,3.442855480373298,0.42868852459016393,0.6950819672131148,0.5134295081967213,0.5355925612151623,0.75,26.333333333333332,0.0,20.0,False
env_odom_noise,0.15,0.004801202261272809,0.00788154924594252,0.12413957005235737,1.1274423623127525,0.8883231730310351,0.46834415584415584,0.762987012987013,0.40586883116883116,0.5392917195335031,0.7,25.857142857142858,0.0,20.0,False
env_odom_noise,0.15,0.004801202261272809,0.01631975090784437,0.12363417338558,1.1119959917412816,-0.52102988009888,0.5237717908082409,0.8359746434231379,0.27745356576862124,0.5612297747284174,0.65,26.0,0.0,20.0,False
env_odom_noise,0.15,0.004801202261272809,0.03379212149580846,0.12331184661314214,1.1025742415538613,-1.1435397758701,0.6071987480438185,0.8865414710485133,0.1434597809076682,0.6922679454088211,0.65,26.615384615384617,0.0,20.0,False
env_odom_noise,0.15,0.004801202261272809,0.0699708887492028,0.12319493374450824,1.079180029672045,-1.2886955278173804,0.6931818181818182,0.9090909090909091,0.05589090909090921,0.8327772311866284,0.5,25.0,0.0,20.0,False
env_odom_noise,0.15,0.004801202261272809,0.14488363132100487,0.12233205150177108,1.0624971506322334,-1.1915423548669088,0.7430249632892805,0.9236417033773862,0.09118325991189435,1.0751683659851552,0.45,25.77777777777778,0.0,20.0,False
env_odom_noise,0.15,0.004801202261272809,0.3,0.12168113816967609,1.0752629824746671,-0.9139031345777113,0.7712464589235127,0.9320113314447592,0.11103512747875355,1.3275861114263534,0.35,25.571428571428573,0.0,20.0,False
env_odom_noise,0.15,0.010414058246057912,0.00010000000000000009,0.12399978635205701,1.1376408988784752,10.691492855496469,0.48688524590163934,0.6827868852459016,0.46752786885245906,0.5501672618091107,0.75,26.333333333333332,0.0,20.0,False
env_odom_noise,0.15,0.010414058246057912,0.00020706272838739032,0.1239997868983362,1.1376899604273112,9.852190297757224,0.4885245901639344,0.6877049180327869,0.4609704918032787,0.5522540964186191,0.75,26.333333333333332,0.0,20.0,False
env_odom_noise,0.15,0.010414058246057912,0.0004287497348723022,0.12399978653713176,1.1377904203340474,8.472488963565429,0.49098360655737705,0.6942622950819672,0.4519540983606557,0.556403125077486,0.75,26.333333333333332,0.0,20.0,False
env_odom_noise,0.15,0.010414058246057912,0.0008877808989802905,0.12399978582721208,1.137991556933783,6.518214464338653,0.49918032786885247,0.7122950819672131,0.4257245901639344,0.5644085243344307,0.75,26.333333333333332,0.0,20.0,False
env_odom_noise,0.15,0.010414058246057912,0.001838263351530691,0.12384438750171982,1.1383853197188196,4.207849735050907,0.5130932896890343,0.737315875613748,0.38679083469721764,0.567875200510025,0.75,26.4,0.0,20.0,False
env_odom_noise,0.15,0.010414058246057912,0.003806358250624933,0.12411409490781783,1.136021583963787,1.99368800227245,0.5333333333333333,0.78130081300813,0.3225658536585366,0.5611617021262646,0.65,24.76923076923077,0.0,20.0,False
env_odom_noise,0.15,0.010414058246057912,0.00788154924594252,0.12399920503392406,1.1274087992314041,0.276673155984246,0.5636070853462157,0.8317230273752013,0.24186988727858294,0.5776576198637485,0.65,25.23076923076923,0.0,20.0,False
env_odom_noise,0.15,0.010414058246057912,0.01631975090784437,0.12345590831736447,1.1140991554990733,-0.7904414013955893,0.6192733017377567,0.8988941548183255,0.11903254344391778,0.6099416896700859,0.6,25.083333333333332,0.0,20.0,False
env_odom_noise,0.15,0.010414058246057912,0.03379212149580846,0.12313587455067383,1.097547722723987,-1.3070643882305288,0.6976744186046512,0.9434108527131783,0.026063565891472962,0.7254270069301129,0.6,26.083333333333332,0.0,20.0,False
env_odom_noise,0.15,0.010414058246057912,0.0699708887492028,0.12290124052319193,1.079922342302881,-1.4310066464045879,0.7793674698795181,0.9608433734939759,0.10301084337349398,0.8789246074855328,0.5,25.4,0.0,20.0,False
env_odom_noise,0.15,0.010414058246057912,0.14488363132100487,0.12216611674692822,1.0636504707500516,-1.3254721979843043,0.8272327964860908,0.9736456808199122,0.16367847730600305,1.1317157097160817,0.45,26.0,0.0,20.0,False
env_odom_noise,0.15,0.010414058246057912,0.3,0.12153985136133987,1.0759114660783804,-1.0534705970228158,0.8537271448663853,0.980309423347398,0.19683656821378337,1.3583755604922771,0.35,26.285714285714285,0.0,20.0,False
env_odom_noise,0.15,0.02258863577297737,0.00010000000000000009,0.12432890244484159,1.1396899433662147,3.834984169674075,0.601461038961039,0.7711038961038961,0.26463506493506495,0.6162072651088237,0.65,24.846153846153847,0.0,20.0,False
env_odom_noise,0.15,0.02258863577297737,0.00020706272838739032,0.1243289033385214,1.1397277648233182,3.6350155840696163,0.6022727272727273,0.773538961038961,0.26138831168831167,0.6177346244454384,0.65,24.846153846153847,0.0,20.0,False
env_odom_noise,0.15,0.02258863577297737,0.0004287497348723022,0.12398379821671685,1.131400116689415,3.2186614153434445,0.604669887278583,0.7761674718196457,0.2563626409017713,0.6165202736854554,0.65,25.23076923076923,0.0,20.0,False
env_odom_noise,0.15,0.02258863577297737,0.0008877808989802905,0.1239837984491012,1.126705669034101,2.6081899346140163,0.6075441412520064,0.78330658105939,0.2463492776886036,0.6052450861781835,0.65,25.384615384615383,0.0,20.0,False
env_odom_noise,0.15,0.02258863577297737,0.001838263351530691,0.12421366680645692,1.126410459709352,1.7767355484266936,0.6139646869983949,0.8001605136436597,0.22307479935794539,0.6034948739223183,0.65,25.384615384615383,0.0,20.0,False
env_odom_noise,0.15,0.02258863577297737,0.003806358250624933,0.124213665984299,1.132543053377818,0.7962451278826397,0.6304347826086957,0.8252818035426731,0.1814834138486312,0.627659716643393,0.65,25.23076923076923,0.0,20.0,False
env_odom_noise,0.15,0.02258863577297737,0.00788154924594252,0.12421366752697709,1.1203299258963906,-0.14044814889104704,0.6613672496025437,0.8688394276629571,0.10699332273449924,0.6596316564828157,0.65,25.846153846153847,0.0,20.0,False
env_odom_noise,0.15,0.02258863577297737,0.01631975090784437,0.12344123066902062,1.1101337719454702,-0.846418225862769,0.7087912087912088,0.9332810047095761,0.04731020408163278,0.7091540940105915,0.65,26.46153846153846,0.0,20.0,False
env_odom_noise,0.15,0.02258863577297737,0.03379212149580846,0.12299628509637567,1.094747835067943,-1.2171679467703924,0.7744648318042814,0.9648318042813455,0.10209663608562691,0.75423444211483,0.55,25.727272727272727,0.0,20.0,False
env_odom_noise,0.15,0.02258863577297737,0.0699708887492028,0.12316491249712082,1.0745445816744925,-1.2991052968132029,0.8554396423248882,0.9798807749627422,0.1981204172876304,0.964825950562954,0.5,26.1,0.0,20.0,False
env_odom_noise,0.15,0.02258863577297737,0.14488363132100487,0.12215847262678346,1.0587103169975527,-1.188026275246266,0.9015918958031838,0.992040520984081,0.2564324167872648,1.2145308136940003,0.45,26.88888888888889,0.0,20.0,False
env_odom_noise,0.15,0.02258863577297737,0.3,0.12174384214571154,1.0807606593429933,-0.921906799519031,0.9248595505617978,0.9978932584269663,0.2855528089887641,1.4625278249382974,0.35,26.428571428571427,0.14285714285714285,20.0,False
env_odom_noise,0.15,0.04899592973540154,0.00010000000000000009,0.12402011390736425,1.1302436429099696,0.8736142547975663,0.690779014308426,0.8418124006359301,0.12076661367249597,0.7187508650124073,0.6,24.75,0.0,20.0,False
env_odom_noise,0.15,0.04899592973540154,0.00020706272838739032,0.1240201134001921,1.1302768638637524,0.8305247118674023,0.6923688394276629,0.8418124006359301,0.12235643879173286,0.7203621800988913,0.6,24.75,0.0,20.0,False
env_odom_noise,0.15,0.04899592973540154,0.0004287497348723022,0.1240201174904362,1.130345367168228,0.7469450739162773,0.6979332273449921,0.8457869634340223,0.12394626391096986,0.7236986808478832,0.6,24.75,0.0,20.0,False
env_odom_noise,0.15,0.04899592973540154,0.0008877808989802905,0.12402011585373783,1.1298607836248562,0.599064145383195,0.6992063492063492,0.8492063492063492,0.12180000000000002,0.7390355382114648,0.6,24.833333333333332,0.0,20.0,False
env_odom_noise,0.15,0.04899592973540154,0.001838263351530691,0.12402011471696366,1.126354305191047,0.3420776529306094,0.7064873417721519,0.8560126582278481,0.12227468354430382,0.7447464942932129,0.6,25.0,0.0,20.0,False
env_odom_noise,0.15,0.04899592973540154,0.003806358250624933,0.12402011459202321,1.124015658926853,-0.016510504928684725,0.7187993680884676,0.8759873617693523,0.11461200631911528,0.7619025252759457,0.6,25.083333333333332,0.0,20.0,False
env_odom_noise,0.15,0.04899592973540154,0.00788154924594252,0.1238833254288624,1.1137784316986898,-0.4316069078542708,0.7390965732087228,0.910436137071651,0.10046043613707178,0.7698718212544918,0.55,24.636363636363637,0.09090909090909091,20.0,False
env_odom_noise,0.15,0.04899592973540154,0.01631975090784437,0.12293832461092559,1.1018992028066479,-0.8005640228593427,0.785824345146379,0.9514637904468413,0.10616055469953778,0.8209273397922516,0.55,25.272727272727273,0.0,20.0,False
env_odom_noise,0.15,0.04899592973540154,0.03379212149580846,0.12282963221769233,1.086662059646116,-1.010843101754823,0.8338368580060423,0.9690332326283988,0.16567009063444116,0.8983531758189202,0.55,26.454545454545453,0.0,20.0,False
env_odom_noise,0.15,0.04899592973540154,0.0699708887492028,0.12233627550451605,1.0733926862296883,-1.0470965241587857,0.9078171091445427,0.9823008849557522,0.2529179941002949,1.111149563640356,0.5,26.8,0.0,20.0,False
env_odom_noise,0.15,0.04899592973540154,0.14488363132100487,0.12171627718271776,1.080628233538023,-0.8909618251198498,0.9484463276836158,0.9929378531073446,0.30418418079096043,1.379990916699171,0.35,25.857142857142858,0.0,20.0,False
env_odom_noise,0.15,0.04899592973540154,0.3,0.12169835568422564,1.0857446361375604,-0.6650971425190236,0.9692737430167597,0.9979050279329609,0.3299787709497206,1.6131202727556229,0.35,27.0,0.14285714285714285,20.0,False
env_odom_noise,0.15,0.10627472835292812,0.00010000000000000009,0.12369042186314685,1.1070556752196263,-0.1808495966706693,0.7633996937212864,0.9096477794793262,0.12555191424196022,0.9369990393519402,0.5,24.3,0.0,20.0,False
env_odom_noise,0.15,0.10627472835292812,0.00020706272838739032,0.12352706837873145,1.1053573290691803,-0.19351813262829837,0.7641221374045801,0.9106870229007633,0.12523511450381686,0.939482145756483,0.5,24.5,0.0,20.0,False
env_odom_noise,0.15,0.10627472835292812,0.0004287497348723022,0.12352707051656177,1.1043895321933066,-0.20907705928638282,0.7644817073170732,0.9138719512195121,0.1224097560975611,0.9340693607926369,0.5,24.6,0.1,20.0,False
env_odom_noise,0.15,0.10627472835292812,0.0008877808989802905,0.12352707057202172,1.1045002687588408,-0.24063419539561412,0.7660060975609756,0.916920731707317,0.12088536585365861,0.9385368380695581,0.5,24.6,0.1,20.0,False
env_odom_noise,0.15,0.10627472835292812,0.001838263351530691,0.12352706966932506,1.1047290282172504,-0.297650302352578,0.7713414634146342,0.9222560975609756,0.12088536585365861,0.947976964712143,0.5,24.6,0.1,20.0,False
env_odom_noise,0.15,0.10627472835292812,0.003806358250624933,0.12313228909357818,1.096446590283786,-0.39998222421897967,0.783661119515885,0.9349470499243571,0.120514069591528,0.9304236229509115,0.5,25.1,0.0,20.0,False
env_odom_noise,0.15,0.10627472835292812,0.00788154924594252,0.12298118087119965,1.0911037213501635,-0.5280611892990227,0.8007518796992481,0.9488721804511279,0.12367969924812028,0.9596859108656645,0.5,25.5,0.0,20.0,False
env_odom_noise,0.15,0.10627472835292812,0.01631975090784437,0.1229811803962438,1.087059181789247,-0.6506764563736397,0.8300898203592815,0.9618263473053892,0.15471616766467067,1.0295500092208385,0.55,27.0,0.0,20.0,False
env_odom_noise,0.15,0.10627472835292812,0.03379212149580846,0.12301565510796411,1.084696306047579,-0.7276413988460146,0.8783382789317508,0.9799703264094956,0.22110860534124632,1.1657915726304053,0.5,26.4,0.0,20.0,False
env_odom_noise,0.15,0.10627472835292812,0.0699708887492028,0.12183521016730449,1.07560079760879,-0.725634314725554,0.9299132947976878,0.9869942196531792,0.27970751445086706,1.341251465678215,0.45,27.0,0.1111111111111111,20.0,False
env_odom_noise,0.15,0.10627472835292812,0.14488363132100487,0.12144970189186885,1.0776569474087674,-0.5543994720081161,0.9612724757952974,0.9930843706777317,0.3171568464730291,1.5917552068829537,0.35,28.0,0.0,20.0,False
env_odom_noise,0.15,0.10627472835292812,0.3,0.12182167091338161,1.0848495513110892,-0.3407465544578139,0.9801369863013699,0.9979452054794521,0.340882191780822,1.7868776515126228,0.3,27.333333333333332,0.0,20.0,False
env_odom_noise,0.15,0.23051543153651136,0.00010000000000000009,0.1228249981687964,1.0832649124403102,-0.2981129323981507,0.8477306002928258,0.9626647144948756,0.17319531478770134,1.3366808377206325,0.5,27.3,0.1,20.0,False
env_odom_noise,0.15,0.23051543153651136,0.00020706272838739032,0.12282499947684607,1.0832926523007325,-0.29922537918899206,0.8477306002928258,0.9626647144948756,0.17319531478770134,1.3379727222025395,0.5,27.3,0.1,20.0,False
env_odom_noise,0.15,0.23051543153651136,0.0004287497348723022,0.1228249973893898,1.0833499647886282,-0.3014766592584472,0.8484626647144948,0.9626647144948756,0.1739273792093704,1.3406440444290637,0.5,27.3,0.1,20.0,False
env_odom_noise,0.15,0.23051543153651136,0.0008877808989802905,0.12282499805294182,1.0834687562625582,-0.30592285918086426,0.849194729136164,0.9626647144948756,0.17465944363103958,1.3461579076945782,0.5,27.3,0.1,20.0,False
env_odom_noise,0.15,0.23051543153651136,0.001838263351530691,0.12282499792609043,1.0837133905810332,-0.31428829474181624,0.8535871156661786,0.9633967789165446,0.17978389458272326,1.3575070701539516,0.5,27.3,0.1,20.0,False
env_odom_noise,0.15,0.23051543153651136,0.003806358250624933,0.12256968104642733,1.084216205809667,-0.3302287778615483,0.85453216374269,0.9656432748538012,0.18297543859649124,1.3744538448750974,0.5,27.4,0.1,20.0,False
env_odom_noise,0.15,0.23051543153651136,0.00788154924594252,0.12260745942718222,1.0828158860745365,-0.3564313375238558,0.8655523255813954,0.9731104651162791,0.20146279069767448,1.3894519291818141,0.5,27.8,0.1,20.0,False
env_odom_noise,0.15,0.23051543153651136,0.01631975090784437,0.1222243302867656,1.081532053388549,-0.37875206148116936,0.884393063583815,0.9804913294797688,0.2276843930635838,1.4463561698794365,0.45,27.0,0.0,20.0,False
env_odom_noise,0.15,0.23051543153651136,0.03379212149580846,0.12147574653821117,1.056939472676141,-0.38871125105673515,0.9103641456582633,0.9880952380952381,0.26125938375350144,1.472912260144949,0.4,28.25,0.0,20.0,False
env_odom_noise,0.15,0.23051543153651136,0.0699708887492028,0.12155286025133538,1.0778309587561534,-0.304017658339081,0.9430727023319616,0.9917695473251029,0.29764224965706454,1.748834977298975,0.35,28.857142857142858,0.0,20.0,False
env_odom_noise,0.15,0.23051543153651136,0.14488363132100487,0.12222065918471098,1.080560091487422,-0.18250945461793416,0.9669365721997301,0.9932523616734144,0.3229889338731444,1.9381167076528072,0.3,29.166666666666668,0.0,20.0,False
env_odom_noise,0.15,0.23051543153651136,0.3,0.12209882786080373,1.0841584448346295,0.019424259043584975,0.985254691689008,0.9979892761394102,0.3460439678284183,2.1066204354166986,0.3,30.0,0.0,20.0,False
env_odom_noise,0.15,0.5,0.00010000000000000009,0.12178575933017638,1.0855441322811128,0.05743092254764597,0.9070855614973262,0.9832887700534759,0.25317433155080216,2.074468459188938,0.3,30.333333333333332,0.0,20.0,False
env_odom_noise,0.15,0.5,0.00020706272838739032,0.12178576146650243,1.085573076100001,0.05737268227944796,0.9070855614973262,0.9832887700534759,0.25317433155080216,2.075393459200859,0.3,30.333333333333332,0.0,20.0,False
env_odom_noise,0.15,0.5,0.0004287497348723022,0.12178576251809765,1.0856334605078417,0.05726118270421768,0.9070855614973262,0.9832887700534759,0.25317433155080216,2.077307219803333,0.3,30.333333333333332,0.0,20.0,False
env_odom_noise,0.15,0.5,0.0008877808989802905,0.12178575987275886,1.0857579615071913,0.05706549760333707,0.9070855614973262,0.9832887700534759,0.25317433155080216,2.0812672384083273,0.3,30.333333333333332,0.0,20.0,False
env_odom_noise,0.15,0.5,0.001838263351530691,0.12178576132247733,1.086014862224671,0.056802506409573364,0.9077540106951871,0.9832887700534759,0.25384278074866307,2.0894509010016917,0.3,30.333333333333332,0.0,20.0,False
env_odom_noise,0.15,0.5,0.003806358250624933,0.1217857599106138,1.0865429002859297,0.05679266720961449,0.911096256684492,0.983957219251337,0.25785347593582897,2.10632379502058,0.3,30.333333333333332,0.0,20.0,False
env_odom_noise,0.15,0.5,0.00788154924594252,0.12164347245504625,1.0858174992651564,0.056005445779300646,0.9194407456724367,0.9853528628495339,0.26759360852197067,2.122257170081139,0.3,30.833333333333332,0.0,20.0,False
env_odom_noise,0.15,0.5,0.01631975090784437,0.12181531921780647,1.0837963428976556,0.05953610967486457,0.9240422721268163,0.9867899603698811,0.27363223249669744,2.1574043937027456,0.3,31.833333333333332,0.0,20.0,False
env_odom_noise,0.15,0.5,0.03379212149580846,0.12221835714206497,1.0845145861257752,0.081040142445848,0.9397116644823067,0.9921363040629095,0.29464796854521624,2.264536926150322,0.3,32.833333333333336,0.0,20.0,False
env_odom_noise,0.15,0.5,0.0699708887492028,0.1223309322278967,1.087911694593999,0.13768857718447397,0.95703125,0.994140625,0.313971875,2.4085228187963366,0.25,32.6,0.0,20.0,False
env_odom_noise,0.15,0.5,0.14488363132100487,0.12233093231166614,1.0845746224425825,0.24951430170234853,0.9747409326424871,0.9948186528497409,0.332359585492228,2.537140015512705,0.25,33.4,0.0,20.0,False
env_odom_noise,0.15,0.5,0.3,0.12233093214611167,1.0864335993523218,0.42857896513022065,0.9877102199223803,0.9980595084087969,0.34856972833117716,2.626686625927687,0.25,33.6,0.0,20.0,False
