sweep_param,sweep_value,sigma_visible,odom_noise,mean_err_visible,mean_err_occluded,calibration_nll,coverage_1sigma,coverage_2sigma,coverage_deviation,mean_final_dist,advance_rate,mean_steps_to_advance,false_advance_rate,n_episodes,viable
baseline,,0.00010000000000000009,0.00010000000000000009,0.12499573258222743,0.7992514069953834,75.51361904693974,0.14335664335664336,0.2368881118881119,1.2569552447552448,0.41100404411554337,0.9,26.333333333333332,0.0,20.0,False
baseline,,0.00010000000000000009,0.00020706272838739032,0.12499573324696281,0.7992516717068799,60.46032895662273,0.16346153846153846,0.2744755244755245,1.199262937062937,0.41159732416272166,0.9,26.333333333333332,0.0,20.0,False
baseline,,0.00010000000000000009,0.0004287497348723022,0.12499573305304672,0.7992536642617203,51.58297368020837,0.18706293706293706,0.32255244755244755,1.1275846153846154,0.41999845802783964,0.9,26.333333333333332,0.0,20.0,False
baseline,,0.00010000000000000009,0.0008877808989802905,0.12499573296990303,0.7980498419819769,46.789641494378344,0.231239092495637,0.37783595113438045,1.0281249563699826,0.4357739623636007,0.9,26.38888888888889,0.0,20.0,False
baseline,,0.00010000000000000009,0.001838263351530691,0.12480202241279278,0.7896183674596632,44.188661280684165,0.28324697754749567,0.4481865284974093,0.9057664939550951,0.41416761130094526,0.85,26.0,0.0,20.0,False
baseline,,0.00010000000000000009,0.003806358250624933,0.12480202485855287,0.78441362100684,42.9892679040467,0.3445017182130584,0.5137457044673539,0.7789525773195877,0.4412832104368135,0.85,26.176470588235293,0.0,20.0,False
baseline,,0.00010000000000000009,0.00788154924594252,0.12424213399755776,0.7718880404667056,42.033095471501056,0.41539763113367173,0.5685279187817259,0.6532744500846024,0.4352665102109313,0.75,25.066666666666666,0.0,20.0,False
baseline,,0.00010000000000000009,0.01631975090784437,0.12388422506310386,0.7621351722041664,41.64381594346005,0.48668885191347755,0.591514143094842,0.5589970049916805,0.5119297929108143,0.75,25.733333333333334,0.0,20.0,False
baseline,,0.00010000000000000009,0.03379212149580846,0.12388659204583297,0.7429606000289278,41.37947156587567,0.5356564019448946,0.6012965964343598,0.5002470016207455,0.6040893271565437,0.7,25.928571428571427,0.0,20.0,False
baseline,,0.00010000000000000009,0.0699708887492028,0.12360833740228552,0.7190295378595739,40.85875529930155,0.5603448275862069,0.6089341692789969,0.46792100313479623,0.7675573505461216,0.6,25.5,0.0,20.0,False
baseline,,0.00010000000000000009,0.14488363132100487,0.12323102406416121,0.6993401136160282,40.41966674064345,0.5721884498480243,0.6139817629179332,0.4510297872340425,1.0270722649991513,0.5,24.8,0.0,20.0,False
baseline,,0.00010000000000000009,0.3,0.12259932759290312,0.6836715692303105,39.951949642930906,0.577893175074184,0.6186943620178041,0.4406124629080118,1.2455786809325218,0.5,26.4,0.0,20.0,False
baseline,,0.00021690521830457365,0.00010000000000000009,0.12499573258222743,0.7992514069953834,42.45424348958553,0.17132867132867133,0.27884615384615385,1.1870251748251748,0.41100404411554337,0.9,26.333333333333332,0.0,20.0,False
baseline,,0.00021690521830457365,0.00020706272838739032,0.12499573298388636,0.7992517562588344,32.006804834463125,0.18793706293706294,0.3138111888111888,1.1354517482517483,0.41175525113940237,0.9,26.333333333333332,0.0,20.0,False
baseline,,0.00021690521830457365,0.0004287497348723022,0.12499573251603807,0.7992535584183977,25.003200418710744,0.21153846153846154,0.35664335664335667,1.0690181818181816,0.42064534574747087,0.9,26.333333333333332,0.0,20.0,False
baseline,,0.00021690521830457365,0.0008877808989802905,0.12499573295079297,0.7980533407068506,20.885046877930108,0.25392670157068065,0.41361256544502617,0.9696607329842932,0.43656452652066946,0.9,26.38888888888889,0.0,20.0,False
baseline,,0.00021690521830457365,0.001838263351530691,0.12480202299398813,0.7896231126365384,18.626221433010596,0.30310880829015546,0.4792746113989637,0.8548165803108808,0.41490502581000327,0.85,26.0,0.0,20.0,False
baseline,,0.00021690521830457365,0.003806358250624933,0.12480202637187186,0.784420035545051,17.60310676306985,0.3642611683848797,0.5446735395189003,0.72826529209622,0.44219561032950877,0.85,26.176470588235293,0.0,20.0,False
baseline,,0.00021690521830457365,0.00788154924594252,0.12424213453034973,0.771892795600588,17.01255626629076,0.4357021996615905,0.5981387478849408,0.6033590524534687,0.4359514323994517,0.75,25.066666666666666,0.0,20.0,False
baseline,,0.00021690521830457365,0.01631975090784437,0.1238842287708792,0.7621387976324393,16.8505763976971,0.5066555740432612,0.6206322795341098,0.5099121464226289,0.5124003492295742,0.75,25.733333333333334,0.0,20.0,False
baseline,,0.00021690521830457365,0.03379212149580846,0.12388659372590957,0.7429634713764767,16.83865205784425,0.5559157212317666,0.6304700162074555,0.45081426256077795,0.604454505443573,0.7,25.928571428571427,0.0,20.0,False
baseline,,0.00021690521830457365,0.0699708887492028,0.12360833884014583,0.7190316916354332,16.75595533536868,0.5799373040752351,0.6379310344827587,0.4193316614420062,0.7678269281983375,0.6,25.5,0.0,20.0,False
baseline,,0.00021690521830457365,0.14488363132100487,0.12323102427795456,0.6993416195665543,16.739667114386027,0.5919452887537994,0.6428571428571429,0.4023975683890577,1.0272374883294106,0.5,24.8,0.0,20.0,False
baseline,,0.00021690521830457365,0.3,0.12259932847445264,0.6836725408162088,16.72647623223516,0.5979228486646885,0.6468842729970327,0.39239287833827885,1.245664468407631,0.5,26.4,0.0,20.0,False
baseline,,0.00047047873727754753,0.00010000000000000009,0.12499573258222743,0.7992514069953834,22.903881745892804,0.2089160839160839,0.3505244755244755,1.0777594405594406,0.41100404411554337,0.9,26.333333333333332,0.0,20.0,False
baseline,,0.00047047873727754753,0.00020706272838739032,0.12499573287560795,0.7992517922357176,16.83000201952294,0.22465034965034966,0.3793706293706294,1.0331790209790208,0.41225508227944374,0.9,26.333333333333332,0.0,20.0,False
baseline,,0.00047047873727754753,0.0004287497348723022,0.12499573244068132,0.7992537775897245,12.037508728913949,0.2491258741258741,0.42132867132867136,0.9667454545454546,0.4221870705485344,0.9,26.333333333333332,0.0,20.0,False
baseline,,0.00047047873727754753,0.0008877808989802905,0.12499573253693058,0.7980607487356632,8.845044309893403,0.28534031413612565,0.4720767888307155,0.8797828970331588,0.4382509127259254,0.9,26.38888888888889,0.0,20.0,False
baseline,,0.00047047873727754753,0.001838263351530691,0.12480202291846622,0.78963332307173,6.964087144152143,0.33506044905008636,0.5354058721934369,0.7667336787564767,0.4164851874113083,0.85,26.0,0.0,20.0,False
baseline,,0.00047047873727754753,0.003806358250624933,0.12480202515300093,0.7844338889204128,6.084689650012389,0.3917525773195876,0.602233676975945,0.6432137457044673,0.44417169140651824,0.85,26.176470588235293,0.0,20.0,False
baseline,,0.00047047873727754753,0.00788154924594252,0.12424213364382264,0.7719031678027077,5.676288896339034,0.46277495769881555,0.6514382402707276,0.5229868020304569,0.43742945957928897,0.75,25.066666666666666,0.0,20.0,False
baseline,,0.00047047873727754753,0.01631975090784437,0.12388422487321128,0.7621466262663106,5.621276941495691,0.5332778702163061,0.6738768718801996,0.43004525790349424,0.5134194098412991,0.75,25.733333333333334,0.0,20.0,False
baseline,,0.00047047873727754753,0.03379212149580846,0.12388659361061603,0.7429698222661204,5.724055674256714,0.5826580226904376,0.6839546191247974,0.37058735818476496,0.6052447602152824,0.7,25.928571428571427,0.0,20.0,False
baseline,,0.00047047873727754753,0.0699708887492028,0.12360833998210087,0.7190363130622623,5.840454245601376,0.6057993730407524,0.6904388714733543,0.34096175548589336,0.7684111446142197,0.6,25.5,0.0,20.0,False
baseline,,0.00047047873727754753,0.14488363132100487,0.12323102584118355,0.6993450058287095,6.016745997053702,0.6177811550151976,0.6945288753799392,0.32488996960486316,1.0275955647230148,0.5,24.8,0.0,20.0,False
baseline,,0.00047047873727754753,0.3,0.12259932726518219,0.6836745445129465,6.210869140154006,0.6231454005934718,0.6995548961424333,0.31449970326409493,1.2458503693342209,0.5,26.4,0.0,20.0,False
baseline,,0.001020492932168466,0.00010000000000000009,0.12499573259544737,0.7992513950920155,10.793543724258047,0.2666083916083916,0.44493006993006995,0.9256615384615385,0.41105747371912005,0.9,26.333333333333332,0.0,20.0,False
baseline,,0.001020492932168466,0.00020706272838739032,0.12499573317936537,0.7992522946949873,7.940580994228845,0.27884615384615385,0.47115384615384615,0.8872,0.41404334753751754,0.9,26.333333333333332,0.0,20.0,False
baseline,,0.001020492932168466,0.0004287497348723022,0.12499573217504224,0.7980292837432823,5.215825915138644,0.2940663176265271,0.506108202443281,0.8370254799301919,0.42206947691738605,0.9,26.38888888888889,0.0,20.0,False
baseline,,0.001020492932168466,0.0008877808989802905,0.12499573227909923,0.7980828447650223,3.0770779146754994,0.32897033158813266,0.5497382198952879,0.7584914485165795,0.4423842023126781,0.9,26.38888888888889,0.0,20.0,False
baseline,,0.001020492932168466,0.001838263351530691,0.12480202255786296,0.7879848755845746,1.6567326164876504,0.3775862068965517,0.6086206896551725,0.6509931034482759,0.40959953181445596,0.85,26.058823529411764,0.0,20.0,False
baseline,,0.001020492932168466,0.003806358250624933,0.12480202645416343,0.7820858725750761,0.9361815469422333,0.4365351629502573,0.6698113207547169,0.5308535162950258,0.43686127634719013,0.85,26.235294117647058,0.0,20.0,False
baseline,,0.001020492932168466,0.00788154924594252,0.12424213211374494,0.7719252370748387,0.6469189470483462,0.5008460236886633,0.7191201353637902,0.41723384094754656,0.4406031101942062,0.75,25.066666666666666,0.0,20.0,False
baseline,,0.001020492932168466,0.01631975090784437,0.12388422516629741,0.7600498763982645,0.6400953875599757,0.5697674418604651,0.7383720930232558,0.32906046511627907,0.5049666225910187,0.75,25.8,0.0,20.0,False
baseline,,0.001020492932168466,0.03379212149580846,0.12388659430119137,0.7429833897526136,0.8000910015099055,0.6183144246353323,0.7463533225283631,0.27253225283630467,0.6069550126791,0.7,25.928571428571427,0.0,20.0,False
baseline,,0.001020492932168466,0.0699708887492028,0.123608338508952,0.719046343317539,1.0051716684392433,0.640282131661442,0.7507836990595611,0.2461341692789969,0.7696768745779992,0.6,25.5,0.0,20.0,False
baseline,,0.001020492932168466,0.14488363132100487,0.12323102430672195,0.699352515917504,1.2676893312200932,0.6519756838905775,0.7537993920972644,0.23142492401215808,1.0283716894686221,0.5,24.8,0.0,20.0,False
baseline,,0.001020492932168466,0.3,0.12259932697697982,0.6836789953822787,1.5550314298309305,0.6580118694362018,0.7574183976261127,0.22176973293768543,1.2462529942393303,0.5,26.4,0.0,20.0,False
baseline,,0.0022135024223027535,0.00010000000000000009,0.12499573260075925,0.7992542279048438,3.629521877621,0.33653846153846156,0.5812937062937062,0.7193678321678322,0.41563706025481223,0.9,26.333333333333332,0.0,20.0,False
baseline,,0.0022135024223027535,0.00020706272838739032,0.12499573285457588,0.7980408417085426,2.5906329082416164,0.3481675392670157,0.6029668411867365,0.6860656195462478,0.4201638001948595,0.9,26.38888888888889,0.0,20.0,False
baseline,,0.0022135024223027535,0.0004287497348723022,0.12499573396456931,0.7980792606009994,1.338495052071113,0.3726003490401396,0.6265270506108203,0.6380726003490401,0.43204093631356955,0.9,26.38888888888889,0.0,20.0,False
baseline,,0.0022135024223027535,0.0008877808989802905,0.12499573283713296,0.7932505234976553,0.13977215339454113,0.39565217391304347,0.671304347826087,0.5702434782608696,0.43068175041116774,0.9,26.5,0.0,20.0,False
baseline,,0.0022135024223027535,0.001838263351530691,0.12480202536844891,0.7880609401068642,-0.7580830428149768,0.4387931034482759,0.7146551724137931,0.48375172413793105,0.41915826238691806,0.85,26.058823529411764,0.0,20.0,False
baseline,,0.0022135024223027535,0.003806358250624933,0.12480202508865781,0.7821459005456619,-1.2752810284921658,0.49485420240137223,0.7667238421955404,0.3756219554030874,0.4457404688000679,0.85,26.235294117647058,0.0,20.0,False
baseline,,0.0022135024223027535,0.00788154924594252,0.12424213146783998,0.7719716559349925,-1.4771815410896614,0.5575296108291032,0.8121827411167513,0.2674876480541455,0.4473446633666754,0.75,25.066666666666666,0.0,20.0,False
baseline,,0.0022135024223027535,0.01631975090784437,0.12388422739468886,0.7600864215578088,-1.446959646600192,0.6229235880398671,0.8264119601328903,0.18786445182724254,0.5097354434430599,0.75,25.8,0.0,20.0,False
baseline,,0.0022135024223027535,0.03379212149580846,0.12388659375018016,0.7430125131027961,-1.2682349494382084,0.6709886547811994,0.8346839546191248,0.13152739059967578,0.6106450378894805,0.7,25.928571428571427,0.0,20.0,False
baseline,,0.0022135024223027535,0.0699708887492028,0.1236083382589274,0.719068182143414,-1.0259372171835608,0.6904388714733543,0.8385579937304075,0.12368087774294678,0.7620861977338791,0.55,24.272727272727273,0.0,20.0,False
baseline,,0.0022135024223027535,0.14488363132100487,0.12323102465353535,0.699368537376368,-0.7266854325600068,0.7006079027355623,0.8427051671732523,0.12970273556231005,1.030052550882101,0.5,24.8,0.0,20.0,False
baseline,,0.0022135024223027535,0.3,0.12259932897472585,0.6836886716017947,-0.39899104930744334,0.7062314540059347,0.8456973293768546,0.13233412462908012,1.247125792503357,0.5,26.4,0.0,20.0,False
baseline,,0.004801202261272809,0.00010000000000000009,0.1245211378870973,0.7927767319651857,-0.10843917584139688,0.46113989637305697,0.7426597582037997,0.4334003454231433,0.40063530281186105,0.85,26.0,0.0,20.0,False
baseline,,0.004801202261272809,0.00020706272838739032,0.12452113858645715,0.792793516492999,-0.42262954202065534,0.47063903281519864,0.7487046632124352,0.4178563039723661,0.406032266234979,0.85,26.0,0.0,20.0,False
baseline,,0.004801202261272809,0.0004287497348723022,0.12452113911026035,0.7904224625644993,-0.8742996896851797,0.4853448275862069,0.7681034482758621,0.383751724137931,0.40609578443691136,0.85,26.058823529411764,0.0,20.0,False
baseline,,0.004801202261272809,0.0008877808989802905,0.12458212733934991,0.7834371817980831,-1.389930331393884,0.505982905982906,0.7923076923076923,0.33890940170940176,0.3910880506038666,0.85,26.352941176470587,0.0,20.0,False
baseline,,0.004801202261272809,0.001838263351530691,0.12458212819334917,0.7835462698305946,-1.8493178465492521,0.5384615384615384,0.8282051282051283,0.2705333333333333,0.421329540014267,0.85,26.352941176470587,0.0,20.0,False
baseline,,0.004801202261272809,0.003806358250624933,0.12458212813213888,0.7758490523682229,-2.1544401825089707,0.5882852292020373,0.8743633276740238,0.1745514431239389,0.4259586177766323,0.8,25.8125,0.0,20.0,False
baseline,,0.004801202261272809,0.00788154924594252,0.1238858024068325,0.7709647359051818,-2.2750824256978412,0.644891122278057,0.9045226130653267,0.08778626465661632,0.4377017866820097,0.75,25.466666666666665,0.0,20.0,False
baseline,,0.004801202261272809,0.01631975090784437,0.12367516935463937,0.7544828227965282,-2.2122848287209265,0.7042833607907742,0.9159802306425041,0.06010313014827018,0.5055228479206562,0.75,26.133333333333333,0.0,20.0,False
baseline,,0.004801202261272809,0.03379212149580846,0.12368105264020068,0.7435619313671143,-2.0234726483528442,0.7479806138933764,0.9232633279483037,0.0965172859450728,0.6372992128133774,0.7,26.071428571428573,0.0,20.0,False
baseline,,0.004801202261272809,0.0699708887492028,0.123408724554307,0.7162352165361787,-1.7658498470271682,0.764797507788162,0.92601246105919,0.11058504672897207,0.7751579225063324,0.55,24.636363636363637,0.0,20.0,False
baseline,,0.004801202261272809,0.14488363132100487,0.12307956133025548,0.6930042552456083,-1.4536066153988834,0.7744360902255639,0.9300751879699248,0.11616090225563913,1.025756011158228,0.5,25.5,0.0,20.0,False
baseline,,0.004801202261272809,0.3,0.12241257887755846,0.678007892409707,-1.1048661353890579,0.7794117647058824,0.9316176470588236,0.11959411764705885,1.2510361418128013,0.5,27.0,0.0,20.0,False
baseline,,0.010414058246057912,0.00010000000000000009,0.12439556278999943,0.7808451405949761,-1.7288884897923127,0.6045918367346939,0.8741496598639455,0.15845850340136058,0.4220685075968504,0.8,25.75,0.0,20.0,False
baseline,,0.010414058246057912,0.00020706272838739032,0.1243955626829379,0.7808567644396971,-1.802752668042143,0.6105442176870748,0.8792517006802721,0.14740408163265306,0.4259654346853495,0.8,25.75,0.0,20.0,False
baseline,,0.010414058246057912,0.0004287497348723022,0.12439556188061325,0.7808800863338085,-1.9231270825504636,0.6207482993197279,0.8860544217687075,0.1303972789115646,0.43366674073040484,0.8,25.75,0.0,20.0,False
baseline,,0.010414058246057912,0.0008877808989802905,0.12429522459423649,0.7785864758564248,-2.094910009759761,0.6398305084745762,0.9059322033898305,0.09143728813559326,0.42639295645058156,0.8,25.875,0.0,20.0,True
baseline,,0.010414058246057912,0.001838263351530691,0.12429522451062205,0.776970960008902,-2.268990376446918,0.6658206429780034,0.9297800338409475,0.041599323181049086,0.44639143757522104,0.8,25.9375,0.0,20.0,True
baseline,,0.010414058246057912,0.003806358250624933,0.12411520260713571,0.7739758371103048,-2.4005069240844654,0.7080536912751678,0.9530201342281879,0.026833557046979983,0.44810149893164636,0.75,25.4,0.0,20.0,False
baseline,,0.010414058246057912,0.00788154924594252,0.12370483167715918,0.7626417987705564,-2.432391503648439,0.746268656716418,0.9660033167495854,0.07507197346600336,0.47706317957490685,0.75,25.866666666666667,0.0,20.0,False
baseline,,0.010414058246057912,0.01631975090784437,0.1236532118297196,0.7534008209902435,-2.3466802367383295,0.8008196721311476,0.9737704918032787,0.13739016393442627,0.554042349755764,0.7,25.428571428571427,0.0,20.0,False
baseline,,0.010414058246057912,0.03379212149580846,0.12339466751721238,0.7366438971529188,-2.160998034421537,0.8408,0.9792,0.18279999999999996,0.6614529557526112,0.65,25.53846153846154,0.0,20.0,False
baseline,,0.010414058246057912,0.0699708887492028,0.1232364968985409,0.7108433823484,-1.8968933859217065,0.8531684698608965,0.9806800618238022,0.19664853168469865,0.8200579889118671,0.55,25.09090909090909,0.0,20.0,False
baseline,,0.010414058246057912,0.14488363132100487,0.1226591540651107,0.6909904658853623,-1.5914018537185595,0.8617339312406577,0.9828101644245142,0.20734409566517187,1.0735399670898915,0.5,25.9,0.0,20.0,False
baseline,,0.010414058246057912,0.3,0.12206878891498851,0.6755006850255931,-1.2429820248769152,0.8656934306569343,0.9832116788321168,0.21170510948905108,1.2925441078841686,0.5,27.5,0.0,20.0,False
baseline,,0.02258863577297737,0.00010000000000000009,0.12432926484549288,0.7742692436477898,-2.176632787710972,0.7546063651591289,0.9522613065326633,0.0741450586264657,0.48651849702000616,0.7,24.5,0.0,20.0,False
baseline,,0.02258863577297737,0.00020706272838739032,0.12432926539713106,0.7742783454159184,-2.1886696116130886,0.7579564489112228,0.9547738693467337,0.07553031825795653,0.49015718027949334,0.7,24.5,0.0,20.0,False
baseline,,0.02258863577297737,0.0004287497348723022,0.1243292684302306,0.7742967505922823,-2.20987904157759,0.7629815745393634,0.958961474036851,0.0847430485762144,0.4975080378353596,0.7,24.5,0.0,20.0,False
baseline,,0.02258863577297737,0.0008877808989802905,0.12448462140807437,0.7712071616993407,-2.2428030908004675,0.7691666666666667,0.965,0.09696666666666665,0.48682387433946134,0.7,24.714285714285715,0.0,20.0,False
baseline,,0.02258863577297737,0.001838263351530691,0.12448462054699687,0.7695519417353754,-2.2795861750963007,0.7920133111480865,0.9733777038269551,0.1281910149750416,0.5004423128440976,0.7,24.785714285714285,0.0,20.0,False
baseline,,0.02258863577297737,0.003806358250624933,0.12448462015005471,0.7651378729868943,-2.301999005276288,0.8150912106135987,0.9859038142620232,0.16379502487562192,0.5287356566637754,0.7,24.928571428571427,0.0,20.0,False
baseline,,0.02258863577297737,0.00788154924594252,0.12386666457944567,0.7595212229978178,-2.2780467178301778,0.850328947368421,0.9893092105263158,0.20243815789473685,0.5625723756849765,0.65,24.23076923076923,0.0,20.0,False
baseline,,0.02258863577297737,0.01631975090784437,0.12410436374981522,0.7480568152827736,-2.171023147240429,0.898538961038961,0.9943181818181818,0.2556571428571428,0.6390084519982338,0.65,24.846153846153847,0.0,20.0,False
baseline,,0.02258863577297737,0.03379212149580846,0.12358967433923083,0.7332221796546748,-1.9959792034940573,0.9222222222222223,0.9976190476190476,0.2826412698412699,0.743742149323225,0.6,24.833333333333332,0.0,20.0,False
baseline,,0.02258863577297737,0.0699708887492028,0.1233121678346813,0.7061570872591334,-1.746716882512822,0.9318529862174579,0.998468606431853,0.2931215926493109,0.9037225857377053,0.55,25.636363636363637,0.0,20.0,False
baseline,,0.02258863577297737,0.14488363132100487,0.12272055249772003,0.6893919806306177,-1.450843289612567,0.9398216939078752,1.0,0.3026216939078752,1.1667630650103091,0.5,26.3,0.0,20.0,False
baseline,,0.02258863577297737,0.3,0.12216162554194825,0.669737452547013,-1.1061501592814202,0.9425287356321839,1.0,0.3053287356321839,1.3357375636696815,0.45,27.444444444444443,0.0,20.0,False
baseline,,0.04899592973540154,0.00010000000000000009,0.12409841922396424,0.7589152880855599,-2.0090116236276514,0.889344262295082,0.9852459016393442,0.23739016393442625,0.6431056205183268,0.65,24.384615384615383,0.0,20.0,False
baseline,,0.04899592973540154,0.00020706272838739032,0.12409841966975853,0.7589235393029032,-2.0089674775731203,0.8901639344262295,0.9860655737704918,0.2390295081967213,0.6454001702368259,0.65,24.384615384615383,0.0,20.0,False
baseline,,0.04899592973540154,0.0004287497348723022,0.12409841981877691,0.7589405383554856,-2.008575100307444,0.8934426229508197,0.9860655737704918,0.24230819672131143,0.6501916147768497,0.65,24.384615384615383,0.0,20.0,False
baseline,,0.04899592973540154,0.0008877808989802905,0.12409841788728239,0.7589756327390861,-2.0067005000343117,0.898360655737705,0.9868852459016394,0.24804590163934437,0.6602664966136217,0.65,24.384615384615383,0.0,20.0,False
baseline,,0.04899592973540154,0.001838263351530691,0.12409841927720598,0.7590469025628288,-1.999679760775132,0.9040983606557377,0.9901639344262295,0.2570622950819672,0.6812529265880585,0.65,24.384615384615383,0.0,20.0,False
baseline,,0.04899592973540154,0.003806358250624933,0.12367741919337401,0.7527037214241367,-1.9855170022150679,0.9235772357723577,0.991869918699187,0.2782471544715447,0.6718133337795734,0.65,24.76923076923077,0.0,20.0,False
baseline,,0.04899592973540154,0.00788154924594252,0.1239141545120524,0.7476766278320172,-1.935860738504199,0.9458804523424879,0.9935379644588045,0.30221841680129236,0.7019323788583278,0.6,23.916666666666668,0.0,20.0,False
baseline,,0.04899592973540154,0.01631975090784437,0.1238030173580502,0.7361047849988614,-1.8346098775390005,0.9633173843700159,0.9960127591706539,0.3221301435406698,0.768371456861496,0.6,24.583333333333332,0.0,20.0,False
baseline,,0.04899592973540154,0.03379212149580846,0.12343821087892044,0.7249233108863942,-1.6773896430765554,0.97734375,0.99765625,0.3378,0.8714065968990325,0.55,24.454545454545453,0.0,20.0,False
baseline,,0.04899592973540154,0.0699708887492028,0.12320063741316688,0.7002688870197038,-1.445481006150949,0.9818181818181818,0.9992424242424243,0.3438606060606061,1.0626014605164529,0.5,25.0,0.0,20.0,False
baseline,,0.04899592973540154,0.14488363132100487,0.12229584359550599,0.6750492795066576,-1.1511006257815324,0.9876093294460642,1.0,0.3504093294460642,1.2931223556399345,0.5,27.6,0.0,20.0,False
baseline,,0.04899592973540154,0.3,0.12199733419937699,0.6702971363450109,-0.8472182078604161,0.9885877318116976,1.0,0.3513877318116976,1.4791585370898246,0.45,28.0,0.0,20.0,False
baseline,,0.10627472835292812,0.00010000000000000009,0.1236121997515236,0.7334908317840163,-1.5577419838403568,0.9620853080568721,0.9936808846761453,0.31856619273301745,0.8637049429118633,0.6,25.083333333333332,0.0,20.0,False
baseline,,0.10627472835292812,0.00020706272838739032,0.12361220044058731,0.7334986298631049,-1.5563390201369602,0.9628751974723538,0.9944707740916272,0.32014597156398106,0.8655438132584095,0.6,25.083333333333332,0.0,20.0,False
baseline,,0.10627472835292812,0.0004287497348723022,0.12361219734221374,0.7335146430720481,-1.5534371779978613,0.9628751974723538,0.9944707740916272,0.32014597156398106,0.8693524278700352,0.6,25.083333333333332,0.0,20.0,False
baseline,,0.10627472835292812,0.0008877808989802905,0.12361219908705352,0.7335479887346565,-1.5474486335669637,0.9644549763033176,0.9944707740916272,0.3217257503949448,0.8772309936583043,0.6,25.083333333333332,0.0,20.0,False
baseline,,0.10627472835292812,0.001838263351530691,0.12361219910319211,0.7336160862475098,-1.5351734899905671,0.9652448657187994,0.9944707740916272,0.32251563981042664,0.8934597976505756,0.6,25.083333333333332,0.0,20.0,False
baseline,,0.10627472835292812,0.003806358250624933,0.1236121996627381,0.7300840644723996,-1.5121674853289302,0.9708661417322835,0.9952755905511811,0.32894173228346457,0.9074346579611301,0.6,25.25,0.0,20.0,False
baseline,,0.10627472835292812,0.00788154924594252,0.12371603882546776,0.723780172689974,-1.4666315218527148,0.98046875,0.996875,0.34014374999999997,0.9199879795312882,0.55,24.454545454545453,0.0,20.0,False
baseline,,0.10627472835292812,0.01631975090784437,0.12333993350029629,0.7191025908051489,-1.3848593667638347,0.9883900928792569,0.9984520123839009,0.34964210526315787,0.9893644228577614,0.55,25.0,0.0,20.0,False
baseline,,0.10627472835292812,0.03379212149580846,0.12325468656461959,0.7048324250096951,-1.2516813038883483,0.9916413373860182,0.9984802431610942,0.3529215805471124,1.1001167491078376,0.55,26.09090909090909,0.0,20.0,False
baseline,,0.10627472835292812,0.0699708887492028,0.12230795592309557,0.6924256994198251,-1.062510368465898,0.9948224852071006,1.0,0.3576224852071006,1.295644147694111,0.5,26.6,0.0,20.0,False
baseline,,0.10627472835292812,0.14488363132100487,0.12171695838977907,0.6709710314327951,-0.8040020980460518,0.9978571428571429,1.0,0.3606571428571429,1.50452900826931,0.45,27.88888888888889,0.0,20.0,False
baseline,,0.10627472835292812,0.3,0.12195338136528475,0.6691408719553849,-0.4925951265873935,0.9986033519553073,1.0,0.36140335195530726,1.693197426199913,0.35,27.0,0.0,20.0,False
baseline,,0.23051543153651136,0.00010000000000000009,0.12379929038162363,0.6995096178743483,-0.9642833786511853,0.9879336349924586,0.9984917043740573,0.3492253393665159,1.3010917864739895,0.55,26.545454545454547,0.0,20.0,False
baseline,,0.23051543153651136,0.00020706272838739032,0.12379929228283021,0.6995164922715874,-0.9632867729712169,0.9886877828054299,0.9984917043740573,0.34997948717948724,1.3025998383760453,0.55,26.545454545454547,0.0,20.0,False
baseline,,0.23051543153651136,0.0004287497348723022,0.12349405105834557,0.6995308398525202,-0.9619917942422681,0.9894578313253012,0.9984939759036144,0.35075180722891564,1.2994597136974335,0.55,26.636363636363637,0.0,20.0,False
baseline,,0.23051543153651136,0.0008877808989802905,0.12349405100374915,0.6995603730307917,-0.9577827348072133,0.990210843373494,0.9984939759036144,0.3515048192771084,1.3057331815361977,0.55,26.636363636363637,0.0,20.0,False
baseline,,0.23051543153651136,0.001838263351530691,0.12316626810118371,0.6996213868490603,-0.9507436454371094,0.9902402402402403,0.9984984984984985,0.35153873873873875,1.3019764214754104,0.55,26.818181818181817,0.0,20.0,False
baseline,,0.23051543153651136,0.003806358250624933,0.12312966051046222,0.699746485442769,-0.9351920441078915,0.9902694610778443,0.9985029940119761,0.3515724550898204,1.311458083987236,0.55,27.0,0.0,20.0,False
baseline,,0.23051543153651136,0.00788154924594252,0.12283205926997123,0.6990016560824738,-0.9045036361080164,0.992548435171386,0.9985096870342772,0.35385812220566326,1.3410982295870781,0.55,27.272727272727273,0.0,20.0,False
baseline,,0.23051543153651136,0.01631975090784437,0.1228320589408217,0.6873210339167567,-0.8479865293246186,0.9926362297496318,0.9992636229749632,0.35469985272459503,1.3818909034132958,0.55,28.0,0.0,20.0,False
baseline,,0.23051543153651136,0.03379212149580846,0.12187036827874746,0.6788683802549267,-0.7506748132302502,0.9942112879884226,0.9992764109985528,0.35628769898697543,1.4682494416832923,0.45,26.88888888888889,0.0,20.0,False
baseline,,0.23051543153651136,0.0699708887492028,0.12185223168045978,0.6673065229541281,-0.5985115226950743,0.9964689265536724,1.0,0.3592689265536724,1.6585163652896882,0.45,28.77777777777778,0.0,20.0,False
baseline,,0.23051543153651136,0.14488363132100487,0.12203300800655702,0.6649212028531125,-0.379733289462025,0.9986244841815681,1.0,0.36142448418156814,1.850984987616539,0.35,28.571428571428573,0.0,20.0,False
baseline,,0.23051543153651136,0.3,0.12249268089849691,0.6657695757097275,-0.11901002847287745,0.9993150684931507,1.0,0.36211506849315067,2.022388683259487,0.35,29.0,0.0,20.0,False
baseline,,0.5,0.00010000000000000009,0.12205511487252067,0.6624729206232354,-0.3148993029758771,0.9951790633608816,1.0,0.3579790633608816,1.9563246784731745,0.4,29.75,0.0,20.0,False
baseline,,0.5,0.00020706272838739032,0.12205511243730781,0.6624800150925354,-0.3143446033169819,0.9951790633608816,1.0,0.3579790633608816,1.9575065981596709,0.4,29.75,0.0,20.0,False
baseline,,0.5,0.0004287497348723022,0.12205511257252799,0.6624947001810922,-0.31319905173175205,0.9951790633608816,1.0,0.3579790633608816,1.9599510092288255,0.4,29.75,0.0,20.0,False
baseline,,0.5,0.0008877808989802905,0.12205511486510943,0.6625250321948785,-0.31084007764844274,0.9958677685950413,1.0,0.35866776859504135,1.965002376958728,0.4,29.75,0.0,20.0,False
baseline,,0.5,0.001838263351530691,0.1220551121335286,0.6625878264362489,-0.30601002289863277,0.9958677685950413,1.0,0.35866776859504135,1.9754146257415415,0.4,29.75,0.0,20.0,False
baseline,,0.5,0.003806358250624933,0.12205511220969918,0.6612860903638377,-0.29675542709107217,0.9958734525447043,1.0,0.3586734525447043,1.9901091473177075,0.4,29.875,0.0,20.0,False
baseline,,0.5,0.00788154924594252,0.12198536483608577,0.6600407570869277,-0.2784886578635343,0.9958847736625515,1.0,0.35868477366255147,2.020733019709587,0.4,30.125,0.0,20.0,False
baseline,,0.5,0.01631975090784437,0.12209089501708742,0.6563823968362374,-0.24389598268829427,0.9965986394557823,1.0,0.3593986394557823,2.072259222716093,0.4,30.875,0.0,20.0,False
baseline,,0.5,0.03379212149580846,0.12248482042735705,0.6512467277794924,-0.17825318909227947,0.9973404255319149,1.0,0.36014042553191494,2.1517515264451506,0.35,32.142857142857146,0.0,20.0,False
baseline,,0.5,0.0699708887492028,0.12238431143954527,0.6508348084436504,-0.06840114677694423,0.9986772486772487,1.0,0.36147724867724873,2.3140471287071707,0.3,31.666666666666668,0.0,20.0,False
baseline,,0.5,0.14488363132100487,0.12251320835411243,0.6489375425667419,0.09223107917444125,0.9986876640419947,1.0,0.3614876640419947,2.4313993617892264,0.3,32.666666666666664,0.0,20.0,False
baseline,,0.5,0.3,0.12251321023065365,0.6451908408840074,0.3120145071681433,1.0,1.0,0.3628,2.5057860247790815,0.3,33.333333333333336,0.0,20.0,False
env_odom_noise,0.0,0.00010000000000000009,0.00010000000000000009,0.12484799055093407,0.6893099095859053,50.393836585172274,0.20928196147110334,0.329246935201401,1.0986711033274956,0.3882241629064083,0.9,26.27777777777778,0.0,20.0,False
env_odom_noise,0.0,0.00010000000000000009,0.00020706272838739032,0.1248479908709545,0.6893099072577448,46.60596617990059,0.2381786339754816,0.3712784588441331,1.0277429071803854,0.3889121152460575,0.9,26.27777777777778,0.0,20.0,False
env_odom_noise,0.0,0.00010000000000000009,0.0004287497348723022,0.12484799049744588,0.6893098971896218,44.259399400972924,0.28021015761821366,0.43257443082311736,0.924415411558669,0.39783228412270544,0.9,26.27777777777778,0.0,20.0,False
env_odom_noise,0.0,0.00010000000000000009,0.0008877808989802905,0.12506433594638672,0.6873235898720963,43.16961702031345,0.3298429319371728,0.4869109947643979,0.8204460732984293,0.4017743803560734,0.9,26.38888888888889,0.0,20.0,False
env_odom_noise,0.0,0.00010000000000000009,0.001838263351530691,0.12480883655463543,0.6830359589753545,42.44957423351386,0.3940972222222222,0.5355902777777778,0.7075125,0.4164872571825981,0.9,26.555555555555557,0.0,20.0,False
env_odom_noise,0.0,0.00010000000000000009,0.003806358250624933,0.12480202451495175,0.6753614220174406,42.14466200178293,0.4493127147766323,0.570446735395189,0.6174405498281788,0.419533783197403,0.85,26.176470588235293,0.0,20.0,False
env_odom_noise,0.0,0.00010000000000000009,0.00788154924594252,0.12424213326738631,0.6655804567128447,41.77206401498034,0.5050933786078099,0.5933786078098472,0.5387280135823429,0.4478434041142464,0.8,25.8125,0.0,20.0,False
env_odom_noise,0.0,0.00010000000000000009,0.01631975090784437,0.12409704497136846,0.653478483449539,41.56697954630023,0.5383973288814691,0.6001669449081803,0.49863572621035057,0.5062287628650666,0.75,25.6,0.0,20.0,False
env_odom_noise,0.0,0.00010000000000000009,0.03379212149580846,0.12388659335692219,0.6322022934628262,41.28421761259477,0.5591572123176661,0.6037277147487844,0.47431507293354946,0.5877130635082721,0.7,25.928571428571427,0.0,20.0,False
env_odom_noise,0.0,0.00010000000000000009,0.0699708887492028,0.12377196410432752,0.6046497105957543,40.65219863432287,0.571875,0.6125,0.4528249999999999,0.7436079569160938,0.6,25.666666666666668,0.0,20.0,False
env_odom_noise,0.0,0.00010000000000000009,0.14488363132100487,0.12316347846612062,0.5865021049971489,40.19461013829857,0.5766312594840668,0.6160849772382397,0.44448376327769346,1.0192305862903595,0.5,24.9,0.0,20.0,False
env_odom_noise,0.0,0.00010000000000000009,0.3,0.12259932916794697,0.5696638101281356,39.76568323240265,0.5812407680945347,0.620384047267356,0.4355751846381093,1.222873404622078,0.5,26.7,0.0,20.0,False
env_odom_noise,0.0,0.00021690521830457365,0.00010000000000000009,0.12484799055093407,0.6893099095859053,22.285816209933902,0.2373029772329247,0.37215411558669004,1.0277429071803854,0.3882241629064083,0.9,26.27777777777778,0.0,20.0,False
env_odom_noise,0.0,0.00021690521830457365,0.00020706272838739032,0.12484799084411742,0.6893099073748474,20.006423434198965,0.2635726795096322,0.4133099824868651,0.9603173380035026,0.3890766590833664,0.9,26.27777777777778,0.0,20.0,False
env_odom_noise,0.0,0.00021690521830457365,0.0004287497348723022,0.12484799126398519,0.6893098901677093,18.362236879480665,0.3021015761821366,0.4746059544658494,0.860492469352014,0.3985241621732712,0.9,26.27777777777778,0.0,20.0,False
env_odom_noise,0.0,0.00021690521830457365,0.0008877808989802905,0.12506433530017125,0.6873235322507133,17.457449645608712,0.35165794066317624,0.5226876090750436,0.7628544502617801,0.4028555154800415,0.9,26.38888888888889,0.0,20.0,False
env_odom_noise,0.0,0.00021690521830457365,0.001838263351530691,0.12480883594338799,0.6830359107715404,16.9337028450295,0.4149305555555556,0.5685763888888888,0.6536930555555556,0.4174900248646736,0.9,26.555555555555557,0.0,20.0,False
env_odom_noise,0.0,0.00021690521830457365,0.003806358250624933,0.12480202542196181,0.6734094578549454,16.730970543828207,0.46826758147512865,0.6037735849056604,0.565158833619211,0.4090229034423828,0.85,26.235294117647058,0.0,20.0,False
env_odom_noise,0.0,0.00021690521830457365,0.00788154924594252,0.12424213312707737,0.6655804693831404,16.66862233052794,0.5254668930390493,0.6230899830220713,0.48864312393887943,0.44855397641658784,0.8,25.8125,0.0,20.0,False
env_odom_noise,0.0,0.00021690521830457365,0.01631975090784437,0.12409704662225919,0.6534785136915352,16.707772135537052,0.5584307178631052,0.6293823038397329,0.4493869782971619,0.5067504160106182,0.75,25.6,0.0,20.0,False
env_odom_noise,0.0,0.00021690521830457365,0.03379212149580846,0.1238865946345654,0.632202335798336,16.74350736900045,0.5777957860615883,0.63290113452188,0.42650307941653165,0.5880919210612774,0.7,25.928571428571427,0.0,20.0,False
env_odom_noise,0.0,0.00021690521830457365,0.0699708887492028,0.12377196124642609,0.6046496702196081,16.647022838175896,0.59140625,0.64140625,0.4043875,0.743883153796196,0.6,25.666666666666668,0.0,20.0,False
env_odom_noise,0.0,0.00021690521830457365,0.14488363132100487,0.12316347572356191,0.5865020837812555,16.633972782831002,0.5963581183611533,0.644916540212443,0.3959253414264037,1.0193965777754783,0.5,24.9,0.0,20.0,False
env_odom_noise,0.0,0.00021690521830457365,0.3,0.12259932807689737,0.5696637909524451,16.643130071131992,0.6011816838995568,0.6484490398818316,0.3875692762186116,1.2229601740837097,0.5,26.7,0.0,20.0,False
env_odom_noise,0.0,0.00047047873727754753,0.00010000000000000009,0.12484799055093407,0.6893099095859053,8.359294578906457,0.27845884413309985,0.44921190893169877,0.9095292469352014,0.3882241629064083,0.9,26.27777777777778,0.0,20.0,False
env_odom_noise,0.0,0.00047047873727754753,0.00020706272838739032,0.12484799146934432,0.6893099092516983,7.250191849704117,0.30297723292469353,0.4886164623467601,0.8456063047285464,0.38960358649492266,0.9,26.27777777777778,0.0,20.0,False
env_odom_noise,0.0,0.00047047873727754753,0.0004287497348723022,0.12484799025769758,0.6893099045052752,6.307626087655166,0.33887915936952717,0.5385288966725044,0.7597919439579685,0.40019444897770884,0.9,26.27777777777778,0.0,20.0,False
env_odom_noise,0.0,0.00047047873727754753,0.0008877808989802905,0.12506433555963434,0.6873235336077667,5.697491063651855,0.3856893542757417,0.5828970331588132,0.668613612565445,0.4051563791930676,0.9,26.38888888888889,0.0,20.0,False
env_odom_noise,0.0,0.00047047873727754753,0.001838263351530691,0.12480883647396852,0.6830359409072536,5.3462775441405785,0.4461805555555556,0.6302083333333334,0.560811111111111,0.41963852643966676,0.9,26.555555555555557,0.0,20.0,False
env_odom_noise,0.0,0.00047047873727754753,0.003806358250624933,0.12480202483435085,0.6734094700944031,5.250185128109809,0.49828473413379076,0.6586620926243568,0.4802531732418524,0.4111365646123886,0.85,26.235294117647058,0.0,20.0,False
env_odom_noise,0.0,0.00047047873727754753,0.00788154924594252,0.12424213372304381,0.6655804484672156,5.298212474868698,0.5543293718166383,0.6774193548387096,0.40545127334465203,0.4500863693654537,0.8,25.8125,0.0,20.0,False
env_odom_noise,0.0,0.00047047873727754753,0.01631975090784437,0.12409704565702374,0.6534785556167559,5.448846861352799,0.5859766277128547,0.6828046744574291,0.36841869782971615,0.5078789219260216,0.75,25.6,0.0,20.0,False
env_odom_noise,0.0,0.00047047873727754753,0.03379212149580846,0.123886592436334,0.6322023200123762,5.629146701396112,0.6045380875202593,0.686385737439222,0.34627617504051866,0.5889133833348751,0.7,25.928571428571427,0.0,20.0,False
env_odom_noise,0.0,0.00047047873727754753,0.0699708887492028,0.12377196123057241,0.604649707699466,5.775312419405334,0.6171875,0.69375,0.3262625,0.7444803535938262,0.6,25.666666666666668,0.0,20.0,False
env_odom_noise,0.0,0.00047047873727754753,0.14488363132100487,0.12316347726636506,0.5865020576648529,5.965165145993938,0.622154779969651,0.6965098634294385,0.3185353566009105,1.019756805896759,0.5,24.9,0.0,20.0,False
env_odom_noise,0.0,0.00047047873727754753,0.3,0.12259932738476846,0.569663803909301,6.1741251942887425,0.6262924667651403,0.7008862629246676,0.3100212703101921,1.2231484636664391,0.5,26.7,0.0,20.0,False
env_odom_noise,0.0,0.001020492932168466,0.00010000000000000009,0.12484799055093407,0.6893099075179875,1.4979755892310085,0.3371278458844133,0.5516637478108581,0.7484084063047285,0.3883094139397144,0.9,26.27777777777778,0.0,20.0,False
env_odom_noise,0.0,0.001020492932168466,0.00020706272838739032,0.12484799079119792,0.6893098985865936,1.0805380775931548,0.36252189141856395,0.5945709281961471,0.680107180385289,0.39149084165692327,0.9,26.27777777777778,0.0,20.0,False
env_odom_noise,0.0,0.001020492932168466,0.0004287497348723022,0.12484799058942067,0.6893098663952731,0.6629406600344753,0.38879159369527144,0.626970227670753,0.6214381786339755,0.4046104997396469,0.9,26.27777777777778,0.0,20.0,False
env_odom_noise,0.0,0.001020492932168466,0.0008877808989802905,0.1250643349202672,0.6873235517296816,0.35225996413876465,0.43455497382198954,0.6579406631762653,0.5447043630017452,0.4106921970844269,0.9,26.38888888888889,0.0,20.0,False
env_odom_noise,0.0,0.001020492932168466,0.001838263351530691,0.12480883698544287,0.6830359425983253,0.1696901403267531,0.4930555555555556,0.6996527777777778,0.4444916666666666,0.4141385927796364,0.85,25.823529411764707,0.0,20.0,False
env_odom_noise,0.0,0.001020492932168466,0.003806358250624933,0.12437912304948774,0.6713665200507803,0.13476984542951748,0.5461538461538461,0.7256410256410256,0.36540512820512827,0.39407507702708244,0.85,26.352941176470587,0.0,20.0,False
env_odom_noise,0.0,0.001020492932168466,0.00788154924594252,0.12424213306264649,0.6655804646056674,0.26072035436411783,0.5925297113752123,0.7410865874363328,0.3035837011884549,0.4421496860682964,0.75,24.933333333333334,0.0,20.0,False
env_odom_noise,0.0,0.001020492932168466,0.01631975090784437,0.12409704538546823,0.6534785419532686,0.46157231985515507,0.6218697829716193,0.7462437395659433,0.2690864774624374,0.5103136472404003,0.75,25.6,0.0,20.0,False
env_odom_noise,0.0,0.001020492932168466,0.03379212149580846,0.12388659363789399,0.632202311748046,0.7056879530440907,0.6393841166936791,0.7487844408427877,0.24903144246353315,0.5906903937458992,0.7,25.928571428571427,0.0,20.0,False
env_odom_noise,0.0,0.001020492932168466,0.0699708887492028,0.12377196342598845,0.6046496562120298,0.9590548793645943,0.6515625,0.75390625,0.23173124999999994,0.7457734443247318,0.6,25.666666666666668,0.0,20.0,False
env_odom_noise,0.0,0.001020492932168466,0.14488363132100487,0.12316347688320216,0.5865020723913629,1.2401521839554739,0.6562974203338392,0.7556904400606981,0.2252121396054627,1.0205371737480164,0.5,24.9,0.0,20.0,False
env_odom_noise,0.0,0.001020492932168466,0.3,0.12259932728942309,0.5696638214755095,1.5389279699582061,0.6610044313146234,0.758493353028065,0.21770221565731163,1.2235563695430756,0.5,26.7,0.0,20.0,False
env_odom_noise,0.0,0.0022135024223027535,0.00010000000000000009,0.12484799109677103,0.6893098974441713,-1.6714387964976192,0.43695271453590195,0.7259194395796847,0.4743278458844133,0.39324225336313245,0.9,26.27777777777778,0.0,20.0,False
env_odom_noise,0.0,0.0022135024223027535,0.00020706272838739032,0.1248479904365442,0.6893098456586753,-1.7809939247459772,0.45096322241681264,0.7338003502626971,0.4524364273204903,0.401927799731493,0.9,26.27777777777778,0.0,20.0,False
env_odom_noise,0.0,0.0022135024223027535,0.0004287497348723022,0.12506433691964436,0.6873235549969392,-1.9034753161941296,0.4677137870855148,0.7469458987783595,0.4225403141361257,0.39624187126755717,0.9,26.38888888888889,0.0,20.0,False
env_odom_noise,0.0,0.0022135024223027535,0.0008877808989802905,0.1250643337956465,0.6851847214524877,-2.0085558050364183,0.5113240418118467,0.7709059233449478,0.35497003484320555,0.4136413216590881,0.9,26.444444444444443,0.0,20.0,False
env_odom_noise,0.0,0.0022135024223027535,0.001838263351530691,0.1248694527350711,0.6830358750613926,-2.0457273875417936,0.5571923743500866,0.8006932409012132,0.2793143847487002,0.41535691618919374,0.85,25.88235294117647,0.0,20.0,False
env_odom_noise,0.0,0.0022135024223027535,0.003806358250624933,0.12437912354286655,0.6713665409163653,-2.004884613918322,0.6034188034188034,0.8205128205128205,0.21326837606837612,0.4034773863852024,0.85,26.352941176470587,0.0,20.0,False
env_odom_noise,0.0,0.0022135024223027535,0.00788154924594252,0.12424213428984263,0.6655805305571879,-1.8530895378627452,0.6477079796264855,0.8310696095076401,0.15842241086587439,0.44915420189499855,0.75,24.933333333333334,0.0,20.0,False
env_odom_noise,0.0,0.0022135024223027535,0.01631975090784437,0.12409704692649237,0.6534784988858916,-1.6310508053469517,0.6736227045075125,0.835559265442404,0.1280180300500835,0.5155317232012748,0.75,25.6,0.0,20.0,False
env_odom_noise,0.0,0.0022135024223027535,0.03379212149580846,0.12388659301577393,0.6322022787496512,-1.361570532566778,0.6912479740680713,0.8371150729335495,0.12593290113452182,0.5945215508341789,0.7,25.928571428571427,0.0,20.0,False
env_odom_noise,0.0,0.0022135024223027535,0.0699708887492028,0.12377196204182854,0.6046496615348221,-1.0643324027338312,0.70234375,0.840625,0.13351875000000013,0.7485702864825725,0.6,25.666666666666668,0.0,20.0,False
env_odom_noise,0.0,0.0022135024223027535,0.14488363132100487,0.12316347822868134,0.5865021123158414,-0.7440154333810547,0.704855842185129,0.8437025796661608,0.13295326251896822,1.0222269684076308,0.5,24.9,0.0,20.0,False
env_odom_noise,0.0,0.0022135024223027535,0.3,0.12259932686421172,0.5696638063295022,-0.40641633751995576,0.7090103397341211,0.8463810930576071,0.134429246676514,1.224441146850586,0.5,26.7,0.0,20.0,False
env_odom_noise,0.0,0.004801202261272809,0.00010000000000000009,0.12452114059745141,0.6851847072120191,-2.9039203314076203,0.5717993079584776,0.8598615916955017,0.20553910034602074,0.3867792710661888,0.85,25.941176470588236,0.0,20.0,False
env_odom_noise,0.0,0.004801202261272809,0.00020706272838739032,0.12452113918943372,0.6851847205147773,-2.914481773346444,0.5761245674740484,0.8685121107266436,0.19256332179930802,0.3936502180993557,0.85,25.941176470588236,0.0,20.0,False
env_odom_noise,0.0,0.004801202261272809,0.0004287497348723022,0.12452113815814181,0.6831679539539928,-2.925361417709967,0.5984455958549223,0.883419689119171,0.15533471502590668,0.39523478150367736,0.85,26.0,0.0,20.0,False
env_odom_noise,0.0,0.004801202261272809,0.0008877808989802905,0.12458212687734614,0.6831679359156541,-2.918204259864746,0.6344827586206897,0.896551724137931,0.10616551724137924,0.40784715861082077,0.85,26.058823529411764,0.0,20.0,False
env_odom_noise,0.0,0.004801202261272809,0.001838263351530691,0.1245821249155911,0.6760203171806207,-2.8726121781754594,0.6601027397260274,0.9075342465753424,0.06956301369863016,0.4042982183396816,0.85,26.294117647058822,0.0,20.0,True
env_odom_noise,0.0,0.004801202261272809,0.003806358250624933,0.12416295217539047,0.6701512783962499,-2.7787060448570453,0.6964285714285714,0.9158163265306123,0.05241224489795915,0.4171278581023216,0.8,25.75,0.0,20.0,True
env_odom_noise,0.0,0.004801202261272809,0.00788154924594252,0.12388579966547233,0.6626783612971372,-2.6219124356421353,0.7298657718120806,0.9219798657718121,0.07968590604026848,0.4275044441223145,0.75,25.4,0.0,20.0,False
env_odom_noise,0.0,0.004801202261272809,0.01631975090784437,0.1238857983907201,0.6444066356095611,-2.3893967343095595,0.759075907590759,0.9249174917491749,0.10595841584158416,0.49498740434646604,0.75,26.066666666666666,0.0,20.0,False
env_odom_noise,0.0,0.004801202261272809,0.03379212149580846,0.12368105071346439,0.6294926269684588,-2.1141374631192362,0.7697262479871175,0.9259259259259259,0.11560032206119164,0.6032559961080551,0.7,26.214285714285715,0.0,20.0,False
env_odom_noise,0.0,0.004801202261272809,0.0699708887492028,0.12357059486826653,0.6046496417848257,-1.8054270344619616,0.7757009345794392,0.927570093457944,0.11993084112149532,0.7647072561085224,0.55,24.636363636363637,0.0,20.0,False
env_odom_noise,0.0,0.004801202261272809,0.14488363132100487,0.12275708560905073,0.5852408745952773,-1.4784947660763332,0.7778614457831325,0.9299698795180723,0.11969156626506028,1.0263302102684975,0.5,25.4,0.0,20.0,False
env_odom_noise,0.0,0.004801202261272809,0.3,0.12241257932954618,0.5671900239533356,-1.1151656158817032,0.7812041116005873,0.9317180616740088,0.12128604992657854,1.2384878426790238,0.5,27.1,0.0,20.0,False
env_odom_noise,0.0,0.010414058246057912,0.00010000000000000009,0.12439556281649107,0.676312853422684,-3.11634086973022,0.7504273504273504,0.9666666666666667,0.07989401709401711,0.42357588931918144,0.8,25.5625,0.0,20.0,True
env_odom_noise,0.0,0.010414058246057912,0.00020706272838739032,0.12439556444287334,0.6763128634656832,-3.1078753764971108,0.7538461538461538,0.9700854700854701,0.08673162393162392,0.42873234748840333,0.8,25.5625,0.0,20.0,True
env_odom_noise,0.0,0.010414058246057912,0.0004287497348723022,0.1243955622914247,0.6742294803796526,-3.0917613630312277,0.7593856655290102,0.9718430034129693,0.09402866894197948,0.4277669794857502,0.8,25.625,0.0,20.0,True
env_odom_noise,0.0,0.010414058246057912,0.0008877808989802905,0.1243955613680134,0.6703134229826885,-3.059139298872403,0.7653061224489796,0.9736394557823129,0.10174557823129249,0.42491916567087173,0.8,25.75,0.0,20.0,False
env_odom_noise,0.0,0.010414058246057912,0.001838263351530691,0.12439556170957525,0.6666451221820857,-2.9951106859925583,0.7822033898305085,0.976271186440678,0.12127457627118654,0.43890736922621726,0.8,25.875,0.0,20.0,False
env_odom_noise,0.0,0.010414058246057912,0.003806358250624933,0.12370483331607317,0.664928620836515,-2.8946601598156416,0.8062080536912751,0.9798657718120806,0.1488738255033557,0.4252224750816822,0.75,25.4,0.0,20.0,False
env_odom_noise,0.0,0.010414058246057912,0.00788154924594252,0.12370483173383602,0.6581317319982787,-2.730086605555418,0.8316666666666667,0.9808333333333333,0.1753,0.4851993478834629,0.75,25.666666666666668,0.0,20.0,False
env_odom_noise,0.0,0.010414058246057912,0.01631975090784437,0.1236532114310039,0.6433339720225126,-2.5120320163071885,0.8491803278688524,0.9811475409836066,0.19312786885245903,0.5355703823268414,0.7,25.428571428571427,0.0,20.0,False
env_odom_noise,0.0,0.010414058246057912,0.03379212149580846,0.12350442988983092,0.626342849863346,-2.242469007316889,0.8573717948717948,0.9815705128205128,0.2017423076923076,0.6561876855790615,0.65,25.46153846153846,0.0,20.0,False
env_odom_noise,0.0,0.010414058246057912,0.0699708887492028,0.12339726519268411,0.6016198107235314,-1.9383175352936022,0.862015503875969,0.982170542635659,0.206986046511628,0.8257561333477497,0.55,24.90909090909091,0.0,20.0,False
env_odom_noise,0.0,0.010414058246057912,0.14488363132100487,0.12265915451196609,0.5800185781231351,-1.6100413228290997,0.8641791044776119,0.9828358208955223,0.2098149253731343,1.0627662755548954,0.5,26.0,0.0,20.0,False
env_odom_noise,0.0,0.010414058246057912,0.3,0.1221018668551958,0.564750757580299,-1.246734367464856,0.8671532846715329,0.9832116788321168,0.21316496350364966,1.2881679303944111,0.5,27.5,0.0,20.0,False
env_odom_noise,0.0,0.02258863577297737,0.00010000000000000009,0.12432926640067343,0.6618836263705729,-2.8430903145170077,0.8854515050167224,1.0,0.24825150501672244,0.4558205515146255,0.7,24.571428571428573,0.0,20.0,False
env_odom_noise,0.0,0.02258863577297737,0.00020706272838739032,0.12432926644555053,0.6618836805918056,-2.8352094474709357,0.8913043478260869,1.0,0.25410434782608693,0.45965973287820816,0.7,24.571428571428573,0.0,20.0,False
env_odom_noise,0.0,0.02258863577297737,0.0004287497348723022,0.12432926615148854,0.6618836365953462,-2.8195348753500773,0.8954849498327759,1.0,0.25828494983277595,0.4674027033150196,0.7,24.571428571428573,0.0,20.0,False
env_odom_noise,0.0,0.02258863577297737,0.0008877808989802905,0.12432926678961674,0.6618835818306413,-2.789430818903563,0.9005016722408027,1.0,0.2633016722408027,0.48267258554697035,0.7,24.571428571428573,0.0,20.0,False
env_odom_noise,0.0,0.02258863577297737,0.001838263351530691,0.12391956826157284,0.6582389735143702,-2.7373252373518087,0.9043261231281198,1.0,0.2671261231281198,0.4803692489862442,0.7,24.785714285714285,0.0,20.0,False
env_odom_noise,0.0,0.02258863577297737,0.003806358250624933,0.12407579340210578,0.6547213027926926,-2.647517102921702,0.9172185430463576,1.0,0.28001854304635765,0.5018485181033612,0.7,25.0,0.0,20.0,False
env_odom_noise,0.0,0.02258863577297737,0.00788154924594252,0.12407579298752308,0.649108733744743,-2.508338322908206,0.9258649093904449,1.0,0.28866490939044487,0.5529434651136398,0.65,24.153846153846153,0.0,20.0,False
env_odom_noise,0.0,0.02258863577297737,0.01631975090784437,0.1238666625064979,0.6366110347553705,-2.3155374971676954,0.9341463414634147,1.0,0.2969463414634147,0.6285954281687737,0.65,24.76923076923077,0.0,20.0,False
env_odom_noise,0.0,0.02258863577297737,0.03379212149580846,0.12369935318528982,0.6198865648372512,-2.0713061168673694,0.9380952380952381,1.0,0.3008952380952381,0.7314674213528634,0.6,24.833333333333332,0.0,20.0,False
env_odom_noise,0.0,0.02258863577297737,0.0699708887492028,0.12331216844209542,0.5974260842275103,-1.787935835768639,0.9400921658986175,1.0,0.30289216589861756,0.9148718416690826,0.55,25.454545454545453,0.0,20.0,False
env_odom_noise,0.0,0.02258863577297737,0.14488363132100487,0.1227205524258941,0.5762203412000456,-1.4633500173934713,0.9422222222222222,1.0,0.3050222222222222,1.1581231132149696,0.5,26.5,0.0,20.0,False
env_odom_noise,0.0,0.02258863577297737,0.3,0.12212844138899016,0.5623294174556358,-1.1182009680270708,0.9436416184971098,1.0,0.3064416184971098,1.3596305310726167,0.45,27.0,0.0,20.0,False
env_odom_noise,0.0,0.04899592973540154,0.00010000000000000009,0.12369367166611622,0.6478157442652839,-2.3304878912171816,0.9811475409836066,1.0,0.3439475409836066,0.6199071936309337,0.65,24.384615384615383,0.0,20.0,False
env_odom_noise,0.0,0.04899592973540154,0.00020706272838739032,0.1236936738542816,0.6478157617200361,-2.3258274319747407,0.9811475409836066,1.0,0.3439475409836066,0.6227032855153084,0.65,24.384615384615383,0.0,20.0,False
env_odom_noise,0.0,0.04899592973540154,0.0004287497348723022,0.12369367229222428,0.6461053541583933,-2.3171585617163415,0.9811783960720131,1.0,0.3439783960720131,0.6180394992232323,0.65,24.46153846153846,0.0,20.0,False
env_odom_noise,0.0,0.04899592973540154,0.0008877808989802905,0.12369367042890143,0.6461054014095697,-2.2983905660107085,0.9811783960720131,1.0,0.3439783960720131,0.6296867378056049,0.65,24.46153846153846,0.0,20.0,False
env_odom_noise,0.0,0.04899592973540154,0.001838263351530691,0.12369367230733265,0.6461053219352023,-2.2628039105967446,0.9811783960720131,1.0,0.3439783960720131,0.6526710242033005,0.65,24.46153846153846,0.0,20.0,False
env_odom_noise,0.0,0.04899592973540154,0.003806358250624933,0.1236774212458043,0.6423403694744219,-2.2020155026757315,0.9837133550488599,1.0,0.34651335504885994,0.6656994357705116,0.65,24.692307692307693,0.0,20.0,False
env_odom_noise,0.0,0.04899592973540154,0.00788154924594252,0.1239141536052249,0.6334962798464259,-2.101169902202092,0.9870967741935484,1.0,0.34989677419354837,0.6767862126231193,0.6,24.0,0.0,20.0,False
env_odom_noise,0.0,0.04899592973540154,0.01631975090784437,0.12391415501648138,0.6199815016585366,-1.946016370124421,0.9880573248407644,1.0,0.3508573248407644,0.7417353346943856,0.6,24.666666666666668,0.0,20.0,False
env_odom_noise,0.0,0.04899592973540154,0.03379212149580846,0.12321614932930562,0.6092731204717747,-1.7422263923988055,0.9890795631825273,1.0,0.35187956318252733,0.8555044993758202,0.55,24.545454545454547,0.0,20.0,False
env_odom_noise,0.0,0.04899592973540154,0.0699708887492028,0.12320063771768698,0.5880749277715155,-1.4846606890224538,0.9893939393939394,1.0,0.3521939393939394,1.0599624797701837,0.55,26.272727272727273,0.0,20.0,False
env_odom_noise,0.0,0.04899592973540154,0.14488363132100487,0.12229584489073338,0.5662033986346885,-1.1760149616534479,0.9897810218978103,1.0,0.35258102189781027,1.2908956542611123,0.5,27.5,0.0,20.0,False
env_odom_noise,0.0,0.04899592973540154,0.3,0.12199733393570722,0.5611886769027653,-0.8651025468301164,0.9899856938483548,1.0,0.3527856938483548,1.4828839153051376,0.45,27.77777777777778,0.0,20.0,False
env_odom_noise,0.0,0.10627472835292812,0.00010000000000000009,0.12361220199830888,0.6223066499446325,-1.7089678405821733,1.0,1.0,0.3628,0.8650836974382401,0.6,24.916666666666668,0.0,20.0,False
env_odom_noise,0.0,0.10627472835292812,0.00020706272838739032,0.1236122003893331,0.622306625354033,-1.70651342384629,1.0,1.0,0.3628,0.8671403020620346,0.6,24.916666666666668,0.0,20.0,False
env_odom_noise,0.0,0.10627472835292812,0.0004287497348723022,0.12361219913776923,0.6223066103947641,-1.701494585268376,1.0,1.0,0.3628,0.8713714137673378,0.6,24.916666666666668,0.0,20.0,False
env_odom_noise,0.0,0.10627472835292812,0.0008877808989802905,0.12361220033410482,0.6223065996833674,-1.6913622452407628,1.0,1.0,0.3628,0.8800197273492814,0.6,24.916666666666668,0.0,20.0,False
env_odom_noise,0.0,0.10627472835292812,0.001838263351530691,0.12361219878338868,0.620697781955405,-1.672105160678367,1.0,1.0,0.3628,0.8878690406680108,0.6,25.0,0.0,20.0,False
env_odom_noise,0.0,0.10627472835292812,0.003806358250624933,0.12361219941495755,0.6140783236400075,-1.636327322606693,1.0,1.0,0.3628,0.88526346758008,0.6,25.333333333333332,0.0,20.0,False
env_odom_noise,0.0,0.10627472835292812,0.00788154924594252,0.12361219722483255,0.6111550513338839,-1.568128949167377,1.0,1.0,0.3628,0.9356471098959446,0.6,25.5,0.0,20.0,False
env_odom_noise,0.0,0.10627472835292812,0.01631975090784437,0.12333993378874118,0.6049504027384563,-1.4633943169553552,1.0,1.0,0.3628,0.9785088315606117,0.55,25.0,0.0,20.0,False
env_odom_noise,0.0,0.10627472835292812,0.03379212149580846,0.12325468402383467,0.5893138875830066,-1.304381200122593,1.0,1.0,0.3628,1.0842007219791412,0.55,26.181818181818183,0.0,20.0,False
env_odom_noise,0.0,0.10627472835292812,0.0699708887492028,0.12230795703426818,0.5763162585100771,-1.093386736545517,1.0,1.0,0.3628,1.278236025571823,0.5,26.8,0.0,20.0,False
env_odom_noise,0.0,0.10627472835292812,0.14488363132100487,0.12171695762531615,0.5600538226653782,-0.8258579783203934,1.0,1.0,0.3628,1.503672055900097,0.45,27.77777777777778,0.0,20.0,False
env_odom_noise,0.0,0.10627472835292812,0.3,0.12195338057858107,0.5553375025740863,-0.5237861686156274,1.0,1.0,0.3628,1.6898834601044654,0.4,27.75,0.0,20.0,False
env_odom_noise,0.0,0.23051543153651136,0.00010000000000000009,0.12372350623241832,0.5852820879777646,-1.037458571217543,1.0,1.0,0.3628,1.289738343656063,0.55,26.545454545454547,0.0,20.0,False
env_odom_noise,0.0,0.23051543153651136,0.00020706272838739032,0.12372350769675884,0.5852821532900645,-1.036222583697642,1.0,1.0,0.3628,1.291293177008629,0.55,26.545454545454547,0.0,20.0,False
env_odom_noise,0.0,0.23051543153651136,0.0004287497348723022,0.12372350609973518,0.5852821283947173,-1.0336792161708452,1.0,1.0,0.3628,1.294501928985119,0.55,26.545454545454547,0.0,20.0,False
env_odom_noise,0.0,0.23051543153651136,0.0008877808989802905,0.12346847220633532,0.5852820949770975,-1.0291332760605092,1.0,1.0,0.3628,1.292649783194065,0.55,26.636363636363637,0.0,20.0,False
env_odom_noise,0.0,0.23051543153651136,0.001838263351530691,0.12346847181868012,0.5838928361329367,-1.0191625734244214,1.0,1.0,0.3628,1.2980145767331124,0.55,26.727272727272727,0.0,20.0,False
env_odom_noise,0.0,0.23051543153651136,0.003806358250624933,0.12291231879198253,0.5825087400574741,-1.0002839656807332,1.0,1.0,0.3628,1.300667455047369,0.55,27.0,0.0,20.0,False
env_odom_noise,0.0,0.23051543153651136,0.00788154924594252,0.12298588223569813,0.5812691622450347,-0.9627510624521631,1.0,1.0,0.3628,1.3320527799427508,0.55,27.272727272727273,0.0,20.0,False
env_odom_noise,0.0,0.23051543153651136,0.01631975090784437,0.12283205801481512,0.5736047126916375,-0.8970605345930108,1.0,1.0,0.3628,1.3800605595111848,0.55,27.90909090909091,0.0,20.0,False
env_odom_noise,0.0,0.23051543153651136,0.03379212149580846,0.12207343309075805,0.5661716781709528,-0.7877304566583865,1.0,1.0,0.3628,1.4833433330059052,0.5,27.9,0.0,20.0,False
env_odom_noise,0.0,0.23051543153651136,0.0699708887492028,0.12188342494261406,0.5539709930879269,-0.6237497730024023,1.0,1.0,0.3628,1.6671959847211837,0.45,28.555555555555557,0.0,20.0,False
env_odom_noise,0.0,0.23051543153651136,0.14488363132100487,0.12203300918478643,0.5504595051459619,-0.4104956132952776,1.0,1.0,0.3628,1.8607895240187644,0.4,29.0,0.0,20.0,False
env_odom_noise,0.0,0.23051543153651136,0.3,0.12249268073842307,0.5468901945426486,-0.14438232098516002,1.0,1.0,0.3628,2.0255204871296884,0.4,29.625,0.0,20.0,False
env_odom_noise,0.0,0.5,0.00010000000000000009,0.1220551135806915,0.5457356625785382,-0.3489993347235644,1.0,1.0,0.3628,1.9745916306972504,0.4,29.25,0.0,20.0,False
env_odom_noise,0.0,0.5,0.00020706272838739032,0.12205511419845606,0.5457356749924959,-0.34839935198510863,1.0,1.0,0.3628,1.9757816582918166,0.4,29.25,0.0,20.0,False
env_odom_noise,0.0,0.5,0.0004287497348723022,0.12205511398226518,0.5457357455923765,-0.34716066436542575,1.0,1.0,0.3628,1.9782409429550172,0.4,29.25,0.0,20.0,False
env_odom_noise,0.0,0.5,0.0008877808989802905,0.12205511475835817,0.5457356481172077,-0.34461141838373577,1.0,1.0,0.3628,1.9833213910460472,0.4,29.25,0.0,20.0,False
env_odom_noise,0.0,0.5,0.001838263351530691,0.12205511381100805,0.5457356251429191,-0.3393981517326123,1.0,1.0,0.3628,1.9937791585922242,0.4,29.25,0.0,20.0,False
env_odom_noise,0.0,0.5,0.003806358250624933,0.12205511384291542,0.542084334870345,-0.3301434337351716,1.0,1.0,0.3628,1.9958889767527581,0.4,29.625,0.0,20.0,False
env_odom_noise,0.0,0.5,0.00788154924594252,0.12205511312292165,0.5409299058006077,-0.3094682295064711,1.0,1.0,0.3628,2.033535844087601,0.4,29.75,0.0,20.0,False
env_odom_noise,0.0,0.5,0.01631975090784437,0.12209089165072635,0.5373062491543493,-0.27277619078121007,1.0,1.0,0.3628,2.078291629254818,0.4,30.625,0.0,20.0,False
env_odom_noise,0.0,0.5,0.03379212149580846,0.12248481861063835,0.5318110721281648,-0.2067330948761804,1.0,1.0,0.3628,2.1733226403594017,0.4,32.0,0.0,20.0,False
env_odom_noise,0.0,0.5,0.0699708887492028,0.12238431006255379,0.5272471763854957,-0.09258602598152584,1.0,1.0,0.3628,2.3312583327293397,0.35,31.857142857142858,0.0,20.0,False
env_odom_noise,0.0,0.5,0.14488363132100487,0.12251320839428019,0.5222579247547745,0.0735043395453237,1.0,1.0,0.3628,2.442149895429611,0.35,33.0,0.0,20.0,False
env_odom_noise,0.0,0.5,0.3,0.12251320951710443,0.5193011101031155,0.2964062971444192,1.0,1.0,0.3628,2.5213066950440406,0.35,33.42857142857143,0.0,20.0,False
env_odom_noise,0.0375,0.00010000000000000009,0.00010000000000000009,0.12499573315190138,0.7587802003832718,63.54553296657818,0.15734265734265734,0.263986013986014,1.2158713286713285,0.40131919011473655,0.9,26.333333333333332,0.0,20.0,False
env_odom_noise,0.0375,0.00010000000000000009,0.00020706272838739032,0.12499573320923117,0.7587803299940211,53.901028728808924,0.17832167832167833,0.2937062937062937,1.165172027972028,0.4019212208688259,0.9,26.333333333333332,0.0,20.0,False
env_odom_noise,0.0375,0.00010000000000000009,0.0004287497348723022,0.12499573353262203,0.7587794212640063,48.17645139053308,0.21503496503496503,0.354020979020979,1.0681440559440558,0.41052579656243327,0.9,26.333333333333332,0.0,20.0,False
env_odom_noise,0.0375,0.00010000000000000009,0.0008877808989802905,0.12499573335133356,0.7587860987032022,45.15508785425656,0.2517482517482518,0.4152097902097902,0.970241958041958,0.4348240204155445,0.9,26.333333333333332,0.0,20.0,False
env_odom_noise,0.0375,0.00010000000000000009,0.001838263351530691,0.12474138195960527,0.7510657509056846,43.3499974126567,0.31369150779896016,0.4800693240901213,0.8434391681109186,0.41327129304409027,0.85,25.88235294117647,0.0,20.0,False
env_odom_noise,0.0375,0.00010000000000000009,0.003806358250624933,0.12480202356859144,0.7398491552687669,42.423247833749635,0.3809931506849315,0.5453767123287672,0.7108301369863013,0.41139632551930844,0.85,26.294117647058822,0.0,20.0,False
env_odom_noise,0.0375,0.00010000000000000009,0.00788154924594252,0.12424213347452977,0.7323949483026969,41.908932824009106,0.4491525423728814,0.5796610169491525,0.6083864406779661,0.4490437116473913,0.8,25.875,0.0,20.0,False
env_odom_noise,0.0375,0.00010000000000000009,0.01631975090784437,0.12409704387276707,0.7223535356036275,41.67116321418695,0.5150250417362271,0.5976627712854758,0.524512186978297,0.517861183732748,0.75,25.6,0.0,20.0,False
env_odom_noise,0.0375,0.00010000000000000009,0.03379212149580846,0.1238865927142431,0.7019928482562762,41.333567082844525,0.5478119935170178,0.6021069692058347,0.48728103727714744,0.5974673599004745,0.7,25.928571428571427,0.0,20.0,False
env_odom_noise,0.0375,0.00010000000000000009,0.0699708887492028,0.12377196212415999,0.6749520090407373,40.74127106149483,0.568075117370892,0.6118935837245696,0.4572312989045384,0.7562851130962371,0.6,25.583333333333332,0.0,20.0,False
env_odom_noise,0.0375,0.00010000000000000009,0.14488363132100487,0.12323102499272992,0.6579471238705296,40.408639774132276,0.5729483282674772,0.6139817629179332,0.4502699088145896,1.0233745835721493,0.5,24.8,0.0,20.0,False
env_odom_noise,0.0375,0.00010000000000000009,0.3,0.1225993265195845,0.6385409329723302,39.829390732470515,0.5806213017751479,0.6198224852071006,0.43675621301775147,1.2303448364138603,0.5,26.6,0.0,20.0,False
env_odom_noise,0.0375,0.00021690521830457365,0.00010000000000000009,0.12499573315190138,0.7587802003832718,32.844963771474646,0.18444055944055945,0.3068181818181818,1.1459412587412587,0.40131919011473655,0.9,26.333333333333332,0.0,20.0,False
env_odom_noise,0.0375,0.00021690521830457365,0.00020706272838739032,0.12499573340051669,0.7587803679401771,26.286874843031832,0.20279720279720279,0.3347902097902098,1.0996125874125875,0.40208291113376615,0.9,26.333333333333332,0.0,20.0,False
env_odom_noise,0.0375,0.00021690521830457365,0.0004287497348723022,0.12499573356901846,0.7587790682481954,21.854855885107582,0.2395104895104895,0.3881118881118881,1.0095776223776225,0.41118809655308725,0.9,26.333333333333332,0.0,20.0,False
env_odom_noise,0.0375,0.00021690521830457365,0.0008877808989802905,0.1249957325954283,0.7587880012538951,19.27631834796862,0.2718531468531469,0.45104895104895104,0.9142979020979021,0.43582416102290156,0.9,26.333333333333332,0.0,20.0,False
env_odom_noise,0.0375,0.00021690521830457365,0.001838263351530691,0.12474138325692553,0.7510685517522777,17.809647241216663,0.33535528596187175,0.5121317157712305,0.7897129982668978,0.4142029382288456,0.85,25.88235294117647,0.0,20.0,False
env_odom_noise,0.0375,0.00021690521830457365,0.003806358250624933,0.12480202502521112,0.7398530553480028,17.128388094974362,0.3998287671232877,0.577054794520548,0.6603164383561644,0.41229368052445353,0.85,26.294117647058822,0.0,20.0,False
env_odom_noise,0.0375,0.00021690521830457365,0.00788154924594252,0.12424213430121031,0.7323979838287631,16.847023865388937,0.46864406779661016,0.6101694915254238,0.5583864406779661,0.44973718989640477,0.8,25.875,0.0,20.0,False
env_odom_noise,0.0375,0.00021690521830457365,0.01631975090784437,0.12409704474687036,0.7223559343246646,16.811715551933013,0.5333889816360601,0.6268781302170284,0.4769328881469115,0.5183680534362793,0.75,25.6,0.0,20.0,False
env_odom_noise,0.0375,0.00021690521830457365,0.03379212149580846,0.12388659314558866,0.7019947565242893,16.79280258194144,0.56645056726094,0.6312803889789304,0.43946904376012963,0.5978378005325794,0.7,25.928571428571427,0.0,20.0,False
env_odom_noise,0.0375,0.00021690521830457365,0.0699708887492028,0.12377196085043538,0.6749534305669205,16.6985154823594,0.5876369327073553,0.6408450704225352,0.40871799687010946,0.7565571434795857,0.6,25.583333333333332,0.0,20.0,False
env_odom_noise,0.0375,0.00021690521830457365,0.14488363132100487,0.1232310243580532,0.6579482828204302,16.728642770922598,0.5927051671732523,0.6428571428571429,0.4016376899696048,1.0235402904450894,0.5,24.8,0.0,20.0,False
env_odom_noise,0.0375,0.00021690521830457365,0.3,0.12259932903558482,0.6385415327337957,16.672633897376027,0.6005917159763313,0.6479289940828402,0.38867928994082845,1.2304315820336342,0.5,26.6,0.0,20.0,False
env_odom_noise,0.0375,0.00047047873727754753,0.00010000000000000009,0.12499573315190138,0.7587802003832718,15.998250161337879,0.2229020979020979,0.3767482517482518,1.0375496503496504,0.40131919011473655,0.9,26.333333333333332,0.0,20.0,False
env_odom_noise,0.0375,0.00047047873727754753,0.00020706272838739032,0.12499573269044392,0.7587803183744449,12.26517152104939,0.24125874125874125,0.4090909090909091,0.9868503496503497,0.40259539783000947,0.9,26.333333333333332,0.0,20.0,False
env_odom_noise,0.0375,0.00047047873727754753,0.0004287497348723022,0.12499573310048516,0.7587785688421236,9.30444275749083,0.2762237762237762,0.4571678321678322,0.9038083916083917,0.4127652607858181,0.9,26.333333333333332,0.0,20.0,False
env_odom_noise,0.0375,0.00047047873727754753,0.0008877808989802905,0.12499573261324937,0.7565273280725526,7.324868324184747,0.3054101221640489,0.5113438045375218,0.8204460732984293,0.4267601281404495,0.9,26.38888888888889,0.0,20.0,False
env_odom_noise,0.0375,0.00047047873727754753,0.001838263351530691,0.12480202425048652,0.7510745644399602,6.197506383278892,0.36418685121107264,0.5657439446366782,0.7072692041522491,0.40499032102525234,0.85,25.941176470588236,0.0,20.0,False
env_odom_noise,0.0375,0.00047047873727754753,0.003806358250624933,0.12480202528335943,0.7398614759725576,5.658406760160555,0.4297945205479452,0.6309931506849316,0.5764123287671232,0.4142518018372357,0.85,26.294117647058822,0.0,20.0,False
env_odom_noise,0.0375,0.00047047873727754753,0.00788154924594252,0.12424213359448923,0.7324043354496943,5.493734602414091,0.4966101694915254,0.6652542372881356,0.47533559322033897,0.44005287252366543,0.75,25.0,0.0,20.0,False
env_odom_noise,0.0375,0.00047047873727754753,0.01631975090784437,0.12409704557783613,0.7223611108581149,5.552275067270418,0.5601001669449082,0.6803005008347245,0.39679933222036734,0.519464948028326,0.75,25.6,0.0,20.0,False
env_odom_noise,0.0375,0.00047047873727754753,0.03379212149580846,0.12388659342736129,0.7019989571134598,5.678326350537444,0.593192868719611,0.6847649918962723,0.35924213938411675,0.5986402541399002,0.7,25.928571428571427,0.0,20.0,False
env_odom_noise,0.0375,0.00047047873727754753,0.0699708887492028,0.12377196253605124,0.6749565458830558,5.809760633138922,0.6134585289514867,0.6932707355242567,0.33047073552425665,0.7571466751396656,0.6,25.583333333333332,0.0,20.0,False
env_odom_noise,0.0375,0.00047047873727754753,0.14488363132100487,0.1232310244780921,0.6579504173055185,6.005728206923277,0.6185410334346505,0.6945288753799392,0.32413009118541025,1.0238999024033546,0.5,24.8,0.0,20.0,False
env_odom_noise,0.0375,0.00047047873727754753,0.3,0.12259932624848977,0.638542854951326,6.188140007307323,0.6257396449704142,0.7004437869822485,0.31101656804733724,1.2306191563606261,0.5,26.6,0.0,20.0,False
env_odom_noise,0.0375,0.001020492932168466,0.00010000000000000009,0.12499573315190138,0.7587801898862945,6.399515528669598,0.27972027972027974,0.479020979020979,0.8784587412587412,0.4013730801641941,0.9,26.333333333333332,0.0,20.0,False
env_odom_noise,0.0375,0.001020492932168466,0.00020706272838739032,0.12499573314572476,0.7587802723787794,4.683497744286485,0.30157342657342656,0.5052447552447552,0.8303818181818182,0.4044285573065281,0.9,26.333333333333332,0.0,20.0,False
env_odom_noise,0.0375,0.001020492932168466,0.0004287497348723022,0.12499573397720447,0.7587794243220567,3.042840050659699,0.32517482517482516,0.5428321678321678,0.7691930069930071,0.41686963066458704,0.9,26.333333333333332,0.0,20.0,False
env_odom_noise,0.0375,0.001020492932168466,0.0008877808989802905,0.12499573153258588,0.756539525834088,1.7621425665653947,0.35602094240837695,0.5863874345549738,0.6947916230366493,0.43189447522163393,0.9,26.38888888888889,0.0,20.0,False
env_odom_noise,0.0375,0.001020492932168466,0.001838263351530691,0.12480202327482494,0.7510943178827545,0.9468144995126794,0.40743944636678203,0.6401384083044983,0.5896221453287196,0.4102017812430859,0.85,25.941176470588236,0.0,20.0,False
env_odom_noise,0.0375,0.001020492932168466,0.003806358250624933,0.12480202566139802,0.7398791362718066,0.5543573753447555,0.4700342465753425,0.699486301369863,0.4676794520547945,0.41849868120625616,0.85,26.294117647058822,0.0,20.0,False
env_odom_noise,0.0375,0.001020492932168466,0.00788154924594252,0.12424213286916964,0.7324181851967021,0.4603464974821338,0.5338983050847458,0.7296610169491525,0.3736406779661017,0.4432782266288996,0.75,25.0,0.0,20.0,False
env_odom_noise,0.0375,0.001020492932168466,0.01631975090784437,0.12409704691166334,0.7201557295488806,0.5573416220094635,0.5966666666666667,0.7441666666666666,0.29636666666666667,0.5110634848475456,0.75,25.666666666666668,0.0,20.0,False
env_odom_noise,0.0375,0.001020492932168466,0.03379212149580846,0.12388659237504501,0.7020076171388415,0.754617978221525,0.6288492706645057,0.747163695299838,0.26118703403565635,0.6003760665655136,0.7,25.928571428571427,0.0,20.0,False
env_odom_noise,0.0375,0.001020492932168466,0.0699708887492028,0.12377196071388227,0.6749631987585349,0.9858989608315277,0.647887323943662,0.7535211267605634,0.23579154929577462,0.7584237016737461,0.6,25.583333333333332,0.0,20.0,False
env_odom_noise,0.0375,0.001020492932168466,0.14488363132100487,0.12323102368488989,0.6579552937219473,1.256686315387037,0.6527355623100304,0.7537993920972644,0.23066504559270518,1.0246796272695065,0.5,24.8,0.0,20.0,False
env_odom_noise,0.0375,0.001020492932168466,0.3,0.12259932813097035,0.6385458781165112,1.546082191702316,0.6605029585798816,0.7581360946745562,0.21856094674556215,1.2310267731547355,0.5,26.6,0.0,20.0,False
env_odom_noise,0.0375,0.0022135024223027535,0.00010000000000000009,0.12499573290944621,0.7587804213007494,1.1328314128088832,0.36451048951048953,0.6232517482517482,0.6494377622377623,0.40605979040265083,0.9,26.333333333333332,0.0,20.0,False
env_odom_noise,0.0375,0.0022135024223027535,0.00020706272838739032,0.12499573421436852,0.7587876217364641,0.51443355580261,0.3776223776223776,0.6416083916083916,0.6179692307692308,0.414179777354002,0.9,26.333333333333332,0.0,20.0,False
env_odom_noise,0.0375,0.0022135024223027535,0.0004287497348723022,0.12499573313270972,0.7588067583181887,-0.2070630342046846,0.3916083916083916,0.666083916083916,0.5795076923076923,0.42951166480779646,0.9,26.333333333333332,0.0,20.0,False
env_odom_noise,0.0375,0.0022135024223027535,0.0008877808989802905,0.12499573435635025,0.7533855919483199,-0.8818219782700248,0.42782608695652175,0.6991304347826087,0.5102434782608696,0.42316880309954286,0.9,26.5,0.0,20.0,False
env_odom_noise,0.0375,0.0022135024223027535,0.001838263351530691,0.12480202440532868,0.7471519799959159,-1.3815787548532101,0.47844827586206895,0.7482758620689656,0.41047586206896547,0.3987834870815277,0.85,26.058823529411764,0.0,20.0,False
env_odom_noise,0.0375,0.0022135024223027535,0.003806358250624933,0.12480202550171629,0.7376883682669595,-1.6267142688491094,0.5307692307692308,0.7948717948717948,0.3115589743589744,0.41588735561817886,0.85,26.352941176470587,0.0,20.0,False
env_odom_noise,0.0375,0.0022135024223027535,0.00788154924594252,0.12424213283941618,0.7310371117001522,-1.6593045054529345,0.5896785109983079,0.8189509306260575,0.22857055837563456,0.4398972660303116,0.75,25.066666666666666,0.0,20.0,False
env_odom_noise,0.0375,0.0022135024223027535,0.01631975090784437,0.12409704492007077,0.7181240042463821,-1.536274801718631,0.651414309484193,0.8327787021630616,0.1530069883527454,0.5054670929908752,0.75,25.733333333333334,0.0,20.0,False
env_odom_noise,0.0375,0.0022135024223027535,0.03379212149580846,0.12388659192600013,0.7020267455076294,-1.3131670978818242,0.6807131280388979,0.8354943273905997,0.12099254457050235,0.6041204765439033,0.7,25.928571428571427,0.0,20.0,False
env_odom_noise,0.0375,0.0022135024223027535,0.0699708887492028,0.12377196062102219,0.6749774539257948,-1.0407971058054342,0.6979655712050078,0.8403755868544601,0.12938998435054772,0.76118658259511,0.6,25.583333333333332,0.0,20.0,False
env_odom_noise,0.0375,0.0022135024223027535,0.14488363132100487,0.12323102501961707,0.6579661081464846,-0.7376567408432061,0.7013677811550152,0.8427051671732523,0.13046261398176295,1.0263677775859832,0.5,24.8,0.0,20.0,False
env_odom_noise,0.0375,0.0022135024223027535,0.3,0.12259932743272496,0.63855238155087,-0.40214837606437126,0.7085798816568047,0.8461538461538461,0.13422603550295864,1.2319099992513656,0.5,26.6,0.0,20.0,False
env_odom_noise,0.0375,0.004801202261272809,0.00010000000000000009,0.12452113859413777,0.7557802500193224,-1.4205999846249837,0.49393414211438474,0.779896013864818,0.36336984402079725,0.4125888727605343,0.85,25.88235294117647,0.0,20.0,False
env_odom_noise,0.0375,0.004801202261272809,0.00020706272838739032,0.12452113919781653,0.7500093409561185,-1.594604614337732,0.5017241379310344,0.7939655172413793,0.34151034482758624,0.3856571787968278,0.85,26.058823529411764,0.0,20.0,False
env_odom_noise,0.0375,0.004801202261272809,0.0004287497348723022,0.12452113874370434,0.7478295847358019,-1.8425831905371552,0.5223752151462995,0.8046471600688468,0.31017762478485367,0.38621474131941796,0.85,26.11764705882353,0.0,20.0,False
env_odom_noise,0.0375,0.004801202261272809,0.0008877808989802905,0.124582125840779,0.744313590974118,-2.115334265489042,0.5428082191780822,0.8313356164383562,0.2630561643835616,0.3778615344315767,0.85,26.294117647058822,0.0,20.0,False
env_odom_noise,0.0375,0.004801202261272809,0.001838263351530691,0.12458212705029284,0.7406804291896414,-2.3409267048369427,0.5767918088737202,0.8626279863481229,0.19778020477815694,0.40167226642370224,0.85,26.41176470588235,0.0,20.0,False
env_odom_noise,0.0375,0.004801202261272809,0.003806358250624933,0.1245821282076344,0.7348940444885865,-2.4526068804452206,0.6205432937181664,0.8972835314091681,0.11937317487266552,0.41752161383628844,0.8,25.8125,0.0,20.0,False
env_odom_noise,0.0375,0.004801202261272809,0.00788154924594252,0.12388579969104263,0.7313987648210765,-2.441294081354709,0.6778523489932886,0.912751677852349,0.04659597315436237,0.43955718763172624,0.75,25.4,0.0,20.0,False
env_odom_noise,0.0375,0.004801202261272809,0.01631975090784437,0.12367516984173224,0.7149207612770925,-2.301346461504441,0.7343234323432343,0.9224422442244224,0.08368118811881187,0.5044956713914871,0.75,26.066666666666666,0.0,20.0,False
env_odom_noise,0.0375,0.004801202261272809,0.03379212149580846,0.12368105230658663,0.7005138345989894,-2.066099764461352,0.7580645161290323,0.9241935483870968,0.10567096774193552,0.6228870868682861,0.7,26.142857142857142,0.0,20.0,False
env_odom_noise,0.0375,0.004801202261272809,0.0699708887492028,0.12357059600849997,0.6753285569820183,-1.7832880846632948,0.7714508580343213,0.9274570982839313,0.11579375975039008,0.7769951604306697,0.55,24.545454545454547,0.0,20.0,False
env_odom_noise,0.0375,0.004801202261272809,0.14488363132100487,0.1230795642334185,0.6551034690519272,-1.4664665198551268,0.7745098039215687,0.9298642533936652,0.11644555052790351,1.0388144999742508,0.5,25.3,0.0,20.0,False
env_odom_noise,0.0375,0.004801202261272809,0.3,0.12241257684592768,0.6374299649732788,-1.1141608271674739,0.780559646539028,0.9315169366715759,0.12084270986745216,1.2518972337245942,0.5,26.9,0.0,20.0,False
env_odom_noise,0.0375,0.010414058246057912,0.00010000000000000009,0.12439556329947866,0.7412452645101092,-2.3815389623083107,0.6507666098807495,0.9080068143100511,0.07842657580919932,0.4132713347673416,0.8,25.6875,0.0,20.0,True
env_odom_noise,0.0375,0.010414058246057912,0.00020706272838739032,0.12439556211725172,0.7412510673015716,-2.4172756661384716,0.6524701873935264,0.91396933560477,0.07076047700170363,0.4183490477502346,0.8,25.6875,0.0,20.0,True
env_odom_noise,0.0375,0.010414058246057912,0.0004287497348723022,0.12439556079665692,0.7412632569129766,-2.473788316691407,0.6575809199318569,0.9233390119250426,0.05628006814310049,0.4283589780330658,0.8,25.6875,0.0,20.0,True
env_odom_noise,0.0375,0.010414058246057912,0.0008877808989802905,0.12439556326870053,0.7375981716681071,-2.5476315277312005,0.6782682512733447,0.933786078098472,0.025145670628183292,0.4291295289993286,0.8,25.8125,0.0,20.0,True
env_odom_noise,0.0375,0.010414058246057912,0.001838263351530691,0.12429522566935247,0.7339979995280742,-2.6137268189843126,0.7035472972972973,0.9510135135135135,0.024333783783783813,0.4275982124730945,0.8,26.0,0.0,20.0,True
env_odom_noise,0.0375,0.010414058246057912,0.003806358250624933,0.12411520233413686,0.7318000853641421,-2.6366255136833936,0.7348993288590604,0.9664429530201343,0.06414228187919468,0.43556896671652795,0.75,25.4,0.0,20.0,False
env_odom_noise,0.0375,0.010414058246057912,0.00788154924594252,0.12370483370153244,0.722928979026435,-2.575863382261305,0.7840531561461794,0.9725913621262459,0.1194445182724253,0.4755180552601814,0.75,25.8,0.0,20.0,False
env_odom_noise,0.0375,0.010414058246057912,0.01631975090784437,0.12365321558517246,0.7122724719641343,-2.4262789761232875,0.8270491803278689,0.978688524590164,0.16853770491803288,0.5465531282126903,0.7,25.428571428571427,0.0,20.0,False
env_odom_noise,0.0375,0.010414058246057912,0.03379212149580846,0.12350443076313311,0.6939096778557777,-2.1982659410351886,0.8472,0.98,0.18999999999999995,0.6533142574131489,0.65,25.53846153846154,0.0,20.0,False
env_odom_noise,0.0375,0.010414058246057912,0.0699708887492028,0.12323649894910012,0.6707088137664649,-1.9194745947673915,0.858359133126935,0.9821981424148607,0.20335727554179572,0.8228240884840489,0.55,25.0,0.0,20.0,False
env_odom_noise,0.0375,0.010414058246057912,0.14488363132100487,0.12265915394452796,0.6493999089841034,-1.6021625400928297,0.8624813153961136,0.9828101644245142,0.2080914798206278,1.0697999946773051,0.5,25.9,0.0,20.0,False
env_odom_noise,0.0375,0.010414058246057912,0.3,0.12206879027980748,0.6309150829924234,-1.2401676184317008,0.8675400291120815,0.9832605531295487,0.21360058224163025,1.2810054920613765,0.5,27.7,0.0,20.0,False
env_odom_noise,0.0375,0.02258863577297737,0.00010000000000000009,0.12432926788939466,0.7328262066933197,-2.488299392692484,0.8015075376884422,0.9723618090452262,0.13666934673366837,0.4781770002096891,0.7,24.5,0.0,20.0,False
env_odom_noise,0.0375,0.02258863577297737,0.00020706272838739032,0.1243292653706988,0.7328314359904988,-2.4912589442433255,0.804857621440536,0.974036850921273,0.141694472361809,0.4818845376372337,0.7,24.5,0.0,20.0,False
env_odom_noise,0.0375,0.02258863577297737,0.0004287497348723022,0.12432926718248,0.730939853612568,-2.496648318186686,0.8085284280936454,0.975752508361204,0.14708093645484943,0.4785861436277628,0.7,24.571428571428573,0.0,20.0,False
env_odom_noise,0.0375,0.02258863577297737,0.0008877808989802905,0.12432926714883535,0.7309617802872532,-2.499969731864262,0.8152173913043478,0.9807692307692307,0.15878662207357852,0.4935537278652191,0.7,24.571428571428573,0.0,20.0,False
env_odom_noise,0.0375,0.02258863577297737,0.001838263351530691,0.12448461949219675,0.729291013980279,-2.495614112538843,0.8258333333333333,0.9891666666666666,0.17779999999999996,0.5012264050543308,0.7,24.714285714285715,0.0,20.0,False
env_odom_noise,0.0375,0.02258863577297737,0.003806358250624933,0.1244846222437899,0.7237075136203464,-2.465143711476141,0.8590381426202321,0.9925373134328358,0.21437545605306796,0.5213047686964274,0.7,24.928571428571427,0.0,20.0,False
env_odom_noise,0.0375,0.02258863577297737,0.00788154924594252,0.12386666487214834,0.7186526566131143,-2.3876552434043923,0.8865131578947368,0.9942434210526315,0.24355657894736837,0.5550052389502526,0.65,24.23076923076923,0.0,20.0,False
env_odom_noise,0.0375,0.02258863577297737,0.01631975090784437,0.12410436228285053,0.7048021882974066,-2.23862811191772,0.9173419773095624,0.9975688816855753,0.2777108589951377,0.6224395044147968,0.65,24.923076923076923,0.0,20.0,False
env_odom_noise,0.0375,0.02258863577297737,0.03379212149580846,0.12358967612067412,0.6896379188443391,-2.0344601832118747,0.9294770206022187,0.9984152139461173,0.29069223454833604,0.7284599624574184,0.6,24.916666666666668,0.0,20.0,False
env_odom_noise,0.0375,0.02258863577297737,0.0699708887492028,0.12331216901240485,0.6646636632370806,-1.7674156039574422,0.9372128637059725,1.0,0.30001286370597247,0.89889957010746,0.55,25.636363636363637,0.0,20.0,False
env_odom_noise,0.0375,0.02258863577297737,0.14488363132100487,0.12272055397409219,0.6473714618931748,-1.4580739242425507,0.9405646359583952,1.0,0.30336463595839525,1.170277003198862,0.5,26.3,0.0,20.0,False
env_odom_noise,0.0375,0.02258863577297737,0.3,0.12212844262192393,0.6287677798773815,-1.1086685437738606,0.9437229437229437,1.0,0.30652294372294375,1.3578939616680146,0.45,27.11111111111111,0.0,20.0,False
env_odom_noise,0.0375,0.04899592973540154,0.00010000000000000009,0.12409841793437132,0.717950672726073,-2.1591356446147545,0.9269293924466339,0.9917898193760263,0.28151921182266015,0.6408689759671689,0.65,24.307692307692307,0.0,20.0,False
env_odom_noise,0.0375,0.04899592973540154,0.00020706272838739032,0.12409841834716817,0.7179552982392869,-2.156951435153458,0.9277504105090312,0.9917898193760263,0.28234022988505747,0.6435763128101826,0.65,24.307692307692307,0.0,20.0,False
env_odom_noise,0.0375,0.04899592973540154,0.0004287497348723022,0.1240984197476122,0.7179645628049186,-2.1523748297585437,0.9302134646962233,0.9917898193760263,0.28480328407224964,0.6491147734224796,0.65,24.307692307692307,0.0,20.0,False
env_odom_noise,0.0375,0.04899592973540154,0.0008877808989802905,0.12409841948888667,0.71798380074394,-2.142743220081427,0.9334975369458128,0.993431855500821,0.28972939244663387,0.6603120274841785,0.65,24.307692307692307,0.0,20.0,False
env_odom_noise,0.0375,0.04899592973540154,0.001838263351530691,0.12369367330436383,0.716626120335184,-2.123913889119301,0.9427168576104746,0.9934533551554828,0.2989702127659575,0.6634493179619312,0.65,24.46153846153846,0.0,20.0,False
env_odom_noise,0.0375,0.04899592973540154,0.003806358250624933,0.1236774195901319,0.7125141733009663,-2.086888852327023,0.9519543973941368,0.995114006514658,0.3098684039087948,0.6750677965581418,0.65,24.692307692307693,0.0,20.0,False
env_odom_noise,0.0375,0.04899592973540154,0.00788154924594252,0.12391415711787611,0.707490959444823,-2.012581157360373,0.9652103559870551,0.9983818770226537,0.32639223300970877,0.7056264162063599,0.6,23.833333333333332,0.0,20.0,False
env_odom_noise,0.0375,0.04899592973540154,0.01631975090784437,0.12380301814862918,0.6919903854928672,-1.8884811328694686,0.9769108280254777,0.9984076433121019,0.33811847133757955,0.7520866215229034,0.6,24.666666666666668,0.0,20.0,False
env_odom_noise,0.0375,0.04899592973540154,0.03379212149580846,0.12321614657877926,0.6827185380636258,-1.708837248660748,0.9820031298904538,0.9992175273865415,0.34402065727699527,0.8767297804355622,0.55,24.363636363636363,0.0,20.0,False
env_odom_noise,0.0375,0.04899592973540154,0.0699708887492028,0.12320063537349091,0.6597776849288446,-1.4655442314058178,0.9871016691957512,1.0,0.34990166919575116,1.071360282599926,0.55,26.181818181818183,0.0,20.0,False
env_odom_noise,0.0375,0.04899592973540154,0.14488363132100487,0.12229584360855032,0.6341596846337529,-1.1641239202841864,0.9883211678832117,1.0,0.3511211678832117,1.2939597547054291,0.5,27.5,0.0,20.0,False
env_odom_noise,0.0375,0.04899592973540154,0.3,0.12199733670887843,0.6290544377655511,-0.8558635796366152,0.99,1.0,0.3528,1.4805857732892036,0.45,27.88888888888889,0.0,20.0,False
env_odom_noise,0.0375,0.10627472835292812,0.00010000000000000009,0.12361220216402309,0.6933205690160712,-1.6279276832234597,0.9762282091917591,0.9976228209191759,0.336651030110935,0.8720000840723514,0.6,24.916666666666668,0.0,20.0,False
env_odom_noise,0.0375,0.10627472835292812,0.00020706272838739032,0.1236121988838241,0.6919399747689731,-1.626579141768062,0.9770569620253164,0.997626582278481,0.33748354430379746,0.8677377328276634,0.6,25.0,0.0,20.0,False
env_odom_noise,0.0375,0.10627472835292812,0.0004287497348723022,0.12361219843946522,0.690330383959488,-1.6234744079067365,0.9786729857819905,0.9976303317535545,0.339103317535545,0.8619599133729935,0.6,25.083333333333332,0.0,20.0,False
env_odom_noise,0.0375,0.10627472835292812,0.0008877808989802905,0.12361220240817429,0.6903521052176661,-1.6155572844009147,0.9794628751974723,0.9984202211690363,0.3406830963665086,0.8700358472764492,0.6,25.083333333333332,0.0,20.0,False
env_odom_noise,0.0375,0.10627472835292812,0.001838263351530691,0.1236121972219209,0.690396741235885,-1.5996935988188394,0.9826224328593997,0.9984202211690363,0.34384265402843595,0.8866635784506798,0.6,25.083333333333332,0.0,20.0,False
env_odom_noise,0.0375,0.10627472835292812,0.003806358250624933,0.12361220005413297,0.6886452990106356,-1.569748733036391,0.9850157728706624,0.998422712933754,0.3462384858044164,0.9107077792286873,0.6,25.166666666666668,0.0,20.0,False
env_odom_noise,0.0375,0.10627472835292812,0.00788154924594252,0.12361219839372072,0.680658894081535,-1.5140727716653613,0.9906103286384976,0.9992175273865415,0.3526278560250391,0.9240476474165916,0.55,24.363636363636363,0.0,20.0,False
env_odom_noise,0.0375,0.10627472835292812,0.01631975090784437,0.12333993443730311,0.6778017555330966,-1.4220817531134826,0.9930232558139535,0.9992248062015504,0.3550480620155039,0.9925549164414406,0.55,24.90909090909091,0.0,20.0,False
env_odom_noise,0.0375,0.10627472835292812,0.03379212149580846,0.12325468294514762,0.6603745216952454,-1.2769432525923454,0.9954476479514416,1.0,0.3582476479514416,1.088296513259411,0.55,26.181818181818183,0.0,20.0,False
env_odom_noise,0.0375,0.10627472835292812,0.0699708887492028,0.12230795753229276,0.647700039725392,-1.07717361843431,0.9985228951255539,1.0,0.36132289512555393,1.2870666593313218,0.5,26.7,0.0,20.0,False
env_odom_noise,0.0375,0.10627472835292812,0.14488363132100487,0.12171695869355866,0.627817507990173,-0.813218151754482,0.9992857142857143,1.0,0.36208571428571434,1.5013857990503312,0.45,27.88888888888889,0.0,20.0,False
env_odom_noise,0.0375,0.10627472835292812,0.3,0.12195338114224721,0.6241486301929703,-0.5116080070658914,1.0,1.0,0.3628,1.6840948961675166,0.4,28.0,0.0,20.0,False
env_odom_noise,0.0375,0.23051543153651136,0.00010000000000000009,0.12379929218336466,0.6572428740423001,-0.9978718624406491,0.993202416918429,1.0,0.35600241691842904,1.3040136061608791,0.55,26.454545454545453,0.0,20.0,False
env_odom_noise,0.0375,0.23051543153651136,0.00020706272838739032,0.12379929092876885,0.6572474815213146,-0.996766402608941,0.993202416918429,1.0,0.35600241691842904,1.3055387608706952,0.55,26.454545454545453,0.0,20.0,False
env_odom_noise,0.0375,0.23051543153651136,0.0004287497348723022,0.12379929007487657,0.6572571457830894,-0.9944895110428327,0.993202416918429,1.0,0.35600241691842904,1.3086884304881097,0.55,26.454545454545453,0.0,20.0,False
env_odom_noise,0.0375,0.23051543153651136,0.0008877808989802905,0.12346847182097796,0.6572769736319424,-0.9912248786739158,0.9939759036144579,1.0,0.3567759036144579,1.2984088353812695,0.55,26.636363636363637,0.0,20.0,False
env_odom_noise,0.0375,0.23051543153651136,0.001838263351530691,0.1231662654703374,0.6573177991444307,-0.9825327252348641,0.9939849624060151,1.0,0.3567849624060151,1.3044522911310197,0.55,26.727272727272727,0.0,20.0,False
env_odom_noise,0.0375,0.23051543153651136,0.003806358250624933,0.12291231737454211,0.6574018087460797,-0.9646251897263131,0.993993993993994,1.0,0.35679399399399403,1.3226373836398124,0.55,26.818181818181817,0.0,20.0,False
env_odom_noise,0.0375,0.23051543153651136,0.00788154924594252,0.12283205860247534,0.6575729539163858,-0.9312923371321016,0.9955156950672646,1.0,0.3583156950672646,1.3522687412798404,0.55,27.09090909090909,0.0,20.0,False
env_odom_noise,0.0375,0.23051543153651136,0.01631975090784437,0.12283205622690575,0.6479296358091203,-0.870042710349405,0.996301775147929,1.0,0.35910177514792896,1.3998281538486481,0.55,27.727272727272727,0.0,20.0,False
env_odom_noise,0.0375,0.23051543153651136,0.03379212149580846,0.12187036685450599,0.6370163183733404,-0.7683133812537706,0.9985507246376811,1.0,0.36135072463768114,1.4803528159856796,0.5,28.0,0.0,20.0,False
env_odom_noise,0.0375,0.23051543153651136,0.0699708887492028,0.12185223196552518,0.6244805988777089,-0.6125555915663818,0.9985855728429985,1.0,0.36138557284299855,1.659072096645832,0.45,28.666666666666668,0.0,20.0,False
env_odom_noise,0.0375,0.23051543153651136,0.14488363132100487,0.12203301050110799,0.6181259489991626,-0.3927106974625748,1.0,1.0,0.3628,1.842267668992281,0.4,29.625,0.0,20.0,False
env_odom_noise,0.0375,0.23051543153651136,0.3,0.12249268058150403,0.6181164047960656,-0.12372997485941868,1.0,1.0,0.3628,2.0160793155431747,0.35,29.0,0.0,20.0,False
env_odom_noise,0.0375,0.5,0.00010000000000000009,0.12205511386701443,0.6184055903153257,-0.33086617676528873,0.9979281767955801,1.0,0.3607281767955801,1.9645096458494664,0.4,29.5,0.0,20.0,False
env_odom_noise,0.0375,0.5,0.00020706272838739032,0.12205511412965028,0.6184097672007374,-0.330292314775584,0.9979281767955801,1.0,0.3607281767955801,1.9657002568244935,0.4,29.5,0.0,20.0,False
env_odom_noise,0.0375,0.5,0.0004287497348723022,0.12205511413288035,0.6184185102695897,-0.32910734878705117,0.9979281767955801,1.0,0.3607281767955801,1.968162503093481,0.4,29.5,0.0,20.0,False
env_odom_noise,0.0375,0.5,0.0008877808989802905,0.12205511340843107,0.6173484887991668,-0.32708187159964314,0.9986206896551724,1.0,0.3614206896551724,1.9669689990580081,0.4,29.625,0.0,20.0,False
env_odom_noise,0.0375,0.5,0.001838263351530691,0.12205511385618546,0.6173878463167142,-0.32205500353558414,0.9986206896551724,1.0,0.3614206896551724,1.977501178532839,0.4,29.625,0.0,20.0,False
env_odom_noise,0.0375,0.5,0.003806358250624933,0.1220551140524248,0.6160866261283513,-0.3123995988055976,0.9986225895316805,1.0,0.3614225895316805,1.9924142614006997,0.4,29.75,0.0,20.0,False
env_odom_noise,0.0375,0.5,0.00788154924594252,0.12205511447016548,0.6133457309507325,-0.2930450791993024,0.9986263736263736,1.0,0.36142637362637364,2.0234885297715666,0.4,30.0,0.0,20.0,False
env_odom_noise,0.0375,0.5,0.01631975090784437,0.12209089403150537,0.6110790273953107,-0.2574845945326255,0.9993188010899182,1.0,0.36211880108991823,2.074786810576916,0.4,30.75,0.0,20.0,False
env_odom_noise,0.0375,0.5,0.03379212149580846,0.12248482077445853,0.6041557825082394,-0.19013320253731267,0.9993342210386151,1.0,0.36213422103861515,2.151123256236315,0.35,32.0,0.0,20.0,False
env_odom_noise,0.0375,0.5,0.0699708887492028,0.12238431161751145,0.6020420870007094,-0.07785928645864888,0.9993386243386243,1.0,0.3621386243386243,2.3080751221626996,0.3,31.666666666666668,0.0,20.0,False
env_odom_noise,0.0375,0.5,0.14488363132100487,0.12251320947211472,0.5999636095746682,0.08564370300389619,1.0,1.0,0.3628,2.42616066634655,0.3,32.666666666666664,0.0,20.0,False
env_odom_noise,0.0375,0.5,0.3,0.12251320964893739,0.5963037852921709,0.3078664303953692,1.0,1.0,0.3628,2.5008132830262184,0.3,33.333333333333336,0.0,20.0,False
env_odom_noise,0.075,0.00010000000000000009,0.00010000000000000009,0.1249957334896614,0.8814091035455957,110.72093358930714,0.13391304347826086,0.21217391304347827,1.291113043478261,0.4328961126506329,0.9,26.5,0.0,20.0,False
env_odom_noise,0.075,0.00010000000000000009,0.00020706272838739032,0.12499573336312608,0.8814096316505634,79.65393890198477,0.14521739130434783,0.23478260869565218,1.2572,0.43332110345363617,0.9,26.5,0.0,20.0,False
env_odom_noise,0.075,0.00010000000000000009,0.0004287497348723022,0.12499573314903824,0.8814180028079803,61.43764155456945,0.1634782608695652,0.27391304347826084,1.199808695652174,0.43912566006183623,0.9,26.5,0.0,20.0,False
env_odom_noise,0.075,0.00010000000000000009,0.0008877808989802905,0.12499573326303903,0.8814828767484431,51.69791502058767,0.19043478260869565,0.33043478260869563,1.1163304347826086,0.45632628798484803,0.9,26.5,0.0,20.0,False
env_odom_noise,0.075,0.00010000000000000009,0.001838263351530691,0.12480202368283982,0.877415835714773,46.69383114258338,0.23229706390328153,0.38946459412780654,1.015438341968912,0.4357708889991045,0.85,26.0,0.0,20.0,False
env_odom_noise,0.075,0.00010000000000000009,0.003806358250624933,0.12480202393790704,0.8684211790332642,44.049559640398535,0.2953767123287671,0.4606164383561644,0.8812068493150684,0.463339114934206,0.85,26.294117647058822,0.0,20.0,False
env_odom_noise,0.075,0.00010000000000000009,0.00788154924594252,0.12456108387018246,0.861980364466444,42.778459448584414,0.35847457627118645,0.5313559322033898,0.7473694915254236,0.4780611373484135,0.75,25.0,0.0,20.0,False
env_odom_noise,0.075,0.00010000000000000009,0.01631975090784437,0.12388422852008053,0.8442697942283308,41.709326943645564,0.4370860927152318,0.5786423841059603,0.6214715231788079,0.5159052908420563,0.75,25.933333333333334,0.0,20.0,False
env_odom_noise,0.075,0.00010000000000000009,0.03379212149580846,0.1238865932346269,0.8290970143026698,41.446281977055754,0.5064724919093851,0.5946601941747572,0.5360673139158576,0.6128502897918224,0.7,26.0,0.0,20.0,False
env_odom_noise,0.075,0.00010000000000000009,0.0699708887492028,0.12360833753736643,0.805663114813675,40.859638822338766,0.5477308294209703,0.6087636932707355,0.48070547730829416,0.7632488034665584,0.55,24.363636363636363,0.0,20.0,False
env_odom_noise,0.075,0.00010000000000000009,0.14488363132100487,0.1232724819624603,0.7862079176672511,40.452509515139866,0.5651515151515152,0.6113636363636363,0.4606848484848485,1.0208514221012592,0.5,25.0,0.0,20.0,False
env_odom_noise,0.075,0.00010000000000000009,0.3,0.12256422818589523,0.7721698491970813,39.93026096011372,0.5769230769230769,0.6183431952662722,0.4419337278106509,1.2454477965831756,0.5,26.6,0.0,20.0,False
env_odom_noise,0.075,0.00021690521830457365,0.00010000000000000009,0.1249957334896614,0.8814091035455957,70.7980324732474,0.15739130434782608,0.25130434782608696,1.228504347826087,0.4328961126506329,0.9,26.5,0.0,20.0,False
env_odom_noise,0.075,0.00021690521830457365,0.00020706272838739032,0.12499573348794624,0.8814098061320345,48.83906256864811,0.16782608695652174,0.271304347826087,1.1980695652173914,0.43341982141137125,0.9,26.5,0.0,20.0,False
env_odom_noise,0.075,0.00021690521830457365,0.0004287497348723022,0.12499573243144482,0.8814185876923503,34.22317894073545,0.18695652173913044,0.30782608695652175,1.1424173913043476,0.4395837843418121,0.9,26.5,0.0,20.0,False
env_odom_noise,0.075,0.00021690521830457365,0.0008877808989802905,0.1249957323830402,0.881489674667245,25.670559586179387,0.21130434782608695,0.36434782608695654,1.0615478260869566,0.4570729501545429,0.9,26.5,0.0,20.0,False
env_odom_noise,0.075,0.00021690521830457365,0.001838263351530691,0.12480202451333626,0.8774246701967829,21.077066142673456,0.25129533678756477,0.4214162348877375,0.9644884283246977,0.4364607613533735,0.85,26.0,0.0,20.0,False
env_odom_noise,0.075,0.00021690521830457365,0.003806358250624933,0.12480202544353768,0.868433019720563,18.73719408831272,0.3142123287671233,0.4931506849315068,0.8298369863013699,0.46401378251612185,0.85,26.294117647058822,0.0,20.0,False
env_odom_noise,0.075,0.00021690521830457365,0.00788154924594252,0.12456108293116386,0.86198917515562,17.670737125759825,0.3771186440677966,0.5610169491525424,0.699064406779661,0.4786181002855301,0.75,25.0,0.0,20.0,False
env_odom_noise,0.075,0.00021690521830457365,0.01631975090784437,0.12388422665235566,0.8442759710823682,17.03851205837225,0.45695364238410596,0.6076158940397351,0.5726304635761589,0.5163218922913074,0.75,25.933333333333334,0.0,20.0,False
env_odom_noise,0.075,0.00021690521830457365,0.03379212149580846,0.1238865918729866,0.829101857792292,16.945004757774512,0.5250809061488673,0.6237864077669902,0.4883326860841425,0.6132031433284283,0.7,26.0,0.0,20.0,False
env_odom_noise,0.075,0.00021690521830457365,0.0699708887492028,0.12360833663559752,0.8056666978712282,16.794517862277015,0.5672926447574335,0.6377151799687011,0.43219217527386544,0.7635078065097332,0.55,24.363636363636363,0.0,20.0,False
env_odom_noise,0.075,0.00021690521830457365,0.14488363132100487,0.123272482732938,0.7862104621178866,16.769957381833304,0.5848484848484848,0.6401515151515151,0.4122,1.021014568954706,0.5,25.0,0.0,20.0,False
env_odom_noise,0.075,0.00021690521830457365,0.3,0.12256422694489852,0.7721714196231837,16.724921223499383,0.5968934911242604,0.6464497041420119,0.39385680473372775,1.2455331966280938,0.5,26.6,0.0,20.0,False
env_odom_noise,0.075,0.00047047873727754753,0.00010000000000000009,0.1249957334896614,0.8814091035455957,43.30629560809953,0.19304347826086957,0.3173913043478261,1.1267652173913043,0.4328961126506329,0.9,26.5,0.0,20.0,False
env_odom_noise,0.075,0.00047047873727754753,0.00020706272838739032,0.12499573286264688,0.8814100105867019,30.29694553494637,0.2008695652173913,0.33304347826086955,1.1032869565217391,0.4337419383227825,0.9,26.5,0.0,20.0,False
env_odom_noise,0.075,0.00047047873727754753,0.0004287497348723022,0.12499573337324203,0.8814207406704831,20.083871862664623,0.2217391304347826,0.3695652173913043,1.0458956521739131,0.4406861409544945,0.9,26.5,0.0,20.0,False
env_odom_noise,0.075,0.00047047873727754753,0.0008877808989802905,0.1249957323929883,0.8815041481688232,13.287124438368975,0.24434782608695652,0.42695652173913046,0.965895652173913,0.4586625896394253,0.9,26.5,0.0,20.0,False
env_odom_noise,0.075,0.00047047873727754753,0.001838263351530691,0.12480202389485144,0.8774435467683348,9.30828578343154,0.2815198618307427,0.48013816925734026,0.875541968911917,0.43794087804853915,0.85,26.0,0.0,20.0,False
env_odom_noise,0.075,0.00047047873727754753,0.003806358250624933,0.12480202482424031,0.868457924077572,7.231156556109596,0.3441780821917808,0.547945205479452,0.7450767123287672,0.46546623967587947,0.85,26.294117647058822,0.0,20.0,False
env_odom_noise,0.075,0.00047047873727754753,0.00788154924594252,0.12456108439357474,0.8620079290924292,6.289437369196507,0.40508474576271186,0.6161016949152542,0.6160135593220339,0.47981995567679403,0.75,25.0,0.0,20.0,False
env_odom_noise,0.075,0.00047047873727754753,0.01631975090784437,0.12388422831240688,0.8442893004139904,5.863451890168079,0.48427152317880795,0.6605960264900662,0.4923324503311258,0.5172249369323254,0.75,25.933333333333334,0.0,20.0,False
env_odom_noise,0.075,0.00047047873727754753,0.03379212149580846,0.1238865908803794,0.8291124620002975,5.848033786317371,0.551779935275081,0.6771844660194175,0.4082355987055015,0.6139678828418255,0.7,26.0,0.0,20.0,False
env_odom_noise,0.075,0.00047047873727754753,0.0699708887492028,0.12360833797166543,0.8056744689831973,5.896013652247548,0.593114241001565,0.6901408450704225,0.35394491392801253,0.7640702508389949,0.55,24.363636363636363,0.0,20.0,False
env_odom_noise,0.075,0.00047047873727754753,0.14488363132100487,0.12327248088629354,0.7862160656813462,6.045888552035741,0.6106060606060606,0.6916666666666667,0.33492727272727274,1.0213681571185589,0.5,25.0,0.0,20.0,False
env_odom_noise,0.075,0.00047047873727754753,0.3,0.12256422809726285,0.7721747532036631,6.2186423189373405,0.6220414201183432,0.6989644970414202,0.31619408284023665,1.2457182332873344,0.5,26.6,0.0,20.0,False
env_odom_noise,0.075,0.001020492932168466,0.00010000000000000009,0.1249957334896614,0.8814090854297204,23.798508862955607,0.24434782608695652,0.40695652173913044,0.9858956521739131,0.4329464830458164,0.9,26.5,0.0,20.0,False
env_odom_noise,0.075,0.001020492932168466,0.00020706272838739032,0.12499573285026642,0.8814116945042122,17.56457480177832,0.25217391304347825,0.42782608695652175,0.9572,0.43497867658734324,0.9,26.5,0.0,20.0,False
env_odom_noise,0.075,0.001020492932168466,0.0004287497348723022,0.12499573210353,0.8814327737864844,11.608227375312604,0.26956521739130435,0.4582608695652174,0.9093739130434783,0.44361713379621504,0.9,26.5,0.0,20.0,False
env_odom_noise,0.075,0.001020492932168466,0.0008877808989802905,0.12499573306766458,0.8788318027236174,6.9068169316566586,0.2864583333333333,0.5,0.8507416666666667,0.452820385992527,0.9,26.555555555555557,0.0,20.0,False
env_odom_noise,0.075,0.001020492932168466,0.001838263351530691,0.12480202555225155,0.8757083848454167,3.802780022696978,0.32155172413793104,0.55,0.7656482758620689,0.4365826971828938,0.85,26.058823529411764,0.0,20.0,False
env_odom_noise,0.075,0.001020492932168466,0.003806358250624933,0.12480202398214435,0.8685111459150164,2.0566032076455203,0.3844178082191781,0.615582191780822,0.6372,0.46857056580483913,0.85,26.294117647058822,0.0,20.0,False
env_odom_noise,0.075,0.001020492932168466,0.00788154924594252,0.12456108503156771,0.8620481635094199,1.2290901104687657,0.4449152542372881,0.6813559322033899,0.510928813559322,0.4824035450816154,0.75,25.0,0.0,20.0,False
env_odom_noise,0.075,0.001020492932168466,0.01631975090784437,0.1238842271273528,0.8443181710060594,0.9096217527872674,0.5240066225165563,0.7251655629139073,0.3880278145695364,0.5191787071526051,0.75,25.933333333333334,0.0,20.0,False
env_odom_noise,0.075,0.001020492932168466,0.03379212149580846,0.1238865903906546,0.8291356114825515,0.931267513313499,0.5865695792880259,0.7394822006472492,0.31114822006472487,0.6156232312321663,0.7,26.0,0.0,20.0,False
env_odom_noise,0.075,0.001020492932168466,0.0699708887492028,0.12360833805140194,0.8056917137195567,1.0681136570280645,0.6275430359937402,0.7503912363067292,0.2592657276995306,0.7652878105640412,0.55,24.363636363636363,0.0,20.0,False
env_odom_noise,0.075,0.001020492932168466,0.14488363132100487,0.12327248104926758,0.7862282206137695,1.2963161042729006,0.6446969696969697,0.7507575757575757,0.2417454545454546,1.0221344016492366,0.5,25.0,0.0,20.0,False
env_odom_noise,0.075,0.001020492932168466,0.3,0.12256422780738573,0.772181898202354,1.56714597741771,0.6568047337278107,0.7566568047337278,0.22373846153846155,1.2461190178990365,0.5,26.6,0.0,20.0,False
env_odom_noise,0.075,0.0022135024223027535,0.00010000000000000009,0.12499573356328875,0.8814176123558106,11.033916695065178,0.3182608695652174,0.5365217391304348,0.7824173913043478,0.43616949692368506,0.9,26.5,0.0,20.0,False
env_odom_noise,0.075,0.0022135024223027535,0.00020706272838739032,0.12499573288316478,0.8814509702354506,8.663905004881439,0.32521739130434785,0.551304347826087,0.7606782608695652,0.4419705167412758,0.9,26.5,0.0,20.0,False
env_odom_noise,0.075,0.0022135024223027535,0.0004287497348723022,0.12499573300299316,0.881528666418681,5.870600873221586,0.3339130434782609,0.568695652173913,0.734591304347826,0.4531075917184353,0.9,26.5,0.0,20.0,False
env_odom_noise,0.075,0.0022135024223027535,0.0008877808989802905,0.12474138407161607,0.8789664747133012,3.167369915778699,0.354419410745234,0.6057192374350087,0.6770613518197574,0.45175095051527026,0.9,26.61111111111111,0.0,20.0,False
env_odom_noise,0.075,0.0022135024223027535,0.001838263351530691,0.12480202535649516,0.8736559800265563,1.0810764429694217,0.3889845094664372,0.6583476764199656,0.5898678141135971,0.43470305278897287,0.85,26.11764705882353,0.0,20.0,False
env_odom_noise,0.075,0.0022135024223027535,0.003806358250624933,0.12480202372533505,0.8669333192805533,-0.24726958159672588,0.441025641025641,0.7128205128205128,0.48335384615384613,0.4647885799407959,0.85,26.352941176470587,0.0,20.0,False
env_odom_noise,0.075,0.0022135024223027535,0.00788154924594252,0.12456108213582955,0.860250596847539,-0.9312337680210536,0.5008460236886633,0.7741116751269036,0.3622423011844331,0.4793349839746952,0.75,25.066666666666666,0.0,20.0,False
env_odom_noise,0.075,0.0022135024223027535,0.01631975090784437,0.12388422791474729,0.8443800899518201,-1.177200024166399,0.5769867549668874,0.8137417218543046,0.24647152317880794,0.5233905158936978,0.75,25.933333333333334,0.0,20.0,False
env_odom_noise,0.075,0.0022135024223027535,0.03379212149580846,0.12388659394681542,0.8291849929586848,-1.1353331630442114,0.6383495145631068,0.8284789644012945,0.1703715210355986,0.6191964834928513,0.7,26.0,0.0,20.0,False
env_odom_noise,0.075,0.0022135024223027535,0.0699708887492028,0.12360833803633549,0.8057287666384113,-0.9602112074888005,0.6776212832550861,0.8380281690140845,0.1215505477308294,0.767922955006361,0.55,24.363636363636363,0.0,20.0,False
env_odom_noise,0.075,0.0022135024223027535,0.14488363132100487,0.12327248203233826,0.7862545792346728,-0.6983199529907812,0.6931818181818182,0.8401515151515152,0.12483030303030307,1.0237939111888408,0.5,25.0,0.0,20.0,False
env_odom_noise,0.075,0.0022135024223027535,0.3,0.12256422831528199,0.7721974354832769,-0.38484405791656634,0.7048816568047337,0.8461538461538461,0.1305278106508876,1.2469878628849984,0.5,26.6,0.0,20.0,False
env_odom_noise,0.075,0.004801202261272809,0.00010000000000000009,0.12452113680266794,0.8764804270633415,3.74034826841136,0.42857142857142855,0.6833046471600689,0.5253239242685026,0.42398946471512317,0.85,26.11764705882353,0.0,20.0,False
env_odom_noise,0.075,0.004801202261272809,0.00020706272838739032,0.12452113740534156,0.8747509255786915,3.0178151726431834,0.4321305841924399,0.6898625429553265,0.5152068728522337,0.4230393897742033,0.85,26.176470588235293,0.0,20.0,False
env_odom_noise,0.075,0.004801202261272809,0.0004287497348723022,0.12458212790547431,0.8748123829540911,1.972357099966386,0.44082332761578047,0.7058319039451115,0.490544768439108,0.42034939490258694,0.85,26.235294117647058,0.0,20.0,False
env_odom_noise,0.075,0.004801202261272809,0.0008877808989802905,0.12458212667367148,0.8749308604755613,0.752857553929243,0.46226415094339623,0.7315608919382505,0.4433749571183533,0.43602297082543373,0.85,26.235294117647058,0.0,20.0,False
env_odom_noise,0.075,0.004801202261272809,0.001838263351530691,0.12458212605064493,0.8693351955091736,-0.4051748159326243,0.48890784982935154,0.7687713310580204,0.379520819112628,0.43896682988852265,0.85,26.41176470588235,0.0,20.0,False
env_odom_noise,0.075,0.004801202261272809,0.003806358250624933,0.12458212610634786,0.8642224477307757,-1.2717054130788592,0.5263157894736842,0.8208828522920204,0.2900013582342954,0.4604926757514477,0.8,25.8125,0.0,20.0,False
env_odom_noise,0.075,0.004801202261272809,0.00788154924594252,0.1242982158190034,0.8558908034678698,-1.7766034680893488,0.5827759197324415,0.8720735785953178,0.18235050167224076,0.464442340284586,0.75,25.533333333333335,0.0,20.0,False
env_odom_noise,0.075,0.004801202261272809,0.01631975090784437,0.12367517125759388,0.8413111186734449,-1.9512467908473654,0.6587171052631579,0.9054276315789473,0.07305526315789479,0.5200021661818027,0.7,25.285714285714285,0.0,20.0,False
env_odom_noise,0.075,0.004801202261272809,0.03379212149580846,0.1235703255867665,0.8279109046168092,-1.897055539584361,0.7154340836012861,0.9172025723472669,0.0700315112540193,0.6310551755130291,0.7,26.285714285714285,0.0,20.0,False
env_odom_noise,0.075,0.004801202261272809,0.0699708887492028,0.12340872289642102,0.8066208067429705,-1.7034838972297606,0.7519500780031201,0.9251170046801872,0.09863307332293292,0.7931297793984413,0.55,24.545454545454547,0.0,20.0,False
env_odom_noise,0.075,0.004801202261272809,0.14488363132100487,0.12307956187361795,0.7871525996314696,-1.4300430922702523,0.7666163141993958,0.9282477341389728,0.11016858006042307,1.0486035741865636,0.5,25.2,0.0,20.0,False
env_odom_noise,0.075,0.004801202261272809,0.3,0.1222307136066024,0.7702527926440855,-1.1013190650992042,0.7775330396475771,0.9317180616740088,0.11761497797356835,1.248762095719576,0.5,27.1,0.0,20.0,False
env_odom_noise,0.075,0.010414058246057912,0.00010000000000000009,0.1242952242188638,0.871319578795523,0.1769696724972413,0.5561224489795918,0.8052721088435374,0.27580544217687075,0.4500954907387495,0.8,25.75,0.0,20.0,False
env_odom_noise,0.075,0.010414058246057912,0.00020706272838739032,0.12429522685766607,0.8687222970962323,-0.013345743560196436,0.5594227504244482,0.8081494057724957,0.26962784380305604,0.44234797060489656,0.8,25.8125,0.0,20.0,False
env_odom_noise,0.075,0.010414058246057912,0.0004287497348723022,0.12429522634453248,0.8687696945506259,-0.3171075976568776,0.567062818336163,0.8183361629881154,0.2518010186757216,0.4486295681446791,0.8,25.8125,0.0,20.0,False
env_odom_noise,0.075,0.010414058246057912,0.0008877808989802905,0.12429522582671527,0.8649362221251331,-0.7535510959547745,0.5803722504230119,0.8358714043993232,0.22095634517766494,0.4399265943095088,0.8,25.9375,0.0,20.0,False
env_odom_noise,0.075,0.010414058246057912,0.001838263351530691,0.12429522635159401,0.8622145929755571,-1.2523135165837485,0.5961214165261383,0.863406408094435,0.1776721753794267,0.4684365577995777,0.8,26.0625,0.0,20.0,False
env_odom_noise,0.075,0.010414058246057912,0.003806358250624933,0.12411520165679764,0.8583939326897188,-1.7165651844865546,0.6379598662207357,0.9038461538461539,0.09539397993311038,0.4518545355647802,0.75,25.533333333333335,0.0,20.0,False
env_odom_noise,0.075,0.010414058246057912,0.00788154924594252,0.12411520010795007,0.8560457472158561,-2.0025771367849448,0.6866666666666666,0.9425,0.015966666666666685,0.529219476506114,0.75,25.666666666666668,0.0,20.0,False
env_odom_noise,0.075,0.010414058246057912,0.01631975090784437,0.12365321167592468,0.8393951276175587,-2.1068920809625435,0.7540849673202614,0.9656862745098039,0.08257124183006537,0.5577056333422661,0.65,24.53846153846154,0.0,20.0,False
env_odom_noise,0.075,0.010414058246057912,0.03379212149580846,0.12339466787451309,0.8252617723226164,-2.037250807405483,0.8104,0.9728,0.14600000000000002,0.6770749278366566,0.65,25.53846153846154,0.0,20.0,False
env_odom_noise,0.075,0.010414058246057912,0.0699708887492028,0.12323649791996813,0.7989360190268766,-1.8335697416426486,0.8400309119010819,0.9799072642967542,0.18273817619783617,0.8309536911547184,0.55,25.09090909090909,0.0,20.0,False
env_odom_noise,0.075,0.010414058246057912,0.14488363132100487,0.12265915487053333,0.7818478222232506,-1.5623762941878343,0.8547904191616766,0.9812874251497006,0.19887784431137723,1.0881122261285783,0.5,25.8,0.0,20.0,False
env_odom_noise,0.075,0.010414058246057912,0.3,0.12192630517911306,0.7650914033669717,-1.2349286840477487,0.8642960812772134,0.9833091436865021,0.2104052249637155,1.2728166982531548,0.45,26.666666666666668,0.0,20.0,False
env_odom_noise,0.075,0.02258863577297737,0.00010000000000000009,0.12448462157048601,0.862297694972705,-1.2597330475080808,0.6961602671118531,0.9015025041736227,0.06645776293823047,0.49863868542015555,0.7,24.642857142857142,0.0,20.0,False
env_odom_noise,0.075,0.02258863577297737,0.00020706272838739032,0.1244846200013679,0.86055256091758,-1.2991031579979666,0.6983333333333334,0.9025,0.06763333333333343,0.49611069485545156,0.7,24.714285714285715,0.0,20.0,False
env_odom_noise,0.075,0.02258863577297737,0.0004287497348723022,0.12448461904182505,0.8605860851294456,-1.3699922146218162,0.7025,0.9075,0.06680000000000008,0.5010890152305365,0.7,24.714285714285715,0.0,20.0,False
env_odom_noise,0.075,0.02258863577297737,0.0008877808989802905,0.12448462213947732,0.8582567440921012,-1.4891599015287684,0.7096505823627288,0.9118136439267887,0.06963693843594021,0.5002817563712597,0.7,24.785714285714285,0.0,20.0,False
env_odom_noise,0.075,0.02258863577297737,0.001838263351530691,0.12448462085173218,0.8554573195704606,-1.6474768595703728,0.7280265339966833,0.9262023217247097,0.07362421227197358,0.5150839313864708,0.65,23.846153846153847,0.0,20.0,False
env_odom_noise,0.075,0.02258863577297737,0.003806358250624933,0.12427338445548503,0.8508056237230591,-1.8251981064983982,0.7491749174917491,0.9504950495049505,0.07047986798679873,0.5286964230239392,0.65,24.076923076923077,0.0,20.0,False
env_odom_noise,0.075,0.02258863577297737,0.00788154924594252,0.12386666283977918,0.8421579141668348,-1.9504603488773744,0.7949346405228758,0.9722222222222222,0.129956862745098,0.5556661300361156,0.65,24.53846153846154,0.0,20.0,False
env_odom_noise,0.075,0.02258863577297737,0.01631975090784437,0.12410436434085458,0.8384344538138178,-1.9673516347731623,0.8449675324675324,0.987012987012987,0.19478051948051944,0.6660666242241859,0.65,24.846153846153847,0.0,20.0,False
env_odom_noise,0.075,0.02258863577297737,0.03379212149580846,0.1232780317447344,0.8225983949390997,-1.8859348856545937,0.8946117274167987,0.9920760697305864,0.24948779714738512,0.7497478142380715,0.6,24.916666666666668,0.0,20.0,False
env_odom_noise,0.075,0.02258863577297737,0.0699708887492028,0.12331216921335364,0.7952637340048924,-1.686233757313537,0.9203675344563553,0.9977029096477795,0.28087044410413486,0.915216376632452,0.55,25.636363636363637,0.0,20.0,False
env_odom_noise,0.075,0.02258863577297737,0.14488363132100487,0.12272055437711628,0.7790292526626946,-1.4201392438994782,0.9331352154531947,0.9985141158989599,0.29444933135215456,1.1763400480151176,0.5,26.3,0.0,20.0,False
env_odom_noise,0.075,0.02258863577297737,0.3,0.12216162444284112,0.7606453258569896,-1.0906341223919602,0.9418103448275862,1.0,0.3046103448275862,1.3462539166212082,0.45,27.444444444444443,0.0,20.0,False
env_odom_noise,0.075,0.04899592973540154,0.00010000000000000009,0.12409841753071642,0.8534448606757737,-1.567213175820352,0.8141447368421053,0.9555921052631579,0.13253684210526318,0.6846669998019934,0.65,24.23076923076923,0.0,20.0,False
env_odom_noise,0.075,0.04899592973540154,0.00020706272838739032,0.12409841749652292,0.8534593865315633,-1.5734495323566586,0.8149671052631579,0.9580592105263158,0.13582631578947368,0.6868865996599197,0.65,24.23076923076923,0.0,20.0,False
env_odom_noise,0.075,0.04899592973540154,0.0004287497348723022,0.12409841965657233,0.8511363153320598,-1.5874422001248916,0.8169129720853858,0.958128078817734,0.13784105090311982,0.6810045681893826,0.65,24.307692307692307,0.0,20.0,False
env_odom_noise,0.075,0.04899592973540154,0.0008877808989802905,0.12408073604175972,0.849300304728978,-1.6115605842318361,0.8216039279869067,0.9639934533551555,0.14839738134206226,0.6706226993352175,0.65,24.46153846153846,0.0,20.0,False
env_odom_noise,0.075,0.04899592973540154,0.001838263351530691,0.12408073884209493,0.8494259226027756,-1.6430045643828743,0.8289689034369886,0.9689034369885434,0.16067234042553202,0.6905154533684253,0.65,24.46153846153846,0.0,20.0,False
env_odom_noise,0.075,0.04899592973540154,0.003806358250624933,0.1236774190591923,0.8448208095235483,-1.6814327559738753,0.848780487804878,0.9780487804878049,0.1896292682926829,0.6896580658853054,0.6,23.583333333333332,0.0,20.0,False
env_odom_noise,0.075,0.04899592973540154,0.00788154924594252,0.12380301989290297,0.835239255473986,-1.7076307399756103,0.8834405144694534,0.9855305466237942,0.23177106109324763,0.7039771974086761,0.6,24.166666666666668,0.0,20.0,False
env_odom_noise,0.075,0.04899592973540154,0.01631975090784437,0.12376040396439278,0.8231037107973503,-1.6793292336631926,0.9214285714285714,0.9904761904761905,0.2747047619047619,0.7645685814321042,0.6,24.833333333333332,0.0,20.0,False
env_odom_noise,0.075,0.04899592973540154,0.03379212149580846,0.12343821208209348,0.8077632773553873,-1.5800209166706412,0.9549689440993789,0.9930124223602484,0.3107813664596274,0.851379407197237,0.55,24.818181818181817,0.0,20.0,False
env_odom_noise,0.075,0.04899592973540154,0.0699708887492028,0.12314853951611834,0.7923380117873634,-1.3955123148983215,0.9735249621785174,0.9977307110438729,0.33405567322239027,1.063386182487011,0.5,25.1,0.0,20.0,False
env_odom_noise,0.075,0.04899592973540154,0.14488363132100487,0.12208950205646615,0.7719418117219231,-1.1316653976602096,0.9824561403508771,0.9985380116959064,0.34379415204678354,1.3105817079544066,0.5,27.4,0.0,20.0,False
env_odom_noise,0.075,0.04899592973540154,0.3,0.12199733399925282,0.761629865765775,-0.8283068945871521,0.9878917378917379,1.0,0.3506917378917379,1.4852392926812172,0.45,28.11111111111111,0.0,20.0,False
env_odom_noise,0.075,0.10627472835292812,0.00010000000000000009,0.12361219975323835,0.8220716879689426,-1.3503745681478978,0.8984251968503937,0.9866141732283464,0.24783937007874013,0.8653171952813864,0.6,25.25,0.0,20.0,False
env_odom_noise,0.075,0.10627472835292812,0.00020706272838739032,0.12361219830520373,0.8220846890353657,-1.3503772239626084,0.8992125984251969,0.9866141732283464,0.2486267716535433,0.86708795838058,0.6,25.25,0.0,20.0,False
env_odom_noise,0.075,0.10627472835292812,0.0004287497348723022,0.12361219898945995,0.8221113176522479,-1.3503070111277482,0.9,0.9866141732283464,0.24941417322834647,0.8707518301904201,0.6,25.25,0.0,20.0,False
env_odom_noise,0.075,0.10627472835292812,0.0008877808989802905,0.1236121999316415,0.8221665445239871,-1.3498654745536387,0.9023622047244094,0.9881889763779528,0.2533511811023622,0.8783203355967999,0.6,25.25,0.0,20.0,False
env_odom_noise,0.075,0.10627472835292812,0.001838263351530691,0.12361220090296958,0.8202818550099537,-1.3490025742122598,0.9056603773584906,0.9882075471698113,0.2566679245283019,0.8847707562148571,0.6,25.333333333333332,0.0,20.0,False
env_odom_noise,0.075,0.10627472835292812,0.003806358250624933,0.12361219845961662,0.8154494642775385,-1.3433746696226638,0.9217527386541471,0.9890453834115805,0.27359812206572764,0.8882216431200505,0.55,24.363636363636363,0.0,20.0,False
env_odom_noise,0.075,0.10627472835292812,0.00788154924594252,0.1236742720938087,0.8141204966206407,-1.3245609522400121,0.9400311526479751,0.9906542056074766,0.29348535825545174,0.9255569912493229,0.55,24.636363636363637,0.0,20.0,False
env_odom_noise,0.075,0.10627472835292812,0.01631975090784437,0.12367427465373662,0.8112447406460421,-1.2718144764261357,0.9565217391304348,0.9930124223602484,0.31233416149068327,1.0222020290791989,0.55,24.818181818181817,0.0,20.0,False
env_odom_noise,0.075,0.10627472835292812,0.03379212149580846,0.12316409626307566,0.7970800060130092,-1.178726124493492,0.9757575757575757,0.9954545454545455,0.3340121212121212,1.1005258657038213,0.55,26.272727272727273,0.0,20.0,False
env_odom_noise,0.075,0.10627472835292812,0.0699708887492028,0.12230795759291754,0.786371094935922,-1.0161475659816508,0.9874074074074074,0.9977777777777778,0.3479851851851852,1.31222862303257,0.5,26.5,0.0,20.0,False
env_odom_noise,0.075,0.10627472835292812,0.14488363132100487,0.12171695855578626,0.7627881017226898,-0.7742042041405911,0.992867332382311,0.9985734664764622,0.35424079885877313,1.5113342061638833,0.45,28.0,0.0,20.0,False
env_odom_noise,0.075,0.10627472835292812,0.3,0.12195337909088891,0.7702379777210716,-0.4805613368449547,0.9979020979020979,1.0,0.36070209790209795,1.711292989552021,0.35,26.857142857142858,0.0,20.0,False
env_odom_noise,0.075,0.23051543153651136,0.00010000000000000009,0.12333609627250366,0.7947136924728594,-0.8647806913879391,0.963855421686747,0.9932228915662651,0.3198783132530121,1.3116299092769623,0.55,26.636363636363637,0.0,20.0,False
env_odom_noise,0.075,0.23051543153651136,0.00020706272838739032,0.12333609391984796,0.7947253521612604,-0.8641100023635214,0.9646084337349398,0.9932228915662651,0.32063132530120486,1.3130338720977306,0.55,26.636363636363637,0.0,20.0,False
env_odom_noise,0.075,0.23051543153651136,0.0004287497348723022,0.12333609155138829,0.7947493696700644,-0.8627219747769866,0.9653614457831325,0.9932228915662651,0.32138433734939764,1.3159384094178677,0.55,26.636363636363637,0.0,20.0,False
env_odom_noise,0.075,0.23051543153651136,0.0008877808989802905,0.12333609601871856,0.7947986231255367,-0.8598507068333068,0.9661144578313253,0.9932228915662651,0.3221373493975904,1.3219392098486424,0.55,26.636363636363637,0.0,20.0,False
env_odom_noise,0.075,0.23051543153651136,0.001838263351530691,0.12355347358334254,0.794900664825828,-0.8547258304408921,0.9661654135338346,0.9932330827067669,0.3221984962406015,1.3261513337492943,0.55,26.727272727272727,0.0,20.0,False
env_odom_noise,0.075,0.23051543153651136,0.003806358250624933,0.12297488207295745,0.7933937184191946,-0.8459257991798441,0.968609865470852,0.9940209267563528,0.32543079222720483,1.3193344965577125,0.55,27.09090909090909,0.0,20.0,False
env_odom_noise,0.075,0.23051543153651136,0.00788154924594252,0.12283205628546862,0.7918398316556138,-0.8228896141136696,0.9739583333333334,0.9947916666666666,0.33155,1.3488572739064693,0.55,27.363636363636363,0.0,20.0,False
env_odom_noise,0.075,0.23051543153651136,0.01631975090784437,0.12283205734718754,0.7821618459672686,-0.7786301915993318,0.9823008849557522,0.995575221238938,0.34067610619469024,1.4018093392252922,0.55,27.90909090909091,0.0,20.0,False
env_odom_noise,0.075,0.23051543153651136,0.03379212149580846,0.12186647496496232,0.7717169636148766,-0.6984965507926462,0.9869942196531792,0.9978323699421965,0.34762658959537573,1.4743854582309723,0.45,27.0,0.0,20.0,False
env_odom_noise,0.075,0.23051543153651136,0.0699708887492028,0.12185222957825342,0.7634589795825912,-0.5607607921421122,0.9915134370579916,0.9985855728429985,0.3528990099009901,1.676840077340603,0.45,28.666666666666668,0.0,20.0,False
env_odom_noise,0.075,0.23051543153651136,0.14488363132100487,0.1220330076179349,0.7653418780628449,-0.35573742561696203,0.9938101788170564,0.9993122420907841,0.35592242090784043,1.865406821668148,0.35,28.571428571428573,0.0,20.0,False
env_odom_noise,0.075,0.23051543153651136,0.3,0.12249268002427194,0.7673142238445846,-0.10506092043363864,0.9979452054794521,1.0,0.3607452054794521,2.0365280106663706,0.35,29.0,0.0,20.0,False
env_odom_noise,0.075,0.5,0.00010000000000000009,0.12205511335322707,0.7610410326030701,-0.2655662925600687,0.9889807162534435,0.9979338842975206,0.34971460055096415,1.978255057707429,0.4,29.75,0.0,20.0,False
env_odom_noise,0.075,0.5,0.00020706272838739032,0.12205511482083355,0.7610522572569358,-0.2650861253946545,0.9889807162534435,0.9979338842975206,0.34971460055096415,1.9793739814311266,0.4,29.75,0.0,20.0,False
env_odom_noise,0.075,0.5,0.0004287497348723022,0.12205511516557985,0.7610753810706703,-0.26409402219687306,0.9889807162534435,0.9979338842975206,0.34971460055096415,1.9816883992403747,0.4,29.75,0.0,20.0,False
env_odom_noise,0.075,0.5,0.0008877808989802905,0.12205511401885809,0.7611233188830387,-0.2620485752218221,0.9889807162534435,0.9979338842975206,0.34971460055096415,1.9864717733114958,0.4,29.75,0.0,20.0,False
env_odom_noise,0.075,0.5,0.001838263351530691,0.12205511332834273,0.7612222946110102,-0.257850945187081,0.9889807162534435,0.9986225895316805,0.350403305785124,1.9963336795568467,0.4,29.75,0.0,20.0,False
env_odom_noise,0.075,0.5,0.003806358250624933,0.12205511389885323,0.7581995302716639,-0.25031444425848454,0.989010989010989,0.9986263736263736,0.3504373626373627,2.0036291681230067,0.4,30.0,0.0,20.0,False
env_odom_noise,0.075,0.5,0.00788154924594252,0.12198536959758378,0.7560453357775336,-0.2344470196870067,0.9897400820793434,0.9986320109439124,0.3511720930232558,2.0285675868391992,0.4,30.375,0.0,20.0,False
env_odom_noise,0.075,0.5,0.01631975090784437,0.12206856719397631,0.7565901517977807,-0.1975689426126717,0.988544474393531,0.9986522911051213,0.34999676549865233,2.093964668363333,0.35,30.714285714285715,0.0,20.0,False
env_odom_noise,0.075,0.5,0.03379212149580846,0.12248481921671162,0.7528844076827392,-0.14224073736968845,0.9920318725099602,0.99867197875166,0.3535038512616202,2.1624320501461627,0.35,32.285714285714285,0.0,20.0,False
env_odom_noise,0.075,0.5,0.0699708887492028,0.12238431234222696,0.7543111400786194,-0.04054872196923427,0.9940476190476191,0.9993386243386243,0.3561862433862434,2.327966935560107,0.3,31.666666666666668,0.0,20.0,False
env_odom_noise,0.075,0.5,0.14488363132100487,0.12257032213530578,0.7526817833210702,0.11059858917034177,0.9947575360419397,1.0,0.35755753604193974,2.4398148264735937,0.3,32.833333333333336,0.0,20.0,False
env_odom_noise,0.075,0.5,0.3,0.12257032288744307,0.7500378348558616,0.32209864062554583,0.9980417754569191,1.0,0.3608417754569191,2.5180084854364395,0.3,33.333333333333336,0.0,20.0,False
env_odom_noise,0.11249999999999999,0.00010000000000000009,0.00010000000000000009,0.12499573299450122,1.013065243529255,192.10489674562166,0.12110726643598616,0.18858131487889274,1.3275114186851211,0.48402207121253016,0.9,26.666666666666668,0.0,20.0,False
env_odom_noise,0.11249999999999999,0.00010000000000000009,0.00020706272838739032,0.12499573307312213,1.0130672204339628,124.21847966823472,0.1323529411764706,0.20674740484429066,1.2980996539792389,0.4843433789908886,0.9,26.666666666666668,0.0,20.0,False
env_odom_noise,0.11249999999999999,0.00010000000000000009,0.0004287497348723022,0.12499573352394679,1.011706275572589,84.50501239609783,0.14680483592400692,0.24006908462867013,1.2503260794473228,0.4838168196380138,0.9,26.72222222222222,0.0,20.0,False
env_odom_noise,0.11249999999999999,0.00010000000000000009,0.0008877808989802905,0.12499573328467777,1.0060534756065544,62.88204832297101,0.1640893470790378,0.2757731958762887,1.1973374570446735,0.4863830640912056,0.9,26.88888888888889,0.0,20.0,False
env_odom_noise,0.11249999999999999,0.00010000000000000009,0.001838263351530691,0.12480202587553493,1.0019455096748393,51.892483306554716,0.1962457337883959,0.3293515358361775,1.1116027303754266,0.4629471220076084,0.85,26.41176470588235,0.0,20.0,False
env_odom_noise,0.11249999999999999,0.00010000000000000009,0.003806358250624933,0.12480202566331722,0.9957467306427279,46.46477126334806,0.23599320882852293,0.40237691001697795,0.9988298811544991,0.4810581900179386,0.85,26.58823529411765,0.0,20.0,False
env_odom_noise,0.11249999999999999,0.00010000000000000009,0.00788154924594252,0.12456108468381226,0.9903194975105503,43.76103698021837,0.2966386554621849,0.4714285714285714,0.8691327731092438,0.49964301884174345,0.75,25.333333333333332,0.0,20.0,False
env_odom_noise,0.11249999999999999,0.00010000000000000009,0.01631975090784437,0.1238842268158311,0.9795589973047623,42.289860561409,0.3652892561983471,0.543801652892562,0.7281090909090908,0.5540026143193245,0.7,25.071428571428573,0.0,20.0,False
env_odom_noise,0.11249999999999999,0.00010000000000000009,0.03379212149580846,0.12412313462870625,0.9707691137513812,41.95483183488807,0.44552845528455287,0.5804878048780487,0.6111837398373984,0.6819349855184555,0.7,25.785714285714285,0.0,20.0,False
env_odom_noise,0.11249999999999999,0.00010000000000000009,0.0699708887492028,0.12360833707503247,0.9405149750507469,40.883732840594185,0.515600624024961,0.6014040561622465,0.5201953198127925,0.7740299366414547,0.55,24.545454545454547,0.0,20.0,False
env_odom_noise,0.11249999999999999,0.00010000000000000009,0.14488363132100487,0.12327248117520685,0.9262800078952808,40.58888944088906,0.5500758725341427,0.6107738998482549,0.4763502276176024,1.0472186520695685,0.5,24.9,0.0,20.0,False
env_odom_noise,0.11249999999999999,0.00010000000000000009,0.3,0.12255800120036857,0.9166206528472526,40.23126724385189,0.5653789004457652,0.6129271916790491,0.4588939078751857,1.2764497458934785,0.5,26.3,0.0,20.0,False
env_odom_noise,0.11249999999999999,0.00021690521830457365,0.00010000000000000009,0.12499573299450122,1.013065243529255,136.1017801354884,0.1444636678200692,0.22491349480968859,1.2678228373702423,0.48402207121253016,0.9,26.666666666666668,0.0,20.0,False
env_odom_noise,0.11249999999999999,0.00021690521830457365,0.00020706272838739032,0.12499573311487332,1.0130678890854476,87.73660383919524,0.15397923875432526,0.24740484429065743,1.2358159169550174,0.4844233185052872,0.9,26.666666666666668,0.0,20.0,False
env_odom_noise,0.11249999999999999,0.00021690521830457365,0.0004287497348723022,0.12499573270596356,1.011709697082054,55.67208172634438,0.16580310880829016,0.27288428324697755,1.1985126079447324,0.4841787047684193,0.9,26.72222222222222,0.0,20.0,False
env_odom_noise,0.11249999999999999,0.00021690521830457365,0.0008877808989802905,0.12505568646146564,1.0060674308102444,36.67242508128311,0.1843910806174957,0.307032590051458,1.1457763293310463,0.47571842148900034,0.9,26.944444444444443,0.0,20.0,False
env_odom_noise,0.11249999999999999,0.00021690521830457365,0.001838263351530691,0.12480202470256843,1.0019614831183044,26.45570451658002,0.2175767918088737,0.3626279863481229,1.0569952218430034,0.46348310112953184,0.85,26.41176470588235,0.0,20.0,False
env_odom_noise,0.11249999999999999,0.00021690521830457365,0.003806358250624933,0.12480202485875073,0.9957669041323284,21.336692309113726,0.2546689303904924,0.43208828522920206,0.9504427843803056,0.4816869929432869,0.85,26.58823529411765,0.0,20.0,False
env_odom_noise,0.11249999999999999,0.00021690521830457365,0.00788154924594252,0.12456108349820491,0.9903329659248089,18.857057805395993,0.31512605042016806,0.5016806722689076,0.8203932773109244,0.5001135565340519,0.75,25.333333333333332,0.0,20.0,False
env_odom_noise,0.11249999999999999,0.00021690521830457365,0.01631975090784437,0.12388422666479056,0.9795688781802839,17.65813887861506,0.3851239669421488,0.5743801652892562,0.677695867768595,0.5543782338500023,0.7,25.071428571428573,0.0,20.0,False
env_odom_noise,0.11249999999999999,0.00021690521830457365,0.03379212149580846,0.12412313598804393,0.9707768875464511,17.34931847821944,0.46422764227642277,0.6089430894308943,0.564029268292683,0.6822656244039536,0.7,25.785714285714285,0.0,20.0,False
env_odom_noise,0.11249999999999999,0.00021690521830457365,0.0699708887492028,0.12360833875773461,0.9405206464537976,16.893606309678876,0.5351014040561622,0.6302652106084243,0.4718333853354134,0.7742830373346805,0.55,24.545454545454547,0.0,20.0,False
env_odom_noise,0.11249999999999999,0.00021690521830457365,0.14488363132100487,0.12327248248467093,0.9262840386269108,16.87037901854164,0.5698027314112292,0.6396054628224582,0.4277918057663126,1.047377671301365,0.5,24.9,0.0,20.0,False
env_odom_noise,0.11249999999999999,0.00021690521830457365,0.3,0.12255800105478566,0.9166230991788751,16.865371826654677,0.5854383358098069,0.6419019316493314,0.4098597325408617,1.2765341207385064,0.5,26.3,0.0,20.0,False
env_odom_noise,0.11249999999999999,0.00047047873727754753,0.00010000000000000009,0.12499573299450122,1.013065243529255,90.19897212323134,0.18079584775086505,0.29498269896193774,1.1614214532871974,0.48402207121253016,0.9,26.666666666666668,0.0,20.0,False
env_odom_noise,0.11249999999999999,0.00047047873727754753,0.00020706272838739032,0.12499573348434588,1.0130695645100083,61.318416254257144,0.18771626297577854,0.3140138408304498,1.1354698961937717,0.4846940316259861,0.9,26.666666666666668,0.0,20.0,False
env_odom_noise,0.11249999999999999,0.00047047873727754753,0.0004287497348723022,0.12499573304268431,1.011718789397748,38.73571802625322,0.19602763385146804,0.3298791018998273,1.1112932642487046,0.48506538569927216,0.9,26.72222222222222,0.0,20.0,False
env_odom_noise,0.11249999999999999,0.00047047873727754753,0.0008877808989802905,0.12480202507158827,1.0060967439502733,23.4703814352732,0.2148972602739726,0.3647260273972603,1.0575767123287672,0.46586090996861457,0.9,27.0,0.0,20.0,False
env_odom_noise,0.11249999999999999,0.00047047873727754753,0.001838263351530691,0.12480202481934198,1.0019957259315233,14.580265447178721,0.24658703071672355,0.41638225255972694,0.9742307167235496,0.4646341480314732,0.85,26.41176470588235,0.0,20.0,False
env_odom_noise,0.11249999999999999,0.00047047873727754753,0.003806358250624933,0.12480202429091787,0.9958102044746572,9.86537094037327,0.28183361629881154,0.4864176570458404,0.8689487266553481,0.48303954154253004,0.85,26.58823529411765,0.0,20.0,False
env_odom_noise,0.11249999999999999,0.00047047873727754753,0.00788154924594252,0.1245610837906567,0.990361977125455,7.5560896643121245,0.3420168067226891,0.5571428571428572,0.7380403361344537,0.5011307582259178,0.75,25.333333333333332,0.0,20.0,False
env_odom_noise,0.11249999999999999,0.00047047873727754753,0.01631975090784437,0.12388422723838112,0.9795901491788539,6.497938886413934,0.4132231404958678,0.6272727272727273,0.5967041322314048,0.5551915176212787,0.7,25.071428571428573,0.0,20.0,False
env_odom_noise,0.11249999999999999,0.00047047873727754753,0.03379212149580846,0.12412313282890709,0.9707939319954021,6.203907885035011,0.4902439024390244,0.6617886178861788,0.4851674796747968,0.6829822458326816,0.7,25.785714285714285,0.0,20.0,False
env_odom_noise,0.11249999999999999,0.00047047873727754753,0.0699708887492028,0.12360833548497574,0.9405330691216243,6.028905005561259,0.5608424336973479,0.6825273010920437,0.3938302652106084,0.7748327448964119,0.55,24.545454545454547,0.0,20.0,False
env_odom_noise,0.11249999999999999,0.00047047873727754753,0.14488363132100487,0.12327248201400302,0.9262928236236849,6.129989851077213,0.5955993930197269,0.6911987860394537,0.3504018209408194,1.0477225072681904,0.5,24.9,0.0,20.0,False
env_odom_noise,0.11249999999999999,0.00047047873727754753,0.3,0.12255800140102902,0.9166278930224169,6.286539072361661,0.611441307578009,0.6946508172362555,0.3311078751857355,1.2767158970236778,0.5,26.3,0.0,20.0,False
env_odom_noise,0.11249999999999999,0.001020492932168466,0.00010000000000000009,0.12499573299450122,1.013065245686421,53.640443513837724,0.22491349480968859,0.3806228373702422,1.0316636678200692,0.48405609354376794,0.9,26.666666666666668,0.0,20.0,False
env_odom_noise,0.11249999999999999,0.001020492932168466,0.00020706272838739032,0.1249957330163793,1.0130775077705223,39.68193375835317,0.2292387543252595,0.3892733564013841,1.0186878892733564,0.48577947840094565,0.9,26.666666666666668,0.0,20.0,False
env_odom_noise,0.11249999999999999,0.001020492932168466,0.0004287497348723022,0.12499573303897725,1.0117522393484393,26.399257798649444,0.24093264248704663,0.4015544041450777,0.9947129533678757,0.4874974384903908,0.9,26.72222222222222,0.0,20.0,False
env_odom_noise,0.11249999999999999,0.001020492932168466,0.0008877808989802905,0.12480202526655876,1.0044524640449632,15.743571030578009,0.2623931623931624,0.43162393162393164,0.943182905982906,0.4566694043576717,0.85,26.352941176470587,0.0,20.0,False
env_odom_noise,0.11249999999999999,0.001020492932168466,0.001838263351530691,0.12480202436800694,1.0021006394640477,8.70566090157124,0.28498293515358364,0.4872013651877133,0.8650156996587031,0.4677154034376144,0.85,26.41176470588235,0.0,20.0,False
env_odom_noise,0.11249999999999999,0.001020492932168466,0.003806358250624933,0.12480202526589904,0.9959014538357095,4.61173309646691,0.3225806451612903,0.5534804753820034,0.7611388794567062,0.4859268479049206,0.85,26.58823529411765,0.0,20.0,False
env_odom_noise,0.11249999999999999,0.001020492932168466,0.00788154924594252,0.12456108518266747,0.9904237650834934,2.506824719364889,0.37899159663865545,0.6210084033613446,0.6372,0.5033205173909664,0.75,25.333333333333332,0.0,20.0,False
env_odom_noise,0.11249999999999999,0.001020492932168466,0.01631975090784437,0.12388422867431773,0.9796358898085484,1.5446781015360531,0.4487603305785124,0.6917355371900826,0.49670413223140497,0.5569487676024437,0.7,25.071428571428573,0.0,20.0,False
env_odom_noise,0.11249999999999999,0.001020492932168466,0.03379212149580846,0.12412313553719494,0.9708306312663939,1.2636634545121963,0.526829268292683,0.724390243902439,0.38598048780487804,0.6845332615077495,0.7,25.785714285714285,0.0,20.0,False
env_odom_noise,0.11249999999999999,0.001020492932168466,0.0699708887492028,0.12360833663558064,0.9405601990728217,1.2156363298394763,0.5951638065522621,0.7425897035881436,0.2994464898595943,0.7760226659476757,0.55,24.545454545454547,0.0,20.0,False
env_odom_noise,0.11249999999999999,0.001020492932168466,0.14488363132100487,0.12327248247343522,0.9263117740709258,1.3731075307750933,0.629742033383915,0.7503793626707133,0.25707860394537174,1.0484699428081512,0.5,24.9,0.0,20.0,False
env_odom_noise,0.11249999999999999,0.001020492932168466,0.3,0.12255800092233735,0.9166388444602606,1.6030506976137011,0.6463595839524517,0.7526002971768202,0.23824011887072805,1.2771115884184838,0.5,26.3,0.0,20.0,False
env_odom_noise,0.11249999999999999,0.0022135024223027535,0.00010000000000000009,0.12499573319069152,1.0116937838323163,28.071257152275578,0.2927461139896373,0.49222797927461137,0.8522259067357514,0.4819511525332928,0.9,26.72222222222222,0.0,20.0,False
env_odom_noise,0.11249999999999999,0.0022135024223027535,0.00020706272838739032,0.1249957332787973,1.0074905738215132,22.66805445226999,0.29948364888123924,0.4974182444061962,0.8402981067125646,0.4690915856510401,0.9,26.833333333333332,0.0,20.0,False
env_odom_noise,0.11249999999999999,0.0022135024223027535,0.0004287497348723022,0.12499573273155513,1.0061050294422,16.34388023865893,0.30670103092783507,0.5120274914089347,0.8184714776632303,0.48457171246409414,0.9,26.88888888888889,0.0,20.0,False
env_odom_noise,0.11249999999999999,0.0022135024223027535,0.0008877808989802905,0.12480202247460903,1.0046968807746062,10.162913123412528,0.32735042735042735,0.5427350427350427,0.7671145299145299,0.4637008659541607,0.85,26.352941176470587,0.0,20.0,False
env_odom_noise,0.11249999999999999,0.0022135024223027535,0.001838263351530691,0.12480202447297414,0.9993536298067586,5.3035797587257285,0.3424190800681431,0.5911413969335605,0.7036395229982964,0.46438826993107796,0.85,26.470588235294116,0.0,20.0,False
env_odom_noise,0.11249999999999999,0.0022135024223027535,0.003806358250624933,0.12480202380981255,0.9960884648146126,2.1093082212977476,0.37436332767402375,0.6528013582342954,0.6100353140916808,0.4920033045113087,0.85,26.58823529411765,0.0,20.0,False
env_odom_noise,0.11249999999999999,0.0022135024223027535,0.00788154924594252,0.12456108216268497,0.9905541449772324,0.30552911028034807,0.4319327731092437,0.7159663865546219,0.4893008403361344,0.5080013103783131,0.75,25.333333333333332,0.0,20.0,False
env_odom_noise,0.11249999999999999,0.0022135024223027535,0.01631975090784437,0.1238842256687224,0.9786176915757305,-0.5544224890525936,0.5,0.7805280528052805,0.3566719471947195,0.5569860845804214,0.7,25.142857142857142,0.0,20.0,False
env_odom_noise,0.11249999999999999,0.0022135024223027535,0.03379212149580846,0.12380225952753034,0.9663273989532953,-0.8290701084205118,0.5792880258899676,0.8147249190938511,0.2431870550161812,0.6655506700277328,0.7,26.0,0.0,20.0,False
env_odom_noise,0.11249999999999999,0.0022135024223027535,0.0699708887492028,0.12360833876191776,0.9406185430074061,-0.8072845502082873,0.6450858034321373,0.8299531981279251,0.1621609984399376,0.7785982176661491,0.55,24.545454545454547,0.0,20.0,False
env_odom_noise,0.11249999999999999,0.0022135024223027535,0.14488363132100487,0.1232724837010433,0.9263529450182243,-0.6247762232761813,0.6783004552352049,0.8399089529590288,0.11899059180576632,1.0500899203121663,0.5,24.9,0.0,20.0,False
env_odom_noise,0.11249999999999999,0.0022135024223027535,0.3,0.12255800112432183,0.9166623900055625,-0.36225253591956297,0.6946508172362555,0.8424962852897474,0.12395453194650818,1.277968241274357,0.5,26.3,0.0,20.0,False
env_odom_noise,0.11249999999999999,0.004801202261272809,0.00010000000000000009,0.1245821267633906,1.0060434696925427,12.611185006489988,0.39948892674616693,0.6252129471890971,0.612498126064736,0.4642493225634098,0.85,26.470588235294116,0.0,20.0,False
env_odom_noise,0.11249999999999999,0.004801202261272809,0.00020706272838739032,0.12458212831783237,1.0032392831738446,10.914293329367155,0.4013605442176871,0.6343537414965986,0.6014857142857143,0.45598413050174713,0.85,26.529411764705884,0.0,20.0,False
env_odom_noise,0.11249999999999999,0.004801202261272809,0.0004287497348723022,0.12458212598126499,1.0033710805523124,8.519879871505134,0.40901360544217685,0.6488095238095238,0.5793768707482994,0.4624939039349556,0.85,26.529411764705884,0.0,20.0,False
env_odom_noise,0.11249999999999999,0.004801202261272809,0.0008877808989802905,0.12458212766894963,1.0006222266994744,5.656785473670055,0.42105263157894735,0.6706281833616299,0.5455191850594228,0.46450952216982844,0.85,26.58823529411765,0.0,20.0,False
env_odom_noise,0.11249999999999999,0.004801202261272809,0.001838263351530691,0.12458212827021367,0.9991392947273828,2.9084455744967017,0.4330508474576271,0.7076271186440678,0.49652203389830507,0.47297190874814987,0.8,25.875,0.0,20.0,False
env_odom_noise,0.11249999999999999,0.004801202261272809,0.003806358250624933,0.12434439596228407,0.997725153320519,0.7372763309524419,0.4629005059021922,0.7571669477234402,0.4171325463743676,0.47375869676470755,0.75,25.2,0.0,20.0,False
env_odom_noise,0.11249999999999999,0.004801202261272809,0.00788154924594252,0.12397520571602319,0.9910839626764996,-0.6470336123547654,0.5208333333333334,0.8133333333333334,0.30303333333333327,0.5293815225362778,0.75,25.666666666666668,0.0,20.0,False
env_odom_noise,0.11249999999999999,0.004801202261272809,0.01631975090784437,0.12383276538592311,0.9785659059366653,-1.3539372118906856,0.5811475409836065,0.8704918032786885,0.18556065573770497,0.5589812085032463,0.7,25.428571428571427,0.0,20.0,False
env_odom_noise,0.11249999999999999,0.004801202261272809,0.03379212149580846,0.12325561330154436,0.96391420602525,-1.603469828252743,0.6594551282051282,0.9046474358974359,0.07309743589743589,0.6457074344158172,0.65,25.46153846153846,0.0,20.0,False
env_odom_noise,0.11249999999999999,0.004801202261272809,0.0699708887492028,0.12340872197174146,0.9402886947929273,-1.548608662900303,0.718944099378882,0.9177018633540373,0.07304223602484483,0.8021916799247265,0.55,24.818181818181817,0.0,20.0,False
env_odom_noise,0.11249999999999999,0.004801202261272809,0.14488363132100487,0.12307956228844816,0.9256070715468472,-1.3576419188927842,0.7522658610271903,0.9274924471299094,0.09657341389728091,1.0665644839406014,0.5,25.2,0.0,20.0,False
env_odom_noise,0.11249999999999999,0.004801202261272809,0.3,0.12201948448351937,0.9121908837734065,-1.0728799503320805,0.7693997071742313,0.9297218155197657,0.11147789165446564,1.2558775134384632,0.45,26.0,0.0,20.0,False
env_odom_noise,0.11249999999999999,0.010414058246057912,0.00010000000000000009,0.12429522638705694,1.0014224743642413,4.550055422828092,0.5143581081081081,0.7423986486486487,0.3804432432432432,0.49694190695881846,0.8,26.0,0.0,20.0,False
env_odom_noise,0.11249999999999999,0.010414058246057912,0.00020706272838739032,0.12429522564914272,1.001472046213886,4.112311132930931,0.518581081081081,0.7466216216216216,0.37199729729729736,0.4997969031333923,0.8,26.0,0.0,20.0,False
env_odom_noise,0.11249999999999999,0.010414058246057912,0.0004287497348723022,0.12429522465555733,1.0015715213941945,3.3821128286172097,0.5219594594594594,0.7525337837837838,0.3627067567567568,0.5055363498628139,0.8,26.0,0.0,20.0,False
env_odom_noise,0.11249999999999999,0.010414058246057912,0.0008877808989802905,0.12429522572709854,1.0017656841122387,2.3307474598868776,0.5253378378378378,0.7702702702702703,0.3415918918918919,0.5168284967541694,0.8,26.0,0.0,20.0,False
env_odom_noise,0.11249999999999999,0.010414058246057912,0.001838263351530691,0.12415995488966527,1.000444028935673,1.073131205768631,0.5462962962962963,0.7946127946127947,0.29629090909090905,0.5201983794569969,0.75,25.266666666666666,0.0,20.0,False
env_odom_noise,0.11249999999999999,0.010414058246057912,0.003806358250624933,0.12400507449543402,0.9982515558828363,-0.1262982267482268,0.5770519262981575,0.8299832495812395,0.23016482412060302,0.5420110739767552,0.75,25.466666666666665,0.0,20.0,False
env_odom_noise,0.11249999999999999,0.010414058246057912,0.00788154924594252,0.1240605950602802,0.9921384846287115,-1.039012139188147,0.6175496688741722,0.8874172185430463,0.13223311258278148,0.5689774848520756,0.7,25.0,0.0,20.0,False
env_odom_noise,0.11249999999999999,0.010414058246057912,0.01631975090784437,0.12354145376923101,0.9744323593432492,-1.5662240276168902,0.6780487804878049,0.9349593495934959,0.02419186991869915,0.588075552880764,0.65,24.76923076923077,0.0,20.0,False
env_odom_noise,0.11249999999999999,0.010414058246057912,0.03379212149580846,0.12308159388561359,0.9652075785292905,-1.7524794182782228,0.7507987220447284,0.9600638977635783,0.07366261980830668,0.7059712685644627,0.65,25.615384615384617,0.0,20.0,False
env_odom_noise,0.11249999999999999,0.010414058246057912,0.0699708887492028,0.12310461474301872,0.9365189116121375,-1.69176553606319,0.8073959938366718,0.9722650231124808,0.14246101694915259,0.8430135890841484,0.55,25.272727272727273,0.0,20.0,False
env_odom_noise,0.11249999999999999,0.010414058246057912,0.14488363132100487,0.12265915451230514,0.9246562568906018,-1.4954612722193772,0.8408408408408409,0.9804804804804805,0.18412132132132142,1.1196980513632298,0.5,25.6,0.0,20.0,False
env_odom_noise,0.11249999999999999,0.010414058246057912,0.3,0.12193907488341917,0.9110779776608409,-1.2083622407201084,0.8561046511627907,0.9811046511627907,0.20000930232558134,1.2977517269551755,0.45,26.555555555555557,0.0,20.0,False
env_odom_noise,0.11249999999999999,0.02258863577297737,0.00010000000000000009,0.12427338402251509,1.0013961955032273,0.8462182269860171,0.6414309484193012,0.8252911813643927,0.17047787021630612,0.5593761697411537,0.65,23.692307692307693,0.0,20.0,False
env_odom_noise,0.11249999999999999,0.02258863577297737,0.00020706272838739032,0.12427338518652942,1.0014283781904414,0.7458650257853652,0.6430948419301165,0.826955074875208,0.1671500831946755,0.5613213568925858,0.65,23.692307692307693,0.0,20.0,False
env_odom_noise,0.11249999999999999,0.02258863577297737,0.0004287497348723022,0.1242733840316359,1.001494208482807,0.5611371160876966,0.6439267886855241,0.831946755407654,0.16132645590682193,0.5652865588665008,0.65,23.692307692307693,0.0,20.0,False
env_odom_noise,0.11249999999999999,0.02258863577297737,0.0008877808989802905,0.12427338420077835,0.9917206545210434,0.23396978361590126,0.6504132231404959,0.8396694214876033,0.14711735537190085,0.5318743526935578,0.65,24.0,0.0,20.0,False
env_odom_noise,0.11249999999999999,0.02258863577297737,0.001838263351530691,0.12427338468520539,0.9885844564992402,-0.20541686213241733,0.6672158154859967,0.8533772652388797,0.11660691927512357,0.5459819987416268,0.65,24.153846153846153,0.0,20.0,False
env_odom_noise,0.11249999999999999,0.02258863577297737,0.003806358250624933,0.12427338395015257,0.9854448246035,-0.7170037608315362,0.6868852459016394,0.889344262295082,0.06934098360655738,0.5740120440721512,0.65,24.384615384615383,0.0,20.0,False
env_odom_noise,0.11249999999999999,0.02258863577297737,0.00788154924594252,0.12415951254799167,0.9861989967297593,-1.1877260420324216,0.7201309328968903,0.9296235679214403,0.062307364975450086,0.6323019877076149,0.65,24.46153846153846,0.0,20.0,False
env_odom_noise,0.11249999999999999,0.02258863577297737,0.01631975090784437,0.12394829800853517,0.970631429293933,-1.5097786699455256,0.7692926045016077,0.9606109324758842,0.09270353697749201,0.6635826677083969,0.65,25.307692307692307,0.0,20.0,False
env_odom_noise,0.11249999999999999,0.02258863577297737,0.03379212149580846,0.1235013601392115,0.9596114280974452,-1.6230199644283494,0.8383280757097792,0.9810725552050473,0.18220063091482652,0.7503368742763996,0.55,23.90909090909091,0.0,20.0,False
env_odom_noise,0.11249999999999999,0.02258863577297737,0.0699708887492028,0.12331216770294784,0.9304424096095973,-1.5422001744387428,0.8877862595419848,0.9908396946564886,0.24142595419847335,0.9281835116446018,0.5,24.5,0.0,20.0,False
env_odom_noise,0.11249999999999999,0.02258863577297737,0.14488363132100487,0.12272055338964222,0.9205693871628178,-1.3525461152178515,0.9196428571428571,0.9977678571428571,0.2802107142857142,1.196531642228365,0.5,26.2,0.0,20.0,False
env_odom_noise,0.11249999999999999,0.02258863577297737,0.3,0.12208851481596436,0.9234794867709397,-1.0437615185964177,0.9349070100143062,0.9978540772532188,0.29556108726752506,1.401566145569086,0.4,26.375,0.0,20.0,False
env_odom_noise,0.11249999999999999,0.04899592973540154,0.00010000000000000009,0.1239682875594372,0.9884054495021983,-0.5590189900900749,0.751219512195122,0.8878048780487805,0.1352146341463415,0.7025712825357914,0.65,24.76923076923077,0.0,20.0,False
env_odom_noise,0.11249999999999999,0.04899592973540154,0.00020706272838739032,0.12396828741171184,0.9884239027901605,-0.5799121615894747,0.7520325203252033,0.8886178861788618,0.1352146341463415,0.6953084215521812,0.6,23.583333333333332,0.0,20.0,False
env_odom_noise,0.11249999999999999,0.04899592973540154,0.0004287497348723022,0.12396828986797488,0.9884621121656035,-0.6204298459731425,0.7528455284552845,0.8926829268292683,0.13196260162601625,0.6989383272826671,0.6,23.583333333333332,0.0,20.0,False
env_odom_noise,0.11249999999999999,0.04899592973540154,0.0008877808989802905,0.1239682857823084,0.9885415657896914,-0.6943133332182202,0.7569105691056911,0.8991869918699187,0.12952357723577246,0.7063501626253128,0.6,23.583333333333332,0.0,20.0,False
env_odom_noise,0.11249999999999999,0.04899592973540154,0.001838263351530691,0.1239682896404167,0.9887076910249262,-0.8153343576767365,0.767479674796748,0.9105691056910569,0.12871056910569112,0.7213193438947201,0.6,23.583333333333332,0.0,20.0,False
env_odom_noise,0.11249999999999999,0.04899592973540154,0.003806358250624933,0.1239682905338689,0.9869784493618738,-0.9841444902000142,0.7784090909090909,0.9285714285714286,0.12163766233766238,0.7409796275198459,0.6,23.666666666666668,0.0,20.0,False
env_odom_noise,0.11249999999999999,0.04899592973540154,0.00788154924594252,0.12380301829304871,0.9713363850124764,-1.1815183747159317,0.8048,0.948,0.12860000000000005,0.7276084333658218,0.6,24.416666666666668,0.0,20.0,False
env_odom_noise,0.11249999999999999,0.04899592973540154,0.01631975090784437,0.12376040474046333,0.9627300394112375,-1.316406969054343,0.840729001584786,0.9722662440570523,0.17579524564183835,0.7991504050791264,0.6,24.916666666666668,0.0,20.0,False
env_odom_noise,0.11249999999999999,0.04899592973540154,0.03379212149580846,0.12327836691492229,0.9465647000114369,-1.3582402369871314,0.901702786377709,0.9845201238390093,0.2490229102167183,0.8749656070023775,0.55,25.0,0.0,20.0,False
env_odom_noise,0.11249999999999999,0.04899592973540154,0.0699708887492028,0.12282925297670588,0.9312374107252605,-1.2699445887596592,0.9457013574660633,0.9917043740573153,0.3002057315233786,1.0731368005275725,0.5,25.3,0.0,20.0,False
env_odom_noise,0.11249999999999999,0.04899592973540154,0.14488363132100487,0.12208486990657913,0.9152070727075368,-1.06497637880776,0.9678832116788321,0.9978102189781022,0.32849343065693426,1.3236611872911452,0.45,26.22222222222222,0.0,20.0,False
env_odom_noise,0.11249999999999999,0.04899592973540154,0.3,0.12199733530982507,0.9169123599322054,-0.7648779179292479,0.9816643159379408,0.9978843441466855,0.3423486600846263,1.5222147673368454,0.4,27.625,0.0,20.0,False
env_odom_noise,0.11249999999999999,0.10627472835292812,0.00010000000000000009,0.12400857881963845,0.9674785168598188,-0.8653648757511253,0.8280757097791798,0.9550473186119873,0.1459230283911671,0.922293271124363,0.55,23.90909090909091,0.0,20.0,False
env_odom_noise,0.11249999999999999,0.10627472835292812,0.00020706272838739032,0.12400858229744387,0.9674955552374742,-0.8686334708146748,0.8288643533123028,0.9550473186119873,0.14671167192429013,0.9237393878400326,0.55,23.90909090909091,0.0,20.0,False
env_odom_noise,0.11249999999999999,0.10627472835292812,0.0004287497348723022,0.12361220104401326,0.9627913453778735,-0.8810928773598687,0.8304552590266876,0.9560439560439561,0.1492992150706437,0.8986552760004998,0.55,24.181818181818183,0.0,20.0,False
env_odom_noise,0.11249999999999999,0.10627472835292812,0.0008877808989802905,0.12361220087050538,0.9628736305081993,-0.8934338291662464,0.8328100470957613,0.956828885400314,0.15243893249607532,0.9049284033477306,0.55,24.181818181818183,0.0,20.0,False
env_odom_noise,0.11249999999999999,0.10627472835292812,0.001838263351530691,0.12326111831898268,0.960799217904048,-0.9209685989561386,0.83671875,0.9640625,0.16358125,0.9119536124169827,0.55,24.454545454545453,0.0,20.0,False
env_odom_noise,0.11249999999999999,0.10627472835292812,0.003806358250624933,0.12326111951454538,0.9611739214726828,-0.9539449581930267,0.84453125,0.96796875,0.1753,0.9370457798242569,0.55,24.454545454545453,0.0,20.0,False
env_odom_noise,0.11249999999999999,0.10627472835292812,0.00788154924594252,0.12367427267780587,0.9597546134200496,-0.9933550888964279,0.8634945397815913,0.9742589703588144,0.20055351014040568,0.9707335598766804,0.55,24.545454545454547,0.0,20.0,False
env_odom_noise,0.11249999999999999,0.10627472835292812,0.01631975090784437,0.12342646443412617,0.9487604471266844,-1.0254457392365786,0.89,0.9846153846153847,0.2374153846153847,1.0187702231109141,0.55,25.363636363636363,0.0,20.0,False
env_odom_noise,0.11249999999999999,0.10627472835292812,0.03379212149580846,0.12316409740404637,0.9340215302825892,-1.0036384585954432,0.9336349924585219,0.9909502262443439,0.2873852187028658,1.1099861077964306,0.55,26.545454545454547,0.0,20.0,False
env_odom_noise,0.11249999999999999,0.10627472835292812,0.0699708887492028,0.12218688934225509,0.9352476452305732,-0.9151437743037582,0.9591988130563798,0.9925816023738873,0.31458041543026705,1.3300426080822945,0.5,26.4,0.0,20.0,False
env_odom_noise,0.11249999999999999,0.10627472835292812,0.14488363132100487,0.12171695668433076,0.9211256306137812,-0.6889358494022342,0.9801980198019802,0.9978783592644979,0.34087637906647805,1.5580713137984277,0.4,27.375,0.0,20.0,False
env_odom_noise,0.11249999999999999,0.10627472835292812,0.3,0.12211249122169186,0.9260271634022047,-0.44809006201071044,0.9916201117318436,0.9979050279329609,0.3523251396648045,1.7273438453674317,0.35,27.0,0.0,20.0,False
env_odom_noise,0.11249999999999999,0.23051543153651136,0.00010000000000000009,0.12355347274849256,0.940292804163645,-0.6359900323708232,0.8962406015037594,0.9857142857142858,0.24475488721804517,1.337007148563862,0.55,26.727272727272727,0.0,20.0,False
env_odom_noise,0.11249999999999999,0.23051543153651136,0.00020706272838739032,0.12355346990888266,0.9403113167081948,-0.6360479210874056,0.8962406015037594,0.9857142857142858,0.24475488721804517,1.3383082933723927,0.55,26.727272727272727,0.0,20.0,False
env_odom_noise,0.11249999999999999,0.23051543153651136,0.0004287497348723022,0.12355347120984946,0.9378025329156593,-0.6373705895468472,0.8963963963963963,0.9864864864864865,0.24568288288288287,1.335767538845539,0.55,26.818181818181817,0.0,20.0,False
env_odom_noise,0.11249999999999999,0.23051543153651136,0.0008877808989802905,0.12355347173927973,0.9344474727801739,-0.6384560572590622,0.8976083707025411,0.9872944693572496,0.2477028400597907,1.3252484638243913,0.55,27.09090909090909,0.0,20.0,False
env_odom_noise,0.11249999999999999,0.23051543153651136,0.001838263351530691,0.12355347126366767,0.9346209050280738,-0.6383458887697505,0.9013452914798207,0.9872944693572496,0.2514397608370703,1.3364601582288742,0.55,27.09090909090909,0.0,20.0,False
env_odom_noise,0.11249999999999999,0.23051543153651136,0.003806358250624933,0.12297488351305601,0.9349782052226565,-0.6407061601458869,0.9047619047619048,0.9873511904761905,0.25491309523809524,1.3363614797592163,0.55,27.363636363636363,0.0,20.0,False
env_odom_noise,0.11249999999999999,0.23051543153651136,0.00788154924594252,0.12262335818618146,0.9297572672105506,-0.6398663592373757,0.9172821270310192,0.9881831610044313,0.26826528803545047,1.343739130347967,0.55,27.818181818181817,0.0,20.0,False
env_odom_noise,0.11249999999999999,0.23051543153651136,0.01631975090784437,0.12250299627816512,0.9274780435784268,-0.6237891896523299,0.9317180616740088,0.9911894273127754,0.2857074889867842,1.4074572503566742,0.55,28.181818181818183,0.0,20.0,False
env_odom_noise,0.11249999999999999,0.23051543153651136,0.03379212149580846,0.12186647353873456,0.915503646510714,-0.5769686331855236,0.948051948051948,0.9920634920634921,0.30291544011544014,1.4943463042378426,0.45,27.11111111111111,0.0,20.0,False
env_odom_noise,0.11249999999999999,0.23051543153651136,0.0699708887492028,0.12185223162518029,0.919973704764432,-0.4592425201473573,0.9713286713286713,0.9944055944055944,0.3285342657342657,1.706577432155609,0.4,28.375,0.0,20.0,False
env_odom_noise,0.11249999999999999,0.23051543153651136,0.14488363132100487,0.12201037598689898,0.9206324681064422,-0.29914064799198914,0.9869325997248969,0.9979367262723521,0.347669325997249,1.8883750550448895,0.35,28.571428571428573,0.0,20.0,False
env_odom_noise,0.11249999999999999,0.23051543153651136,0.3,0.12235000191446918,0.9242222555624291,-0.07669230201214329,0.9924965893587995,0.9986357435197817,0.35393233287858117,2.0382720977067947,0.35,29.428571428571427,0.0,20.0,False
env_odom_noise,0.11249999999999999,0.5,0.00010000000000000009,0.12205511582006995,0.9135118098671049,-0.1526168567167292,0.951856946354883,0.9931224209078404,0.3077793672627235,2.0016540911048653,0.4,29.875,0.0,20.0,False
env_odom_noise,0.11249999999999999,0.5,0.00020706272838739032,0.12205511524639108,0.913529800044492,-0.15229918402026063,0.951856946354883,0.9931224209078404,0.3077793672627235,2.00270768776536,0.4,29.875,0.0,20.0,False
env_odom_noise,0.11249999999999999,0.5,0.0004287497348723022,0.12205511455539116,0.9135671820260614,-0.15164130405837442,0.951856946354883,0.9931224209078404,0.3077793672627235,2.0048869967460634,0.4,29.875,0.0,20.0,False
env_odom_noise,0.11249999999999999,0.5,0.0008877808989802905,0.12205511305033724,0.9119010275452244,-0.15095085991605445,0.9526098901098901,0.9931318681318682,0.3085417582417582,2.002709623798728,0.4,30.0,0.0,20.0,False
env_odom_noise,0.11249999999999999,0.5,0.001838263351530691,0.1220551164457013,0.9120605273867368,-0.14813285065161075,0.9546703296703297,0.9931318681318682,0.3106021978021979,2.01202105358243,0.4,30.0,0.0,20.0,False
env_odom_noise,0.11249999999999999,0.5,0.003806358250624933,0.12198536763494149,0.9123884528212625,-0.1430514187301962,0.9567901234567902,0.9931412894375857,0.3127314128943759,2.0248773619532585,0.4,30.125,0.0,20.0,False
env_odom_noise,0.11249999999999999,0.5,0.00788154924594252,0.12198536614494525,0.9191096261683106,-0.11856127708664178,0.9552845528455285,0.9932249322493225,0.311309485094851,2.0780778910964726,0.35,30.142857142857142,0.0,20.0,False
env_odom_noise,0.11249999999999999,0.5,0.01631975090784437,0.12186146655922289,0.9149899039722904,-0.10084516633394719,0.9617962466487936,0.9939678284182306,0.3185640750670242,2.0955292634665965,0.35,31.285714285714285,0.0,20.0,False
env_odom_noise,0.11249999999999999,0.5,0.03379212149580846,0.12248482030447695,0.9130800883277802,-0.05908107581632405,0.9747675962815405,0.9953519256308101,0.33291952191235064,2.189640377741307,0.35,32.285714285714285,0.0,20.0,False
env_odom_noise,0.11249999999999999,0.5,0.0699708887492028,0.12244228556412128,0.9157694827901017,0.022784665252016556,0.9841479524438573,0.9966974900924703,0.34364544253632767,2.3485660988837482,0.3,31.833333333333332,0.0,20.0,False
env_odom_noise,0.11249999999999999,0.5,0.14488363132100487,0.1225703232811912,0.9126742287338923,0.15451293450677947,0.9914921465968587,0.9986910994764397,0.35298324607329845,2.4573363859206436,0.3,33.0,0.0,20.0,False
env_odom_noise,0.11249999999999999,0.5,0.3,0.12257032331983866,0.9116538381905305,0.35026579781822875,0.9934725848563969,0.9986945169712794,0.3549671018276763,2.54085685685277,0.3,33.333333333333336,0.0,20.0,False
env_odom_noise,0.15,0.00010000000000000009,0.00010000000000000009,0.12480202525382586,1.1344246753564053,305.54829110233135,0.11101694915254237,0.17203389830508475,1.354149152542373,0.49293935522437093,0.9,27.333333333333332,0.0,20.0,False
env_odom_noise,0.15,0.00010000000000000009,0.00020706272838739032,0.12480202527540527,1.1344250878574074,186.0925766506278,0.11694915254237288,0.17966101694915254,1.3405898305084745,0.4929896630346775,0.9,27.333333333333332,0.0,20.0,False
env_odom_noise,0.15,0.00010000000000000009,0.0004287497348723022,0.1248020236982487,1.1344669392470812,116.28074749293505,0.1288135593220339,0.20508474576271185,1.3033016949152543,0.4953360088169575,0.9,27.333333333333332,0.0,20.0,False
env_odom_noise,0.15,0.00010000000000000009,0.0008877808989802905,0.12480202484880949,1.134697423082229,78.77006126528214,0.13898305084745763,0.2440677966101695,1.254149152542373,0.49557731971144675,0.85,26.647058823529413,0.0,20.0,False
env_odom_noise,0.15,0.00010000000000000009,0.001838263351530691,0.1248020248925419,1.1352670801584654,59.707617037025294,0.16440677966101694,0.28728813559322036,1.1855050847457629,0.5166501730680466,0.85,26.647058823529413,0.0,20.0,False
env_odom_noise,0.15,0.00010000000000000009,0.003806358250624933,0.1243444094546775,1.132541333114342,50.09641020936951,0.2042016806722689,0.34705882352941175,1.0859394957983193,0.5201702393591404,0.75,25.333333333333332,0.0,20.0,False
env_odom_noise,0.15,0.00010000000000000009,0.00788154924594252,0.12418780939109376,1.1301890234991392,45.5224028166988,0.24832775919732442,0.4180602006688963,0.9708120401337792,0.5494447603821755,0.75,25.533333333333335,0.0,20.0,False
env_odom_noise,0.15,0.00010000000000000009,0.01631975090784437,0.12379115582649117,1.1100383516650698,43.093998161449505,0.3125,0.5008116883116883,0.8238883116883117,0.5528918910771609,0.65,24.846153846153847,0.0,20.0,False
env_odom_noise,0.15,0.00010000000000000009,0.03379212149580846,0.1238624057304858,1.1037246940892136,42.22066327388285,0.38263665594855306,0.5594855305466238,0.6950778135048232,0.6834850333631038,0.65,25.307692307692307,0.0,20.0,False
env_odom_noise,0.15,0.00010000000000000009,0.0699708887492028,0.12347390693102131,1.08281304993996,41.14343394832943,0.4703588143525741,0.5889235569422777,0.5779176287051482,0.8124884195625782,0.5,23.1,0.0,20.0,False
env_odom_noise,0.15,0.00010000000000000009,0.14488363132100487,0.1232724840479485,1.0612512295238485,40.50779737510644,0.5279456193353474,0.6064954682779456,0.5027589123867069,1.0577024444937706,0.5,25.2,0.0,20.0,False
env_odom_noise,0.15,0.00010000000000000009,0.3,0.1222134086707691,1.0591575385793222,40.2467100760496,0.5517751479289941,0.6116863905325444,0.47373846153846155,1.2663364261388779,0.45,25.22222222222222,0.0,20.0,False
env_odom_noise,0.15,0.00021690521830457365,0.00010000000000000009,0.12480202525382586,1.1344246753564053,227.39694867764769,0.13050847457627118,0.20508474576271185,1.3016067796610171,0.49293935522437093,0.9,27.333333333333332,0.0,20.0,False
env_odom_noise,0.15,0.00021690521830457365,0.00020706272838739032,0.12480202504792895,1.134425515440564,141.96686047226467,0.13983050847457626,0.21610169491525424,1.2812677966101695,0.49300371408462523,0.9,27.333333333333332,0.0,20.0,False
env_odom_noise,0.15,0.00021690521830457365,0.0004287497348723022,0.1248020242475474,1.1344712760211972,85.33725633894501,0.14915254237288136,0.24067796610169492,1.2473694915254239,0.4955949239432812,0.9,27.333333333333332,0.0,20.0,False
env_odom_noise,0.15,0.00021690521830457365,0.0008877808989802905,0.12480202568805882,1.134715751429968,52.111502309721075,0.1576271186440678,0.2754237288135593,1.2041491525423729,0.49606541693210604,0.85,26.647058823529413,0.0,20.0,False
env_odom_noise,0.15,0.00021690521830457365,0.001838263351530691,0.12480202596102083,1.1352875247208687,34.26429549706999,0.1847457627118644,0.3177966101694915,1.1346576271186442,0.5171740911900997,0.85,26.647058823529413,0.0,20.0,False
env_odom_noise,0.15,0.00021690521830457365,0.003806358250624933,0.12434440870023515,1.132566101342736,25.089994258438907,0.2235294117647059,0.37815126050420167,1.0355193277310923,0.5207155607640743,0.75,25.333333333333332,0.0,20.0,False
env_odom_noise,0.15,0.00021690521830457365,0.00788154924594252,0.12418780753276912,1.1302070279145933,20.689537958179606,0.2683946488294314,0.44732441471571904,0.9214809364548495,0.5498785227537155,0.75,25.533333333333335,0.0,20.0,False
env_odom_noise,0.15,0.00021690521830457365,0.01631975090784437,0.12379115801799016,1.1100521261304697,18.52683155958004,0.3327922077922078,0.5300324675324676,0.7743753246753247,0.5532219342887401,0.65,24.846153846153847,0.0,20.0,False
env_odom_noise,0.15,0.00021690521830457365,0.03379212149580846,0.12386240676568976,1.1037350186791106,17.709627022640205,0.40273311897106107,0.5892282958199357,0.6452385852090032,0.6837333761155605,0.65,25.307692307692307,0.0,20.0,False
env_odom_noise,0.15,0.00021690521830457365,0.0699708887492028,0.12347390390016244,1.0828208494518468,17.12531581342913,0.48985959438377535,0.6177847113884556,0.529555694227769,0.8127202272415162,0.5,23.1,0.0,20.0,False
env_odom_noise,0.15,0.00021690521830457365,0.14488363132100487,0.12327248265268384,1.061256446774286,16.896740863206123,0.547583081570997,0.6351963746223565,0.45442054380664654,1.057857757806778,0.5,25.2,0.0,20.0,False
env_odom_noise,0.15,0.00021690521830457365,0.3,0.12221341100640024,1.0591605996905789,16.88860962675846,0.5724852071005917,0.6405325443786982,0.42418224852071007,1.266418682038784,0.45,25.22222222222222,0.0,20.0,False
env_odom_noise,0.15,0.00047047873727754753,0.00010000000000000009,0.12480202525382586,1.1344246753564053,155.9262173303533,0.1652542372881356,0.26440677966101694,1.2075389830508474,0.49293935522437093,0.9,27.333333333333332,0.0,20.0,False
env_odom_noise,0.15,0.00047047873727754753,0.00020706272838739032,0.1248020257557562,1.1344265555827628,104.69114744094409,0.1694915254237288,0.2745762711864407,1.1931322033898306,0.4930818475782871,0.9,27.333333333333332,0.0,20.0,False
env_odom_noise,0.15,0.00047047873727754753,0.0004287497348723022,0.12480202515556944,1.1344833925186475,64.59235626011677,0.17711864406779662,0.3,1.1600813559322034,0.49624958261847496,0.9,27.333333333333332,0.0,20.0,False
env_odom_noise,0.15,0.00047047873727754753,0.0008877808989802905,0.1248020254989062,1.1347544557645173,37.84424878176855,0.1864406779661017,0.3347457627118644,1.116013559322034,0.49710584729909896,0.85,26.647058823529413,0.0,20.0,False
env_odom_noise,0.15,0.00047047873727754753,0.001838263351530691,0.12480202467939283,1.1353308007476224,22.118362203129937,0.21271186440677967,0.3771186440677966,1.0473694915254237,0.5182986572384835,0.85,26.647058823529413,0.0,20.0,False
env_odom_noise,0.15,0.00047047873727754753,0.003806358250624933,0.12434440912208218,1.1326192561300463,13.606222918720977,0.25126050420168067,0.4327731092436975,0.9531663865546218,0.521887382119894,0.75,25.333333333333332,0.0,20.0,False
env_odom_noise,0.15,0.00047047873727754753,0.00788154924594252,0.12418781027392069,1.130245481457162,9.404757805783305,0.2968227424749164,0.5016722408026756,0.8387050167224079,0.5508145779371262,0.75,25.533333333333335,0.0,20.0,False
env_odom_noise,0.15,0.00047047873727754753,0.01631975090784437,0.1237911576929964,1.1100819372311113,7.391972415681694,0.3587662337662338,0.5836038961038961,0.6948298701298701,0.5539370816200971,0.65,24.846153846153847,0.0,20.0,False
env_odom_noise,0.15,0.00047047873727754753,0.03379212149580846,0.12386240696331248,1.1037574832548567,6.606603849079947,0.4284565916398714,0.6414790996784566,0.567264308681672,0.6842723987996578,0.65,25.307692307692307,0.0,20.0,False
env_odom_noise,0.15,0.00047047873727754753,0.0699708887492028,0.1234739046520894,1.0828378292227279,6.248133989415882,0.516380655226209,0.6708268330733229,0.44999251170046806,0.8132229313254357,0.5,23.1,0.0,20.0,False
env_odom_noise,0.15,0.00047047873727754753,0.14488363132100487,0.12327248259544288,1.061267968590845,6.20496001774258,0.573262839879154,0.6865558912386707,0.37738126888217527,1.0581939682364463,0.5,25.2,0.0,20.0,False
env_odom_noise,0.15,0.00047047873727754753,0.3,0.12221340962067329,1.0591673300969089,6.314350397455088,0.599112426035503,0.6930473372781065,0.3450402366863905,1.2665971249341965,0.45,25.22222222222222,0.0,20.0,False
env_odom_noise,0.15,0.001020492932168466,0.00010000000000000009,0.12480202525382586,1.1344244679000617,95.58570131890812,0.20847457627118643,0.3474576271186441,1.0812677966101694,0.49293663427233697,0.9,27.333333333333332,0.0,20.0,False
env_odom_noise,0.15,0.001020492932168466,0.00020706272838739032,0.12480202472146822,1.134434937507157,70.68391887748784,0.211864406779661,0.35677966101694913,1.06855593220339,0.49356972202658655,0.9,27.333333333333332,0.0,20.0,False
env_odom_noise,0.15,0.001020492932168466,0.0004287497348723022,0.12480202504055093,1.134527598933205,46.94402307653051,0.21694915254237288,0.3805084745762712,1.039742372881356,0.4885737232863903,0.85,26.647058823529413,0.0,20.0,False
env_odom_noise,0.15,0.001020492932168466,0.0008877808989802905,0.12480202577917311,1.1348612583310687,28.209260292060232,0.2305084745762712,0.40847457627118644,0.9982169491525423,0.49966819360852244,0.85,26.647058823529413,0.0,20.0,False
env_odom_noise,0.15,0.001020492932168466,0.001838263351530691,0.12480202525103677,1.1354666956215476,15.654280519180222,0.2542372881355932,0.4457627118644068,0.9371999999999999,0.521346140652895,0.85,26.647058823529413,0.0,20.0,False
env_odom_noise,0.15,0.001020492932168466,0.003806358250624933,0.12434440838677294,1.132731020776612,8.214956616367822,0.28991596638655465,0.49831932773109244,0.8489647058823528,0.5243788056075573,0.75,25.333333333333332,0.0,20.0,False
env_odom_noise,0.15,0.001020492932168466,0.00788154924594252,0.1241878104244874,1.1303278953654818,4.3287434891464045,0.33444816053511706,0.5668896321070234,0.7358622073578596,0.5528266787528991,0.75,25.533333333333335,0.0,20.0,False
env_odom_noise,0.15,0.001020492932168466,0.01631975090784437,0.12379115734832075,1.1101461003186028,2.4413046161193908,0.3944805194805195,0.6469155844155844,0.5958038961038961,0.5554822120815516,0.65,24.846153846153847,0.0,20.0,False
env_odom_noise,0.15,0.001020492932168466,0.03379212149580846,0.1238624071286916,1.103806202752592,1.6836579540856889,0.4646302250803859,0.7033762057877814,0.46919356913183274,0.6854410208761692,0.65,25.307692307692307,0.0,20.0,False
env_odom_noise,0.15,0.001020492932168466,0.0699708887492028,0.12347390654895637,1.080410706489155,1.423569854251403,0.5529595015576324,0.7313084112149533,0.3529320872274143,0.8113025382161141,0.5,23.2,0.0,20.0,False
env_odom_noise,0.15,0.001020492932168466,0.14488363132100487,0.12327248240728685,1.0612931263224605,1.4694959825354321,0.6072507552870091,0.7454682779456193,0.28448096676737156,1.058922825753689,0.5,25.2,0.0,20.0,False
env_odom_noise,0.15,0.001020492932168466,0.3,0.12221341050397093,1.0591817107233326,1.6339371363783135,0.6338757396449705,0.7514792899408284,0.2518449704142012,1.2669832706451416,0.45,25.22222222222222,0.0,20.0,False
env_odom_noise,0.15,0.0022135024223027535,0.00010000000000000009,0.12480202496892705,1.1344594665964445,51.94739303084931,0.27033898305084747,0.46864406779661016,0.8982169491525424,0.4945088870823383,0.9,27.333333333333332,0.0,20.0,False
env_odom_noise,0.15,0.0022135024223027535,0.00020706272838739032,0.12480202552066358,1.1345610991686284,42.29013825104917,0.27288135593220336,0.47711864406779664,0.8872,0.48821266293525695,0.85,26.647058823529413,0.0,20.0,False
env_odom_noise,0.15,0.0022135024223027535,0.0004287497348723022,0.12480202583431284,1.1347803953114775,30.93391817247543,0.2754237288135593,0.4923728813559322,0.8694033898305085,0.4946195028722286,0.85,26.647058823529413,0.0,20.0,False
env_odom_noise,0.15,0.0022135024223027535,0.0008877808989802905,0.1248020240615987,1.1351749188925075,19.9963194205073,0.288135593220339,0.5076271186440678,0.8414372881355932,0.5066173166036606,0.85,26.647058823529413,0.0,20.0,False
env_odom_noise,0.15,0.0022135024223027535,0.001838263351530691,0.12480202535012512,1.135783650223697,11.303364385848967,0.31271186440677967,0.5423728813559322,0.7821152542372881,0.528329572826624,0.85,26.647058823529413,0.0,20.0,False
env_odom_noise,0.15,0.0022135024223027535,0.003806358250624933,0.12434441199044954,1.1329601301715604,5.420553180105935,0.34705882352941175,0.5907563025210084,0.6993848739495798,0.5295831158757209,0.75,25.333333333333332,0.0,20.0,False
env_odom_noise,0.15,0.0022135024223027535,0.00788154924594252,0.1241878098277974,1.1305013592863438,2.0492930429802803,0.3887959866220736,0.6622073578595318,0.5861966555183946,0.5571125760674477,0.75,25.533333333333335,0.0,20.0,False
env_odom_noise,0.15,0.0022135024223027535,0.01631975090784437,0.12379115687826166,1.1102833912627923,0.3252812630227236,0.4472402597402597,0.737012987012987,0.45294675324675326,0.5588089685887099,0.65,24.846153846153847,0.0,20.0,False
env_odom_noise,0.15,0.0022135024223027535,0.03379212149580846,0.12386240713104123,1.1039109559421514,-0.3929752457002315,0.5160771704180064,0.792604501607717,0.3285183279742766,0.6879731975495815,0.65,25.307692307692307,0.0,20.0,False
env_odom_noise,0.15,0.0022135024223027535,0.0699708887492028,0.12347390451332371,1.080489773818673,-0.5991582153623826,0.6035825545171339,0.8193146417445483,0.21430280373831778,0.8136355236172677,0.5,23.2,0.0,20.0,False
env_odom_noise,0.15,0.0022135024223027535,0.14488363132100487,0.12327248095580857,1.06134734261933,-0.5196325426702227,0.6555891238670695,0.8345921450151057,0.14701873111782482,1.0605018705129623,0.5,25.2,0.0,20.0,False
env_odom_noise,0.15,0.0022135024223027535,0.3,0.1222134100471474,1.0592128453448812,-0.32901384236827885,0.6819526627218935,0.8424556213017751,0.11279171597633142,1.267819620668888,0.45,25.22222222222222,0.0,20.0,False
env_odom_noise,0.15,0.004801202261272809,0.00010000000000000009,0.12458212742846318,1.1346951614027814,25.164898471790917,0.3676222596964587,0.5961214165261383,0.673456323777403,0.4968195028603077,0.85,26.823529411764707,0.0,20.0,False
env_odom_noise,0.15,0.004801202261272809,0.00020706272838739032,0.12458212672445228,1.1347852963056986,22.123055821205366,0.37099494097807756,0.5994940978077572,0.6667109612141653,0.49989872723817824,0.85,26.823529411764707,0.0,20.0,False
env_odom_noise,0.15,0.004801202261272809,0.0004287497348723022,0.12458212646225555,1.1349437067431487,17.77709328453645,0.3777403035413153,0.606239460370995,0.6532202360876898,0.5060333803296089,0.85,26.823529411764707,0.0,20.0,False
env_odom_noise,0.15,0.004801202261272809,0.0008877808989802905,0.12448078566130948,1.1338618275725616,12.601974170806987,0.3873949579831933,0.6210084033613446,0.6287966386554622,0.5209164477884769,0.85,26.941176470588236,0.0,20.0,False
env_odom_noise,0.15,0.004801202261272809,0.001838263351530691,0.12448078690917426,1.1343021619618538,7.59945753831773,0.40672268907563025,0.6504201680672269,0.5800571428571428,0.5180974036455155,0.75,25.333333333333332,0.0,20.0,False
env_odom_noise,0.15,0.004801202261272809,0.003806358250624933,0.12412997895471774,1.1328378861955841,3.588448175245089,0.43478260869565216,0.6981605351170569,0.5042568561872909,0.5383473448455334,0.75,25.533333333333335,0.0,20.0,False
env_odom_noise,0.15,0.004801202261272809,0.00788154924594252,0.12408543724652638,1.1264153705769333,0.9480612089690303,0.4735099337748344,0.7591059602649006,0.40458410596026495,0.550905211828649,0.7,25.0,0.0,20.0,False
env_odom_noise,0.15,0.004801202261272809,0.01631975090784437,0.12358626015060903,1.112269300068477,-0.515252109562398,0.5250809061488673,0.8276699029126213,0.2844491909385114,0.5771244961768389,0.65,25.0,0.0,20.0,False
env_odom_noise,0.15,0.004801202261272809,0.03379212149580846,0.12365840700052919,1.1058687746749156,-1.1680592674316594,0.5961538461538461,0.8798076923076923,0.16123846153846155,0.706629590690136,0.65,25.46153846153846,0.0,20.0,False
env_odom_noise,0.15,0.004801202261272809,0.0699708887492028,0.12327583649187743,1.0777834077729314,-1.3420519867565277,0.6780185758513931,0.9063467492260062,0.05283467492260063,0.8187777571380138,0.5,23.6,0.0,20.0,False
env_odom_noise,0.15,0.004801202261272809,0.14488363132100487,0.12282507327941904,1.063223425468981,-1.2557217860880334,0.7293233082706767,0.9218045112781955,0.07931879699248123,1.0753495551645755,0.5,25.5,0.0,20.0,False
env_odom_noise,0.15,0.004801202261272809,0.3,0.12203204002805224,1.0758244407307664,-0.9924110618096801,0.7597684515195369,0.9305354558610709,0.10103299565846602,1.3047285467386245,0.4,25.375,0.0,20.0,False
env_odom_noise,0.15,0.010414058246057912,0.00010000000000000009,0.12408097959686255,1.1374550874573175,10.801750651796436,0.4932998324958124,0.6943048576214406,0.44959530988274704,0.5565423391759395,0.75,25.466666666666665,0.0,20.0,False
env_odom_noise,0.15,0.010414058246057912,0.00020706272838739032,0.1239469180284955,1.137500680545086,9.966573876629225,0.49581939799331104,0.6998327759197325,0.4415478260869565,0.5493607342243194,0.75,25.533333333333335,0.0,20.0,False
env_odom_noise,0.15,0.010414058246057912,0.0004287497348723022,0.1239469169871756,1.1375938834244717,8.618912399995853,0.4983277591973244,0.705685618729097,0.4331866220735786,0.5542748488485814,0.75,25.533333333333335,0.0,20.0,False
env_odom_noise,0.15,0.010414058246057912,0.0008877808989802905,0.1239469164429825,1.1377800761394632,6.680119599367536,0.5066889632107023,0.7224080267558528,0.40810301003344485,0.5637943059206009,0.75,25.533333333333335,0.0,20.0,False
env_odom_noise,0.15,0.010414058246057912,0.001838263351530691,0.12379330818676605,1.1381437571782826,4.3507256657555216,0.5208681135225376,0.7454090150250418,0.37092287145242064,0.5701577208936215,0.75,25.6,0.0,20.0,False
env_odom_noise,0.15,0.010414058246057912,0.003806358250624933,0.12406059459330514,1.1355526935847022,2.0885076271964005,0.5422885572139303,0.785240464344942,0.3096709784411277,0.5690269432961941,0.65,23.846153846153847,0.0,20.0,False
env_odom_noise,0.15,0.010414058246057912,0.00788154924594252,0.12394706329086044,1.1263262025150014,0.3175759435682602,0.5714285714285714,0.8284072249589491,0.23736420361247945,0.591559848934412,0.65,24.307692307692307,0.0,20.0,False
env_odom_noise,0.15,0.010414058246057912,0.01631975090784437,0.12340995703094584,1.1144245876533174,-0.7913475468088695,0.6209677419354839,0.8927419354838709,0.12349032258064518,0.6270291052758694,0.6,24.0,0.0,20.0,False
env_odom_noise,0.15,0.010414058246057912,0.03379212149580846,0.12348304141490822,1.100475893759212,-1.337457561351461,0.6888888888888889,0.9396825396825397,0.02100634920634925,0.7417734593153,0.6,24.833333333333332,0.0,20.0,False
env_odom_noise,0.15,0.010414058246057912,0.0699708887492028,0.12298450156708891,1.0763519528405858,-1.4860421183118055,0.7672811059907834,0.9608294930875576,0.09091059907834098,0.8565807633101941,0.5,24.1,0.0,20.0,False
env_odom_noise,0.15,0.010414058246057912,0.14488363132100487,0.12265915396251555,1.0643617221548756,-1.393121346374804,0.8170914542728636,0.974512743628186,0.15440419790104953,1.132123313099146,0.5,25.7,0.0,20.0,False
env_odom_noise,0.15,0.010414058246057912,0.3,0.12188814119491102,1.0764455588543809,-1.1340952919243492,0.8462643678160919,0.9813218390804598,0.19038620689655172,1.3359657146036625,0.4,26.0,0.0,20.0,False
env_odom_noise,0.15,0.02258863577297737,0.00010000000000000009,0.1242733850015062,1.139465715182462,3.849070679027242,0.6125827814569537,0.7806291390728477,0.24398807947019863,0.6228596039116383,0.65,23.923076923076923,0.0,20.0,False
env_odom_noise,0.15,0.02258863577297737,0.00020706272838739032,0.1242733856470054,1.1395004542273013,3.6575765540486787,0.6134105960264901,0.7831125827814569,0.24067682119205303,0.6247029095888138,0.65,23.923076923076923,0.0,20.0,False
env_odom_noise,0.15,0.02258863577297737,0.0004287497348723022,0.12393216648421476,1.1307669822734345,3.2527502263346313,0.6149425287356322,0.7857142857142857,0.23654318555008214,0.6241263553500176,0.65,24.307692307692307,0.0,20.0,False
env_odom_noise,0.15,0.02258863577297737,0.0008877808989802905,0.12393216687783988,1.1258306947756584,2.6559829216683175,0.6178396072013094,0.7913256955810147,0.22803469721767589,0.614149521663785,0.65,24.46153846153846,0.0,20.0,False
env_odom_noise,0.15,0.02258863577297737,0.001838263351530691,0.12415951389228794,1.1254680099269712,1.8314476568441198,0.6252045826513911,0.8060556464811784,0.20593977086743043,0.6150019596330821,0.65,24.46153846153846,0.0,20.0,False
env_odom_noise,0.15,0.02258863577297737,0.003806358250624933,0.1241595132205325,1.131778680848801,0.8420145034542399,0.6412151067323482,0.825944170771757,0.17004072249589486,0.6427322180941701,0.65,24.307692307692307,0.0,20.0,False
env_odom_noise,0.15,0.02258863577297737,0.00788154924594252,0.12415951512522591,1.1212028247679036,-0.1159393766298147,0.6696428571428571,0.8636363636363636,0.10392077922077925,0.6757374722510576,0.65,24.846153846153847,0.0,20.0,False
env_odom_noise,0.15,0.02258863577297737,0.01631975090784437,0.12363231494905215,1.112403539177065,-0.8535635794095143,0.7123397435897436,0.9246794871794872,0.05946025641025643,0.72059972807765,0.65,25.46153846153846,0.0,20.0,False
env_odom_noise,0.15,0.02258863577297737,0.03379212149580846,0.12334025130565689,1.0973979771308773,-1.2458730391312525,0.770735524256651,0.9608763693270735,0.0944118935837246,0.7722392037510872,0.55,24.363636363636363,0.0,20.0,False
env_odom_noise,0.15,0.02258863577297737,0.0699708887492028,0.12331189841418161,1.0706572945914314,-1.3522075057055427,0.8490136570561456,0.9795144157814871,0.19132807283763276,0.9362002361565829,0.5,24.9,0.0,20.0,False
env_odom_noise,0.15,0.02258863577297737,0.14488363132100487,0.12250554097624236,1.059033566096533,-1.2539576689357985,0.8979289940828402,0.9918639053254438,0.252592899408284,1.2052936553955078,0.5,26.6,0.0,20.0,False
env_odom_noise,0.15,0.02258863577297737,0.3,0.12208851631373964,1.0814510034493134,-0.997246932734068,0.9232424677187948,0.9978479196556671,0.2838903873744619,1.4407916754484176,0.4,26.125,0.125,20.0,False
env_odom_noise,0.15,0.04899592973540154,0.00010000000000000009,0.12396828869291424,1.1293165196684631,0.8641117538134018,0.7025931928687196,0.8419773095623987,0.13241588330632093,0.7379294950515032,0.6,23.75,0.0,20.0,False
env_odom_noise,0.15,0.04899592973540154,0.00020706272838739032,0.12396828822716943,1.1293458689181146,0.8230113989863312,0.7034035656401945,0.8419773095623987,0.1332262560777958,0.7395485587418079,0.6,23.75,0.0,20.0,False
env_odom_noise,0.15,0.04899592973540154,0.0004287497348723022,0.12396829224312195,1.1294063689188598,0.7429535662083996,0.7090761750405187,0.8460291734197731,0.1348470016207456,0.742880143597722,0.6,23.75,0.0,20.0,False
env_odom_noise,0.15,0.04899592973540154,0.0008877808989802905,0.12396829063042838,1.1288793808906945,0.6004732800812294,0.7103559870550162,0.848705501618123,0.1334504854368933,0.7581321034580469,0.6,23.833333333333332,0.0,20.0,False
env_odom_noise,0.15,0.04899592973540154,0.001838263351530691,0.12396828989025346,1.1275617806375169,0.3524926672474518,0.7172859450726979,0.8529886914378029,0.1360972536348951,0.7628473199903965,0.6,23.916666666666668,0.0,20.0,False
env_odom_noise,0.15,0.04899592973540154,0.003806358250624933,0.12420404591306483,1.1250136578047094,-0.009008123978791057,0.7286634460547504,0.8703703703703703,0.1300930756843801,0.7726239301264286,0.6,24.083333333333332,0.0,20.0,False
env_odom_noise,0.15,0.04899592973540154,0.00788154924594252,0.12406724125791617,1.1140936387171847,-0.4303084668054679,0.7476190476190476,0.903968253968254,0.11545079365079369,0.7814887933433056,0.55,23.545454545454547,0.09090909090909091,20.0,False
env_odom_noise,0.15,0.04899592973540154,0.01631975090784437,0.1232851538112622,1.1053189125367928,-0.8081917222715417,0.7902208201892744,0.943217665615142,0.11880315457413249,0.836034358292818,0.55,23.90909090909091,0.0,20.0,False
env_odom_noise,0.15,0.04899592973540154,0.03379212149580846,0.12327836516019795,1.0862354501228821,-1.040517410538507,0.8320493066255779,0.9668721109399075,0.16172141756548541,0.8959838315844536,0.55,25.272727272727273,0.0,20.0,False
env_odom_noise,0.15,0.04899592973540154,0.0699708887492028,0.1228292564535308,1.0741945773359864,-1.0880205360682962,0.9019607843137255,0.9819004524886877,0.24666123680241325,1.1112474977970124,0.5,25.3,0.0,20.0,False
env_odom_noise,0.15,0.04899592973540154,0.14488363132100487,0.122064538410699,1.0818672788828851,-0.946326233167628,0.9458874458874459,0.9927849927849928,0.30147243867243867,1.3706128291785717,0.4,25.625,0.0,20.0,False
env_odom_noise,0.15,0.04899592973540154,0.3,0.12199733189305868,1.0865463895890648,-0.7345687753953789,0.9700854700854701,0.9978632478632479,0.33074871794871796,1.5819847092032433,0.4,26.75,0.125,20.0,False
env_odom_noise,0.15,0.10627472835292812,0.00010000000000000009,0.12387506337864554,1.1090919322388872,-0.19619727222199035,0.77265625,0.90390625,0.14055000000000006,0.9583571560680866,0.5,23.0,0.0,20.0,False
env_odom_noise,0.15,0.10627472835292812,0.00020706272838739032,0.1237132514952696,1.1072980756851627,-0.20853461483982536,0.7733644859813084,0.9049844236760125,0.1401800623052959,0.9608956031501293,0.5,23.2,0.0,20.0,False
env_odom_noise,0.15,0.10627472835292812,0.0004287497348723022,0.12371325356000266,1.106267601655406,-0.22334326880229707,0.7737169517884914,0.9074650077760498,0.1380519440124417,0.9555811069905757,0.5,23.3,0.1,20.0,False
env_odom_noise,0.15,0.10627472835292812,0.0008877808989802905,0.12371325405637297,1.1063664466206813,-0.25366495513167225,0.7752721617418351,0.911353032659409,0.13571912908242612,0.9601863201707601,0.5,23.3,0.1,20.0,False
env_odom_noise,0.15,0.10627472835292812,0.001838263351530691,0.12371325318561954,1.1065711087902852,-0.3089107842845884,0.7791601866251944,0.9175738724727839,0.13338631415241053,0.9696690574288368,0.5,23.3,0.1,20.0,False
env_odom_noise,0.15,0.10627472835292812,0.003806358250624933,0.12342646467084399,1.097077039147509,-0.4137514391646796,0.7919876733436055,0.9306625577812019,0.1331251155624037,0.9349151004105807,0.5,23.9,0.0,20.0,False
env_odom_noise,0.15,0.10627472835292812,0.00788154924594252,0.12342646587311588,1.0913154444352602,-0.5397813710892814,0.8067484662576687,0.9440184049079755,0.13453006134969325,0.9660003978759051,0.5,24.2,0.0,20.0,False
env_odom_noise,0.15,0.10627472835292812,0.01631975090784437,0.12342646586237298,1.0846123596778807,-0.668825325136862,0.8277439024390244,0.9596036585365854,0.15014756097560977,1.0291569069027902,0.55,25.90909090909091,0.0,20.0,False
env_odom_noise,0.15,0.10627472835292812,0.03379212149580846,0.12316409750100225,1.0816168395476848,-0.755060653061852,0.8731117824773413,0.9803625377643505,0.2162743202416918,1.1542328238487243,0.5,25.2,0.0,20.0,False
env_odom_noise,0.15,0.10627472835292812,0.0699708887492028,0.12218198003275317,1.0773708964416726,-0.7618935366719131,0.9224519940915805,0.9867060561299852,0.2719580502215657,1.3455085813999177,0.5,26.7,0.1,20.0,False
env_odom_noise,0.15,0.10627472835292812,0.14488363132100487,0.12175157480253747,1.0784211926656824,-0.6017770366037025,0.9590973201692524,0.9929478138222849,0.31484513399153735,1.5725690990686416,0.4,27.625,0.0,20.0,False
env_odom_noise,0.15,0.10627472835292812,0.3,0.12211248609806742,1.0853900801550558,-0.3986534440016669,0.9797486033519553,0.9979050279329609,0.34045363128491624,1.7576846316456796,0.35,27.0,0.0,20.0,False
env_odom_noise,0.15,0.23051543153651136,0.00010000000000000009,0.12333105571895349,1.080396168659904,-0.31872553515558844,0.8467261904761905,0.9635416666666666,0.1730678571428571,1.3367519117891788,0.5,26.2,0.1,20.0,False
env_odom_noise,0.15,0.23051543153651136,0.00020706272838739032,0.12333105740677809,1.0804216441149883,-0.31978373017342393,0.8467261904761905,0.9635416666666666,0.1730678571428571,1.3379530690610408,0.5,26.2,0.1,20.0,False
env_odom_noise,0.15,0.23051543153651136,0.0004287497348723022,0.12333105498982282,1.0804742878345317,-0.3219287501029082,0.8474702380952381,0.9635416666666666,0.17381190476190478,1.3404364548623562,0.5,26.2,0.1,20.0,False
env_odom_noise,0.15,0.23051543153651136,0.0008877808989802905,0.1233310563545771,1.0805835121051104,-0.3261793479177336,0.8482142857142857,0.9635416666666666,0.17455595238095234,1.3455609507858752,0.5,26.2,0.1,20.0,False
env_odom_noise,0.15,0.23051543153651136,0.001838263351530691,0.1233310562453816,1.0808086252456484,-0.3342320554939691,0.8511904761904762,0.9635416666666666,0.1775321428571428,1.356104462593794,0.5,26.2,0.1,20.0,False
env_odom_noise,0.15,0.23051543153651136,0.003806358250624933,0.12293504549658632,1.0812719001679698,-0.351469582888928,0.8516320474777448,0.9658753709198813,0.1803074183976261,1.3640695735812187,0.5,26.4,0.1,20.0,False
env_odom_noise,0.15,0.23051543153651136,0.00788154924594252,0.12261702101663033,1.079694491616313,-0.3762855325456451,0.8604135893648449,0.9734121122599705,0.1966257016248154,1.3836825780570507,0.5,26.7,0.1,20.0,False
env_odom_noise,0.15,0.23051543153651136,0.01631975090784437,0.12223985593220289,1.0781340634383774,-0.400205473813981,0.8795888399412628,0.9809104258443465,0.22329926578560932,1.4339273244142532,0.45,25.77777777777778,0.0,20.0,False
env_odom_noise,0.15,0.23051543153651136,0.03379212149580846,0.1218216027552871,1.0578628390282196,-0.4100806010519383,0.9041487839771102,0.9878397711015737,0.2547885550786839,1.48786755874753,0.45,27.77777777777778,0.0,20.0,False
env_odom_noise,0.15,0.23051543153651136,0.0699708887492028,0.12185223263229518,1.0788415993855294,-0.33317610337105213,0.9370629370629371,0.9916083916083916,0.29147132867132874,1.7407575972378253,0.4,28.375,0.0,20.0,False
env_odom_noise,0.15,0.23051543153651136,0.14488363132100487,0.122471540082752,1.0809942358443454,-0.22335179942284455,0.9657064471879286,0.9931412894375857,0.3216477366255144,1.9022596813738346,0.35,28.857142857142858,0.0,20.0,False
env_odom_noise,0.15,0.23051543153651136,0.3,0.12235000244151231,1.0820132995180016,-0.03186734234558812,0.9850340136054422,0.9979591836734694,0.34579319727891156,2.0552285730838777,0.35,29.714285714285715,0.0,20.0,False
env_odom_noise,0.15,0.5,0.00010000000000000009,0.12204641794422044,1.0849668951277502,0.03971361327256964,0.9043419267299865,0.9837177747625508,0.25085970149253733,2.0685096636414526,0.35,30.0,0.0,20.0,False
env_odom_noise,0.15,0.5,0.00020706272838739032,0.12204642025290924,1.0849942726050406,0.03964871503342802,0.9043419267299865,0.9837177747625508,0.25085970149253733,2.069356417655945,0.35,30.0,0.0,20.0,False
env_odom_noise,0.15,0.5,0.0004287497348723022,0.12204642131230067,1.0850513175498133,0.03952293542082705,0.9043419267299865,0.9837177747625508,0.25085970149253733,2.071108476817608,0.35,30.0,0.0,20.0,False
env_odom_noise,0.15,0.5,0.0008877808989802905,0.1220464187371228,1.0851689805387585,0.03929616543912359,0.9043419267299865,0.9837177747625508,0.25085970149253733,2.074734767526388,0.35,30.0,0.0,20.0,False
env_odom_noise,0.15,0.5,0.001838263351530691,0.12204642013259226,1.0854117390780895,0.038962429296773196,0.9043419267299865,0.9837177747625508,0.25085970149253733,2.082232070714235,0.35,30.0,0.0,20.0,False
env_odom_noise,0.15,0.5,0.003806358250624933,0.12204641853379139,1.0859107640164813,0.03878255153673349,0.9077340569877883,0.9843962008141113,0.2549302578018996,2.0977029755711554,0.35,30.0,0.0,20.0,False
env_odom_noise,0.15,0.5,0.00788154924594252,0.12190553167881504,1.0825926095345888,0.03667304941615625,0.9156545209176788,0.9858299595141701,0.26428448043184893,2.104370269179344,0.35,30.571428571428573,0.0,20.0,False
env_odom_noise,0.15,0.5,0.01631975090784437,0.12207081525996832,1.076132146827295,0.037741253264510104,0.9212283044058746,0.9873164218958611,0.2713447263017357,2.121734739094973,0.35,31.714285714285715,0.0,20.0,False
env_odom_noise,0.15,0.5,0.03379212149580846,0.12246277743682855,1.0766017795588312,0.057301021213622155,0.9357615894039735,0.9920529801324504,0.29061456953642384,2.21941097676754,0.35,32.57142857142857,0.0,20.0,False
env_odom_noise,0.15,0.5,0.0699708887492028,0.12257032194740937,1.0761053594994092,0.10984791488091897,0.9566929133858267,0.9940944881889764,0.31358740157480314,2.3478768749162553,0.3,32.666666666666664,0.0,20.0,False
env_odom_noise,0.15,0.5,0.14488363132100487,0.12257032226860809,1.072777890199285,0.21697729922498127,0.9751958224543081,0.9947780678851175,0.3327738903394256,2.4743691585958003,0.3,33.333333333333336,0.0,20.0,False
env_odom_noise,0.15,0.5,0.3,0.12257032172634187,1.0747927839841216,0.3899810872325529,0.9876140808344198,0.9980443285528031,0.34845840938722294,2.5628218971192838,0.3,33.5,0.0,20.0,False
