sweep_param,sweep_value,sigma_visible,odom_noise,mean_err_visible,mean_err_occluded,calibration_nll,coverage_1sigma,coverage_2sigma,coverage_deviation,mean_final_dist,advance_rate,mean_steps_to_advance,false_advance_rate,n_episodes,viable
baseline,,0.00010000000000000009,0.00010000000000000009,0.12499573258222743,0.7992514069953834,75.51361904693974,0.14335664335664336,0.2368881118881119,1.2569552447552448,0.41100404411554337,0.9,26.333333333333332,0.0,20.0,False
baseline,,0.00010000000000000009,0.00020706272838739032,0.12499573324696281,0.7992516717068799,60.46032895662273,0.16346153846153846,0.2744755244755245,1.199262937062937,0.41159732416272166,0.9,26.333333333333332,0.0,20.0,False
baseline,,0.00010000000000000009,0.0004287497348723022,0.12499573305304672,0.7992536642617203,51.58297368020837,0.18706293706293706,0.32255244755244755,1.1275846153846154,0.41999845802783964,0.9,26.333333333333332,0.0,20.0,False
baseline,,0.00010000000000000009,0.0008877808989802905,0.12499573296990303,0.7980498419819769,46.789641494378344,0.231239092495637,0.37783595113438045,1.0281249563699826,0.4357739623636007,0.9,26.38888888888889,0.0,20.0,False
baseline,,0.00010000000000000009,0.001838263351530691,0.12480202241279278,0.7896183674596632,44.188661280684165,0.28324697754749567,0.4481865284974093,0.9057664939550951,0.41416761130094526,0.85,26.0,0.0,20.0,False
baseline,,0.00010000000000000009,0.003806358250624933,0.12480202485855287,0.78441362100684,42.9892679040467,0.3445017182130584,0.5137457044673539,0.7789525773195877,0.4412832104368135,0.85,26.176470588235293,0.0,20.0,False
baseline,,0.00010000000000000009,0.00788154924594252,0.12424213399755776,0.7718880404667056,42.033095471501056,0.41539763113367173,0.5685279187817259,0.6532744500846024,0.4352665102109313,0.75,25.066666666666666,0.0,20.0,False
baseline,,0.00010000000000000009,0.01631975090784437,0.12388422506310386,0.7621351722041664,41.64381594346005,0.48668885191347755,0.591514143094842,0.5589970049916805,0.5119297929108143,0.75,25.733333333333334,0.0,20.0,False
baseline,,0.00010000000000000009,0.03379212149580846,0.12388659204583297,0.7429606000289278,41.37947156587567,0.5356564019448946,0.6012965964343598,0.5002470016207455,0.6040893271565437,0.7,25.928571428571427,0.0,20.0,False
baseline,,0.00010000000000000009,0.0699708887492028,0.12360833740228552,0.7190295378595739,40.85875529930155,0.5603448275862069,0.6089341692789969,0.46792100313479623,0.7675573505461216,0.6,25.5,0.0,20.0,False
baseline,,0.00010000000000000009,0.14488363132100487,0.12323102406416121,0.6993401136160282,40.41966674064345,0.5721884498480243,0.6139817629179332,0.4510297872340425,1.0270722649991513,0.5,24.8,0.0,20.0,False
baseline,,0.00010000000000000009,0.3,0.12259932759290312,0.6836715692303105,39.951949642930906,0.577893175074184,0.6186943620178041,0.4406124629080118,1.2455786809325218,0.5,26.4,0.0,20.0,False
baseline,,0.00021690521830457365,0.00010000000000000009,0.12499573258222743,0.7992514069953834,42.45424348958553,0.17132867132867133,0.27884615384615385,1.1870251748251748,0.41100404411554337,0.9,26.333333333333332,0.0,20.0,False
baseline,,0.00021690521830457365,0.00020706272838739032,0.12499573298388636,0.7992517562588344,32.006804834463125,0.18793706293706294,0.3138111888111888,1.1354517482517483,0.41175525113940237,0.9,26.333333333333332,0.0,20.0,False
baseline,,0.00021690521830457365,0.0004287497348723022,0.12499573251603807,0.7992535584183977,25.003200418710744,0.21153846153846154,0.35664335664335667,1.0690181818181816,0.42064534574747087,0.9,26.333333333333332,0.0,20.0,False
baseline,,0.00021690521830457365,0.0008877808989802905,0.12499573295079297,0.7980533407068506,20.885046877930108,0.25392670157068065,0.41361256544502617,0.9696607329842932,0.43656452652066946,0.9,26.38888888888889,0.0,20.0,False
baseline,,0.00021690521830457365,0.001838263351530691,0.12480202299398813,0.7896231126365384,18.626221433010596,0.30310880829015546,0.4792746113989637,0.8548165803108808,0.41490502581000327,0.85,26.0,0.0,20.0,False
baseline,,0.00021690521830457365,0.003806358250624933,0.12480202637187186,0.784420035545051,17.60310676306985,0.3642611683848797,0.5446735395189003,0.72826529209622,0.44219561032950877,0.85,26.176470588235293,0.0,20.0,False
baseline,,0.00021690521830457365,0.00788154924594252,0.12424213453034973,0.771892795600588,17.01255626629076,0.4357021996615905,0.5981387478849408,0.6033590524534687,0.4359514323994517,0.75,25.066666666666666,0.0,20.0,False
baseline,,0.00021690521830457365,0.01631975090784437,0.1238842287708792,0.7621387976324393,16.8505763976971,0.5066555740432612,0.6206322795341098,0.5099121464226289,0.5124003492295742,0.75,25.733333333333334,0.0,20.0,False
baseline,,0.00021690521830457365,0.03379212149580846,0.12388659372590957,0.7429634713764767,16.83865205784425,0.5559157212317666,0.6304700162074555,0.45081426256077795,0.604454505443573,0.7,25.928571428571427,0.0,20.0,False
baseline,,0.00021690521830457365,0.0699708887492028,0.12360833884014583,0.7190316916354332,16.75595533536868,0.5799373040752351,0.6379310344827587,0.4193316614420062,0.7678269281983375,0.6,25.5,0.0,20.0,False
baseline,,0.00021690521830457365,0.14488363132100487,0.12323102427795456,0.6993416195665543,16.739667114386027,0.5919452887537994,0.6428571428571429,0.4023975683890577,1.0272374883294106,0.5,24.8,0.0,20.0,False
baseline,,0.00021690521830457365,0.3,0.12259932847445264,0.6836725408162088,16.72647623223516,0.5979228486646885,0.6468842729970327,0.39239287833827885,1.245664468407631,0.5,26.4,0.0,20.0,False
baseline,,0.00047047873727754753,0.00010000000000000009,0.12499573258222743,0.7992514069953834,22.903881745892804,0.2089160839160839,0.3505244755244755,1.0777594405594406,0.41100404411554337,0.9,26.333333333333332,0.0,20.0,False
baseline,,0.00047047873727754753,0.00020706272838739032,0.12499573287560795,0.7992517922357176,16.83000201952294,0.22465034965034966,0.3793706293706294,1.0331790209790208,0.41225508227944374,0.9,26.333333333333332,0.0,20.0,False
baseline,,0.00047047873727754753,0.0004287497348723022,0.12499573244068132,0.7992537775897245,12.037508728913949,0.2491258741258741,0.42132867132867136,0.9667454545454546,0.4221870705485344,0.9,26.333333333333332,0.0,20.0,False
baseline,,0.00047047873727754753,0.0008877808989802905,0.12499573253693058,0.7980607487356632,8.845044309893403,0.28534031413612565,0.4720767888307155,0.8797828970331588,0.4382509127259254,0.9,26.38888888888889,0.0,20.0,False
baseline,,0.00047047873727754753,0.001838263351530691,0.12480202291846622,0.78963332307173,6.964087144152143,0.33506044905008636,0.5354058721934369,0.7667336787564767,0.4164851874113083,0.85,26.0,0.0,20.0,False
baseline,,0.00047047873727754753,0.003806358250624933,0.12480202515300093,0.7844338889204128,6.084689650012389,0.3917525773195876,0.602233676975945,0.6432137457044673,0.44417169140651824,0.85,26.176470588235293,0.0,20.0,False
baseline,,0.00047047873727754753,0.00788154924594252,0.12424213364382264,0.7719031678027077,5.676288896339034,0.46277495769881555,0.6514382402707276,0.5229868020304569,0.43742945957928897,0.75,25.066666666666666,0.0,20.0,False
baseline,,0.00047047873727754753,0.01631975090784437,0.12388422487321128,0.7621466262663106,5.621276941495691,0.5332778702163061,0.6738768718801996,0.43004525790349424,0.5134194098412991,0.75,25.733333333333334,0.0,20.0,False
baseline,,0.00047047873727754753,0.03379212149580846,0.12388659361061603,0.7429698222661204,5.724055674256714,0.5826580226904376,0.6839546191247974,0.37058735818476496,0.6052447602152824,0.7,25.928571428571427,0.0,20.0,False
baseline,,0.00047047873727754753,0.0699708887492028,0.12360833998210087,0.7190363130622623,5.840454245601376,0.6057993730407524,0.6904388714733543,0.34096175548589336,0.7684111446142197,0.6,25.5,0.0,20.0,False
baseline,,0.00047047873727754753,0.14488363132100487,0.12323102584118355,0.6993450058287095,6.016745997053702,0.6177811550151976,0.6945288753799392,0.32488996960486316,1.0275955647230148,0.5,24.8,0.0,20.0,False
baseline,,0.00047047873727754753,0.3,0.12259932726518219,0.6836745445129465,6.210869140154006,0.6231454005934718,0.6995548961424333,0.31449970326409493,1.2458503693342209,0.5,26.4,0.0,20.0,False
baseline,,0.001020492932168466,0.00010000000000000009,0.12499573259544737,0.7992513950920155,10.793543724258047,0.2666083916083916,0.44493006993006995,0.9256615384615385,0.41105747371912005,0.9,26.333333333333332,0.0,20.0,False
baseline,,0.001020492932168466,0.00020706272838739032,0.12499573317936537,0.7992522946949873,7.940580994228845,0.27884615384615385,0.47115384615384615,0.8872,0.41404334753751754,0.9,26.333333333333332,0.0,20.0,False
baseline,,0.001020492932168466,0.0004287497348723022,0.12499573217504224,0.7980292837432823,5.215825915138644,0.2940663176265271,0.506108202443281,0.8370254799301919,0.42206947691738605,0.9,26.38888888888889,0.0,20.0,False
baseline,,0.001020492932168466,0.0008877808989802905,0.12499573227909923,0.7980828447650223,3.0770779146754994,0.32897033158813266,0.5497382198952879,0.7584914485165795,0.4423842023126781,0.9,26.38888888888889,0.0,20.0,False
baseline,,0.001020492932168466,0.001838263351530691,0.12480202255786296,0.7879848755845746,1.6567326164876504,0.3775862068965517,0.6086206896551725,0.6509931034482759,0.40959953181445596,0.85,26.058823529411764,0.0,20.0,False
baseline,,0.001020492932168466,0.003806358250624933,0.12480202645416343,0.7820858725750761,0.9361815469422333,0.4365351629502573,0.6698113207547169,0.5308535162950258,0.43686127634719013,0.85,26.235294117647058,0.0,20.0,False
baseline,,0.001020492932168466,0.00788154924594252,0.12424213211374494,0.7719252370748387,0.6469189470483462,0.5008460236886633,0.7191201353637902,0.41723384094754656,0.4406031101942062,0.75,25.066666666666666,0.0,20.0,False
baseline,,0.001020492932168466,0.01631975090784437,0.12388422516629741,0.7600498763982645,0.6400953875599757,0.5697674418604651,0.7383720930232558,0.32906046511627907,0.5049666225910187,0.75,25.8,0.0,20.0,False
baseline,,0.001020492932168466,0.03379212149580846,0.12388659430119137,0.7429833897526136,0.8000910015099055,0.6183144246353323,0.7463533225283631,0.27253225283630467,0.6069550126791,0.7,25.928571428571427,0.0,20.0,False
baseline,,0.001020492932168466,0.0699708887492028,0.123608338508952,0.719046343317539,1.0051716684392433,0.640282131661442,0.7507836990595611,0.2461341692789969,0.7696768745779992,0.6,25.5,0.0,20.0,False
baseline,,0.001020492932168466,0.14488363132100487,0.12323102430672195,0.699352515917504,1.2676893312200932,0.6519756838905775,0.7537993920972644,0.23142492401215808,1.0283716894686221,0.5,24.8,0.0,20.0,False
baseline,,0.001020492932168466,0.3,0.12259932697697982,0.6836789953822787,1.5550314298309305,0.6580118694362018,0.7574183976261127,0.22176973293768543,1.2462529942393303,0.5,26.4,0.0,20.0,False
baseline,,0.0022135024223027535,0.00010000000000000009,0.12499573260075925,0.7992542279048438,3.629521877621,0.33653846153846156,0.5812937062937062,0.7193678321678322,0.41563706025481223,0.9,26.333333333333332,0.0,20.0,False
baseline,,0.0022135024223027535,0.00020706272838739032,0.12499573285457588,0.7980408417085426,2.5906329082416164,0.3481675392670157,0.6029668411867365,0.6860656195462478,0.4201638001948595,0.9,26.38888888888889,0.0,20.0,False
baseline,,0.0022135024223027535,0.0004287497348723022,0.12499573396456931,0.7980792606009994,1.338495052071113,0.3726003490401396,0.6265270506108203,0.6380726003490401,0.43204093631356955,0.9,26.38888888888889,0.0,20.0,False
baseline,,0.0022135024223027535,0.0008877808989802905,0.12499573283713296,0.7932505234976553,0.13977215339454113,0.39565217391304347,0.671304347826087,0.5702434782608696,0.43068175041116774,0.9,26.5,0.0,20.0,False
baseline,,0.0022135024223027535,0.001838263351530691,0.12480202536844891,0.7880609401068642,-0.7580830428149768,0.4387931034482759,0.7146551724137931,0.48375172413793105,0.41915826238691806,0.85,26.058823529411764,0.0,20.0,False
baseline,,0.0022135024223027535,0.003806358250624933,0.12480202508865781,0.7821459005456619,-1.2752810284921658,0.49485420240137223,0.7667238421955404,0.3756219554030874,0.4457404688000679,0.85,26.235294117647058,0.0,20.0,False
baseline,,0.0022135024223027535,0.00788154924594252,0.12424213146783998,0.7719716559349925,-1.4771815410896614,0.5575296108291032,0.8121827411167513,0.2674876480541455,0.4473446633666754,0.75,25.066666666666666,0.0,20.0,False
baseline,,0.0022135024223027535,0.01631975090784437,0.12388422739468886,0.7600864215578088,-1.446959646600192,0.6229235880398671,0.8264119601328903,0.18786445182724254,0.5097354434430599,0.75,25.8,0.0,20.0,False
baseline,,0.0022135024223027535,0.03379212149580846,0.12388659375018016,0.7430125131027961,-1.2682349494382084,0.6709886547811994,0.8346839546191248,0.13152739059967578,0.6106450378894805,0.7,25.928571428571427,0.0,20.0,True
baseline,,0.0022135024223027535,0.0699708887492028,0.1236083382589274,0.719068182143414,-1.0259372171835608,0.6904388714733543,0.8385579937304075,0.12368087774294678,0.7620861977338791,0.55,24.272727272727273,0.0,20.0,False
baseline,,0.0022135024223027535,0.14488363132100487,0.12323102465353535,0.699368537376368,-0.7266854325600068,0.7006079027355623,0.8427051671732523,0.12970273556231005,1.030052550882101,0.5,24.8,0.0,20.0,False
baseline,,0.0022135024223027535,0.3,0.12259932897472585,0.6836886716017947,-0.39899104930744334,0.7062314540059347,0.8456973293768546,0.13233412462908012,1.247125792503357,0.5,26.4,0.0,20.0,False
baseline,,0.004801202261272809,0.00010000000000000009,0.1245211378870973,0.7927767319651857,-0.10843917584139688,0.46113989637305697,0.7426597582037997,0.4334003454231433,0.40063530281186105,0.85,26.0,0.0,20.0,False
baseline,,0.004801202261272809,0.00020706272838739032,0.12452113858645715,0.792793516492999,-0.42262954202065534,0.47063903281519864,0.7487046632124352,0.4178563039723661,0.406032266234979,0.85,26.0,0.0,20.0,False
baseline,,0.004801202261272809,0.0004287497348723022,0.12452113911026035,0.7904224625644993,-0.8742996896851797,0.4853448275862069,0.7681034482758621,0.383751724137931,0.40609578443691136,0.85,26.058823529411764,0.0,20.0,False
baseline,,0.004801202261272809,0.0008877808989802905,0.12458212733934991,0.7834371817980831,-1.389930331393884,0.505982905982906,0.7923076923076923,0.33890940170940176,0.3910880506038666,0.85,26.352941176470587,0.0,20.0,False
baseline,,0.004801202261272809,0.001838263351530691,0.12458212819334917,0.7835462698305946,-1.8493178465492521,0.5384615384615384,0.8282051282051283,0.2705333333333333,0.421329540014267,0.85,26.352941176470587,0.0,20.0,False
baseline,,0.004801202261272809,0.003806358250624933,0.12458212813213888,0.7758490523682229,-2.1544401825089707,0.5882852292020373,0.8743633276740238,0.1745514431239389,0.4259586177766323,0.8,25.8125,0.0,20.0,False
baseline,,0.004801202261272809,0.00788154924594252,0.1238858024068325,0.7709647359051818,-2.2750824256978412,0.644891122278057,0.9045226130653267,0.08778626465661632,0.4377017866820097,0.75,25.466666666666665,0.0,20.0,True
baseline,,0.004801202261272809,0.01631975090784437,0.12367516935463937,0.7544828227965282,-2.2122848287209265,0.7042833607907742,0.9159802306425041,0.06010313014827018,0.5055228479206562,0.75,26.133333333333333,0.0,20.0,True
baseline,,0.004801202261272809,0.03379212149580846,0.12368105264020068,0.7435619313671143,-2.0234726483528442,0.7479806138933764,0.9232633279483037,0.0965172859450728,0.6372992128133774,0.7,26.071428571428573,0.0,20.0,True
baseline,,0.004801202261272809,0.0699708887492028,0.123408724554307,0.7162352165361787,-1.7658498470271682,0.764797507788162,0.92601246105919,0.11058504672897207,0.7751579225063324,0.55,24.636363636363637,0.0,20.0,False
baseline,,0.004801202261272809,0.14488363132100487,0.12307956133025548,0.6930042552456083,-1.4536066153988834,0.7744360902255639,0.9300751879699248,0.11616090225563913,1.025756011158228,0.5,25.5,0.0,20.0,False
baseline,,0.004801202261272809,0.3,0.12241257887755846,0.678007892409707,-1.1048661353890579,0.7794117647058824,0.9316176470588236,0.11959411764705885,1.2510361418128013,0.5,27.0,0.0,20.0,False
baseline,,0.010414058246057912,0.00010000000000000009,0.12439556278999943,0.7808451405949761,-1.7288884897923127,0.6045918367346939,0.8741496598639455,0.15845850340136058,0.4220685075968504,0.8,25.75,0.0,20.0,False
baseline,,0.010414058246057912,0.00020706272838739032,0.1243955626829379,0.7808567644396971,-1.802752668042143,0.6105442176870748,0.8792517006802721,0.14740408163265306,0.4259654346853495,0.8,25.75,0.0,20.0,True
baseline,,0.010414058246057912,0.0004287497348723022,0.12439556188061325,0.7808800863338085,-1.9231270825504636,0.6207482993197279,0.8860544217687075,0.1303972789115646,0.43366674073040484,0.8,25.75,0.0,20.0,True
baseline,,0.010414058246057912,0.0008877808989802905,0.12429522459423649,0.7785864758564248,-2.094910009759761,0.6398305084745762,0.9059322033898305,0.09143728813559326,0.42639295645058156,0.8,25.875,0.0,20.0,True
baseline,,0.010414058246057912,0.001838263351530691,0.12429522451062205,0.776970960008902,-2.268990376446918,0.6658206429780034,0.9297800338409475,0.041599323181049086,0.44639143757522104,0.8,25.9375,0.0,20.0,True
baseline,,0.010414058246057912,0.003806358250624933,0.12411520260713571,0.7739758371103048,-2.4005069240844654,0.7080536912751678,0.9530201342281879,0.026833557046979983,0.44810149893164636,0.75,25.4,0.0,20.0,True
baseline,,0.010414058246057912,0.00788154924594252,0.12370483167715918,0.7626417987705564,-2.432391503648439,0.746268656716418,0.9660033167495854,0.07507197346600336,0.47706317957490685,0.75,25.866666666666667,0.0,20.0,True
baseline,,0.010414058246057912,0.01631975090784437,0.1236532118297196,0.7534008209902435,-2.3466802367383295,0.8008196721311476,0.9737704918032787,0.13739016393442627,0.554042349755764,0.7,25.428571428571427,0.0,20.0,True
baseline,,0.010414058246057912,0.03379212149580846,0.12339466751721238,0.7366438971529188,-2.160998034421537,0.8408,0.9792,0.18279999999999996,0.6614529557526112,0.65,25.53846153846154,0.0,20.0,False
baseline,,0.010414058246057912,0.0699708887492028,0.1232364968985409,0.7108433823484,-1.8968933859217065,0.8531684698608965,0.9806800618238022,0.19664853168469865,0.8200579889118671,0.55,25.09090909090909,0.0,20.0,False
baseline,,0.010414058246057912,0.14488363132100487,0.1226591540651107,0.6909904658853623,-1.5914018537185595,0.8617339312406577,0.9828101644245142,0.20734409566517187,1.0735399670898915,0.5,25.9,0.0,20.0,False
baseline,,0.010414058246057912,0.3,0.12206878891498851,0.6755006850255931,-1.2429820248769152,0.8656934306569343,0.9832116788321168,0.21170510948905108,1.2925441078841686,0.5,27.5,0.0,20.0,False
baseline,,0.02258863577297737,0.00010000000000000009,0.12432926484549288,0.7742692436477898,-2.176632787710972,0.7546063651591289,0.9522613065326633,0.0741450586264657,0.48651849702000616,0.7,24.5,0.0,20.0,True
baseline,,0.02258863577297737,0.00020706272838739032,0.12432926539713106,0.7742783454159184,-2.1886696116130886,0.7579564489112228,0.9547738693467337,0.07553031825795653,0.49015718027949334,0.7,24.5,0.0,20.0,True
baseline,,0.02258863577297737,0.0004287497348723022,0.1243292684302306,0.7742967505922823,-2.20987904157759,0.7629815745393634,0.958961474036851,0.0847430485762144,0.4975080378353596,0.7,24.5,0.0,20.0,True
baseline,,0.02258863577297737,0.0008877808989802905,0.12448462140807437,0.7712071616993407,-2.2428030908004675,0.7691666666666667,0.965,0.09696666666666665,0.48682387433946134,0.7,24.714285714285715,0.0,20.0,True
baseline,,0.02258863577297737,0.001838263351530691,0.12448462054699687,0.7695519417353754,-2.2795861750963007,0.7920133111480865,0.9733777038269551,0.1281910149750416,0.5004423128440976,0.7,24.785714285714285,0.0,20.0,True
baseline,,0.02258863577297737,0.003806358250624933,0.12448462015005471,0.7651378729868943,-2.301999005276288,0.8150912106135987,0.9859038142620232,0.16379502487562192,0.5287356566637754,0.7,24.928571428571427,0.0,20.0,False
baseline,,0.02258863577297737,0.00788154924594252,0.12386666457944567,0.7595212229978178,-2.2780467178301778,0.850328947368421,0.9893092105263158,0.20243815789473685,0.5625723756849765,0.65,24.23076923076923,0.0,20.0,False
baseline,,0.02258863577297737,0.01631975090784437,0.12410436374981522,0.7480568152827736,-2.171023147240429,0.898538961038961,0.9943181818181818,0.2556571428571428,0.6390084519982338,0.65,24.846153846153847,0.0,20.0,False
baseline,,0.02258863577297737,0.03379212149580846,0.12358967433923083,0.7332221796546748,-1.9959792034940573,0.9222222222222223,0.9976190476190476,0.2826412698412699,0.743742149323225,0.6,24.833333333333332,0.0,20.0,False
baseline,,0.02258863577297737,0.0699708887492028,0.1233121678346813,0.7061570872591334,-1.746716882512822,0.9318529862174579,0.998468606431853,0.2931215926493109,0.9037225857377053,0.55,25.636363636363637,0.0,20.0,False
baseline,,0.02258863577297737,0.14488363132100487,0.12272055249772003,0.6893919806306177,-1.450843289612567,0.9398216939078752,1.0,0.3026216939078752,1.1667630650103091,0.5,26.3,0.0,20.0,False
baseline,,0.02258863577297737,0.3,0.12216162554194825,0.669737452547013,-1.1061501592814202,0.9425287356321839,1.0,0.3053287356321839,1.3357375636696815,0.45,27.444444444444443,0.0,20.0,False
baseline,,0.04899592973540154,0.00010000000000000009,0.12409841922396424,0.7589152880855599,-2.0090116236276514,0.889344262295082,0.9852459016393442,0.23739016393442625,0.6431056205183268,0.65,24.384615384615383,0.0,20.0,False
baseline,,0.04899592973540154,0.00020706272838739032,0.12409841966975853,0.7589235393029032,-2.0089674775731203,0.8901639344262295,0.9860655737704918,0.2390295081967213,0.6454001702368259,0.65,24.384615384615383,0.0,20.0,False
baseline,,0.04899592973540154,0.0004287497348723022,0.12409841981877691,0.7589405383554856,-2.008575100307444,0.8934426229508197,0.9860655737704918,0.24230819672131143,0.6501916147768497,0.65,24.384615384615383,0.0,20.0,False
baseline,,0.04899592973540154,0.0008877808989802905,0.12409841788728239,0.7589756327390861,-2.0067005000343117,0.898360655737705,0.9868852459016394,0.24804590163934437,0.6602664966136217,0.65,24.384615384615383,0.0,20.0,False
baseline,,0.04899592973540154,0.001838263351530691,0.12409841927720598,0.7590469025628288,-1.999679760775132,0.9040983606557377,0.9901639344262295,0.2570622950819672,0.6812529265880585,0.65,24.384615384615383,0.0,20.0,False
baseline,,0.04899592973540154,0.003806358250624933,0.12367741919337401,0.7527037214241367,-1.9855170022150679,0.9235772357723577,0.991869918699187,0.2782471544715447,0.6718133337795734,0.65,24.76923076923077,0.0,20.0,False
baseline,,0.04899592973540154,0.00788154924594252,0.1239141545120524,0.7476766278320172,-1.935860738504199,0.9458804523424879,0.9935379644588045,0.30221841680129236,0.7019323788583278,0.6,23.916666666666668,0.0,20.0,False
baseline,,0.04899592973540154,0.01631975090784437,0.1238030173580502,0.7361047849988614,-1.8346098775390005,0.9633173843700159,0.9960127591706539,0.3221301435406698,0.768371456861496,0.6,24.583333333333332,0.0,20.0,False
baseline,,0.04899592973540154,0.03379212149580846,0.12343821087892044,0.7249233108863942,-1.6773896430765554,0.97734375,0.99765625,0.3378,0.8714065968990325,0.55,24.454545454545453,0.0,20.0,False
baseline,,0.04899592973540154,0.0699708887492028,0.12320063741316688,0.7002688870197038,-1.445481006150949,0.9818181818181818,0.9992424242424243,0.3438606060606061,1.0626014605164529,0.5,25.0,0.0,20.0,False
baseline,,0.04899592973540154,0.14488363132100487,0.12229584359550599,0.6750492795066576,-1.1511006257815324,0.9876093294460642,1.0,0.3504093294460642,1.2931223556399345,0.5,27.6,0.0,20.0,False
baseline,,0.04899592973540154,0.3,0.12199733419937699,0.6702971363450109,-0.8472182078604161,0.9885877318116976,1.0,0.3513877318116976,1.4791585370898246,0.45,28.0,0.0,20.0,False
baseline,,0.10627472835292812,0.00010000000000000009,0.1236121997515236,0.7334908317840163,-1.5577419838403568,0.9620853080568721,0.9936808846761453,0.31856619273301745,0.8637049429118633,0.6,25.083333333333332,0.0,20.0,False
baseline,,0.10627472835292812,0.00020706272838739032,0.12361220044058731,0.7334986298631049,-1.5563390201369602,0.9628751974723538,0.9944707740916272,0.32014597156398106,0.8655438132584095,0.6,25.083333333333332,0.0,20.0,False
baseline,,0.10627472835292812,0.0004287497348723022,0.12361219734221374,0.7335146430720481,-1.5534371779978613,0.9628751974723538,0.9944707740916272,0.32014597156398106,0.8693524278700352,0.6,25.083333333333332,0.0,20.0,False
baseline,,0.10627472835292812,0.0008877808989802905,0.12361219908705352,0.7335479887346565,-1.5474486335669637,0.9644549763033176,0.9944707740916272,0.3217257503949448,0.8772309936583043,0.6,25.083333333333332,0.0,20.0,False
baseline,,0.10627472835292812,0.001838263351530691,0.12361219910319211,0.7336160862475098,-1.5351734899905671,0.9652448657187994,0.9944707740916272,0.32251563981042664,0.8934597976505756,0.6,25.083333333333332,0.0,20.0,False
baseline,,0.10627472835292812,0.003806358250624933,0.1236121996627381,0.7300840644723996,-1.5121674853289302,0.9708661417322835,0.9952755905511811,0.32894173228346457,0.9074346579611301,0.6,25.25,0.0,20.0,False
baseline,,0.10627472835292812,0.00788154924594252,0.12371603882546776,0.723780172689974,-1.4666315218527148,0.98046875,0.996875,0.34014374999999997,0.9199879795312882,0.55,24.454545454545453,0.0,20.0,False
baseline,,0.10627472835292812,0.01631975090784437,0.12333993350029629,0.7191025908051489,-1.3848593667638347,0.9883900928792569,0.9984520123839009,0.34964210526315787,0.9893644228577614,0.55,25.0,0.0,20.0,False
baseline,,0.10627472835292812,0.03379212149580846,0.12325468656461959,0.7048324250096951,-1.2516813038883483,0.9916413373860182,0.9984802431610942,0.3529215805471124,1.1001167491078376,0.55,26.09090909090909,0.0,20.0,False
baseline,,0.10627472835292812,0.0699708887492028,0.12230795592309557,0.6924256994198251,-1.062510368465898,0.9948224852071006,1.0,0.3576224852071006,1.295644147694111,0.5,26.6,0.0,20.0,False
baseline,,0.10627472835292812,0.14488363132100487,0.12171695838977907,0.6709710314327951,-0.8040020980460518,0.9978571428571429,1.0,0.3606571428571429,1.50452900826931,0.45,27.88888888888889,0.0,20.0,False
baseline,,0.10627472835292812,0.3,0.12195338136528475,0.6691408719553849,-0.4925951265873935,0.9986033519553073,1.0,0.36140335195530726,1.693197426199913,0.35,27.0,0.0,20.0,False
baseline,,0.23051543153651136,0.00010000000000000009,0.12379929038162363,0.6995096178743483,-0.9642833786511853,0.9879336349924586,0.9984917043740573,0.3492253393665159,1.3010917864739895,0.55,26.545454545454547,0.0,20.0,False
baseline,,0.23051543153651136,0.00020706272838739032,0.12379929228283021,0.6995164922715874,-0.9632867729712169,0.9886877828054299,0.9984917043740573,0.34997948717948724,1.3025998383760453,0.55,26.545454545454547,0.0,20.0,False
baseline,,0.23051543153651136,0.0004287497348723022,0.12349405105834557,0.6995308398525202,-0.9619917942422681,0.9894578313253012,0.9984939759036144,0.35075180722891564,1.2994597136974335,0.55,26.636363636363637,0.0,20.0,False
baseline,,0.23051543153651136,0.0008877808989802905,0.12349405100374915,0.6995603730307917,-0.9577827348072133,0.990210843373494,0.9984939759036144,0.3515048192771084,1.3057331815361977,0.55,26.636363636363637,0.0,20.0,False
baseline,,0.23051543153651136,0.001838263351530691,0.12316626810118371,0.6996213868490603,-0.9507436454371094,0.9902402402402403,0.9984984984984985,0.35153873873873875,1.3019764214754104,0.55,26.818181818181817,0.0,20.0,False
baseline,,0.23051543153651136,0.003806358250624933,0.12312966051046222,0.699746485442769,-0.9351920441078915,0.9902694610778443,0.9985029940119761,0.3515724550898204,1.311458083987236,0.55,27.0,0.0,20.0,False
baseline,,0.23051543153651136,0.00788154924594252,0.12283205926997123,0.6990016560824738,-0.9045036361080164,0.992548435171386,0.9985096870342772,0.35385812220566326,1.3410982295870781,0.55,27.272727272727273,0.0,20.0,False
baseline,,0.23051543153651136,0.01631975090784437,0.1228320589408217,0.6873210339167567,-0.8479865293246186,0.9926362297496318,0.9992636229749632,0.35469985272459503,1.3818909034132958,0.55,28.0,0.0,20.0,False
baseline,,0.23051543153651136,0.03379212149580846,0.12187036827874746,0.6788683802549267,-0.7506748132302502,0.9942112879884226,0.9992764109985528,0.35628769898697543,1.4682494416832923,0.45,26.88888888888889,0.0,20.0,False
baseline,,0.23051543153651136,0.0699708887492028,0.12185223168045978,0.6673065229541281,-0.5985115226950743,0.9964689265536724,1.0,0.3592689265536724,1.6585163652896882,0.45,28.77777777777778,0.0,20.0,False
baseline,,0.23051543153651136,0.14488363132100487,0.12203300800655702,0.6649212028531125,-0.379733289462025,0.9986244841815681,1.0,0.36142448418156814,1.850984987616539,0.35,28.571428571428573,0.0,20.0,False
baseline,,0.23051543153651136,0.3,0.12249268089849691,0.6657695757097275,-0.11901002847287745,0.9993150684931507,1.0,0.36211506849315067,2.022388683259487,0.35,29.0,0.0,20.0,False
baseline,,0.5,0.00010000000000000009,0.12205511487252067,0.6624729206232354,-0.3148993029758771,0.9951790633608816,1.0,0.3579790633608816,1.9563246784731745,0.4,29.75,0.0,20.0,False
baseline,,0.5,0.00020706272838739032,0.12205511243730781,0.6624800150925354,-0.3143446033169819,0.9951790633608816,1.0,0.3579790633608816,1.9575065981596709,0.4,29.75,0.0,20.0,False
baseline,,0.5,0.0004287497348723022,0.12205511257252799,0.6624947001810922,-0.31319905173175205,0.9951790633608816,1.0,0.3579790633608816,1.9599510092288255,0.4,29.75,0.0,20.0,False
baseline,,0.5,0.0008877808989802905,0.12205511486510943,0.6625250321948785,-0.31084007764844274,0.9958677685950413,1.0,0.35866776859504135,1.965002376958728,0.4,29.75,0.0,20.0,False
baseline,,0.5,0.001838263351530691,0.1220551121335286,0.6625878264362489,-0.30601002289863277,0.9958677685950413,1.0,0.35866776859504135,1.9754146257415415,0.4,29.75,0.0,20.0,False
baseline,,0.5,0.003806358250624933,0.12205511220969918,0.6612860903638377,-0.29675542709107217,0.9958734525447043,1.0,0.3586734525447043,1.9901091473177075,0.4,29.875,0.0,20.0,False
baseline,,0.5,0.00788154924594252,0.12198536483608577,0.6600407570869277,-0.2784886578635343,0.9958847736625515,1.0,0.35868477366255147,2.020733019709587,0.4,30.125,0.0,20.0,False
baseline,,0.5,0.01631975090784437,0.12209089501708742,0.6563823968362374,-0.24389598268829427,0.9965986394557823,1.0,0.3593986394557823,2.072259222716093,0.4,30.875,0.0,20.0,False
baseline,,0.5,0.03379212149580846,0.12248482042735705,0.6512467277794924,-0.17825318909227947,0.9973404255319149,1.0,0.36014042553191494,2.1517515264451506,0.35,32.142857142857146,0.0,20.0,False
baseline,,0.5,0.0699708887492028,0.12238431143954527,0.6508348084436504,-0.06840114677694423,0.9986772486772487,1.0,0.36147724867724873,2.3140471287071707,0.3,31.666666666666668,0.0,20.0,False
baseline,,0.5,0.14488363132100487,0.12251320835411243,0.6489375425667419,0.09223107917444125,0.9986876640419947,1.0,0.3614876640419947,2.4313993617892264,0.3,32.666666666666664,0.0,20.0,False
baseline,,0.5,0.3,0.12251321023065365,0.6451908408840074,0.3120145071681433,1.0,1.0,0.3628,2.5057860247790815,0.3,33.333333333333336,0.0,20.0,False
success_radius,0.2,0.00010000000000000009,0.00010000000000000009,0.1243753414696777,0.7711097614786764,74.01720770924935,0.13949579831932774,0.23361344537815126,1.264090756302521,0.228657522238791,0.8,26.1875,0.0,20.0,False
success_radius,0.2,0.00010000000000000009,0.00020706272838739032,0.12437534211601213,0.7711096435836637,59.13788471747552,0.15966386554621848,0.2722689075630252,1.2052672268907563,0.2290846886113286,0.8,26.1875,0.0,20.0,False
success_radius,0.2,0.00010000000000000009,0.0004287497348723022,0.1243753419039447,0.7711058624476153,50.39031420408395,0.18487394957983194,0.32100840336134456,1.1313176470588235,0.23244615960866213,0.8,26.1875,0.0,20.0,False
success_radius,0.2,0.00010000000000000009,0.0008877808989802905,0.1242202550116867,0.7594255818173495,45.16109457587355,0.23051409618573798,0.38474295190713104,1.021942951907131,0.21870415434241294,0.8,26.6875,0.0625,20.0,False
success_radius,0.2,0.00010000000000000009,0.001838263351530691,0.1242202540951757,0.7575291983267919,42.8721120747573,0.2855960264900662,0.45364238410596025,0.8979615894039735,0.2361267525702715,0.8,26.75,0.0625,20.0,False
success_radius,0.2,0.00010000000000000009,0.003806358250624933,0.12391956969241101,0.7512284929549796,41.73984254405648,0.3530377668308703,0.5229885057471264,0.7611737274220033,0.232914396841079,0.7,25.357142857142858,0.0,20.0,False
success_radius,0.2,0.00010000000000000009,0.00788154924594252,0.12386666562159218,0.7461655335244423,41.34149064222681,0.4210097719869707,0.5716612377850163,0.6445289902280129,0.2772893777117133,0.7,25.714285714285715,0.0,20.0,False
success_radius,0.2,0.00010000000000000009,0.01631975090784437,0.123766580551877,0.7318607918539181,40.96924848011743,0.4936,0.596,0.5476000000000001,0.32560744043439627,0.6,24.416666666666668,0.0,20.0,False
success_radius,0.2,0.00010000000000000009,0.03379212149580846,0.12362085790680817,0.713780069471064,40.61425744801184,0.5404984423676013,0.6066978193146417,0.490003738317757,0.4324482294730842,0.6,25.833333333333332,0.0,20.0,False
success_radius,0.2,0.00010000000000000009,0.0699708887492028,0.12292337948945792,0.6981392906287922,40.14517726677824,0.5629742033383915,0.6107738998482549,0.4634518968133535,0.6051507731899619,0.5,24.9,0.0,20.0,False
success_radius,0.2,0.00010000000000000009,0.14488363132100487,0.12272055016529808,0.6686219228015414,39.36936481212583,0.5795620437956205,0.6204379562043796,0.4371999999999999,0.8548849537968636,0.5,27.5,0.0,20.0,False
success_radius,0.2,0.00010000000000000009,0.3,0.12204396344539478,0.6619593478715338,39.165686085565305,0.5806223479490806,0.620933521923621,0.4356441301272984,1.0782516706734895,0.4,27.375,0.0,20.0,False
success_radius,0.2,0.00021690521830457365,0.00010000000000000009,0.1243753414696777,0.7711097614786764,41.6747867796321,0.16638655462184873,0.2739495798319328,1.1968638655462185,0.228657522238791,0.8,26.1875,0.0,20.0,False
success_radius,0.2,0.00021690521830457365,0.00020706272838739032,0.12437534186021805,0.7711095920894449,31.30648381669998,0.18403361344537816,0.3100840336134454,1.1430823529411764,0.22914646062999963,0.8,26.1875,0.0,20.0,False
success_radius,0.2,0.00021690521830457365,0.0004287497348723022,0.12437534138180134,0.7711054463387088,24.386671635943078,0.20840336134453782,0.3546218487394958,1.0741747899159664,0.23271581139415504,0.8,26.1875,0.0,20.0,False
success_radius,0.2,0.00021690521830457365,0.0008877808989802905,0.12422025499786084,0.7594303479939425,20.08022388580747,0.25290215588723053,0.4187396351575456,0.9655582089552239,0.21913666203618049,0.8,26.6875,0.0625,20.0,False
success_radius,0.2,0.00021690521830457365,0.001838263351530691,0.1242202546518349,0.7575345005911354,18.0051420065366,0.304635761589404,0.48344370860927155,0.8491205298013245,0.23653989266604186,0.8,26.75,0.0625,20.0,False
success_radius,0.2,0.00021690521830457365,0.003806358250624933,0.12391957119194878,0.7512348931680306,17.014771997458215,0.37192118226600984,0.5525451559934319,0.7127336617405582,0.23330721603706478,0.7,25.357142857142858,0.0,20.0,False
success_radius,0.2,0.00021690521830457365,0.00788154924594252,0.12386666609961326,0.7461701921572279,16.68601562610128,0.44136807817589574,0.6001628664495114,0.5956690553745928,0.2775573760271072,0.7,25.714285714285715,0.0,20.0,False
success_radius,0.2,0.00021690521830457365,0.01631975090784437,0.12376658419491814,0.7318643740379698,16.541169186728993,0.5136,0.624,0.49960000000000004,0.3259255181998014,0.6,24.416666666666668,0.0,20.0,False
success_radius,0.2,0.00021690521830457365,0.03379212149580846,0.1236208595149113,0.7137827268152349,16.492981348407564,0.5615264797507789,0.6355140186915887,0.4401595015576324,0.4326471727341413,0.6,25.833333333333332,0.0,20.0,False
success_radius,0.2,0.00021690521830457365,0.0699708887492028,0.12292338088458589,0.698141368481274,16.43159867911673,0.582701062215478,0.6396054628224582,0.41489347496206375,0.6053265169262886,0.5,24.9,0.0,20.0,False
success_radius,0.2,0.00021690521830457365,0.14488363132100487,0.1227205502947828,0.6686234366951722,16.288242895612953,0.5992700729927007,0.6481751824817519,0.38975474452554737,0.8550248268991709,0.5,27.5,0.0,20.0,False
success_radius,0.2,0.00021690521830457365,0.3,0.12204396428617109,0.661960252798064,16.387189806690913,0.6004243281471005,0.6492220650636492,0.3875536067892503,1.0783280827105046,0.4,27.375,0.0,20.0,False
success_radius,0.2,0.00047047873727754753,0.00010000000000000009,0.1243753414696777,0.7711097614786764,22.52109653557742,0.2042016806722689,0.35126050420168065,1.0817378151260504,0.228657522238791,0.8,26.1875,0.0,20.0,False
success_radius,0.2,0.00047047873727754753,0.00020706272838739032,0.12437534177845624,0.7711091808102686,16.461654997819156,0.21932773109243697,0.380672268907563,1.0372,0.22932223621755837,0.8,26.1875,0.0,20.0,False
success_radius,0.2,0.00047047873727754753,0.0004287497348723022,0.12437534133204983,0.7711050008535931,11.707550660265882,0.2445378151260504,0.4260504201680672,0.9666117647058824,0.23337551970034837,0.8,26.1875,0.0,20.0,False
success_radius,0.2,0.00047047873727754753,0.0008877808989802905,0.12422025460153352,0.7573918522487406,8.408215009456816,0.28311258278145696,0.48013245033112584,0.8739549668874171,0.2192380867898464,0.8,26.75,0.0625,20.0,False
success_radius,0.2,0.00047047873727754753,0.001838263351530691,0.12422025458864322,0.7559329858273366,6.648712801951012,0.33553719008264465,0.5413223140495868,0.7603404958677686,0.22970534600317477,0.8,26.8125,0.0625,20.0,False
success_radius,0.2,0.00047047873727754753,0.003806358250624933,0.12391956996257783,0.7512487111702716,5.7992837355939555,0.3981937602627258,0.6116584564860427,0.6273477832512315,0.23416044041514397,0.7,25.357142857142858,0.0,20.0,False
success_radius,0.2,0.00047047873727754753,0.00788154924594252,0.124104364231839,0.7461803515577886,5.560441198127664,0.4666666666666667,0.6536585365853659,0.5168747967479674,0.2675270617008209,0.7,25.785714285714285,0.0,20.0,False
success_radius,0.2,0.00047047873727754753,0.01631975090784437,0.12376658034718688,0.7318721089629855,5.477921992963625,0.5392,0.6784,0.4196,0.3266156051307917,0.6,24.416666666666668,0.0,20.0,False
success_radius,0.2,0.00047047873727754753,0.03379212149580846,0.1236052231724153,0.7121209182200916,5.561236747121958,0.5877329192546584,0.6902173913043478,0.3592496894409938,0.42052748063579204,0.55,24.818181818181817,0.0,20.0,False
success_radius,0.2,0.00047047873727754753,0.0699708887492028,0.12292338204106505,0.6981458282157731,5.694354241658903,0.6084977238239757,0.6934749620637329,0.33522731411229134,0.6057077385485172,0.5,24.9,0.0,20.0,False
success_radius,0.2,0.00047047873727754753,0.14488363132100487,0.12272055182305139,0.6686268328686473,5.8380384242920265,0.6240875912408759,0.7014598540145985,0.3116525547445256,0.8553282411769032,0.5,27.5,0.0,20.0,False
success_radius,0.2,0.00047047873727754753,0.3,0.12204396316222312,0.6619621214473179,6.076364066095978,0.6258840169731259,0.7022630834512023,0.30905289957567184,1.078493926487863,0.4,27.375,0.0,20.0,False
success_radius,0.2,0.001020492932168466,0.00010000000000000009,0.12437534148253171,0.7711097222669222,10.618495468306344,0.2596638655462185,0.44537815126050423,0.9321579831932771,0.22873924169689416,0.8,26.1875,0.0,20.0,False
success_radius,0.2,0.001020492932168466,0.00020706272838739032,0.12437534205028587,0.7711083585935873,7.755158803899177,0.2714285714285714,0.473109243697479,0.8926621848739495,0.22998920772224665,0.8,26.1875,0.0,20.0,False
success_radius,0.2,0.001020492932168466,0.0004287497348723022,0.12422025424968533,0.7711079669854293,5.018595619629973,0.287751677852349,0.511744966442953,0.837703355704698,0.2249254485592246,0.8,26.25,0.0,20.0,False
success_radius,0.2,0.001020492932168466,0.0008877808989802905,0.1242202543423216,0.757419119020125,2.8402936980453384,0.3253311258278146,0.5579470198675497,0.7539218543046358,0.2210335062816739,0.8,26.75,0.0625,20.0,False
success_radius,0.2,0.001020492932168466,0.001838263351530691,0.12422025424500133,0.7559661027920989,1.5008930652329928,0.3768595041322314,0.6165289256198347,0.6438115702479339,0.23201116900891067,0.8,26.8125,0.0625,20.0,False
success_radius,0.2,0.001020492932168466,0.003806358250624933,0.12391957127595571,0.7512776162979846,0.7986895969600195,0.4408866995073892,0.6781609195402298,0.5181523809523809,0.2360131438821554,0.7,25.357142857142858,0.0,20.0,False
success_radius,0.2,0.001020492932168466,0.00788154924594252,0.12410436273962655,0.7462019876902433,0.5813693983776326,0.5032520325203252,0.7219512195121951,0.41199674796747965,0.26869154619053004,0.7,25.785714285714285,0.0,20.0,False
success_radius,0.2,0.001020492932168466,0.01631975090784437,0.12376658063690943,0.7318888634570846,0.5769534328573748,0.5736,0.7416,0.32199999999999995,0.3281153321266174,0.6,24.416666666666668,0.0,20.0,False
success_radius,0.2,0.001020492932168466,0.03379212149580846,0.12360522389158732,0.7121332275108706,0.7264159619231242,0.6226708074534162,0.7507763975155279,0.26375279503105586,0.4211636367253959,0.55,24.818181818181817,0.0,20.0,False
success_radius,0.2,0.001020492932168466,0.0699708887492028,0.12292338057860477,0.6981555137088113,0.9400678881156733,0.6426403641881638,0.7534142640364189,0.24114537177541728,0.6065372491255403,0.5,24.9,0.0,20.0,False
success_radius,0.2,0.001020492932168466,0.14488363132100487,0.12272055033142278,0.6686343537334095,1.2113287164119408,0.6583941605839416,0.7591240875912408,0.21968175182481753,0.8559862527996301,0.5,27.5,0.0,20.0,False
success_radius,0.2,0.001020492932168466,0.3,0.12204396289099602,0.6619662717744798,1.5136441356092434,0.6598302687411598,0.7588401697312589,0.2185295615275813,1.0788531990721821,0.4,27.375,0.0,20.0,False
success_radius,0.2,0.0022135024223027535,0.00010000000000000009,0.12437534147715289,0.7711100486760507,3.5493240103632178,0.3352941176470588,0.5815126050420169,0.7203932773109243,0.23063496705144643,0.8,26.1875,0.0,20.0,False
success_radius,0.2,0.0022135024223027535,0.00020706272838739032,0.12422025491394616,0.7687318750355636,2.456211425654317,0.34673366834170855,0.6072026800670016,0.6832636515912898,0.2188968576490879,0.8,26.3125,0.0,20.0,False
success_radius,0.2,0.0022135024223027535,0.0004287497348723022,0.12422025598602089,0.7646829138008118,1.1977056718737709,0.3731218697829716,0.6318864774624374,0.632191652754591,0.20458026230335236,0.8,26.4375,0.0,20.0,False
success_radius,0.2,0.0022135024223027535,0.0008877808989802905,0.12422025488064309,0.7575022384586009,0.025316128864232332,0.396523178807947,0.6754966887417219,0.5651801324503312,0.22597475666552783,0.8,26.75,0.0625,20.0,False
success_radius,0.2,0.0022135024223027535,0.001838263351530691,0.12422025699426029,0.7560439314388442,-0.842429117233745,0.4413223140495868,0.7214876033057851,0.4743900826446281,0.23739916794002056,0.8,26.8125,0.0625,20.0,False
success_radius,0.2,0.0022135024223027535,0.003806358250624933,0.12391956994295282,0.7513371354047568,-1.3526745514361542,0.5008210180623974,0.7742200328407225,0.36215894909688007,0.24003107696771622,0.7,25.357142857142858,0.0,20.0,False
success_radius,0.2,0.0022135024223027535,0.00788154924594252,0.12410436213561532,0.7462475356335807,-1.5198158233414112,0.5609756097560976,0.8138211382113821,0.26240325203252024,0.27123111905530095,0.7,25.785714285714285,0.0,20.0,False
success_radius,0.2,0.0022135024223027535,0.01631975090784437,0.12376658284220377,0.7305995317144833,-1.480548568343792,0.6293929712460063,0.8282747603833865,0.1795322683706071,0.33685840424150226,0.6,24.5,0.0,20.0,False
success_radius,0.2,0.0022135024223027535,0.03379212149580846,0.12360522325586708,0.7121596497770677,-1.30327479290031,0.6762422360248447,0.8377329192546584,0.12322484472049688,0.4225850964896381,0.55,24.818181818181817,0.0,20.0,False
success_radius,0.2,0.0022135024223027535,0.0699708887492028,0.122923380310051,0.698176604111067,-1.0548830387078447,0.6934749620637329,0.8414264036418816,0.12384855842185138,0.6083462774753571,0.5,24.9,0.0,20.0,False
success_radius,0.2,0.0022135024223027535,0.14488363132100487,0.12272055073337804,0.668650412379132,-0.7300228701190877,0.7072992700729926,0.8467153284671532,0.13238394160583944,0.8574133689515293,0.5,27.5,0.0,20.0,False
success_radius,0.2,0.0022135024223027535,0.3,0.12204396471700552,0.6619753004254786,-0.3987492123433619,0.7086280056577087,0.847949080622348,0.13247892503536074,1.079633273370564,0.4,27.375,0.0,20.0,False
success_radius,0.2,0.004801202261272809,0.00010000000000000009,0.1240436693369528,0.7563928110539374,-0.15602655950546285,0.4603960396039604,0.740924092409241,0.4358798679867986,0.2324544947594404,0.8,26.875,0.0625,20.0,False
success_radius,0.2,0.004801202261272809,0.00020706272838739032,0.1240436699646889,0.756414813561864,-0.47980953348263394,0.47112211221122113,0.7475247524752475,0.41855313531353133,0.23534808717668057,0.8,26.875,0.0625,20.0,False
success_radius,0.2,0.004801202261272809,0.0004287497348723022,0.12404367057275018,0.7564569631692931,-0.931279636034714,0.48432343234323433,0.7673267326732673,0.3855498349834983,0.24112349189817905,0.8,26.875,0.0625,20.0,False
success_radius,0.2,0.004801202261272809,0.0008877808989802905,0.1241529115044966,0.7565342989913396,-1.4451246953628727,0.5049423393739704,0.7940691927512356,0.33818846787479406,0.251423367485404,0.75,26.133333333333333,0.06666666666666667,20.0,False
success_radius,0.2,0.004801202261272809,0.001838263351530691,0.1243083383852457,0.7554993846082126,-1.9025099253117304,0.5394736842105263,0.8338815789473685,0.2638447368421052,0.2490227224305272,0.7,25.285714285714285,0.0,20.0,False
success_radius,0.2,0.004801202261272809,0.003806358250624933,0.1239015007428474,0.7505711840791056,-2.198744681975221,0.5915032679738562,0.8782679738562091,0.16742875816993463,0.26830776538699863,0.7,25.571428571428573,0.07142857142857142,20.0,False
success_radius,0.2,0.004801202261272809,0.00788154924594252,0.12393115436912429,0.7468031458966088,-2.2960175763012316,0.6501623376623377,0.9058441558441559,0.08119350649350643,0.29325167862698437,0.65,24.846153846153847,0.0,20.0,False
success_radius,0.2,0.004801202261272809,0.01631975090784437,0.12359566542079312,0.727269306799538,-2.22863911197097,0.7090620031796503,0.9173290937996821,0.06353290937996825,0.35639759954065087,0.65,25.846153846153847,0.0,20.0,False
success_radius,0.2,0.004801202261272809,0.03379212149580846,0.12343821152433687,0.7111924902599923,-2.0388645204989078,0.7515479876160991,0.9249226006191951,0.09842538699690406,0.44487748919054865,0.55,25.0,0.0,20.0,False
success_radius,0.2,0.004801202261272809,0.0699708887492028,0.12276127859908345,0.6955102055087139,-1.7764299354573345,0.7681268882175226,0.9274924471299094,0.11243444108761325,0.6407571483403445,0.5,25.2,0.0,20.0,False
success_radius,0.2,0.004801202261272809,0.14488363132100487,0.1223538323515326,0.6676504749657629,-1.4398019396647745,0.779796511627907,0.9316860465116279,0.11991046511627912,0.8884588415268808,0.5,27.8,0.0,20.0,False
success_radius,0.2,0.004801202261272809,0.3,0.12189207990279834,0.6625122605240699,-1.0938363659430388,0.7796610169491526,0.9336158192090396,0.11784519774011304,1.1203388053923846,0.4,27.5,0.0,20.0,False
success_radius,0.2,0.010414058246057912,0.00010000000000000009,0.12430833798693332,0.7522733153565626,-1.7566573609311273,0.6031096563011457,0.8715220949263502,0.1625682487725041,0.2780105129815638,0.65,24.46153846153846,0.07692307692307693,20.0,False
success_radius,0.2,0.010414058246057912,0.00020706272838739032,0.12430833787834968,0.7522821617468181,-1.8330028073212603,0.6088379705400983,0.8764320785597381,0.1519299509001636,0.2798259206116199,0.65,24.46153846153846,0.07692307692307693,20.0,False
success_radius,0.2,0.010414058246057912,0.0004287497348723022,0.12430833705256045,0.7523005448133523,-1.9558454986490612,0.618657937806874,0.88379705400982,0.13474500818330604,0.2837921473197639,0.65,24.46153846153846,0.07692307692307693,20.0,False
success_radius,0.2,0.010414058246057912,0.0008877808989802905,0.12430833652663328,0.753515871484151,-2.1230215559647334,0.6377049180327868,0.9073770491803279,0.09211803278688524,0.28813428450375794,0.65,24.384615384615383,0.0,20.0,False
success_radius,0.2,0.010414058246057912,0.001838263351530691,0.12390149892152817,0.7536154985905352,-2.2980355375817325,0.6677577741407529,0.9320785597381342,0.03736366612111286,0.29682032940909264,0.65,24.46153846153846,0.0,20.0,False
success_radius,0.2,0.010414058246057912,0.003806358250624933,0.1239311529522001,0.7495517985178065,-2.425500341499651,0.7089430894308943,0.9544715447154472,0.026271544715447237,0.3152871730737388,0.65,24.76923076923077,0.0,20.0,False
success_radius,0.2,0.010414058246057912,0.00788154924594252,0.1235956640774309,0.7378956493036584,-2.4560118707830543,0.7504012841091493,0.9670947030497592,0.08029598715890851,0.33910231506451965,0.6,24.25,0.0,20.0,False
success_radius,0.2,0.010414058246057912,0.01631975090784437,0.12381958216947826,0.728117256467078,-2.3523628202781066,0.804140127388535,0.9745222929936306,0.1414624203821656,0.4188791667111218,0.65,25.76923076923077,0.0,20.0,False
success_radius,0.2,0.010414058246057912,0.03379212149580846,0.12343820891724273,0.7121180917151609,-2.16526033308039,0.8421052631578947,0.9798761609907121,0.18478142414860677,0.5046389318071306,0.55,25.0,0.0,20.0,False
success_radius,0.2,0.010414058246057912,0.0699708887492028,0.12268551367297749,0.6929831451450535,-1.9068003550374812,0.8551051051051051,0.9812312312312312,0.19913633633633632,0.6931338083930314,0.5,25.6,0.0,20.0,False
success_radius,0.2,0.010414058246057912,0.14488363132100487,0.12208950002272652,0.6657267383928462,-1.563738642639117,0.8654124457308249,0.983357452966715,0.21156989869753984,0.9418295246548951,0.45,26.88888888888889,0.0,20.0,False
success_radius,0.2,0.010414058246057912,0.3,0.12199732999073376,0.6634515319593804,-1.2210286957558436,0.8660084626234132,0.9837799717912553,0.21258843441466857,1.1794388976879417,0.4,27.625,0.0,20.0,False
success_radius,0.2,0.02258863577297737,0.00010000000000000009,0.12433533123505358,0.748852208725901,-2.194950324959962,0.7536585365853659,0.9512195121951219,0.07423902439024399,0.37875877134501934,0.65,24.76923076923077,0.0,20.0,False
success_radius,0.2,0.02258863577297737,0.00020706272838739032,0.1243353317903811,0.748861830289961,-2.207163146389829,0.7569105691056911,0.9536585365853658,0.07505203252032533,0.3806227697059512,0.65,24.76923076923077,0.0,20.0,False
success_radius,0.2,0.02258863577297737,0.0004287497348723022,0.12433533477952313,0.7488783115319384,-2.2284919946960393,0.7617886178861789,0.9601626016260163,0.08475121951219522,0.38426472041755916,0.65,24.76923076923077,0.0,20.0,False
success_radius,0.2,0.02258863577297737,0.0008877808989802905,0.12393115350661252,0.7467339588381665,-2.265042524608473,0.7714748784440842,0.965964343598055,0.10023922204213931,0.370454913796857,0.65,24.923076923076923,0.0,20.0,False
success_radius,0.2,0.02258863577297737,0.001838263351530691,0.12359566646707043,0.7389096599263243,-2.311139066237937,0.7961476725521669,0.9743178170144462,0.1332654895666131,0.3761301370337605,0.6,24.25,0.0,20.0,False
success_radius,0.2,0.02258863577297737,0.003806358250624933,0.12359566612395502,0.7354131065886333,-2.3278972485392195,0.8184,0.9864,0.16760000000000008,0.385413377545774,0.6,24.416666666666668,0.0,20.0,False
success_radius,0.2,0.02258863577297737,0.00788154924594252,0.12357990417806108,0.7290130282219827,-2.294103467620059,0.8555555555555555,0.9896825396825397,0.20803809523809524,0.4261503307148814,0.6,24.833333333333332,0.0,20.0,False
success_radius,0.2,0.02258863577297737,0.01631975090784437,0.12377430797574233,0.7175977246280935,-2.1839952903733413,0.8993759750390016,0.9945397815912637,0.25671575663026525,0.4829245758242905,0.55,24.545454545454547,0.0,20.0,False
success_radius,0.2,0.02258863577297737,0.03379212149580846,0.12343821061253803,0.7008173715543629,-1.9948793000414642,0.9235474006116208,0.9977064220183486,0.28405382262996937,0.5982151765376329,0.5,24.4,0.0,20.0,False
success_radius,0.2,0.02258863577297737,0.0699708887492028,0.12268551652330989,0.6896124124541436,-1.746143644138698,0.9334828101644245,0.9985052316890882,0.2947880418535127,0.7970620220527053,0.5,25.9,0.0,20.0,False
success_radius,0.2,0.02258863577297737,0.14488363132100487,0.12200716548018398,0.6638107362081158,-1.4257332413150952,0.9418103448275862,1.0,0.3046103448275862,1.0300827950239182,0.45,27.444444444444443,0.0,20.0,False
success_radius,0.2,0.02258863577297737,0.3,0.12192770313201856,0.6632512923206779,-1.0883651990863166,0.9431977559607293,1.0,0.3059977559607293,1.2691792705794795,0.4,28.125,0.0,20.0,False
success_radius,0.2,0.04899592973540154,0.00010000000000000009,0.1234133220186177,0.7302208216104134,-2.040908959105711,0.8929133858267716,0.9858267716535433,0.24154015748031488,0.4835950393229723,0.6,25.25,0.0,20.0,False
success_radius,0.2,0.04899592973540154,0.00020706272838739032,0.12341332246565805,0.7302284802041097,-2.0407294330540835,0.8937007874015748,0.9866141732283464,0.24311496062992122,0.4849457755684853,0.6,25.25,0.0,20.0,False
success_radius,0.2,0.04899592973540154,0.0004287497348723022,0.12341332261695688,0.7282822835002535,-2.0414699606544606,0.8970125786163522,0.9866352201257862,0.2464477987421384,0.47892284956760706,0.6,25.333333333333332,0.0,20.0,False
success_radius,0.2,0.04899592973540154,0.0008877808989802905,0.1236322033956475,0.7301912920976127,-2.0362530475210816,0.9014195583596214,0.9873817034700315,0.2516012618296529,0.4897422032430768,0.6,25.166666666666668,0.0,20.0,False
success_radius,0.2,0.04899592973540154,0.001838263351530691,0.12363220472413815,0.7326233945569783,-2.025578301771892,0.906003159557662,0.990521327014218,0.25932448657188,0.5121991593390703,0.6,25.083333333333332,0.0,20.0,False
success_radius,0.2,0.04899592973540154,0.003806358250624933,0.12363220363220499,0.7287925673294022,-2.0044094839069326,0.9251968503937008,0.9921259842519685,0.28012283464566934,0.5290058159502223,0.6,25.25,0.0,20.0,False
success_radius,0.2,0.04899592973540154,0.00788154924594252,0.12373529266746541,0.7179349408547689,-1.9528053995448864,0.947900466562986,0.9937791601866252,0.30447962674961115,0.5597513081505895,0.6,25.916666666666668,0.0,20.0,False
success_radius,0.2,0.04899592973540154,0.01631975090784437,0.12327661480833998,0.7083896231256683,-1.8535152775342507,0.9641221374045802,0.9961832061068703,0.3231053435114505,0.6089339125901461,0.5,24.5,0.0,20.0,False
success_radius,0.2,0.04899592973540154,0.03379212149580846,0.12311986852371276,0.696687386043566,-1.684371912235071,0.9774096385542169,0.9977409638554217,0.3379506024096386,0.7257656075060368,0.55,26.636363636363637,0.0,20.0,False
success_radius,0.2,0.04899592973540154,0.0699708887492028,0.1223352210639362,0.6765521235125421,-1.4437359119492974,0.9825072886297376,0.999271137026239,0.34457842565597663,0.920095325447619,0.5,27.6,0.0,20.0,False
success_radius,0.2,0.04899592973540154,0.14488363132100487,0.12192445457018654,0.6641927299252512,-1.151258880726956,0.9880952380952381,1.0,0.35089523809523815,1.1891817912459373,0.4,28.25,0.0,20.0,False
success_radius,0.2,0.04899592973540154,0.3,0.12211105868937551,0.6638520738109526,-0.8400773279745908,0.9889196675900277,1.0,0.3517196675900277,1.382527239434421,0.35,27.857142857142858,0.0,20.0,False
success_radius,0.2,0.10627472835292812,0.00010000000000000009,0.12373529411444127,0.7079942590395933,-1.5734613883203687,0.9631336405529954,0.9938556067588326,0.319789247311828,0.7317673414945602,0.55,25.454545454545453,0.0,20.0,False
success_radius,0.2,0.10627472835292812,0.00020706272838739032,0.12373529479670502,0.7080015445850966,-1.571977450001102,0.9639016897081413,0.9946236559139785,0.3213253456221198,0.7328587273135782,0.55,25.454545454545453,0.0,20.0,False
success_radius,0.2,0.10627472835292812,0.0004287497348723022,0.12373529172890746,0.7080165015832064,-1.5689103205573762,0.9639016897081413,0.9946236559139785,0.3213253456221198,0.7351543132215739,0.55,25.454545454545453,0.0,20.0,False
success_radius,0.2,0.10627472835292812,0.0008877808989802905,0.12373529345652844,0.7080476879455111,-1.5625894427237832,0.9654377880184332,0.9946236559139785,0.3228614439324117,0.7400480700656772,0.55,25.454545454545453,0.0,20.0,False
success_radius,0.2,0.10627472835292812,0.001838263351530691,0.12360618685026029,0.7049083126841709,-1.5531380518377849,0.9665144596651446,0.9946727549467276,0.3239872146118722,0.7472138015553356,0.5,24.7,0.0,20.0,False
success_radius,0.2,0.10627472835292812,0.003806358250624933,0.12360618741513199,0.6999283450941032,-1.5295531462077145,0.9719696969696969,0.9954545454545455,0.3302242424242424,0.7567287784069776,0.5,25.0,0.0,20.0,False
success_radius,0.2,0.10627472835292812,0.00788154924594252,0.1232766179986788,0.7001944928805064,-1.4819208129311838,0.9811178247734139,0.9969788519637462,0.3408966767371602,0.7921359203755856,0.5,25.2,0.0,20.0,False
success_radius,0.2,0.10627472835292812,0.01631975090784437,0.12300832477812947,0.6941683010266018,-1.400706979093306,0.988822652757079,0.9985096870342772,0.3501323397913563,0.8647283913567663,0.5,26.1,0.0,20.0,False
success_radius,0.2,0.10627472835292812,0.03379212149580846,0.12259139287110574,0.6806741960220404,-1.2594978695539616,0.9919354838709677,0.998533724340176,0.3532692082111437,0.9471483374014497,0.5,27.2,0.0,20.0,False
success_radius,0.2,0.10627472835292812,0.0699708887492028,0.12190668753298946,0.6670663756775609,-1.0575906093702816,0.995,1.0,0.3578,1.1379215875640512,0.45,27.88888888888889,0.0,20.0,False
success_radius,0.2,0.10627472835292812,0.14488363132100487,0.1219767121119707,0.6630462589221173,-0.7999537278368261,0.9979253112033195,1.0,0.3607253112033195,1.3866106695961207,0.35,28.0,0.0,20.0,False
success_radius,0.2,0.10627472835292812,0.3,0.12249268222765962,0.6630026466197625,-0.5091976608853331,0.9986263736263736,1.0,0.36142637362637364,1.5931476911529898,0.35,28.714285714285715,0.0,20.0,False
success_radius,0.2,0.23051543153651136,0.00010000000000000009,0.12235269196677388,0.6758669927103289,-0.9812274881632951,0.988388969521045,0.9985486211901307,0.3497375907111757,1.1317037885077297,0.5,27.9,0.0,20.0,False
success_radius,0.2,0.23051543153651136,0.00020706272838739032,0.12235269369798644,0.6758736589713562,-0.9801986440739724,0.9891146589259797,0.9985486211901307,0.3504632801161104,1.1328365907538682,0.5,27.9,0.0,20.0,False
success_radius,0.2,0.23051543153651136,0.0004287497348723022,0.12235269216671033,0.6742991793450348,-0.9787627685733541,0.9898550724637681,0.9985507246376811,0.3512057971014493,1.1272584913298487,0.5,28.0,0.0,20.0,False
success_radius,0.2,0.23051543153651136,0.0008877808989802905,0.12235269205143111,0.6743282659565362,-0.9744160162709788,0.9905797101449275,0.9985507246376811,0.35193043478260866,1.1319359381916,0.5,28.0,0.0,20.0,False
success_radius,0.2,0.23051543153651136,0.001838263351530691,0.12235269292993745,0.6728081546044752,-0.9661277055316254,0.9905933429811867,0.9985528219971056,0.35194616497829234,1.143837544322014,0.5,28.1,0.0,20.0,False
success_radius,0.2,0.23051543153651136,0.003806358250624933,0.12235269355519143,0.6729311521846048,-0.9483918299058656,0.9905933429811867,0.9985528219971056,0.35194616497829234,1.164004130475223,0.5,28.1,0.0,20.0,False
success_radius,0.2,0.23051543153651136,0.00788154924594252,0.12219427149222699,0.6704483936234541,-0.9165919725799634,0.9928057553956835,0.9985611510791367,0.3541669064748202,1.1755551019683481,0.5,28.5,0.0,20.0,False
success_radius,0.2,0.23051543153651136,0.01631975090784437,0.12169405293094725,0.6673324838840391,-0.8586067900724832,0.9928876244665719,0.9992887624466572,0.3549763869132291,1.2307675403542817,0.45,28.22222222222222,0.0,20.0,False
success_radius,0.2,0.23051543153651136,0.03379212149580846,0.12177814759048267,0.6614322125283546,-0.7559286102880761,0.9943582510578279,0.9992947813822285,0.35645303244005644,1.3607334638014437,0.45,28.88888888888889,0.0,20.0,False
success_radius,0.2,0.23051543153651136,0.0699708887492028,0.12210080681838759,0.6530348308972301,-0.5962786296033594,0.9965893587994543,1.0,0.35938935879945433,1.543045393936336,0.35,29.428571428571427,0.0,20.0,False
success_radius,0.2,0.23051543153651136,0.14488363132100487,0.12235000169340575,0.651546466705218,-0.3862975658442759,0.9986504723346828,1.0,0.36145047233468286,1.7608522422611714,0.35,30.571428571428573,0.0,20.0,False
success_radius,0.2,0.23051543153651136,0.3,0.12259428854260063,0.647513158328906,-0.12420011208954672,0.9993333333333333,1.0,0.3621333333333333,1.9078774118795991,0.3,30.666666666666668,0.0,20.0,False
success_radius,0.2,0.5,0.00010000000000000009,0.1218860874850616,0.6497177639609019,-0.3234679358529131,0.9953020134228188,1.0,0.3581020134228188,1.8739525243639945,0.4,32.125,0.0,20.0,False
success_radius,0.2,0.5,0.00020706272838739032,0.12194799386137894,0.6497250108015656,-0.3233659619485448,0.9953083109919572,1.0,0.35810831099195717,1.86960428673774,0.4,32.25,0.0,20.0,False
success_radius,0.2,0.5,0.0004287497348723022,0.12196817188164251,0.6497400419403184,-0.32266319983476044,0.9953145917001339,1.0,0.35811459170013393,1.8717229627072811,0.4,32.375,0.0,20.0,False
success_radius,0.2,0.5,0.0008877808989802905,0.1219681741648791,0.6497712572713257,-0.3202429686573224,0.9959839357429718,1.0,0.35878393574297185,1.8750759929418563,0.4,32.375,0.0,20.0,False
success_radius,0.2,0.5,0.001838263351530691,0.12196817153111666,0.6498365870061834,-0.3152895512775682,0.9959839357429718,1.0,0.35878393574297185,1.8820782233029605,0.4,32.375,0.0,20.0,False
success_radius,0.2,0.5,0.003806358250624933,0.12220945088651555,0.6499751098232293,-0.3062260432966705,0.9959946595460614,1.0,0.3587946595460614,1.8927163034677505,0.4,32.625,0.0,20.0,False
success_radius,0.2,0.5,0.00788154924594252,0.1222662895829475,0.6481996945537161,-0.2855046152290888,0.9953580901856764,1.0,0.35815809018567646,1.9375834118574857,0.35,32.42857142857143,0.0,20.0,False
success_radius,0.2,0.5,0.01631975090784437,0.12241762242830156,0.6475625412539441,-0.24813139284104677,0.9966931216931217,1.0,0.35949312169312175,1.9932302862405777,0.35,32.714285714285715,0.0,20.0,False
success_radius,0.2,0.5,0.03379212149580846,0.12209154164503633,0.6451068163519886,-0.183200293782259,0.9973753280839895,1.0,0.36017532808398955,2.111281994730234,0.3,32.666666666666664,0.0,20.0,False
success_radius,0.2,0.5,0.0699708887492028,0.12264019418202793,0.6401987967302082,-0.07654756165191363,0.9987029831387808,1.0,0.3615029831387808,2.2321303591132162,0.3,34.166666666666664,0.0,20.0,False
success_radius,0.2,0.5,0.14488363132100487,0.12264019373938899,0.6397061703324114,0.08801550382027523,0.9987063389391979,1.0,0.3615063389391979,2.370106550306082,0.25,33.6,0.2,20.0,False
success_radius,0.2,0.5,0.3,0.12256883051232695,0.6400150037161815,0.30245610113197885,1.0,1.0,0.3628,2.4416847025975583,0.25,34.8,0.2,20.0,False
success_radius,0.2888888888888889,0.00010000000000000009,0.00010000000000000009,0.1243753414696777,0.7766481023416822,74.2688670961455,0.14020270270270271,0.23395270270270271,1.2630445945945945,0.2412147743627429,0.85,26.764705882352942,0.0,20.0,False
success_radius,0.2888888888888889,0.00010000000000000009,0.00020706272838739032,0.12437534211601213,0.776648071764177,59.38707362649004,0.16047297297297297,0.2719594594594595,1.2047675675675675,0.24162333961576224,0.85,26.764705882352942,0.0,20.0,False
success_radius,0.2888888888888889,0.00010000000000000009,0.0004287497348723022,0.1243753419039447,0.7766458800563975,50.63307023608907,0.1858108108108108,0.32094594594594594,1.1304432432432432,0.24499395880848168,0.85,26.764705882352942,0.0,20.0,False
success_radius,0.2888888888888889,0.00010000000000000009,0.0008877808989802905,0.12437534182550482,0.7748574204708065,45.91137024067339,0.22849915682967958,0.3802698145025295,1.028431028667791,0.2444015521556139,0.8,26.0625,0.0,20.0,False
success_radius,0.2888888888888889,0.00010000000000000009,0.001838263351530691,0.12437534091523719,0.769156032997866,43.441132861682505,0.2827181208053691,0.44966442953020136,0.9048174496644295,0.25194090101867916,0.8,26.25,0.0,20.0,False
success_radius,0.2888888888888889,0.00010000000000000009,0.003806358250624933,0.12422025648841492,0.7659636938828316,42.30871914059008,0.34724540901502504,0.5166944908180301,0.7732601001669448,0.2776366979815066,0.8,26.4375,0.0,20.0,False
success_radius,0.2888888888888889,0.00010000000000000009,0.00788154924594252,0.12391957022991572,0.7545174391491793,41.599820759778375,0.4184514003294893,0.5691927512355849,0.6495558484349258,0.2898998914286494,0.7,25.214285714285715,0.0,20.0,False
success_radius,0.2888888888888889,0.00010000000000000009,0.01631975090784437,0.12410436265103884,0.7434151419904499,41.46380877940514,0.49108589951377635,0.593192868719611,0.5529212317666127,0.3552499769255519,0.7,25.928571428571427,0.0,20.0,False
success_radius,0.2888888888888889,0.00010000000000000009,0.03379212149580846,0.1232926815360674,0.7296384552498104,40.97023369025858,0.5365079365079365,0.6015873015873016,0.49910476190476194,0.4781667457893491,0.65,25.923076923076923,0.0,20.0,False
success_radius,0.2888888888888889,0.00010000000000000009,0.0699708887492028,0.12336523187287347,0.699955407805433,40.296721460532424,0.5640243902439024,0.6112804878048781,0.4618951219512195,0.6155874034389853,0.55,25.90909090909091,0.0,20.0,False
success_radius,0.2888888888888889,0.00010000000000000009,0.14488363132100487,0.12272055016529808,0.6776688081037335,39.713177941673784,0.5758468335787923,0.6170839469808542,0.44426921944035347,0.8797035750001669,0.5,26.9,0.0,20.0,False
success_radius,0.2888888888888889,0.00010000000000000009,0.3,0.12208851424186573,0.6655835399460399,39.57941870962523,0.576647564469914,0.6174785100286533,0.44307392550143265,1.0723752895370127,0.45,27.666666666666668,0.0,20.0,False
success_radius,0.2888888888888889,0.00021690521830457365,0.00010000000000000009,0.1243753414696777,0.7766481023416822,41.784307953528796,0.16722972972972974,0.27449324324324326,1.195477027027027,0.2412147743627429,0.85,26.764705882352942,0.0,20.0,False
success_radius,0.2888888888888889,0.00021690521830457365,0.00020706272838739032,0.12437534186021805,0.7766480546804607,31.420886377621247,0.18496621621621623,0.30996621621621623,1.1422675675675675,0.2416786989197135,0.85,26.764705882352942,0.0,20.0,False
success_radius,0.2888888888888889,0.00021690521830457365,0.0004287497348723022,0.12437534138180134,0.7766455803847765,24.499217898054436,0.20945945945945946,0.3547297297297297,1.073010810810811,0.24528689365833997,0.85,26.764705882352942,0.0,20.0,False
success_radius,0.2888888888888889,0.00021690521830457365,0.0008877808989802905,0.1243753418069238,0.7748607682664155,20.435282482727988,0.25042158516020235,0.4148397976391231,0.9719386172006745,0.24491708334535361,0.8,26.0625,0.0,20.0,False
success_radius,0.2888888888888889,0.00021690521830457365,0.001838263351530691,0.12437534147382255,0.7691605373070842,18.267571744453765,0.30201342281879195,0.4798657718120805,0.8553208053691275,0.25239199344068763,0.8,26.25,0.0,20.0,False
success_radius,0.2888888888888889,0.00021690521830457365,0.003806358250624933,0.12422025796520551,0.7659701385348323,17.27769811704942,0.3664440734557596,0.5467445742904842,0.7240113522537562,0.278250405844301,0.8,26.4375,0.0,20.0,False
success_radius,0.2888888888888889,0.00021690521830457365,0.00788154924594252,0.12391957072377545,0.7545222358129099,16.802683737337226,0.4382207578253707,0.5980230642504119,0.6009561779242174,0.2903386950492859,0.7,25.214285714285715,0.0,20.0,False
success_radius,0.2888888888888889,0.00021690521830457365,0.01631975090784437,0.12410436629708713,0.7434186895996265,16.76671012731063,0.5105348460291734,0.6215559157212318,0.5051092382495947,0.3556531650945544,0.7,25.928571428571427,0.0,20.0,False
success_radius,0.2888888888888889,0.00021690521830457365,0.03379212149580846,0.12329268318254251,0.7296412858995349,16.64536284804596,0.5571428571428572,0.6309523809523809,0.4491047619047619,0.4785146163776517,0.65,25.923076923076923,0.0,20.0,False
success_radius,0.2888888888888889,0.00021690521830457365,0.0699708887492028,0.1233652332736535,0.6999575018474333,16.505451150417905,0.583079268292683,0.6394817073170732,0.4146390243902438,0.6158240465447307,0.55,25.90909090909091,0.0,20.0,False
success_radius,0.2888888888888889,0.00021690521830457365,0.14488363132100487,0.1227205502947828,0.6776702967145981,16.428098312369865,0.5957290132547864,0.6450662739322534,0.3964047128129602,0.8798465695232153,0.5,26.9,0.0,20.0,False
success_radius,0.2888888888888889,0.00021690521830457365,0.3,0.12208851507116558,0.665584477160907,16.55088888370244,0.5967048710601719,0.6454154727793696,0.3950796561604585,1.072456487827003,0.45,27.666666666666668,0.0,20.0,False
success_radius,0.2888888888888889,0.00047047873727754753,0.00010000000000000009,0.1243753414696777,0.7766481023416822,22.56392154277606,0.20523648648648649,0.35135135135135137,1.080612162162162,0.2412147743627429,0.85,26.764705882352942,0.0,20.0,False
success_radius,0.2888888888888889,0.00047047873727754753,0.00020706272838739032,0.12437534177845624,0.7766477419220799,16.511260874870747,0.2204391891891892,0.38091216216216217,1.0358486486486487,0.2418375564739108,0.85,26.764705882352942,0.0,20.0,False
success_radius,0.2888888888888889,0.00047047873727754753,0.0004287497348723022,0.12437534133204983,0.7748392638863724,11.739107469596831,0.24536256323777403,0.42495784148397975,0.9668795952782462,0.24553136620670557,0.85,26.823529411764707,0.0,20.0,False
success_radius,0.2888888888888889,0.00047047873727754753,0.0008877808989802905,0.12437534140451777,0.7748678475184511,8.599377843448707,0.28077571669477236,0.4772344013490725,0.8791898819561551,0.24602800831198693,0.8,26.0625,0.0,20.0,False
success_radius,0.2888888888888889,0.00047047873727754753,0.001838263351530691,0.12437534141041222,0.7691702231434647,6.785004832157722,0.33305369127516776,0.5385906040268457,0.7655557046979866,0.2533632913604379,0.8,26.25,0.0,20.0,False
success_radius,0.2888888888888889,0.00047047873727754753,0.003806358250624933,0.12422025677575563,0.7659840464562141,5.922670194715538,0.39315525876460766,0.6068447412353923,0.6372,0.2795790208503604,0.8,26.4375,0.0,20.0,False
success_radius,0.2888888888888889,0.00047047873727754753,0.00788154924594252,0.12391956985850072,0.7545326947064829,5.569077500629503,0.4645799011532125,0.6532125205930808,0.5194075782537066,0.29129023756831884,0.7,25.214285714285715,0.0,20.0,False
success_radius,0.2888888888888889,0.00047047873727754753,0.01631975090784437,0.12410436246957031,0.7434263528103466,5.580630785372404,0.5364667747163695,0.6758508914100486,0.4248823338735819,0.3565269893035293,0.7,25.928571428571427,0.0,20.0,False
success_radius,0.2888888888888889,0.00047047873727754753,0.03379212149580846,0.12329268306955483,0.7296475442785076,5.630199908517439,0.5833333333333334,0.6865079365079365,0.3673587301587301,0.47926779370754957,0.65,25.923076923076923,0.0,20.0,False
success_radius,0.2888888888888889,0.00047047873727754753,0.0699708887492028,0.1233652344247054,0.6999619962760775,5.732009213503867,0.6082317073170732,0.6935975609756098,0.335370731707317,0.6163372412323952,0.55,25.90909090909091,0.0,20.0,False
success_radius,0.2888888888888889,0.00047047873727754753,0.14488363132100487,0.12272055182305139,0.6776736395253048,5.8855485814189485,0.6207658321060383,0.698821796759941,0.31761237113402063,0.8801567386835814,0.5,26.9,0.0,20.0,False
success_radius,0.2888888888888889,0.00047047873727754753,0.3,0.12208851394372712,0.6655864153401932,6.126651436411044,0.6224928366762178,0.6991404011461319,0.31556676217765034,1.0726325999945403,0.45,27.666666666666668,0.0,20.0,False
success_radius,0.2888888888888889,0.001020492932168466,0.00010000000000000009,0.12437534148253171,0.7766480627416928,10.633758185703408,0.2609797297297297,0.44594594594594594,0.9302743243243243,0.2412964938208461,0.85,26.764705882352942,0.0,20.0,False
success_radius,0.2888888888888889,0.001020492932168466,0.00020706272838739032,0.12437534205028587,0.7766472492768461,7.774863239302398,0.27280405405405406,0.47381756756756754,0.8905783783783784,0.24248860944062472,0.85,26.764705882352942,0.0,20.0,False
success_radius,0.2888888888888889,0.001020492932168466,0.0004287497348723022,0.12437534106322048,0.7748426774066386,5.046474184223147,0.28920741989881954,0.5101180438448567,0.8378745362563238,0.24735133685171604,0.85,26.823529411764707,0.0,20.0,False
success_radius,0.2888888888888889,0.001020492932168466,0.0008877808989802905,0.12437534115382361,0.7748892247993185,2.9345988867934523,0.32293423271500843,0.5539629005059022,0.7603028667790893,0.2487583179026842,0.8,26.0625,0.0,20.0,False
success_radius,0.2888888888888889,0.001020492932168466,0.001838263351530691,0.1243753410467519,0.7692016025017138,1.5642332278160567,0.375,0.6115771812080537,0.6506228187919463,0.2560168454423547,0.8,26.25,0.0,20.0,False
success_radius,0.2888888888888889,0.001020492932168466,0.003806358250624933,0.12422025804551076,0.7660131072052608,0.8588713249768882,0.4365609348914858,0.674457429048414,0.5261816360601002,0.28244872149080036,0.8,26.4375,0.0,20.0,False
success_radius,0.2888888888888889,0.001020492932168466,0.00788154924594252,0.12391956834423232,0.7522868592836534,0.5798564576499498,0.5024671052631579,0.7220394736842105,0.4126934210526316,0.28492006529122593,0.7,25.285714285714285,0.0,20.0,False
success_radius,0.2888888888888889,0.001020492932168466,0.01631975090784437,0.12410436276125711,0.743442947753997,0.6241990554217205,0.5713128038897893,0.7390599675850892,0.32682722852512147,0.35842038299888374,0.7,25.928571428571427,0.0,20.0,False
success_radius,0.2888888888888889,0.001020492932168466,0.03379212149580846,0.12329268374631862,0.7296609162132593,0.7519553162775711,0.6190476190476191,0.7484126984126984,0.2697396825396825,0.4808996146544814,0.65,25.923076923076923,0.0,20.0,False
success_radius,0.2888888888888889,0.001020492932168466,0.0699708887492028,0.12336523295670362,0.699971755436965,0.9606567757207698,0.6425304878048781,0.7530487804878049,0.24162073170731702,0.6174517907202244,0.55,25.90909090909091,0.0,20.0,False
success_radius,0.2888888888888889,0.001020492932168466,0.14488363132100487,0.12272055033142278,0.6776810516977715,1.2179509940859057,0.6553755522827688,0.7569955817378498,0.22482886597938145,0.8808293256908655,0.5,26.9,0.0,20.0,False
success_radius,0.2888888888888889,0.001020492932168466,0.3,0.1220885136745411,0.6655907206225037,1.5135078759653466,0.6561604584527221,0.7564469914040115,0.2245925501432664,1.0730141086503864,0.45,27.666666666666668,0.0,20.0,False
success_radius,0.2888888888888889,0.0022135024223027535,0.00010000000000000009,0.12437534147715289,0.7766491887431809,3.5553722211922443,0.33614864864864863,0.5827702702702703,0.7182810810810811,0.24323703330010177,0.85,26.764705882352942,0.0,20.0,False
success_radius,0.2888888888888889,0.0022135024223027535,0.00020706272838739032,0.1243753417344871,0.7748563681838063,2.486363284970011,0.3473861720067454,0.6053962900505903,0.6844175379426644,0.2462725816294551,0.85,26.823529411764707,0.0,20.0,False
success_radius,0.2888888888888889,0.0022135024223027535,0.0004287497348723022,0.12437534280321044,0.7748906156564335,1.2409214003321518,0.3718381112984823,0.6290050590219224,0.6363568296795953,0.253235799446702,0.85,26.823529411764707,0.0,20.0,False
success_radius,0.2888888888888889,0.0022135024223027535,0.0008877808989802905,0.12437534169400777,0.7732908563592772,0.07168234814108179,0.3947811447811448,0.6734006734006734,0.5690181818181818,0.2626453129574656,0.8,26.125,0.0,20.0,False
success_radius,0.2888888888888889,0.0022135024223027535,0.001838263351530691,0.12422025699426029,0.7692755490315973,-0.8194763079939874,0.4396984924623116,0.7177554438860971,0.4797460636515913,0.2506315132603049,0.8,26.3125,0.0,20.0,False
success_radius,0.2888888888888889,0.0022135024223027535,0.003806358250624933,0.12422025671296566,0.7660728233441936,-1.3210584975515305,0.4974958263772955,0.7712854757929883,0.36841869782971615,0.27770072035491467,0.75,25.6,0.0,20.0,False
success_radius,0.2888888888888889,0.0022135024223027535,0.00788154924594252,0.12391956773468202,0.7523335673216756,-1.5188676602045847,0.5608552631578947,0.8149671052631579,0.26137763157894744,0.28933324869722127,0.7,25.285714285714285,0.0,20.0,False
success_radius,0.2888888888888889,0.0022135024223027535,0.01631975090784437,0.12410436493520181,0.7434782732071568,-1.4586336973666292,0.6256077795786061,0.8257698541329012,0.1858223662884927,0.36251501720398666,0.7,25.928571428571427,0.0,20.0,False
success_radius,0.2888888888888889,0.0022135024223027535,0.03379212149580846,0.12329268320632764,0.7296896169881854,-1.2954061902602292,0.6738095238095239,0.8365079365079365,0.1268825396825396,0.48442879822105167,0.65,25.923076923076923,0.0,20.0,False
success_radius,0.2888888888888889,0.0022135024223027535,0.0699708887492028,0.12336523271602497,0.6999929991560627,-1.0425372730324673,0.6935975609756098,0.8407012195121951,0.12469634146341468,0.6198728421702981,0.55,25.90909090909091,0.0,20.0,False
success_radius,0.2888888888888889,0.0022135024223027535,0.14488363132100487,0.12272055073337804,0.6776968705582449,-0.7405637266387531,0.7047128129602357,0.845360824742268,0.1311519882179677,0.8822876679711044,0.5,26.9,0.0,20.0,False
success_radius,0.2888888888888889,0.0022135024223027535,0.3,0.12208851550902246,0.6656000776355703,-0.4202670512286528,0.7055873925501432,0.8467048710601719,0.1306825214899714,1.0738421017304063,0.45,27.666666666666668,0.0,20.0,False
success_radius,0.2888888888888889,0.004801202261272809,0.00010000000000000009,0.12437534262412099,0.7738131214180424,-0.14320882685681643,0.45791245791245794,0.7415824915824916,0.4377050505050505,0.2822384309023619,0.8,26.125,0.0,20.0,False
success_radius,0.2888888888888889,0.004801202261272809,0.00020706272838739032,0.12437534325620128,0.7738264125711654,-0.4586793176731605,0.468013468013468,0.7483164983164983,0.4208700336700337,0.28551907166838647,0.8,26.125,0.0,20.0,False
success_radius,0.2888888888888889,0.004801202261272809,0.0004287497348723022,0.12437534384964131,0.7715500570949537,-0.9104549722433565,0.4823529411764706,0.7680672268907563,0.38677983193277304,0.28080125488340857,0.8,26.1875,0.0,20.0,False
success_radius,0.2888888888888889,0.004801202261272809,0.0008877808989802905,0.12422025748390028,0.7697700060131392,-1.4279671229996116,0.5050251256281407,0.7939698492462312,0.3382050251256281,0.2704380162060261,0.8,26.3125,0.0,20.0,False
success_radius,0.2888888888888889,0.004801202261272809,0.001838263351530691,0.124220258304411,0.7664538889332552,-1.8836444122657872,0.5392320534223706,0.8313856427378965,0.2665823038397329,0.2915576076135039,0.8,26.4375,0.0,20.0,False
success_radius,0.2888888888888889,0.004801202261272809,0.003806358250624933,0.12391957145829183,0.7569963592549186,-2.191118457979456,0.5915841584158416,0.8770627062706271,0.16855313531353133,0.28842640817165377,0.7,25.142857142857142,0.0,20.0,False
success_radius,0.2888888888888889,0.004801202261272809,0.00788154924594252,0.123866667451867,0.7479571145788562,-2.2948403537935937,0.6500815660685155,0.9061990212071778,0.0809194127243067,0.3065587374381721,0.7,25.642857142857142,0.0,20.0,True
success_radius,0.2888888888888889,0.004801202261272809,0.01631975090784437,0.12410436356461517,0.7440243246536068,-2.2119841595481287,0.7042139384116693,0.9157212317666127,0.060292706645056704,0.4001093223690987,0.65,24.923076923076923,0.0,20.0,False
success_radius,0.2888888888888889,0.004801202261272809,0.03379212149580846,0.12329268335783176,0.7267822388703663,-2.0337024748646204,0.7507911392405063,0.9240506329113924,0.09854050632911393,0.5173984881490469,0.65,26.076923076923077,0.0,20.0,False
success_radius,0.2888888888888889,0.004801202261272809,0.0699708887492028,0.12336523386441449,0.700517483290107,-1.7671413180790776,0.7660060975609756,0.926829268292683,0.11097682926829266,0.6650038566440344,0.55,25.90909090909091,0.0,20.0,False
success_radius,0.2888888888888889,0.004801202261272809,0.14488363132100487,0.1227205486475786,0.6765655726701888,-1.4478831485436892,0.7772058823529412,0.9308823529411765,0.11812352941176474,0.9189774388913066,0.5,27.0,0.0,20.0,False
success_radius,0.2888888888888889,0.004801202261272809,0.3,0.12208851454708905,0.6661455886898014,-1.1181174186551124,0.7772206303724928,0.9326647564469914,0.1163558739255014,1.1192998830229044,0.45,27.666666666666668,0.0,20.0,False
success_radius,0.2888888888888889,0.010414058246057912,0.00010000000000000009,0.12432926694127042,0.7646952418714501,-1.7638692142488381,0.6056572379367721,0.8752079866888519,0.156334775374376,0.2990773547440767,0.75,25.733333333333334,0.0,20.0,False
success_radius,0.2888888888888889,0.010414058246057912,0.00020706272838739032,0.1243292668319405,0.7634333150135141,-1.832675828624787,0.6112956810631229,0.8795681063122923,0.14633621262458474,0.3112746555358171,0.75,25.8,0.0,20.0,True
success_radius,0.2888888888888889,0.010414058246057912,0.0004287497348723022,0.12432926600047575,0.7613750207626022,-1.955532122522816,0.62106135986733,0.8864013266998342,0.1297373134328358,0.30717939510941505,0.75,25.866666666666667,0.0,20.0,True
success_radius,0.2888888888888889,0.010414058246057912,0.0008877808989802905,0.12432926546589089,0.7590429285691302,-2.1218476830370574,0.640728476821192,0.9072847682119205,0.08918675496688744,0.28979577803984286,0.65,23.923076923076923,0.0,20.0,False
success_radius,0.2888888888888889,0.010414058246057912,0.001838263351530691,0.12448461984401127,0.7574997088933862,-2.2939781664738486,0.6674917491749175,0.9315181518151815,0.038190099009901,0.30584654975682496,0.65,24.076923076923077,0.0,20.0,False
success_radius,0.2888888888888889,0.010414058246057912,0.003806358250624933,0.12407579311688371,0.7527301378414503,-2.418361184593983,0.7090163934426229,0.9540983606557377,0.026718032786885226,0.3249711226671934,0.65,24.384615384615383,0.0,20.0,False
success_radius,0.2888888888888889,0.010414058246057912,0.00788154924594252,0.12410436225178756,0.7477923247488563,-2.441774935135865,0.7471544715447155,0.9666666666666667,0.07662113821138217,0.36543537601828574,0.65,24.76923076923077,0.0,20.0,False
success_radius,0.2888888888888889,0.010414058246057912,0.01631975090784437,0.1239918321220582,0.7410947124206231,-2.347552081823695,0.8016129032258065,0.9741935483870968,0.1386064516129033,0.46231662556529046,0.65,25.153846153846153,0.0,20.0,False
success_radius,0.2888888888888889,0.010414058246057912,0.03379212149580846,0.12338297554386364,0.7203693097699864,-2.166296638079176,0.841692789968652,0.9796238244514106,0.18411661442006266,0.5345745149999857,0.6,25.5,0.0,20.0,False
success_radius,0.2888888888888889,0.010414058246057912,0.0699708887492028,0.12292337891250146,0.6978729765692424,-1.902054805683995,0.8545454545454545,0.9810606060606061,0.19840606060606059,0.719205866381526,0.5,25.0,0.0,20.0,False
success_radius,0.2888888888888889,0.010414058246057912,0.14488363132100487,0.12272055006183524,0.6701584469294888,-1.5602018843953878,0.8642335766423358,0.9832116788321168,0.2102452554744526,0.9816671945154667,0.5,27.5,0.0,20.0,False
success_radius,0.2888888888888889,0.010414058246057912,0.3,0.12204396248894991,0.6653975035934518,-1.2448121153611242,0.865,0.9835714285714285,0.21137142857142854,1.1839085273444652,0.45,27.88888888888889,0.0,20.0,False
success_radius,0.2888888888888889,0.02258863577297737,0.00010000000000000009,0.1243083359086353,0.7562592534168598,-2.1871780139146417,0.7528735632183908,0.951559934318555,0.07311362889983586,0.3965543918311596,0.65,24.307692307692307,0.0,20.0,False
success_radius,0.2888888888888889,0.02258863577297737,0.00020706272838739032,0.12430833645650803,0.7562692107519248,-2.1993535471442582,0.7561576354679803,0.9540229885057471,0.07393464696223329,0.39903592951595784,0.65,24.307692307692307,0.0,20.0,False
success_radius,0.2888888888888889,0.02258863577297737,0.0004287497348723022,0.12430833946890381,0.7562893317083302,-2.2206744375547243,0.7610837438423645,0.9597701149425287,0.08365385878489329,0.4041092097759247,0.65,24.307692307692307,0.0,20.0,False
success_radius,0.2888888888888889,0.02258863577297737,0.0008877808989802905,0.12409842000029946,0.7563304397714415,-2.254987989545079,0.769672131147541,0.9655737704918033,0.09804590163934424,0.4181701511144638,0.65,24.384615384615383,0.0,20.0,False
success_radius,0.2888888888888889,0.02258863577297737,0.001838263351530691,0.12369367222711404,0.7541865446643833,-2.2950763545555843,0.7933006535947712,0.9738562091503268,0.129956862745098,0.4138704504817724,0.65,24.53846153846154,0.0,20.0,False
success_radius,0.2888888888888889,0.02258863577297737,0.003806358250624933,0.12393115221854265,0.7523114213591362,-2.3143176803822794,0.8159609120521173,0.9861563517915309,0.16491726384364824,0.4258600577712059,0.65,24.692307692307693,0.0,20.0,False
success_radius,0.2888888888888889,0.02258863577297737,0.00788154924594252,0.12381958389135805,0.743063193572954,-2.2856692095677547,0.853225806451613,0.989516129032258,0.205541935483871,0.46116499304771424,0.65,25.153846153846153,0.0,20.0,False
success_radius,0.2888888888888889,0.02258863577297737,0.01631975090784437,0.12380301859512556,0.7317079467092052,-2.176898269343485,0.9004777070063694,0.9944267515923567,0.25770445859872615,0.5265591599047184,0.6,24.666666666666668,0.0,20.0,False
success_radius,0.2888888888888889,0.02258863577297737,0.03379212149580846,0.12343821061253803,0.7153126403535965,-2.000507856038678,0.9231366459627329,0.9976708074534162,0.2836074534161491,0.6078246813267469,0.55,24.818181818181817,0.0,20.0,False
success_radius,0.2888888888888889,0.02258863577297737,0.0699708887492028,0.12282925219053127,0.696295490519711,-1.7520117147664,0.9329819277108434,0.9984939759036144,0.2942759036144579,0.8158876055851578,0.5,25.4,0.0,20.0,False
success_radius,0.2888888888888889,0.02258863577297737,0.14488363132100487,0.12208950246199084,0.6683633889626317,-1.423855982837378,0.941304347826087,1.0,0.304104347826087,1.0614918718114494,0.45,26.77777777777778,0.0,20.0,False
success_radius,0.2888888888888889,0.02258863577297737,0.3,0.12199733176520558,0.6649055587729744,-1.082182199575856,0.9435825105782792,1.0,0.30638251057827925,1.2970614418387414,0.4,27.625,0.0,20.0,False
success_radius,0.2888888888888889,0.04899592973540154,0.00010000000000000009,0.12372066347856385,0.7447275419472925,-2.0268786253232673,0.891653290529695,0.985553772070626,0.240007062600321,0.5099828062579036,0.6,24.25,0.0,20.0,False
success_radius,0.2888888888888889,0.04899592973540154,0.00020706272838739032,0.12372066395855633,0.7436156058822604,-2.0259976291114743,0.8918269230769231,0.9863782051282052,0.24100512820512832,0.5203368319198489,0.6,24.333333333333332,0.0,20.0,False
success_radius,0.2888888888888889,0.04899592973540154,0.0004287497348723022,0.12372066410908004,0.7436313124825368,-2.0254695287911244,0.8950320512820513,0.9863782051282052,0.2442102564102565,0.5245443899184465,0.6,24.333333333333332,0.0,20.0,False
success_radius,0.2888888888888889,0.04899592973540154,0.0008877808989802905,0.12372066218447943,0.7436638594058474,-2.023307414767205,0.8998397435897436,0.9871794871794872,0.24981923076923085,0.5330901477485895,0.6,24.333333333333332,0.0,20.0,False
success_radius,0.2888888888888889,0.04899592973540154,0.001838263351530691,0.123720663526255,0.7376031092474427,-2.019883967136887,0.9059011164274322,0.9904306220095693,0.25913173843700155,0.5209696508944035,0.6,24.583333333333332,0.0,20.0,False
success_radius,0.2888888888888889,0.04899592973540154,0.003806358250624933,0.12372066242340249,0.7347135612100141,-1.9975574093610127,0.924483306836248,0.9920508744038156,0.2793341812400636,0.5523080398095772,0.6,24.75,0.0,20.0,False
success_radius,0.2888888888888889,0.04899592973540154,0.00788154924594252,0.1237206622354205,0.7294170938252472,-1.944837663248307,0.946993670886076,0.9936708860759493,0.30346455696202534,0.5883183993399144,0.6,25.0,0.0,20.0,False
success_radius,0.2888888888888889,0.04899592973540154,0.01631975090784437,0.12378222195766676,0.7202043616990831,-1.8422932561634,0.9640625,0.99609375,0.32295625000000006,0.6538521874696016,0.6,25.666666666666668,0.0,20.0,False
success_radius,0.2888888888888889,0.04899592973540154,0.03379212149580846,0.1233598539725859,0.703162785863033,-1.6775124589221668,0.9771341463414634,0.9977134146341463,0.3376475609756098,0.7582235187292099,0.55,25.90909090909091,0.0,20.0,False
success_radius,0.2888888888888889,0.04899592973540154,0.0699708887492028,0.12265622245634326,0.6885596242067287,-1.450737532073857,0.9821958456973294,0.9992581602373887,0.3442540059347181,0.9621241439133883,0.5,26.4,0.0,20.0,False
success_radius,0.2888888888888889,0.04899592973540154,0.14488363132100487,0.12181183017655733,0.6660743052182617,-1.158117727564209,0.9878571428571429,1.0,0.3506571428571429,1.1848054222762585,0.45,27.88888888888889,0.0,20.0,False
success_radius,0.2888888888888889,0.04899592973540154,0.3,0.1222062642746707,0.6655076880899609,-0.8295695639671599,0.9888268156424581,1.0,0.3516268156424581,1.4087853757664561,0.35,27.0,0.0,20.0,False
success_radius,0.2888888888888889,0.10627472835292812,0.00010000000000000009,0.12373529411444127,0.7197736913995711,-1.5672909645832456,0.9627329192546584,0.9937888198757764,0.3193217391304348,0.7673583574593067,0.55,24.818181818181817,0.0,20.0,False
success_radius,0.2888888888888889,0.10627472835292812,0.00020706272838739032,0.12373529479670502,0.7197815378242992,-1.5658364848902482,0.9635093167701864,0.9945652173913043,0.3208745341614907,0.7688112271949649,0.55,24.818181818181817,0.0,20.0,False
success_radius,0.2888888888888889,0.10627472835292812,0.0004287497348723022,0.12373529172890746,0.718090108111022,-1.563682553886058,0.9635658914728682,0.9945736434108527,0.32093953488372096,0.7630089562386274,0.55,24.90909090909091,0.0,20.0,False
success_radius,0.2888888888888889,0.10627472835292812,0.0008877808989802905,0.12373529345652844,0.7181225447414815,-1.5574292429825098,0.9651162790697675,0.9945736434108527,0.32248992248062025,0.7694171732291579,0.55,24.90909090909091,0.0,20.0,False
success_radius,0.2888888888888889,0.10627472835292812,0.001838263351530691,0.12373529347250774,0.7181888377555696,-1.5446379462843884,0.9658914728682171,0.9945736434108527,0.32326511627906984,0.7831014152616262,0.55,24.90909090909091,0.0,20.0,False
success_radius,0.2888888888888889,0.10627472835292812,0.003806358250624933,0.12338685039600132,0.713332918989312,-1.5235053175275313,0.9715384615384616,0.9953846153846154,0.329723076923077,0.7972528111189604,0.55,25.363636363636363,0.0,20.0,False
success_radius,0.2888888888888889,0.10627472835292812,0.00788154924594252,0.1236937410268474,0.7086653954608649,-1.4744927783946054,0.9808282208588958,0.9969325153374233,0.3405607361963191,0.8243039302527905,0.55,25.545454545454547,0.0,20.0,False
success_radius,0.2888888888888889,0.10627472835292812,0.01631975090784437,0.12334292737885448,0.7058611086163847,-1.3924158667021291,0.988619119878604,0.9984825493171472,0.34990166919575116,0.8902624167501927,0.55,26.181818181818183,0.0,20.0,False
success_radius,0.2888888888888889,0.10627472835292812,0.03379212149580846,0.12308331858704721,0.6921470877404651,-1.2581475506704312,0.9918154761904762,0.9985119047619048,0.35312738095238094,0.9992028340697289,0.55,27.363636363636363,0.0,20.0,False
success_radius,0.2888888888888889,0.10627472835292812,0.0699708887492028,0.12195495431680309,0.6729524675332375,-1.0567846283904603,0.9949567723342939,1.0,0.3577567723342939,1.170360504835844,0.45,27.22222222222222,0.0,20.0,False
success_radius,0.2888888888888889,0.10627472835292812,0.14488363132100487,0.12170850303452721,0.6645586802461649,-0.7898776792024839,0.997907949790795,1.0,0.360707949790795,1.4373460985720157,0.4,28.625,0.0,20.0,False
success_radius,0.2888888888888889,0.10627472835292812,0.3,0.12249268222765962,0.6674169305782465,-0.5076304484924428,0.9986206896551724,1.0,0.3614206896551724,1.6181682962924242,0.35,28.285714285714285,0.0,20.0,False
success_radius,0.2888888888888889,0.23051543153651136,0.00010000000000000009,0.12283205727643311,0.6798766416643715,-0.9774086529746432,0.9882869692532943,0.9985358711566618,0.34962284040995606,1.1663562580943108,0.55,28.363636363636363,0.0,20.0,False
success_radius,0.2888888888888889,0.23051543153651136,0.00020706272838739032,0.12283205903389614,0.6798833494662851,-0.9763782885636865,0.9890190336749634,0.9985358711566618,0.3503549048316251,1.1676449041813612,0.55,28.363636363636363,0.0,20.0,False
success_radius,0.2888888888888889,0.23051543153651136,0.0004287497348723022,0.122832057489092,0.6798973727313061,-0.974254612928489,0.9897510980966325,0.9985358711566618,0.3510869692532943,1.1703173380345107,0.55,28.363636363636363,0.0,20.0,False
success_radius,0.2888888888888889,0.23051543153651136,0.0008877808989802905,0.12283205736892179,0.6799270091530036,-0.9698980773592123,0.9904831625183016,0.9985358711566618,0.35181903367496337,1.1757363740354776,0.55,28.363636363636363,0.0,20.0,False
success_radius,0.2888888888888889,0.23051543153651136,0.001838263351530691,0.1226233592556769,0.6799906033540191,-0.9617767834736904,0.9904970760233918,0.9985380116959064,0.35183508771929817,1.1784394387155772,0.55,28.454545454545453,0.0,20.0,False
success_radius,0.2888888888888889,0.23051543153651136,0.003806358250624933,0.12262335987289862,0.6785065244049926,-0.9448776701452523,0.9905109489051095,0.9985401459854014,0.3518510948905109,1.1927819192409514,0.55,28.545454545454547,0.0,20.0,False
success_radius,0.2888888888888889,0.23051543153651136,0.00788154924594252,0.1223581735599577,0.677326344196848,-0.912432935033719,0.992721979621543,0.9985443959243085,0.3540663755458515,1.2234785337001086,0.55,28.727272727272727,0.0,20.0,False
success_radius,0.2888888888888889,0.23051543153651136,0.01631975090784437,0.12219427116196503,0.6735197149931518,-0.8536573648110121,0.9927849927849928,0.9992784992784993,0.3548634920634921,1.2657084610313176,0.45,27.11111111111111,0.0,20.0,False
success_radius,0.2888888888888889,0.23051543153651136,0.03379212149580846,0.12177814759048267,0.6680657353017517,-0.7537124362051639,0.9943181818181818,0.9992897727272727,0.3564079545454545,1.3816465057432652,0.45,28.333333333333332,0.0,20.0,False
success_radius,0.2888888888888889,0.23051543153651136,0.0699708887492028,0.12204454608897493,0.6594298083585624,-0.5933653014688793,0.9965612104539202,1.0,0.3593612104539202,1.574135410413146,0.35,28.571428571428573,0.0,20.0,False
success_radius,0.2888888888888889,0.23051543153651136,0.14488363132100487,0.12249268017457324,0.6544482750632206,-0.3837216587514067,0.9986431478968792,1.0,0.36144314789687926,1.788265735283494,0.35,30.0,0.0,20.0,False
success_radius,0.2888888888888889,0.23051543153651136,0.3,0.12249801536977915,0.6525432222209521,-0.12118129735184328,0.9993270524899058,1.0,0.36212705248990584,1.9366340776905417,0.3,29.5,0.0,20.0,False
success_radius,0.2888888888888889,0.5,0.00010000000000000009,0.12192972838332701,0.6544211292691788,-0.3207235716487845,0.9952574525745257,1.0,0.3580574525745257,1.893015467748046,0.4,31.25,0.0,20.0,False
success_radius,0.2888888888888889,0.5,0.00020706272838739032,0.12192972600146725,0.6544282472120214,-0.3201635374301888,0.9952574525745257,1.0,0.3580574525745257,1.894155526906252,0.4,31.25,0.0,20.0,False
success_radius,0.2888888888888889,0.5,0.0004287497348723022,0.12192972614175702,0.6544429937449435,-0.31900702670776887,0.9952574525745257,1.0,0.3580574525745257,1.896514243632555,0.4,31.25,0.0,20.0,False
success_radius,0.2888888888888889,0.5,0.0008877808989802905,0.12192972841163859,0.6544735310455854,-0.31662572240677683,0.9959349593495935,1.0,0.35873495934959354,1.9013922851532699,0.4,31.25,0.0,20.0,False
success_radius,0.2888888888888889,0.5,0.001838263351530691,0.12195226385153735,0.6545371324847802,-0.3122442830889528,0.9959404600811907,1.0,0.35874046008119076,1.9049842074513434,0.4,31.375,0.0,20.0,False
success_radius,0.2888888888888889,0.5,0.003806358250624933,0.12194799362237883,0.6499751098232293,-0.3047743637067163,0.9959785522788204,1.0,0.3587785522788204,1.9015308510512114,0.4,32.25,0.0,20.0,False
success_radius,0.2888888888888889,0.5,0.00788154924594252,0.12196817131334609,0.6502764836833178,-0.28546311770290106,0.9959839357429718,1.0,0.35878393574297185,1.9330737765878439,0.4,32.375,0.0,20.0,False
success_radius,0.2888888888888889,0.5,0.01631975090784437,0.12241762242830156,0.6488865117017341,-0.2477553267706205,0.9966887417218543,1.0,0.3594887417218543,1.9985950600355864,0.35,32.57142857142857,0.0,20.0,False
success_radius,0.2888888888888889,0.5,0.03379212149580846,0.12233814460825541,0.6489642179843433,-0.18053175446255856,0.9973579920739762,1.0,0.36015799207397625,2.1176090413704514,0.3,31.833333333333332,0.0,20.0,False
success_radius,0.2888888888888889,0.5,0.0699708887492028,0.12257032201344227,0.644758409833955,-0.07388948190427967,0.9986928104575163,1.0,0.36149281045751636,2.2619942512363194,0.3,33.166666666666664,0.0,20.0,False
success_radius,0.2888888888888889,0.5,0.14488363132100487,0.12264019373938899,0.6419420801979058,0.0876410394988307,0.9987029831387808,1.0,0.3615029831387808,2.382188868522644,0.3,34.166666666666664,0.0,20.0,False
success_radius,0.2888888888888889,0.5,0.3,0.12264019559159627,0.6409008832146316,0.3087243612097196,1.0,1.0,0.3628,2.466215518862009,0.25,33.6,0.0,20.0,False
success_radius,0.37777777777777777,0.00010000000000000009,0.00010000000000000009,0.12439555953839351,0.790146930203297,74.86808715936905,0.14175257731958762,0.2345360824742268,1.2609113402061856,0.29952181577682496,0.85,26.176470588235293,0.0,20.0,False
success_radius,0.37777777777777777,0.00010000000000000009,0.00020706272838739032,0.1243955601915077,0.790147141846527,59.898299418967284,0.16151202749140894,0.27233676975945015,1.2033512027491409,0.3000206217169762,0.85,26.176470588235293,0.0,20.0,False
success_radius,0.37777777777777777,0.00010000000000000009,0.0004287497348723022,0.12439555997721576,0.7855612180648575,50.896803265781806,0.1857876712328767,0.3210616438356164,1.1303506849315068,0.28382770642638205,0.85,26.294117647058822,0.0,20.0,False
success_radius,0.37777777777777777,0.00010000000000000009,0.0008877808989802905,0.12439555989795308,0.7807666752376377,46.00279510337348,0.22913117546848383,0.3798977853492334,1.0281710391822827,0.29890246894210576,0.85,26.470588235294116,0.0,20.0,False
success_radius,0.37777777777777777,0.00010000000000000009,0.001838263351530691,0.12425946622514106,0.7808717896105081,43.7204999604748,0.2814625850340136,0.44727891156462585,0.9084585034013606,0.3219923794269562,0.85,26.529411764705884,0.0,20.0,False
success_radius,0.37777777777777777,0.00010000000000000009,0.003806358250624933,0.12415995285749193,0.7751690042864722,42.51879503201021,0.3454391891891892,0.5143581081081081,0.7774027027027026,0.3270380188478157,0.8,26.0,0.0,20.0,False
success_radius,0.37777777777777777,0.00010000000000000009,0.00788154924594252,0.12370483406030974,0.7610028357634465,41.621735393664814,0.41625207296849087,0.5679933665008292,0.6529545605306799,0.3334438521414995,0.75,25.866666666666667,0.0,20.0,False
success_radius,0.37777777777777777,0.00010000000000000009,0.01631975090784437,0.123653212703822,0.7503842205448388,41.322363566284324,0.48936170212765956,0.5924713584288053,0.5553669394435352,0.40968228317797184,0.7,25.5,0.0,20.0,False
success_radius,0.37777777777777777,0.00010000000000000009,0.03379212149580846,0.12339466831721099,0.734956213717843,41.05035335736236,0.536,0.6008,0.5004,0.5284849360585213,0.7,26.5,0.0,20.0,False
success_radius,0.37777777777777777,0.00010000000000000009,0.0699708887492028,0.12310461405048048,0.7093221792693345,40.41529552393759,0.5617283950617284,0.6095679012345679,0.4659037037037036,0.6737380769103766,0.55,25.181818181818183,0.0,20.0,False
success_radius,0.37777777777777777,0.00010000000000000009,0.14488363132100487,0.12265915416870857,0.6894661518116106,40.028831879377066,0.5724962630792227,0.6136023916292974,0.4511013452914798,0.9396712440997362,0.5,25.9,0.0,20.0,False
success_radius,0.37777777777777777,0.00010000000000000009,0.3,0.12194819392790256,0.6667906921362914,39.41012378930406,0.5785302593659942,0.6195965417867435,0.43907319884726226,1.105719680711627,0.45,27.22222222222222,0.0,20.0,False
success_radius,0.37777777777777777,0.00021690521830457365,0.00010000000000000009,0.12439555953839351,0.790146930203297,42.11136106368631,0.16924398625429554,0.2757731958762887,1.1921828178694158,0.29952181577682496,0.85,26.176470588235293,0.0,20.0,False
success_radius,0.37777777777777777,0.00021690521830457365,0.00020706272838739032,0.12439555993303046,0.7901471965481112,31.701330309361236,0.18556701030927836,0.31099656357388317,1.1406364261168385,0.3001354943960905,0.85,26.176470588235293,0.0,20.0,False
success_radius,0.37777777777777777,0.00021690521830457365,0.0004287497348723022,0.12439555944959539,0.7855610364062287,24.64045877934361,0.20976027397260275,0.3553082191780822,1.0721315068493151,0.28431034460663795,0.85,26.294117647058822,0.0,20.0,False
success_radius,0.37777777777777777,0.00021690521830457365,0.0008877808989802905,0.12439555987917716,0.780769986435477,20.497393788303462,0.2512776831345826,0.4148211243611584,0.971101192504259,0.2995490312576294,0.85,26.470588235294116,0.0,20.0,False
success_radius,0.37777777777777777,0.00021690521830457365,0.001838263351530691,0.12425946679823613,0.7808763631241766,18.402974700460202,0.3010204081632653,0.477891156462585,0.8582884353741497,0.3226779207587242,0.85,26.529411764705884,0.0,20.0,False
success_radius,0.37777777777777777,0.00021690521830457365,0.003806358250624933,0.12415995434453803,0.7738501504555958,17.343902050858873,0.3650927487352445,0.545531197301855,0.7265760539629005,0.3365129057317972,0.8,26.0625,0.0,20.0,False
success_radius,0.37777777777777777,0.00021690521830457365,0.00788154924594252,0.12370483455586657,0.7610075832543409,16.814076827968176,0.4361525704809287,0.5970149253731343,0.604032504145937,0.33392544835805893,0.75,25.866666666666667,0.0,20.0,False
success_radius,0.37777777777777777,0.00021690521830457365,0.01631975090784437,0.12365321636097927,0.7503877487663492,16.699430363653597,0.5090016366612111,0.6211129296235679,0.507085433715221,0.4100965987890959,0.7,25.5,0.0,20.0,False
success_radius,0.37777777777777777,0.00021690521830457365,0.03379212149580846,0.12339466997473623,0.7349590435270587,16.68205183410489,0.556,0.6296,0.4515999999999999,0.5288498904556036,0.7,26.5,0.0,20.0,False
success_radius,0.37777777777777777,0.00021690521830457365,0.0699708887492028,0.12310461546942157,0.7093243498228379,16.553405800807035,0.5810185185185185,0.6381172839506173,0.4180641975308642,0.6740028869360686,0.55,25.181818181818183,0.0,20.0,False
success_radius,0.37777777777777777,0.00021690521830457365,0.14488363132100487,0.12265915429902596,0.6894676429979959,16.557934963556285,0.5919282511210763,0.6420029895366218,0.4032687593423019,0.939836373180151,0.5,25.9,0.0,20.0,False
success_radius,0.37777777777777777,0.00021690521830457365,0.3,0.12194819472881284,0.6667916253445378,16.479859456144887,0.5987031700288185,0.6476945244956772,0.3908023054755043,1.1058056090027093,0.45,27.22222222222222,0.0,20.0,False
success_radius,0.37777777777777777,0.00047047873727754753,0.00010000000000000009,0.12439555953839351,0.790146930203297,22.733753535075124,0.20618556701030927,0.35051546391752575,1.080498969072165,0.29952181577682496,0.85,26.176470588235293,0.0,20.0,False
success_radius,0.37777777777777777,0.00047047873727754753,0.00020706272838739032,0.124395559850411,0.7877283395801663,16.631107086493106,0.22126929674099485,0.37993138936535165,1.0359993138936536,0.2895396061241627,0.85,26.235294117647058,0.0,20.0,False
success_radius,0.37777777777777777,0.00047047873727754753,0.0004287497348723022,0.12439555939932201,0.7839091538265922,11.839124128817444,0.24615384615384617,0.4230769230769231,0.9679692307692308,0.2787180218845606,0.85,26.352941176470587,0.0,20.0,False
success_radius,0.37777777777777777,0.00047047873727754753,0.0008877808989802905,0.1243955594725501,0.7807769897961275,8.645127279554915,0.2819420783645656,0.4752981260647359,0.8799597955706985,0.3009367434307933,0.85,26.470588235294116,0.0,20.0,False
success_radius,0.37777777777777777,0.00047047873727754753,0.001838263351530691,0.12425946672376678,0.7808861994443262,6.854337545071831,0.3324829931972789,0.5357142857142857,0.7690027210884354,0.3241499237716198,0.85,26.529411764705884,0.0,20.0,False
success_radius,0.37777777777777777,0.00047047873727754753,0.003806358250624933,0.12415995314682807,0.7720766198349156,5.942932443636083,0.3930976430976431,0.6060606060606061,0.6380417508417509,0.33324573673307895,0.8,26.125,0.0,20.0,False
success_radius,0.37777777777777777,0.00047047873727754753,0.00788154924594252,0.12370483368761838,0.7610179374331622,5.576185041455126,0.4626865671641791,0.6517412935323383,0.5227721393034825,0.33496745824813845,0.75,25.866666666666667,0.0,20.0,False
success_radius,0.37777777777777777,0.00047047873727754753,0.01631975090784437,0.12365321251652184,0.7503953699387697,5.548129734035767,0.5351882160392799,0.6751227495908347,0.42688903436988535,0.41099433712661265,0.7,25.5,0.0,20.0,False
success_radius,0.37777777777777777,0.00047047873727754753,0.03379212149580846,0.12339466986099029,0.7349653014477727,5.647119452645096,0.5824,0.6848,0.37,0.5296397246420383,0.7,26.5,0.0,20.0,False
success_radius,0.37777777777777777,0.00047047873727754753,0.0699708887492028,0.12310461661910074,0.7093290095638392,5.748518148150527,0.6064814814814815,0.6921296296296297,0.33858888888888883,0.6745767962187529,0.55,25.181818181818183,0.0,20.0,False
success_radius,0.37777777777777777,0.00047047873727754753,0.14488363132100487,0.12265915583712265,0.6894709944405861,5.93134484409026,0.617339312406577,0.695814648729447,0.324046038863976,0.940194272249937,0.5,25.9,0.0,20.0,False
success_radius,0.37777777777777777,0.00047047873727754753,0.3,0.1219481935848213,0.666793554794031,6.100231645441674,0.6246397694524496,0.7002881844380403,0.3122720461095101,1.1059918781742453,0.45,27.22222222222222,0.0,20.0,False
success_radius,0.37777777777777777,0.001020492932168466,0.00010000000000000009,0.12439555955138236,0.7901469185009994,10.715769762728383,0.26288659793814434,0.44587628865979384,0.9284371134020617,0.2995752453804016,0.85,26.176470588235293,0.0,20.0,False
success_radius,0.37777777777777777,0.001020492932168466,0.00020706272838739032,0.12439556012509198,0.7877287463347721,7.835374696782781,0.274442538593482,0.4734133790737564,0.8893440823327616,0.29084890298545363,0.85,26.235294117647058,0.0,20.0,False
success_radius,0.37777777777777777,0.001020492932168466,0.0004287497348723022,0.12439555913832699,0.7839129617055535,5.105460727635919,0.2905982905982906,0.5094017094017094,0.8371999999999999,0.2812890028581023,0.85,26.352941176470587,0.0,20.0,False
success_radius,0.37777777777777777,0.001020492932168466,0.0008877808989802905,0.12439555921922626,0.7807980943253789,2.9689393056134925,0.32453151618398635,0.5528109028960818,0.7598575809199318,0.3043382728472352,0.85,26.470588235294116,0.0,20.0,False
success_radius,0.37777777777777777,0.001020492932168466,0.001838263351530691,0.12425946636818938,0.7809179334317663,1.6027544854078788,0.375,0.6096938775510204,0.6525061224489795,0.32811328805983064,0.85,26.529411764705884,0.0,20.0,False
success_radius,0.37777777777777777,0.001020492932168466,0.003806358250624933,0.12415995442540091,0.7721057857547872,0.873364626020476,0.43602693602693604,0.6725589225589226,0.5286141414141414,0.3361648593097925,0.8,26.125,0.0,20.0,False
success_radius,0.37777777777777777,0.001020492932168466,0.00788154924594252,0.1237048321681463,0.7610399787561603,0.5924830054473326,0.5,0.7205638474295191,0.4166361525704809,0.3372203577309847,0.75,25.866666666666667,0.0,20.0,False
success_radius,0.37777777777777777,0.001020492932168466,0.01631975090784437,0.12365321280560679,0.7504118769561726,0.6083104284912918,0.5703764320785597,0.7389525368248773,0.327871031096563,0.4129385817795992,0.7,25.5,0.0,20.0,False
success_radius,0.37777777777777777,0.001020492932168466,0.03379212149580846,0.12339467054229611,0.7349786709734,0.7600129216490331,0.6176,0.7472,0.2724,0.5313493046909571,0.7,26.5,0.0,20.0,False
success_radius,0.37777777777777777,0.001020492932168466,0.0699708887492028,0.12310461516533538,0.7093391242298318,0.9637765501195443,0.6412037037037037,0.7523148148148148,0.2436814814814815,0.6758206825703382,0.55,25.181818181818183,0.0,20.0,False
success_radius,0.37777777777777777,0.001020492932168466,0.14488363132100487,0.1226591543359016,0.687834418733983,1.2219749721323703,0.6529850746268657,0.755223880597015,0.2289910447761193,0.9291233364492655,0.5,26.0,0.0,20.0,False
success_radius,0.37777777777777777,0.001020492932168466,0.3,0.12194819333667452,0.6667978415916281,1.506961384313151,0.6585014409221902,0.7579250720461095,0.2207734870317003,1.106395360454917,0.45,27.22222222222222,0.0,20.0,False
success_radius,0.37777777777777777,0.0022135024223027535,0.00010000000000000009,0.12439555955660134,0.787730713598117,3.5794830574766285,0.3361921097770154,0.5823327615780446,0.71867512864494,0.29205024763941767,0.85,26.235294117647058,0.0,20.0,False
success_radius,0.37777777777777777,0.0022135024223027535,0.00020706272838739032,0.12439555980598063,0.7855772746084849,2.508223457739697,0.348458904109589,0.6061643835616438,0.6825767123287672,0.2865890856832266,0.85,26.294117647058822,0.0,20.0,False
success_radius,0.37777777777777777,0.0022135024223027535,0.0004287497348723022,0.12439556089656863,0.7807990432589149,1.2720816330161746,0.37137989778534924,0.6277683134582623,0.6380517887563883,0.29622197430580854,0.85,26.470588235294116,0.0,20.0,False
success_radius,0.37777777777777777,0.0022135024223027535,0.0008877808989802905,0.12439555976507671,0.7808680196247076,0.09629283584897648,0.39522998296422485,0.67206132879046,0.5699086882453152,0.3135186105966568,0.85,26.470588235294116,0.0,20.0,False
success_radius,0.37777777777777777,0.0022135024223027535,0.001838263351530691,0.12425946914618625,0.7790952535034056,-0.7927858082314645,0.4388794567062818,0.7164685908319185,0.4818519524617997,0.32673299722373483,0.85,26.58823529411765,0.0,20.0,False
success_radius,0.37777777777777777,0.0022135024223027535,0.003806358250624933,0.124159953083602,0.769757921572725,-1.3149994353534995,0.49747899159663866,0.7705882352941177,0.36913277310924364,0.3315760478377342,0.8,26.1875,0.0,20.0,False
success_radius,0.37777777777777777,0.0022135024223027535,0.00788154924594252,0.12370483155650136,0.7610863630194208,-1.510111842884441,0.5580431177446102,0.814262023217247,0.2648948590381427,0.342077961564064,0.75,25.866666666666667,0.0,20.0,False
success_radius,0.37777777777777777,0.0022135024223027535,0.01631975090784437,0.12365321500357652,0.7504470138001411,-1.466300182309562,0.6243862520458265,0.8265139116202946,0.1862998363338788,0.4171388763934374,0.7,25.5,0.0,20.0,False
success_radius,0.37777777777777777,0.0022135024223027535,0.03379212149580846,0.12339466999868103,0.7350073678520967,-1.291184072861887,0.672,0.836,0.12919999999999998,0.5350390281528234,0.7,26.5,0.0,20.0,True
success_radius,0.37777777777777777,0.0022135024223027535,0.0699708887492028,0.12310461491860059,0.7093611404504503,-1.044490024023727,0.6921296296296297,0.8402777777777778,0.1236518518518519,0.6785126026719809,0.55,25.181818181818183,0.0,20.0,False
success_radius,0.37777777777777777,0.0022135024223027535,0.14488363132100487,0.12265915474044177,0.6878502840478226,-0.7490706389490654,0.7022388059701492,0.8440298507462687,0.13000895522388056,0.9308038346469403,0.5,26.0,0.0,20.0,False
success_radius,0.37777777777777777,0.0022135024223027535,0.3,0.12194819515686142,0.6668071578672857,-0.4183430192252072,0.7067723342939481,0.8472622478386167,0.1313100864553315,1.1072704788297414,0.45,27.22222222222222,0.0,20.0,False
success_radius,0.37777777777777777,0.004801202261272809,0.00010000000000000009,0.12439556070777459,0.77975253085032,-0.11901970968916525,0.4583333333333333,0.7414965986394558,0.43737006802721085,0.327582486346364,0.85,26.529411764705884,0.0,20.0,False
success_radius,0.37777777777777777,0.004801202261272809,0.00020706272838739032,0.12439556135713929,0.7797670496814266,-0.43595975781603064,0.4685374149659864,0.7482993197278912,0.4203632653061224,0.3209146674722433,0.8,25.75,0.0,20.0,False
success_radius,0.37777777777777777,0.004801202261272809,0.0004287497348723022,0.12439556194614995,0.7797963377295939,-0.8834416251820123,0.48214285714285715,0.7670068027210885,0.3880503401360544,0.3302007220685482,0.8,25.75,0.0,20.0,False
success_radius,0.37777777777777777,0.004801202261272809,0.0008877808989802905,0.12415995384380417,0.7773891855691405,-1.4133863337960253,0.5050761421319797,0.7935702199661591,0.3385536379018612,0.3198576275259256,0.8,25.9375,0.0,20.0,False
success_radius,0.37777777777777777,0.004801202261272809,0.001838263351530691,0.12415995468890761,0.7698745008267709,-1.8765029604072814,0.5386554621848739,0.83109243697479,0.2674521008403361,0.3156916853040457,0.8,26.1875,0.0,20.0,False
success_radius,0.37777777777777777,0.004801202261272809,0.003806358250624933,0.12400507649460635,0.7687802004632952,-2.1743551980691875,0.5896147403685092,0.8760469011725294,0.17153835845896137,0.3472132675349712,0.75,25.466666666666665,0.0,20.0,False
success_radius,0.37777777777777777,0.004801202261272809,0.00788154924594252,0.12370483591141573,0.7592593762385527,-2.2859478351891167,0.6473509933774835,0.9056291390728477,0.08421986754966881,0.3765342827886343,0.75,25.933333333333334,0.0,20.0,True
success_radius,0.37777777777777777,0.004801202261272809,0.01631975090784437,0.12365321361261625,0.7455414232504612,-2.2146632869091527,0.7052117263843648,0.9169381107491856,0.06007361563517921,0.4394295126199722,0.7,25.714285714285715,0.0,20.0,True
success_radius,0.37777777777777777,0.004801202261272809,0.03379212149580846,0.12339467015391628,0.7323763891623324,-2.030575133806743,0.7496012759170654,0.9242424242424242,0.09715885167464122,0.5578723538666963,0.65,25.692307692307693,0.0,20.0,False
success_radius,0.37777777777777777,0.004801202261272809,0.0699708887492028,0.1231046160966276,0.7066068798984609,-1.7702362542454866,0.7661538461538462,0.926923076923077,0.11103076923076927,0.7100313626229763,0.55,25.363636363636363,0.0,20.0,False
success_radius,0.37777777777777777,0.004801202261272809,0.14488363132100487,0.12251642285870422,0.6869600002875695,-1.4638241575378093,0.7752976190476191,0.9308035714285714,0.11629404761904771,0.9676301397383213,0.5,26.2,0.0,20.0,False
success_radius,0.37777777777777777,0.004801202261272809,0.3,0.12194819422722218,0.6673490580744956,-1.1129765239025622,0.7788184438040345,0.9329971181556196,0.11762132564841499,1.1539017919450998,0.45,27.22222222222222,0.0,20.0,False
success_radius,0.37777777777777777,0.010414058246057912,0.00010000000000000009,0.12422025785818609,0.7725915969649192,-1.7523284608435314,0.6057046979865772,0.875,0.15649530201342277,0.34483795799314976,0.8,26.25,0.0,20.0,False
success_radius,0.37777777777777777,0.010414058246057912,0.00020706272838739032,0.12422025779013009,0.7726027304836959,-1.8255061228911829,0.6115771812080537,0.8800335570469798,0.14558926174496645,0.34800744280219076,0.8,26.25,0.0,20.0,True
success_radius,0.37777777777777777,0.010414058246057912,0.0004287497348723022,0.12422025697785744,0.7726250853600092,-1.9447204859154565,0.6216442953020134,0.886744966442953,0.12881073825503364,0.3544766344130039,0.8,26.25,0.0,20.0,True
success_radius,0.37777777777777777,0.010414058246057912,0.0008877808989802905,0.12422025640405929,0.7708304068708547,-2.1089046022449707,0.6390284757118928,0.907035175879397,0.09113634840871021,0.3568765327334404,0.8,26.3125,0.0,20.0,True
success_radius,0.37777777777777777,0.010414058246057912,0.001838263351530691,0.12432926542082563,0.7696291295783116,-2.281569594254835,0.6669449081803005,0.9307178631051753,0.03953722871452414,0.3733321506530046,0.75,25.6,0.0,20.0,True
success_radius,0.37777777777777777,0.010414058246057912,0.003806358250624933,0.12432926649775172,0.7659758145143293,-2.4062211956397253,0.7088186356073212,0.9534109816971714,0.027207653910149787,0.4013423975557089,0.75,25.733333333333334,0.0,20.0,True
success_radius,0.37777777777777777,0.010414058246057912,0.00788154924594252,0.12386666326081715,0.753878907355698,-2.4434594428732916,0.7467213114754099,0.9663934426229508,0.07591475409836068,0.3943748040124774,0.65,24.384615384615383,0.0,20.0,False
success_radius,0.37777777777777777,0.010414058246057912,0.01631975090784437,0.12410436179380596,0.7449967875946634,-2.34356290556937,0.8006482982171799,0.9740680713128039,0.1375163695299838,0.48522352874279023,0.65,24.923076923076923,0.0,20.0,False
success_radius,0.37777777777777777,0.010414058246057912,0.03379212149580846,0.1232780308554845,0.7295521041145038,-2.16438218330979,0.8409810126582279,0.9794303797468354,0.18321139240506334,0.5974738221615553,0.65,26.076923076923077,0.0,20.0,False
success_radius,0.37777777777777777,0.010414058246057912,0.0699708887492028,0.12336523130194832,0.7014413372993242,-1.897774298112832,0.8536585365853658,0.9809451219512195,0.19740365853658537,0.7477096959948539,0.55,25.90909090909091,0.0,20.0,False
success_radius,0.37777777777777777,0.010414058246057912,0.14488363132100487,0.12272055006183524,0.6806649816455569,-1.5787402890791564,0.8628318584070797,0.9830383480825958,0.2086702064896755,1.0174847960472106,0.5,26.8,0.0,20.0,False
success_radius,0.37777777777777777,0.010414058246057912,0.3,0.12208851327404742,0.6682911671149756,-1.2491023828848726,0.8651362984218077,0.9835007173601148,0.21143701578192253,1.2027021698653697,0.45,27.555555555555557,0.0,20.0,False
success_radius,0.37777777777777777,0.02258863577297737,0.00010000000000000009,0.1243083359086353,0.7589688239967793,-2.189607162273929,0.7545304777594728,0.9522240527182867,0.07410642504118614,0.39594116546213626,0.7,25.214285714285715,0.0,20.0,True
success_radius,0.37777777777777777,0.02258863577297737,0.00020706272838739032,0.12430833645650803,0.7589771498109454,-2.2015896649001356,0.7578253706754531,0.9546952224052718,0.07532059308072492,0.39855240620672705,0.7,25.214285714285715,0.0,20.0,True
success_radius,0.37777777777777777,0.02258863577297737,0.0004287497348723022,0.12430833946890381,0.7589940367562997,-2.222612266576025,0.7627677100494233,0.9596375617792422,0.08520527182866555,0.3994124222546816,0.65,24.153846153846153,0.0,20.0,False
success_radius,0.37777777777777777,0.02258863577297737,0.0008877808989802905,0.12430833804878318,0.7590289760556657,-2.2542006881286403,0.770181219110379,0.9654036243822076,0.09838484349258658,0.40975558310747145,0.65,24.153846153846153,0.0,20.0,False
success_radius,0.37777777777777777,0.02258863577297737,0.001838263351530691,0.12430833719064452,0.7591005193950058,-2.289463943220329,0.7932454695222405,0.9736408566721582,0.12968632619439868,0.4311711424961686,0.65,24.153846153846153,0.0,20.0,False
success_radius,0.37777777777777777,0.02258863577297737,0.003806358250624933,0.1236936718342086,0.7543536310214983,-2.3119350167845543,0.815359477124183,0.9861111111111112,0.16427058823529417,0.44740878641605375,0.65,24.53846153846154,0.0,20.0,False
success_radius,0.37777777777777777,0.02258863577297737,0.00788154924594252,0.1239311515217419,0.7493781168399696,-2.2810939048976007,0.8522727272727273,0.989448051948052,0.20452077922077927,0.49179636538028715,0.65,24.846153846153847,0.0,20.0,False
success_radius,0.37777777777777777,0.02258863577297737,0.01631975090784437,0.12381958409245236,0.7392263817813768,-2.1756146835712173,0.8996789727126806,0.9943820224719101,0.2568609951845907,0.58094302713871,0.65,25.384615384615383,0.0,20.0,False
success_radius,0.37777777777777777,0.02258863577297737,0.03379212149580846,0.12321614760383634,0.7237762519998847,-2.0010973272794392,0.9231974921630094,0.9976489028213166,0.283646394984326,0.6699800781905652,0.6,25.5,0.0,20.0,False
success_radius,0.37777777777777777,0.02258863577297737,0.0699708887492028,0.12320063603695582,0.7011353641848729,-1.7471523797705022,0.932370820668693,0.9984802431610942,0.29365106382978723,0.8632450953125954,0.55,26.09090909090909,0.0,20.0,False
success_radius,0.37777777777777777,0.02258863577297737,0.14488363132100487,0.12229584415724866,0.6727405038246657,-1.4287460096754356,0.9409620991253644,1.0,0.30376209912536445,1.0906890735030175,0.5,27.6,0.0,20.0,False
success_radius,0.37777777777777777,0.02258863577297737,0.3,0.1218920804223456,0.666856472088733,-1.1089777555078606,0.9429386590584878,1.0,0.30573865905848785,1.2959602423012258,0.45,28.0,0.0,20.0,False
success_radius,0.37777777777777777,0.04899592973540154,0.00010000000000000009,0.12391415576775276,0.7526714392131116,-2.0174284722466886,0.890422077922078,0.9853896103896104,0.23861168831168833,0.5721073348075152,0.6,23.666666666666668,0.0,20.0,False
success_radius,0.37777777777777777,0.04899592973540154,0.00020706272838739032,0.1239141562295992,0.7504887733649445,-2.0189216754834916,0.8914100486223663,0.986223662884927,0.2404337115072933,0.5639474734663963,0.6,23.75,0.0,20.0,False
success_radius,0.37777777777777777,0.04899592973540154,0.0004287497348723022,0.12391415638164335,0.7505060575376444,-2.018463028589913,0.8946515397082658,0.986223662884927,0.24367520259319286,0.5687897372990847,0.6,23.75,0.0,20.0,False
success_radius,0.37777777777777777,0.04899592973540154,0.0008877808989802905,0.12391415446059681,0.7505417249575154,-2.0164660019084506,0.899513776337115,0.9870340356564019,0.24934781199351697,0.5789695411920548,0.6,23.75,0.0,20.0,False
success_radius,0.37777777777777777,0.04899592973540154,0.001838263351530691,0.12380301962905046,0.7506141388968992,-2.010731397975089,0.9053398058252428,0.9902912621359223,0.2584310679611651,0.595879690349102,0.6,23.833333333333332,0.0,20.0,False
success_radius,0.37777777777777777,0.04899592973540154,0.003806358250624933,0.12380301851879623,0.7453174765106323,-1.9904672769237879,0.9235104669887279,0.9919484702093397,0.2782589371980676,0.6135526489466429,0.6,24.083333333333332,0.0,20.0,False
success_radius,0.37777777777777777,0.04899592973540154,0.00788154924594252,0.12380301832955258,0.7348395676517674,-1.940207769183267,0.9465709728867624,0.9936204146730463,0.3029913875598087,0.6352185543626547,0.6,24.583333333333332,0.0,20.0,False
success_radius,0.37777777777777777,0.04899592973540154,0.01631975090784437,0.12376040302489826,0.7234465960718072,-1.8362513111702807,0.9637795275590552,0.9960629921259843,0.32264251968503943,0.7028472166508436,0.6,25.25,0.0,20.0,False
success_radius,0.37777777777777777,0.04899592973540154,0.03379212149580846,0.12343821087892044,0.7160299695173413,-1.6761090916111026,0.9775193798449613,0.9976744186046511,0.3379937984496124,0.828539565205574,0.55,24.90909090909091,0.0,20.0,False
success_radius,0.37777777777777777,0.04899592973540154,0.0699708887492028,0.12282925357799866,0.6936220955695321,-1.4473635246718786,0.9820089955022488,0.9992503748125937,0.34405937031484257,1.0089906200766563,0.5,25.7,0.0,20.0,False
success_radius,0.37777777777777777,0.04899592973540154,0.14488363132100487,0.12190791049444698,0.670626809748305,-1.1542874851297134,0.9877344877344877,1.0,0.3505344877344877,1.241722185909748,0.45,27.11111111111111,0.0,20.0,False
success_radius,0.37777777777777777,0.04899592973540154,0.3,0.12199733419937699,0.6671908744150454,-0.8163517325715252,0.9887165021156559,1.0,0.3515165021156559,1.4807667642831803,0.4,27.625,0.0,20.0,False
success_radius,0.37777777777777777,0.10627472835292812,0.00010000000000000009,0.12373529411444127,0.7228723773419624,-1.565927818951068,0.9626168224299065,0.9937694704049844,0.319186292834891,0.7812226142734289,0.6,25.833333333333332,0.0,20.0,False
success_radius,0.37777777777777777,0.10627472835292812,0.00020706272838739032,0.12373529479670502,0.7228798878898773,-1.5644922451946863,0.9633956386292835,0.9945482866043613,0.3207439252336448,0.7830616535618902,0.6,25.833333333333332,0.0,20.0,False
success_radius,0.37777777777777777,0.10627472835292812,0.0004287497348723022,0.12373529172890746,0.7228953091385084,-1.561523942002904,0.9633956386292835,0.9945482866043613,0.3207439252336448,0.78687385879457,0.6,25.833333333333332,0.0,20.0,False
success_radius,0.37777777777777777,0.10627472835292812,0.0008877808989802905,0.12373529345652844,0.7210772694186487,-1.5563655993659535,0.9650077760497667,0.994556765163297,0.3223645412130638,0.7853191068395973,0.6,25.916666666666668,0.0,20.0,False
success_radius,0.37777777777777777,0.10627472835292812,0.001838263351530691,0.12373529347250774,0.7198997199750327,-1.5439403165481922,0.9658385093167702,0.9945652173913043,0.3232037267080745,0.7919194612652063,0.55,24.818181818181817,0.0,20.0,False
success_radius,0.37777777777777777,0.10627472835292812,0.003806358250624933,0.12373529402653194,0.7200403879059218,-1.5184800859274346,0.9712732919254659,0.9953416149068323,0.3294149068322981,0.8214238718152046,0.55,24.818181818181817,0.0,20.0,False
success_radius,0.37777777777777777,0.10627472835292812,0.00788154924594252,0.1236937410268474,0.7185332279995121,-1.4714425429764841,0.9806501547987616,0.9969040247678018,0.34035417956656344,0.8697360571473837,0.55,25.0,0.0,20.0,False
success_radius,0.37777777777777777,0.10627472835292812,0.01631975090784437,0.123057633738723,0.7107345829328805,-1.3903191718509627,0.9885321100917431,0.9984709480122325,0.3498030581039756,0.9226904962211847,0.55,25.727272727272727,0.0,20.0,False
success_radius,0.37777777777777777,0.10627472835292812,0.03379212149580846,0.12318647166278386,0.6971358307316271,-1.2566757884574675,0.9917541229385307,0.9985007496251874,0.35305487256371815,1.0308317441493273,0.55,26.90909090909091,0.0,20.0,False
success_radius,0.37777777777777777,0.10627472835292812,0.0699708887492028,0.12221473735963309,0.6773604344452849,-1.057168162637384,0.994927536231884,1.0,0.357727536231884,1.2066570993512868,0.5,28.0,0.0,20.0,False
success_radius,0.37777777777777777,0.10627472835292812,0.14488363132100487,0.12184644978509622,0.6679203151808878,-0.7908860629013036,0.9978962131837307,1.0,0.3606962131837307,1.4629072692245244,0.4,28.125,0.0,20.0,False
success_radius,0.37777777777777777,0.10627472835292812,0.3,0.1221669566941623,0.6674169305782465,-0.5032726361780906,0.9986168741355463,1.0,0.36141687413554635,1.6317380908876657,0.35,28.0,0.0,20.0,False
success_radius,0.37777777777777777,0.23051543153651136,0.00010000000000000009,0.12283205727643311,0.6925537858768409,-0.9721873303014864,0.9881305637982196,0.9985163204747775,0.3494468842729971,1.2160136606544256,0.55,27.545454545454547,0.0,20.0,False
success_radius,0.37777777777777777,0.23051543153651136,0.00020706272838739032,0.12283205903389614,0.692560351643169,-0.9711839442856889,0.9888724035608308,0.9985163204747775,0.3501887240356083,1.217461147904396,0.55,27.545454545454547,0.0,20.0,False
success_radius,0.37777777777777777,0.23051543153651136,0.0004287497348723022,0.122832057489092,0.6925740601272807,-0.9691156670338599,0.9896142433234422,0.9985163204747775,0.35093056379821963,1.2204589672386645,0.55,27.545454545454547,0.0,20.0,False
success_radius,0.37777777777777777,0.23051543153651136,0.0008877808989802905,0.12283205736892179,0.6926022760967416,-0.9648724288803467,0.9903560830860534,0.9985163204747775,0.35167240356083085,1.226661590114236,0.55,27.545454545454547,0.0,20.0,False
success_radius,0.37777777777777777,0.23051543153651136,0.001838263351530691,0.12283205827096322,0.6926605863450721,-0.9562493901617742,0.9903560830860534,0.9985163204747775,0.35167240356083085,1.2394659765064717,0.55,27.545454545454547,0.0,20.0,False
success_radius,0.37777777777777777,0.23051543153651136,0.003806358250624933,0.12283205889015057,0.68918260199033,-0.9404512593874709,0.9903988183161004,0.9985228951255539,0.35172171344165437,1.2446606285870074,0.55,27.818181818181817,0.0,20.0,False
success_radius,0.37777777777777777,0.23051543153651136,0.00788154924594252,0.12283205926997123,0.6831566901668737,-0.9087517415502622,0.9926578560939795,0.9985315712187959,0.3539894273127754,1.265257827937603,0.55,28.181818181818183,0.0,20.0,False
success_radius,0.37777777777777777,0.23051543153651136,0.01631975090784437,0.12224496141691638,0.6780286857553338,-0.8517758146963292,0.9927325581395349,0.9992732558139535,0.3548058139534884,1.3137923933565616,0.55,28.818181818181817,0.0,20.0,False
success_radius,0.37777777777777777,0.23051543153651136,0.03379212149580846,0.12176511753479023,0.6723493376736644,-0.7539348455628314,0.9942857142857143,0.9992857142857143,0.3563714285714287,1.4051694855093957,0.45,27.88888888888889,0.0,20.0,False
success_radius,0.37777777777777777,0.23051543153651136,0.0699708887492028,0.12188953255474187,0.6608645259426471,-0.5875175480173691,0.9965325936199723,1.0,0.3593325936199723,1.62241568043828,0.4,29.125,0.0,20.0,False
success_radius,0.37777777777777777,0.23051543153651136,0.14488363132100487,0.12249268017457324,0.6607241046726254,-0.384407458847849,0.9986338797814208,1.0,0.36143387978142083,1.8106692723929882,0.35,29.285714285714285,0.0,20.0,False
success_radius,0.37777777777777777,0.23051543153651136,0.3,0.12235000245504586,0.6573985912041114,-0.12195270428914129,0.9993224932249323,1.0,0.3621224932249323,1.9616357505321502,0.3,28.666666666666668,0.0,20.0,False
success_radius,0.37777777777777777,0.5,0.00010000000000000009,0.12198536766807286,0.6557846214013229,-0.317790828568271,0.9952185792349727,1.0,0.3580185792349727,1.9300361271947621,0.4,30.5,0.0,20.0,False
success_radius,0.37777777777777777,0.5,0.00020706272838739032,0.12198536525009115,0.6557917047608859,-0.3172270755802919,0.9952185792349727,1.0,0.3580185792349727,1.9311825383454562,0.4,30.5,0.0,20.0,False
success_radius,0.37777777777777777,0.5,0.0004287497348723022,0.121844422414975,0.6558063800452427,-0.3170637280427082,0.9952316076294278,1.0,0.35803160762942776,1.9203615117818118,0.4,30.75,0.0,20.0,False
success_radius,0.37777777777777777,0.5,0.0008877808989802905,0.12184442470500347,0.6558367699421086,-0.3146731627884266,0.9959128065395095,1.0,0.35871280653950954,1.9252630721777677,0.4,30.75,0.0,20.0,False
success_radius,0.37777777777777777,0.5,0.001838263351530691,0.1218444219976674,0.6545371324847802,-0.3102683897967204,0.9959183673469387,1.0,0.35871836734693874,1.9289557732641698,0.4,30.875,0.0,20.0,False
success_radius,0.37777777777777777,0.5,0.003806358250624933,0.12184442204829916,0.6546708500910196,-0.30036538341335306,0.9959183673469387,1.0,0.35871836734693874,1.9497469291090965,0.4,30.875,0.0,20.0,False
success_radius,0.37777777777777777,0.5,0.00788154924594252,0.12193010307334526,0.6534165930729817,-0.2823483042739221,0.9959349593495935,1.0,0.35873495934959354,1.9732164811342954,0.4,31.25,0.0,20.0,False
success_radius,0.37777777777777777,0.5,0.01631975090784437,0.12201366721736603,0.6513359972841523,-0.24509501807779904,0.9966666666666667,1.0,0.3594666666666667,2.0287119682878254,0.35,31.857142857142858,0.0,20.0,False
success_radius,0.37777777777777777,0.5,0.03379212149580846,0.12233814460825541,0.6502687760620791,-0.1802522329082219,0.9973544973544973,1.0,0.36015449735449734,2.129476790316403,0.35,32.714285714285715,0.0,20.0,False
success_radius,0.37777777777777777,0.5,0.0699708887492028,0.12251320878679199,0.6470478428035608,-0.07204034456453287,0.9986876640419947,1.0,0.3614876640419947,2.2783405005931856,0.3,32.666666666666664,0.0,20.0,False
success_radius,0.37777777777777777,0.5,0.14488363132100487,0.12257032158199542,0.643999053183562,0.09038079781544088,0.9986962190352021,1.0,0.3614962190352021,2.406331952661276,0.3,33.5,0.0,20.0,False
success_radius,0.37777777777777777,0.5,0.3,0.12257032345506202,0.6431338615136483,0.3102263073423022,1.0,1.0,0.3628,2.4911811612546444,0.3,33.833333333333336,0.0,20.0,False
success_radius,0.4666666666666667,0.00010000000000000009,0.00010000000000000009,0.12477291102771086,0.7980223564452066,75.36158315431403,0.1426086956521739,0.23652173913043478,1.2580695652173914,0.38784064874053004,0.9,26.5,0.0,20.0,False
success_radius,0.4666666666666667,0.00010000000000000009,0.00020706272838739032,0.12477291168774853,0.7980226086947444,60.33524529116354,0.16260869565217392,0.27391304347826084,1.2006782608695652,0.38833951726555827,0.9,26.5,0.0,20.0,False
success_radius,0.4666666666666667,0.00010000000000000009,0.0004287497348723022,0.12477291149520284,0.7980246562404327,51.478666469737945,0.18695652173913044,0.3217391304347826,1.128504347826087,0.394739693030715,0.9,26.5,0.0,20.0,False
success_radius,0.4666666666666667,0.00010000000000000009,0.0008877808989802905,0.12452113706682903,0.795605447128641,46.61335440260935,0.23050259965337955,0.37694974003466203,1.0297476603119584,0.39038170501589775,0.9,26.61111111111111,0.0,20.0,False
success_radius,0.4666666666666667,0.00010000000000000009,0.001838263351530691,0.12458212388791803,0.7861976624124081,44.03038618552348,0.28130360205831906,0.44596912521440824,0.9099272727272727,0.3696665108203888,0.85,26.235294117647058,0.0,20.0,False
success_radius,0.4666666666666667,0.00010000000000000009,0.003806358250624933,0.12458212631651486,0.7783953556227545,42.75140326994104,0.34582623509369675,0.514480408858603,0.7768933560477003,0.3857901357812807,0.85,26.470588235294116,0.0,20.0,False
success_radius,0.4666666666666667,0.00010000000000000009,0.00788154924594252,0.12392895860014946,0.7718880404667056,42.02525486522496,0.4132996632996633,0.5656565656565656,0.6582437710437711,0.40206837113946675,0.75,25.266666666666666,0.0,20.0,False
success_radius,0.4666666666666667,0.00010000000000000009,0.01631975090784437,0.12367516841399753,0.7538730622624065,41.35201503448004,0.48846787479406917,0.5922570016474464,0.5564751235584844,0.44743022695183754,0.75,26.133333333333333,0.0,20.0,False
success_radius,0.4666666666666667,0.00010000000000000009,0.03379212149580846,0.12368105076591612,0.7429606000289278,41.38302179636086,0.5339256865912763,0.5993537964458805,0.5039205169628432,0.5815511777997017,0.7,26.071428571428573,0.0,20.0,False
success_radius,0.4666666666666667,0.00010000000000000009,0.0699708887492028,0.12340872246994017,0.7156575877981838,40.73479555490285,0.5599688473520249,0.6082554517133957,0.4689757009345794,0.7218799389898777,0.55,24.636363636363637,0.0,20.0,False
success_radius,0.4666666666666667,0.00010000000000000009,0.14488363132100487,0.12307956282613328,0.6941764813504969,40.30669914474889,0.5715361445783133,0.6129518072289156,0.4527120481927711,0.9804802596569061,0.5,25.4,0.0,20.0,False
success_radius,0.4666666666666667,0.00010000000000000009,0.3,0.12237829967193684,0.6774397274405543,39.74869751311555,0.577826725403818,0.618208516886931,0.441164757709251,1.196792908012867,0.5,27.1,0.0,20.0,False
success_radius,0.4666666666666667,0.00021690521830457365,0.00010000000000000009,0.12477291102771086,0.7980223564452066,42.373431431209426,0.17043478260869566,0.2782608695652174,1.1885043478260868,0.38784064874053004,0.9,26.5,0.0,20.0,False
success_radius,0.4666666666666667,0.00021690521830457365,0.00020706272838739032,0.12477291142653124,0.7980226868882253,31.934179515138133,0.18695652173913044,0.3130434782608696,1.1372,0.3884544286876917,0.9,26.5,0.0,20.0,False
success_radius,0.4666666666666667,0.00021690521830457365,0.0004287497348723022,0.12477291096198932,0.7980245693727335,24.94294154634045,0.21130434782608695,0.3556521739130435,1.0702434782608696,0.3952328469604254,0.9,26.5,0.0,20.0,False
success_radius,0.4666666666666667,0.00021690521830457365,0.0008877808989802905,0.12452113704792087,0.7956088526463825,20.782472056863092,0.2530329289428076,0.4124783362218371,0.9716887348353553,0.3911686586216092,0.9,26.61111111111111,0.0,20.0,False
success_radius,0.4666666666666667,0.00021690521830457365,0.001838263351530691,0.1245821244650348,0.7862023630688424,18.550254437076443,0.30102915951972553,0.47684391080617494,0.8593269296740995,0.37040221095085146,0.85,26.235294117647058,0.0,20.0,False
success_radius,0.4666666666666667,0.00021690521830457365,0.003806358250624933,0.12458212781921407,0.7784018370679138,17.489213299964668,0.36541737649063033,0.545144804088586,0.7266378194207836,0.38671220652759075,0.85,26.470588235294116,0.0,20.0,False
success_radius,0.4666666666666667,0.00021690521830457365,0.00788154924594252,0.12392895912739152,0.771892795600588,16.999730387086057,0.4335016835016835,0.5951178451178452,0.6085804713804713,0.40273982267826797,0.75,25.266666666666666,0.0,20.0,False
success_radius,0.4666666666666667,0.00021690521830457365,0.01631975090784437,0.12367517209628993,0.7538766982605017,16.71463097935535,0.5082372322899505,0.6210873146622735,0.5078754530477759,0.44790436550974844,0.75,26.133333333333333,0.0,20.0,False
success_radius,0.4666666666666667,0.00021690521830457365,0.03379212149580846,0.12368105243464084,0.7429634713764767,16.833984339301992,0.5541195476575121,0.6284329563812601,0.4546474959612278,0.581916356086731,0.7,26.071428571428573,0.0,20.0,False
success_radius,0.4666666666666667,0.00021690521830457365,0.0699708887492028,0.12340872389827819,0.7156597504202665,16.697794750616275,0.5794392523364486,0.6370716510903427,0.42068909657320874,0.7221478432416916,0.55,24.636363636363637,0.0,20.0,False
success_radius,0.4666666666666667,0.00021690521830457365,0.14488363132100487,0.12307956295729418,0.6941779569204345,16.68524331365982,0.5911144578313253,0.641566265060241,0.4045192771084337,0.9806447982788086,0.5,25.4,0.0,20.0,False
success_radius,0.4666666666666667,0.00021690521830457365,0.3,0.12237830053598872,0.6774406835794924,16.634194921003747,0.5976505139500734,0.6461086637298091,0.39344082232011746,1.196879865974188,0.5,27.1,0.0,20.0,False
success_radius,0.4666666666666667,0.00047047873727754753,0.00010000000000000009,0.12477291102771086,0.7980223564452066,22.870691496948215,0.20782608695652174,0.35130434782608694,1.0780695652173913,0.38784064874053004,0.9,26.5,0.0,20.0,False
success_radius,0.4666666666666667,0.00047047873727754753,0.00020706272838739032,0.12477291131901806,0.7980227129866284,16.791108824898522,0.2234782608695652,0.38,1.0337217391304347,0.3888197772204876,0.9,26.5,0.0,20.0,False
success_radius,0.4666666666666667,0.00047047873727754753,0.0004287497348723022,0.12477291088716513,0.7980248352108672,12.002051163005365,0.24869565217391304,0.4217391304347826,0.9667652173913044,0.39641394689679144,0.9,26.5,0.0,20.0,False
success_radius,0.4666666666666667,0.00047047873727754753,0.0008877808989802905,0.12452113663843023,0.7956160619933547,8.779208514889639,0.28422876949740034,0.47400346620450606,0.8789677642980935,0.39284745380282404,0.9,26.61111111111111,0.0,20.0,False
success_radius,0.4666666666666667,0.00047047873727754753,0.001838263351530691,0.12458212439004283,0.7862124775204509,6.926392329721686,0.33276157804459694,0.5343053173241853,0.7701331046312178,0.37197989970445633,0.85,26.235294117647058,0.0,20.0,False
success_radius,0.4666666666666667,0.00047047873727754753,0.003806358250624933,0.12458212660889662,0.778415829760466,6.02781899551109,0.39267461669505965,0.6039182282793867,0.6406071550255537,0.38870906876400113,0.85,26.470588235294116,0.0,20.0,False
success_radius,0.4666666666666667,0.00047047873727754753,0.00788154924594252,0.12392895825009906,0.7719031678027077,5.662267408464007,0.4604377104377104,0.6506734006734006,0.5260888888888889,0.4041892597451806,0.75,25.266666666666666,0.0,20.0,False
success_radius,0.4666666666666667,0.00047047873727754753,0.01631975090784437,0.12367516822541008,0.7538845476161742,5.556609754951075,0.5345963756177924,0.6754530477759473,0.4271505766062603,0.4489312179386616,0.75,26.133333333333333,0.0,20.0,False
success_radius,0.4666666666666667,0.00047047873727754753,0.03379212149580846,0.12368105232012634,0.7429698222661204,5.71630307350129,0.5807754442649434,0.6833602584814217,0.3730642972536349,0.5827066108584404,0.7,26.071428571428573,0.0,20.0,False
success_radius,0.4666666666666667,0.00047047873727754753,0.0699708887492028,0.12340872503267067,0.7156643918088837,5.8127051232581115,0.6051401869158879,0.690809968847352,0.3412498442367601,0.7227284640073777,0.55,24.636363636363637,0.0,20.0,False
success_radius,0.4666666666666667,0.00047047873727754753,0.14488363132100487,0.12307956450534618,0.6941812754222217,5.9894448059034655,0.6167168674698795,0.6942771084337349,0.32620602409638555,0.9810013987123967,0.5,25.4,0.0,20.0,False
success_radius,0.4666666666666667,0.00047047873727754753,0.3,0.12237829934735701,0.6774426519482667,6.169613861242736,0.6226138032305433,0.6997063142437592,0.31487988252569754,1.1970683179795742,0.5,27.1,0.0,20.0,False
success_radius,0.4666666666666667,0.001020492932168466,0.00010000000000000009,0.12477291104083742,0.7980223445826035,10.787388635121182,0.26521739130434785,0.44608695652173913,0.925895652173913,0.38789407834410666,0.9,26.5,0.0,20.0,False
success_radius,0.4666666666666667,0.001020492932168466,0.00020706272838739032,0.12477291162062874,0.7980232243196265,7.924129535586511,0.2773913043478261,0.4721739130434783,0.8876347826086957,0.39018041379749774,0.9,26.5,0.0,20.0,False
success_radius,0.4666666666666667,0.001020492932168466,0.0004287497348723022,0.12477291062340336,0.7980292837432823,5.191345104989455,0.29304347826086957,0.5069565217391304,0.8371999999999999,0.399531327560544,0.9,26.5,0.0,20.0,False
success_radius,0.4666666666666667,0.001020492932168466,0.0008877808989802905,0.12452113638332245,0.7931784789545594,3.018091614443526,0.32698961937716264,0.5527681660899654,0.757442214532872,0.38568730456754563,0.9,26.666666666666668,0.0,20.0,False
success_radius,0.4666666666666667,0.001020492932168466,0.001838263351530691,0.12458212403197018,0.7862448728707524,1.6395442547576786,0.37564322469982847,0.6089193825042881,0.6526373927958834,0.3762150716036558,0.85,26.235294117647058,0.0,20.0,False
success_radius,0.4666666666666667,0.001020492932168466,0.003806358250624933,0.12458212790092818,0.7784450741699266,0.9148860495106218,0.43611584327086883,0.6712095400340715,0.5298746166950596,0.3929780316539109,0.85,26.470588235294116,0.0,20.0,False
success_radius,0.4666666666666667,0.001020492932168466,0.00788154924594252,0.1239289567147992,0.7719252370748387,0.6334589678285762,0.4983164983164983,0.7188552188552189,0.4200282828282828,0.40730339884757993,0.75,25.266666666666666,0.0,20.0,False
success_radius,0.4666666666666667,0.001020492932168466,0.01631975090784437,0.12367516851648186,0.7539015398627462,0.6136317310106459,0.5700164744645799,0.7397034596375618,0.3274800658978583,0.4511521436274052,0.75,26.133333333333333,0.0,20.0,False
success_radius,0.4666666666666667,0.001020492932168466,0.03379212149580846,0.12368105300603556,0.7429833897526136,0.7916176638547742,0.6163166397415186,0.7463651050080775,0.27451825525040385,0.584416863322258,0.7,26.071428571428573,0.0,20.0,False
success_radius,0.4666666666666667,0.001020492932168466,0.0699708887492028,0.12340872356927772,0.7156744685717265,0.9915175504028567,0.6394080996884736,0.7515576323987538,0.2462342679127726,0.7239865258336067,0.55,24.636363636363637,0.0,20.0,False
success_radius,0.4666666666666667,0.001020492932168466,0.14488363132100487,0.12307956298578225,0.6924439667562383,1.2509364263334777,0.6511278195488722,0.7541353383458647,0.2319368421052631,0.9764011532068253,0.5,25.5,0.0,20.0,False
success_radius,0.4666666666666667,0.001020492932168466,0.3,0.12237829908108819,0.6774470246845502,1.537165340895904,0.6571218795888399,0.7577092511013216,0.22236886930983846,1.1974764689803123,0.5,27.1,0.0,20.0,False
success_radius,0.4666666666666667,0.0022135024223027535,0.00010000000000000009,0.12477291104611175,0.7980252429558974,3.6331269716231334,0.33652173913043476,0.5817391304347826,0.7189391304347825,0.39140758402645587,0.9,26.5,0.0,20.0,False
success_radius,0.4666666666666667,0.0022135024223027535,0.00020706272838739032,0.12477291129813459,0.7980408417085426,2.5684810405751572,0.348695652173913,0.6034782608695652,0.6850260869565217,0.3976256508380175,0.9,26.5,0.0,20.0,False
success_radius,0.4666666666666667,0.0022135024223027535,0.0004287497348723022,0.12452113805098829,0.7956356264074952,1.2985111404227547,0.37435008665511266,0.6282495667244368,0.6346003466204506,0.38665959108620884,0.9,26.61111111111111,0.0,20.0,False
success_radius,0.4666666666666667,0.0022135024223027535,0.0008877808989802905,0.12458212467761873,0.7892751278625146,0.10719181809786554,0.39672977624784855,0.6721170395869192,0.5683531841652323,0.35341158010996876,0.85,26.11764705882353,0.0,20.0,False
success_radius,0.4666666666666667,0.0022135024223027535,0.001838263351530691,0.1245821268228327,0.7825473831317215,-0.7765107047344746,0.43846153846153846,0.7153846153846154,0.48335384615384613,0.367394569888711,0.85,26.352941176470587,0.0,20.0,False
success_radius,0.4666666666666667,0.0022135024223027535,0.003806358250624933,0.12458212654500504,0.7752751320905457,-1.290544782194882,0.49575551782682514,0.7682512733446519,0.3731932088285229,0.3826703231781721,0.85,26.58823529411765,0.0,20.0,False
success_radius,0.4666666666666667,0.0022135024223027535,0.00788154924594252,0.1239289560967829,0.7719716559349925,-1.4892577743168183,0.5572390572390572,0.8122895622895623,0.2676713804713805,0.41392699889838697,0.75,25.266666666666666,0.0,20.0,False
success_radius,0.4666666666666667,0.0022135024223027535,0.01631975090784437,0.12367517072955796,0.7518892208410958,-1.464393874618514,0.625,0.8273026315789473,0.18489736842105264,0.4454648196697235,0.75,26.2,0.0,20.0,False
success_radius,0.4666666666666667,0.0022135024223027535,0.03379212149580846,0.12368105245874741,0.7411605736318998,-1.2763216894504863,0.6709677419354839,0.8346774193548387,0.13155483870967732,0.579914715886116,0.7,26.142857142857142,0.0,20.0,True
success_radius,0.4666666666666667,0.0022135024223027535,0.0699708887492028,0.12340872332090892,0.715696405041364,-1.0330222285266812,0.690809968847352,0.8387850467289719,0.12382492211838014,0.7267075896263122,0.55,24.636363636363637,0.0,20.0,False
success_radius,0.4666666666666667,0.0022135024223027535,0.14488363132100487,0.1230795634097853,0.6924598358846378,-0.7344871298020905,0.7007518796992481,0.8428571428571429,0.1296947368421053,0.9780793830752372,0.5,25.5,0.0,20.0,False
success_radius,0.4666666666666667,0.0022135024223027535,0.3,0.12237830104051524,0.677456534912759,-0.4062103488497364,0.7063142437591777,0.8465491923641704,0.1315650513950074,1.1983612440526485,0.5,27.1,0.0,20.0,False
success_radius,0.4666666666666667,0.004801202261272809,0.00010000000000000009,0.12458212564976484,0.7883704293531363,-0.12439480656055388,0.46048109965635736,0.743127147766323,0.4335917525773196,0.36662453040480614,0.85,26.176470588235293,0.0,20.0,False
success_radius,0.4666666666666667,0.004801202261272809,0.00020706272838739032,0.12458212630140805,0.7849230110178805,-0.4333172880224669,0.4700342465753425,0.7482876712328768,0.41887808219178074,0.35390820442698895,0.85,26.294117647058822,0.0,20.0,False
success_radius,0.4666666666666667,0.004801202261272809,0.0004287497348723022,0.12458212689248539,0.7849517265053587,-0.8783321315670626,0.4837328767123288,0.7671232876712328,0.38634383561643837,0.36512362835928797,0.85,26.294117647058822,0.0,20.0,False
success_radius,0.4666666666666667,0.004801202261272809,0.0008877808989802905,0.12458212733934991,0.7814833825045046,-1.3922963178879875,0.5051194539249146,0.7926621160409556,0.33941843003412975,0.37993551790714264,0.85,26.41176470588235,0.0,20.0,False
success_radius,0.4666666666666667,0.004801202261272809,0.001838263351530691,0.12458212819334917,0.781592409746665,-1.8512048593280757,0.53839590443686,0.8284982935153583,0.27030580204778165,0.3987971588969231,0.8,25.625,0.0,20.0,False
success_radius,0.4666666666666667,0.004801202261272809,0.003806358250624933,0.12434439853909379,0.7758490523682229,-2.1623230048032385,0.5879864636209814,0.8747884940778342,0.17442504230118439,0.4058648027479649,0.8,25.9375,0.0,20.0,False
success_radius,0.4666666666666667,0.004801202261272809,0.00788154924594252,0.1238858024068325,0.7653590142220847,-2.2769292082795087,0.6458333333333334,0.905,0.08636666666666659,0.4113108769059181,0.75,25.666666666666668,0.0,20.0,True
success_radius,0.4666666666666667,0.004801202261272809,0.01631975090784437,0.12367516935463937,0.7524328632309647,-2.212889598836484,0.7047697368421053,0.9161184210526315,0.060451315789473825,0.48700508326292036,0.7,25.285714285714285,0.0,20.0,True
success_radius,0.4666666666666667,0.004801202261272809,0.03379212149580846,0.12368105264020068,0.7395454113042554,-2.0225737821347467,0.748792270531401,0.9235104669887279,0.09708180354267315,0.6196166574954987,0.7,26.214285714285715,0.0,20.0,True
success_radius,0.4666666666666667,0.004801202261272809,0.0699708887492028,0.123408724554307,0.7115861112890117,-1.7620572467692401,0.765891472868217,0.9263565891472868,0.11133488372093026,0.7545074068009854,0.55,24.90909090909091,0.0,20.0,False
success_radius,0.4666666666666667,0.004801202261272809,0.14488363132100487,0.12282507070756954,0.6930042552456083,-1.4591350605581255,0.7747747747747747,0.9301801801801802,0.11639459459459456,1.0142318241298198,0.5,25.6,0.0,20.0,False
success_radius,0.4666666666666667,0.004801202261272809,0.3,0.12223071446160906,0.6763296618903032,-1.113007069181298,0.7789165446559297,0.931918008784773,0.11879853587115674,1.227274277061224,0.5,27.3,0.0,20.0,False
success_radius,0.4666666666666667,0.010414058246057912,0.00010000000000000009,0.1242952260635632,0.7808451405949761,-1.7329579649541453,0.6052631578947368,0.8743633276740238,0.15757351443123935,0.4115924831479788,0.8,25.8125,0.0,20.0,False
success_radius,0.4666666666666667,0.010414058246057912,0.00020706272838739032,0.1242952259568747,0.7785134812940722,-1.81091227786518,0.611864406779661,0.8796610169491526,0.1456745762711864,0.4042171198874712,0.8,25.875,0.0,20.0,True
success_radius,0.4666666666666667,0.010414058246057912,0.0004287497348723022,0.12429522513611138,0.7768342197417271,-1.9303839213499134,0.6209813874788495,0.8857868020304569,0.13043181049069363,0.4032559894025326,0.8,25.9375,0.0,20.0,True
success_radius,0.4666666666666667,0.010414058246057912,0.0008877808989802905,0.12429522459423649,0.7768801818356691,-2.094641358005502,0.6387478849407784,0.9060913705583756,0.09236074450084597,0.41682960763573645,0.8,25.9375,0.0,20.0,True
success_radius,0.4666666666666667,0.010414058246057912,0.001838263351530691,0.12415995269203492,0.7726813799617918,-2.27607083526076,0.6675084175084175,0.9301346801346801,0.039556902356902346,0.41564349792897703,0.8,26.125,0.0,20.0,True
success_radius,0.4666666666666667,0.010414058246057912,0.003806358250624933,0.12411520260713571,0.7698119905157097,-2.4032767153195365,0.7090301003344481,0.9531772575250836,0.02765284280936453,0.4297635667026043,0.75,25.533333333333335,0.0,20.0,True
success_radius,0.4666666666666667,0.010414058246057912,0.00788154924594252,0.12370483167715918,0.7602459659154593,-2.434981342657583,0.7466887417218543,0.9660596026490066,0.07554834437086089,0.4657070701941848,0.75,25.933333333333334,0.0,20.0,True
success_radius,0.4666666666666667,0.010414058246057912,0.01631975090784437,0.1236532118297196,0.7519469822203948,-2.3444147356893366,0.8011456628477905,0.9738134206219312,0.13775908346972177,0.5424730405211449,0.65,24.46153846153846,0.0,20.0,False
success_radius,0.4666666666666667,0.010414058246057912,0.03379212149580846,0.12339466751721238,0.7347753681372791,-2.159957702773824,0.8410543130990416,0.9792332268370607,0.18308753993610227,0.6527270019054413,0.65,25.615384615384617,0.0,20.0,False
success_radius,0.4666666666666667,0.010414058246057912,0.0699708887492028,0.1232364968985409,0.7091916120959003,-1.8954989832787335,0.8533950617283951,0.9807098765432098,0.19690493827160493,0.8121136479079724,0.55,25.181818181818183,0.0,20.0,False
success_radius,0.4666666666666667,0.010414058246057912,0.14488363132100487,0.1226591540651107,0.6909904658853623,-1.5914018537185595,0.8617339312406577,0.9828101644245142,0.20734409566517187,1.0735399670898915,0.5,25.9,0.0,20.0,False
success_radius,0.4666666666666667,0.010414058246057912,0.3,0.121926302476461,0.6682911671149756,-1.2352977281922037,0.8658008658008658,0.9834054834054834,0.2120063492063492,1.245293101668358,0.45,27.11111111111111,0.0,20.0,False
success_radius,0.4666666666666667,0.02258863577297737,0.00010000000000000009,0.12448461926059722,0.7742692436477898,-2.1782653689536993,0.7550167224080268,0.9523411371237458,0.074475585284281,0.47582279071211814,0.7,24.571428571428573,0.0,20.0,True
success_radius,0.4666666666666667,0.02258863577297737,0.00020706272838739032,0.1244846198103462,0.7742783454159184,-2.1902820643877523,0.7583612040133779,0.9548494983277592,0.07601070234113716,0.4794545084238052,0.7,24.571428571428573,0.0,20.0,True
success_radius,0.4666666666666667,0.02258863577297737,0.0004287497348723022,0.1244846228330584,0.7711669599207086,-2.2105907080341973,0.7616666666666667,0.9591666666666666,0.08363333333333334,0.47532810680568216,0.7,24.714285714285715,0.0,20.0,True
success_radius,0.4666666666666667,0.02258863577297737,0.0008877808989802905,0.12448462140807437,0.7694774372437134,-2.2433556237697725,0.7687188019966722,0.9650582362728786,0.09657703826955077,0.4783544346690178,0.7,24.785714285714285,0.0,20.0,True
success_radius,0.4666666666666667,0.02258863577297737,0.001838263351530691,0.12448462054699687,0.767108872455433,-2.281960655708481,0.792358803986711,0.973421926910299,0.12858073089701005,0.4894435519352555,0.7,24.857142857142858,0.0,20.0,True
success_radius,0.4666666666666667,0.02258863577297737,0.003806358250624933,0.12448462015005471,0.7628077263991452,-2.303750314281274,0.8153973509933775,0.9859271523178808,0.16412450331125827,0.5114414181560278,0.65,23.923076923076923,0.0,20.0,False
success_radius,0.4666666666666667,0.02258863577297737,0.00788154924594252,0.12386666457944567,0.7573997778789653,-2.2794823754841227,0.8505747126436781,0.9893267651888341,0.20270147783251224,0.5518029399216176,0.65,24.307692307692307,0.0,20.0,False
success_radius,0.4666666666666667,0.02258863577297737,0.01631975090784437,0.12410436374981522,0.7465557136596604,-2.170313215769538,0.8987034035656402,0.9943273905996759,0.25583079416531607,0.6300553843379021,0.65,24.923076923076923,0.0,20.0,False
success_radius,0.4666666666666667,0.02258863577297737,0.03379212149580846,0.12327803258629683,0.7312103255752043,-1.9989035716838786,0.9224683544303798,0.997626582278481,0.2828949367088608,0.7252048082649708,0.6,25.0,0.0,20.0,False
success_radius,0.4666666666666667,0.02258863577297737,0.0699708887492028,0.1233121678346813,0.7028956428077361,-1.743185951013188,0.9320610687022901,0.9984732824427481,0.29333435114503825,0.8905663236975669,0.55,25.818181818181817,0.0,20.0,False
success_radius,0.4666666666666667,0.02258863577297737,0.14488363132100487,0.12272055249772003,0.6860089205842921,-1.4457730299786193,0.94,1.0,0.30279999999999996,1.1579929120838641,0.5,26.5,0.0,20.0,False
success_radius,0.4666666666666667,0.02258863577297737,0.3,0.12216162554194825,0.669737452547013,-1.1061501592814202,0.9425287356321839,1.0,0.3053287356321839,1.3357375636696815,0.45,27.444444444444443,0.0,20.0,False
success_radius,0.4666666666666667,0.04899592973540154,0.00010000000000000009,0.12408074006011707,0.7589152880855599,-2.0104236993612266,0.8895253682487725,0.9852700490998363,0.23759541734860878,0.6327407050877809,0.65,24.46153846153846,0.0,20.0,False
success_radius,0.4666666666666667,0.04899592973540154,0.00020706272838739032,0.12408074052965645,0.7589235393029032,-2.010379625529243,0.8903436988543372,0.986088379705401,0.23923207855973816,0.6350339986383915,0.65,24.46153846153846,0.0,20.0,False
success_radius,0.4666666666666667,0.04899592973540154,0.0004287497348723022,0.12408074067816967,0.7589405383554856,-2.009987890452218,0.8936170212765957,0.986088379705401,0.2425054009819967,0.6398228995501996,0.65,24.46153846153846,0.0,20.0,False
success_radius,0.4666666666666667,0.04899592973540154,0.0008877808989802905,0.1240807387532226,0.7589756327390861,-2.0081163582646386,0.8985270049099836,0.9869067103109657,0.24823371522094928,0.6498927686363458,0.65,24.46153846153846,0.0,20.0,False
success_radius,0.4666666666666667,0.04899592973540154,0.001838263351530691,0.12367742030990823,0.7545952502714242,-2.00580492194269,0.9047231270358306,0.990228013029316,0.25775114006514654,0.6311546355485916,0.6,23.5,0.0,20.0,False
success_radius,0.4666666666666667,0.04899592973540154,0.003806358250624933,0.12367741919337401,0.7527037214241367,-1.9855170022150679,0.9235772357723577,0.991869918699187,0.2782471544715447,0.6626480795443058,0.6,23.583333333333332,0.0,20.0,False
success_radius,0.4666666666666667,0.04899592973540154,0.00788154924594252,0.12380301832955258,0.744371983624458,-1.9373159986708557,0.9461414790996785,0.9935691318327974,0.3025106109324759,0.6831745080649853,0.6,24.166666666666668,0.0,20.0,False
success_radius,0.4666666666666667,0.04899592973540154,0.01631975090784437,0.1238030173580502,0.7320830407775956,-1.8347281288760482,0.9634340222575517,0.9960254372019078,0.32225945945945955,0.7501565784215927,0.6,24.75,0.0,20.0,False
success_radius,0.4666666666666667,0.04899592973540154,0.03379212149580846,0.12343821087892044,0.7160299695173413,-1.6761090916111026,0.9775193798449613,0.9976744186046511,0.3379937984496124,0.828539565205574,0.55,24.90909090909091,0.0,20.0,False
success_radius,0.4666666666666667,0.04899592973540154,0.0699708887492028,0.1231485394976248,0.7002688870197038,-1.4497916591294813,0.9818731117824774,0.9992447129909365,0.3439178247734139,1.0445083171129226,0.5,25.2,0.0,20.0,False
success_radius,0.4666666666666667,0.04899592973540154,0.14488363132100487,0.12208950190202585,0.6734448392821044,-1.1518113862814352,0.9876453488372093,1.0,0.35044534883720935,1.2822433978319168,0.5,27.8,0.0,20.0,False
success_radius,0.4666666666666667,0.04899592973540154,0.3,0.12199733419937699,0.6691339488475352,-0.8435891779256166,0.9886039886039886,1.0,0.3514039886039886,1.4753854602575303,0.45,28.11111111111111,0.0,20.0,False
success_radius,0.4666666666666667,0.10627472835292812,0.00010000000000000009,0.1236121997515236,0.7334908317840163,-1.5577419838403568,0.9620853080568721,0.9936808846761453,0.31856619273301745,0.8637049429118633,0.6,25.083333333333332,0.0,20.0,False
success_radius,0.4666666666666667,0.10627472835292812,0.00020706272838739032,0.12361220044058731,0.7334986298631049,-1.5563390201369602,0.9628751974723538,0.9944707740916272,0.32014597156398106,0.8655438132584095,0.6,25.083333333333332,0.0,20.0,False
success_radius,0.4666666666666667,0.10627472835292812,0.0004287497348723022,0.12361219734221374,0.7335146430720481,-1.5534371779978613,0.9628751974723538,0.9944707740916272,0.32014597156398106,0.8693524278700352,0.6,25.083333333333332,0.0,20.0,False
success_radius,0.4666666666666667,0.10627472835292812,0.0008877808989802905,0.12361219908705352,0.7316044957256991,-1.5483660814474152,0.9645110410094637,0.9944794952681388,0.32179053627760257,0.8684818752110004,0.6,25.166666666666668,0.0,20.0,False
success_radius,0.4666666666666667,0.10627472835292812,0.001838263351530691,0.12361219910319211,0.7299014903334718,-1.5368355694899498,0.9653543307086614,0.9944881889763779,0.3226425196850393,0.875258406996727,0.6,25.25,0.0,20.0,False
success_radius,0.4666666666666667,0.10627472835292812,0.003806358250624933,0.1236121996627381,0.7268728666681235,-1.5126885349983226,0.9709576138147566,0.9952904238618524,0.32904803767660906,0.8944952465593815,0.6,25.416666666666668,0.0,20.0,False
success_radius,0.4666666666666667,0.10627472835292812,0.00788154924594252,0.12367427407907008,0.7203243687158378,-1.4685865977505925,0.9805598755832037,0.9968895800933126,0.3402494556765163,0.8981636092066765,0.55,24.727272727272727,0.0,20.0,False
success_radius,0.4666666666666667,0.10627472835292812,0.01631975090784437,0.12333993350029629,0.7191025908051489,-1.3848593667638347,0.9883900928792569,0.9984520123839009,0.34964210526315787,0.9893644228577614,0.55,25.0,0.0,20.0,False
success_radius,0.4666666666666667,0.10627472835292812,0.03379212149580846,0.12309699262513157,0.7048324250096951,-1.2531438287241172,0.9916540212443096,0.9984825493171472,0.3529365705614568,1.0928652949631215,0.55,26.181818181818183,0.0,20.0,False
success_radius,0.4666666666666667,0.10627472835292812,0.0699708887492028,0.12230795592309557,0.6858678982720819,-1.0578536503370952,0.9948529411764706,1.0,0.3576529411764706,1.2741797044873238,0.5,27.0,0.0,20.0,False
success_radius,0.4666666666666667,0.10627472835292812,0.14488363132100487,0.12171695838977907,0.6698148426310138,-0.801416259233134,0.9978601997146933,1.0,0.3606601997146933,1.5008090779185295,0.45,28.0,0.0,20.0,False
success_radius,0.4666666666666667,0.10627472835292812,0.3,0.12211249101531424,0.6691408719553849,-0.494834197967216,0.99860529986053,1.0,0.36140529986053005,1.6837290048599243,0.35,27.142857142857142,0.0,20.0,False
success_radius,0.4666666666666667,0.23051543153651136,0.00010000000000000009,0.12349405082423554,0.6995096178743483,-0.9650382427229468,0.9879518072289156,0.9984939759036144,0.3492457831325301,1.294947188347578,0.55,26.636363636363637,0.0,20.0,False
success_radius,0.4666666666666667,0.23051543153651136,0.00020706272838739032,0.12349405271926937,0.6995164922715874,-0.9640431379551472,0.9887048192771084,0.9984939759036144,0.34999879518072285,1.2964182525873185,0.55,26.636363636363637,0.0,20.0,False
success_radius,0.4666666666666667,0.23051543153651136,0.0004287497348723022,0.12316626733326538,0.6995308398525202,-0.9634702109706894,0.9894894894894894,0.9984984984984985,0.35078798798798794,1.2828305773437023,0.55,26.818181818181817,0.0,20.0,False
success_radius,0.4666666666666667,0.23051543153651136,0.0008877808989802905,0.12316626719094619,0.6995603730307917,-0.9592737913716237,0.9902402402402403,0.9984984984984985,0.35153873873873875,1.2890970423817634,0.55,26.818181818181817,0.0,20.0,False
success_radius,0.4666666666666667,0.23051543153651136,0.001838263351530691,0.12291231697641336,0.6996213868490603,-0.9515119492815831,0.9902548725637181,0.9985007496251874,0.35155562218890557,1.2936199583113193,0.55,26.90909090909091,0.0,20.0,False
success_radius,0.4666666666666667,0.23051543153651136,0.003806358250624933,0.12283205889015057,0.699746485442769,-0.9367430180070146,0.9902985074626866,0.9985074626865672,0.35160597014925377,1.2968289487063884,0.55,27.181818181818183,0.0,20.0,False
success_radius,0.4666666666666667,0.23051543153651136,0.00788154924594252,0.12283205926997123,0.6937202875185836,-0.9060511440646575,0.9925816023738873,0.9985163204747775,0.3538979228486647,1.3173053130507468,0.55,27.545454545454547,0.0,20.0,False
success_radius,0.4666666666666667,0.23051543153651136,0.01631975090784437,0.1228320589408217,0.6841574099322391,-0.8478515593139605,0.9926578560939795,0.9992657856093979,0.35472364170337745,1.3679255694150925,0.55,28.181818181818183,0.0,20.0,False
success_radius,0.4666666666666667,0.23051543153651136,0.03379212149580846,0.12187036827874746,0.6788683802549267,-0.7506748132302502,0.9942112879884226,0.9992764109985528,0.35628769898697543,1.4682494416832923,0.45,26.88888888888889,0.0,20.0,False
success_radius,0.4666666666666667,0.23051543153651136,0.0699708887492028,0.12185223168045978,0.6656207451267141,-0.5971724894002548,0.9964739069111425,1.0,0.35927390691114247,1.654170298576355,0.45,28.88888888888889,0.0,20.0,False
success_radius,0.4666666666666667,0.23051543153651136,0.14488363132100487,0.12203300800655702,0.6649212028531125,-0.379733289462025,0.9986244841815681,1.0,0.36142448418156814,1.850984987616539,0.35,28.571428571428573,0.0,20.0,False
success_radius,0.4666666666666667,0.23051543153651136,0.3,0.12235000245504586,0.6644583112673936,-0.1233042118947709,0.9993178717598908,1.0,0.36211787175989085,1.9972652271389961,0.35,29.428571428571427,0.0,20.0,False
success_radius,0.4666666666666667,0.5,0.00010000000000000009,0.12205511487252067,0.6624729206232354,-0.3148993029758771,0.9951790633608816,1.0,0.3579790633608816,1.9563246784731745,0.4,29.75,0.0,20.0,False
success_radius,0.4666666666666667,0.5,0.00020706272838739032,0.12205511243730781,0.6624800150925354,-0.3143446033169819,0.9951790633608816,1.0,0.3579790633608816,1.9575065981596709,0.4,29.75,0.0,20.0,False
success_radius,0.4666666666666667,0.5,0.0004287497348723022,0.12205511257252799,0.6624947001810922,-0.31319905173175205,0.9951790633608816,1.0,0.3579790633608816,1.9599510092288255,0.4,29.75,0.0,20.0,False
success_radius,0.4666666666666667,0.5,0.0008877808989802905,0.12205511486510943,0.6625250321948785,-0.31084007764844274,0.9958677685950413,1.0,0.35866776859504135,1.965002376958728,0.4,29.75,0.0,20.0,False
success_radius,0.4666666666666667,0.5,0.001838263351530691,0.1220551121335286,0.6596399911546057,-0.30703862426270534,0.9958791208791209,1.0,0.3586791208791209,1.9621435338631272,0.4,30.0,0.0,20.0,False
success_radius,0.4666666666666667,0.5,0.003806358250624933,0.12205511220969918,0.6597709941983355,-0.2972732972377102,0.9958791208791209,1.0,0.3586791208791209,1.9835057409480215,0.4,30.0,0.0,20.0,False
success_radius,0.4666666666666667,0.5,0.00788154924594252,0.12198536483608577,0.6573407211099529,-0.27887592010015183,0.9958960328317373,1.0,0.35869603283173734,2.009796416759491,0.4,30.375,0.0,20.0,False
success_radius,0.4666666666666667,0.5,0.01631975090784437,0.12195057302005721,0.6532605068880528,-0.2448949174152804,0.9966261808367072,1.0,0.3594261808367072,2.0429534994065763,0.4,31.625,0.0,20.0,False
success_radius,0.4666666666666667,0.5,0.03379212149580846,0.12248482042735705,0.6502687760620791,-0.1782534279832598,0.99734395750332,1.0,0.36014395750332007,2.1472475269809363,0.35,32.285714285714285,0.0,20.0,False
success_radius,0.4666666666666667,0.5,0.0699708887492028,0.12233814554316268,0.6508348084436504,-0.06921150660975328,0.9986789960369881,1.0,0.3614789960369881,2.3082470051944255,0.3,31.833333333333332,0.0,20.0,False
success_radius,0.4666666666666667,0.5,0.14488363132100487,0.12251320835411243,0.6476684688186788,0.09155108092102868,0.9986893840104849,1.0,0.3614893840104849,2.425124707818031,0.3,32.833333333333336,0.0,20.0,False
success_radius,0.4666666666666667,0.5,0.3,0.12257032345506202,0.6451908408840074,0.31073049367685984,1.0,1.0,0.3628,2.501419994980097,0.3,33.5,0.0,20.0,False
success_radius,0.5555555555555556,0.00010000000000000009,0.00010000000000000009,0.12516776964806128,0.8013073972808191,75.74038413942891,0.14411247803163443,0.23813708260105448,1.254950439367311,0.4323991596698761,0.9,26.166666666666668,0.0,20.0,False
success_radius,0.5555555555555556,0.00010000000000000009,0.00020706272838739032,0.12516777031756185,0.8013076629051139,60.624313504062016,0.16432337434094904,0.2759226713532513,1.1969539543057997,0.43299243971705437,0.9,26.166666666666668,0.0,20.0,False
success_radius,0.5555555555555556,0.00010000000000000009,0.0004287497348723022,0.12516777012225563,0.8013098848972717,51.70822260867245,0.18804920913884007,0.3242530755711775,1.1248977152899824,0.44138993620872496,0.9,26.166666666666668,0.0,20.0,False
success_radius,0.5555555555555556,0.00010000000000000009,0.0008877808989802905,0.12516777003851595,0.7992783501620095,46.8837383962562,0.23157894736842105,0.37894736842105264,1.0266736842105264,0.4574490264058113,0.9,26.22222222222222,0.0,20.0,False
success_radius,0.5555555555555556,0.00010000000000000009,0.001838263351530691,0.12516776914021,0.7934621407147381,44.34714426126135,0.2844677137870855,0.4493891797556719,0.9033431064572426,0.46910149566829207,0.9,26.38888888888889,0.0,20.0,False
success_radius,0.5555555555555556,0.00010000000000000009,0.003806358250624933,0.12490342972203822,0.7881791340287143,43.15599411668543,0.3436960276338515,0.5129533678756477,0.7805506044905008,0.471203348855488,0.85,26.0,0.0,20.0,False
success_radius,0.5555555555555556,0.00010000000000000009,0.00788154924594252,0.12490343010280722,0.7793523655144605,42.462118861151914,0.413527397260274,0.5667808219178082,0.6568917808219178,0.5200421830639244,0.8,25.5,0.0,20.0,False
success_radius,0.5555555555555556,0.00010000000000000009,0.01631975090784437,0.1241942256379329,0.7667307353459222,41.921208876344444,0.48573825503355705,0.5906040268456376,0.5608577181208053,0.5536555334925651,0.75,25.4,0.0,20.0,False
success_radius,0.5555555555555556,0.00010000000000000009,0.03379212149580846,0.12374131623229684,0.7460168333686981,41.30122157731651,0.535889070146819,0.601957585644372,0.49935334420880906,0.6435390397906303,0.7,25.642857142857142,0.0,20.0,False
success_radius,0.5555555555555556,0.00010000000000000009,0.0699708887492028,0.12377620277212338,0.7222815179219172,40.8919602866658,0.5609177215189873,0.6099683544303798,0.4663139240506329,0.8294166505336762,0.6,25.0,0.0,20.0,False
success_radius,0.5555555555555556,0.00010000000000000009,0.14488363132100487,0.12316709726280735,0.7022965596345497,40.37236240404925,0.5735068912710567,0.6156202143950995,0.4480728943338438,1.0682343319058418,0.5,24.3,0.0,20.0,False
success_radius,0.5555555555555556,0.00010000000000000009,0.3,0.12268474336713363,0.6877330492253524,40.129095182065136,0.576865671641791,0.6179104477611941,0.4424238805970149,1.2700400441884994,0.5,26.0,0.0,20.0,False
success_radius,0.5555555555555556,0.00021690521830457365,0.00010000000000000009,0.12516776964806128,0.8013073972808191,42.604417865450834,0.17223198594024605,0.28031634446397186,1.184651669595782,0.4323991596698761,0.9,26.166666666666668,0.0,20.0,False
success_radius,0.5555555555555556,0.00021690521830457365,0.00020706272838739032,0.1251677700525995,0.8013077477486267,32.115820910489845,0.18892794376098418,0.3154657293497364,1.1328063268892794,0.43315036669373513,0.9,26.166666666666668,0.0,20.0,False
success_radius,0.5555555555555556,0.00021690521830457365,0.0004287497348723022,0.1251677695813975,0.8013098175646363,25.082637354748012,0.2126537785588752,0.3585237258347979,1.066022495606327,0.44204298555850985,0.9,26.166666666666668,0.0,20.0,False
success_radius,0.5555555555555556,0.00021690521830457365,0.0008877808989802905,0.12516777001926893,0.7992818297093566,20.936847891182317,0.2543859649122807,0.4149122807017544,0.9679017543859649,0.4584571525454521,0.9,26.22222222222222,0.0,20.0,False
success_radius,0.5555555555555556,0.00021690521830457365,0.001838263351530691,0.12509855363657474,0.7934668717945196,18.713478335350228,0.304006968641115,0.4799651567944251,0.8532278745644599,0.4672980457544327,0.9,26.444444444444443,0.0,20.0,False
success_radius,0.5555555555555556,0.00021690521830457365,0.003806358250624933,0.12490343124072359,0.7863550503446405,17.645453777669402,0.36379310344827587,0.5448275862068965,0.7285793103448276,0.4638608332723379,0.85,26.058823529411764,0.0,20.0,False
success_radius,0.5555555555555556,0.00021690521830457365,0.00788154924594252,0.12490343064126717,0.7793571278366305,17.214090233735227,0.4340753424657534,0.5967465753424658,0.6063780821917808,0.5207227958366275,0.8,25.5,0.0,20.0,False
success_radius,0.5555555555555556,0.00021690521830457365,0.01631975090784437,0.12419422937154646,0.7667344086189611,16.976935438656994,0.5050335570469798,0.6199664429530202,0.5122,0.5541557669639587,0.75,25.4,0.0,20.0,False
success_radius,0.5555555555555556,0.00021690521830457365,0.03379212149580846,0.1239810672425315,0.7460196611586138,16.90403328919124,0.5553745928338762,0.6302931596091205,0.4515322475570033,0.6321643710136413,0.7,25.714285714285715,0.0,20.0,False
success_radius,0.5555555555555556,0.00021690521830457365,0.0699708887492028,0.12377620419168157,0.7206037171306222,16.752467303172125,0.5813586097946287,0.6398104265402843,0.41603096366508696,0.8204974189400673,0.6,25.083333333333332,0.0,20.0,False
success_radius,0.5555555555555556,0.00021690521830457365,0.14488363132100487,0.12316709743897561,0.7022980661348517,16.722711251608107,0.5934150076569679,0.6447166921898928,0.3990683001531393,1.068398854136467,0.5,24.3,0.0,20.0,False
success_radius,0.5555555555555556,0.00021690521830457365,0.3,0.12268474425153603,0.6877340226458072,16.801033782382113,0.5970149253731343,0.6462686567164179,0.39391641791044785,1.2701258808374405,0.5,26.0,0.0,20.0,False
success_radius,0.5555555555555556,0.00047047873727754753,0.00010000000000000009,0.12516776964806128,0.8013073972808191,22.998541934433135,0.2100175746924429,0.351493848857645,1.0756885764499122,0.4323991596698761,0.9,26.166666666666668,0.0,20.0,False
success_radius,0.5555555555555556,0.00047047873727754753,0.00020706272838739032,0.12516776994354492,0.8013077838495682,16.902612126513542,0.22583479789103691,0.3804920913884007,1.0308731107205624,0.43365019783377645,0.9,26.166666666666668,0.0,20.0,False
success_radius,0.5555555555555556,0.00047047873727754753,0.0004287497348723022,0.12516776950550054,0.8013101311482266,12.090924724297468,0.2504393673110721,0.421792618629174,0.964968014059754,0.44360956326127055,0.9,26.166666666666668,0.0,20.0,False
success_radius,0.5555555555555556,0.00047047873727754753,0.0008877808989802905,0.12516776960243975,0.7992892005745467,8.87552434706411,0.28596491228070176,0.4728070175438597,0.8784280701754386,0.4606030315160751,0.9,26.22222222222222,0.0,20.0,False
success_radius,0.5555555555555556,0.00047047873727754753,0.001838263351530691,0.12509855356024363,0.7934770508174946,7.0154685423025125,0.3362369337979094,0.5348432055749129,0.7661198606271776,0.4692830439656973,0.9,26.444444444444443,0.0,20.0,False
success_radius,0.5555555555555556,0.00047047873727754753,0.003806358250624933,0.12490343001753042,0.7863689661368669,6.105805214556577,0.3913793103448276,0.6025862068965517,0.6432344827586207,0.4658347059972584,0.85,26.058823529411764,0.0,20.0,False
success_radius,0.5555555555555556,0.00047047873727754753,0.00788154924594252,0.12490342974530892,0.7793675177064476,5.7731444868414625,0.461472602739726,0.6498287671232876,0.5258986301369863,0.5221913697198033,0.8,25.5,0.0,20.0,False
success_radius,0.5555555555555556,0.00047047873727754753,0.01631975090784437,0.1241942254467171,0.7667423350233726,5.678287076272354,0.5318791946308725,0.6736577181208053,0.43166308724832214,0.5552380919456482,0.75,25.4,0.0,20.0,False
success_radius,0.5555555555555556,0.00047047873727754753,0.03379212149580846,0.12398106712684452,0.7460259179625098,5.752595082190774,0.5822475570032574,0.6840390879478827,0.3709133550488599,0.6329534143209458,0.7,25.714285714285715,0.0,20.0,False
success_radius,0.5555555555555556,0.00047047873727754753,0.0699708887492028,0.12377620538061838,0.7206084034488971,5.849839488707826,0.6074249605055292,0.6927330173775671,0.3370420221169037,0.8210831001400948,0.6,25.083333333333332,0.0,20.0,False
success_radius,0.5555555555555556,0.00047047873727754753,0.14488363132100487,0.12316709900874785,0.702301454605247,6.013351481074204,0.6194486983154671,0.6967840735068913,0.32096722817764156,1.0687554240226746,0.5,24.3,0.0,20.0,False
success_radius,0.5555555555555556,0.00047047873727754753,0.3,0.1226847430383521,0.6877360310883409,6.2386539459912616,0.6223880597014926,0.6992537313432836,0.3155582089552238,1.270311887562275,0.5,26.0,0.0,20.0,False
success_radius,0.5555555555555556,0.001020492932168466,0.00010000000000000009,0.12516776966137602,0.8013073853364049,10.849189635028564,0.2680140597539543,0.44639718804920914,0.9227887521968365,0.43245258927345276,0.9,26.166666666666668,0.0,20.0,False
success_radius,0.5555555555555556,0.001020492932168466,0.00020706272838739032,0.12516777024947978,0.801308311969494,7.986771667927394,0.28031634446397186,0.4727592267135325,0.8841244288224956,0.4354327663779259,0.9,26.166666666666668,0.0,20.0,False
success_radius,0.5555555555555556,0.001020492932168466,0.0004287497348723022,0.12516776923795725,0.8013146817352476,5.246773751252424,0.29525483304042177,0.5070298769771528,0.8349152899824254,0.4477345459163189,0.9,26.166666666666668,0.0,20.0,False
success_radius,0.5555555555555556,0.001020492932168466,0.0008877808989802905,0.12516776934276014,0.7980828447650223,3.0944354211656355,0.330122591943958,0.5507880910683012,0.7562893169877408,0.4562476615421474,0.9,26.27777777777778,0.0,20.0,False
success_radius,0.5555555555555556,0.001020492932168466,0.001838263351530691,0.12509855322005206,0.7935097154235564,1.6924271710747734,0.3797909407665505,0.60801393728223,0.6493951219512195,0.47448447830975055,0.9,26.444444444444443,0.0,20.0,False
success_radius,0.5555555555555556,0.001020492932168466,0.003806358250624933,0.12490343132330697,0.7863980494485551,0.9566393338871405,0.4353448275862069,0.6698275862068965,0.5320275862068966,0.4700545203872025,0.85,26.058823529411764,0.0,20.0,False
success_radius,0.5555555555555556,0.001020492932168466,0.00788154924594252,0.12490342819895381,0.7793896222283742,0.6956485052143977,0.5,0.7183219178082192,0.4188780821917808,0.5253439918160439,0.8,25.5,0.0,20.0,False
success_radius,0.5555555555555556,0.001020492932168466,0.01631975090784437,0.1241942257418456,0.7667594967946655,0.671297426402746,0.5679530201342282,0.7374161073825504,0.3318308724832214,0.5575738668441772,0.75,25.4,0.0,20.0,False
success_radius,0.5555555555555556,0.001020492932168466,0.03379212149580846,0.1239810678197767,0.7442911965676942,0.8078970475599959,0.6186991869918699,0.7471544715447155,0.27134634146341463,0.625317907333374,0.7,25.785714285714285,0.0,20.0,False
success_radius,0.5555555555555556,0.001020492932168466,0.0699708887492028,0.12377620389374479,0.7206185736666778,1.0194045804704543,0.6421800947867299,0.7535545023696683,0.24146540284360185,0.8223519176244736,0.6,25.083333333333332,0.0,20.0,False
success_radius,0.5555555555555556,0.001020492932168466,0.14488363132100487,0.12316709747185922,0.7023089695006732,1.270117913188906,0.6539050535987749,0.7565084226646248,0.22678652373660024,1.0695282548666,0.5,24.3,0.0,20.0,False
success_radius,0.5555555555555556,0.001020492932168466,0.3,0.12268474274921704,0.6877404928730328,1.56177653680048,0.6574626865671642,0.7574626865671642,0.22227462686567157,1.2707147479057312,0.5,26.0,0.0,20.0,False
success_radius,0.5555555555555556,0.0022135024223027535,0.00010000000000000009,0.12516776966672596,0.8013103910682299,3.6605459778641807,0.3374340949033392,0.5817223198594025,0.7180435852372583,0.43708154410123823,0.9,26.166666666666668,0.0,20.0,False
success_radius,0.5555555555555556,0.0022135024223027535,0.00020706272838739032,0.12516776990221798,0.8013261496935827,2.6001695119512185,0.34885764499121263,0.6036906854130053,0.684651669595782,0.4452069714665413,0.9,26.166666666666668,0.0,20.0,False
success_radius,0.5555555555555556,0.0022135024223027535,0.0004287497348723022,0.12516777104031243,0.7993079185558848,1.3475284183834533,0.37280701754385964,0.6263157894736842,0.6380771929824562,0.4523902490735054,0.9,26.22222222222222,0.0,20.0,False
success_radius,0.5555555555555556,0.0022135024223027535,0.0008877808989802905,0.1251677699047941,0.7981554515255214,0.17091140306290678,0.3949211908931699,0.669877408056042,0.5724014010507881,0.468073912197724,0.9,26.27777777777778,0.0,20.0,False
success_radius,0.5555555555555556,0.0022135024223027535,0.001838263351530691,0.12509855601220096,0.793586609114346,-0.7360518163890162,0.43902439024390244,0.7134146341463414,0.4847609756097561,0.48612863682210444,0.9,26.444444444444443,0.0,20.0,False
success_radius,0.5555555555555556,0.0022135024223027535,0.003806358250624933,0.12490342995295914,0.7864578282687346,-1.2635653103185458,0.4939655172413793,0.7655172413793103,0.37771724137931034,0.47887474596500396,0.85,26.058823529411764,0.0,20.0,False
success_radius,0.5555555555555556,0.0022135024223027535,0.00788154924594252,0.12490342754617752,0.7794361048432696,-1.4506197579903846,0.5565068493150684,0.809931506849315,0.2707616438356165,0.5320378500968218,0.8,25.5,0.0,20.0,False
success_radius,0.5555555555555556,0.0022135024223027535,0.01631975090784437,0.12419422797982393,0.7651990573967946,-1.4344297295185942,0.6222780569514238,0.8249581239530989,0.18996381909547733,0.5529543787240982,0.75,25.466666666666665,0.0,20.0,False
success_radius,0.5555555555555556,0.0022135024223027535,0.03379212149580846,0.12398106726688493,0.7443202912074331,-1.2644444853650936,0.6715447154471544,0.8341463414634146,0.13150894308943095,0.6290146052837372,0.7,25.785714285714285,0.0,20.0,True
success_radius,0.5555555555555556,0.0022135024223027535,0.0699708887492028,0.12375972841649102,0.7206407162289582,-1.0135697263040297,0.692429022082019,0.8383280757097792,0.1259009463722398,0.8133522644639015,0.6,25.166666666666668,0.0,20.0,False
success_radius,0.5555555555555556,0.0022135024223027535,0.14488363132100487,0.12316709787793113,0.7023250002768665,-0.7219988581898968,0.7029096477794793,0.8430321592649311,0.1316774885145482,1.0712019234895707,0.5,24.3,0.0,20.0,False
success_radius,0.5555555555555556,0.0022135024223027535,0.3,0.12268474475342825,0.6877501917933415,-0.4014208358442968,0.7059701492537314,0.844776119402985,0.13299402985074638,1.2715880379080773,0.5,26.0,0.0,20.0,False
success_radius,0.5555555555555556,0.004801202261272809,0.00010000000000000009,0.12499573384072839,0.7986740116527593,-0.0869872062268666,0.4598603839441536,0.7417102966841187,0.4356293193717277,0.4781084395945072,0.9,26.38888888888889,0.0,20.0,False
success_radius,0.5555555555555556,0.004801202261272809,0.00020706272838739032,0.12499573454755465,0.7986903566498402,-0.4019446407869086,0.4694589877835951,0.7478184991273996,0.41992251308900524,0.48354412517510353,0.9,26.38888888888889,0.0,20.0,False
success_radius,0.5555555555555556,0.004801202261272809,0.0004287497348723022,0.12499573507695005,0.7987229308077811,-0.8481373523578076,0.48342059336823734,0.7670157068062827,0.3867636998254799,0.4845923732034862,0.85,25.647058823529413,0.0,20.0,False
success_radius,0.5555555555555556,0.004801202261272809,0.0008877808989802905,0.1249957355785533,0.7963116775056748,-1.3680918561552167,0.5052264808362369,0.7918118466898955,0.34016167247386764,0.4957554992288351,0.85,25.705882352941178,0.0,20.0,False
success_radius,0.5555555555555556,0.004801202261272809,0.001838263351530691,0.12480202674865103,0.786845442710588,-1.8424245835546709,0.5378657487091222,0.8278829604130808,0.27145129087779696,0.4654631271958351,0.85,26.11764705882353,0.0,20.0,False
success_radius,0.5555555555555556,0.004801202261272809,0.003806358250624933,0.12480202668700813,0.7811718957021321,-2.145544217738921,0.5873287671232876,0.8732876712328768,0.1765835616438356,0.49131931737065315,0.85,26.294117647058822,0.0,20.0,False
success_radius,0.5555555555555556,0.004801202261272809,0.00788154924594252,0.12466306564966224,0.7767946625879025,-2.251074033349606,0.6437074829931972,0.9030612244897959,0.09043129251700688,0.531486838683486,0.75,24.866666666666667,0.0,20.0,True
success_radius,0.5555555555555556,0.004801202261272809,0.01631975090784437,0.12388422601025531,0.7625064718022342,-2.2020626519223034,0.7021630615640599,0.9151414309484193,0.05882163061564072,0.567178913205862,0.75,25.733333333333334,0.0,20.0,True
success_radius,0.5555555555555556,0.004801202261272809,0.03379212149580846,0.12388659393286776,0.7435619313671143,-2.0162154686359934,0.7479740680713128,0.9230145867098866,0.09675948136142631,0.6597389921545982,0.7,25.928571428571427,0.0,20.0,True
success_radius,0.5555555555555556,0.004801202261272809,0.0699708887492028,0.12377196286609408,0.7196038414026575,-1.7571531559499358,0.7645211930926217,0.9254317111459969,0.11088948194662485,0.816727788746357,0.55,24.181818181818183,0.0,20.0,False
success_radius,0.5555555555555556,0.004801202261272809,0.14488363132100487,0.12323102255361792,0.7013022002868008,-1.452240924622443,0.773972602739726,0.9292237442922374,0.11654885844748863,1.081691038608551,0.5,24.7,0.0,20.0,False
success_radius,0.5555555555555556,0.004801202261272809,0.3,0.12259932788568377,0.6868977306739296,-1.1144115682460993,0.7775297619047619,0.9308035714285714,0.11852619047619051,1.302359116077423,0.5,26.2,0.0,20.0,False
success_radius,0.5555555555555556,0.010414058246057912,0.00010000000000000009,0.12452114003643149,0.786315671244395,-1.7214236696407375,0.6063464837049742,0.8739279588336192,0.15692555746140657,0.46654784977436065,0.8,25.4375,0.0,20.0,False
success_radius,0.5555555555555556,0.010414058246057912,0.00020706272838739032,0.12452113992861598,0.7849404162038087,-1.7906492670618253,0.6113013698630136,0.8784246575342466,0.14747397260273976,0.4704704027622938,0.8,25.5,0.0,20.0,True
success_radius,0.5555555555555556,0.010414058246057912,0.0004287497348723022,0.12458212687898046,0.7849643330303356,-1.914802575312649,0.6213675213675214,0.8854700854700854,0.13036239316239318,0.4670434471219778,0.8,25.5625,0.0,20.0,True
success_radius,0.5555555555555556,0.010414058246057912,0.0008877808989802905,0.12458212631191967,0.7828680612431592,-2.08263011490023,0.6382252559726962,0.9052901023890785,0.09368464163822532,0.4705468337982893,0.8,25.625,0.0,20.0,True
success_radius,0.5555555555555556,0.010414058246057912,0.001838263351530691,0.12458212622771846,0.7788854567761796,-2.2612224789988344,0.6649659863945578,0.9294217687074829,0.042812244897959206,0.47933819629251956,0.8,25.75,0.0,20.0,True
success_radius,0.5555555555555556,0.010414058246057912,0.003806358250624933,0.12448078744960865,0.7752772908230049,-2.390633980218668,0.7072758037225042,0.9526226734348562,0.026453130287648063,0.5064081057906151,0.8,25.9375,0.0,20.0,True
success_radius,0.5555555555555556,0.010414058246057912,0.00788154924594252,0.12388579820933575,0.7702165292270009,-2.4280480156238173,0.7441471571906354,0.9657190635451505,0.07266622073578588,0.5239923059940338,0.75,25.533333333333335,0.0,20.0,True
success_radius,0.5555555555555556,0.010414058246057912,0.01631975090784437,0.12383276208480098,0.7554530969957247,-2.3431669436830695,0.8001644736842105,0.9736842105263158,0.13664868421052634,0.5755251355469226,0.7,25.285714285714285,0.0,20.0,True
success_radius,0.5555555555555556,0.010414058246057912,0.03379212149580846,0.12368105003600077,0.7445370546394035,-2.1547728800755728,0.8392568659127625,0.9789983844911146,0.18105525040387715,0.7171971902251244,0.65,25.076923076923077,0.0,20.0,False
success_radius,0.5555555555555556,0.010414058246057912,0.0699708887492028,0.12340872193017198,0.7171843129354221,-1.8986921709495836,0.8520249221183801,0.9805295950155763,0.19535451713395646,0.8608610317111015,0.55,24.636363636363637,0.0,20.0,False
success_radius,0.5555555555555556,0.010414058246057912,0.14488363132100487,0.12282507218355959,0.6991081992993491,-1.5970623349831843,0.8604826546003017,0.9826546003016591,0.2059372549019608,1.1169945172965527,0.5,25.3,0.0,20.0,False
success_radius,0.5555555555555556,0.010414058246057912,0.3,0.12226441115845187,0.6801739331938598,-1.2435846873469865,0.8647058823529412,0.9830882352941176,0.21059411764705882,1.324200202524662,0.5,27.0,0.0,20.0,False
success_radius,0.5555555555555556,0.02258863577297737,0.00010000000000000009,0.12446372113545137,0.7760323571686537,-2.1735452849684997,0.7546218487394958,0.9521008403361344,0.07432100840336142,0.5155339121818543,0.75,25.333333333333332,0.0,20.0,True
success_radius,0.5555555555555556,0.02258863577297737,0.00020706272838739032,0.12446372168899175,0.7760415452736514,-2.1856103666888007,0.7579831932773109,0.9546218487394958,0.07540504201680676,0.5192035399377346,0.75,25.333333333333332,0.0,20.0,True
success_radius,0.5555555555555556,0.02258863577297737,0.0004287497348723022,0.12446372473255025,0.7760601245777748,-2.2068780345670698,0.7630252100840336,0.9588235294117647,0.08464873949579832,0.5156601540744304,0.7,24.357142857142858,0.0,20.0,True
success_radius,0.5555555555555556,0.02258863577297737,0.0008877808989802905,0.12432926700034967,0.7743344866183278,-2.2420094246021263,0.7696817420435511,0.964824120603015,0.09730586264656615,0.5120425365865231,0.7,24.5,0.0,20.0,True
success_radius,0.5555555555555556,0.02258863577297737,0.001838263351530691,0.12432926613631318,0.7712880837309335,-2.2776390427854922,0.7921535893155259,0.9732888146911519,0.12824240400667786,0.5205090658739209,0.7,24.642857142857142,0.0,20.0,True
success_radius,0.5555555555555556,0.02258863577297737,0.003806358250624933,0.12448462015005471,0.7697008526031833,-2.2982802437586516,0.8144758735440932,0.9858569051580699,0.16313277870216314,0.5505861181765794,0.7,24.785714285714285,0.0,20.0,False
success_radius,0.5555555555555556,0.02258863577297737,0.00788154924594252,0.12386666457944567,0.7618260979034963,-2.2767611927940083,0.8500823723228995,0.9892915980230642,0.20217397034596374,0.5726508028805256,0.65,24.153846153846153,0.0,20.0,False
success_radius,0.5555555555555556,0.02258863577297737,0.01631975090784437,0.12386666475936288,0.7499362381391801,-2.1703367540145333,0.8982084690553745,0.994299674267101,0.25530814332247553,0.6590739235281944,0.65,24.692307692307693,0.0,20.0,False
success_radius,0.5555555555555556,0.02258863577297737,0.03379212149580846,0.12358967433923083,0.7332221796546748,-1.9959792034940573,0.9222222222222223,0.9976190476190476,0.2826412698412699,0.7536147274076939,0.65,25.923076923076923,0.0,20.0,False
success_radius,0.5555555555555556,0.02258863577297737,0.0699708887492028,0.12344430021001403,0.7106749468795474,-1.745003211009854,0.9314329738058552,0.9984591679506933,0.29269214175654856,0.9364990666508675,0.55,25.272727272727273,0.0,20.0,False
success_radius,0.5555555555555556,0.02258863577297737,0.14488363132100487,0.1228634790793128,0.6924663767518405,-1.449854489335021,0.9395522388059702,1.0,0.3023522388059702,1.191152635216713,0.5,26.0,0.0,20.0,False
success_radius,0.5555555555555556,0.02258863577297737,0.3,0.12206223226072216,0.6707921670315489,-1.1001787354400303,0.9421965317919075,1.0,0.30499653179190755,1.3668585315346717,0.45,27.0,0.0,20.0,False
success_radius,0.5555555555555556,0.04899592973540154,0.00010000000000000009,0.12427338449446623,0.7635110672979365,-2.006828981108731,0.8902640264026402,0.9851485148514851,0.2382125412541254,0.6780362643301487,0.65,24.076923076923077,0.0,20.0,False
success_radius,0.5555555555555556,0.04899592973540154,0.00020706272838739032,0.12427338494178203,0.7635184777997415,-2.006793342203007,0.8910891089108911,0.985973597359736,0.2398627062706271,0.6806840769946575,0.65,24.076923076923077,0.0,20.0,False
success_radius,0.5555555555555556,0.04899592973540154,0.0004287497348723022,0.12427338509130899,0.7635337661198012,-2.0064271208383153,0.8943894389438944,0.985973597359736,0.24316303630363045,0.6861023612320423,0.65,24.076923076923077,0.0,20.0,False
success_radius,0.5555555555555556,0.04899592973540154,0.0008877808989802905,0.12427338315322235,0.7635654464258057,-2.004632929266483,0.8993399339933993,0.9867986798679867,0.24893861386138605,0.6970644384622574,0.65,24.076923076923077,0.0,20.0,False
success_radius,0.5555555555555556,0.04899592973540154,0.001838263351530691,0.1242733845478897,0.7609824593111743,-1.99714522996988,0.9037828947368421,0.9901315789473685,0.25671447368421063,0.7018420532345772,0.65,24.23076923076923,0.0,20.0,False
success_radius,0.5555555555555556,0.04899592973540154,0.003806358250624933,0.12386666472052156,0.75696739501453,-1.9799492679354882,0.9230769230769231,0.9918166939443536,0.2776936170212767,0.7134053744375706,0.65,24.46153846153846,0.0,20.0,False
success_radius,0.5555555555555556,0.04899592973540154,0.00788154924594252,0.12384977094751051,0.7497608539729304,-1.9316419302805994,0.9456168831168831,0.9935064935064936,0.30192337662337665,0.7331292413175106,0.6,23.666666666666668,0.0,20.0,False
success_radius,0.5555555555555556,0.04899592973540154,0.01631975090784437,0.12397463157485554,0.7400003087761128,-1.8316418380586839,0.9631410256410257,0.9959935897435898,0.32193461538461543,0.7985714405775071,0.6,24.333333333333332,0.0,20.0,False
success_radius,0.5555555555555556,0.04899592973540154,0.03379212149580846,0.12327803282793835,0.728057824152049,-1.672131585097791,0.9771653543307086,0.9976377952755906,0.3376031496062992,0.920158788561821,0.55,24.0,0.0,20.0,False
success_radius,0.5555555555555556,0.04899592973540154,0.0699708887492028,0.1233121691808621,0.7034759324182277,-1.4437936503968822,0.9817073170731707,0.9992378048780488,0.34374512195121953,1.1012978345155715,0.55,25.90909090909091,0.0,20.0,False
success_radius,0.5555555555555556,0.04899592973540154,0.14488363132100487,0.12245336668031054,0.6866091797666739,-1.1681651710459313,0.9874446085672083,1.0,0.3502446085672083,1.3420372426509857,0.5,26.7,0.0,20.0,False
success_radius,0.5555555555555556,0.04899592973540154,0.3,0.12208851751154629,0.6719890506246727,-0.8419684027651312,0.9885222381635581,1.0,0.3513222381635581,1.5149830728769302,0.45,27.555555555555557,0.0,20.0,False
success_radius,0.5555555555555556,0.10627472835292812,0.00010000000000000009,0.1236121997515236,0.7405576199590282,-1.554159496511821,0.9618441971383148,0.9936406995230525,0.3182848966613673,0.9021034076809883,0.6,24.75,0.0,20.0,False
success_radius,0.5555555555555556,0.10627472835292812,0.00020706272838739032,0.12361220044058731,0.7405643197298392,-1.5527677806946203,0.9626391096979332,0.994435612082671,0.31987472178060417,0.9039372585713863,0.6,24.75,0.0,20.0,False
success_radius,0.5555555555555556,0.10627472835292812,0.0004287497348723022,0.12361219734221374,0.7386180155861984,-1.5509065596451825,0.9626984126984127,0.9944444444444445,0.3199428571428572,0.8981334030628204,0.6,24.833333333333332,0.0,20.0,False
success_radius,0.5555555555555556,0.10627472835292812,0.0008877808989802905,0.12361219908705352,0.7352138295533748,-1.5466519372067777,0.9643987341772152,0.9944620253164557,0.3216607594936709,0.8868708454072476,0.6,25.0,0.0,20.0,False
success_radius,0.5555555555555556,0.10627472835292812,0.001838263351530691,0.12361219910319211,0.7336160862475098,-1.5351734899905671,0.9652448657187994,0.9944707740916272,0.32251563981042664,0.8934597976505756,0.6,25.083333333333332,0.0,20.0,False
success_radius,0.5555555555555556,0.10627472835292812,0.003806358250624933,0.1236121996627381,0.7337557705430601,-1.5104763148966898,0.9707740916271722,0.995260663507109,0.3288347551342812,0.9263545751571656,0.6,25.083333333333332,0.0,20.0,False
success_radius,0.5555555555555556,0.10627472835292812,0.00788154924594252,0.12361220068750814,0.7290800932825042,-1.4638492693110057,0.9803459119496856,0.9968553459119497,0.34000125786163526,0.9652216337621212,0.6,25.333333333333332,0.0,20.0,False
success_radius,0.5555555555555556,0.10627472835292812,0.01631975090784437,0.1236742725090711,0.7225295770189628,-1.3821252770418861,0.9883177570093458,0.9984423676012462,0.34956012461059194,1.0239827811717988,0.55,24.636363636363637,0.0,20.0,False
success_radius,0.5555555555555556,0.10627472835292812,0.03379212149580846,0.12325468656461959,0.709094919153369,-1.2516609169464872,0.9916030534351145,0.9984732824427481,0.3528763358778626,1.1243185490369796,0.55,25.818181818181817,0.0,20.0,False
success_radius,0.5555555555555556,0.10627472835292812,0.0699708887492028,0.12230795592309557,0.6924256994198251,-1.062510368465898,0.9948224852071006,1.0,0.3576224852071006,1.295644147694111,0.5,26.6,0.0,20.0,False
success_radius,0.5555555555555556,0.10627472835292812,0.14488363132100487,0.12171695838977907,0.6743419989257096,-0.8062511610895857,0.9978510028653295,1.0,0.3606510028653295,1.517140805721283,0.45,27.666666666666668,0.0,20.0,False
success_radius,0.5555555555555556,0.10627472835292812,0.3,0.12218295810737803,0.672725021189083,-0.514733915939711,0.9985835694050992,1.0,0.3613835694050992,1.721288652718067,0.4,27.25,0.0,20.0,False
success_radius,0.5555555555555556,0.23051543153651136,0.00010000000000000009,0.12379929038162363,0.7059914447461736,-0.9614807083648308,0.9878603945371776,0.9984825493171472,0.34914294385432476,1.3336159095168114,0.55,26.181818181818183,0.0,20.0,False
success_radius,0.5555555555555556,0.23051543153651136,0.00020706272838739032,0.12379929228283021,0.7059984758507583,-0.9604941536806744,0.988619119878604,0.9984825493171472,0.34990166919575116,1.335114488005638,0.55,26.181818181818183,0.0,20.0,False
success_radius,0.5555555555555556,0.23051543153651136,0.0004287497348723022,0.12379929061649626,0.706013147473412,-0.958460398086603,0.9893778452200304,0.9984825493171472,0.35066039453717757,1.3382100224494935,0.55,26.181818181818183,0.0,20.0,False
success_radius,0.5555555555555556,0.23051543153651136,0.0008877808989802905,0.12379929056172198,0.7043294436335665,-0.9549697244775199,0.9901515151515151,0.9984848484848485,0.35143636363636366,1.3366568610072136,0.55,26.272727272727273,0.0,20.0,False
success_radius,0.5555555555555556,0.23051543153651136,0.001838263351530691,0.12379929148085433,0.7029319597598163,-0.9470219272718606,0.9901664145234493,0.9984871406959153,0.3514535552193646,1.3417278409004212,0.55,26.363636363636363,0.0,20.0,False
success_radius,0.5555555555555556,0.23051543153651136,0.003806358250624933,0.12316626872836062,0.7030575857349187,-0.9323150785828729,0.990210843373494,0.9984939759036144,0.3515048192771084,1.3446510672569274,0.55,26.636363636363637,0.0,20.0,False
success_radius,0.5555555555555556,0.23051543153651136,0.00788154924594252,0.12322740920840602,0.7016902030824581,-0.9017510026413809,0.992503748125937,0.9985007496251874,0.35380449775112444,1.3726429760456085,0.55,26.90909090909091,0.0,20.0,False
success_radius,0.5555555555555556,0.23051543153651136,0.01631975090784437,0.1228320589408217,0.6985621865755635,-0.8454838523743631,0.9925595238095238,0.9992559523809523,0.3546154761904762,1.4339171960949897,0.55,27.363636363636363,0.0,20.0,False
success_radius,0.5555555555555556,0.23051543153651136,0.03379212149580846,0.12217663930559007,0.6838904894630451,-0.7499782253167117,0.9941775836972343,0.9992721979621543,0.3562497816593886,1.505102425813675,0.5,27.7,0.0,20.0,False
success_radius,0.5555555555555556,0.23051543153651136,0.0699708887492028,0.12177814680743058,0.6715834892705342,-0.596743390662301,0.9964438122332859,1.0,0.35924381223328594,1.6933678776025771,0.45,28.22222222222222,0.0,20.0,False
success_radius,0.5555555555555556,0.23051543153651136,0.14488363132100487,0.1219538440709655,0.6663707362097331,-0.37681039860393795,0.9986187845303868,1.0,0.3614187845303868,1.8702393814921379,0.35,28.142857142857142,0.0,20.0,False
success_radius,0.5555555555555556,0.23051543153651136,0.3,0.12249268089849691,0.6672155981609424,-0.11934784603357322,0.9993141289437586,1.0,0.3621141289437586,2.0274467185139655,0.35,28.857142857142858,0.0,20.0,False
success_radius,0.5555555555555556,0.5,0.00010000000000000009,0.12192328054797068,0.6657954023718838,-0.31266990542830675,0.9951456310679612,1.0,0.3579456310679612,1.9870107404887676,0.4,29.125,0.0,20.0,False
success_radius,0.5555555555555556,0.5,0.00020706272838739032,0.12192327812050201,0.6658020200143426,-0.31212311660964465,0.9951456310679612,1.0,0.3579456310679612,1.9881867580115795,0.4,29.125,0.0,20.0,False
success_radius,0.5555555555555556,0.5,0.0004287497348723022,0.12192327825653432,0.6658157146106743,-0.3109938500291212,0.9951456310679612,1.0,0.3579456310679612,1.9906184166669845,0.4,29.125,0.0,20.0,False
success_radius,0.5555555555555556,0.5,0.0008877808989802905,0.12192328054051495,0.6658439689190043,-0.3086681955716317,0.9958391123439667,1.0,0.3586391123439667,1.995641151815653,0.4,29.125,0.0,20.0,False
success_radius,0.5555555555555556,0.5,0.001838263351530691,0.12192327779252819,0.6659023741739001,-0.30390546988442224,0.9958391123439667,1.0,0.3586391123439667,2.005985302478075,0.4,29.125,0.0,20.0,False
success_radius,0.5555555555555556,0.5,0.003806358250624933,0.12210797673147523,0.6634324471906724,-0.29542611433357324,0.9958563535911602,1.0,0.3586563535911602,2.0087653294205667,0.4,29.5,0.0,20.0,False
success_radius,0.5555555555555556,0.5,0.00788154924594252,0.12210797654328087,0.6622649344387708,-0.2766223777633038,0.9958620689655172,1.0,0.3586620689655172,2.045516452938318,0.4,29.625,0.0,20.0,False
success_radius,0.5555555555555556,0.5,0.01631975090784437,0.12204826787950816,0.6570723035209524,-0.24257701062135686,0.9965846994535519,1.0,0.3593846994535519,2.089657785743475,0.4,30.5,0.0,20.0,False
success_radius,0.5555555555555556,0.5,0.03379212149580846,0.12233805996553587,0.653771605490729,-0.17676487329162074,0.9973297730307076,1.0,0.3601297730307076,2.17072804197669,0.35,31.714285714285715,0.0,20.0,False
success_radius,0.5555555555555556,0.5,0.0699708887492028,0.12240469143721232,0.6508348084436504,-0.06759128668212444,0.9986754966887417,1.0,0.3614754966887417,2.3270565323531627,0.35,32.57142857142857,0.0,20.0,False
success_radius,0.5555555555555556,0.5,0.14488363132100487,0.12255961130212312,0.6500567035520509,0.09391174551951485,0.9986842105263158,1.0,0.36148421052631585,2.4440865516662598,0.3,32.333333333333336,0.0,20.0,False
success_radius,0.5555555555555556,0.5,0.3,0.12251321023065365,0.6476594980050375,0.3111271238727187,1.0,1.0,0.3628,2.514138338714838,0.3,33.0,0.0,20.0,False
success_radius,0.6444444444444445,0.00010000000000000009,0.00010000000000000009,0.12495091383674076,0.8121507275244216,76.03908867106972,0.14412811387900357,0.23843416370106763,1.2546377224199288,0.5206038616597652,0.95,26.473684210526315,0.0,20.0,False
success_radius,0.6444444444444445,0.00010000000000000009,0.00020706272838739032,0.12495091450636221,0.8121510019903244,60.853011565526494,0.16459074733096085,0.27669039145907476,1.1959188612099645,0.5211043193936348,0.95,26.473684210526315,0.0,20.0,False
success_radius,0.6444444444444445,0.00010000000000000009,0.0004287497348723022,0.12495091431435894,0.8075649495065643,51.72511402137561,0.18882978723404256,0.3262411347517731,1.1221290780141844,0.506032507866621,0.95,26.57894736842105,0.0,20.0,False
success_radius,0.6444444444444445,0.00010000000000000009,0.0008877808989802905,0.12516844498793694,0.8057518107272242,47.09267197534653,0.2332155477031802,0.3789752650176678,1.025009187279152,0.5008243545889854,0.9,26.0,0.0,20.0,False
success_radius,0.6444444444444445,0.00010000000000000009,0.001838263351530691,0.12516776914021,0.8014524813442081,44.67793572932894,0.28295254833040423,0.44639718804920914,0.9078502636203867,0.5106242537498474,0.9,26.166666666666668,0.0,20.0,False
success_radius,0.6444444444444445,0.00010000000000000009,0.003806358250624933,0.12516777159667247,0.7942806209084076,43.37313442293394,0.343804537521815,0.5130890052356021,0.7803064572425829,0.5406750314636156,0.9,26.38888888888889,0.0,20.0,False
success_radius,0.6444444444444445,0.00010000000000000009,0.00788154924594252,0.12490343010280722,0.7824336115959252,42.614695443134586,0.41237113402061853,0.5652920962199313,0.6595367697594502,0.5511056646704674,0.85,26.176470588235293,0.0,20.0,False
success_radius,0.6444444444444445,0.00010000000000000009,0.01631975090784437,0.1244517321466778,0.7722315098699208,42.18775169159563,0.4847715736040609,0.5905245346869712,0.5619038917089678,0.6071970373392105,0.75,25.066666666666666,0.0,20.0,False
success_radius,0.6444444444444445,0.00010000000000000009,0.03379212149580846,0.12393562781160862,0.7550514346446083,41.57150887533971,0.5347107438016528,0.6016528925619835,0.5008363636363636,0.7238014072179795,0.7,25.071428571428573,0.0,20.0,False
success_radius,0.6444444444444445,0.00010000000000000009,0.0699708887492028,0.12377620277212338,0.7307429272106145,41.227116242721124,0.5574162679425837,0.6068580542264753,0.47292567783094097,0.8760740086436272,0.65,25.692307692307693,0.0,20.0,False
success_radius,0.6444444444444445,0.00010000000000000009,0.14488363132100487,0.12316709726280735,0.7052626155151169,40.49628664347636,0.5721966205837173,0.6144393241167435,0.45056405529953913,1.0777745604515077,0.5,24.1,0.0,20.0,False
success_radius,0.6444444444444445,0.00010000000000000009,0.3,0.12282940987468677,0.6939204570381214,40.397639296862344,0.575187969924812,0.6157894736842106,0.4462225563909774,1.3043046966195107,0.5,25.5,0.0,20.0,False
success_radius,0.6444444444444445,0.00021690521830457365,0.00010000000000000009,0.12495091383674076,0.8121507275244216,42.80305517779753,0.17259786476868327,0.28113879003558717,1.1834633451957295,0.5206038616597652,0.95,26.473684210526315,0.0,20.0,False
success_radius,0.6444444444444445,0.00021690521830457365,0.00020706272838739032,0.12495091424184332,0.812151085616198,32.25869060249121,0.1895017793594306,0.3167259786476868,1.1309722419928825,0.5212505750358105,0.95,26.473684210526315,0.0,20.0,False
success_radius,0.6444444444444445,0.00021690521830457365,0.0004287497348723022,0.12495091376723912,0.8075649856230463,25.106126274848123,0.21365248226950354,0.3608156028368794,1.0627319148936172,0.5066893257200717,0.95,26.57894736842105,0.0,20.0,False
success_radius,0.6444444444444445,0.00021690521830457365,0.0008877808989802905,0.12516844496862073,0.8057553783875991,21.03717771318342,0.25618374558303886,0.41519434628975266,0.9658219081272086,0.5018435262143612,0.9,26.0,0.0,20.0,False
success_radius,0.6444444444444445,0.00021690521830457365,0.001838263351530691,0.12516776970537566,0.8014572238741153,18.866497533682427,0.3031634446397188,0.4780316344463972,0.856004920913884,0.511584922671318,0.9,26.166666666666668,0.0,20.0,False
success_radius,0.6444444444444445,0.00021690521830457365,0.003806358250624933,0.12516777313168778,0.7942872700273298,17.787042969504792,0.36387434554973824,0.5445026178010471,0.7288230366492146,0.5416320715099573,0.9,26.38888888888889,0.0,20.0,False
success_radius,0.6444444444444445,0.00021690521830457365,0.00788154924594252,0.12490343064126717,0.7824383877350294,17.279902444402705,0.4329896907216495,0.595360824742268,0.6088494845360825,0.5517899356782436,0.85,26.176470588235293,0.0,20.0,False
success_radius,0.6444444444444445,0.00021690521830457365,0.01631975090784437,0.12445173590649215,0.7722352353794765,17.100237113187653,0.5042301184433164,0.6201353637901861,0.5128345177664975,0.6076936677098275,0.75,25.066666666666666,0.0,20.0,False
success_radius,0.6444444444444445,0.00021690521830457365,0.03379212149580846,0.12393562963061631,0.7550542361559561,16.92856877489671,0.5553719008264463,0.6305785123966943,0.45124958677685945,0.7241625115275383,0.7,25.071428571428573,0.0,20.0,False
success_radius,0.6444444444444445,0.00021690521830457365,0.0699708887492028,0.12377620419168157,0.7307451601726823,16.924234233490825,0.5773524720893142,0.6363636363636364,0.42348389154704946,0.8763396814465523,0.65,25.692307692307693,0.0,20.0,False
success_radius,0.6444444444444445,0.00021690521830457365,0.14488363132100487,0.12316709743897561,0.7052640822441231,16.773978762289136,0.5921658986175116,0.6436251920122887,0.4014089093701997,1.0779382288455963,0.5,24.1,0.0,20.0,False
success_radius,0.6444444444444445,0.00021690521830457365,0.3,0.12282941076196063,0.693921426829985,16.917749309599767,0.5947368421052631,0.6443609022556391,0.39810225563909774,1.3043894186615943,0.5,25.5,0.0,20.0,False
success_radius,0.6444444444444445,0.00047047873727754753,0.00010000000000000009,0.12495091383674076,0.8121507275244216,23.12918146105964,0.21085409252669038,0.35320284697508897,1.0731430604982206,0.5206038616597652,0.95,26.473684210526315,0.0,20.0,False
success_radius,0.6444444444444445,0.00047047873727754753,0.00020706272838739032,0.12495091413671439,0.809938592920226,16.965720911909685,0.22646536412078153,0.3827708703374778,1.0279637655417406,0.5100826293230056,0.95,26.526315789473685,0.0,20.0,False
success_radius,0.6444444444444445,0.00047047873727754753,0.0004287497348723022,0.12495091369079418,0.8075655543425592,12.115757224669684,0.25177304964539005,0.424645390070922,0.9607815602836879,0.5082724623382091,0.95,26.57894736842105,0.0,20.0,False
success_radius,0.6444444444444445,0.00047047873727754753,0.0008877808989802905,0.12516844454559606,0.8057629360711671,8.926435638446916,0.2879858657243816,0.4734982332155477,0.8757159010600707,0.5040124908089638,0.9,26.0,0.0,20.0,False
success_radius,0.6444444444444445,0.00047047873727754753,0.001838263351530691,0.12516776962877096,0.801467425729138,7.088850377102558,0.335676625659051,0.5325131810193322,0.7690101933216168,0.5136424198746681,0.9,26.166666666666668,0.0,20.0,False
success_radius,0.6444444444444445,0.00047047873727754753,0.003806358250624933,0.1251677718709798,0.7943016234203628,6.176452381450638,0.39179755671902267,0.6003490401396161,0.6450534031413613,0.5437026214785874,0.9,26.38888888888889,0.0,20.0,False
success_radius,0.6444444444444445,0.00047047873727754753,0.00788154924594252,0.12490342974530892,0.782448806202888,5.7996376818835715,0.46048109965635736,0.6486254295532646,0.5280934707903779,0.553265956044197,0.85,26.176470588235293,0.0,20.0,False
success_radius,0.6444444444444445,0.00047047873727754753,0.01631975090784437,0.12445173195412013,0.7722432764043848,5.735831905559767,0.5313028764805414,0.6734348561759729,0.4324622673434857,0.6087681248784065,0.75,25.066666666666666,0.0,20.0,False
success_radius,0.6444444444444445,0.00047047873727754753,0.03379212149580846,0.12393562951190837,0.7550604389288653,5.76737928584189,0.5818181818181818,0.6834710743801653,0.3719107438016529,0.7249438762664795,0.7,25.071428571428573,0.0,20.0,False
success_radius,0.6444444444444445,0.00047047873727754753,0.0699708887492028,0.12377620538061838,0.7307499529411662,5.9172664935325745,0.6036682615629984,0.689792663476874,0.3437390749601277,0.8769154146313667,0.65,25.692307692307693,0.0,20.0,False
success_radius,0.6444444444444445,0.00047047873727754753,0.14488363132100487,0.12316709900874785,0.7052673844406655,6.031716973577923,0.6182795698924731,0.695852534562212,0.3230678955453149,1.0782929524779319,0.5,24.1,0.0,20.0,False
success_radius,0.6444444444444445,0.00047047873727754753,0.3,0.12282940954483779,0.6939234297280924,6.2861909655097135,0.6203007518796992,0.6977443609022557,0.3191548872180451,1.3045730352401734,0.5,25.5,0.0,20.0,False
success_radius,0.6444444444444445,0.001020492932168466,0.00010000000000000009,0.12495091385015163,0.8121507228972987,10.928850882003468,0.2695729537366548,0.4483985765124555,0.9192284697508897,0.5206333138048649,0.95,26.473684210526315,0.0,20.0,False
success_radius,0.6444444444444445,0.001020492932168466,0.00020706272838739032,0.12495091444485815,0.8075624731904014,8.019014260902852,0.28191489361702127,0.475177304964539,0.8801078014184397,0.5000374428927898,0.95,26.57894736842105,0.0,20.0,False
success_radius,0.6444444444444445,0.001020492932168466,0.0004287497348723022,0.1251684441868466,0.8075707361325618,5.277613145310725,0.2973451327433628,0.5097345132743363,0.8301203539823009,0.5037803567945958,0.95,26.63157894736842,0.0,20.0,False
success_radius,0.6444444444444445,0.001020492932168466,0.0008877808989802905,0.12516844428498233,0.8037158616774631,3.1187936033795665,0.3315696649029982,0.5502645502645502,0.7553657848324515,0.49747478365898135,0.9,26.055555555555557,0.0,20.0,False
success_radius,0.6444444444444445,0.001020492932168466,0.001838263351530691,0.12516776928736004,0.8002611108146229,1.7257213039610781,0.37894736842105264,0.606140350877193,0.6521122807017543,0.5080862794071436,0.9,26.22222222222222,0.0,20.0,False
success_radius,0.6444444444444445,0.001020492932168466,0.003806358250624933,0.1251677732151592,0.7943316376046976,0.9944898093446047,0.4354275741710297,0.6675392670157068,0.5342331588132636,0.5481219564564526,0.9,26.38888888888889,0.0,20.0,False
success_radius,0.6444444444444445,0.001020492932168466,0.00788154924594252,0.12490342819895381,0.78247096766781,0.7046864449946999,0.4991408934707904,0.7173539518900344,0.42070515463917524,0.5564325749874115,0.85,26.176470588235293,0.0,20.0,False
success_radius,0.6444444444444445,0.001020492932168466,0.01631975090784437,0.12445173225131971,0.772260679831696,0.6988014009841766,0.5676818950930627,0.7360406091370558,0.3334774957698815,0.6110867604613304,0.75,25.066666666666666,0.0,20.0,False
success_radius,0.6444444444444445,0.001020492932168466,0.03379212149580846,0.12393563011206321,0.7550736842465681,0.8224128011106763,0.6181818181818182,0.7471074380165289,0.2719107438016529,0.7266346663236618,0.7,25.071428571428573,0.0,20.0,False
success_radius,0.6444444444444445,0.001020492932168466,0.0699708887492028,0.12377620389374479,0.7307603514514669,1.0405887898964346,0.638755980861244,0.7511961722488039,0.24724784688995216,0.8781626105308533,0.65,25.692307692307693,0.0,20.0,False
success_radius,0.6444444444444445,0.001020492932168466,0.14488363132100487,0.12316709747185922,0.7052747123090661,1.2739096122660065,0.65284178187404,0.7557603686635944,0.2285978494623656,1.0790617674589158,0.5,24.1,0.0,20.0,False
success_radius,0.6444444444444445,0.001020492932168466,0.3,0.12282940925476397,0.6939278799834925,1.578238813557254,0.6556390977443609,0.7563909774436091,0.22516992481203002,1.3049706846475602,0.5,25.5,0.0,20.0,False
success_radius,0.6444444444444445,0.0022135024223027535,0.00010000000000000009,0.12495091385318367,0.8075648349140953,3.6855131543392963,0.33865248226950356,0.5824468085106383,0.7161007092198581,0.5017342895269394,0.95,26.57894736842105,0.0,20.0,False
success_radius,0.6444444444444445,0.0022135024223027535,0.00020706272838739032,0.12516844485584483,0.8075816036579406,2.620673452820058,0.3504424778761062,0.6044247787610619,0.6823327433628319,0.5012542650103569,0.95,26.63157894736842,0.0,20.0,False
success_radius,0.6444444444444445,0.0022135024223027535,0.0004287497348723022,0.12516844599333707,0.8076219573948804,1.3714434676988099,0.3752212389380531,0.6265486725663717,0.6354300884955753,0.50503493770957,0.9,25.944444444444443,0.0,20.0,False
success_radius,0.6444444444444445,0.0022135024223027535,0.0008877808989802905,0.12516844485373413,0.8037891016980159,0.18341800031223926,0.3959435626102293,0.6693121693121693,0.5719442680776015,0.5108431987464428,0.9,26.055555555555557,0.0,20.0,False
success_radius,0.6444444444444445,0.0022135024223027535,0.001838263351530691,0.12516777208951665,0.8003381161639198,-0.7161305890949091,0.4368421052631579,0.712280701754386,0.4880771929824561,0.5201762046664953,0.9,26.22222222222222,0.0,20.0,False
success_radius,0.6444444444444445,0.0022135024223027535,0.003806358250624933,0.12516777185443867,0.7926814861230048,-1.241857245926128,0.4912891986062718,0.764808362369338,0.38110243902439017,0.546164046227932,0.9,26.444444444444443,0.0,20.0,False
success_radius,0.6444444444444445,0.0022135024223027535,0.00788154924594252,0.12490342754617752,0.7807683951883597,-1.4505900547045603,0.5557461406518011,0.8096054888507719,0.27184837049742705,0.5528163589537144,0.85,26.235294117647058,0.0,20.0,False
success_radius,0.6444444444444445,0.0022135024223027535,0.01631975090784437,0.12445173450500314,0.770130902338501,-1.4221113414822135,0.6216216216216216,0.8234797297297297,0.19209864864864867,0.6052996695041657,0.75,25.133333333333333,0.0,20.0,False
success_radius,0.6444444444444445,0.0022135024223027535,0.03379212149580846,0.12393562955475572,0.7533388378867891,-1.255293800895017,0.6707920792079208,0.834983498349835,0.13142442244224417,0.7217209756374359,0.7,25.142857142857142,0.0,20.0,True
success_radius,0.6444444444444445,0.0022135024223027535,0.0699708887492028,0.12377620360256147,0.7307829873396692,-1.0088382526406867,0.689792663476874,0.8373205741626795,0.12427208931419453,0.8808591574430465,0.65,25.692307692307693,0.0,20.0,False
success_radius,0.6444444444444445,0.0022135024223027535,0.14488363132100487,0.12316709787793113,0.7052903379040564,-0.7243309034282877,0.7019969278033794,0.8425499231950845,0.13124700460829497,1.0807267293334006,0.5,24.1,0.0,20.0,False
success_radius,0.6444444444444445,0.0022135024223027535,0.3,0.12282941126548239,0.6939375508627263,-0.3984673036727994,0.7045112781954888,0.843609022556391,0.13270225563909777,1.3058326721191407,0.5,25.5,0.0,20.0,False
success_radius,0.6444444444444445,0.004801202261272809,0.00010000000000000009,0.1251677709774847,0.8019573288987638,-0.08812067354741411,0.46045694200351495,0.7416520210896309,0.43509103690685413,0.511512753367424,0.9,26.166666666666668,0.0,20.0,False
success_radius,0.6444444444444445,0.004801202261272809,0.00020706272838739032,0.12516777168937784,0.801973768013655,-0.39953461321151357,0.47012302284710017,0.7469244288224957,0.42015254833040416,0.5181783102452755,0.9,26.166666666666668,0.0,20.0,False
success_radius,0.6444444444444445,0.004801202261272809,0.0004287497348723022,0.1251677722225682,0.8020065138826853,-0.8422828452597217,0.484182776801406,0.7662565905096661,0.3867606326889279,0.5308325499296188,0.9,26.166666666666668,0.0,20.0,False
success_radius,0.6444444444444445,0.004801202261272809,0.0008877808989802905,0.12516777272776716,0.8008293873656033,-1.3496777555221544,0.5052631578947369,0.7903508771929825,0.34158596491228066,0.5425226699560881,0.9,26.22222222222222,0.0,20.0,False
success_radius,0.6444444444444445,0.004801202261272809,0.001838263351530691,0.12516777357576978,0.7984610694668356,-1.8188682322399012,0.5367775831873906,0.8257443082311734,0.27467810858143604,0.5707414768636226,0.9,26.27777777777778,0.0,20.0,False
success_radius,0.6444444444444445,0.004801202261272809,0.003806358250624933,0.12484293620244735,0.7870441554305712,-2.136750207437216,0.5863557858376511,0.8721934369602763,0.17865077720207256,0.5461554266512394,0.85,26.0,0.0,20.0,False
success_radius,0.6444444444444445,0.004801202261272809,0.00788154924594252,0.12490343215482706,0.7813318447401781,-2.245217491221188,0.644082332761578,0.902229845626072,0.09088782161234998,0.5940837040543556,0.8,25.4375,0.0,20.0,True
success_radius,0.6444444444444445,0.004801202261272809,0.01631975090784437,0.12419422665780223,0.7691983202509617,-2.196393173310105,0.7,0.9142857142857143,0.05751428571428574,0.6228408619761467,0.75,25.333333333333332,0.0,20.0,True
success_radius,0.6444444444444445,0.004801202261272809,0.03379212149580846,0.12409341302600498,0.7524329524124205,-2.00513749421706,0.7475328947368421,0.9226973684210527,0.09663552631578953,0.7505331680178642,0.7,25.285714285714285,0.0,20.0,True
success_radius,0.6444444444444445,0.004801202261272809,0.0699708887492028,0.12377620498863788,0.7313323832540958,-1.7524462694168916,0.7639553429027113,0.9242424242424242,0.11151291866028712,0.9228294163942337,0.6,24.583333333333332,0.0,20.0,False
success_radius,0.6444444444444445,0.004801202261272809,0.14488363132100487,0.12316709586681454,0.7028717617448758,-1.444466732007209,0.7756508422664625,0.9287901990811639,0.11866064318529868,1.1185763478279114,0.5,24.3,0.0,20.0,False
success_radius,0.6444444444444445,0.004801202261272809,0.3,0.12282941022544121,0.6912197062535711,-1.1115820469046154,0.7773613193403298,0.9302848575712144,0.11887646176911548,1.3403012171387672,0.5,25.7,0.0,20.0,False
success_radius,0.6444444444444445,0.010414058246057912,0.00010000000000000009,0.12499573601300919,0.7938160374398182,-1.708846287053546,0.6076388888888888,0.875,0.15456111111111115,0.5552982680499554,0.85,25.823529411764707,0.0,20.0,False
success_radius,0.6444444444444445,0.010414058246057912,0.00020706272838739032,0.12499573590404263,0.7938280829672157,-1.7825538065121966,0.6137152777777778,0.8802083333333334,0.14327638888888883,0.5601716794073581,0.85,25.823529411764707,0.0,20.0,True
success_radius,0.6444444444444445,0.010414058246057912,0.0004287497348723022,0.12499573506325286,0.7938521831260199,-1.9029626120645153,0.6241319444444444,0.8871527777777778,0.12591527777777778,0.5697849079966545,0.85,25.823529411764707,0.0,20.0,True
success_radius,0.6444444444444445,0.010414058246057912,0.0008877808989802905,0.12474138433834572,0.7921957575744512,-2.0710452800265884,0.6384083044982699,0.9048442906574394,0.09394740484429065,0.5659362398087978,0.85,25.941176470588236,0.0,20.0,True
success_radius,0.6444444444444445,0.010414058246057912,0.001838263351530691,0.12474138425324875,0.788688546043497,-2.2473570931770976,0.6655172413793103,0.928448275862069,0.04323448275862063,0.5666519939899445,0.8,25.25,0.0,20.0,True
success_radius,0.6444444444444445,0.010414058246057912,0.003806358250624933,0.12480202587649819,0.782360325555572,-2.382247707904072,0.7063356164383562,0.952054794520548,0.02608082191780825,0.5809343352913856,0.8,25.5,0.0,20.0,True
success_radius,0.6444444444444445,0.010414058246057912,0.00788154924594252,0.12480881860382732,0.7778595892019357,-2.410625010116956,0.7419354838709677,0.965195246179966,0.06993073005093375,0.6182628951966762,0.75,24.933333333333334,0.0,20.0,True
success_radius,0.6444444444444445,0.010414058246057912,0.01631975090784437,0.12388422425422026,0.7670346446449419,-2.336208642756227,0.7996661101836394,0.9732888146911519,0.13575492487479135,0.6747365146875381,0.75,25.6,0.0,20.0,True
success_radius,0.6444444444444445,0.010414058246057912,0.03379212149580846,0.12399757678857404,0.7475783628572804,-2.143657181725405,0.8398692810457516,0.9787581699346405,0.18142745098039215,0.79514881670475,0.7,25.571428571428573,0.0,20.0,False
success_radius,0.6444444444444445,0.010414058246057912,0.0699708887492028,0.12366726432355275,0.7238264230101636,-1.8900370585966129,0.8517350157728707,0.9802839116719243,0.194818927444795,0.9336945965886116,0.55,23.90909090909091,0.0,20.0,False
success_radius,0.6444444444444445,0.010414058246057912,0.14488363132100487,0.12307840896400665,0.7022557248403594,-1.5809921681443386,0.8618320610687022,0.982442748091603,0.2070748091603053,1.1833944886922836,0.5,24.5,0.0,20.0,False
success_radius,0.6444444444444445,0.010414058246057912,0.3,0.12259932673975946,0.6892638995315818,-1.2501675466129694,0.8636363636363636,0.9828614008941878,0.2092977645305515,1.3868184030055999,0.5,26.1,0.0,20.0,False
success_radius,0.6444444444444445,0.02258863577297737,0.00010000000000000009,0.12448078576563598,0.7825085926585506,-2.1593187535377187,0.7534013605442177,0.951530612244898,0.07367074829931974,0.6008722260594368,0.8,25.75,0.0,20.0,True
success_radius,0.6444444444444445,0.02258863577297737,0.00020706272838739032,0.1244807863002095,0.7803941371387815,-2.173488752059019,0.7572156196943973,0.9541595925297114,0.07485602716468598,0.5935200206935406,0.8,25.8125,0.0,20.0,True
success_radius,0.6444444444444445,0.02258863577297737,0.0004287497348723022,0.12448078943975256,0.7804127616915121,-2.19502629610177,0.7614601018675722,0.9584040747028862,0.08266417657045844,0.6008689992129803,0.8,25.8125,0.0,20.0,True
success_radius,0.6444444444444445,0.02258863577297737,0.0008877808989802905,0.12448078793145645,0.7804509353302768,-2.227720580581905,0.7682512733446519,0.9643463497453311,0.09539762308998301,0.6153746642172336,0.8,25.8125,0.0,20.0,True
success_radius,0.6444444444444445,0.02258863577297737,0.001838263351530691,0.12459040768485977,0.7805280143915829,-2.266761766818185,0.7906779661016949,0.9728813559322034,0.12635932203389832,0.6226036742329597,0.75,25.0,0.0,20.0,True
success_radius,0.6444444444444445,0.02258863577297737,0.003806358250624933,0.12443349674870977,0.7756051479035071,-2.2886565436080692,0.813973063973064,0.9856902356902357,0.16246329966329975,0.6323479723185301,0.75,25.266666666666666,0.0,20.0,False
success_radius,0.6444444444444445,0.02258863577297737,0.00788154924594252,0.12388579953748252,0.7700576376385165,-2.2659850022586356,0.8489148580968281,0.9891485809682805,0.20086343906510862,0.6632302388548851,0.7,24.642857142857142,0.0,20.0,False
success_radius,0.6444444444444445,0.02258863577297737,0.01631975090784437,0.12383276406274478,0.7590781745528341,-2.168158566445339,0.8978583196046128,0.9942339373970346,0.2548922570016474,0.7243001520633697,0.65,24.153846153846153,0.0,20.0,False
success_radius,0.6444444444444445,0.02258863577297737,0.03379212149580846,0.1236810518415602,0.7421519698929057,-1.9900065663563111,0.9219001610305958,0.9975845410628019,0.28228470209339773,0.8370216980576515,0.65,25.23076923076923,0.0,20.0,False
success_radius,0.6444444444444445,0.02258863577297737,0.0699708887492028,0.12357059794191048,0.719043062545855,-1.7442196423458567,0.9313572542901716,0.9984399375975039,0.2925971918876755,1.00022594332695,0.55,24.545454545454547,0.0,20.0,False
success_radius,0.6444444444444445,0.02258863577297737,0.14488363132100487,0.12282507464456256,0.7006021092941744,-1.4530327500169407,0.9396681749622926,1.0,0.3024681749622926,1.2452190950512887,0.5,25.3,0.0,20.0,False
success_radius,0.6444444444444445,0.02258863577297737,0.3,0.12226441286296312,0.6859964184317495,-1.1145085963200212,0.9416543574593796,1.0,0.30445435745937965,1.462793378531933,0.5,26.7,0.0,20.0,False
success_radius,0.6444444444444445,0.04899592973540154,0.00010000000000000009,0.12448462062800916,0.7695653624547819,-2.0016531761631096,0.8903654485049833,0.9850498338870431,0.2382152823920265,0.7178032472729683,0.65,23.76923076923077,0.0,20.0,False
success_radius,0.6444444444444445,0.04899592973540154,0.00020706272838739032,0.12448462108853739,0.7695728869921813,-2.001644622952687,0.8911960132890365,0.9858803986710963,0.23987641196013287,0.7204600997269154,0.65,23.76923076923077,0.0,20.0,False
success_radius,0.6444444444444445,0.04899592973540154,0.0004287497348723022,0.12448462123857641,0.769588404492243,-2.001332625468149,0.8945182724252492,0.9858803986710963,0.24319867109634552,0.7258920647203922,0.65,23.76923076923077,0.0,20.0,False
success_radius,0.6444444444444445,0.04899592973540154,0.0008877808989802905,0.12427338315322235,0.7696205372073089,-2.0012630939128884,0.8996683250414593,0.9867330016583747,0.24920132669983408,0.7275879263877869,0.65,23.846153846153847,0.0,20.0,False
success_radius,0.6444444444444445,0.04899592973540154,0.001838263351530691,0.1242733845478897,0.769686069214991,-1.994674031287781,0.9046434494195689,0.9900497512437811,0.25749320066335,0.7491821840405464,0.65,23.846153846153847,0.0,20.0,False
success_radius,0.6444444444444445,0.04899592973540154,0.003806358250624933,0.12427338335028745,0.7640433493422849,-1.9761761488635294,0.9224422442244224,0.9917491749174917,0.27699141914191416,0.7613291151821613,0.65,24.076923076923077,0.0,20.0,False
success_radius,0.6444444444444445,0.04899592973540154,0.00788154924594252,0.12386666450213239,0.7620738340388641,-1.9281985030436546,0.9449013157894737,0.993421052631579,0.30112236842105267,0.818413433432579,0.65,24.23076923076923,0.0,20.0,False
success_radius,0.6444444444444445,0.04899592973540154,0.01631975090784437,0.12408672299190875,0.7481923171476711,-1.8312254848604967,0.9627831715210357,0.9959546925566343,0.32153786407766993,0.8489078670740128,0.6,23.833333333333332,0.0,20.0,False
success_radius,0.6444444444444445,0.04899592973540154,0.03379212149580846,0.12327803282793835,0.7336992752016329,-1.6732465521725473,0.9770569620253164,0.997626582278481,0.33748354430379746,0.9550855547189713,0.6,25.0,0.0,20.0,False
success_radius,0.6444444444444445,0.04899592973540154,0.0699708887492028,0.12344430156062304,0.7099257108777498,-1.4468432882147158,0.9815668202764977,0.999231950844854,0.34359877112135173,1.1358116313815116,0.55,25.454545454545453,0.0,20.0,False
success_radius,0.6444444444444445,0.04899592973540154,0.14488363132100487,0.12272055193931727,0.6933709664767197,-1.1697509967481006,0.9873511904761905,1.0,0.3501511904761905,1.3792068675160407,0.5,26.2,0.0,20.0,False
success_radius,0.6444444444444445,0.04899592973540154,0.3,0.12212844303981056,0.6730265251001442,-0.8367697003138097,0.9884559884559885,1.0,0.3512559884559885,1.549269513785839,0.45,27.11111111111111,0.0,20.0,False
success_radius,0.6444444444444445,0.10627472835292812,0.00010000000000000009,0.12372066375205554,0.7493433111271232,-1.549059728082479,0.9614767255216693,0.9935794542536116,0.3178561797752809,0.9541616961359978,0.6,24.25,0.0,20.0,False
success_radius,0.6444444444444445,0.10627472835292812,0.00020706272838739032,0.1237206644434161,0.7493503900490767,-1.5477073116155302,0.9622792937399679,0.9943820224719101,0.319461316211878,0.9561156705021858,0.6,24.25,0.0,20.0,False
success_radius,0.6444444444444445,0.10627472835292812,0.0004287497348723022,0.12372066133471459,0.7475587828391037,-1.5458111541347914,0.9623397435897436,0.9943910256410257,0.3195307692307693,0.9505183935165405,0.6,24.333333333333332,0.0,20.0,False
success_radius,0.6444444444444445,0.10627472835292812,0.0008877808989802905,0.12372066308537052,0.7475887662875274,-1.540029242099646,0.9639423076923077,0.9943910256410257,0.3211333333333334,0.9587567567825317,0.6,24.333333333333332,0.0,20.0,False
success_radius,0.6444444444444445,0.10627472835292812,0.001838263351530691,0.12372066310156289,0.7476499292790508,-1.5281612270269143,0.9647435897435898,0.9943910256410257,0.32193461538461543,0.9754342153668404,0.6,24.333333333333332,0.0,20.0,False
success_radius,0.6444444444444445,0.10627472835292812,0.003806358250624933,0.12372066366297409,0.7426987899958196,-1.5059353952907986,0.970494417862839,0.9952153110047847,0.32850972886762364,0.9823315188288688,0.6,24.583333333333332,0.0,20.0,False
success_radius,0.6444444444444445,0.10627472835292812,0.00788154924594252,0.12372066469115997,0.7360141437076374,-1.4615366052240062,0.9801901743264659,0.9968304278922345,0.3398206022187005,1.0087092712521553,0.6,24.916666666666668,0.0,20.0,False
success_radius,0.6444444444444445,0.10627472835292812,0.01631975090784437,0.12367860543360769,0.7260307795769047,-1.3788908829319753,0.9882445141065831,0.9984326018808778,0.3494771159874609,1.0604284822940826,0.55,24.272727272727273,0.0,20.0,False
success_radius,0.6444444444444445,0.10627472835292812,0.03379212149580846,0.12335985547629498,0.717063117241312,-1.2498809321324909,0.9915254237288136,0.9984591679506933,0.35278459167950693,1.1734817892313003,0.55,25.272727272727273,0.0,20.0,False
success_radius,0.6444444444444445,0.10627472835292812,0.0699708887492028,0.12311460332130415,0.7024725518537676,-1.0617587582652266,0.9947447447447447,1.0,0.35754474474474474,1.3674641728401185,0.5,25.6,0.0,20.0,False
success_radius,0.6444444444444445,0.10627472835292812,0.14488363132100487,0.12187842833542088,0.6771343479827693,-0.8005118999516685,0.9978292329956585,1.0,0.3606292329956585,1.565759114921093,0.45,26.88888888888889,0.0,20.0,False
success_radius,0.6444444444444445,0.10627472835292812,0.3,0.12227780554187628,0.6738627799029233,-0.5154982607463799,0.9985795454545454,1.0,0.3613795454545454,1.734931629896164,0.4,27.0,0.0,20.0,False
success_radius,0.6444444444444445,0.23051543153651136,0.00010000000000000009,0.12369373967975052,0.7094502923290189,-0.9586020200499075,0.9877862595419847,0.9984732824427481,0.3490595419847329,1.3670032396912575,0.55,25.818181818181817,0.0,20.0,False
success_radius,0.6444444444444445,0.23051543153651136,0.00020706272838739032,0.12369374151181074,0.7094573605806097,-0.9576115240268729,0.9885496183206107,0.9984732824427481,0.34982290076335887,1.3684962436556816,0.55,25.818181818181817,0.0,20.0,False
success_radius,0.6444444444444445,0.23051543153651136,0.0004287497348723022,0.1236937398963796,0.7094721097969167,-0.9555696572794784,0.9893129770992366,0.9984732824427481,0.35058625954198475,1.3715801686048508,0.55,25.818181818181817,0.0,20.0,False
success_radius,0.6444444444444445,0.23051543153651136,0.0008877808989802905,0.12369373984124617,0.7095024598948194,-0.9513799517406071,0.9900763358778626,0.9984732824427481,0.35134961832061073,1.3779296576976776,0.55,25.818181818181817,0.0,20.0,False
success_radius,0.6444444444444445,0.23051543153651136,0.001838263351530691,0.1236937406847923,0.7095651305463306,-0.9428630833473723,0.9900763358778626,0.9984732824427481,0.35134961832061073,1.390927867591381,0.55,25.818181818181817,0.0,20.0,False
success_radius,0.6444444444444445,0.23051543153651136,0.003806358250624933,0.12375955585696188,0.7096934960954913,-0.9266202900424987,0.9900914634146342,0.9984756097560976,0.3513670731707318,1.4091477498412133,0.55,25.90909090909091,0.0,20.0,False
success_radius,0.6444444444444445,0.23051543153651136,0.00788154924594252,0.12316626909750178,0.7084642216408351,-0.8976373956836488,0.9924357034795764,0.9984871406959153,0.3537228441754917,1.4213921636343003,0.55,26.363636363636363,0.0,20.0,False
success_radius,0.6444444444444445,0.23051543153651136,0.01631975090784437,0.12297488513858545,0.7019205570566165,-0.843086882892604,0.992526158445441,0.9992526158445441,0.3545787742899851,1.4581611052155494,0.55,27.09090909090909,0.0,20.0,False
success_radius,0.6444444444444445,0.23051543153651136,0.03379212149580846,0.12270606715620754,0.6969658563315544,-0.746054525112744,0.9940740740740741,0.9992592592592593,0.3561333333333334,1.5916343733668328,0.5,26.5,0.0,20.0,False
success_radius,0.6444444444444445,0.23051543153651136,0.0699708887492028,0.12176511678636083,0.6756285520331871,-0.5955689537417468,0.9964234620886981,1.0,0.35922346208869815,1.7220576494932174,0.45,27.77777777777778,0.0,20.0,False
success_radius,0.6444444444444445,0.23051543153651136,0.14488363132100487,0.12202181108343818,0.6727206200739626,-0.39233963231120844,0.9985974754558204,1.0,0.36139747545582046,1.910552291572094,0.4,28.125,0.0,20.0,False
success_radius,0.6444444444444445,0.23051543153651136,0.3,0.12247154157764327,0.6716585338633058,-0.11606555906174489,0.9993103448275862,1.0,0.3621103448275862,2.0552032947540284,0.35,28.285714285714285,0.0,20.0,False
success_radius,0.6444444444444445,0.5,0.00010000000000000009,0.12189674020474885,0.6691276285276863,-0.31035440240245593,0.9951117318435754,1.0,0.3579117318435754,2.020032061636448,0.4,28.5,0.0,20.0,False
success_radius,0.6444444444444445,0.5,0.00020706272838739032,0.12189673778074137,0.6691342013727993,-0.3098075804503535,0.9951117318435754,1.0,0.3579117318435754,2.0212017029523848,0.4,28.5,0.0,20.0,False
success_radius,0.6444444444444445,0.5,0.0004287497348723022,0.12189673789946698,0.6691478060254652,-0.30867825141063726,0.9951117318435754,1.0,0.3579117318435754,2.0236201360821724,0.4,28.5,0.0,20.0,False
success_radius,0.6444444444444445,0.5,0.0008877808989802905,0.12189674017911943,0.6691758717851398,-0.30635249850747553,0.9958100558659218,1.0,0.35861005586592176,2.028615429997444,0.4,28.5,0.0,20.0,False
success_radius,0.6444444444444445,0.5,0.001838263351530691,0.12189673741452854,0.6692338900483615,-0.30158969070458463,0.9958100558659218,1.0,0.35861005586592176,2.0389024540781975,0.4,28.5,0.0,20.0,False
success_radius,0.6444444444444445,0.5,0.003806358250624933,0.12189673751412489,0.6693533425561179,-0.2919467198251093,0.9958100558659218,1.0,0.35861005586592176,2.059966544806957,0.4,28.5,0.0,20.0,False
success_radius,0.6444444444444445,0.5,0.00788154924594252,0.12192327772513695,0.6680797288662776,-0.27451562362904863,0.9958275382475661,1.0,0.3586275382475661,2.082854579389095,0.4,28.875,0.0,20.0,False
success_radius,0.6444444444444445,0.5,0.01631975090784437,0.12192328070870864,0.6636145276100206,-0.23901320563300155,0.9965421853388658,1.0,0.35934218533886586,2.14419579654932,0.4,29.375,0.0,20.0,False
success_radius,0.6444444444444445,0.5,0.03379212149580846,0.12189365299377322,0.6577727857023606,-0.17171075917271172,0.9972936400541272,1.0,0.36009364005412725,2.2336614578962326,0.35,30.285714285714285,0.0,20.0,False
success_radius,0.6444444444444445,0.5,0.0699708887492028,0.12248482137039393,0.6530928181317747,-0.06694771448616611,0.9986702127659575,1.0,0.3614702127659575,2.3423548504710197,0.35,32.142857142857146,0.0,20.0,False
success_radius,0.6444444444444445,0.5,0.14488363132100487,0.12240469098774541,0.6525457607736613,0.09733434209627853,0.9986754966887417,1.0,0.3614754966887417,2.474498401582241,0.3,31.5,0.0,20.0,False
success_radius,0.6444444444444445,0.5,0.3,0.12255961318404121,0.6512470848932422,0.3140671348294222,1.0,1.0,0.3628,2.538306779414415,0.3,32.333333333333336,0.0,20.0,False
success_radius,0.7333333333333334,0.00010000000000000009,0.00010000000000000009,0.1252998763237708,0.8161081819592038,76.32538675472263,0.14516129032258066,0.23835125448028674,1.2536874551971326,0.5634128086268901,0.95,26.263157894736842,0.0,20.0,False
success_radius,0.7333333333333334,0.00010000000000000009,0.00020706272838739032,0.12529987699826223,0.8161084583647947,61.12684052709954,0.16577060931899643,0.27598566308243727,1.1954437275985663,0.5639158084988594,0.95,26.263157894736842,0.0,20.0,False
success_radius,0.7333333333333334,0.00010000000000000009,0.0004287497348723022,0.12517117185546142,0.816112383855379,52.124359933088776,0.1887298747763864,0.32468694096601075,1.123783184257603,0.5619844190776349,0.95,26.31578947368421,0.0,20.0,False
success_radius,0.7333333333333334,0.00010000000000000009,0.0008877808989802905,0.12517117176844642,0.8138988916177934,47.27773565807892,0.2330357142857143,0.37857142857142856,1.0255928571428572,0.5750525206327438,0.95,26.36842105263158,0.0,20.0,False
success_radius,0.7333333333333334,0.00010000000000000009,0.001838263351530691,0.12495091332286615,0.8116145910500173,44.835958080680676,0.2846975088967972,0.44483985765124556,0.9076626334519573,0.5985884964466095,0.95,26.473684210526315,0.0,20.0,False
success_radius,0.7333333333333334,0.00010000000000000009,0.003806358250624933,0.12516777159667247,0.8049794831820176,43.7826797985476,0.3415492957746479,0.5088028169014085,0.7868478873239436,0.5952016338706017,0.9,26.11111111111111,0.0,20.0,False
success_radius,0.7333333333333334,0.00010000000000000009,0.00788154924594252,0.12516777195717355,0.7908632278202584,42.905636909770145,0.41043478260869565,0.5652173913043478,0.6615478260869565,0.6205415740609169,0.85,25.764705882352942,0.0,20.0,False
success_radius,0.7333333333333334,0.00010000000000000009,0.01631975090784437,0.12447867437455855,0.77761278478747,42.320313843313194,0.48378839590443684,0.590443686006826,0.5629679180887373,0.6660408943891525,0.8,25.625,0.0,20.0,False
success_radius,0.7333333333333334,0.00010000000000000009,0.03379212149580846,0.1239803302458054,0.7605319619981904,41.77045637861151,0.5332778702163061,0.6006655574043261,0.5032565723793677,0.7565889552235603,0.7,24.785714285714285,0.0,20.0,False
success_radius,0.7333333333333334,0.00010000000000000009,0.0699708887492028,0.12388800154322296,0.7360683735769544,41.44594992194144,0.5561797752808989,0.6059390048154093,0.4750812199036918,0.9140078902244568,0.7,26.357142857142858,0.0,20.0,False
success_radius,0.7333333333333334,0.00010000000000000009,0.14488363132100487,0.12349490255801181,0.7136704054694009,40.88696681562294,0.5697674418604651,0.6116279069767442,0.4558046511627907,1.1249818861484528,0.5,23.5,0.0,20.0,False
success_radius,0.7333333333333334,0.00010000000000000009,0.3,0.12303529690181396,0.698909774912351,40.558100122201914,0.5742424242424242,0.6151515151515151,0.44780606060606065,1.3348121106624604,0.5,25.0,0.0,20.0,False
success_radius,0.7333333333333334,0.00021690521830457365,0.00010000000000000009,0.1252998763237708,0.8161081819592038,42.94062164752345,0.17293906810035842,0.28136200716845877,1.182898924731183,0.5634128086268901,0.95,26.263157894736842,0.0,20.0,False
success_radius,0.7333333333333334,0.00021690521830457365,0.00020706272838739032,0.12529987673181955,0.8161085425816641,32.3935472470142,0.18996415770609318,0.3163082437275986,1.1309275985663083,0.5640636198222637,0.95,26.263157894736842,0.0,20.0,False
success_radius,0.7333333333333334,0.00021690521830457365,0.0004287497348723022,0.1251711713063593,0.8161124715913932,25.292989720714715,0.21377459749552774,0.3595706618962433,1.063854740608229,0.5626430280506611,0.95,26.31578947368421,0.0,20.0,False
success_radius,0.7333333333333334,0.00021690521830457365,0.0008877808989802905,0.1251711717489902,0.8139025467180662,21.12758193666595,0.25625,0.41517857142857145,0.9657714285714285,0.5760872788727284,0.95,26.36842105263158,0.0,20.0,False
success_radius,0.7333333333333334,0.00021690521830457365,0.001838263351530691,0.12495091389211244,0.8116194347567616,18.940556361224687,0.30516014234875444,0.47686832740213525,0.8551715302491103,0.5877774074673653,0.9,25.77777777777778,0.0,20.0,False
success_radius,0.7333333333333334,0.00021690521830457365,0.003806358250624933,0.12516777313168778,0.8049861163579891,17.97138465678737,0.3617957746478873,0.5404929577464789,0.7349112676056337,0.5961711049079895,0.9,26.11111111111111,0.0,20.0,False
success_radius,0.7333333333333334,0.00021690521830457365,0.00788154924594252,0.12516777252578565,0.7908680554648242,17.41848481756721,0.43130434782608695,0.5956521739130435,0.6102434782608696,0.6212417460978031,0.85,25.764705882352942,0.0,20.0,False
success_radius,0.7333333333333334,0.00021690521830457365,0.01631975090784437,0.1244786780705246,0.7776163852627852,17.16141257156829,0.5034129692832765,0.6203071672354948,0.5134798634812286,0.6547294482588768,0.75,24.733333333333334,0.0,20.0,False
success_radius,0.7333333333333334,0.00021690521830457365,0.03379212149580846,0.1239803320326616,0.7605347932025402,17.017515685720852,0.5540765391014975,0.629783693843594,0.4533397670549085,0.7569501161575317,0.7,24.785714285714285,0.0,20.0,False
success_radius,0.7333333333333334,0.00021690521830457365,0.0699708887492028,0.12388800296759322,0.7360706283791504,17.02144467995453,0.5762439807383628,0.6356340288924559,0.4253219903691813,0.9142695873975754,0.7,26.357142857142858,0.0,20.0,False
success_radius,0.7333333333333334,0.00021690521830457365,0.14488363132100487,0.12349490273476338,0.7136719153819788,16.94522431621706,0.5891472868217055,0.6403100775193798,0.40774263565891466,1.1251442074775695,0.5,23.5,0.0,20.0,False
success_radius,0.7333333333333334,0.00021690521830457365,0.3,0.12303529785201843,0.6989107541277362,16.98861118373122,0.593939393939394,0.6439393939393939,0.3993212121212121,1.3348963916301728,0.5,25.0,0.0,20.0,False
success_radius,0.7333333333333334,0.00047047873727754753,0.00010000000000000009,0.1252998763237708,0.8161081819592038,23.194732103748503,0.21057347670250895,0.35304659498207885,1.0735799283154122,0.5634128086268901,0.95,26.263157894736842,0.0,20.0,False
success_radius,0.7333333333333334,0.00047047873727754753,0.00020706272838739032,0.12529987662592604,0.8161086664157882,17.065095669079184,0.22670250896057348,0.3826164874551971,1.0278810035842294,0.5645504087209702,0.95,26.263157894736842,0.0,20.0,False
success_radius,0.7333333333333334,0.00047047873727754753,0.0004287497348723022,0.1251711712296374,0.816113169115821,12.204811573549057,0.2513416815742397,0.42397137745974955,0.9618869409660107,0.5642320282757283,0.95,26.31578947368421,0.0,20.0,False
success_radius,0.7333333333333334,0.00047047873727754753,0.0008877808989802905,0.12495091378372024,0.8139102940049112,8.95125919990066,0.2878787878787879,0.4741532976827095,0.8751679144385026,0.5685921967029571,0.95,26.42105263157895,0.0,20.0,False
success_radius,0.7333333333333334,0.00047047873727754753,0.001838263351530691,0.12495091392249093,0.8116298601105297,7.124979416726295,0.33807829181494664,0.5320284697508897,0.7670932384341637,0.5898332715034484,0.9,25.77777777777778,0.0,20.0,False
success_radius,0.7333333333333334,0.00047047873727754753,0.003806358250624933,0.1251677718709798,0.8028177077065038,6.242043407448784,0.39015817223198596,0.5975395430579965,0.6495022847100176,0.5872788012027741,0.9,26.166666666666668,0.0,20.0,False
success_radius,0.7333333333333334,0.00047047873727754753,0.00788154924594252,0.12516777159583117,0.790878589722008,5.86820544412992,0.4591304347826087,0.6469565217391304,0.5311130434782609,0.6227516993880272,0.85,25.764705882352942,0.0,20.0,False
success_radius,0.7333333333333334,0.00047047873727754753,0.01631975090784437,0.12447867418064,0.7776241538344808,5.764380374269453,0.5307167235494881,0.6732081911262798,0.4332750853242321,0.6558028608560562,0.75,24.733333333333334,0.0,20.0,False
success_radius,0.7333333333333334,0.00047047873727754753,0.03379212149580846,0.12398033199047648,0.7605410586664356,5.806237211912985,0.5806988352745425,0.6830282861896838,0.3734728785357737,0.7577315673232079,0.7,24.785714285714285,0.0,20.0,False
success_radius,0.7333333333333334,0.00047047873727754753,0.0699708887492028,0.12388800416056034,0.7360754680968843,5.958998896110589,0.6027287319422151,0.6886035313001605,0.3458677367576244,0.9148366808891296,0.7,26.357142857142858,0.0,20.0,False
success_radius,0.7333333333333334,0.00047047873727754753,0.14488363132100487,0.12349490430973355,0.7136753142703748,6.102954361119563,0.6147286821705427,0.6930232558139535,0.3294480620155038,1.1254959851503372,0.5,23.5,0.0,20.0,False
success_radius,0.7333333333333334,0.00047047873727754753,0.3,0.1230352966269405,0.6989127773401953,6.315945168173732,0.6196969696969697,0.696969696969697,0.3205333333333332,1.335079061985016,0.5,25.0,0.0,20.0,False
success_radius,0.7333333333333334,0.001020492932168466,0.00010000000000000009,0.12529987633727918,0.8161081772993803,10.961862229599934,0.26971326164874554,0.44802867383512546,0.919458064516129,0.5634422607719898,0.95,26.263157894736842,0.0,20.0,False
success_radius,0.7333333333333334,0.001020492932168466,0.00020706272838739032,0.12517117198643346,0.8161096047304481,8.06440716376827,0.2826475849731664,0.4749552772808587,0.8795971377459749,0.5561013959348202,0.95,26.31578947368421,0.0,20.0,False
success_radius,0.7333333333333334,0.001020492932168466,0.0004287497348723022,0.1251711709615511,0.8161187178583532,5.3130161339414705,0.29695885509839,0.5089445438282647,0.8312966010733454,0.5684147261083126,0.95,26.31578947368421,0.0,20.0,False
success_radius,0.7333333333333334,0.001020492932168466,0.0008877808989802905,0.12495091352216571,0.8139331211031785,3.135535938612435,0.3324420677361854,0.5508021390374331,0.7539557932263814,0.5738536179065704,0.95,26.42105263157895,0.0,20.0,False
success_radius,0.7333333333333334,0.001020492932168466,0.001838263351530691,0.12495091358332801,0.8116632119069039,1.7482486673207307,0.3816725978647687,0.6058718861209964,0.6496555160142349,0.595253498852253,0.9,25.77777777777778,0.0,20.0,False
success_radius,0.7333333333333334,0.001020492932168466,0.003806358250624933,0.1251677732151592,0.8003464650277319,1.01356739228931,0.43508771929824563,0.6657894736842105,0.5363228070175439,0.5801337495446205,0.9,26.22222222222222,0.0,20.0,False
success_radius,0.7333333333333334,0.001020492932168466,0.00788154924594252,0.12516777005721083,0.7884874003299244,0.733043339913629,0.4991319444444444,0.7161458333333334,0.4219222222222222,0.614542992413044,0.85,25.823529411764707,0.0,20.0,False
success_radius,0.7333333333333334,0.001020492932168466,0.01631975090784437,0.12447867441651232,0.7776409653787573,0.7125831161290707,0.5674061433447098,0.7363481228668942,0.3334457337883959,0.658118836581707,0.75,24.733333333333334,0.0,20.0,False
success_radius,0.7333333333333334,0.001020492932168466,0.03379212149580846,0.1239803325157802,0.7605544416528726,0.8387940376688848,0.6173044925124792,0.7470881863560732,0.27280732113144757,0.7594224140048027,0.7,24.785714285714285,0.0,20.0,False
success_radius,0.7333333333333334,0.001020492932168466,0.0699708887492028,0.12388800266864648,0.736085968432025,1.0573368940923953,0.6380417335473515,0.7504012841091493,0.2487569823434992,0.9160651475191116,0.7,26.357142857142858,0.0,20.0,False
success_radius,0.7333333333333334,0.001020492932168466,0.14488363132100487,0.1234949027677559,0.7136828528959985,1.3001959116591755,0.6496124031007752,0.7534883720930232,0.2340992248062016,1.1262584239244462,0.5,23.5,0.0,20.0,False
success_radius,0.7333333333333334,0.001020492932168466,0.3,0.12303529631525179,0.6989172705645962,1.5892419820024053,0.6553030303030303,0.7560606060606061,0.2258363636363636,1.335474655032158,0.5,25.0,0.0,20.0,False
success_radius,0.7333333333333334,0.0022135024223027535,0.00010000000000000009,0.12517117139261524,0.816112181888539,3.7100883026370535,0.33989266547406083,0.5831842576028623,0.7141230769230769,0.557851904630661,0.95,26.31578947368421,0.0,20.0,False
success_radius,0.7333333333333334,0.0022135024223027535,0.00020706272838739032,0.12517117163539712,0.8161297473340445,2.6462234374833637,0.35062611806797855,0.6055456171735242,0.6810282647584973,0.5660225376486778,0.95,26.31578947368421,0.0,20.0,False
success_radius,0.7333333333333334,0.0022135024223027535,0.0004287497348723022,0.12517117278113202,0.816171859596575,1.3936761726598608,0.3747763864042934,0.6270125223613596,0.6354110912343469,0.5814920730888844,0.95,26.31578947368421,0.0,20.0,False
success_radius,0.7333333333333334,0.0022135024223027535,0.0008877808989802905,0.12495091409297074,0.8140074824144197,0.1914097289224476,0.39750445632798576,0.6702317290552585,0.5694638146167557,0.5872891716659069,0.95,26.42105263157895,0.0,20.0,False
success_radius,0.7333333333333334,0.0022135024223027535,0.001838263351530691,0.12495091629346744,0.8079663422405761,-0.7056773879815793,0.4379432624113475,0.7118794326241135,0.487377304964539,0.5844906285405159,0.9,25.88888888888889,0.0,20.0,False
success_radius,0.7333333333333334,0.0022135024223027535,0.003806358250624933,0.12516777185443867,0.8004082683874431,-1.23370657101727,0.4921052631578947,0.7631578947368421,0.38193684210526313,0.5893271110951901,0.9,26.22222222222222,0.0,20.0,False
success_radius,0.7333333333333334,0.0022135024223027535,0.00788154924594252,0.12516776939741545,0.7885348880674727,-1.4315005788801107,0.5538194444444444,0.8090277777777778,0.2743527777777778,0.6214508131146431,0.85,25.823529411764707,0.0,20.0,False
success_radius,0.7333333333333334,0.0022135024223027535,0.01631975090784437,0.12447867674955047,0.777676707793078,-1.4124461580834777,0.6203071672354948,0.8225255972696246,0.19436723549488055,0.6630828768014908,0.75,24.733333333333334,0.0,20.0,False
success_radius,0.7333333333333334,0.0022135024223027535,0.03379212149580846,0.12398033199500509,0.760583155257996,-1.2485178300415962,0.6697171381031614,0.8336106489184693,0.13387221297836938,0.7630689173936844,0.7,24.785714285714285,0.0,20.0,True
success_radius,0.7333333333333334,0.0022135024223027535,0.0699708887492028,0.1238880023764761,0.736108823150191,-1.0030185327116738,0.6886035313001605,0.8362760834670947,0.12412744783306584,0.9187211036682129,0.7,26.357142857142858,0.0,20.0,True
success_radius,0.7333333333333334,0.0022135024223027535,0.14488363132100487,0.12349490317517241,0.7136989305613659,-0.7176173838903372,0.6992248062015504,0.8410852713178295,0.1299395348837209,1.1279095709323883,0.5,23.5,0.0,20.0,False
success_radius,0.7333333333333334,0.0022135024223027535,0.3,0.12303529832141874,0.6989270378011659,-0.39590666986852546,0.7037878787878787,0.8431818181818181,0.13240606060606064,1.3363321721553802,0.5,25.0,0.0,20.0,False
success_radius,0.7333333333333334,0.004801202261272809,0.00010000000000000009,0.1251684459302833,0.8128111086893396,-0.06507502238833895,0.4635879218472469,0.7415630550621669,0.4320490230905862,0.5794476687908172,0.9,25.833333333333332,0.0,20.0,False
success_radius,0.7333333333333334,0.004801202261272809,0.00020706272838739032,0.1251684466494333,0.8128287743388727,-0.3771475204871194,0.4724689165186501,0.7460035523978685,0.4187275310834814,0.5860274054110051,0.9,25.833333333333332,0.0,20.0,False
success_radius,0.7333333333333334,0.004801202261272809,0.0004287497348723022,0.12516844717984554,0.8087934934092562,-0.8256337964955828,0.48584070796460177,0.7654867256637168,0.38587256637168144,0.5772933885455132,0.9,25.944444444444443,0.0,20.0,False
success_radius,0.7333333333333334,0.004801202261272809,0.0008877808989802905,0.12516777272776716,0.8044225620756352,-1.3500291215506588,0.5061619718309859,0.7904929577464789,0.34054507042253523,0.5652184143662453,0.9,26.11111111111111,0.0,20.0,False
success_radius,0.7333333333333334,0.004801202261272809,0.001838263351530691,0.12516777357576978,0.8045424730404553,-1.8127831536229626,0.5369718309859155,0.8257042253521126,0.27452394366197186,0.6045056313276291,0.9,26.11111111111111,0.0,20.0,False
success_radius,0.7333333333333334,0.004801202261272809,0.003806358250624933,0.12516777353760536,0.7987382792427645,-2.121505398764409,0.5840630472854641,0.8704028021015762,0.18273415061295972,0.636707729101181,0.9,26.27777777777778,0.0,20.0,False
success_radius,0.7333333333333334,0.004801202261272809,0.00788154924594252,0.12484293674096425,0.7850261072167987,-2.2431503365536125,0.6439655172413793,0.9017241379310345,0.09151034482758624,0.6363475501537323,0.85,26.058823529411764,0.0,20.0,True
success_radius,0.7333333333333334,0.004801202261272809,0.01631975090784437,0.12458946134262414,0.7728524447656768,-2.184049608118234,0.6991525423728814,0.9135593220338983,0.057393220338983086,0.6774485796689987,0.75,25.0,0.0,20.0,True
success_radius,0.7333333333333334,0.004801202261272809,0.03379212149580846,0.12398033223952172,0.7573204108350073,-2.0052225762733,0.7487562189054726,0.9220563847429519,0.09849983416252073,0.7911920204758645,0.7,24.928571428571427,0.0,20.0,True
success_radius,0.7333333333333334,0.004801202261272809,0.0699708887492028,0.12377620498863788,0.7345275269076385,-1.7557304719353313,0.7632,0.924,0.11099999999999999,0.9436114087700844,0.65,25.53846153846154,0.0,20.0,False
success_radius,0.7333333333333334,0.004801202261272809,0.14488363132100487,0.12349490115739649,0.7123554145298456,-1.4473678020277625,0.7732198142414861,0.9280185758513931,0.11700123839009302,1.1708183288574219,0.5,23.6,0.0,20.0,False
success_radius,0.7333333333333334,0.004801202261272809,0.3,0.12310304224372863,0.6994832238687919,-1.1195717284238975,0.7753403933434191,0.9296520423600605,0.11748835098335864,1.3768366441130637,0.5,25.1,0.0,20.0,False
success_radius,0.7333333333333334,0.010414058246057912,0.00010000000000000009,0.12516777309354912,0.8030709787698823,-1.7067415951341929,0.6080843585237259,0.8760984182776801,0.153017223198594,0.6362162694334984,0.9,26.166666666666668,0.0,20.0,False
success_radius,0.7333333333333334,0.010414058246057912,0.00020706272838739032,0.12516777298380147,0.8030839144640649,-1.77911656519517,0.6133567662565905,0.8813708260105448,0.14247240773286463,0.641103133559227,0.9,26.166666666666668,0.0,20.0,True
success_radius,0.7333333333333334,0.010414058246057912,0.0004287497348723022,0.12516777213698455,0.8031097496430265,-1.897771898373538,0.6239015817223199,0.8875219683655536,0.12577644991212644,0.6397243455052376,0.85,25.41176470588235,0.0,20.0,True
success_radius,0.7333333333333334,0.010414058246057912,0.0008877808989802905,0.12516777154180297,0.79943077212857,-2.061099102896239,0.638353765323993,0.9045534150612959,0.09429281961471103,0.6357833303511142,0.85,25.529411764705884,0.0,20.0,True
success_radius,0.7333333333333334,0.010414058246057912,0.001838263351530691,0.12509855542088288,0.7976453578315036,-2.2417316309274242,0.6649214659685864,0.9275741710296684,0.044704363001745184,0.6529593586921691,0.85,25.647058823529413,0.0,20.0,True
success_radius,0.7333333333333334,0.010414058246057912,0.003806358250624933,0.12484293529070248,0.7864792749961327,-2.374571242285823,0.7060344827586207,0.9517241379310345,0.02611034482758623,0.636657739430666,0.85,26.058823529411764,0.0,20.0,True
success_radius,0.7333333333333334,0.010414058246057912,0.00788154924594252,0.12490342772156857,0.7807772322289169,-2.4053306912753962,0.740582191780822,0.9648972602739726,0.06827945205479458,0.6793752267956734,0.8,25.5,0.0,20.0,True
success_radius,0.7333333333333334,0.010414058246057912,0.01631975090784437,0.12419422481974281,0.7707811077395632,-2.3298942414449964,0.7983193277310925,0.973109243697479,0.13422857142857147,0.7150549978017807,0.75,25.333333333333332,0.0,20.0,True
success_radius,0.7333333333333334,0.010414058246057912,0.03379212149580846,0.1240934103081407,0.7551485676026427,-2.140899105258576,0.8385502471169687,0.9785831960461285,0.17993344316309723,0.8455273330211639,0.7,25.214285714285715,0.0,20.0,False
success_radius,0.7333333333333334,0.010414058246057912,0.0699708887492028,0.12375972697745614,0.7323002959923876,-1.8927636841772364,0.8503184713375797,0.9800955414012739,0.19321401273885352,0.9961815774440765,0.6,24.666666666666668,0.0,20.0,False
success_radius,0.7333333333333334,0.010414058246057912,0.14488363132100487,0.12316709725724016,0.708498474267219,-1.587238739690358,0.8607692307692307,0.9823076923076923,0.20587692307692307,1.2147262588143348,0.5,24.0,0.0,20.0,False
success_radius,0.7333333333333334,0.010414058246057912,0.3,0.12282940900704682,0.6990957248428167,-1.2577924149911655,0.8619909502262444,0.9826546003016591,0.20744555052790348,1.4412689745426177,0.5,25.3,0.0,20.0,False
success_radius,0.7333333333333334,0.02258863577297737,0.00010000000000000009,0.1245211378507911,0.7883299199942725,-2.1519649789280146,0.7530017152658662,0.951114922813036,0.07368679245283027,0.655113335698843,0.8,25.4375,0.0,20.0,True
success_radius,0.7333333333333334,0.02258863577297737,0.00020706272838739032,0.12452113838912922,0.7883400050278919,-2.1643596319207967,0.7564322469982847,0.9536878216123499,0.07454442538593486,0.6586972512304783,0.8,25.4375,0.0,20.0,True
success_radius,0.7333333333333334,0.02258863577297737,0.0004287497348723022,0.12452114157471508,0.7883603766916978,-2.1862396944453617,0.7607204116638079,0.9579759862778731,0.08149639794168095,0.6659308396279812,0.8,25.4375,0.0,20.0,True
success_radius,0.7333333333333334,0.02258863577297737,0.0008877808989802905,0.12452114012270799,0.7884018900479813,-2.219526565550451,0.7675814751286449,0.9639794168096055,0.09436089193825048,0.6802084229886531,0.8,25.4375,0.0,20.0,True
success_radius,0.7333333333333334,0.02258863577297737,0.001838263351530691,0.12441965775902329,0.7822045754408556,-2.2632340978395113,0.7904599659284497,0.9727427597955707,0.12600272572402038,0.6644461274147033,0.8,25.6875,0.0,20.0,True
success_radius,0.7333333333333334,0.02258863577297737,0.003806358250624933,0.12459040728100222,0.7823561751929056,-2.2873875398868737,0.8140916808149405,0.9855687606112055,0.16246044142614602,0.6835454776883125,0.75,24.933333333333334,0.0,20.0,False
success_radius,0.7333333333333334,0.02258863577297737,0.00788154924594252,0.12443349592524441,0.777647708582618,-2.259750077105362,0.8473861720067454,0.9890387858347386,0.19922495784148397,0.731552118062973,0.75,25.2,0.0,20.0,False
success_radius,0.7333333333333334,0.02258863577297737,0.01631975090784437,0.12383276406274478,0.7644554564549749,-2.1696081168656205,0.8973509933774835,0.9942052980132451,0.2543562913907286,0.7512241825461388,0.65,23.923076923076923,0.0,20.0,False
success_radius,0.7333333333333334,0.02258863577297737,0.03379212149580846,0.12378917522107177,0.7491185494656765,-1.9845666183250148,0.9210097719869706,0.997557003257329,0.28136677524429965,0.9048319429159164,0.65,24.692307692307693,0.0,20.0,False
success_radius,0.7333333333333334,0.02258863577297737,0.0699708887492028,0.12346592881791466,0.728674763789919,-1.7482491036920575,0.9305993690851735,0.998422712933754,0.29182208201892745,1.0592813581228255,0.55,23.90909090909091,0.0,20.0,False
success_radius,0.7333333333333334,0.02258863577297737,0.14488363132100487,0.12288486946385153,0.7037359448259151,-1.4454762372162941,0.939117199391172,1.0,0.301917199391172,1.2888022810220718,0.5,24.7,0.0,20.0,False
success_radius,0.7333333333333334,0.02258863577297737,0.3,0.12241257944895424,0.6907281633177633,-1.120445304613046,0.9413075780089153,1.0,0.3041075780089153,1.4865542709827424,0.5,26.3,0.0,20.0,False
success_radius,0.7333333333333334,0.04899592973540154,0.00010000000000000009,0.1246191487634992,0.7768593033935957,-1.9976120788021112,0.8911222780569514,0.9849246231155779,0.23884690117252938,0.7767254456877708,0.7,24.5,0.0,20.0,False
success_radius,0.7333333333333334,0.04899592973540154,0.00020706272838739032,0.12461914922560996,0.7738663831340568,-1.997513561787666,0.8906510851419032,0.9858096828046744,0.23926076794657758,0.7598814226686954,0.7,24.642857142857142,0.0,20.0,False
success_radius,0.7333333333333334,0.04899592973540154,0.0004287497348723022,0.12461914937616463,0.7738819103735137,-1.99729333547416,0.8939899833055092,0.9858096828046744,0.24259966611018358,0.7652961276471615,0.7,24.642857142857142,0.0,20.0,False
success_radius,0.7333333333333334,0.04899592973540154,0.0008877808989802905,0.12461914742475781,0.7714386007234983,-1.9974494333518238,0.8991666666666667,0.9866666666666667,0.24863333333333337,0.7657337382435798,0.7,24.714285714285715,0.0,20.0,False
success_radius,0.7333333333333334,0.04899592973540154,0.001838263351530691,0.12448462069329612,0.769686069214991,-1.9930438601863423,0.904485049833887,0.9900332225913622,0.2573182724252492,0.7585574567317963,0.65,23.76923076923077,0.0,20.0,False
success_radius,0.7333333333333334,0.04899592973540154,0.003806358250624933,0.12427338335028745,0.7698189295545776,-1.9742241928619468,0.9220563847429519,0.9917081260364843,0.2765645107794362,0.7905589759349823,0.65,23.846153846153847,0.0,20.0,False
success_radius,0.7333333333333334,0.04899592973540154,0.00788154924594252,0.12386666450213239,0.7643876336895635,-1.9270713702339088,0.9448105436573312,0.9934102141680395,0.30102075782537074,0.8283742949366569,0.65,24.153846153846153,0.0,20.0,False
success_radius,0.7333333333333334,0.04899592973540154,0.01631975090784437,0.12386666345245013,0.7539002406649703,-1.8273424672996021,0.9624796084828712,0.9959216965742251,0.3212013050570963,0.9075003415346146,0.65,24.615384615384617,0.0,20.0,False
success_radius,0.7333333333333334,0.04899592973540154,0.03379212149580846,0.12358967458167787,0.7407900811174973,-1.6730928702310386,0.9768740031897927,0.9976076555023924,0.33728165869218507,0.9983035311102867,0.6,24.583333333333332,0.0,20.0,False
success_radius,0.7333333333333334,0.04899592973540154,0.0699708887492028,0.12344430156062304,0.7180145304487585,-1.449669718999892,0.9814241486068112,0.9992260061919505,0.3434501547987616,1.1738895267248153,0.55,25.0,0.0,20.0,False
success_radius,0.7333333333333334,0.04899592973540154,0.14488363132100487,0.12286347851912034,0.7015561467934938,-1.1743824268784395,0.9872372372372372,1.0,0.35003723723723723,1.4204871848225593,0.5,25.6,0.0,20.0,False
success_radius,0.7333333333333334,0.04899592973540154,0.3,0.12230601383892259,0.6865265614532949,-0.8516290938925538,0.9882352941176471,1.0,0.3510352941176471,1.6223796710371972,0.5,27.0,0.0,20.0,False
success_radius,0.7333333333333334,0.10627472835292812,0.00010000000000000009,0.12408074028911466,0.7588201803999857,-1.5396753260313658,0.9616639477977161,0.9934747145187602,0.3179386623164764,1.0482570350170135,0.6,23.416666666666668,0.0,20.0,False
success_radius,0.7333333333333334,0.10627472835292812,0.00020706272838739032,0.12408074099675499,0.7588274794051229,-1.5383299204922198,0.9624796084828712,0.9942903752039152,0.31956998368678635,1.0501749500632287,0.6,23.416666666666668,0.0,20.0,False
success_radius,0.7333333333333334,0.10627472835292812,0.0004287497348723022,0.12408073783536364,0.758842460879041,-1.5355464338817635,0.9624796084828712,0.9942903752039152,0.31956998368678635,1.0541226431727408,0.6,23.416666666666668,0.0,20.0,False
success_radius,0.7333333333333334,0.10627472835292812,0.0008877808989802905,0.12367741990596536,0.7566716722568939,-1.5320764220083931,0.9634146341463414,0.9943089430894309,0.3205235772357723,1.0430696785449982,0.6,23.583333333333332,0.0,20.0,False
success_radius,0.7333333333333334,0.10627472835292812,0.001838263351530691,0.12367741993146923,0.7513723752039805,-1.522258522081436,0.9644012944983819,0.9943365695792881,0.32153786407766993,1.031866218149662,0.6,23.833333333333332,0.0,20.0,False
success_radius,0.7333333333333334,0.10627472835292812,0.003806358250624933,0.12367742049592069,0.7477754747371871,-1.5000068071921258,0.9701612903225807,0.9951612903225806,0.3281225806451613,1.0456374794244767,0.6,24.0,0.0,20.0,False
success_radius,0.7333333333333334,0.10627472835292812,0.00788154924594252,0.1238030207914113,0.7429731981753473,-1.4568513747771616,0.98,0.9968,0.3396,1.0648277267813682,0.6,24.416666666666668,0.0,20.0,False
success_radius,0.7333333333333334,0.10627472835292812,0.01631975090784437,0.12376040476257019,0.7349395793537478,-1.3753989483684894,0.9881141045958796,0.9984152139461173,0.3493293185419969,1.1226883500814437,0.55,23.636363636363637,0.0,20.0,False
success_radius,0.7333333333333334,0.10627472835292812,0.03379212149580846,0.12343821238236458,0.7236137521212905,-1.2476749698160974,0.9914463452566097,0.9984447900466563,0.352691135303266,1.2248517140746116,0.55,24.727272727272727,0.0,20.0,False
success_radius,0.7333333333333334,0.10627472835292812,0.0699708887492028,0.1232676247602268,0.7038761512727688,-1.0561667086637356,0.9947049924357034,1.0,0.35750499243570344,1.4079318597912789,0.5,25.1,0.0,20.0,False
success_radius,0.7333333333333334,0.10627472835292812,0.14488363132100487,0.12214945420885147,0.6824678600898648,-0.8030696608071891,0.9978070175438597,1.0,0.3606070175438597,1.6183250024914742,0.5,27.4,0.0,20.0,False
success_radius,0.7333333333333334,0.10627472835292812,0.3,0.1220694880951704,0.6765458339856348,-0.5123434711582454,0.998567335243553,1.0,0.361367335243553,1.790656530857086,0.45,27.666666666666668,0.0,20.0,False
success_radius,0.7333333333333334,0.23051543153651136,0.00010000000000000009,0.12369373967975052,0.7195936888682553,-0.9542771779751514,0.987673343605547,0.9984591679506933,0.3489325115562404,1.415956909954548,0.55,25.272727272727273,0.0,20.0,False
success_radius,0.7333333333333334,0.23051543153651136,0.00020706272838739032,0.12369374151181074,0.7196008821804797,-0.9533048349595165,0.9884437596302003,0.9984591679506933,0.3497029275808936,1.4174261927604674,0.55,25.272727272727273,0.0,20.0,False
success_radius,0.7333333333333334,0.23051543153651136,0.0004287497348723022,0.1236937398963796,0.7196158941139267,-0.9513003204597951,0.9892141756548536,0.9984591679506933,0.35047334360554694,1.4204610347747804,0.55,25.272727272727273,0.0,20.0,False
success_radius,0.7333333333333334,0.23051543153651136,0.0008877808989802905,0.12369373984124617,0.7196467877082229,-0.9471869757599909,0.9899845916795069,0.9984591679506933,0.35124375963020027,1.4267089888453484,0.55,25.272727272727273,0.0,20.0,False
success_radius,0.7333333333333334,0.23051543153651136,0.001838263351530691,0.1236937406847923,0.7197105908084834,-0.9388241783844314,0.9899845916795069,0.9984591679506933,0.35124375963020027,1.439497558772564,0.55,25.272727272727273,0.0,20.0,False
success_radius,0.7333333333333334,0.23051543153651136,0.003806358250624933,0.12369374129456155,0.7164092374421861,-0.9235755721139673,0.9900153609831029,0.9984639016897081,0.35127926267281107,1.4495148062705994,0.55,25.454545454545453,0.0,20.0,False
success_radius,0.7333333333333334,0.23051543153651136,0.00788154924594252,0.12338685203272927,0.7149989297495601,-0.8926932851335627,0.9923430321592649,0.998468606431853,0.3536116385911179,1.4852733492851258,0.55,25.636363636363637,0.0,20.0,False
success_radius,0.7333333333333334,0.23051543153651136,0.01631975090784437,0.12338349392873048,0.7079530300113656,-0.8393243031273284,0.9924585218702866,0.9992458521870287,0.3545043740573153,1.505186876654625,0.55,26.545454545454547,0.0,20.0,False
success_radius,0.7333333333333334,0.23051543153651136,0.03379212149580846,0.12297488744227182,0.6988433126683435,-0.744386985860886,0.9940476190476191,0.9992559523809523,0.3561035714285714,1.6200259894132614,0.55,27.363636363636363,0.0,20.0,False
success_radius,0.7333333333333334,0.23051543153651136,0.0699708887492028,0.12181235438326969,0.6841232623298987,-0.5982829854004517,0.9963820549927641,1.0,0.3591820549927641,1.7657371819019319,0.45,26.88888888888889,0.0,20.0,False
success_radius,0.7333333333333334,0.23051543153651136,0.14488363132100487,0.12218960331018495,0.6754985865230342,-0.3904362846837343,0.9985855728429985,1.0,0.36138557284299855,1.9523240000009536,0.4,27.375,0.0,20.0,False
success_radius,0.7333333333333334,0.23051543153651136,0.3,0.1221110589929994,0.675041692648384,-0.13523898629456213,0.9993006993006993,1.0,0.3621006993006993,2.0943074017763137,0.4,28.375,0.0,20.0,False
success_radius,0.7333333333333334,0.5,0.00010000000000000009,0.12244662713996668,0.6732037348342602,-0.30675132110662723,0.9950634696755994,1.0,0.35786346967559945,2.0657420456409454,0.4,27.625,0.0,20.0,False
success_radius,0.7333333333333334,0.5,0.00020706272838739032,0.12244662470932736,0.6732099304600647,-0.3062090557796366,0.9950634696755994,1.0,0.35786346967559945,2.066895893216133,0.4,27.625,0.0,20.0,False
success_radius,0.7333333333333334,0.5,0.0004287497348723022,0.12249877074681538,0.6732227556532195,-0.30560822470991017,0.9950704225352113,1.0,0.3578704225352113,2.0629701033234595,0.4,27.75,0.0,20.0,False
success_radius,0.7333333333333334,0.5,0.0008877808989802905,0.12249877305488842,0.6716215341929047,-0.3038103289371381,0.9957805907172996,1.0,0.35858059071729964,2.061272273957729,0.4,27.875,0.0,20.0,False
success_radius,0.7333333333333334,0.5,0.001838263351530691,0.12249877025744153,0.6716779286563751,-0.29905817292233505,0.9957805907172996,1.0,0.35858059071729964,2.0714659824967385,0.4,27.875,0.0,20.0,False
success_radius,0.7333333333333334,0.5,0.003806358250624933,0.12203905978971497,0.670437748662907,-0.2910716269680346,0.9957983193277311,1.0,0.3585983193277311,2.07254124134779,0.4,28.25,0.0,20.0,False
success_radius,0.7333333333333334,0.5,0.00788154924594252,0.12203905963999653,0.6706779692147204,-0.272056422348683,0.9957983193277311,1.0,0.3585983193277311,2.114777095615864,0.4,28.25,0.0,20.0,False
success_radius,0.7333333333333334,0.5,0.01631975090784437,0.12200777628557469,0.6686308718857364,-0.23696351948415922,0.9965132496513249,1.0,0.35931324965132494,2.18012612760067,0.4,28.625,0.0,20.0,False
success_radius,0.7333333333333334,0.5,0.03379212149580846,0.1221008079194579,0.6615000330985311,-0.17472446349303536,0.9972527472527473,1.0,0.3600527472527473,2.275618237257004,0.4,30.0,0.0,20.0,False
success_radius,0.7333333333333334,0.5,0.0699708887492028,0.1222113506097042,0.6579526104207962,-0.06426906132860505,0.9986559139784946,1.0,0.36145591397849464,2.387633867561817,0.35,31.0,0.0,20.0,False
success_radius,0.7333333333333334,0.5,0.14488363132100487,0.1224848209196242,0.6554544824462608,0.09694113953538681,0.9986684420772304,1.0,0.3614684420772304,2.49265820235014,0.3,30.833333333333332,0.0,20.0,False
success_radius,0.7333333333333334,0.5,0.3,0.12248482282133194,0.6547014338292039,0.3181772636778248,1.0,1.0,0.3628,2.5775364577770232,0.3,31.166666666666668,0.0,20.0,False
success_radius,0.8222222222222222,0.00010000000000000009,0.00010000000000000009,0.12551605765367688,0.8222331012095835,76.7322193441075,0.14530685920577618,0.23826714801444043,1.2536259927797835,0.6094714894890785,0.95,26.05263157894737,0.0,20.0,False
success_radius,0.8222222222222222,0.00010000000000000009,0.00020706272838739032,0.12551605833062993,0.8222333805565899,61.498510377525626,0.16606498194945848,0.27617328519855594,1.1949617328519855,0.609952487051487,0.95,26.05263157894737,0.0,20.0,False
success_radius,0.8222222222222222,0.00010000000000000009,0.0004287497348723022,0.12529987680486257,0.8222373459435143,52.43409141452905,0.1891891891891892,0.32432432432432434,1.1236864864864864,0.6064607322216033,0.95,26.105263157894736,0.0,20.0,False
success_radius,0.8222222222222222,0.00010000000000000009,0.0008877808989802905,0.12529987671753112,0.8205845975539069,47.575073566378414,0.23381294964028776,0.37589928057553956,1.0274877697841727,0.6189875394105911,0.95,26.157894736842106,0.0,20.0,False
success_radius,0.8222222222222222,0.00010000000000000009,0.001838263351530691,0.12517117086037627,0.818429831485839,45.15096664120115,0.2849462365591398,0.44265232974910396,0.9096014336917562,0.6423067405819893,0.95,26.263157894736842,0.0,20.0,False
success_radius,0.8222222222222222,0.00010000000000000009,0.003806358250624933,0.12495091568717201,0.8165236498223059,44.019147809212996,0.34017857142857144,0.5053571428571428,0.7916642857142857,0.6803956061601639,0.9,25.666666666666668,0.0,20.0,False
success_radius,0.8222222222222222,0.00010000000000000009,0.00788154924594252,0.12516777195717355,0.8030419280482555,43.3849844977451,0.4077328646748682,0.5606326889279437,0.668834446397188,0.6954374685883522,0.9,26.166666666666668,0.0,20.0,False
success_radius,0.8222222222222222,0.00010000000000000009,0.01631975090784437,0.12447867437455855,0.78374016195339,42.55141033778206,0.4811320754716981,0.5883361921097771,0.5677317324185248,0.6960754275321961,0.8,25.4375,0.0,20.0,False
success_radius,0.8222222222222222,0.00010000000000000009,0.03379212149580846,0.1239803302458054,0.7681710807148127,42.060181533097534,0.5301507537688442,0.5979899497487438,0.509059296482412,0.8008964240550995,0.75,25.466666666666665,0.0,20.0,False
success_radius,0.8222222222222222,0.00010000000000000009,0.0699708887492028,0.12388800154322296,0.7456296603854017,41.86059555926326,0.5526742301458671,0.6021069692058347,0.4824188006482981,0.9651840031147003,0.7,25.928571428571427,0.0,20.0,False
success_radius,0.8222222222222222,0.00010000000000000009,0.14488363132100487,0.12349490255801181,0.7224987928314385,41.20739444138208,0.56640625,0.60859375,0.46219999999999994,1.1588254183530808,0.55,24.454545454545453,0.0,20.0,False
success_radius,0.8222222222222222,0.00010000000000000009,0.3,0.12303529690181396,0.703531023881262,40.743045697977855,0.5722983257229832,0.6133942161339422,0.4515074581430746,1.3552618950605393,0.5,24.7,0.0,20.0,False
success_radius,0.8222222222222222,0.00021690521830457365,0.00010000000000000009,0.12551605765367688,0.8222331012095835,43.141427028894284,0.17328519855595667,0.2815884476534296,1.1823263537906137,0.6094714894890785,0.95,26.05263157894737,0.0,20.0,False
success_radius,0.8222222222222222,0.00021690521830457365,0.00020706272838739032,0.1255160580632149,0.8222334657187423,32.58160252858217,0.19043321299638988,0.3167870036101083,1.129979783393502,0.6100918799638748,0.95,26.05263157894737,0.0,20.0,False
success_radius,0.8222222222222222,0.00021690521830457365,0.0004287497348723022,0.12529987625376368,0.8222374336398137,25.448016132313345,0.21351351351351353,0.35945945945945945,1.064227027027027,0.6071125701069832,0.95,26.105263157894736,0.0,20.0,False
success_radius,0.8222222222222222,0.00021690521830457365,0.0008877808989802905,0.12529987669800416,0.8205883160183337,21.274581148538935,0.256294964028777,0.41276978417266186,0.9681352517985611,0.6200141079723835,0.95,26.157894736842106,0.0,20.0,False
success_radius,0.8222222222222222,0.00021690521830457365,0.001838263351530691,0.12517117143168505,0.8184346342818163,19.088765015780076,0.3055555555555556,0.47491039426523296,0.8567340501792114,0.6432686075568199,0.95,26.263157894736842,0.0,20.0,False
success_radius,0.8222222222222222,0.00021690521830457365,0.003806358250624933,0.12495091724034002,0.8165302780512435,18.077049757847536,0.3607142857142857,0.5375,0.7389857142857144,0.6813650652766228,0.9,25.666666666666668,0.0,20.0,False
success_radius,0.8222222222222222,0.00021690521830457365,0.00788154924594252,0.12516777252578565,0.8030469160860778,17.62906112402933,0.4288224956063269,0.5913884007029877,0.6169891036906854,0.6961238212883473,0.9,26.166666666666668,0.0,20.0,False
success_radius,0.8222222222222222,0.00021690521830457365,0.01631975090784437,0.1244786780705246,0.7837437901486479,17.26303650342739,0.5008576329331046,0.6183533447684391,0.5179890222984563,0.69657002389431,0.8,25.4375,0.0,20.0,False
success_radius,0.8222222222222222,0.00021690521830457365,0.03379212149580846,0.1239803320326616,0.7681739071077085,17.14138789715581,0.5510887772194305,0.6273031825795645,0.45880804020100496,0.8012559145689011,0.75,25.466666666666665,0.0,20.0,False
success_radius,0.8222222222222222,0.00021690521830457365,0.0699708887492028,0.12388800296759322,0.7456319529083129,17.198570880834723,0.5729335494327391,0.6320907617504052,0.43217568881685564,0.9654410451650619,0.7,25.928571428571427,0.0,20.0,False
success_radius,0.8222222222222222,0.00021690521830457365,0.14488363132100487,0.12349490273476338,0.7225002961434305,17.078605951286004,0.5859375,0.6375,0.41376250000000003,1.158985674381256,0.55,24.454545454545453,0.0,20.0,False
success_radius,0.8222222222222222,0.00021690521830457365,0.3,0.12303529785201843,0.703531993113292,17.06593275715448,0.5920852359208524,0.6423135464231354,0.4028012176560122,1.3553461939096452,0.5,24.7,0.0,20.0,False
success_radius,0.8222222222222222,0.00047047873727754753,0.00010000000000000009,0.12551605765367688,0.8222331012095835,23.285185745106617,0.21028880866425992,0.35379061371841153,1.0731205776173285,0.6094714894890785,0.95,26.05263157894737,0.0,20.0,False
success_radius,0.8222222222222222,0.00047047873727754753,0.00020706272838739032,0.12551605795693488,0.8222335911489042,17.158096990788636,0.22653429602888087,0.3835740072202166,1.0270916967509025,0.6105615571141243,0.95,26.05263157894737,0.0,20.0,False
success_radius,0.8222222222222222,0.00047047873727754753,0.0004287497348723022,0.12529987617676278,0.8222381301115954,12.28398523898063,0.25135135135135134,0.42342342342342343,0.9624252252252252,0.6086798489093781,0.95,26.105263157894736,0.0,20.0,False
success_radius,0.8222222222222222,0.00047047873727754753,0.0008877808989802905,0.12529987627036468,0.8205961969826063,9.049528390451682,0.28776978417266186,0.4721223021582734,0.8773079136690647,0.6221973806619644,0.95,26.157894736842106,0.0,20.0,False
success_radius,0.8222222222222222,0.00047047873727754753,0.001838263351530691,0.1251711714621736,0.8184449771236021,7.1968659309790315,0.3378136200716846,0.5304659498207885,0.7689204301075269,0.6453276678919793,0.95,26.263157894736842,0.0,20.0,False
success_radius,0.8222222222222222,0.00047047873727754753,0.003806358250624933,0.12495091617853245,0.8165445774519521,6.305279815227651,0.3892857142857143,0.59375,0.6541642857142858,0.6834445640444755,0.9,25.666666666666668,0.0,20.0,False
success_radius,0.8222222222222222,0.00047047873727754753,0.00788154924594252,0.12516777159583117,0.8030578106489229,5.956955903254846,0.45694200351493847,0.6432337434094904,0.5370242530755711,0.6976039126515389,0.9,26.166666666666668,0.0,20.0,False
success_radius,0.8222222222222222,0.00047047873727754753,0.01631975090784437,0.12447867418064,0.7837516156122595,5.807335947053096,0.5283018867924528,0.6715265866209262,0.43737152658662093,0.6976400032639504,0.8,25.4375,0.0,20.0,False
success_radius,0.8222222222222222,0.00047047873727754753,0.03379212149580846,0.12398033199047648,0.7681801685787377,5.854983110590931,0.5778894472361809,0.6809045226130653,0.3784060301507538,0.8020337074995041,0.75,25.466666666666665,0.0,20.0,False
success_radius,0.8222222222222222,0.00047047873727754753,0.0699708887492028,0.12388800416056034,0.7456368722104376,6.028539983578615,0.5996758508914101,0.6855753646677472,0.35194878444084277,0.9659980565309525,0.7,25.928571428571427,0.0,20.0,False
success_radius,0.8222222222222222,0.00047047873727754753,0.14488363132100487,0.12349490430973355,0.7225036800393516,6.15162831767077,0.61171875,0.690625,0.33485624999999997,1.1593329638242722,0.55,24.454545454545453,0.0,20.0,False
success_radius,0.8222222222222222,0.00047047873727754753,0.3,0.1230352966269405,0.7035339943550083,6.344531447550563,0.6179604261796042,0.69558599695586,0.3236535768645358,1.3555289059877396,0.5,24.7,0.0,20.0,False
success_radius,0.8222222222222222,0.001020492932168466,0.00010000000000000009,0.12551605766723462,0.8222330964998333,10.997128516485338,0.26985559566787004,0.44855595667870035,0.9187884476534296,0.6095009416341781,0.95,26.05263157894737,0.0,20.0,False
success_radius,0.8222222222222222,0.001020492932168466,0.00020706272838739032,0.12551605826845252,0.822234537038679,8.126529577255468,0.2824909747292419,0.4747292418772563,0.8799797833935018,0.6123196810483933,0.95,26.05263157894737,0.0,20.0,False
success_radius,0.8222222222222222,0.001020492932168466,0.0004287497348723022,0.12529987590770159,0.8222436537193772,5.352681839895324,0.2972972972972973,0.509009009009009,0.8308936936936937,0.612802016735077,0.95,26.105263157894736,0.0,20.0,False
success_radius,0.8222222222222222,0.001020492932168466,0.0008877808989802905,0.1252998760069079,0.8206193331629231,3.191711509161747,0.3327338129496403,0.5485611510791367,0.7559050359712229,0.6274741798639297,0.95,26.157894736842106,0.0,20.0,False
success_radius,0.8222222222222222,0.001020492932168466,0.001838263351530691,0.1251711711217818,0.8184780543304042,1.7853128812427397,0.38082437275985664,0.6039426523297491,0.6524329749103943,0.650737327337265,0.95,26.263157894736842,0.0,20.0,False
success_radius,0.8222222222222222,0.001020492932168466,0.003806358250624933,0.12495091753713018,0.8165744822879513,1.0516783573271364,0.4330357142857143,0.6616071428571428,0.5425571428571428,0.6878527119755745,0.9,25.666666666666668,0.0,20.0,False
success_radius,0.8222222222222222,0.001020492932168466,0.00788154924594252,0.12516777005721083,0.803080976413949,0.7757633022377399,0.4964850615114236,0.7126537785588752,0.4280611599297012,0.7007779076695442,0.9,26.166666666666668,0.0,20.0,False
success_radius,0.8222222222222222,0.001020492932168466,0.01631975090784437,0.12447867441651232,0.7837685571511582,0.7294966732081627,0.565180102915952,0.7349914236706689,0.33702847341337905,0.6999484524130821,0.8,25.4375,0.0,20.0,False
success_radius,0.8222222222222222,0.001020492932168466,0.03379212149580846,0.1239803325157802,0.7681935457575941,0.8542380466697348,0.6147403685092128,0.7453936348408711,0.27706599664991616,0.8037165373563766,0.75,25.466666666666665,0.0,20.0,False
success_radius,0.8222222222222222,0.001020492932168466,0.0699708887492028,0.12388800266864648,0.7456475408291238,1.079193114499773,0.6353322528363047,0.7479740680713128,0.2538936790923825,0.9672046631574631,0.7,25.928571428571427,0.0,20.0,False
success_radius,0.8222222222222222,0.001020492932168466,0.14488363132100487,0.1234949027677559,0.7225111884521899,1.3113430175187548,0.646875,0.7515625,0.2387625,1.1600856751203537,0.55,24.454545454545453,0.0,20.0,False
success_radius,0.8222222222222222,0.001020492932168466,0.3,0.12303529631525179,0.7035384415653485,1.5962415474570697,0.6537290715372908,0.7549467275494672,0.228524200913242,1.3559245973825456,0.5,24.7,0.0,20.0,False
success_radius,0.8222222222222222,0.0022135024223027535,0.00010000000000000009,0.1252998763403333,0.822237103541452,3.720992109365441,0.34054054054054056,0.5837837837837838,0.7128756756756756,0.6024073049426079,0.95,26.105263157894736,0.0,20.0,False
success_radius,0.8222222222222222,0.0022135024223027535,0.00020706272838739032,0.12529987658399797,0.8222546257183065,2.6620967680396896,0.35135135135135137,0.6054054054054054,0.6804432432432432,0.6104845315217972,0.95,26.105263157894736,0.0,20.0,False
success_radius,0.8222222222222222,0.0022135024223027535,0.0004287497348723022,0.1252998777338992,0.8222965833001584,1.4123547836626216,0.37567567567567567,0.6261261261261262,0.6353981981981982,0.6257850810885429,0.95,26.105263157894736,0.0,20.0,False
success_radius,0.8222222222222222,0.0022135024223027535,0.0008877808989802905,0.12529987658186428,0.8206943902509057,0.2248145210259383,0.39748201438848924,0.6681654676258992,0.5715525179856116,0.6409733720123768,0.95,26.157894736842106,0.0,20.0,False
success_radius,0.8222222222222222,0.0022135024223027535,0.001838263351530691,0.12495091629346744,0.8185558554658218,-0.6922132833053556,0.43917710196779963,0.7128801431127012,0.48514275491949915,0.6526539400219917,0.95,26.31578947368421,0.0,20.0,False
success_radius,0.8222222222222222,0.0022135024223027535,0.003806358250624933,0.12495091594915587,0.8142124959636869,-1.2193057587879832,0.49019607843137253,0.7611408199643493,0.3858631016042781,0.6851726338267327,0.9,25.72222222222222,0.0,20.0,False
success_radius,0.8222222222222222,0.0022135024223027535,0.00788154924594252,0.12516776939741545,0.7990846015908332,-1.4194039777074912,0.5516637478108581,0.8073555166374781,0.2781807355516638,0.6860213831067086,0.9,26.27777777777778,0.0,20.0,False
success_radius,0.8222222222222222,0.0022135024223027535,0.01631975090784437,0.12447867674955047,0.783804574795407,-1.4065672418941626,0.6183533447684391,0.8216123499142367,0.19723430531732422,0.7048960760235786,0.8,25.4375,0.0,20.0,False
success_radius,0.8222222222222222,0.0022135024223027535,0.03379212149580846,0.12398033199500509,0.768222235921525,-1.2471005575541338,0.6675041876046901,0.8324958123953099,0.1372,0.807345163822174,0.75,25.466666666666665,0.0,20.0,True
success_radius,0.8222222222222222,0.0022135024223027535,0.0699708887492028,0.1238880023764761,0.745670766780191,-1.0012389763672234,0.686385737439222,0.8346839546191248,0.12350178282009727,0.9698133438825607,0.7,25.928571428571427,0.0,20.0,True
success_radius,0.8222222222222222,0.0022135024223027535,0.14488363132100487,0.12349490317517241,0.722527194532303,-0.7222459259678025,0.696875,0.83984375,0.12883125000000006,1.1617156714200974,0.55,24.454545454545453,0.0,20.0,False
success_radius,0.8222222222222222,0.0022135024223027535,0.3,0.12303529832141874,0.7035481078444843,-0.3979794898124442,0.7024353120243532,0.8424657534246576,0.13176955859969564,1.356782329082489,0.5,24.7,0.0,20.0,False
success_radius,0.8222222222222222,0.004801202261272809,0.00010000000000000009,0.12529987767015763,0.821213032082398,-0.04503075452372976,0.46492805755395683,0.7428057553956835,0.42946618705035966,0.6662233456969261,0.95,26.157894736842106,0.0,20.0,False
success_radius,0.8222222222222222,0.004801202261272809,0.00020706272838739032,0.12507835638550566,0.8212307495270792,-0.3661775696972747,0.4748653500897666,0.7477558348294434,0.41457881508079,0.6627834819257259,0.95,26.210526315789473,0.0,20.0,False
success_radius,0.8222222222222222,0.004801202261272809,0.0004287497348723022,0.12507835702768738,0.8195252832303555,-0.804403673340112,0.4874551971326165,0.7652329749103942,0.3845118279569893,0.6637011528015136,0.95,26.263157894736842,0.0,20.0,False
success_radius,0.8222222222222222,0.004801202261272809,0.0008877808989802905,0.12507835753837762,0.8195923652503606,-1.3221523334598928,0.5089605734767025,0.7885304659498208,0.33970896057347666,0.6861576423048973,0.95,26.263157894736842,0.0,20.0,False
success_radius,0.8222222222222222,0.004801202261272809,0.001838263351530691,0.12495091779045159,0.8135696883891763,-1.7992469188496254,0.5373665480427047,0.8247330960854092,0.2751003558718861,0.6713740974664688,0.9,25.77777777777778,0.0,20.0,False
success_radius,0.8222222222222222,0.004801202261272809,0.003806358250624933,0.12516777353760536,0.8031728127571918,-2.119281752378386,0.5834797891036907,0.8699472759226714,0.1837729349736379,0.6576382845640183,0.9,26.166666666666668,0.0,20.0,False
success_radius,0.8222222222222222,0.004801202261272809,0.00788154924594252,0.1251677739554956,0.7980636981359026,-2.227598634373258,0.6398601398601399,0.9003496503496503,0.09699020979020978,0.7173455983400345,0.85,25.58823529411765,0.0,20.0,True
success_radius,0.8222222222222222,0.004801202261272809,0.01631975090784437,0.12447867531842355,0.7821545083092923,-2.184242623940864,0.6977739726027398,0.9126712328767124,0.05690273972602744,0.7319560125470161,0.75,24.6,0.0,20.0,True
success_radius,0.8222222222222222,0.004801202261272809,0.03379212149580846,0.12398033223952172,0.7647512819064763,-2.007273860765017,0.7470784641068448,0.9215358931552587,0.09734257095158605,0.8372240185737609,0.75,25.6,0.0,20.0,True
success_radius,0.8222222222222222,0.004801202261272809,0.0699708887492028,0.12388800376725106,0.744826763547467,-1.7548214615738527,0.7621359223300971,0.9231391585760518,0.11079676375404535,1.0110396891832352,0.7,26.0,0.0,20.0,True
success_radius,0.8222222222222222,0.004801202261272809,0.14488363132100487,0.12349490115739649,0.7197523094103035,-1.4574395363128558,0.7718068535825545,0.927570093457944,0.11603676012461062,1.1955866903066634,0.55,24.636363636363637,0.0,20.0,False
success_radius,0.8222222222222222,0.004801202261272809,0.3,0.12303529731199231,0.7012057399567287,-1.1190367879078753,0.776176024279211,0.9294385432473444,0.11853748103186657,1.3871738970279694,0.5,24.9,0.0,20.0,False
success_radius,0.8222222222222222,0.010414058246057912,0.00010000000000000009,0.12516777309354912,0.8099806905792357,-1.6967798519099493,0.607773851590106,0.8754416961130742,0.15398445229681978,0.670242677628994,0.9,26.0,0.0,20.0,False
success_radius,0.8222222222222222,0.010414058246057912,0.00020706272838739032,0.12516777298380147,0.8099941150517114,-1.769497872262427,0.6130742049469965,0.8807420494699647,0.1433837455830388,0.6750664293766022,0.9,26.0,0.0,20.0,True
success_radius,0.8222222222222222,0.010414058246057912,0.0004287497348723022,0.12516777213698455,0.8078213164066544,-1.8910365959664464,0.6234567901234568,0.8871252204585538,0.1266179894179894,0.6734271079301835,0.9,26.055555555555557,0.0,20.0,True
success_radius,0.8222222222222222,0.010414058246057912,0.0008877808989802905,0.12516777154180297,0.8078736990913226,-2.055438748477473,0.6375661375661376,0.9047619047619048,0.09487195767195766,0.6917552411556244,0.9,26.055555555555557,0.0,20.0,True
success_radius,0.8222222222222222,0.010414058246057912,0.001838263351530691,0.1251677714960792,0.8031081130624749,-2.2381286411172217,0.664323374340949,0.9279437609841827,0.044932864674868234,0.7023779809474945,0.9,26.166666666666668,0.0,20.0,True
success_radius,0.8222222222222222,0.010414058246057912,0.003806358250624933,0.1251677724948377,0.8003036628440509,-2.364853019123804,0.7031523642732049,0.9509632224168126,0.023989141856392338,0.7269493401050567,0.85,25.529411764705884,0.0,20.0,True
success_radius,0.8222222222222222,0.010414058246057912,0.00788154924594252,0.12484293231117655,0.7884189985651227,-2.4023558579463167,0.7400690846286702,0.9645941278065631,0.06746321243523323,0.7428634881973266,0.85,26.0,0.0,20.0,True
success_radius,0.8222222222222222,0.010414058246057912,0.01631975090784437,0.1245894594851486,0.7758770429357386,-2.3225000959552684,0.7962648556876061,0.9728353140916808,0.13190016977928687,0.7765491381287575,0.75,24.933333333333334,0.0,20.0,True
success_radius,0.8222222222222222,0.010414058246057912,0.03379212149580846,0.12398032954584576,0.7588650629271338,-2.138485638960615,0.8391376451077943,0.978441127694859,0.18037877280265335,0.8789367824792862,0.7,24.928571428571427,0.0,20.0,False
success_radius,0.8222222222222222,0.010414058246057912,0.0699708887492028,0.12388800092768633,0.7411401081627286,-1.8917758974795675,0.8494363929146538,0.9798711755233495,0.19210756843800325,1.0603094279766083,0.65,25.23076923076923,0.0,20.0,False
success_radius,0.8222222222222222,0.010414058246057912,0.14488363132100487,0.12349490255242616,0.7172149483368578,-1.5906369292974916,0.859472049689441,0.9821428571428571,0.20441490683229813,1.2612234979867936,0.5,23.4,0.0,20.0,False
success_radius,0.8222222222222222,0.010414058246057912,0.3,0.12303529624009481,0.7004465322976924,-1.25264050673687,0.8621212121212121,0.9825757575757575,0.20749696969696962,1.4627501368522644,0.5,25.0,0.0,20.0,False
success_radius,0.8222222222222222,0.02258863577297737,0.00010000000000000009,0.12509855478341758,0.794093593469588,-2.140389951819999,0.7526041666666666,0.9513888888888888,0.07301527777777783,0.7302031353116035,0.8,25.0,0.0,20.0,True
success_radius,0.8222222222222222,0.02258863577297737,0.00020706272838739032,0.12509855532944628,0.7941031755197117,-2.152744109099074,0.7552083333333334,0.9539930555555556,0.07301527777777783,0.7337376222014427,0.8,25.0,0.0,20.0,True
success_radius,0.8222222222222222,0.02258863577297737,0.0004287497348723022,0.1250985585605405,0.7941225320695705,-2.174599235882453,0.7586805555555556,0.9574652777777778,0.07894583333333338,0.7408725306391716,0.8,25.0,0.0,20.0,True
success_radius,0.8222222222222222,0.02258863577297737,0.0008877808989802905,0.12484293592002661,0.7941620448448585,-2.2106083299094568,0.7660311958405546,0.9636048526863085,0.09243604852686305,0.7442364543676376,0.8,25.0625,0.0,20.0,True
success_radius,0.8222222222222222,0.02258863577297737,0.001838263351530691,0.12484293505297395,0.7904238944976641,-2.250292448033496,0.7884283246977547,0.9723661485319517,0.1235944732297064,0.7496459692716598,0.8,25.1875,0.0,20.0,True
success_radius,0.8222222222222222,0.02258863577297737,0.003806358250624933,0.12484293471536469,0.7847039388879475,-2.273149786983054,0.8118556701030928,0.9853951890034365,0.16005085910652928,0.769193023443222,0.8,25.375,0.0,20.0,False
success_radius,0.8222222222222222,0.02258863577297737,0.00788154924594252,0.12490953468721142,0.7794556763058017,-2.250652507369608,0.8460884353741497,0.9889455782312925,0.19783401360544217,0.785156600177288,0.75,24.866666666666667,0.0,20.0,False
success_radius,0.8222222222222222,0.02258863577297737,0.01631975090784437,0.1239803318148758,0.7723514578064128,-2.1601385359961953,0.8959731543624161,0.9941275167785235,0.2529006711409396,0.8526742830872536,0.75,25.4,0.0,20.0,False
success_radius,0.8222222222222222,0.02258863577297737,0.03379212149580846,0.1240934122015601,0.7545752019726469,-1.9783278181961885,0.9202302631578947,0.9975328947368421,0.28056315789473685,0.9647780388593674,0.65,24.23076923076923,0.0,20.0,False
success_radius,0.8222222222222222,0.02258863577297737,0.0699708887492028,0.1237597301146559,0.7318059578106701,-1.7406263796176689,0.9300476947535771,0.9984101748807631,0.2912578696343402,1.1100314944982528,0.55,23.454545454545453,0.0,20.0,False
success_radius,0.8222222222222222,0.02258863577297737,0.14488363132100487,0.12349490515399303,0.7082495945404211,-1.4391908787376695,0.9384615384615385,1.0,0.30126153846153847,1.3475580602884292,0.5,24.0,0.0,20.0,False
success_radius,0.8222222222222222,0.02258863577297737,0.3,0.12282941080425769,0.7005688940662782,-1.1209620380689425,0.9404223227752639,1.0,0.30322232277526395,1.5621328562498094,0.5,25.3,0.0,20.0,False
success_radius,0.8222222222222222,0.04899592973540154,0.00010000000000000009,0.12459010360552945,0.783018484469931,-1.991343445094639,0.8910472972972973,0.9847972972972973,0.23864459459459453,0.8284632861614227,0.7,24.142857142857142,0.0,20.0,False
success_radius,0.8222222222222222,0.04899592973540154,0.00020706272838739032,0.12459010407083823,0.7830260690621305,-1.9914029174758163,0.8910472972972973,0.9856418918918919,0.23948918918918916,0.831064610183239,0.7,24.142857142857142,0.0,20.0,False
success_radius,0.8222222222222222,0.04899592973540154,0.0004287497348723022,0.12459010422243481,0.783041696170435,-1.9912361097222393,0.893581081081081,0.9856418918918919,0.24202297297297293,0.8363819167017936,0.7,24.142857142857142,0.0,20.0,False
success_radius,0.8222222222222222,0.04899592973540154,0.0008877808989802905,0.12459010225752343,0.7812433345844372,-1.9906166403577537,0.8988195615514334,0.9865092748735245,0.24812883642495787,0.836999137699604,0.7,24.214285714285715,0.0,20.0,False
success_radius,0.8222222222222222,0.04899592973540154,0.001838263351530691,0.12459010367149413,0.7813066162858281,-1.9845727949629712,0.9038785834738617,0.9898819561551433,0.25656053962900505,0.8582523301243782,0.7,24.214285714285715,0.0,20.0,False
success_radius,0.8222222222222222,0.04899592973540154,0.003806358250624933,0.12459010245731605,0.7782836931672429,-1.9642001263597908,0.9210084033613445,0.9915966386554622,0.2754050420168067,0.8799431815743446,0.7,24.357142857142858,0.0,20.0,False
success_radius,0.8222222222222222,0.04899592973540154,0.00788154924594252,0.12424216120243979,0.7747088123972998,-1.9183438880398624,0.9440734557595993,0.993322203672788,0.30019565943238735,0.9072620689868927,0.65,23.53846153846154,0.0,20.0,False
success_radius,0.8222222222222222,0.04899592973540154,0.01631975090784437,0.12383276269465787,0.7616041603849121,-1.8230810166525457,0.9621087314662273,0.9958813838550247,0.320790115321252,0.9651355683803559,0.65,24.153846153846153,0.0,20.0,False
success_radius,0.8222222222222222,0.04899592973540154,0.03379212149580846,0.12401050614807978,0.7429474328369932,-1.662919877200987,0.9766505636070854,0.9975845410628019,0.3370351046698873,1.0544520378112794,0.6,24.083333333333332,0.0,20.0,False
success_radius,0.8222222222222222,0.04899592973540154,0.0699708887492028,0.1235705992429664,0.7244320874651171,-1.4461165078580351,0.9812206572769953,0.9992175273865415,0.3432381846635367,1.232313159108162,0.55,24.363636363636363,0.0,20.0,False
success_radius,0.8222222222222222,0.04899592973540154,0.14488363132100487,0.12274028770901914,0.706076136352266,-1.1729851616345444,0.9871212121212121,1.0,0.3499212121212121,1.465558534860611,0.5,25.0,0.0,20.0,False
success_radius,0.8222222222222222,0.04899592973540154,0.3,0.1222644153708638,0.6916015768218535,-0.8526491785575446,0.9881481481481481,1.0,0.3509481481481481,1.657731580734253,0.5,26.5,0.0,20.0,False
success_radius,0.8222222222222222,0.10627472835292812,0.00010000000000000009,0.1242550502671985,0.7643964678941212,-1.5359704822940214,0.9614121510673235,0.993431855500821,0.3176440065681445,1.086631704866886,0.6,23.083333333333332,0.0,20.0,False
success_radius,0.8222222222222222,0.10627472835292812,0.00020706272838739032,0.12425505097724576,0.7644035185967788,-1.5346369425174695,0.9622331691297209,0.9942528735632183,0.31928604269293925,1.0885341346263886,0.6,23.083333333333332,0.0,20.0,False
success_radius,0.8222222222222222,0.10627472835292812,0.0004287497348723022,0.12425504780510138,0.7644179856318696,-1.5318777102156176,0.9622331691297209,0.9942528735632183,0.31928604269293925,1.0924498617649079,0.6,23.083333333333332,0.0,20.0,False
success_radius,0.8222222222222222,0.10627472835292812,0.0008877808989802905,0.12425504959148498,0.7644481084299267,-1.5261792755484072,0.9630541871921182,0.9942528735632183,0.32010706075533657,1.1004558876156807,0.6,23.083333333333332,0.0,20.0,False
success_radius,0.8222222222222222,0.10627472835292812,0.001838263351530691,0.12425504961716237,0.7608405190127102,-1.5160523435162663,0.9639934533551555,0.9942716857610474,0.32106513911620294,1.097615322470665,0.6,23.25,0.0,20.0,False
success_radius,0.8222222222222222,0.10627472835292812,0.003806358250624933,0.12384977240698326,0.7575367485793856,-1.4944863834744888,0.9698697068403909,0.995114006514658,0.32778371335504886,1.10288817435503,0.6,23.5,0.0,20.0,False
success_radius,0.8222222222222222,0.10627472835292812,0.00788154924594252,0.12384977344347252,0.7505006618405228,-1.450639800964137,0.9797734627831716,0.9967637540453075,0.33933721682847906,1.1294698923826219,0.6,23.833333333333332,0.0,20.0,False
success_radius,0.8222222222222222,0.10627472835292812,0.01631975090784437,0.1239746333386927,0.7438832044707359,-1.370809327535655,0.9879807692307693,0.9983974358974359,0.3491782051282052,1.1927032053470612,0.6,24.333333333333332,0.0,20.0,False
success_radius,0.8222222222222222,0.10627472835292812,0.03379212149580846,0.12327803429582133,0.73245236703964,-1.2425099132804798,0.9913385826771653,0.9984251968503937,0.352563779527559,1.295921766757965,0.55,24.0,0.0,20.0,False
success_radius,0.8222222222222222,0.10627472835292812,0.0699708887492028,0.12344430067335675,0.70902007453425,-1.0521996364177144,0.9946483180428135,1.0,0.3574483180428135,1.4681942969560624,0.55,25.727272727272727,0.0,20.0,False
success_radius,0.8222222222222222,0.10627472835292812,0.14488363132100487,0.12245336778735942,0.695399133921294,-0.8092379745464363,0.9977744807121661,1.0,0.36057448071216613,1.6844069570302964,0.5,26.4,0.0,20.0,False
success_radius,0.8222222222222222,0.10627472835292812,0.3,0.12218090583169414,0.6776935572807155,-0.5057717204931058,0.9985569985569985,1.0,0.36135699855699854,1.8293260037899017,0.45,27.11111111111111,0.0,20.0,False
success_radius,0.8222222222222222,0.23051543153651136,0.00010000000000000009,0.12367427265408551,0.7267132475952786,-0.9498339608510121,0.9875583203732504,0.9984447900466563,0.34880311041990675,1.4661262214183808,0.55,24.727272727272727,0.0,20.0,False
success_radius,0.8222222222222222,0.23051543153651136,0.00020706272838739032,0.12367427449823856,0.726720513487325,-0.948866540401354,0.9883359253499222,0.9984447900466563,0.34958071539657853,1.467583292722702,0.55,24.727272727272727,0.0,20.0,False
success_radius,0.8222222222222222,0.23051543153651136,0.0004287497348723022,0.12367427287214451,0.7267356777692366,-0.9468721452994178,0.9891135303265941,0.9984447900466563,0.35035832037325043,1.47059286236763,0.55,24.727272727272727,0.0,20.0,False
success_radius,0.8222222222222222,0.23051543153651136,0.0008877808989802905,0.12367427281664711,0.7267668809134386,-0.9427794517019178,0.9898911353032659,0.9984447900466563,0.3511359253499222,1.4767886787652968,0.55,24.727272727272727,0.0,20.0,False
success_radius,0.8222222222222222,0.23051543153651136,0.001838263351530691,0.12367427366576125,0.7249373214926494,-0.9351461853920536,0.9899068322981367,0.9984472049689441,0.35115403726708083,1.4813615530729294,0.55,24.818181818181817,0.0,20.0,False
success_radius,0.8222222222222222,0.23051543153651136,0.003806358250624933,0.1236742742795554,0.7250675488416404,-0.9184397269606883,0.9899068322981367,0.9984472049689441,0.35115403726708083,1.5071495294570922,0.55,24.818181818181817,0.0,20.0,False
success_radius,0.8222222222222222,0.23051543153651136,0.00788154924594252,0.12367427467713885,0.7202277870163973,-0.8880531450473821,0.9922720247295209,0.9984544049459042,0.35352642967542514,1.5337124109268188,0.55,25.09090909090909,0.0,20.0,False
success_radius,0.8222222222222222,0.23051543153651136,0.01631975090784437,0.12325468745705007,0.7173893672451186,-0.8337402388561166,0.9923430321592649,0.9992343032159265,0.35437733537519145,1.583885481953621,0.55,25.636363636363637,0.0,20.0,False
success_radius,0.8222222222222222,0.23051543153651136,0.03379212149580846,0.12295129833213854,0.7038982513574135,-0.7411824775743058,0.9940029985007496,0.9992503748125937,0.3560533733133433,1.65950146317482,0.55,26.90909090909091,0.0,20.0,False
success_radius,0.8222222222222222,0.23051543153651136,0.0699708887492028,0.12212944587342241,0.6905187895905687,-0.5913171337090564,0.9963396778916545,1.0,0.35913967789165446,1.8371960997581482,0.5,27.3,0.0,20.0,False
success_radius,0.8222222222222222,0.23051543153651136,0.14488363132100487,0.12217018517525009,0.6780851064780625,-0.3856617032249867,0.9985734664764622,1.0,0.3613734664764622,1.9964704513549805,0.4,26.625,0.0,20.0,False
success_radius,0.8222222222222222,0.23051543153651136,0.3,0.12202216938946302,0.6794013747095958,-0.12877382644360838,0.9992917847025495,1.0,0.36209178470254955,2.1617976039648057,0.4,27.25,0.0,20.0,False
success_radius,0.8222222222222222,0.5,0.00010000000000000009,0.12251763417439032,0.6781774648144682,-0.30268668881712957,0.9950071326676176,1.0,0.35780713266761766,2.118708458542824,0.4,26.625,0.0,20.0,False
success_radius,0.8222222222222222,0.5,0.00020706272838739032,0.12251763170977166,0.6781835588678006,-0.3021483999010496,0.9950071326676176,1.0,0.35780713266761766,2.1198441118001936,0.4,26.625,0.0,20.0,False
success_radius,0.8222222222222222,0.5,0.0004287497348723022,0.12251763181982038,0.6781961757745049,-0.30103662050390984,0.9950071326676176,1.0,0.35780713266761766,2.12219198346138,0.4,26.625,0.0,20.0,False
success_radius,0.8222222222222222,0.5,0.0008877808989802905,0.12251763411445862,0.6782221922214414,-0.29874670833979416,0.9957203994293866,1.0,0.3585203994293866,2.1270406574010847,0.4,26.625,0.0,20.0,False
success_radius,0.8222222222222222,0.5,0.001838263351530691,0.12251763129124067,0.6782759839008494,-0.29405603982593403,0.9957203994293866,1.0,0.3585203994293866,2.137022167444229,0.4,26.625,0.0,20.0,False
success_radius,0.8222222222222222,0.5,0.003806358250624933,0.12244889028138674,0.6783867336317414,-0.28567903207454776,0.9957325746799431,1.0,0.35853257467994315,2.144475856423378,0.4,26.875,0.0,20.0,False
success_radius,0.8222222222222222,0.5,0.00788154924594252,0.12222961244791981,0.6759536642961738,-0.26888462012481745,0.9957567185289957,1.0,0.35855671852899573,2.1597825229167937,0.4,27.375,0.0,20.0,False
success_radius,0.8222222222222222,0.5,0.01631975090784437,0.12219990125726436,0.6708792337699617,-0.23534729351785907,0.9964936886395512,1.0,0.35929368863955125,2.2047520726919174,0.4,28.125,0.0,20.0,False
success_radius,0.8222222222222222,0.5,0.03379212149580846,0.1220920886245161,0.6652311406246969,-0.17318417656905322,0.997229916897507,1.0,0.36002991689750696,2.307507798075676,0.4,29.25,0.0,20.0,False
success_radius,0.8222222222222222,0.5,0.0699708887492028,0.12249268301702315,0.6616489953827784,-0.060643265207241094,0.9986449864498645,1.0,0.36144498644986456,2.423178067803383,0.35,30.142857142857142,0.0,20.0,False
success_radius,0.8222222222222222,0.5,0.14488363132100487,0.12235933573585601,0.6596449439384815,0.09862900733164556,0.9986577181208054,1.0,0.3614577181208054,2.5313403591513635,0.35,31.142857142857142,0.0,20.0,False
success_radius,0.8222222222222222,0.5,0.3,0.12253739974235897,0.6595125080205679,0.3166576324371894,1.0,1.0,0.3628,2.6065639153122904,0.3,30.166666666666668,0.0,20.0,False
success_radius,0.9111111111111112,0.00010000000000000009,0.00010000000000000009,0.12623173011386568,0.8279430072750819,77.15777456983227,0.14716636197440586,0.24040219378427788,1.2496314442413163,0.700727964937687,1.0,26.35,0.0,20.0,False
success_radius,0.9111111111111112,0.00010000000000000009,0.00020706272838739032,0.12623173080084768,0.8279433002552226,61.90992961975294,0.16819012797074953,0.27879341864716634,1.1902164533820843,0.7012095183134079,1.0,26.35,0.0,20.0,False
success_radius,0.9111111111111112,0.00010000000000000009,0.0004287497348723022,0.12623173058203815,0.8279484099569336,52.90273890296953,0.19195612431444242,0.3272394881170018,1.1180043875685557,0.7091540262103081,1.0,26.35,0.0,20.0,False
success_radius,0.9111111111111112,0.00010000000000000009,0.0008877808989802905,0.12598082614079997,0.8265321138327613,47.969339400074375,0.23588342440801457,0.3761384335154827,1.0251781420765027,0.7103520095348358,1.0,26.45,0.0,20.0,False
success_radius,0.9111111111111112,0.00010000000000000009,0.001838263351530691,0.12546758215467504,0.8207099476541913,45.246191755079174,0.2851985559566787,0.44133574007220217,0.9106657039711192,0.6870693072676659,0.95,26.05263157894737,0.0,20.0,False
success_radius,0.9111111111111112,0.00010000000000000009,0.003806358250624933,0.12529987818765975,0.8186802455718108,44.18463277218466,0.34111310592459604,0.5044883303411131,0.7915985637342908,0.7249497905373573,0.95,26.210526315789473,0.0,20.0,False
success_radius,0.9111111111111112,0.00010000000000000009,0.00788154924594252,0.12495091606175868,0.8064455644793257,43.28892323580342,0.4061946902654867,0.5601769911504425,0.6708283185840708,0.7359255790710449,0.9,25.944444444444443,0.0,20.0,False
success_radius,0.9111111111111112,0.00010000000000000009,0.01631975090784437,0.1251677699419139,0.793089175013827,43.00450667619862,0.47822299651567945,0.5871080139372822,0.5718689895470384,0.7956518352031707,0.85,25.705882352941178,0.0,20.0,False
success_radius,0.9111111111111112,0.00010000000000000009,0.03379212149580846,0.12437192660108061,0.7742075909278519,42.35156930238325,0.5304568527918782,0.5989847715736041,0.5077583756345178,0.8641817837953567,0.75,25.066666666666666,0.0,20.0,False
success_radius,0.9111111111111112,0.00010000000000000009,0.0699708887492028,0.12364956666651784,0.75237074681019,41.914980044821334,0.5506535947712419,0.6004901960784313,0.48605620915032677,1.005624708533287,0.7,25.571428571428573,0.0,20.0,False
success_radius,0.9111111111111112,0.00010000000000000009,0.14488363132100487,0.12345976164081923,0.7295098740777374,41.309421152182324,0.566350710900474,0.6090047393364929,0.46184454976303313,1.2299558162689208,0.6,25.083333333333332,0.0,20.0,False
success_radius,0.9111111111111112,0.00010000000000000009,0.3,0.12295008790445254,0.7151275799440512,41.08823862185029,0.5685670261941448,0.6101694915254238,0.45846348228043143,1.4154886156320572,0.5,23.9,0.0,20.0,False
success_radius,0.9111111111111112,0.00021690521830457365,0.00010000000000000009,0.12623173011386568,0.8279430072750819,43.34306259406549,0.17550274223034734,0.28244972577696525,1.1792475319926874,0.700727964937687,1.0,26.35,0.0,20.0,False
success_radius,0.9111111111111112,0.00021690521830457365,0.00020706272838739032,0.1262317305294709,0.8279433909299715,32.78331895122834,0.19287020109689215,0.3180987202925046,1.1262310786106031,0.7013492241501809,1.0,26.35,0.0,20.0,False
success_radius,0.9111111111111112,0.00021690521830457365,0.0004287497348723022,0.12623173002073373,0.8279485827306694,25.686429164972758,0.21663619744058502,0.3610603290676417,1.0595034734917732,0.7097991213202477,1.0,26.35,0.0,20.0,False
success_radius,0.9111111111111112,0.00021690521830457365,0.0008877808989802905,0.1259808258694184,0.826535898474526,21.47686531927013,0.2586520947176685,0.4116575591985428,0.9668903460837887,0.7113734096288681,1.0,26.45,0.0,20.0,False
success_radius,0.9111111111111112,0.00021690521830457365,0.001838263351530691,0.12546758273226194,0.8207148492921016,19.145703235966785,0.30505415162454874,0.47382671480144406,0.8583191335740072,0.688032765686512,0.95,26.05263157894737,0.0,20.0,False
success_radius,0.9111111111111112,0.00021690521830457365,0.003806358250624933,0.12529987975212356,0.8186868742310685,18.15895751907077,0.3608617594254937,0.5368043087971275,0.7395339317773788,0.7259148582816124,0.95,26.210526315789473,0.0,20.0,False
success_radius,0.9111111111111112,0.00021690521830457365,0.00788154924594252,0.12495091662740672,0.806450447450726,17.58640634946567,0.42743362831858406,0.5911504424778761,0.6186159292035398,0.7366113632917404,0.9,25.944444444444443,0.0,20.0,False
success_radius,0.9111111111111112,0.00021690521830457365,0.01631975090784437,0.1251677736908687,0.7930928506647064,17.474716465051486,0.49825783972125437,0.617595818815331,0.5213463414634146,0.79614537358284,0.85,25.705882352941178,0.0,20.0,False
success_radius,0.9111111111111112,0.00021690521830457365,0.03379212149580846,0.12437192840674582,0.7742104368411086,17.279482313200294,0.5516074450084603,0.628595600676819,0.45699695431472076,0.8645402014255523,0.75,25.066666666666666,0.0,20.0,False
success_radius,0.9111111111111112,0.00021690521830457365,0.0699708887492028,0.12364956808657834,0.7523730565398181,17.215904879421238,0.571078431372549,0.630718954248366,0.435402614379085,1.0058790743350983,0.7,25.571428571428573,0.0,20.0,False
success_radius,0.9111111111111112,0.00021690521830457365,0.14488363132100487,0.12345976181934426,0.7295114034449379,17.12711578796131,0.5860979462875198,0.6382306477093207,0.4128714060031595,1.2301142185926437,0.6,25.083333333333332,0.0,20.0,False
success_radius,0.9111111111111112,0.00021690521830457365,0.3,0.12295008885777242,0.7151285739402441,17.21028623289749,0.588597842835131,0.6394453004622496,0.4091568567026195,1.4155717343091965,0.5,23.9,0.0,20.0,False
success_radius,0.9111111111111112,0.00047047873727754753,0.00010000000000000009,0.12623173011386568,0.8279430072750819,23.376686604833168,0.21206581352833637,0.3537477148080439,1.0713864716636197,0.700727964937687,1.0,26.35,0.0,20.0,False
success_radius,0.9111111111111112,0.00047047873727754753,0.00020706272838739032,0.1262317304216164,0.8279435919675282,17.255868539644922,0.22851919561243145,0.38391224862888484,1.0247685557586836,0.7017997294664383,1.0,26.35,0.0,20.0,False
success_radius,0.9111111111111112,0.00047047873727754753,0.0004287497348723022,0.1262317299423069,0.8279495309231771,12.4097181523077,0.253199268738574,0.42413162705667273,0.9598691042047532,0.7113468930125236,1.0,26.35,0.0,20.0,False
success_radius,0.9111111111111112,0.00047047873727754753,0.0008877808989802905,0.12598082545721473,0.8265439280729997,9.160399212078715,0.2887067395264117,0.470856102003643,0.8776371584699454,0.7135451942682266,1.0,26.45,0.0,20.0,False
success_radius,0.9111111111111112,0.00047047873727754753,0.001838263351530691,0.12546758276308556,0.8207254024586793,7.234779838110461,0.33574007220216606,0.529783393501805,0.7716765342960289,0.6900951415300369,0.95,26.05263157894737,0.0,20.0,False
success_radius,0.9111111111111112,0.00047047873727754753,0.003806358250624933,0.1252998786825937,0.8187011748513315,6.348196918920538,0.388689407540395,0.5933572710951526,0.6551533213644525,0.7279850125312806,0.95,26.210526315789473,0.0,20.0,False
success_radius,0.9111111111111112,0.00047047873727754753,0.00788154924594252,0.12495091580298717,0.8064611147151359,5.938872791247064,0.4557522123893805,0.643362831858407,0.5380849557522125,0.738090118765831,0.9,25.944444444444443,0.0,20.0,False
success_radius,0.9111111111111112,0.00047047873727754753,0.01631975090784437,0.12516776974521515,0.7931007803870143,5.907963836595895,0.5261324041811847,0.6689895470383276,0.44207804878048773,0.7972129970788956,0.85,25.705882352941178,0.0,20.0,False
success_radius,0.9111111111111112,0.00047047873727754753,0.03379212149580846,0.12437192836411667,0.7742167384253358,5.922325783307813,0.5786802030456852,0.6810490693739425,0.37747072758037226,0.8653156667947769,0.75,25.066666666666666,0.0,20.0,False
success_radius,0.9111111111111112,0.00047047873727754753,0.0699708887492028,0.12364956929275775,0.7523780137107309,6.029741246212233,0.5980392156862745,0.684640522875817,0.3545202614379085,1.0064302563667298,0.7,25.571428571428573,0.0,20.0,False
success_radius,0.9111111111111112,0.00047047873727754753,0.14488363132100487,0.12345976341011677,0.7295148453843208,6.17566370092128,0.6121642969984202,0.6919431279620853,0.3330925750394944,1.230457502603531,0.6,25.083333333333332,0.0,20.0,False
success_radius,0.9111111111111112,0.00047047873727754753,0.3,0.12295008760703412,0.7151306277241875,6.398042861921689,0.6147919876733436,0.6933744221879815,0.32903359013867484,1.4157518655061723,0.5,23.9,0.0,20.0,False
success_radius,0.9111111111111112,0.001020492932168466,0.00010000000000000009,0.12623173012762423,0.8279430025143236,11.038343484681919,0.2696526508226691,0.44881170018281535,0.9187356489945155,0.7007574170827866,1.0,26.35,0.0,20.0,False
success_radius,0.9111111111111112,0.001020492932168466,0.00020706272838739032,0.12623173071592073,0.8279448127560154,8.173222129513015,0.28244972577696525,0.4753199268738574,0.8794303473491774,0.7034915059804916,1.0,26.35,0.0,20.0,False
success_radius,0.9111111111111112,0.001020492932168466,0.0004287497348723022,0.1262317294594218,0.8279558081538806,5.420659815261592,0.2970749542961609,0.5091407678244972,0.8309842778793419,0.7154218152165412,1.0,26.35,0.0,20.0,False
success_radius,0.9111111111111112,0.001020492932168466,0.0008877808989802905,0.1259808251898693,0.8265673128991693,3.256659225497751,0.3324225865209472,0.546448087431694,0.7583293260473587,0.7187807023525238,1.0,26.45,0.0,20.0,False
success_radius,0.9111111111111112,0.001020492932168466,0.001838263351530691,0.12525078905404302,0.8207590799965903,1.8008746845657206,0.3792792792792793,0.6036036036036037,0.654317117117117,0.6838193446397781,0.95,26.105263157894736,0.0,20.0,False
success_radius,0.9111111111111112,0.001020492932168466,0.003806358250624933,0.1250783581413584,0.8187310779418173,1.0654467072417075,0.4327956989247312,0.6612903225806451,0.5431139784946237,0.7219232112169266,0.95,26.263157894736842,0.0,20.0,False
success_radius,0.9111111111111112,0.001020492932168466,0.00788154924594252,0.1249509141410083,0.8064837871244843,0.7689375593579638,0.49557522123893805,0.7123893805309734,0.4292353982300885,0.7412606820464134,0.9,25.944444444444443,0.0,20.0,False
success_radius,0.9111111111111112,0.001020492932168466,0.01631975090784437,0.12516776998446916,0.7931179391826899,0.779153123034881,0.563588850174216,0.7325783972125436,0.3410327526132404,0.7995158851146698,0.85,25.705882352941178,0.0,20.0,False
success_radius,0.9111111111111112,0.001020492932168466,0.03379212149580846,0.12437192889494991,0.7742302047420807,0.8888783683907295,0.6159052453468697,0.7445008460236887,0.27679390862944153,0.8669934123754501,0.75,25.066666666666666,0.0,20.0,False
success_radius,0.9111111111111112,0.001020492932168466,0.0699708887492028,0.12364956780034662,0.752388761545191,1.0739058580106784,0.6339869281045751,0.7475490196078431,0.2556640522875817,1.0076242238283157,0.7,25.571428571428573,0.0,20.0,False
success_radius,0.9111111111111112,0.001020492932168466,0.14488363132100487,0.12345976185266777,0.7295224797901574,1.324291801369665,0.6477093206951027,0.7527646129541864,0.23672606635071092,1.2312014997005463,0.6,25.083333333333332,0.0,20.0,False
success_radius,0.9111111111111112,0.001020492932168466,0.3,0.12295008729432347,0.7151351890140969,1.609621041560222,0.6510015408320493,0.7534668721109399,0.2327315870570108,1.4161419808864593,0.5,23.9,0.0,20.0,False
success_radius,0.9111111111111112,0.0022135024223027535,0.00010000000000000009,0.1262317301089065,0.8279477149906148,3.7577474113923293,0.340036563071298,0.583180987202925,0.713982449725777,0.7052300974726677,1.0,26.35,0.0,20.0,False
success_radius,0.9111111111111112,0.0022135024223027535,0.00020706272838739032,0.12623173037891192,0.8279664750393598,2.6996382330316666,0.3510054844606947,0.6051188299817185,0.6810756855575868,0.7132112517952919,1.0,26.35,0.0,20.0,False
success_radius,0.9111111111111112,0.0022135024223027535,0.0004287497348723022,0.12598082712867414,0.8265589610399126,1.4596930107834238,0.37522768670309653,0.6256830601092896,0.6362892531876139,0.705922968685627,1.0,26.45,0.0,20.0,False
success_radius,0.9111111111111112,0.0022135024223027535,0.0008877808989802905,0.12546758296721364,0.8223787104501596,0.23860991462238992,0.3969258589511754,0.6681735985533453,0.5721005424954793,0.6869816154241561,1.0,26.65,0.0,20.0,False
success_radius,0.9111111111111112,0.0022135024223027535,0.001838263351530691,0.12525079179385554,0.8208382451094729,-0.6717775128967687,0.43783783783783786,0.7117117117117117,0.48765045045045047,0.6959103390574455,0.95,26.105263157894736,0.0,20.0,False
success_radius,0.9111111111111112,0.0022135024223027535,0.003806358250624933,0.12495091594915587,0.8187925627099147,-1.212138265844715,0.49016100178890876,0.7602862254025045,0.3867527728085868,0.7200291439890861,0.95,26.31578947368421,0.0,20.0,False
success_radius,0.9111111111111112,0.0022135024223027535,0.00788154924594252,0.12495091347880555,0.8065314774494956,-1.4173916405736449,0.5504424778761062,0.8070796460176991,0.27967787610619466,0.7479763686656952,0.9,25.944444444444443,0.0,20.0,False
success_radius,0.9111111111111112,0.0022135024223027535,0.01631975090784437,0.12516777237531812,0.7899552301874909,-1.380837971063298,0.6163194444444444,0.8211805555555556,0.1997,0.7863195642828942,0.85,25.823529411764707,0.0,20.0,False
success_radius,0.9111111111111112,0.0022135024223027535,0.03379212149580846,0.12437192836869294,0.7721847472052843,-1.2281563080810503,0.6680743243243243,0.831081081081081,0.13804459459459462,0.861667686700821,0.75,25.133333333333333,0.0,20.0,True
success_radius,0.9111111111111112,0.0022135024223027535,0.0699708887492028,0.1236495675026052,0.7524121617690097,-1.0085674453273568,0.6854575163398693,0.8349673202614379,0.12229019607843139,1.0102055221796036,0.7,25.571428571428573,0.0,20.0,True
success_radius,0.9111111111111112,0.0022135024223027535,0.14488363132100487,0.1234597622641721,0.7295387567149273,-0.7142149463153559,0.69826224328594,0.839652448657188,0.13040979462875202,1.2328126579523087,0.6,25.083333333333332,0.0,20.0,False
success_radius,0.9111111111111112,0.0022135024223027535,0.3,0.12295008930706802,0.7151451059319467,-0.40135740681461873,0.7003081664098614,0.8412942989214176,0.1308138674884438,1.4169876128435135,0.5,23.9,0.0,20.0,False
success_radius,0.9111111111111112,0.004801202261272809,0.00010000000000000009,0.12546758406347983,0.8228992255986114,-0.03898899755707722,0.4638336347197107,0.7423146473779385,0.4310517179023508,0.7008636564016342,0.95,26.0,0.0,20.0,False
success_radius,0.9111111111111112,0.004801202261272809,0.00020706272838739032,0.12546758468668914,0.8229170267505721,-0.35059349497139153,0.472875226039783,0.7468354430379747,0.41748933092224233,0.7073665618896484,0.95,26.0,0.0,20.0,False
success_radius,0.9111111111111112,0.004801202261272809,0.0004287497348723022,0.12546758533592783,0.822952323497518,-0.7951720529859032,0.4864376130198915,0.7658227848101266,0.3849396021699819,0.7197083786129952,0.95,26.0,0.0,20.0,False
success_radius,0.9111111111111112,0.004801202261272809,0.0008877808989802905,0.12529987944589877,0.8213336855422333,-1.3202687874274783,0.5089928057553957,0.789568345323741,0.33863884892086327,0.7077264621853828,0.95,26.157894736842106,0.0,20.0,False
success_radius,0.9111111111111112,0.004801202261272809,0.001838263351530691,0.12507835839559764,0.8214594357303198,-1.7934644749662123,0.5385996409335727,0.8240574506283662,0.27454290843806106,0.7358340635895729,0.95,26.210526315789473,0.0,20.0,False
success_radius,0.9111111111111112,0.004801202261272809,0.003806358250624933,0.1249509175460653,0.8172331072392236,-2.110052695952173,0.5830357142857143,0.86875,0.18541428571428564,0.7542741790413856,0.9,25.666666666666668,0.0,20.0,False
success_radius,0.9111111111111112,0.004801202261272809,0.00788154924594252,0.1251677739554956,0.8056191221044795,-2.227346217833621,0.6399647887323944,0.8996478873239436,0.09758732394366199,0.7705501362681388,0.9,26.11111111111111,0.0,20.0,True
success_radius,0.9111111111111112,0.004801202261272809,0.01631975090784437,0.12441688821656784,0.7865253586849967,-2.1801292521083937,0.6970740103270223,0.9122203098106713,0.0566537005163511,0.7765838488936424,0.8,25.3125,0.0,20.0,True
success_radius,0.9111111111111112,0.004801202261272809,0.03379212149580846,0.12413566380139893,0.7687722540287085,-2.003508281050484,0.7458053691275168,0.9211409395973155,0.0964644295302014,0.8677067309617996,0.75,25.4,0.0,20.0,True
success_radius,0.9111111111111112,0.004801202261272809,0.0699708887492028,0.12364956889811071,0.7480085978517556,-1.7584541724933163,0.7626016260162601,0.9235772357723577,0.11082439024390245,1.037519496679306,0.7,25.785714285714285,0.0,20.0,True
success_radius,0.9111111111111112,0.004801202261272809,0.14488363132100487,0.12356479880919935,0.7247088256500667,-1.4522684886454813,0.771585557299843,0.9270015698587127,0.11638398744113032,1.2433453261852265,0.55,24.181818181818183,0.0,20.0,False
success_radius,0.9111111111111112,0.004801202261272809,0.3,0.12303529731199231,0.712128057689835,-1.1286416218951614,0.7737730061349694,0.928680981595092,0.11689202453987735,1.4421885192394257,0.5,24.2,0.0,20.0,False
success_radius,0.9111111111111112,0.010414058246057912,0.00010000000000000009,0.1250783578070038,0.8205908168287662,-1.6802284942257346,0.6102150537634409,0.8745519713261649,0.1524329749103942,0.7572892814874649,0.9,25.555555555555557,0.0,20.0,False
success_radius,0.9111111111111112,0.010414058246057912,0.00020706272838739032,0.12529621367650948,0.8206044795345375,-1.7553100572898863,0.6153846153846154,0.8801431127012522,0.14167227191413234,0.7518825113773346,0.9,25.61111111111111,0.0,20.0,True
success_radius,0.9111111111111112,0.010414058246057912,0.0004287497348723022,0.12529621282593492,0.8187315241980778,-1.8745937349362467,0.6241071428571429,0.8857142857142857,0.12737857142857145,0.7509331956505776,0.9,25.666666666666668,0.0,20.0,True
success_radius,0.9111111111111112,0.010414058246057912,0.0008877808989802905,0.12529507535752837,0.8187845071794013,-2.043899216256921,0.6372549019607843,0.9037433155080213,0.09620178253119438,0.757415609061718,0.9,25.72222222222222,0.0,20.0,True
success_radius,0.9111111111111112,0.010414058246057912,0.001838263351530691,0.1251677714960792,0.8144898448190437,-2.228115970376137,0.6640070921985816,0.9273049645390071,0.0458879432624113,0.7574770301580429,0.9,25.88888888888889,0.0,20.0,True
success_radius,0.9111111111111112,0.010414058246057912,0.003806358250624933,0.1251677724948377,0.8088910678278928,-2.360643613779139,0.7037037037037037,0.9506172839506173,0.024886419753086475,0.7821657851338386,0.9,26.055555555555557,0.0,20.0,True
success_radius,0.9111111111111112,0.010414058246057912,0.00788154924594252,0.12516776949395322,0.7969704467325407,-2.3942402302342134,0.7373472949389179,0.9642233856893543,0.06437068062827223,0.8030695825815201,0.85,25.647058823529413,0.0,20.0,True
success_radius,0.9111111111111112,0.010414058246057912,0.01631975090784437,0.12447867348137627,0.7853532478124864,-2.3216156239251733,0.7950257289879932,0.9725557461406518,0.13038147512864495,0.8335534065961838,0.75,24.533333333333335,0.0,20.0,True
success_radius,0.9111111111111112,0.010414058246057912,0.03379212149580846,0.12398032954584576,0.7682726742712954,-2.1427713880314667,0.8377926421404682,0.9782608695652174,0.17885351170568564,0.9227634221315384,0.7,24.571428571428573,0.0,20.0,False
success_radius,0.9111111111111112,0.010414058246057912,0.0699708887492028,0.12388800092768633,0.7458044107602128,-1.8947410312349042,0.8495145631067961,0.9797734627831716,0.19208802588996765,1.0953873366117477,0.7,26.0,0.0,20.0,False
success_radius,0.9111111111111112,0.010414058246057912,0.14488363132100487,0.12344156172797437,0.724034486514526,-1.5960757961006022,0.8591549295774648,0.9820031298904538,0.20395805946791856,1.3017833322286605,0.55,24.363636363636363,0.0,20.0,False
success_radius,0.9111111111111112,0.010414058246057912,0.3,0.12303529624009481,0.7083552491868809,-1.2626263998253415,0.8610687022900764,0.982442748091603,0.20631145038167942,1.4984204798936844,0.5,24.5,0.0,20.0,False
success_radius,0.9111111111111112,0.02258863577297737,0.00010000000000000009,0.12509855478341758,0.8033682535402638,-2.1408519800206283,0.7548161120840631,0.9518388791593695,0.07477723292469363,0.7959690541028976,0.85,25.529411764705884,0.0,20.0,True
success_radius,0.9111111111111112,0.02258863577297737,0.00020706272838739032,0.12509855532944628,0.803377947620537,-2.1529233533844048,0.7574430823117339,0.9544658493870403,0.07477723292469363,0.7994449436664581,0.85,25.529411764705884,0.0,20.0,True
success_radius,0.9111111111111112,0.02258863577297737,0.0004287497348723022,0.1250985585605405,0.8033975179361565,-2.174313696849216,0.7609457092819615,0.957968476357268,0.0817141856392295,0.8064623951911927,0.85,25.529411764705884,0.0,20.0,True
success_radius,0.9111111111111112,0.02258863577297737,0.0008877808989802905,0.12509855708779044,0.8022020819001058,-2.2042522306802117,0.7674825174825175,0.9632867132867133,0.09356923076923085,0.8095278903841973,0.85,25.58823529411765,0.0,20.0,True
success_radius,0.9111111111111112,0.02258863577297737,0.001838263351530691,0.12509855621764118,0.7982434818900734,-2.244788110104374,0.7883275261324042,0.9721254355400697,0.1232529616724739,0.8032527685165405,0.8,24.875,0.0,20.0,True
success_radius,0.9111111111111112,0.02258863577297737,0.003806358250624933,0.12509855587882618,0.7945380989383561,-2.2684434185047113,0.8116319444444444,0.9852430555555556,0.159675,0.830928485095501,0.8,25.0,0.0,20.0,False
success_radius,0.9111111111111112,0.02258863577297737,0.00788154924594252,0.12484293375313918,0.7869163674454706,-2.2460309815597754,0.8442340791738382,0.9888123924268503,0.19584647160068847,0.8538370981812478,0.75,24.4,0.0,20.0,False
success_radius,0.9111111111111112,0.02258863577297737,0.01631975090784437,0.12448774044004855,0.7745139174101247,-2.151468506916233,0.8952702702702703,0.9940878378378378,0.2521581081081081,0.8939889132976532,0.75,25.133333333333333,0.0,20.0,False
success_radius,0.9111111111111112,0.02258863577297737,0.03379212149580846,0.12413850596113543,0.7603917943947025,-1.9763977524789307,0.9197019867549668,0.9975165562913907,0.28001854304635754,1.0057743549346925,0.7,25.0,0.0,20.0,False
success_radius,0.9111111111111112,0.02258863577297737,0.0699708887492028,0.12387109553633464,0.742679884073344,-1.7431065265491186,0.9292604501607717,0.9983922829581994,0.29045273311897113,1.175588446855545,0.6,24.166666666666668,0.0,20.0,False
success_radius,0.9111111111111112,0.02258863577297737,0.14488363132100487,0.12349490515399303,0.7187067259467071,-1.4485433336955087,0.937888198757764,1.0,0.300688198757764,1.3870959877967834,0.5,23.4,0.0,20.0,False
success_radius,0.9111111111111112,0.02258863577297737,0.3,0.12303529793478933,0.7019164686768442,-1.1166722061672094,0.9401515151515152,1.0,0.3029515151515152,1.58326917886734,0.5,25.0,0.0,20.0,False
success_radius,0.9111111111111112,0.04899592973540154,0.00010000000000000009,0.1246292580757002,0.7892126533548556,-1.9820477650632384,0.8905982905982905,0.9846153846153847,0.23801367521367522,0.9015671044588089,0.7,23.642857142857142,0.0,20.0,False
success_radius,0.9111111111111112,0.04899592973540154,0.00020706272838739032,0.124629258571389,0.7892203484603484,-1.9821773943296912,0.8905982905982905,0.9854700854700855,0.23886837606837608,0.9041241362690926,0.7,23.642857142857142,0.0,20.0,False
success_radius,0.9111111111111112,0.04899592973540154,0.0004287497348723022,0.12462925870126385,0.7892361976871778,-1.9821472242301885,0.8931623931623932,0.9854700854700855,0.24143247863247874,0.9093518659472466,0.7,23.642857142857142,0.0,20.0,False
success_radius,0.9111111111111112,0.04899592973540154,0.0008877808989802905,0.12462925670877475,0.7892688802229122,-1.9810192223299063,0.8982905982905983,0.9863247863247864,0.2474153846153847,0.9199108257889748,0.7,23.642857142857142,0.0,20.0,False
success_radius,0.9111111111111112,0.04899592973540154,0.001838263351530691,0.12462925814259067,0.7871753240687228,-1.9760993340596549,0.9035836177474402,0.9897610921501706,0.25614470989761084,0.9308140739798546,0.7,23.714285714285715,0.0,20.0,False
success_radius,0.9111111111111112,0.04899592973540154,0.003806358250624933,0.12484645853692775,0.7830978504941685,-1.9615989847476782,0.9203389830508475,0.9915254237288136,0.2746644067796611,0.9298676490783692,0.7,24.0,0.0,20.0,False
success_radius,0.9111111111111112,0.04899592973540154,0.00788154924594252,0.12468865869344999,0.7801933466108308,-1.9125380729704373,0.9435075885328836,0.9932546374367622,0.2995622259696459,0.9659241318702698,0.65,23.076923076923077,0.0,20.0,False
success_radius,0.9111111111111112,0.04899592973540154,0.01631975090784437,0.12392770058678618,0.7702710688212013,-1.8229568607717115,0.961730449251248,0.9958402662229617,0.3203707154742097,1.019535207748413,0.65,23.692307692307693,0.0,20.0,False
success_radius,0.9111111111111112,0.04899592973540154,0.03379212149580846,0.12388363890104953,0.7514952265923248,-1.6590288643849176,0.9763458401305057,0.9975530179445351,0.33669885807504085,1.1395374834537506,0.65,24.615384615384617,0.0,20.0,False
success_radius,0.9111111111111112,0.04899592973540154,0.0699708887492028,0.12355710100637758,0.7321460364848185,-1.4447494226878894,0.9810126582278481,0.9992088607594937,0.3430215189873418,1.2937283903360366,0.55,23.727272727272727,0.0,20.0,False
success_radius,0.9111111111111112,0.04899592973540154,0.14488363132100487,0.12333886114459651,0.709382952902332,-1.166201179470049,0.9870030581039755,1.0,0.3498030581039755,1.5148020297288896,0.5,24.4,0.0,20.0,False
success_radius,0.9111111111111112,0.04899592973540154,0.3,0.12263997509006629,0.7010773712009465,-0.8568776547735419,0.987987987987988,1.0,0.35078798798798805,1.7210195124149323,0.5,25.6,0.0,20.0,False
success_radius,0.9111111111111112,0.10627472835292812,0.00010000000000000009,0.1242550502671985,0.7724958676494824,-1.532394589621895,0.9611570247933884,0.9933884297520661,0.3173454545454545,1.1245955601334572,0.6,22.75,0.0,20.0,False
success_radius,0.9111111111111112,0.10627472835292812,0.00020706272838739032,0.12425505097724576,0.772503129190126,-1.5310728321882145,0.9619834710743802,0.9942148760330578,0.318998347107438,1.1264826357364655,0.6,22.75,0.0,20.0,False
success_radius,0.9111111111111112,0.10627472835292812,0.0004287497348723022,0.12425504780510138,0.7725180288207141,-1.5283379911515278,0.9619834710743802,0.9942148760330578,0.318998347107438,1.1303666681051254,0.6,22.75,0.0,20.0,False
success_radius,0.9111111111111112,0.10627472835292812,0.0008877808989802905,0.12425504959148498,0.772549035898676,-1.5226899751100484,0.9628099173553719,0.9942148760330578,0.31982479338842973,1.1383074596524239,0.6,22.75,0.0,20.0,False
success_radius,0.9111111111111112,0.10627472835292812,0.001838263351530691,0.12425504961716237,0.7702552690361482,-1.5122074572610675,0.9636963696369637,0.9942244224422442,0.3207207920792079,1.1448325127363206,0.6,22.833333333333332,0.0,20.0,False
success_radius,0.9111111111111112,0.10627472835292812,0.003806358250624933,0.12425505018545366,0.7659535849613126,-1.4908720492167138,0.9695723684210527,0.9950657894736842,0.32743815789473685,1.1573768466711045,0.6,23.0,0.0,20.0,False
success_radius,0.9111111111111112,0.10627472835292812,0.00788154924594252,0.12384977344347252,0.7605800079526637,-1.4484207705225305,0.9795751633986928,0.9967320261437909,0.33910718954248364,1.1827666670084,0.6,23.333333333333332,0.0,20.0,False
success_radius,0.9111111111111112,0.10627472835292812,0.01631975090784437,0.12384977179543642,0.7473978989285958,-1.3676395847486884,0.9879032258064516,0.9983870967741936,0.3490903225806452,1.227704057097435,0.6,24.0,0.0,20.0,False
success_radius,0.9111111111111112,0.10627472835292812,0.03379212149580846,0.12327803429582133,0.7377874953972482,-1.2427400427089181,0.9912974683544303,0.9984177215189873,0.3525151898734177,1.3205341190099715,0.55,23.727272727272727,0.0,20.0,False
success_radius,0.9111111111111112,0.10627472835292812,0.0699708887492028,0.12344430067335675,0.7190180937322874,-1.0547606006831194,0.9945987654320988,1.0,0.3573987654320988,1.5104146480560303,0.55,25.181818181818183,0.0,20.0,False
success_radius,0.9111111111111112,0.10627472835292812,0.14488363132100487,0.12259498410923353,0.7037337731991407,-0.8139998986744279,0.9977544910179641,1.0,0.3605544910179641,1.7205951660871506,0.5,25.8,0.0,20.0,False
success_radius,0.9111111111111112,0.10627472835292812,0.3,0.12230601557118752,0.6900632910294281,-0.5132316414025081,0.9985294117647059,1.0,0.3613294117647059,1.9101223647594452,0.5,27.0,0.0,20.0,False
success_radius,0.9111111111111112,0.23051543153651136,0.00010000000000000009,0.12361219914021819,0.7354232266279042,-0.9446580351987959,0.9874213836477987,0.9984276729559748,0.34864905660377354,1.5241448283195496,0.55,24.09090909090909,0.0,20.0,False
success_radius,0.9111111111111112,0.23051543153651136,0.00020706272838739032,0.12361220103343085,0.7335777494510699,-0.9444718655909417,0.9882260596546311,0.9984301412872841,0.3494562009419152,1.5171513885259629,0.55,24.181818181818183,0.0,20.0,False
success_radius,0.9111111111111112,0.23051543153651136,0.0004287497348723022,0.12361219939653217,0.7335930650491524,-0.9424896918230267,0.989010989010989,0.9984301412872841,0.3502411302982732,1.52011276781559,0.55,24.181818181818183,0.0,20.0,False
success_radius,0.9111111111111112,0.23051543153651136,0.0008877808989802905,0.12361219934066603,0.7336245750547754,-0.9384220504924811,0.9897959183673469,0.9984301412872841,0.3510260596546311,1.5262071698904038,0.55,24.181818181818183,0.0,20.0,False
success_radius,0.9111111111111112,0.23051543153651136,0.001838263351530691,0.12357064101187085,0.7318848853419921,-0.9316672038163318,0.9898278560250391,0.9984350547730829,0.351062910798122,1.522609904408455,0.55,24.363636363636363,0.0,20.0,False
success_radius,0.9111111111111112,0.23051543153651136,0.003806358250624933,0.12357064162769739,0.7320182498638478,-0.9151315389522915,0.9898278560250391,0.9984350547730829,0.351062910798122,1.5480899959802628,0.55,24.363636363636363,0.0,20.0,False
success_radius,0.9111111111111112,0.23051543153651136,0.00788154924594252,0.12367427467713885,0.7269366506558956,-0.8860464788338368,0.9922239502332815,0.9984447900466563,0.3534687402799378,1.5653986036777496,0.55,24.727272727272727,0.0,20.0,False
success_radius,0.9111111111111112,0.23051543153651136,0.01631975090784437,0.12303420179127746,0.7239602452820989,-0.8311422804997795,0.9922839506172839,0.9992283950617284,0.3543123456790124,1.6228237122297287,0.55,25.181818181818183,0.0,20.0,False
success_radius,0.9111111111111112,0.23051543153651136,0.03379212149580846,0.1231386190736256,0.7104058615832182,-0.7392259840271402,0.9939485627836612,0.9992435703479576,0.3559921331316188,1.703290918469429,0.55,26.363636363636363,0.0,20.0,False
success_radius,0.9111111111111112,0.23051543153651136,0.0699708887492028,0.12204460485820168,0.7024536866890634,-0.5962871038165866,0.9962962962962963,1.0,0.35909629629629636,1.8791126132011413,0.5,26.5,0.0,20.0,False
success_radius,0.9111111111111112,0.23051543153651136,0.14488363132100487,0.12182274922493556,0.6825954616121108,-0.38771044714769753,0.9985652797704447,1.0,0.36136527977044475,2.0290586024522783,0.45,27.555555555555557,0.0,20.0,False
success_radius,0.9111111111111112,0.23051543153651136,0.3,0.12218295667452318,0.6803692956107534,-0.12946035199470607,0.9992897727272727,1.0,0.3620897727272727,2.17437065243721,0.4,27.0,0.0,20.0,False
success_radius,0.9111111111111112,0.5,0.00010000000000000009,0.12251763417439032,0.679589184713858,-0.30216016124419787,0.995,1.0,0.3578,2.1253647089004515,0.4,26.5,0.0,20.0,False
success_radius,0.9111111111111112,0.5,0.00020706272838739032,0.12251763170977166,0.679595520013437,-0.3016219652254974,0.995,1.0,0.3578,2.126499393582344,0.4,26.5,0.0,20.0,False
success_radius,0.9111111111111112,0.5,0.0004287497348723022,0.12251763181982038,0.6796086361693373,-0.30051038074802894,0.995,1.0,0.3578,2.1288452595472336,0.4,26.5,0.0,20.0,False
success_radius,0.9111111111111112,0.5,0.0008877808989802905,0.12251763411445862,0.6782221922214414,-0.29874670833979416,0.9957203994293866,1.0,0.3585203994293866,2.1270406574010847,0.4,26.625,0.0,20.0,False
success_radius,0.9111111111111112,0.5,0.001838263351530691,0.12251763129124067,0.6782759839008494,-0.29405603982593403,0.9957203994293866,1.0,0.3585203994293866,2.137022167444229,0.4,26.625,0.0,20.0,False
success_radius,0.9111111111111112,0.5,0.003806358250624933,0.12251763134676391,0.6783867336317414,-0.28455414042672134,0.9957203994293866,1.0,0.3585203994293866,2.1574482381343842,0.4,26.625,0.0,20.0,False
success_radius,0.9111111111111112,0.5,0.00788154924594252,0.1224488901521555,0.6786139396516394,-0.2668852228822463,0.9957325746799431,1.0,0.35853257467994315,2.1857889771461485,0.4,26.875,0.0,20.0,False
success_radius,0.9111111111111112,0.5,0.01631975090784437,0.12222961544535431,0.6776993778396826,-0.23283557787889592,0.9964589235127479,1.0,0.3592589235127479,2.2478068500757216,0.4,27.25,0.0,20.0,False
success_radius,0.9111111111111112,0.5,0.03379212149580846,0.1220715546354618,0.6691640698517488,-0.17261410519445144,0.9972144846796658,1.0,0.3600144846796658,2.329334130883217,0.4,28.75,0.0,20.0,False
success_radius,0.9111111111111112,0.5,0.0699708887492028,0.12201037770012313,0.6643361117806867,-0.06594017202154222,0.9986244841815681,1.0,0.36142448418156814,2.4722637832164764,0.4,29.875,0.0,20.0,False
success_radius,0.9111111111111112,0.5,0.14488363132100487,0.12235000404288869,0.6627226861312221,0.09955182720721656,0.9986468200270636,1.0,0.36144682002706363,2.563136765360832,0.4,31.375,0.0,20.0,False
success_radius,0.9111111111111112,0.5,0.3,0.12249801882846169,0.6631669762593964,0.3192129709526306,1.0,1.0,0.3628,2.6393909737467767,0.35,30.714285714285715,0.0,20.0,False
success_radius,1.0,0.00010000000000000009,0.00010000000000000009,0.1260078412930176,0.8397905484643121,77.07923082933337,0.14684014869888476,0.24070631970260223,1.2496535315985131,0.8059907913208008,1.0,25.9,0.0,20.0,False
success_radius,1.0,0.00010000000000000009,0.00020706272838739032,0.12600784199033016,0.8397907636140449,61.71855465400291,0.16821561338289961,0.2788104089219331,1.1901739776951672,0.8063427686691285,1.0,25.9,0.0,20.0,False
success_radius,1.0,0.00010000000000000009,0.0004287497348723022,0.1257550058363878,0.8397964789276138,52.560454613799855,0.19202226345083487,0.3274582560296846,1.1177194805194806,0.8024396851658822,1.0,25.95,0.0,20.0,False
success_radius,1.0,0.00010000000000000009,0.0008877808989802905,0.12612538622986705,0.8371327588995194,48.00641191398501,0.23752310536044363,0.378003696857671,1.0216731977818854,0.8027004957199096,1.0,26.05,0.0,20.0,False
success_radius,1.0,0.00010000000000000009,0.001838263351530691,0.12612538503056767,0.8347156754452382,45.590354670813745,0.2887453874538745,0.44095940959409596,0.9074952029520296,0.8343353301286698,1.0,26.1,0.0,20.0,False
success_radius,1.0,0.00010000000000000009,0.003806358250624933,0.12535677805799098,0.8248987490723212,43.95830286151568,0.3427272727272727,0.5018181818181818,0.7926545454545455,0.81475520581007,1.0,26.5,0.0,20.0,False
success_radius,1.0,0.00010000000000000009,0.00788154924594252,0.12478719088193378,0.8187505797386437,43.24781401758967,0.4037769784172662,0.5557553956834532,0.6776676258992806,0.8443237185478211,0.95,26.157894736842106,0.0,20.0,False
success_radius,1.0,0.00010000000000000009,0.01631975090784437,0.12505719886054337,0.7993307674860348,42.79501799028224,0.47627416520210897,0.5852372583479789,0.5756885764499121,0.8593427807092666,0.9,26.166666666666668,0.0,20.0,False
success_radius,1.0,0.00010000000000000009,0.03379212149580846,0.12447674792543924,0.7795053948337747,42.19267811858986,0.5299145299145299,0.5974358974358974,0.5098495726495726,0.9328120738267899,0.8,25.5625,0.0,20.0,False
success_radius,1.0,0.00010000000000000009,0.0699708887492028,0.12314342354790916,0.75609578677678,41.26426833600169,0.551980198019802,0.6006600660066007,0.48455973597359725,1.0696043789386749,0.7,25.142857142857142,0.0,20.0,False
success_radius,1.0,0.00010000000000000009,0.14488363132100487,0.1234809495792161,0.7340809014396152,41.123321017247854,0.5661881977671451,0.6084529505582137,0.46255885167464117,1.2812790632247926,0.6,24.583333333333332,0.0,20.0,False
success_radius,1.0,0.00010000000000000009,0.3,0.12309478676399685,0.7220746428864154,41.000979002646254,0.5677570093457944,0.6090342679127726,0.46040872274143296,1.4698713183403016,0.5,23.2,0.0,20.0,False
success_radius,1.0,0.00021690521830457365,0.00010000000000000009,0.1260078412930176,0.8397905484643121,43.39372907288097,0.17472118959107807,0.2825278810408922,1.1799509293680297,0.8059907913208008,1.0,25.9,0.0,20.0,False
success_radius,1.0,0.00021690521830457365,0.00020706272838739032,0.1260078417148725,0.839790840912269,32.75629070874528,0.19237918215613384,0.31784386617100374,1.1269769516728623,0.8064674258232116,1.0,25.9,0.0,20.0,False
success_radius,1.0,0.00021690521830457365,0.0004287497348723022,0.12575500526877662,0.8397967536344236,25.55680935597702,0.21614100185528756,0.36178107606679033,1.059277922077922,0.8030723676085472,1.0,25.95,0.0,20.0,False
success_radius,1.0,0.00021690521830457365,0.0008877808989802905,0.12612538595544762,0.837136768419071,21.495528688586532,0.25970425138632164,0.41404805914972276,0.9634476894639556,0.8036988049745559,1.0,26.05,0.0,20.0,False
success_radius,1.0,0.00021690521830457365,0.001838263351530691,0.12612538561893039,0.8321661654290924,19.269332380215307,0.30847145488029465,0.4732965009208103,0.855432044198895,0.8237273752689361,1.0,26.15,0.0,20.0,False
success_radius,1.0,0.00021690521830457365,0.003806358250624933,0.1253567796455465,0.8249054221644713,18.063413385292787,0.3618181818181818,0.5345454545454545,0.7408363636363636,0.8157100722193718,1.0,26.5,0.0,20.0,False
success_radius,1.0,0.00021690521830457365,0.00788154924594252,0.12478719145377505,0.8187553559387175,17.566487761103325,0.4244604316546763,0.5872302158273381,0.6255093525179856,0.8450006991624832,0.95,26.157894736842106,0.0,20.0,False
success_radius,1.0,0.00021690521830457365,0.01631975090784437,0.12505720263656647,0.7993344886409726,17.378332826252024,0.4956063268892794,0.6159929701230229,0.5256007029876977,0.8598320096731186,0.9,26.166666666666668,0.0,20.0,False
success_radius,1.0,0.00021690521830457365,0.03379212149580846,0.12447674975031364,0.77950828331794,17.20838514209404,0.5495726495726496,0.6273504273504273,0.46027692307692303,0.933167177438736,0.8,25.5625,0.0,20.0,False
success_radius,1.0,0.00021690521830457365,0.0699708887492028,0.1231434249619016,0.7560980920609234,16.92475109214924,0.570957095709571,0.6311881188118812,0.4350547854785478,1.0698568940162658,0.7,25.142857142857142,0.0,20.0,False
success_radius,1.0,0.00021690521830457365,0.14488363132100487,0.12348094975955048,0.7340824292766447,17.044318106437405,0.5853269537480064,0.6379585326953748,0.4139145135566188,1.2814348489046097,0.6,24.583333333333332,0.0,20.0,False
success_radius,1.0,0.00021690521830457365,0.3,0.12309478772678677,0.7220756437541536,17.16874569925281,0.5872274143302181,0.6386292834890965,0.4113433021806854,1.4699538737535476,0.5,23.2,0.0,20.0,False
success_radius,1.0,0.00047047873727754753,0.00010000000000000009,0.1260078412930176,0.8397905484643121,23.4526397911632,0.21189591078066913,0.3550185873605948,1.070285501858736,0.8059907913208008,1.0,25.9,0.0,20.0,False
success_radius,1.0,0.00047047873727754753,0.00020706272838739032,0.12600784160539613,0.8397910244700986,17.28713433112084,0.22862453531598512,0.3847583643122677,1.0238171003717471,0.8068868070840836,1.0,25.9,0.0,20.0,False
success_radius,1.0,0.00047047873727754753,0.0004287497348723022,0.12575500518946855,0.8397979462210707,12.373514222072009,0.2532467532467532,0.42578849721706863,0.9581647495361783,0.8045942887663842,1.0,25.95,0.0,20.0,False
success_radius,1.0,0.00047047873727754753,0.0008877808989802905,0.12612538553862973,0.8371452742922493,9.17053384996113,0.2902033271719039,0.4731977818853974,0.8737988909426987,0.8058215767145157,1.0,26.05,0.0,20.0,False
success_radius,1.0,0.00047047873727754753,0.001838263351530691,0.12612538556030706,0.8321768954164719,7.298010116576569,0.3397790055248619,0.5285451197053407,0.7688758747697975,0.8257433533668518,1.0,26.15,0.0,20.0,False
success_radius,1.0,0.00047047873727754753,0.003806358250624933,0.12535677856023025,0.8249198145800445,6.312329672863991,0.3881818181818182,0.5918181818181818,0.6572,0.817758172750473,1.0,26.5,0.0,20.0,False
success_radius,1.0,0.00047047873727754753,0.00788154924594252,0.12478719062032896,0.8187658026716792,5.929709085728834,0.4523381294964029,0.6402877697841727,0.5445741007194245,0.8464604198932648,0.95,26.157894736842106,0.0,20.0,False
success_radius,1.0,0.00047047873727754753,0.01631975090784437,0.12505719866242446,0.7993425148306628,5.864031317844947,0.523725834797891,0.6678383128295254,0.4456358523725835,0.8608903139829636,0.9,26.166666666666668,0.0,20.0,False
success_radius,1.0,0.00047047873727754753,0.03379212149580846,0.124476749707231,0.7795146824209604,5.891629520495082,0.5769230769230769,0.6803418803418804,0.37993504273504275,0.9339354306459426,0.8,25.5625,0.0,20.0,False
success_radius,1.0,0.00047047873727754753,0.0699708887492028,0.12314342622961441,0.7561030390689171,5.903586808679277,0.5981848184818482,0.6856435643564357,0.35337161716171606,1.0704040497541427,0.7,25.142857142857142,0.0,20.0,False
success_radius,1.0,0.00047047873727754753,0.14488363132100487,0.12348095136644568,0.7340858685237421,6.140381674809414,0.6116427432216905,0.6913875598086124,0.334169696969697,1.2817724853754044,0.6,24.583333333333332,0.0,20.0,False
success_radius,1.0,0.00047047873727754753,0.3,0.12309478646362391,0.7220777114438045,6.377768960985716,0.6137071651090342,0.6915887850467289,0.3319040498442368,1.470132791996002,0.5,23.2,0.0,20.0,False
success_radius,1.0,0.001020492932168466,0.00010000000000000009,0.1260078412930176,0.8397905356292655,11.101634651520033,0.2695167286245353,0.44981412639405205,0.9178691449814127,0.8060017734766006,1.0,25.9,0.0,20.0,False
success_radius,1.0,0.001020492932168466,0.00020706272838739032,0.12600784190412606,0.8397923854297094,8.215084036485164,0.2825278810408922,0.4767657992565056,0.8779063197026022,0.8085172981023788,1.0,25.9,0.0,20.0,False
success_radius,1.0,0.001020492932168466,0.0004287497348723022,0.12575500470115777,0.8398048351741295,5.42155442583762,0.29777365491651203,0.5120593692022264,0.8273669758812616,0.8085997119545937,1.0,25.95,0.0,20.0,False
success_radius,1.0,0.001020492932168466,0.0008877808989802905,0.12612538526829165,0.8371697769936078,3.262645270247144,0.333641404805915,0.5480591497227357,0.7554994454713493,0.8109609574079514,1.0,26.05,0.0,20.0,False
success_radius,1.0,0.001020492932168466,0.001838263351530691,0.12612538549586833,0.8322109847820067,1.8470464733192478,0.3812154696132597,0.6022099447513812,0.6537745856353591,0.8310464978218078,1.0,26.15,0.0,20.0,False
success_radius,1.0,0.001020492932168466,0.003806358250624933,0.12535677994890765,0.8249499156741521,1.066964893636288,0.43272727272727274,0.6590909090909091,0.5453818181818182,0.8220991879701615,1.0,26.5,0.0,20.0,False
success_radius,1.0,0.001020492932168466,0.00788154924594252,0.12478718894015325,0.8187879847387631,0.7656385018194449,0.49280575539568344,0.710431654676259,0.43396258992805753,0.8495901107788086,0.95,26.157894736842106,0.0,20.0,False
success_radius,1.0,0.001020492932168466,0.01631975090784437,0.12505719890340591,0.7993598882480375,0.7596981770445309,0.5615114235500879,0.7319859402460457,0.34370263620386643,0.8631730943918228,0.9,26.166666666666668,0.0,20.0,False
success_radius,1.0,0.001020492932168466,0.03379212149580846,0.12447675024371137,0.7795283635744545,0.8767347550401312,0.6145299145299146,0.7435897435897436,0.2790803418803418,0.9355975151062011,0.8,25.5625,0.0,20.0,False
success_radius,1.0,0.001020492932168466,0.0699708887492028,0.12314342471020451,0.7561137633651991,1.0230552240285262,0.6344884488448845,0.7491749174917491,0.2535366336633663,1.0715892702341079,0.7,25.142857142857142,0.0,20.0,False
success_radius,1.0,0.001020492932168466,0.14488363132100487,0.12348094979321175,0.7340934977296989,1.3108065060469114,0.6467304625199362,0.7527910685805422,0.2376784688995216,1.282504215836525,0.6,24.583333333333332,0.0,20.0,False
success_radius,1.0,0.001020492932168466,0.3,0.12309478614780685,0.7220823018619233,1.5993409428966725,0.6487538940809969,0.7523364485981309,0.2361096573208722,1.4705202460289002,0.5,23.2,0.0,20.0,False
success_radius,1.0,0.0022135024223027535,0.00010000000000000009,0.12600784128798387,0.8397957154494201,3.801654415194763,0.34107806691449816,0.5845724907063197,0.7115494423791822,0.8102917030453682,1.0,25.9,0.0,20.0,False
success_radius,1.0,0.0022135024223027535,0.00020706272838739032,0.1257550056309792,0.8398154935558331,2.7200073120627093,0.3525046382189239,0.6076066790352505,0.6770886827458256,0.8064677968621254,1.0,25.95,0.0,20.0,False
success_radius,1.0,0.0022135024223027535,0.0004287497348723022,0.12575500677118712,0.8398616710163466,1.4626507840615826,0.37662337662337664,0.6280148423005566,0.6325617810760668,0.8212591424584389,1.0,25.95,0.0,20.0,False
success_radius,1.0,0.0022135024223027535,0.0008877808989802905,0.12612538606866538,0.8321423637498246,0.25601083354722365,0.39871086556169427,0.6685082872928176,0.5699808471454881,0.8008547306060791,1.0,26.15,0.0,20.0,False
success_radius,1.0,0.0022135024223027535,0.001838263351530691,0.12612538827502864,0.8322910497787008,-0.6438183259131544,0.44014732965009207,0.7099447513812155,0.48710791896869243,0.84288210272789,1.0,26.15,0.0,20.0,False
success_radius,1.0,0.0022135024223027535,0.003806358250624933,0.12535677832577524,0.8229220839388557,-1.1994531858705273,0.4900181488203267,0.7586206896551724,0.38856116152450093,0.8198476597666741,1.0,26.55,0.0,20.0,False
success_radius,1.0,0.0022135024223027535,0.00788154924594252,0.12478718827070012,0.818834654287467,-1.4172259060634305,0.5485611510791367,0.8057553956834532,0.28288345323741004,0.8447844415903092,0.9,25.444444444444443,0.0,20.0,False
success_radius,1.0,0.0022135024223027535,0.01631975090784437,0.12505720131151735,0.7993968273327172,-1.3881177957920663,0.6133567662565905,0.819859402460457,0.2039838312829525,0.868063685297966,0.9,26.166666666666668,0.0,20.0,False
success_radius,1.0,0.0022135024223027535,0.03379212149580846,0.12447674971185595,0.7795576949971287,-1.231291265008588,0.6666666666666666,0.82991452991453,0.1406188034188034,0.9391809642314911,0.8,25.5625,0.0,20.0,True
success_radius,1.0,0.0022135024223027535,0.0699708887492028,0.12314342438911498,0.7561371149447553,-1.0254624766925065,0.6864686468646864,0.8366336633663366,0.12163498349834989,1.074151623249054,0.7,25.142857142857142,0.0,20.0,True
success_radius,1.0,0.0022135024223027535,0.14488363132100487,0.12348095020888669,0.7341097621646577,-0.7177596380979928,0.6977671451355661,0.8389154704944178,0.13065167464114835,1.2840888172388076,0.6,24.583333333333332,0.0,20.0,False
success_radius,1.0,0.0022135024223027535,0.3,0.12309478818054558,0.7200801573003432,-0.4063659521610676,0.6990668740279938,0.8405909797822706,0.13027589424572328,1.4652807593345643,0.5,23.3,0.0,20.0,False
success_radius,1.0,0.004801202261272809,0.00010000000000000009,0.12612538717712665,0.8316713764299452,-0.003388260020132705,0.4632352941176471,0.7435661764705882,0.4303985294117647,0.8153487771749497,1.0,26.2,0.0,20.0,False
success_radius,1.0,0.004801202261272809,0.00020706272838739032,0.12587301323607,0.8316895735666373,-0.3253788578254784,0.47339449541284406,0.7486238532110092,0.4151816513761467,0.8101327687501907,1.0,26.25,0.0,20.0,False
success_radius,1.0,0.004801202261272809,0.0004287497348723022,0.12587301387305322,0.8290903120077364,-0.7780861359880478,0.48717948717948717,0.7664835164835165,0.3835369963369963,0.8107379958033561,1.0,26.3,0.0,20.0,False
success_radius,1.0,0.004801202261272809,0.0008877808989802905,0.12565726601600405,0.8248691378324257,-1.3055889143817043,0.5081967213114754,0.7896174863387978,0.33938579234972677,0.7989623308181762,1.0,26.45,0.0,20.0,False
success_radius,1.0,0.004801202261272809,0.001838263351530691,0.12535678019967145,0.8249934667736533,-1.7814287199002132,0.5381818181818182,0.8227272727272728,0.27629090909090903,0.8143622696399688,0.95,25.842105263157894,0.0,20.0,False
success_radius,1.0,0.004801202261272809,0.003806358250624933,0.12491543369897287,0.8212066339655573,-2.1044775200071206,0.5839350180505415,0.868231046931408,0.18503393501805054,0.8333776518702507,0.95,26.05263157894737,0.0,20.0,False
success_radius,1.0,0.004801202261272809,0.00788154924594252,0.12478719279993114,0.8118184290491256,-2.2252947665760834,0.6401785714285714,0.9,0.09702142857142859,0.856781804561615,0.9,25.666666666666668,0.0,20.0,True
success_radius,1.0,0.004801202261272809,0.01631975090784437,0.1250571998168638,0.7980155909618354,-2.1670895151824747,0.6938596491228071,0.9114035087719298,0.054256140350877335,0.89797722697258,0.85,25.470588235294116,0.0,20.0,True
success_radius,1.0,0.004801202261272809,0.03379212149580846,0.1242580774694762,0.7786251935698782,-1.9994923781834895,0.7453151618398637,0.9207836456558773,0.09633151618398639,0.9575458288192749,0.75,24.8,0.0,20.0,True
success_radius,1.0,0.004801202261272809,0.0699708887492028,0.12330338908963769,0.7547463095749584,-1.7653849178951955,0.7623355263157895,0.9243421052631579,0.10979342105263168,1.102311724424362,0.7,25.285714285714285,0.0,20.0,True
success_radius,1.0,0.004801202261272809,0.14488363132100487,0.12348094814273343,0.733509086103008,-1.4524585960062122,0.7722929936305732,0.9267515923566879,0.11734140127388537,1.3227820575237275,0.6,24.666666666666668,0.0,20.0,False
success_radius,1.0,0.004801202261272809,0.3,0.12283436697965042,0.720643534618942,-1.1388742526110307,0.7732919254658385,0.9285714285714286,0.11652049689440991,1.499151846766472,0.5,23.4,0.0,20.0,False
success_radius,1.0,0.010414058246057912,0.00010000000000000009,0.12524383516885268,0.8222689602279887,-1.6761974409323204,0.6099099099099099,0.8747747747747747,0.15251531531531537,0.8026747703552246,0.95,26.105263157894736,0.0,20.0,False
success_radius,1.0,0.010414058246057912,0.00020706272838739032,0.12524383494362396,0.8222826713331787,-1.7487667033073522,0.6153153153153154,0.8801801801801802,0.14170450450450445,0.8073716402053833,0.95,26.105263157894736,0.0,20.0,True
success_radius,1.0,0.010414058246057912,0.0004287497348723022,0.12524383430116393,0.8206317514697764,-1.8655211030540229,0.625,0.8848920863309353,0.1273079136690647,0.8053715094923973,0.95,26.157894736842106,0.0,20.0,True
success_radius,1.0,0.010414058246057912,0.0008877808989802905,0.12524383358879002,0.8206863416466855,-2.0321977415721135,0.6384892086330936,0.9028776978417267,0.09583309352517977,0.8231726750731468,0.95,26.157894736842106,0.0,20.0,True
success_radius,1.0,0.010414058246057912,0.001838263351530691,0.12502864215148304,0.8207918861983503,-2.2161103803236437,0.6642728904847397,0.926391382405745,0.04653572710951526,0.8327612727880478,0.9,25.5,0.0,20.0,True
success_radius,1.0,0.010414058246057912,0.003806358250624933,0.12529507631399128,0.8146791272718145,-2.356361491244927,0.7033747779751333,0.9502664298401421,0.02490834813499121,0.8245782434940339,0.9,25.833333333333332,0.0,20.0,True
success_radius,1.0,0.010414058246057912,0.00788154924594252,0.12516776949395322,0.8064767701056988,-2.3955633400459444,0.7359154929577465,0.9639084507042254,0.06262394366197188,0.8532380044460297,0.85,25.352941176470587,0.0,20.0,True
success_radius,1.0,0.010414058246057912,0.01631975090784437,0.1250985530096604,0.7923745918685169,-2.3087319366027828,0.7937608318890814,0.9722703639514731,0.12883119584055458,0.9072391331195832,0.8,25.0625,0.0,20.0,True
success_radius,1.0,0.010414058246057912,0.03379212149580846,0.12427132098609234,0.7779852854599298,-2.1385603121591594,0.8358714043993232,0.9780033840947546,0.1766747884940778,1.0024897187948227,0.75,25.066666666666666,0.0,20.0,False
success_radius,1.0,0.010414058246057912,0.0699708887492028,0.12364956604431027,0.7511397825790415,-1.8991584971602948,0.8501628664495114,0.9796416938110749,0.19260456026058637,1.1278407514095306,0.7,25.714285714285715,0.0,20.0,False
success_radius,1.0,0.010414058246057912,0.14488363132100487,0.12359504967511596,0.7272397923169608,-1.5872520398500223,0.8588328075709779,0.9818611987381703,0.20349400630914827,1.3476426780223847,0.55,23.90909090909091,0.0,20.0,False
success_radius,1.0,0.010414058246057912,0.3,0.12295008721892009,0.7186847405324197,-1.2725896318324583,0.8603395061728395,0.9822530864197531,0.20539259259259257,1.5462110340595245,0.5,23.8,0.0,20.0,False
success_radius,1.0,0.02258863577297737,0.00010000000000000009,0.1252950746291556,0.8182867928838179,-2.1275160457884708,0.755338078291815,0.951067615658363,0.07607046263345207,0.9005975723266602,0.9,25.77777777777778,0.0,20.0,True
success_radius,1.0,0.02258863577297737,0.00020706272838739032,0.12529507517911254,0.8182973154299058,-2.139777961009142,0.7580071174377224,0.9537366548042705,0.07607046263345196,0.8930934369564056,0.85,25.0,0.0,20.0,True
success_radius,1.0,0.02258863577297737,0.0004287497348723022,0.12529507843345203,0.8183185662253832,-2.161561315161334,0.7615658362989324,0.9572953736654805,0.08166120996441284,0.899922901391983,0.85,25.0,0.0,20.0,True
success_radius,1.0,0.02258863577297737,0.0008877808989802905,0.12529507695010667,0.8157631479871138,-2.1976302168288684,0.7673179396092362,0.9635879218472468,0.09370586145648307,0.9025444537401199,0.85,25.058823529411764,0.0,20.0,True
success_radius,1.0,0.02258863577297737,0.001838263351530691,0.12529507607369733,0.811691437900909,-2.2378332183091953,0.7893805309734513,0.9716814159292035,0.12386194690265484,0.9075903981924057,0.85,25.176470588235293,0.0,20.0,True
success_radius,1.0,0.02258863577297737,0.003806358250624933,0.12516777191537568,0.805111946356598,-2.2614600956821604,0.8105263157894737,0.9850877192982456,0.15841403508771923,0.9035394042730331,0.85,25.470588235294116,0.0,20.0,False
success_radius,1.0,0.02258863577297737,0.00788154924594252,0.12509855491316416,0.7969552815953193,-2.241062678202152,0.8426086956521739,0.9886956521739131,0.194104347826087,0.9269933149218559,0.8,24.9375,0.0,20.0,False
success_radius,1.0,0.02258863577297737,0.01631975090784437,0.12452828432886677,0.7840029505781037,-2.148600572014165,0.8940170940170941,0.994017094017094,0.2508341880341881,0.9625709444284439,0.75,24.666666666666668,0.0,20.0,False
success_radius,1.0,0.02258863577297737,0.03379212149580846,0.12398033152934891,0.7682855986869528,-1.9767661970730461,0.9190317195325542,0.9974958263772955,0.27932754590984976,1.051707124710083,0.7,24.642857142857142,0.0,20.0,False
success_radius,1.0,0.02258863577297737,0.0699708887492028,0.1238880041114114,0.7473452311144506,-1.742770125128884,0.9296116504854369,0.9983818770226537,0.2907935275080906,1.2127267301082612,0.6,23.833333333333332,0.0,20.0,False
success_radius,1.0,0.02258863577297737,0.14488363132100487,0.12356480283243985,0.7255209185548025,-1.4499920998322584,0.9373040752351097,1.0,0.30010407523510974,1.438156110048294,0.55,24.272727272727273,0.0,20.0,False
success_radius,1.0,0.02258863577297737,0.3,0.12303529793478933,0.7098210097893592,-1.1257606006717549,0.9396946564885497,1.0,0.3024946564885497,1.6182322084903717,0.5,24.5,0.0,20.0,False
success_radius,1.0,0.04899592973540154,0.00010000000000000009,0.12484948989912306,0.7911263191308545,-1.977922800499574,0.8900343642611683,0.9845360824742269,0.2373704467353952,0.9527102947235108,0.8,25.375,0.0,20.0,False
success_radius,1.0,0.04899592973540154,0.00020706272838739032,0.12484949039831497,0.7911340873554957,-1.978070494313058,0.8900343642611683,0.9853951890034365,0.23822955326460482,0.9552399858832359,0.8,25.375,0.0,20.0,False
success_radius,1.0,0.04899592973540154,0.0004287497348723022,0.12484949052910768,0.7911500857655468,-1.978076052668813,0.8926116838487973,0.9853951890034365,0.2408068728522338,0.9502218201756477,0.75,24.466666666666665,0.0,20.0,False
success_radius,1.0,0.04899592973540154,0.0008877808989802905,0.12484948852253741,0.7911830689463751,-1.977015692620983,0.897766323024055,0.9862542955326461,0.24682061855670112,0.950257582962513,0.7,23.428571428571427,0.0,20.0,False
success_radius,1.0,0.04899592973540154,0.001838263351530691,0.12484948996648629,0.7912499096926947,-1.9715868315897938,0.9029209621993127,0.9896907216494846,0.2554116838487973,0.9710327759385109,0.7,23.428571428571427,0.0,20.0,False
success_radius,1.0,0.04899592973540154,0.003806358250624933,0.12484948872656591,0.7873095249794476,-1.9535693658784645,0.9195205479452054,0.9914383561643836,0.27375890410958903,0.9918394178152085,0.7,23.571428571428573,0.0,20.0,False
success_radius,1.0,0.04899592973540154,0.00788154924594252,0.12484948845390696,0.7801933466108308,-1.9044722137509413,0.9430272108843537,0.9931972789115646,0.29902448979591834,1.0275736629962922,0.7,23.857142857142858,0.0,20.0,False
success_radius,1.0,0.04899592973540154,0.01631975090784437,0.12427323273413762,0.7770513123308198,-1.8141418710892239,0.9613445378151261,0.9957983193277311,0.3199428571428572,1.0811374634504318,0.65,23.23076923076923,0.0,20.0,False
success_radius,1.0,0.04899592973540154,0.03379212149580846,0.12409341258270251,0.7570820592144756,-1.6542114236418615,0.9761513157894737,0.9975328947368421,0.33648421052631583,1.1885798811912536,0.65,24.23076923076923,0.0,20.0,False
success_radius,1.0,0.04899592973540154,0.0699708887492028,0.12375973161880194,0.7409056463738409,-1.4438982171177095,0.9808,0.9992,0.3428,1.3535053223371505,0.55,23.09090909090909,0.0,20.0,False
success_radius,1.0,0.04899592973540154,0.14488363132100487,0.12349490456776714,0.7193240869109678,-1.1655587000575256,0.9868217054263566,1.0,0.3496217054263566,1.5785371780395507,0.5,23.5,0.0,20.0,False
success_radius,1.0,0.04899592973540154,0.3,0.12282941353181111,0.7058872606953498,-0.8555145038163278,0.9878971255673222,1.0,0.35069712556732224,1.7608392000198365,0.5,25.1,0.0,20.0,False
success_radius,1.0,0.10627472835292812,0.00010000000000000009,0.12456994273361398,0.7774520150146299,-1.5284032203136921,0.9608333333333333,0.9933333333333333,0.3169666666666666,1.1721396028995514,0.6,22.333333333333332,0.0,20.0,False
success_radius,1.0,0.10627472835292812,0.00020706272838739032,0.12456994344852461,0.7774586291319836,-1.5271187884961308,0.9616666666666667,0.9941666666666666,0.3186333333333333,1.1739780128002166,0.6,22.333333333333332,0.0,20.0,False
success_radius,1.0,0.10627472835292812,0.0004287497348723022,0.12456994025465319,0.7774722129939622,-1.5244600691114814,0.9616666666666667,0.9941666666666666,0.3186333333333333,1.1777622759342194,0.6,22.333333333333332,0.0,20.0,False
success_radius,1.0,0.10627472835292812,0.0008877808989802905,0.1245699420532723,0.7756646776570433,-1.519604099509673,0.9625623960066556,0.9941763727121464,0.31953876871880205,1.1760602623224259,0.6,22.416666666666668,0.0,20.0,False
success_radius,1.0,0.10627472835292812,0.001838263351530691,0.124436041024932,0.7744360796825427,-1.509200098898896,0.9635157545605307,0.9941956882255389,0.3205114427860697,1.1734558999538423,0.6,22.583333333333332,0.0,20.0,False
success_radius,1.0,0.10627472835292812,0.003806358250624933,0.12443604159516282,0.7745653980343427,-1.4858798685881875,0.9693200663349917,0.9950248756218906,0.32714494195688226,1.205040055513382,0.6,22.583333333333332,0.0,20.0,False
success_radius,1.0,0.10627472835292812,0.00788154924594252,0.12402877074382222,0.7682126229743681,-1.445290871092691,0.9794069192751236,0.9967051070840197,0.3389120263591433,1.2283721894025803,0.6,22.916666666666668,0.0,20.0,False
success_radius,1.0,0.10627472835292812,0.01631975090784437,0.12402876909018057,0.7577211956831158,-1.3657923584400846,0.9877650897226754,0.99836867862969,0.34893376835236545,1.2881152868270873,0.6,23.416666666666668,0.0,20.0,False
success_radius,1.0,0.10627472835292812,0.03379212149580846,0.12387544524797893,0.7428186095688548,-1.238465672054296,0.9912140575079872,0.9984025559105432,0.35241661341853037,1.3702421754598617,0.55,23.181818181818183,0.0,20.0,False
success_radius,1.0,0.10627472835292812,0.0699708887492028,0.12377866850053576,0.7283015984783079,-1.0540290975559299,0.99453125,1.0,0.35733125,1.5694123774766922,0.55,24.454545454545453,0.0,20.0,False
success_radius,1.0,0.10627472835292812,0.14488363132100487,0.12294566793716925,0.7067619833781655,-0.8093753392587644,0.997737556561086,1.0,0.360537556561086,1.7619062393903733,0.5,25.3,0.0,20.0,False
success_radius,1.0,0.10627472835292812,0.3,0.12246869534325924,0.6987490111907271,-0.5217110174455726,0.9985163204747775,1.0,0.36131632047477746,1.9427237808704376,0.5,26.4,0.0,20.0,False
success_radius,1.0,0.23051543153651136,0.00010000000000000009,0.12361219914021819,0.7394248584442589,-0.9430577635498294,0.9873817034700315,0.998422712933754,0.3486044164037855,1.540956273674965,0.55,23.90909090909091,0.0,20.0,False
success_radius,1.0,0.23051543153651136,0.00020706272838739032,0.12361220103343085,0.739431727784158,-0.9421048089263218,0.9881703470031545,0.998422712933754,0.3493930599369085,1.5423776835203171,0.55,23.90909090909091,0.0,20.0,False
success_radius,1.0,0.23051543153651136,0.0004287497348723022,0.12361219939653217,0.7394460798604747,-0.9401402126472551,0.9889589905362776,0.998422712933754,0.3501817034700315,1.5453130394220351,0.55,23.90909090909091,0.0,20.0,False
success_radius,1.0,0.23051543153651136,0.0008877808989802905,0.12361219934066603,0.7394756110593436,-0.9361085797464133,0.9897476340694006,0.998422712933754,0.35097034700315455,1.5513537555933,0.55,23.90909090909091,0.0,20.0,False
success_radius,1.0,0.23051543153651136,0.001838263351530691,0.12361220015861601,0.7395366412702689,-0.9279110658567066,0.9897476340694006,0.998422712933754,0.35097034700315455,1.56370929479599,0.55,23.90909090909091,0.0,20.0,False
success_radius,1.0,0.23051543153651136,0.003806358250624933,0.12357064162769739,0.7358954445005861,-0.9138168267149294,0.9897959183673469,0.9984301412872841,0.3510260596546311,1.5644719749689102,0.55,24.181818181818183,0.0,20.0,False
success_radius,1.0,0.23051543153651136,0.00788154924594252,0.12357064202659734,0.7343503588365949,-0.882699575702974,0.9921630094043887,0.9984326018808778,0.35339561128526653,1.6064536929130555,0.55,24.272727272727273,0.0,20.0,False
success_radius,1.0,0.23051543153651136,0.01631975090784437,0.12326112006639339,0.7330511492974484,-0.8261846031674663,0.9921875,0.99921875,0.35420625000000006,1.686578419804573,0.55,24.454545454545453,0.0,20.0,False
success_radius,1.0,0.23051543153651136,0.03379212149580846,0.12325468984963775,0.7163408011159929,-0.7364688517637783,0.9938931297709923,0.999236641221374,0.35592977099236633,1.745053431391716,0.55,25.818181818181817,0.0,20.0,False
success_radius,1.0,0.23051543153651136,0.0699708887492028,0.12244821565136699,0.7073498925950928,-0.595827773816563,0.996268656716418,1.0,0.35906865671641797,1.9109500914812088,0.5,26.0,0.0,20.0,False
success_radius,1.0,0.23051543153651136,0.14488363132100487,0.12188512953603166,0.6850960752668404,-0.38675070478170404,0.9985549132947977,1.0,0.36135491329479774,2.0610618978738784,0.45,27.0,0.0,20.0,False
success_radius,1.0,0.23051543153651136,0.3,0.12225479482118318,0.6831467076118983,-0.13257045413312085,0.9992867332382311,1.0,0.36208673323823115,2.19130657017231,0.4,26.625,0.0,20.0,False
success_radius,1.0,0.5,0.00010000000000000009,0.12231329307018943,0.6866356051817132,-0.29742267822460977,0.9949348769898697,1.0,0.3577348769898697,2.1977777034044266,0.5,28.1,0.0,20.0,False
success_radius,1.0,0.5,0.00020706272838739032,0.12231329045686049,0.6866420734036098,-0.29689021796347476,0.9949348769898697,1.0,0.3577348769898697,2.198892229795456,0.5,28.1,0.0,20.0,False
success_radius,1.0,0.5,0.0004287497348723022,0.12231329069781867,0.6866554627012591,-0.29579045249372987,0.9949348769898697,1.0,0.3577348769898697,2.2011963039636613,0.5,28.1,0.0,20.0,False
success_radius,1.0,0.5,0.0008877808989802905,0.12231329283941833,0.6866830704878344,-0.29352518602601746,0.9956584659913169,1.0,0.3584584659913169,2.199711713194847,0.45,26.88888888888889,0.0,20.0,False
success_radius,1.0,0.5,0.001838263351530691,0.1222012799310451,0.6867401216782286,-0.2894579740445897,0.9956647398843931,1.0,0.3584647398843931,2.2028994858264923,0.45,27.0,0.0,20.0,False
success_radius,1.0,0.5,0.003806358250624933,0.12220127983604252,0.6851759758320833,-0.2805048565343346,0.9956709956709957,1.0,0.3584709956709957,2.216531127691269,0.45,27.11111111111111,0.0,20.0,False
success_radius,1.0,0.5,0.00788154924594252,0.12215610013150462,0.6823928683160105,-0.2632235618638897,0.9956896551724138,1.0,0.3584896551724138,2.237951770424843,0.45,27.444444444444443,0.0,20.0,False
success_radius,1.0,0.5,0.01631975090784437,0.12214742393537567,0.6828581494000967,-0.23043481154718004,0.9964336661911555,1.0,0.3592336661911555,2.280044960975647,0.4,26.625,0.0,20.0,False
success_radius,1.0,0.5,0.03379212149580846,0.12222961375568074,0.6755144214211319,-0.16792584125231994,0.9971751412429378,1.0,0.35997514124293783,2.3906021654605865,0.4,27.5,0.0,20.0,False
success_radius,1.0,0.5,0.0699708887492028,0.12207831051607962,0.6690612778845675,-0.06633653429817456,0.9986149584487535,1.0,0.3614149584487535,2.4990098118782043,0.4,29.25,0.0,20.0,False
success_radius,1.0,0.5,0.14488363132100487,0.12247154315275083,0.6681900392700224,0.09329835738237567,0.9986244841815681,1.0,0.36142448418156814,2.619447556138039,0.4,29.875,0.0,20.0,False
success_radius,1.0,0.5,0.3,0.12235000601059448,0.6678240889014584,0.30422973008133763,1.0,1.0,0.3628,2.6873198956251145,0.4,30.375,0.0,20.0,False
