sweep_param,sweep_value,sigma_visible,odom_noise,mean_err_visible,mean_err_occluded,calibration_nll,coverage_1sigma,coverage_2sigma,coverage_deviation,mean_final_dist,advance_rate,mean_steps_to_advance,false_advance_rate,n_episodes,viable
baseline,,0.00010000000000000009,0.00010000000000000009,0.12499573258222743,0.7992514069953834,75.51361904693974,0.14335664335664336,0.2368881118881119,1.2569552447552448,0.41100404411554337,0.9,26.333333333333332,0.0,20.0,False
baseline,,0.00010000000000000009,0.00020706272838739032,0.12499573324696281,0.7992516717068799,60.46032895662273,0.16346153846153846,0.2744755244755245,1.199262937062937,0.41159732416272166,0.9,26.333333333333332,0.0,20.0,False
baseline,,0.00010000000000000009,0.0004287497348723022,0.12499573305304672,0.7992536642617203,51.58297368020837,0.18706293706293706,0.32255244755244755,1.1275846153846154,0.41999845802783964,0.9,26.333333333333332,0.0,20.0,False
baseline,,0.00010000000000000009,0.0008877808989802905,0.12499573296990303,0.7980498419819769,46.789641494378344,0.231239092495637,0.37783595113438045,1.0281249563699826,0.4357739623636007,0.9,26.38888888888889,0.0,20.0,False
baseline,,0.00010000000000000009,0.001838263351530691,0.12480202241279278,0.7896183674596632,44.188661280684165,0.28324697754749567,0.4481865284974093,0.9057664939550951,0.41416761130094526,0.85,26.0,0.0,20.0,False
baseline,,0.00010000000000000009,0.003806358250624933,0.12480202485855287,0.78441362100684,42.9892679040467,0.3445017182130584,0.5137457044673539,0.7789525773195877,0.4412832104368135,0.85,26.176470588235293,0.0,20.0,False
baseline,,0.00010000000000000009,0.00788154924594252,0.12424213399755776,0.7718880404667056,42.033095471501056,0.41539763113367173,0.5685279187817259,0.6532744500846024,0.4352665102109313,0.75,25.066666666666666,0.0,20.0,False
baseline,,0.00010000000000000009,0.01631975090784437,0.12388422506310386,0.7621351722041664,41.64381594346005,0.48668885191347755,0.591514143094842,0.5589970049916805,0.5119297929108143,0.75,25.733333333333334,0.0,20.0,False
baseline,,0.00010000000000000009,0.03379212149580846,0.12388659204583297,0.7429606000289278,41.37947156587567,0.5356564019448946,0.6012965964343598,0.5002470016207455,0.6040893271565437,0.7,25.928571428571427,0.0,20.0,False
baseline,,0.00010000000000000009,0.0699708887492028,0.12360833740228552,0.7190295378595739,40.85875529930155,0.5603448275862069,0.6089341692789969,0.46792100313479623,0.7675573505461216,0.6,25.5,0.0,20.0,False
baseline,,0.00010000000000000009,0.14488363132100487,0.12323102406416121,0.6993401136160282,40.41966674064345,0.5721884498480243,0.6139817629179332,0.4510297872340425,1.0270722649991513,0.5,24.8,0.0,20.0,False
baseline,,0.00010000000000000009,0.3,0.12259932759290312,0.6836715692303105,39.951949642930906,0.577893175074184,0.6186943620178041,0.4406124629080118,1.2455786809325218,0.5,26.4,0.0,20.0,False
baseline,,0.00021690521830457365,0.00010000000000000009,0.12499573258222743,0.7992514069953834,42.45424348958553,0.17132867132867133,0.27884615384615385,1.1870251748251748,0.41100404411554337,0.9,26.333333333333332,0.0,20.0,False
baseline,,0.00021690521830457365,0.00020706272838739032,0.12499573298388636,0.7992517562588344,32.006804834463125,0.18793706293706294,0.3138111888111888,1.1354517482517483,0.41175525113940237,0.9,26.333333333333332,0.0,20.0,False
baseline,,0.00021690521830457365,0.0004287497348723022,0.12499573251603807,0.7992535584183977,25.003200418710744,0.21153846153846154,0.35664335664335667,1.0690181818181816,0.42064534574747087,0.9,26.333333333333332,0.0,20.0,False
baseline,,0.00021690521830457365,0.0008877808989802905,0.12499573295079297,0.7980533407068506,20.885046877930108,0.25392670157068065,0.41361256544502617,0.9696607329842932,0.43656452652066946,0.9,26.38888888888889,0.0,20.0,False
baseline,,0.00021690521830457365,0.001838263351530691,0.12480202299398813,0.7896231126365384,18.626221433010596,0.30310880829015546,0.4792746113989637,0.8548165803108808,0.41490502581000327,0.85,26.0,0.0,20.0,False
baseline,,0.00021690521830457365,0.003806358250624933,0.12480202637187186,0.784420035545051,17.60310676306985,0.3642611683848797,0.5446735395189003,0.72826529209622,0.44219561032950877,0.85,26.176470588235293,0.0,20.0,False
baseline,,0.00021690521830457365,0.00788154924594252,0.12424213453034973,0.771892795600588,17.01255626629076,0.4357021996615905,0.5981387478849408,0.6033590524534687,0.4359514323994517,0.75,25.066666666666666,0.0,20.0,False
baseline,,0.00021690521830457365,0.01631975090784437,0.1238842287708792,0.7621387976324393,16.8505763976971,0.5066555740432612,0.6206322795341098,0.5099121464226289,0.5124003492295742,0.75,25.733333333333334,0.0,20.0,False
baseline,,0.00021690521830457365,0.03379212149580846,0.12388659372590957,0.7429634713764767,16.83865205784425,0.5559157212317666,0.6304700162074555,0.45081426256077795,0.604454505443573,0.7,25.928571428571427,0.0,20.0,False
baseline,,0.00021690521830457365,0.0699708887492028,0.12360833884014583,0.7190316916354332,16.75595533536868,0.5799373040752351,0.6379310344827587,0.4193316614420062,0.7678269281983375,0.6,25.5,0.0,20.0,False
baseline,,0.00021690521830457365,0.14488363132100487,0.12323102427795456,0.6993416195665543,16.739667114386027,0.5919452887537994,0.6428571428571429,0.4023975683890577,1.0272374883294106,0.5,24.8,0.0,20.0,False
baseline,,0.00021690521830457365,0.3,0.12259932847445264,0.6836725408162088,16.72647623223516,0.5979228486646885,0.6468842729970327,0.39239287833827885,1.245664468407631,0.5,26.4,0.0,20.0,False
baseline,,0.00047047873727754753,0.00010000000000000009,0.12499573258222743,0.7992514069953834,22.903881745892804,0.2089160839160839,0.3505244755244755,1.0777594405594406,0.41100404411554337,0.9,26.333333333333332,0.0,20.0,False
baseline,,0.00047047873727754753,0.00020706272838739032,0.12499573287560795,0.7992517922357176,16.83000201952294,0.22465034965034966,0.3793706293706294,1.0331790209790208,0.41225508227944374,0.9,26.333333333333332,0.0,20.0,False
baseline,,0.00047047873727754753,0.0004287497348723022,0.12499573244068132,0.7992537775897245,12.037508728913949,0.2491258741258741,0.42132867132867136,0.9667454545454546,0.4221870705485344,0.9,26.333333333333332,0.0,20.0,False
baseline,,0.00047047873727754753,0.0008877808989802905,0.12499573253693058,0.7980607487356632,8.845044309893403,0.28534031413612565,0.4720767888307155,0.8797828970331588,0.4382509127259254,0.9,26.38888888888889,0.0,20.0,False
baseline,,0.00047047873727754753,0.001838263351530691,0.12480202291846622,0.78963332307173,6.964087144152143,0.33506044905008636,0.5354058721934369,0.7667336787564767,0.4164851874113083,0.85,26.0,0.0,20.0,False
baseline,,0.00047047873727754753,0.003806358250624933,0.12480202515300093,0.7844338889204128,6.084689650012389,0.3917525773195876,0.602233676975945,0.6432137457044673,0.44417169140651824,0.85,26.176470588235293,0.0,20.0,False
baseline,,0.00047047873727754753,0.00788154924594252,0.12424213364382264,0.7719031678027077,5.676288896339034,0.46277495769881555,0.6514382402707276,0.5229868020304569,0.43742945957928897,0.75,25.066666666666666,0.0,20.0,False
baseline,,0.00047047873727754753,0.01631975090784437,0.12388422487321128,0.7621466262663106,5.621276941495691,0.5332778702163061,0.6738768718801996,0.43004525790349424,0.5134194098412991,0.75,25.733333333333334,0.0,20.0,False
baseline,,0.00047047873727754753,0.03379212149580846,0.12388659361061603,0.7429698222661204,5.724055674256714,0.5826580226904376,0.6839546191247974,0.37058735818476496,0.6052447602152824,0.7,25.928571428571427,0.0,20.0,False
baseline,,0.00047047873727754753,0.0699708887492028,0.12360833998210087,0.7190363130622623,5.840454245601376,0.6057993730407524,0.6904388714733543,0.34096175548589336,0.7684111446142197,0.6,25.5,0.0,20.0,False
baseline,,0.00047047873727754753,0.14488363132100487,0.12323102584118355,0.6993450058287095,6.016745997053702,0.6177811550151976,0.6945288753799392,0.32488996960486316,1.0275955647230148,0.5,24.8,0.0,20.0,False
baseline,,0.00047047873727754753,0.3,0.12259932726518219,0.6836745445129465,6.210869140154006,0.6231454005934718,0.6995548961424333,0.31449970326409493,1.2458503693342209,0.5,26.4,0.0,20.0,False
baseline,,0.001020492932168466,0.00010000000000000009,0.12499573259544737,0.7992513950920155,10.793543724258047,0.2666083916083916,0.44493006993006995,0.9256615384615385,0.41105747371912005,0.9,26.333333333333332,0.0,20.0,False
baseline,,0.001020492932168466,0.00020706272838739032,0.12499573317936537,0.7992522946949873,7.940580994228845,0.27884615384615385,0.47115384615384615,0.8872,0.41404334753751754,0.9,26.333333333333332,0.0,20.0,False
baseline,,0.001020492932168466,0.0004287497348723022,0.12499573217504224,0.7980292837432823,5.215825915138644,0.2940663176265271,0.506108202443281,0.8370254799301919,0.42206947691738605,0.9,26.38888888888889,0.0,20.0,False
baseline,,0.001020492932168466,0.0008877808989802905,0.12499573227909923,0.7980828447650223,3.0770779146754994,0.32897033158813266,0.5497382198952879,0.7584914485165795,0.4423842023126781,0.9,26.38888888888889,0.0,20.0,False
baseline,,0.001020492932168466,0.001838263351530691,0.12480202255786296,0.7879848755845746,1.6567326164876504,0.3775862068965517,0.6086206896551725,0.6509931034482759,0.40959953181445596,0.85,26.058823529411764,0.0,20.0,False
baseline,,0.001020492932168466,0.003806358250624933,0.12480202645416343,0.7820858725750761,0.9361815469422333,0.4365351629502573,0.6698113207547169,0.5308535162950258,0.43686127634719013,0.85,26.235294117647058,0.0,20.0,False
baseline,,0.001020492932168466,0.00788154924594252,0.12424213211374494,0.7719252370748387,0.6469189470483462,0.5008460236886633,0.7191201353637902,0.41723384094754656,0.4406031101942062,0.75,25.066666666666666,0.0,20.0,False
baseline,,0.001020492932168466,0.01631975090784437,0.12388422516629741,0.7600498763982645,0.6400953875599757,0.5697674418604651,0.7383720930232558,0.32906046511627907,0.5049666225910187,0.75,25.8,0.0,20.0,False
baseline,,0.001020492932168466,0.03379212149580846,0.12388659430119137,0.7429833897526136,0.8000910015099055,0.6183144246353323,0.7463533225283631,0.27253225283630467,0.6069550126791,0.7,25.928571428571427,0.0,20.0,False
baseline,,0.001020492932168466,0.0699708887492028,0.123608338508952,0.719046343317539,1.0051716684392433,0.640282131661442,0.7507836990595611,0.2461341692789969,0.7696768745779992,0.6,25.5,0.0,20.0,False
baseline,,0.001020492932168466,0.14488363132100487,0.12323102430672195,0.699352515917504,1.2676893312200932,0.6519756838905775,0.7537993920972644,0.23142492401215808,1.0283716894686221,0.5,24.8,0.0,20.0,False
baseline,,0.001020492932168466,0.3,0.12259932697697982,0.6836789953822787,1.5550314298309305,0.6580118694362018,0.7574183976261127,0.22176973293768543,1.2462529942393303,0.5,26.4,0.0,20.0,False
baseline,,0.0022135024223027535,0.00010000000000000009,0.12499573260075925,0.7992542279048438,3.629521877621,0.33653846153846156,0.5812937062937062,0.7193678321678322,0.41563706025481223,0.9,26.333333333333332,0.0,20.0,False
baseline,,0.0022135024223027535,0.00020706272838739032,0.12499573285457588,0.7980408417085426,2.5906329082416164,0.3481675392670157,0.6029668411867365,0.6860656195462478,0.4201638001948595,0.9,26.38888888888889,0.0,20.0,False
baseline,,0.0022135024223027535,0.0004287497348723022,0.12499573396456931,0.7980792606009994,1.338495052071113,0.3726003490401396,0.6265270506108203,0.6380726003490401,0.43204093631356955,0.9,26.38888888888889,0.0,20.0,False
baseline,,0.0022135024223027535,0.0008877808989802905,0.12499573283713296,0.7932505234976553,0.13977215339454113,0.39565217391304347,0.671304347826087,0.5702434782608696,0.43068175041116774,0.9,26.5,0.0,20.0,False
baseline,,0.0022135024223027535,0.001838263351530691,0.12480202536844891,0.7880609401068642,-0.7580830428149768,0.4387931034482759,0.7146551724137931,0.48375172413793105,0.41915826238691806,0.85,26.058823529411764,0.0,20.0,False
baseline,,0.0022135024223027535,0.003806358250624933,0.12480202508865781,0.7821459005456619,-1.2752810284921658,0.49485420240137223,0.7667238421955404,0.3756219554030874,0.4457404688000679,0.85,26.235294117647058,0.0,20.0,False
baseline,,0.0022135024223027535,0.00788154924594252,0.12424213146783998,0.7719716559349925,-1.4771815410896614,0.5575296108291032,0.8121827411167513,0.2674876480541455,0.4473446633666754,0.75,25.066666666666666,0.0,20.0,False
baseline,,0.0022135024223027535,0.01631975090784437,0.12388422739468886,0.7600864215578088,-1.446959646600192,0.6229235880398671,0.8264119601328903,0.18786445182724254,0.5097354434430599,0.75,25.8,0.0,20.0,False
baseline,,0.0022135024223027535,0.03379212149580846,0.12388659375018016,0.7430125131027961,-1.2682349494382084,0.6709886547811994,0.8346839546191248,0.13152739059967578,0.6106450378894805,0.7,25.928571428571427,0.0,20.0,True
baseline,,0.0022135024223027535,0.0699708887492028,0.1236083382589274,0.719068182143414,-1.0259372171835608,0.6904388714733543,0.8385579937304075,0.12368087774294678,0.7620861977338791,0.55,24.272727272727273,0.0,20.0,False
baseline,,0.0022135024223027535,0.14488363132100487,0.12323102465353535,0.699368537376368,-0.7266854325600068,0.7006079027355623,0.8427051671732523,0.12970273556231005,1.030052550882101,0.5,24.8,0.0,20.0,False
baseline,,0.0022135024223027535,0.3,0.12259932897472585,0.6836886716017947,-0.39899104930744334,0.7062314540059347,0.8456973293768546,0.13233412462908012,1.247125792503357,0.5,26.4,0.0,20.0,False
baseline,,0.004801202261272809,0.00010000000000000009,0.1245211378870973,0.7927767319651857,-0.10843917584139688,0.46113989637305697,0.7426597582037997,0.4334003454231433,0.40063530281186105,0.85,26.0,0.0,20.0,False
baseline,,0.004801202261272809,0.00020706272838739032,0.12452113858645715,0.792793516492999,-0.42262954202065534,0.47063903281519864,0.7487046632124352,0.4178563039723661,0.406032266234979,0.85,26.0,0.0,20.0,False
baseline,,0.004801202261272809,0.0004287497348723022,0.12452113911026035,0.7904224625644993,-0.8742996896851797,0.4853448275862069,0.7681034482758621,0.383751724137931,0.40609578443691136,0.85,26.058823529411764,0.0,20.0,False
baseline,,0.004801202261272809,0.0008877808989802905,0.12458212733934991,0.7834371817980831,-1.389930331393884,0.505982905982906,0.7923076923076923,0.33890940170940176,0.3910880506038666,0.85,26.352941176470587,0.0,20.0,False
baseline,,0.004801202261272809,0.001838263351530691,0.12458212819334917,0.7835462698305946,-1.8493178465492521,0.5384615384615384,0.8282051282051283,0.2705333333333333,0.421329540014267,0.85,26.352941176470587,0.0,20.0,False
baseline,,0.004801202261272809,0.003806358250624933,0.12458212813213888,0.7758490523682229,-2.1544401825089707,0.5882852292020373,0.8743633276740238,0.1745514431239389,0.4259586177766323,0.8,25.8125,0.0,20.0,False
baseline,,0.004801202261272809,0.00788154924594252,0.1238858024068325,0.7709647359051818,-2.2750824256978412,0.644891122278057,0.9045226130653267,0.08778626465661632,0.4377017866820097,0.75,25.466666666666665,0.0,20.0,True
baseline,,0.004801202261272809,0.01631975090784437,0.12367516935463937,0.7544828227965282,-2.2122848287209265,0.7042833607907742,0.9159802306425041,0.06010313014827018,0.5055228479206562,0.75,26.133333333333333,0.0,20.0,True
baseline,,0.004801202261272809,0.03379212149580846,0.12368105264020068,0.7435619313671143,-2.0234726483528442,0.7479806138933764,0.9232633279483037,0.0965172859450728,0.6372992128133774,0.7,26.071428571428573,0.0,20.0,True
baseline,,0.004801202261272809,0.0699708887492028,0.123408724554307,0.7162352165361787,-1.7658498470271682,0.764797507788162,0.92601246105919,0.11058504672897207,0.7751579225063324,0.55,24.636363636363637,0.0,20.0,False
baseline,,0.004801202261272809,0.14488363132100487,0.12307956133025548,0.6930042552456083,-1.4536066153988834,0.7744360902255639,0.9300751879699248,0.11616090225563913,1.025756011158228,0.5,25.5,0.0,20.0,False
baseline,,0.004801202261272809,0.3,0.12241257887755846,0.678007892409707,-1.1048661353890579,0.7794117647058824,0.9316176470588236,0.11959411764705885,1.2510361418128013,0.5,27.0,0.0,20.0,False
baseline,,0.010414058246057912,0.00010000000000000009,0.12439556278999943,0.7808451405949761,-1.7288884897923127,0.6045918367346939,0.8741496598639455,0.15845850340136058,0.4220685075968504,0.8,25.75,0.0,20.0,False
baseline,,0.010414058246057912,0.00020706272838739032,0.1243955626829379,0.7808567644396971,-1.802752668042143,0.6105442176870748,0.8792517006802721,0.14740408163265306,0.4259654346853495,0.8,25.75,0.0,20.0,True
baseline,,0.010414058246057912,0.0004287497348723022,0.12439556188061325,0.7808800863338085,-1.9231270825504636,0.6207482993197279,0.8860544217687075,0.1303972789115646,0.43366674073040484,0.8,25.75,0.0,20.0,True
baseline,,0.010414058246057912,0.0008877808989802905,0.12429522459423649,0.7785864758564248,-2.094910009759761,0.6398305084745762,0.9059322033898305,0.09143728813559326,0.42639295645058156,0.8,25.875,0.0,20.0,True
baseline,,0.010414058246057912,0.001838263351530691,0.12429522451062205,0.776970960008902,-2.268990376446918,0.6658206429780034,0.9297800338409475,0.041599323181049086,0.44639143757522104,0.8,25.9375,0.0,20.0,True
baseline,,0.010414058246057912,0.003806358250624933,0.12411520260713571,0.7739758371103048,-2.4005069240844654,0.7080536912751678,0.9530201342281879,0.026833557046979983,0.44810149893164636,0.75,25.4,0.0,20.0,True
baseline,,0.010414058246057912,0.00788154924594252,0.12370483167715918,0.7626417987705564,-2.432391503648439,0.746268656716418,0.9660033167495854,0.07507197346600336,0.47706317957490685,0.75,25.866666666666667,0.0,20.0,True
baseline,,0.010414058246057912,0.01631975090784437,0.1236532118297196,0.7534008209902435,-2.3466802367383295,0.8008196721311476,0.9737704918032787,0.13739016393442627,0.554042349755764,0.7,25.428571428571427,0.0,20.0,True
baseline,,0.010414058246057912,0.03379212149580846,0.12339466751721238,0.7366438971529188,-2.160998034421537,0.8408,0.9792,0.18279999999999996,0.6614529557526112,0.65,25.53846153846154,0.0,20.0,False
baseline,,0.010414058246057912,0.0699708887492028,0.1232364968985409,0.7108433823484,-1.8968933859217065,0.8531684698608965,0.9806800618238022,0.19664853168469865,0.8200579889118671,0.55,25.09090909090909,0.0,20.0,False
baseline,,0.010414058246057912,0.14488363132100487,0.1226591540651107,0.6909904658853623,-1.5914018537185595,0.8617339312406577,0.9828101644245142,0.20734409566517187,1.0735399670898915,0.5,25.9,0.0,20.0,False
baseline,,0.010414058246057912,0.3,0.12206878891498851,0.6755006850255931,-1.2429820248769152,0.8656934306569343,0.9832116788321168,0.21170510948905108,1.2925441078841686,0.5,27.5,0.0,20.0,False
baseline,,0.02258863577297737,0.00010000000000000009,0.12432926484549288,0.7742692436477898,-2.176632787710972,0.7546063651591289,0.9522613065326633,0.0741450586264657,0.48651849702000616,0.7,24.5,0.0,20.0,True
baseline,,0.02258863577297737,0.00020706272838739032,0.12432926539713106,0.7742783454159184,-2.1886696116130886,0.7579564489112228,0.9547738693467337,0.07553031825795653,0.49015718027949334,0.7,24.5,0.0,20.0,True
baseline,,0.02258863577297737,0.0004287497348723022,0.1243292684302306,0.7742967505922823,-2.20987904157759,0.7629815745393634,0.958961474036851,0.0847430485762144,0.4975080378353596,0.7,24.5,0.0,20.0,True
baseline,,0.02258863577297737,0.0008877808989802905,0.12448462140807437,0.7712071616993407,-2.2428030908004675,0.7691666666666667,0.965,0.09696666666666665,0.48682387433946134,0.7,24.714285714285715,0.0,20.0,True
baseline,,0.02258863577297737,0.001838263351530691,0.12448462054699687,0.7695519417353754,-2.2795861750963007,0.7920133111480865,0.9733777038269551,0.1281910149750416,0.5004423128440976,0.7,24.785714285714285,0.0,20.0,True
baseline,,0.02258863577297737,0.003806358250624933,0.12448462015005471,0.7651378729868943,-2.301999005276288,0.8150912106135987,0.9859038142620232,0.16379502487562192,0.5287356566637754,0.7,24.928571428571427,0.0,20.0,False
baseline,,0.02258863577297737,0.00788154924594252,0.12386666457944567,0.7595212229978178,-2.2780467178301778,0.850328947368421,0.9893092105263158,0.20243815789473685,0.5625723756849765,0.65,24.23076923076923,0.0,20.0,False
baseline,,0.02258863577297737,0.01631975090784437,0.12410436374981522,0.7480568152827736,-2.171023147240429,0.898538961038961,0.9943181818181818,0.2556571428571428,0.6390084519982338,0.65,24.846153846153847,0.0,20.0,False
baseline,,0.02258863577297737,0.03379212149580846,0.12358967433923083,0.7332221796546748,-1.9959792034940573,0.9222222222222223,0.9976190476190476,0.2826412698412699,0.743742149323225,0.6,24.833333333333332,0.0,20.0,False
baseline,,0.02258863577297737,0.0699708887492028,0.1233121678346813,0.7061570872591334,-1.746716882512822,0.9318529862174579,0.998468606431853,0.2931215926493109,0.9037225857377053,0.55,25.636363636363637,0.0,20.0,False
baseline,,0.02258863577297737,0.14488363132100487,0.12272055249772003,0.6893919806306177,-1.450843289612567,0.9398216939078752,1.0,0.3026216939078752,1.1667630650103091,0.5,26.3,0.0,20.0,False
baseline,,0.02258863577297737,0.3,0.12216162554194825,0.669737452547013,-1.1061501592814202,0.9425287356321839,1.0,0.3053287356321839,1.3357375636696815,0.45,27.444444444444443,0.0,20.0,False
baseline,,0.04899592973540154,0.00010000000000000009,0.12409841922396424,0.7589152880855599,-2.0090116236276514,0.889344262295082,0.9852459016393442,0.23739016393442625,0.6431056205183268,0.65,24.384615384615383,0.0,20.0,False
baseline,,0.04899592973540154,0.00020706272838739032,0.12409841966975853,0.7589235393029032,-2.0089674775731203,0.8901639344262295,0.9860655737704918,0.2390295081967213,0.6454001702368259,0.65,24.384615384615383,0.0,20.0,False
baseline,,0.04899592973540154,0.0004287497348723022,0.12409841981877691,0.7589405383554856,-2.008575100307444,0.8934426229508197,0.9860655737704918,0.24230819672131143,0.6501916147768497,0.65,24.384615384615383,0.0,20.0,False
baseline,,0.04899592973540154,0.0008877808989802905,0.12409841788728239,0.7589756327390861,-2.0067005000343117,0.898360655737705,0.9868852459016394,0.24804590163934437,0.6602664966136217,0.65,24.384615384615383,0.0,20.0,False
baseline,,0.04899592973540154,0.001838263351530691,0.12409841927720598,0.7590469025628288,-1.999679760775132,0.9040983606557377,0.9901639344262295,0.2570622950819672,0.6812529265880585,0.65,24.384615384615383,0.0,20.0,False
baseline,,0.04899592973540154,0.003806358250624933,0.12367741919337401,0.7527037214241367,-1.9855170022150679,0.9235772357723577,0.991869918699187,0.2782471544715447,0.6718133337795734,0.65,24.76923076923077,0.0,20.0,False
baseline,,0.04899592973540154,0.00788154924594252,0.1239141545120524,0.7476766278320172,-1.935860738504199,0.9458804523424879,0.9935379644588045,0.30221841680129236,0.7019323788583278,0.6,23.916666666666668,0.0,20.0,False
baseline,,0.04899592973540154,0.01631975090784437,0.1238030173580502,0.7361047849988614,-1.8346098775390005,0.9633173843700159,0.9960127591706539,0.3221301435406698,0.768371456861496,0.6,24.583333333333332,0.0,20.0,False
baseline,,0.04899592973540154,0.03379212149580846,0.12343821087892044,0.7249233108863942,-1.6773896430765554,0.97734375,0.99765625,0.3378,0.8714065968990325,0.55,24.454545454545453,0.0,20.0,False
baseline,,0.04899592973540154,0.0699708887492028,0.12320063741316688,0.7002688870197038,-1.445481006150949,0.9818181818181818,0.9992424242424243,0.3438606060606061,1.0626014605164529,0.5,25.0,0.0,20.0,False
baseline,,0.04899592973540154,0.14488363132100487,0.12229584359550599,0.6750492795066576,-1.1511006257815324,0.9876093294460642,1.0,0.3504093294460642,1.2931223556399345,0.5,27.6,0.0,20.0,False
baseline,,0.04899592973540154,0.3,0.12199733419937699,0.6702971363450109,-0.8472182078604161,0.9885877318116976,1.0,0.3513877318116976,1.4791585370898246,0.45,28.0,0.0,20.0,False
baseline,,0.10627472835292812,0.00010000000000000009,0.1236121997515236,0.7334908317840163,-1.5577419838403568,0.9620853080568721,0.9936808846761453,0.31856619273301745,0.8637049429118633,0.6,25.083333333333332,0.0,20.0,False
baseline,,0.10627472835292812,0.00020706272838739032,0.12361220044058731,0.7334986298631049,-1.5563390201369602,0.9628751974723538,0.9944707740916272,0.32014597156398106,0.8655438132584095,0.6,25.083333333333332,0.0,20.0,False
baseline,,0.10627472835292812,0.0004287497348723022,0.12361219734221374,0.7335146430720481,-1.5534371779978613,0.9628751974723538,0.9944707740916272,0.32014597156398106,0.8693524278700352,0.6,25.083333333333332,0.0,20.0,False
baseline,,0.10627472835292812,0.0008877808989802905,0.12361219908705352,0.7335479887346565,-1.5474486335669637,0.9644549763033176,0.9944707740916272,0.3217257503949448,0.8772309936583043,0.6,25.083333333333332,0.0,20.0,False
baseline,,0.10627472835292812,0.001838263351530691,0.12361219910319211,0.7336160862475098,-1.5351734899905671,0.9652448657187994,0.9944707740916272,0.32251563981042664,0.8934597976505756,0.6,25.083333333333332,0.0,20.0,False
baseline,,0.10627472835292812,0.003806358250624933,0.1236121996627381,0.7300840644723996,-1.5121674853289302,0.9708661417322835,0.9952755905511811,0.32894173228346457,0.9074346579611301,0.6,25.25,0.0,20.0,False
baseline,,0.10627472835292812,0.00788154924594252,0.12371603882546776,0.723780172689974,-1.4666315218527148,0.98046875,0.996875,0.34014374999999997,0.9199879795312882,0.55,24.454545454545453,0.0,20.0,False
baseline,,0.10627472835292812,0.01631975090784437,0.12333993350029629,0.7191025908051489,-1.3848593667638347,0.9883900928792569,0.9984520123839009,0.34964210526315787,0.9893644228577614,0.55,25.0,0.0,20.0,False
baseline,,0.10627472835292812,0.03379212149580846,0.12325468656461959,0.7048324250096951,-1.2516813038883483,0.9916413373860182,0.9984802431610942,0.3529215805471124,1.1001167491078376,0.55,26.09090909090909,0.0,20.0,False
baseline,,0.10627472835292812,0.0699708887492028,0.12230795592309557,0.6924256994198251,-1.062510368465898,0.9948224852071006,1.0,0.3576224852071006,1.295644147694111,0.5,26.6,0.0,20.0,False
baseline,,0.10627472835292812,0.14488363132100487,0.12171695838977907,0.6709710314327951,-0.8040020980460518,0.9978571428571429,1.0,0.3606571428571429,1.50452900826931,0.45,27.88888888888889,0.0,20.0,False
baseline,,0.10627472835292812,0.3,0.12195338136528475,0.6691408719553849,-0.4925951265873935,0.9986033519553073,1.0,0.36140335195530726,1.693197426199913,0.35,27.0,0.0,20.0,False
baseline,,0.23051543153651136,0.00010000000000000009,0.12379929038162363,0.6995096178743483,-0.9642833786511853,0.9879336349924586,0.9984917043740573,0.3492253393665159,1.3010917864739895,0.55,26.545454545454547,0.0,20.0,False
baseline,,0.23051543153651136,0.00020706272838739032,0.12379929228283021,0.6995164922715874,-0.9632867729712169,0.9886877828054299,0.9984917043740573,0.34997948717948724,1.3025998383760453,0.55,26.545454545454547,0.0,20.0,False
baseline,,0.23051543153651136,0.0004287497348723022,0.12349405105834557,0.6995308398525202,-0.9619917942422681,0.9894578313253012,0.9984939759036144,0.35075180722891564,1.2994597136974335,0.55,26.636363636363637,0.0,20.0,False
baseline,,0.23051543153651136,0.0008877808989802905,0.12349405100374915,0.6995603730307917,-0.9577827348072133,0.990210843373494,0.9984939759036144,0.3515048192771084,1.3057331815361977,0.55,26.636363636363637,0.0,20.0,False
baseline,,0.23051543153651136,0.001838263351530691,0.12316626810118371,0.6996213868490603,-0.9507436454371094,0.9902402402402403,0.9984984984984985,0.35153873873873875,1.3019764214754104,0.55,26.818181818181817,0.0,20.0,False
baseline,,0.23051543153651136,0.003806358250624933,0.12312966051046222,0.699746485442769,-0.9351920441078915,0.9902694610778443,0.9985029940119761,0.3515724550898204,1.311458083987236,0.55,27.0,0.0,20.0,False
baseline,,0.23051543153651136,0.00788154924594252,0.12283205926997123,0.6990016560824738,-0.9045036361080164,0.992548435171386,0.9985096870342772,0.35385812220566326,1.3410982295870781,0.55,27.272727272727273,0.0,20.0,False
baseline,,0.23051543153651136,0.01631975090784437,0.1228320589408217,0.6873210339167567,-0.8479865293246186,0.9926362297496318,0.9992636229749632,0.35469985272459503,1.3818909034132958,0.55,28.0,0.0,20.0,False
baseline,,0.23051543153651136,0.03379212149580846,0.12187036827874746,0.6788683802549267,-0.7506748132302502,0.9942112879884226,0.9992764109985528,0.35628769898697543,1.4682494416832923,0.45,26.88888888888889,0.0,20.0,False
baseline,,0.23051543153651136,0.0699708887492028,0.12185223168045978,0.6673065229541281,-0.5985115226950743,0.9964689265536724,1.0,0.3592689265536724,1.6585163652896882,0.45,28.77777777777778,0.0,20.0,False
baseline,,0.23051543153651136,0.14488363132100487,0.12203300800655702,0.6649212028531125,-0.379733289462025,0.9986244841815681,1.0,0.36142448418156814,1.850984987616539,0.35,28.571428571428573,0.0,20.0,False
baseline,,0.23051543153651136,0.3,0.12249268089849691,0.6657695757097275,-0.11901002847287745,0.9993150684931507,1.0,0.36211506849315067,2.022388683259487,0.35,29.0,0.0,20.0,False
baseline,,0.5,0.00010000000000000009,0.12205511487252067,0.6624729206232354,-0.3148993029758771,0.9951790633608816,1.0,0.3579790633608816,1.9563246784731745,0.4,29.75,0.0,20.0,False
baseline,,0.5,0.00020706272838739032,0.12205511243730781,0.6624800150925354,-0.3143446033169819,0.9951790633608816,1.0,0.3579790633608816,1.9575065981596709,0.4,29.75,0.0,20.0,False
baseline,,0.5,0.0004287497348723022,0.12205511257252799,0.6624947001810922,-0.31319905173175205,0.9951790633608816,1.0,0.3579790633608816,1.9599510092288255,0.4,29.75,0.0,20.0,False
baseline,,0.5,0.0008877808989802905,0.12205511486510943,0.6625250321948785,-0.31084007764844274,0.9958677685950413,1.0,0.35866776859504135,1.965002376958728,0.4,29.75,0.0,20.0,False
baseline,,0.5,0.001838263351530691,0.1220551121335286,0.6625878264362489,-0.30601002289863277,0.9958677685950413,1.0,0.35866776859504135,1.9754146257415415,0.4,29.75,0.0,20.0,False
baseline,,0.5,0.003806358250624933,0.12205511220969918,0.6612860903638377,-0.29675542709107217,0.9958734525447043,1.0,0.3586734525447043,1.9901091473177075,0.4,29.875,0.0,20.0,False
baseline,,0.5,0.00788154924594252,0.12198536483608577,0.6600407570869277,-0.2784886578635343,0.9958847736625515,1.0,0.35868477366255147,2.020733019709587,0.4,30.125,0.0,20.0,False
baseline,,0.5,0.01631975090784437,0.12209089501708742,0.6563823968362374,-0.24389598268829427,0.9965986394557823,1.0,0.3593986394557823,2.072259222716093,0.4,30.875,0.0,20.0,False
baseline,,0.5,0.03379212149580846,0.12248482042735705,0.6512467277794924,-0.17825318909227947,0.9973404255319149,1.0,0.36014042553191494,2.1517515264451506,0.35,32.142857142857146,0.0,20.0,False
baseline,,0.5,0.0699708887492028,0.12238431143954527,0.6508348084436504,-0.06840114677694423,0.9986772486772487,1.0,0.36147724867724873,2.3140471287071707,0.3,31.666666666666668,0.0,20.0,False
baseline,,0.5,0.14488363132100487,0.12251320835411243,0.6489375425667419,0.09223107917444125,0.9986876640419947,1.0,0.3614876640419947,2.4313993617892264,0.3,32.666666666666664,0.0,20.0,False
baseline,,0.5,0.3,0.12251321023065365,0.6451908408840074,0.3120145071681433,1.0,1.0,0.3628,2.5057860247790815,0.3,33.333333333333336,0.0,20.0,False
env_odom_noise,0.0,0.00010000000000000009,0.00010000000000000009,0.12484799055093407,0.6893099095859053,50.393836585172274,0.20928196147110334,0.329246935201401,1.0986711033274956,0.3882241629064083,0.9,26.27777777777778,0.0,20.0,False
env_odom_noise,0.0,0.00010000000000000009,0.00020706272838739032,0.1248479908709545,0.6893099072577448,46.60596617990059,0.2381786339754816,0.3712784588441331,1.0277429071803854,0.3889121152460575,0.9,26.27777777777778,0.0,20.0,False
env_odom_noise,0.0,0.00010000000000000009,0.0004287497348723022,0.12484799049744588,0.6893098971896218,44.259399400972924,0.28021015761821366,0.43257443082311736,0.924415411558669,0.39783228412270544,0.9,26.27777777777778,0.0,20.0,False
env_odom_noise,0.0,0.00010000000000000009,0.0008877808989802905,0.12506433594638672,0.6873235898720963,43.16961702031345,0.3298429319371728,0.4869109947643979,0.8204460732984293,0.4017743803560734,0.9,26.38888888888889,0.0,20.0,False
env_odom_noise,0.0,0.00010000000000000009,0.001838263351530691,0.12480883655463543,0.6830359589753545,42.44957423351386,0.3940972222222222,0.5355902777777778,0.7075125,0.4164872571825981,0.9,26.555555555555557,0.0,20.0,False
env_odom_noise,0.0,0.00010000000000000009,0.003806358250624933,0.12480202451495175,0.6753614220174406,42.14466200178293,0.4493127147766323,0.570446735395189,0.6174405498281788,0.419533783197403,0.85,26.176470588235293,0.0,20.0,False
env_odom_noise,0.0,0.00010000000000000009,0.00788154924594252,0.12424213326738631,0.6655804567128447,41.77206401498034,0.5050933786078099,0.5933786078098472,0.5387280135823429,0.4478434041142464,0.8,25.8125,0.0,20.0,False
env_odom_noise,0.0,0.00010000000000000009,0.01631975090784437,0.12409704497136846,0.653478483449539,41.56697954630023,0.5383973288814691,0.6001669449081803,0.49863572621035057,0.5062287628650666,0.75,25.6,0.0,20.0,False
env_odom_noise,0.0,0.00010000000000000009,0.03379212149580846,0.12388659335692219,0.6322022934628262,41.28421761259477,0.5591572123176661,0.6037277147487844,0.47431507293354946,0.5877130635082721,0.7,25.928571428571427,0.0,20.0,False
env_odom_noise,0.0,0.00010000000000000009,0.0699708887492028,0.12377196410432752,0.6046497105957543,40.65219863432287,0.571875,0.6125,0.4528249999999999,0.7436079569160938,0.6,25.666666666666668,0.0,20.0,False
env_odom_noise,0.0,0.00010000000000000009,0.14488363132100487,0.12316347846612062,0.5865021049971489,40.19461013829857,0.5766312594840668,0.6160849772382397,0.44448376327769346,1.0192305862903595,0.5,24.9,0.0,20.0,False
env_odom_noise,0.0,0.00010000000000000009,0.3,0.12259932916794697,0.5696638101281356,39.76568323240265,0.5812407680945347,0.620384047267356,0.4355751846381093,1.222873404622078,0.5,26.7,0.0,20.0,False
env_odom_noise,0.0,0.00021690521830457365,0.00010000000000000009,0.12484799055093407,0.6893099095859053,22.285816209933902,0.2373029772329247,0.37215411558669004,1.0277429071803854,0.3882241629064083,0.9,26.27777777777778,0.0,20.0,False
env_odom_noise,0.0,0.00021690521830457365,0.00020706272838739032,0.12484799084411742,0.6893099073748474,20.006423434198965,0.2635726795096322,0.4133099824868651,0.9603173380035026,0.3890766590833664,0.9,26.27777777777778,0.0,20.0,False
env_odom_noise,0.0,0.00021690521830457365,0.0004287497348723022,0.12484799126398519,0.6893098901677093,18.362236879480665,0.3021015761821366,0.4746059544658494,0.860492469352014,0.3985241621732712,0.9,26.27777777777778,0.0,20.0,False
env_odom_noise,0.0,0.00021690521830457365,0.0008877808989802905,0.12506433530017125,0.6873235322507133,17.457449645608712,0.35165794066317624,0.5226876090750436,0.7628544502617801,0.4028555154800415,0.9,26.38888888888889,0.0,20.0,False
env_odom_noise,0.0,0.00021690521830457365,0.001838263351530691,0.12480883594338799,0.6830359107715404,16.9337028450295,0.4149305555555556,0.5685763888888888,0.6536930555555556,0.4174900248646736,0.9,26.555555555555557,0.0,20.0,False
env_odom_noise,0.0,0.00021690521830457365,0.003806358250624933,0.12480202542196181,0.6734094578549454,16.730970543828207,0.46826758147512865,0.6037735849056604,0.565158833619211,0.4090229034423828,0.85,26.235294117647058,0.0,20.0,False
env_odom_noise,0.0,0.00021690521830457365,0.00788154924594252,0.12424213312707737,0.6655804693831404,16.66862233052794,0.5254668930390493,0.6230899830220713,0.48864312393887943,0.44855397641658784,0.8,25.8125,0.0,20.0,False
env_odom_noise,0.0,0.00021690521830457365,0.01631975090784437,0.12409704662225919,0.6534785136915352,16.707772135537052,0.5584307178631052,0.6293823038397329,0.4493869782971619,0.5067504160106182,0.75,25.6,0.0,20.0,False
env_odom_noise,0.0,0.00021690521830457365,0.03379212149580846,0.1238865946345654,0.632202335798336,16.74350736900045,0.5777957860615883,0.63290113452188,0.42650307941653165,0.5880919210612774,0.7,25.928571428571427,0.0,20.0,False
env_odom_noise,0.0,0.00021690521830457365,0.0699708887492028,0.12377196124642609,0.6046496702196081,16.647022838175896,0.59140625,0.64140625,0.4043875,0.743883153796196,0.6,25.666666666666668,0.0,20.0,False
env_odom_noise,0.0,0.00021690521830457365,0.14488363132100487,0.12316347572356191,0.5865020837812555,16.633972782831002,0.5963581183611533,0.644916540212443,0.3959253414264037,1.0193965777754783,0.5,24.9,0.0,20.0,False
env_odom_noise,0.0,0.00021690521830457365,0.3,0.12259932807689737,0.5696637909524451,16.643130071131992,0.6011816838995568,0.6484490398818316,0.3875692762186116,1.2229601740837097,0.5,26.7,0.0,20.0,False
env_odom_noise,0.0,0.00047047873727754753,0.00010000000000000009,0.12484799055093407,0.6893099095859053,8.359294578906457,0.27845884413309985,0.44921190893169877,0.9095292469352014,0.3882241629064083,0.9,26.27777777777778,0.0,20.0,False
env_odom_noise,0.0,0.00047047873727754753,0.00020706272838739032,0.12484799146934432,0.6893099092516983,7.250191849704117,0.30297723292469353,0.4886164623467601,0.8456063047285464,0.38960358649492266,0.9,26.27777777777778,0.0,20.0,False
env_odom_noise,0.0,0.00047047873727754753,0.0004287497348723022,0.12484799025769758,0.6893099045052752,6.307626087655166,0.33887915936952717,0.5385288966725044,0.7597919439579685,0.40019444897770884,0.9,26.27777777777778,0.0,20.0,False
env_odom_noise,0.0,0.00047047873727754753,0.0008877808989802905,0.12506433555963434,0.6873235336077667,5.697491063651855,0.3856893542757417,0.5828970331588132,0.668613612565445,0.4051563791930676,0.9,26.38888888888889,0.0,20.0,False
env_odom_noise,0.0,0.00047047873727754753,0.001838263351530691,0.12480883647396852,0.6830359409072536,5.3462775441405785,0.4461805555555556,0.6302083333333334,0.560811111111111,0.41963852643966676,0.9,26.555555555555557,0.0,20.0,False
env_odom_noise,0.0,0.00047047873727754753,0.003806358250624933,0.12480202483435085,0.6734094700944031,5.250185128109809,0.49828473413379076,0.6586620926243568,0.4802531732418524,0.4111365646123886,0.85,26.235294117647058,0.0,20.0,False
env_odom_noise,0.0,0.00047047873727754753,0.00788154924594252,0.12424213372304381,0.6655804484672156,5.298212474868698,0.5543293718166383,0.6774193548387096,0.40545127334465203,0.4500863693654537,0.8,25.8125,0.0,20.0,False
env_odom_noise,0.0,0.00047047873727754753,0.01631975090784437,0.12409704565702374,0.6534785556167559,5.448846861352799,0.5859766277128547,0.6828046744574291,0.36841869782971615,0.5078789219260216,0.75,25.6,0.0,20.0,False
env_odom_noise,0.0,0.00047047873727754753,0.03379212149580846,0.123886592436334,0.6322023200123762,5.629146701396112,0.6045380875202593,0.686385737439222,0.34627617504051866,0.5889133833348751,0.7,25.928571428571427,0.0,20.0,False
env_odom_noise,0.0,0.00047047873727754753,0.0699708887492028,0.12377196123057241,0.604649707699466,5.775312419405334,0.6171875,0.69375,0.3262625,0.7444803535938262,0.6,25.666666666666668,0.0,20.0,False
env_odom_noise,0.0,0.00047047873727754753,0.14488363132100487,0.12316347726636506,0.5865020576648529,5.965165145993938,0.622154779969651,0.6965098634294385,0.3185353566009105,1.019756805896759,0.5,24.9,0.0,20.0,False
env_odom_noise,0.0,0.00047047873727754753,0.3,0.12259932738476846,0.569663803909301,6.1741251942887425,0.6262924667651403,0.7008862629246676,0.3100212703101921,1.2231484636664391,0.5,26.7,0.0,20.0,False
env_odom_noise,0.0,0.001020492932168466,0.00010000000000000009,0.12484799055093407,0.6893099075179875,1.4979755892310085,0.3371278458844133,0.5516637478108581,0.7484084063047285,0.3883094139397144,0.9,26.27777777777778,0.0,20.0,False
env_odom_noise,0.0,0.001020492932168466,0.00020706272838739032,0.12484799079119792,0.6893098985865936,1.0805380775931548,0.36252189141856395,0.5945709281961471,0.680107180385289,0.39149084165692327,0.9,26.27777777777778,0.0,20.0,False
env_odom_noise,0.0,0.001020492932168466,0.0004287497348723022,0.12484799058942067,0.6893098663952731,0.6629406600344753,0.38879159369527144,0.626970227670753,0.6214381786339755,0.4046104997396469,0.9,26.27777777777778,0.0,20.0,False
env_odom_noise,0.0,0.001020492932168466,0.0008877808989802905,0.1250643349202672,0.6873235517296816,0.35225996413876465,0.43455497382198954,0.6579406631762653,0.5447043630017452,0.4106921970844269,0.9,26.38888888888889,0.0,20.0,False
env_odom_noise,0.0,0.001020492932168466,0.001838263351530691,0.12480883698544287,0.6830359425983253,0.1696901403267531,0.4930555555555556,0.6996527777777778,0.4444916666666666,0.4141385927796364,0.85,25.823529411764707,0.0,20.0,False
env_odom_noise,0.0,0.001020492932168466,0.003806358250624933,0.12437912304948774,0.6713665200507803,0.13476984542951748,0.5461538461538461,0.7256410256410256,0.36540512820512827,0.39407507702708244,0.85,26.352941176470587,0.0,20.0,False
env_odom_noise,0.0,0.001020492932168466,0.00788154924594252,0.12424213306264649,0.6655804646056674,0.26072035436411783,0.5925297113752123,0.7410865874363328,0.3035837011884549,0.4421496860682964,0.75,24.933333333333334,0.0,20.0,False
env_odom_noise,0.0,0.001020492932168466,0.01631975090784437,0.12409704538546823,0.6534785419532686,0.46157231985515507,0.6218697829716193,0.7462437395659433,0.2690864774624374,0.5103136472404003,0.75,25.6,0.0,20.0,False
env_odom_noise,0.0,0.001020492932168466,0.03379212149580846,0.12388659363789399,0.632202311748046,0.7056879530440907,0.6393841166936791,0.7487844408427877,0.24903144246353315,0.5906903937458992,0.7,25.928571428571427,0.0,20.0,False
env_odom_noise,0.0,0.001020492932168466,0.0699708887492028,0.12377196342598845,0.6046496562120298,0.9590548793645943,0.6515625,0.75390625,0.23173124999999994,0.7457734443247318,0.6,25.666666666666668,0.0,20.0,False
env_odom_noise,0.0,0.001020492932168466,0.14488363132100487,0.12316347688320216,0.5865020723913629,1.2401521839554739,0.6562974203338392,0.7556904400606981,0.2252121396054627,1.0205371737480164,0.5,24.9,0.0,20.0,False
env_odom_noise,0.0,0.001020492932168466,0.3,0.12259932728942309,0.5696638214755095,1.5389279699582061,0.6610044313146234,0.758493353028065,0.21770221565731163,1.2235563695430756,0.5,26.7,0.0,20.0,False
env_odom_noise,0.0,0.0022135024223027535,0.00010000000000000009,0.12484799109677103,0.6893098974441713,-1.6714387964976192,0.43695271453590195,0.7259194395796847,0.4743278458844133,0.39324225336313245,0.9,26.27777777777778,0.0,20.0,False
env_odom_noise,0.0,0.0022135024223027535,0.00020706272838739032,0.1248479904365442,0.6893098456586753,-1.7809939247459772,0.45096322241681264,0.7338003502626971,0.4524364273204903,0.401927799731493,0.9,26.27777777777778,0.0,20.0,False
env_odom_noise,0.0,0.0022135024223027535,0.0004287497348723022,0.12506433691964436,0.6873235549969392,-1.9034753161941296,0.4677137870855148,0.7469458987783595,0.4225403141361257,0.39624187126755717,0.9,26.38888888888889,0.0,20.0,False
env_odom_noise,0.0,0.0022135024223027535,0.0008877808989802905,0.1250643337956465,0.6851847214524877,-2.0085558050364183,0.5113240418118467,0.7709059233449478,0.35497003484320555,0.4136413216590881,0.9,26.444444444444443,0.0,20.0,False
env_odom_noise,0.0,0.0022135024223027535,0.001838263351530691,0.1248694527350711,0.6830358750613926,-2.0457273875417936,0.5571923743500866,0.8006932409012132,0.2793143847487002,0.41535691618919374,0.85,25.88235294117647,0.0,20.0,False
env_odom_noise,0.0,0.0022135024223027535,0.003806358250624933,0.12437912354286655,0.6713665409163653,-2.004884613918322,0.6034188034188034,0.8205128205128205,0.21326837606837612,0.4034773863852024,0.85,26.352941176470587,0.0,20.0,False
env_odom_noise,0.0,0.0022135024223027535,0.00788154924594252,0.12424213428984263,0.6655805305571879,-1.8530895378627452,0.6477079796264855,0.8310696095076401,0.15842241086587439,0.44915420189499855,0.75,24.933333333333334,0.0,20.0,False
env_odom_noise,0.0,0.0022135024223027535,0.01631975090784437,0.12409704692649237,0.6534784988858916,-1.6310508053469517,0.6736227045075125,0.835559265442404,0.1280180300500835,0.5155317232012748,0.75,25.6,0.0,20.0,True
env_odom_noise,0.0,0.0022135024223027535,0.03379212149580846,0.12388659301577393,0.6322022787496512,-1.361570532566778,0.6912479740680713,0.8371150729335495,0.12593290113452182,0.5945215508341789,0.7,25.928571428571427,0.0,20.0,True
env_odom_noise,0.0,0.0022135024223027535,0.0699708887492028,0.12377196204182854,0.6046496615348221,-1.0643324027338312,0.70234375,0.840625,0.13351875000000013,0.7485702864825725,0.6,25.666666666666668,0.0,20.0,False
env_odom_noise,0.0,0.0022135024223027535,0.14488363132100487,0.12316347822868134,0.5865021123158414,-0.7440154333810547,0.704855842185129,0.8437025796661608,0.13295326251896822,1.0222269684076308,0.5,24.9,0.0,20.0,False
env_odom_noise,0.0,0.0022135024223027535,0.3,0.12259932686421172,0.5696638063295022,-0.40641633751995576,0.7090103397341211,0.8463810930576071,0.134429246676514,1.224441146850586,0.5,26.7,0.0,20.0,False
env_odom_noise,0.0,0.004801202261272809,0.00010000000000000009,0.12452114059745141,0.6851847072120191,-2.9039203314076203,0.5717993079584776,0.8598615916955017,0.20553910034602074,0.3867792710661888,0.85,25.941176470588236,0.0,20.0,False
env_odom_noise,0.0,0.004801202261272809,0.00020706272838739032,0.12452113918943372,0.6851847205147773,-2.914481773346444,0.5761245674740484,0.8685121107266436,0.19256332179930802,0.3936502180993557,0.85,25.941176470588236,0.0,20.0,False
env_odom_noise,0.0,0.004801202261272809,0.0004287497348723022,0.12452113815814181,0.6831679539539928,-2.925361417709967,0.5984455958549223,0.883419689119171,0.15533471502590668,0.39523478150367736,0.85,26.0,0.0,20.0,False
env_odom_noise,0.0,0.004801202261272809,0.0008877808989802905,0.12458212687734614,0.6831679359156541,-2.918204259864746,0.6344827586206897,0.896551724137931,0.10616551724137924,0.40784715861082077,0.85,26.058823529411764,0.0,20.0,True
env_odom_noise,0.0,0.004801202261272809,0.001838263351530691,0.1245821249155911,0.6760203171806207,-2.8726121781754594,0.6601027397260274,0.9075342465753424,0.06956301369863016,0.4042982183396816,0.85,26.294117647058822,0.0,20.0,True
env_odom_noise,0.0,0.004801202261272809,0.003806358250624933,0.12416295217539047,0.6701512783962499,-2.7787060448570453,0.6964285714285714,0.9158163265306123,0.05241224489795915,0.4171278581023216,0.8,25.75,0.0,20.0,True
env_odom_noise,0.0,0.004801202261272809,0.00788154924594252,0.12388579966547233,0.6626783612971372,-2.6219124356421353,0.7298657718120806,0.9219798657718121,0.07968590604026848,0.4275044441223145,0.75,25.4,0.0,20.0,True
env_odom_noise,0.0,0.004801202261272809,0.01631975090784437,0.1238857983907201,0.6444066356095611,-2.3893967343095595,0.759075907590759,0.9249174917491749,0.10595841584158416,0.49498740434646604,0.75,26.066666666666666,0.0,20.0,True
env_odom_noise,0.0,0.004801202261272809,0.03379212149580846,0.12368105071346439,0.6294926269684588,-2.1141374631192362,0.7697262479871175,0.9259259259259259,0.11560032206119164,0.6032559961080551,0.7,26.214285714285715,0.0,20.0,True
env_odom_noise,0.0,0.004801202261272809,0.0699708887492028,0.12357059486826653,0.6046496417848257,-1.8054270344619616,0.7757009345794392,0.927570093457944,0.11993084112149532,0.7647072561085224,0.55,24.636363636363637,0.0,20.0,False
env_odom_noise,0.0,0.004801202261272809,0.14488363132100487,0.12275708560905073,0.5852408745952773,-1.4784947660763332,0.7778614457831325,0.9299698795180723,0.11969156626506028,1.0263302102684975,0.5,25.4,0.0,20.0,False
env_odom_noise,0.0,0.004801202261272809,0.3,0.12241257932954618,0.5671900239533356,-1.1151656158817032,0.7812041116005873,0.9317180616740088,0.12128604992657854,1.2384878426790238,0.5,27.1,0.0,20.0,False
env_odom_noise,0.0,0.010414058246057912,0.00010000000000000009,0.12439556281649107,0.676312853422684,-3.11634086973022,0.7504273504273504,0.9666666666666667,0.07989401709401711,0.42357588931918144,0.8,25.5625,0.0,20.0,True
env_odom_noise,0.0,0.010414058246057912,0.00020706272838739032,0.12439556444287334,0.6763128634656832,-3.1078753764971108,0.7538461538461538,0.9700854700854701,0.08673162393162392,0.42873234748840333,0.8,25.5625,0.0,20.0,True
env_odom_noise,0.0,0.010414058246057912,0.0004287497348723022,0.1243955622914247,0.6742294803796526,-3.0917613630312277,0.7593856655290102,0.9718430034129693,0.09402866894197948,0.4277669794857502,0.8,25.625,0.0,20.0,True
env_odom_noise,0.0,0.010414058246057912,0.0008877808989802905,0.1243955613680134,0.6703134229826885,-3.059139298872403,0.7653061224489796,0.9736394557823129,0.10174557823129249,0.42491916567087173,0.8,25.75,0.0,20.0,True
env_odom_noise,0.0,0.010414058246057912,0.001838263351530691,0.12439556170957525,0.6666451221820857,-2.9951106859925583,0.7822033898305085,0.976271186440678,0.12127457627118654,0.43890736922621726,0.8,25.875,0.0,20.0,True
env_odom_noise,0.0,0.010414058246057912,0.003806358250624933,0.12370483331607317,0.664928620836515,-2.8946601598156416,0.8062080536912751,0.9798657718120806,0.1488738255033557,0.4252224750816822,0.75,25.4,0.0,20.0,True
env_odom_noise,0.0,0.010414058246057912,0.00788154924594252,0.12370483173383602,0.6581317319982787,-2.730086605555418,0.8316666666666667,0.9808333333333333,0.1753,0.4851993478834629,0.75,25.666666666666668,0.0,20.0,False
env_odom_noise,0.0,0.010414058246057912,0.01631975090784437,0.1236532114310039,0.6433339720225126,-2.5120320163071885,0.8491803278688524,0.9811475409836066,0.19312786885245903,0.5355703823268414,0.7,25.428571428571427,0.0,20.0,False
env_odom_noise,0.0,0.010414058246057912,0.03379212149580846,0.12350442988983092,0.626342849863346,-2.242469007316889,0.8573717948717948,0.9815705128205128,0.2017423076923076,0.6561876855790615,0.65,25.46153846153846,0.0,20.0,False
env_odom_noise,0.0,0.010414058246057912,0.0699708887492028,0.12339726519268411,0.6016198107235314,-1.9383175352936022,0.862015503875969,0.982170542635659,0.206986046511628,0.8257561333477497,0.55,24.90909090909091,0.0,20.0,False
env_odom_noise,0.0,0.010414058246057912,0.14488363132100487,0.12265915451196609,0.5800185781231351,-1.6100413228290997,0.8641791044776119,0.9828358208955223,0.2098149253731343,1.0627662755548954,0.5,26.0,0.0,20.0,False
env_odom_noise,0.0,0.010414058246057912,0.3,0.1221018668551958,0.564750757580299,-1.246734367464856,0.8671532846715329,0.9832116788321168,0.21316496350364966,1.2881679303944111,0.5,27.5,0.0,20.0,False
env_odom_noise,0.0,0.02258863577297737,0.00010000000000000009,0.12432926640067343,0.6618836263705729,-2.8430903145170077,0.8854515050167224,1.0,0.24825150501672244,0.4558205515146255,0.7,24.571428571428573,0.0,20.0,False
env_odom_noise,0.0,0.02258863577297737,0.00020706272838739032,0.12432926644555053,0.6618836805918056,-2.8352094474709357,0.8913043478260869,1.0,0.25410434782608693,0.45965973287820816,0.7,24.571428571428573,0.0,20.0,False
env_odom_noise,0.0,0.02258863577297737,0.0004287497348723022,0.12432926615148854,0.6618836365953462,-2.8195348753500773,0.8954849498327759,1.0,0.25828494983277595,0.4674027033150196,0.7,24.571428571428573,0.0,20.0,False
env_odom_noise,0.0,0.02258863577297737,0.0008877808989802905,0.12432926678961674,0.6618835818306413,-2.789430818903563,0.9005016722408027,1.0,0.2633016722408027,0.48267258554697035,0.7,24.571428571428573,0.0,20.0,False
env_odom_noise,0.0,0.02258863577297737,0.001838263351530691,0.12391956826157284,0.6582389735143702,-2.7373252373518087,0.9043261231281198,1.0,0.2671261231281198,0.4803692489862442,0.7,24.785714285714285,0.0,20.0,False
env_odom_noise,0.0,0.02258863577297737,0.003806358250624933,0.12407579340210578,0.6547213027926926,-2.647517102921702,0.9172185430463576,1.0,0.28001854304635765,0.5018485181033612,0.7,25.0,0.0,20.0,False
env_odom_noise,0.0,0.02258863577297737,0.00788154924594252,0.12407579298752308,0.649108733744743,-2.508338322908206,0.9258649093904449,1.0,0.28866490939044487,0.5529434651136398,0.65,24.153846153846153,0.0,20.0,False
env_odom_noise,0.0,0.02258863577297737,0.01631975090784437,0.1238666625064979,0.6366110347553705,-2.3155374971676954,0.9341463414634147,1.0,0.2969463414634147,0.6285954281687737,0.65,24.76923076923077,0.0,20.0,False
env_odom_noise,0.0,0.02258863577297737,0.03379212149580846,0.12369935318528982,0.6198865648372512,-2.0713061168673694,0.9380952380952381,1.0,0.3008952380952381,0.7314674213528634,0.6,24.833333333333332,0.0,20.0,False
env_odom_noise,0.0,0.02258863577297737,0.0699708887492028,0.12331216844209542,0.5974260842275103,-1.787935835768639,0.9400921658986175,1.0,0.30289216589861756,0.9148718416690826,0.55,25.454545454545453,0.0,20.0,False
env_odom_noise,0.0,0.02258863577297737,0.14488363132100487,0.1227205524258941,0.5762203412000456,-1.4633500173934713,0.9422222222222222,1.0,0.3050222222222222,1.1581231132149696,0.5,26.5,0.0,20.0,False
env_odom_noise,0.0,0.02258863577297737,0.3,0.12212844138899016,0.5623294174556358,-1.1182009680270708,0.9436416184971098,1.0,0.3064416184971098,1.3596305310726167,0.45,27.0,0.0,20.0,False
env_odom_noise,0.0,0.04899592973540154,0.00010000000000000009,0.12369367166611622,0.6478157442652839,-2.3304878912171816,0.9811475409836066,1.0,0.3439475409836066,0.6199071936309337,0.65,24.384615384615383,0.0,20.0,False
env_odom_noise,0.0,0.04899592973540154,0.00020706272838739032,0.1236936738542816,0.6478157617200361,-2.3258274319747407,0.9811475409836066,1.0,0.3439475409836066,0.6227032855153084,0.65,24.384615384615383,0.0,20.0,False
env_odom_noise,0.0,0.04899592973540154,0.0004287497348723022,0.12369367229222428,0.6461053541583933,-2.3171585617163415,0.9811783960720131,1.0,0.3439783960720131,0.6180394992232323,0.65,24.46153846153846,0.0,20.0,False
env_odom_noise,0.0,0.04899592973540154,0.0008877808989802905,0.12369367042890143,0.6461054014095697,-2.2983905660107085,0.9811783960720131,1.0,0.3439783960720131,0.6296867378056049,0.65,24.46153846153846,0.0,20.0,False
env_odom_noise,0.0,0.04899592973540154,0.001838263351530691,0.12369367230733265,0.6461053219352023,-2.2628039105967446,0.9811783960720131,1.0,0.3439783960720131,0.6526710242033005,0.65,24.46153846153846,0.0,20.0,False
env_odom_noise,0.0,0.04899592973540154,0.003806358250624933,0.1236774212458043,0.6423403694744219,-2.2020155026757315,0.9837133550488599,1.0,0.34651335504885994,0.6656994357705116,0.65,24.692307692307693,0.0,20.0,False
env_odom_noise,0.0,0.04899592973540154,0.00788154924594252,0.1239141536052249,0.6334962798464259,-2.101169902202092,0.9870967741935484,1.0,0.34989677419354837,0.6767862126231193,0.6,24.0,0.0,20.0,False
env_odom_noise,0.0,0.04899592973540154,0.01631975090784437,0.12391415501648138,0.6199815016585366,-1.946016370124421,0.9880573248407644,1.0,0.3508573248407644,0.7417353346943856,0.6,24.666666666666668,0.0,20.0,False
env_odom_noise,0.0,0.04899592973540154,0.03379212149580846,0.12321614932930562,0.6092731204717747,-1.7422263923988055,0.9890795631825273,1.0,0.35187956318252733,0.8555044993758202,0.55,24.545454545454547,0.0,20.0,False
env_odom_noise,0.0,0.04899592973540154,0.0699708887492028,0.12320063771768698,0.5880749277715155,-1.4846606890224538,0.9893939393939394,1.0,0.3521939393939394,1.0599624797701837,0.55,26.272727272727273,0.0,20.0,False
env_odom_noise,0.0,0.04899592973540154,0.14488363132100487,0.12229584489073338,0.5662033986346885,-1.1760149616534479,0.9897810218978103,1.0,0.35258102189781027,1.2908956542611123,0.5,27.5,0.0,20.0,False
env_odom_noise,0.0,0.04899592973540154,0.3,0.12199733393570722,0.5611886769027653,-0.8651025468301164,0.9899856938483548,1.0,0.3527856938483548,1.4828839153051376,0.45,27.77777777777778,0.0,20.0,False
env_odom_noise,0.0,0.10627472835292812,0.00010000000000000009,0.12361220199830888,0.6223066499446325,-1.7089678405821733,1.0,1.0,0.3628,0.8650836974382401,0.6,24.916666666666668,0.0,20.0,False
env_odom_noise,0.0,0.10627472835292812,0.00020706272838739032,0.1236122003893331,0.622306625354033,-1.70651342384629,1.0,1.0,0.3628,0.8671403020620346,0.6,24.916666666666668,0.0,20.0,False
env_odom_noise,0.0,0.10627472835292812,0.0004287497348723022,0.12361219913776923,0.6223066103947641,-1.701494585268376,1.0,1.0,0.3628,0.8713714137673378,0.6,24.916666666666668,0.0,20.0,False
env_odom_noise,0.0,0.10627472835292812,0.0008877808989802905,0.12361220033410482,0.6223065996833674,-1.6913622452407628,1.0,1.0,0.3628,0.8800197273492814,0.6,24.916666666666668,0.0,20.0,False
env_odom_noise,0.0,0.10627472835292812,0.001838263351530691,0.12361219878338868,0.620697781955405,-1.672105160678367,1.0,1.0,0.3628,0.8878690406680108,0.6,25.0,0.0,20.0,False
env_odom_noise,0.0,0.10627472835292812,0.003806358250624933,0.12361219941495755,0.6140783236400075,-1.636327322606693,1.0,1.0,0.3628,0.88526346758008,0.6,25.333333333333332,0.0,20.0,False
env_odom_noise,0.0,0.10627472835292812,0.00788154924594252,0.12361219722483255,0.6111550513338839,-1.568128949167377,1.0,1.0,0.3628,0.9356471098959446,0.6,25.5,0.0,20.0,False
env_odom_noise,0.0,0.10627472835292812,0.01631975090784437,0.12333993378874118,0.6049504027384563,-1.4633943169553552,1.0,1.0,0.3628,0.9785088315606117,0.55,25.0,0.0,20.0,False
env_odom_noise,0.0,0.10627472835292812,0.03379212149580846,0.12325468402383467,0.5893138875830066,-1.304381200122593,1.0,1.0,0.3628,1.0842007219791412,0.55,26.181818181818183,0.0,20.0,False
env_odom_noise,0.0,0.10627472835292812,0.0699708887492028,0.12230795703426818,0.5763162585100771,-1.093386736545517,1.0,1.0,0.3628,1.278236025571823,0.5,26.8,0.0,20.0,False
env_odom_noise,0.0,0.10627472835292812,0.14488363132100487,0.12171695762531615,0.5600538226653782,-0.8258579783203934,1.0,1.0,0.3628,1.503672055900097,0.45,27.77777777777778,0.0,20.0,False
env_odom_noise,0.0,0.10627472835292812,0.3,0.12195338057858107,0.5553375025740863,-0.5237861686156274,1.0,1.0,0.3628,1.6898834601044654,0.4,27.75,0.0,20.0,False
env_odom_noise,0.0,0.23051543153651136,0.00010000000000000009,0.12372350623241832,0.5852820879777646,-1.037458571217543,1.0,1.0,0.3628,1.289738343656063,0.55,26.545454545454547,0.0,20.0,False
env_odom_noise,0.0,0.23051543153651136,0.00020706272838739032,0.12372350769675884,0.5852821532900645,-1.036222583697642,1.0,1.0,0.3628,1.291293177008629,0.55,26.545454545454547,0.0,20.0,False
env_odom_noise,0.0,0.23051543153651136,0.0004287497348723022,0.12372350609973518,0.5852821283947173,-1.0336792161708452,1.0,1.0,0.3628,1.294501928985119,0.55,26.545454545454547,0.0,20.0,False
env_odom_noise,0.0,0.23051543153651136,0.0008877808989802905,0.12346847220633532,0.5852820949770975,-1.0291332760605092,1.0,1.0,0.3628,1.292649783194065,0.55,26.636363636363637,0.0,20.0,False
env_odom_noise,0.0,0.23051543153651136,0.001838263351530691,0.12346847181868012,0.5838928361329367,-1.0191625734244214,1.0,1.0,0.3628,1.2980145767331124,0.55,26.727272727272727,0.0,20.0,False
env_odom_noise,0.0,0.23051543153651136,0.003806358250624933,0.12291231879198253,0.5825087400574741,-1.0002839656807332,1.0,1.0,0.3628,1.300667455047369,0.55,27.0,0.0,20.0,False
env_odom_noise,0.0,0.23051543153651136,0.00788154924594252,0.12298588223569813,0.5812691622450347,-0.9627510624521631,1.0,1.0,0.3628,1.3320527799427508,0.55,27.272727272727273,0.0,20.0,False
env_odom_noise,0.0,0.23051543153651136,0.01631975090784437,0.12283205801481512,0.5736047126916375,-0.8970605345930108,1.0,1.0,0.3628,1.3800605595111848,0.55,27.90909090909091,0.0,20.0,False
env_odom_noise,0.0,0.23051543153651136,0.03379212149580846,0.12207343309075805,0.5661716781709528,-0.7877304566583865,1.0,1.0,0.3628,1.4833433330059052,0.5,27.9,0.0,20.0,False
env_odom_noise,0.0,0.23051543153651136,0.0699708887492028,0.12188342494261406,0.5539709930879269,-0.6237497730024023,1.0,1.0,0.3628,1.6671959847211837,0.45,28.555555555555557,0.0,20.0,False
env_odom_noise,0.0,0.23051543153651136,0.14488363132100487,0.12203300918478643,0.5504595051459619,-0.4104956132952776,1.0,1.0,0.3628,1.8607895240187644,0.4,29.0,0.0,20.0,False
env_odom_noise,0.0,0.23051543153651136,0.3,0.12249268073842307,0.5468901945426486,-0.14438232098516002,1.0,1.0,0.3628,2.0255204871296884,0.4,29.625,0.0,20.0,False
env_odom_noise,0.0,0.5,0.00010000000000000009,0.1220551135806915,0.5457356625785382,-0.3489993347235644,1.0,1.0,0.3628,1.9745916306972504,0.4,29.25,0.0,20.0,False
env_odom_noise,0.0,0.5,0.00020706272838739032,0.12205511419845606,0.5457356749924959,-0.34839935198510863,1.0,1.0,0.3628,1.9757816582918166,0.4,29.25,0.0,20.0,False
env_odom_noise,0.0,0.5,0.0004287497348723022,0.12205511398226518,0.5457357455923765,-0.34716066436542575,1.0,1.0,0.3628,1.9782409429550172,0.4,29.25,0.0,20.0,False
env_odom_noise,0.0,0.5,0.0008877808989802905,0.12205511475835817,0.5457356481172077,-0.34461141838373577,1.0,1.0,0.3628,1.9833213910460472,0.4,29.25,0.0,20.0,False
env_odom_noise,0.0,0.5,0.001838263351530691,0.12205511381100805,0.5457356251429191,-0.3393981517326123,1.0,1.0,0.3628,1.9937791585922242,0.4,29.25,0.0,20.0,False
env_odom_noise,0.0,0.5,0.003806358250624933,0.12205511384291542,0.542084334870345,-0.3301434337351716,1.0,1.0,0.3628,1.9958889767527581,0.4,29.625,0.0,20.0,False
env_odom_noise,0.0,0.5,0.00788154924594252,0.12205511312292165,0.5409299058006077,-0.3094682295064711,1.0,1.0,0.3628,2.033535844087601,0.4,29.75,0.0,20.0,False
env_odom_noise,0.0,0.5,0.01631975090784437,0.12209089165072635,0.5373062491543493,-0.27277619078121007,1.0,1.0,0.3628,2.078291629254818,0.4,30.625,0.0,20.0,False
env_odom_noise,0.0,0.5,0.03379212149580846,0.12248481861063835,0.5318110721281648,-0.2067330948761804,1.0,1.0,0.3628,2.1733226403594017,0.4,32.0,0.0,20.0,False
env_odom_noise,0.0,0.5,0.0699708887492028,0.12238431006255379,0.5272471763854957,-0.09258602598152584,1.0,1.0,0.3628,2.3312583327293397,0.35,31.857142857142858,0.0,20.0,False
env_odom_noise,0.0,0.5,0.14488363132100487,0.12251320839428019,0.5222579247547745,0.0735043395453237,1.0,1.0,0.3628,2.442149895429611,0.35,33.0,0.0,20.0,False
env_odom_noise,0.0,0.5,0.3,0.12251320951710443,0.5193011101031155,0.2964062971444192,1.0,1.0,0.3628,2.5213066950440406,0.35,33.42857142857143,0.0,20.0,False
env_odom_noise,0.007894736842105263,0.00010000000000000009,0.00010000000000000009,0.12506433508682308,0.6884457640125596,50.43272330750175,0.2089160839160839,0.32167832167832167,1.1066055944055944,0.37815079763531684,0.9,26.333333333333332,0.0,20.0,False
env_odom_noise,0.007894736842105263,0.00010000000000000009,0.00020706272838739032,0.1250643350523137,0.6861949707115429,46.6148729552725,0.24520069808027922,0.3699825479930192,1.0220167539267015,0.3670125637203455,0.9,26.38888888888889,0.0,20.0,False
env_odom_noise,0.007894736842105263,0.00010000000000000009,0.0004287497348723022,0.12506433490618385,0.686195442461089,44.3212725276817,0.2774869109947644,0.4389179755671902,0.9207951134380453,0.3761185593903065,0.9,26.38888888888889,0.0,20.0,False
env_odom_noise,0.007894736842105263,0.00010000000000000009,0.0008877808989802905,0.12506433567798966,0.6861954328168626,43.13765540631266,0.3263525305410122,0.49476439790575916,0.8160830715532286,0.4021716944873333,0.9,26.38888888888889,0.0,20.0,False
env_odom_noise,0.007894736842105263,0.00010000000000000009,0.001838263351530691,0.12480883440625265,0.6840694461376567,42.51294773314365,0.39565217391304347,0.5373913043478261,0.7041565217391303,0.4272404953837395,0.9,26.5,0.0,20.0,False
env_odom_noise,0.007894736842105263,0.00010000000000000009,0.003806358250624933,0.12480202533330124,0.6724933745738938,42.05736466514407,0.45797598627787306,0.5737564322469982,0.6054675814751287,0.40898172482848166,0.85,26.235294117647058,0.0,20.0,False
env_odom_noise,0.007894736842105263,0.00010000000000000009,0.00788154924594252,0.12424213375396716,0.6648153915085793,41.76845733774847,0.5050933786078099,0.5942275042444821,0.537879117147708,0.44843804761767386,0.8,25.8125,0.0,20.0,False
env_odom_noise,0.007894736842105263,0.00010000000000000009,0.01631975090784437,0.124097045106105,0.652863672154025,41.565119602198166,0.5400667779632721,0.6001669449081803,0.4969662771285476,0.5066145479679107,0.75,25.6,0.0,20.0,False
env_odom_noise,0.007894736842105263,0.00010000000000000009,0.03379212149580846,0.12388659471356345,0.6319124179521205,41.28333276006735,0.559967585089141,0.6037277147487844,0.4735047001620746,0.5879601188004017,0.7,25.928571428571427,0.0,20.0,False
env_odom_noise,0.007894736842105263,0.00010000000000000009,0.0699708887492028,0.12377196425023236,0.6062127554793695,40.71649887756563,0.5719874804381847,0.6118935837245696,0.4533189358372457,0.7503604561090469,0.6,25.583333333333332,0.0,20.0,False
env_odom_noise,0.007894736842105263,0.00010000000000000009,0.14488363132100487,0.12316347675902135,0.5865637674758812,40.194532952132825,0.5766312594840668,0.6160849772382397,0.44448376327769346,1.0195034518837929,0.5,24.9,0.0,20.0,False
env_odom_noise,0.007894736842105263,0.00010000000000000009,0.3,0.12259932832416383,0.5692861057274529,39.765638647226396,0.5812407680945347,0.620384047267356,0.4355751846381093,1.2227385714650154,0.5,26.7,0.0,20.0,False
env_odom_noise,0.007894736842105263,0.00021690521830457365,0.00010000000000000009,0.12506433508682308,0.6884457640125596,22.279350028674134,0.24125874125874125,0.36013986013986016,1.0358013986013987,0.37815079763531684,0.9,26.333333333333332,0.0,20.0,False
env_odom_noise,0.007894736842105263,0.00021690521830457365,0.00020706272838739032,0.12506433473730239,0.6861949689270969,19.976544580795537,0.268760907504363,0.4162303664921466,0.9522087260034904,0.36718617640435697,0.9,26.38888888888889,0.0,20.0,False
env_odom_noise,0.007894736842105263,0.00021690521830457365,0.0004287497348723022,0.12506433594891483,0.6861954795252607,18.364168799044172,0.29930191972076786,0.4781849912739965,0.8597130890052356,0.3768222339451313,0.9,26.38888888888889,0.0,20.0,False
env_odom_noise,0.007894736842105263,0.00021690521830457365,0.0008877808989802905,0.12506433441552406,0.6861954347838108,17.42845440846688,0.3472949389179756,0.5279232111692844,0.76198184991274,0.4032508872449398,0.9,26.38888888888889,0.0,20.0,False
env_odom_noise,0.007894736842105263,0.00021690521830457365,0.001838263351530691,0.12480883430181275,0.6840695160723939,16.953478666632762,0.4165217391304348,0.568695652173913,0.6519826086956522,0.42824145406484604,0.9,26.5,0.0,20.0,False
env_odom_noise,0.007894736842105263,0.00021690521830457365,0.003806358250624933,0.12480202394392406,0.6724935172579463,16.723603320741454,0.4777015437392796,0.6037735849056604,0.55572487135506,0.40996275171637536,0.85,26.235294117647058,0.0,20.0,False
env_odom_noise,0.007894736842105263,0.00021690521830457365,0.00788154924594252,0.1242421335061573,0.6648155550276545,16.665061815482627,0.5237691001697793,0.6239388794567062,0.48949202037351447,0.44914743304252625,0.8,25.8125,0.0,20.0,False
env_odom_noise,0.007894736842105263,0.00021690521830457365,0.01631975090784437,0.12409704637565773,0.6528637993466458,16.705923513602535,0.5584307178631052,0.6302170283806344,0.4485522537562604,0.5071354657411575,0.75,25.6,0.0,20.0,False
env_odom_noise,0.007894736842105263,0.00021690521830457365,0.03379212149580846,0.12388659201987674,0.6319125342891286,16.74262380120683,0.5786061588330632,0.63290113452188,0.42569270664505676,0.5883390411734581,0.7,25.928571428571427,0.0,20.0,False
env_odom_noise,0.007894736842105263,0.00021690521830457365,0.0699708887492028,0.12377196195556672,0.6062129228956696,16.673756391216344,0.5915492957746479,0.6408450704225352,0.40480563380281687,0.7506351590156555,0.6,25.583333333333332,0.0,20.0,False
env_odom_noise,0.007894736842105263,0.00021690521830457365,0.14488363132100487,0.12316347694186106,0.5865638521580272,16.633897045577896,0.5963581183611533,0.644916540212443,0.3959253414264037,1.0196694359183311,0.5,24.9,0.0,20.0,False
env_odom_noise,0.007894736842105263,0.00021690521830457365,0.3,0.12259932913211632,0.5692861109637697,16.643086289370423,0.6011816838995568,0.6484490398818316,0.3875692762186116,1.2228256165981293,0.5,26.7,0.0,20.0,False
env_odom_noise,0.007894736842105263,0.00047047873727754753,0.00010000000000000009,0.12506433508682308,0.6884457640125596,8.35860820369995,0.28496503496503495,0.44405594405594406,0.908179020979021,0.37815079763531684,0.9,26.333333333333332,0.0,20.0,False
env_odom_noise,0.007894736842105263,0.00047047873727754753,0.00020706272838739032,0.12506433453683033,0.6861949835834406,7.223570124878803,0.3045375218150087,0.4869109947643979,0.8457514834205934,0.3677318379282951,0.9,26.38888888888889,0.0,20.0,False
env_odom_noise,0.007894736842105263,0.00047047873727754753,0.0004287497348723022,0.12506433509984086,0.6861953926609768,6.292542400894729,0.3307155322862129,0.5392670157068062,0.7672174520069808,0.37851319164037706,0.9,26.38888888888889,0.0,20.0,False
env_odom_noise,0.007894736842105263,0.00047047873727754753,0.0008877808989802905,0.1250643360382751,0.6861954729309101,5.67347508926212,0.38219895287958117,0.5855148342059336,0.6694862129144852,0.4055467963218689,0.9,26.38888888888889,0.0,20.0,False
env_odom_noise,0.007894736842105263,0.00047047873727754753,0.001838263351530691,0.12480883563406413,0.6818550000729656,5.332472715562692,0.4522569444444444,0.6267361111111112,0.5582069444444444,0.4086538031697273,0.85,25.823529411764707,0.0,20.0,False
env_odom_noise,0.007894736842105263,0.00047047873727754753,0.003806358250624933,0.12480202474329051,0.6724939908332067,5.243207561525864,0.5060034305317325,0.6586620926243568,0.4725344768439107,0.41206827238202093,0.85,26.235294117647058,0.0,20.0,False
env_odom_noise,0.007894736842105263,0.00047047873727754753,0.00788154924594252,0.12424213240049024,0.6648159104812271,5.294748262696,0.5517826825127334,0.6774193548387096,0.4079979626485569,0.4506771594285965,0.8,25.8125,0.0,20.0,False
env_odom_noise,0.007894736842105263,0.00047047873727754753,0.01631975090784437,0.12409704732110373,0.6528641243377337,5.447022801033925,0.5859766277128547,0.6836393989983306,0.36758397328881465,0.5082628965377808,0.75,25.6,0.0,20.0,False
env_odom_noise,0.007894736842105263,0.00047047873727754753,0.03379212149580846,0.12388659217365429,0.6319128298546193,5.628269921524616,0.6061588330632091,0.686385737439222,0.3446554294975689,0.5891603514552116,0.7,25.928571428571427,0.0,20.0,False
env_odom_noise,0.007894736842105263,0.00047047873727754753,0.0699708887492028,0.12377196469044453,0.6062130877762043,5.785032677203765,0.6173708920187794,0.6932707355242567,0.32655837245696395,0.7512309916317463,0.6,25.583333333333332,0.0,20.0,False
env_odom_noise,0.007894736842105263,0.00047047873727754753,0.14488363132100487,0.1231634760388437,0.5865639040123607,5.965089147178027,0.622154779969651,0.6965098634294385,0.3185353566009105,1.020029379427433,0.5,24.9,0.0,20.0,False
env_odom_noise,0.007894736842105263,0.00047047873727754753,0.3,0.12259932726782803,0.5692862011755893,6.174081062550519,0.6262924667651403,0.7008862629246676,0.3100212703101921,1.2230139300227165,0.5,26.7,0.0,20.0,False
env_odom_noise,0.007894736842105263,0.001020492932168466,0.00010000000000000009,0.12506433508682308,0.6884457659012861,1.5070368685539208,0.34003496503496505,0.5594405594405595,0.7377244755244754,0.3782049424946308,0.9,26.333333333333332,0.0,20.0,False
env_odom_noise,0.007894736842105263,0.001020492932168466,0.00020706272838739032,0.12506433474783948,0.6861951655783792,1.0684498097264579,0.35776614310645727,0.5890052356020943,0.6904286212914484,0.3696555055677891,0.9,26.38888888888889,0.0,20.0,False
env_odom_noise,0.007894736842105263,0.001020492932168466,0.0004287497348723022,0.12506433496648053,0.6861952689602934,0.6499960427494547,0.3856893542757417,0.6265270506108203,0.624983595113438,0.3829527832567692,0.9,26.38888888888889,0.0,20.0,False
env_odom_noise,0.007894736842105263,0.001020492932168466,0.0008877808989802905,0.12506433361923647,0.6861958434734198,0.335164548327312,0.43804537521815007,0.6666666666666666,0.5324879581151833,0.4110704407095909,0.9,26.38888888888889,0.0,20.0,False
env_odom_noise,0.007894736842105263,0.001020492932168466,0.001838263351530691,0.12480883826989639,0.6799114991102517,0.15161319851496946,0.49566724436741766,0.6975736568457539,0.44395909878682843,0.40329511761665343,0.85,25.88235294117647,0.0,20.0,False
env_odom_noise,0.007894736842105263,0.001020492932168466,0.003806358250624933,0.12480202538676705,0.6724947219187039,0.1485903127580021,0.5445969125214408,0.725557461406518,0.36704562607204116,0.4165394939482212,0.85,26.235294117647058,0.0,20.0,False
env_odom_noise,0.007894736842105263,0.001020492932168466,0.00788154924594252,0.12424213280110785,0.6648166449480519,0.25745083506336774,0.5899830220713073,0.7419354838709677,0.305281494057725,0.4427340216934681,0.75,24.933333333333334,0.0,20.0,False
env_odom_noise,0.007894736842105263,0.001020492932168466,0.01631975090784437,0.12409704354121567,0.6528646653766267,0.4597989086135614,0.6218697829716193,0.7470784641068448,0.2682517529215359,0.5106946133077145,0.75,25.6,0.0,20.0,False
env_odom_noise,0.007894736842105263,0.001020492932168466,0.03379212149580846,0.12388659474036731,0.6319133965868675,0.7048239252636472,0.6410048622366289,0.7487844408427877,0.24741069692058337,0.5909364886581898,0.7,25.928571428571427,0.0,20.0,False
env_odom_noise,0.007894736842105263,0.001020492932168466,0.0699708887492028,0.12377196268389964,0.6062134860008609,0.9612376416930416,0.6517996870109546,0.7535211267605634,0.23187918622848203,0.7525207936763764,0.6,25.583333333333332,0.0,20.0,False
env_odom_noise,0.007894736842105263,0.001020492932168466,0.14488363132100487,0.12316347695701521,0.586564360606388,1.2400766628003606,0.6562974203338392,0.7556904400606981,0.2252121396054627,1.020809254050255,0.5,24.9,0.0,20.0,False
env_odom_noise,0.007894736842105263,0.001020492932168466,0.3,0.12259932889115127,0.569286472147415,1.538883943565193,0.6610044313146234,0.758493353028065,0.21770221565731163,1.2234224289655686,0.5,26.7,0.0,20.0,False
env_odom_noise,0.007894736842105263,0.0022135024223027535,0.00010000000000000009,0.1250643356083597,0.6861950188210445,-1.667701245245325,0.42670157068062825,0.7155322862129145,0.4949661431064572,0.37139317467808725,0.9,26.38888888888889,0.0,20.0,False
env_odom_noise,0.007894736842105263,0.0022135024223027535,0.00020706272838739032,0.12506433513166998,0.6861952068056469,-1.7830676740817395,0.4389179755671902,0.7277486910994765,0.4705333333333333,0.38014191538095476,0.9,26.38888888888889,0.0,20.0,False
env_odom_noise,0.007894736842105263,0.0022135024223027535,0.0004287497348723022,0.12506433541339124,0.6861958472817955,-1.911899679621131,0.4694589877835951,0.7495636998254799,0.418177312390925,0.3966261774301529,0.9,26.38888888888889,0.0,20.0,False
env_odom_noise,0.007894736842105263,0.0022135024223027535,0.0008877808989802905,0.12506433477128015,0.6861972886138602,-2.0125861633199427,0.5052356020942408,0.7731239092495636,0.35884048865619556,0.4251213066279888,0.9,26.38888888888889,0.0,20.0,False
env_odom_noise,0.007894736842105263,0.0022135024223027535,0.001838263351530691,0.12480202455183735,0.6799139024949283,-2.059150996125358,0.5595854922279793,0.7996545768566494,0.2779599309153713,0.39859611466526984,0.85,26.0,0.0,20.0,False
env_odom_noise,0.007894736842105263,0.0022135024223027535,0.003806358250624933,0.12480202571804322,0.670460649164523,-2.0028863593821007,0.6061643835616438,0.821917808219178,0.20911780821917814,0.41426186114549635,0.85,26.294117647058822,0.0,20.0,False
env_odom_noise,0.007894736842105263,0.0022135024223027535,0.00788154924594252,0.12424213298931293,0.6648180272024814,-1.855997479014472,0.6477079796264855,0.8310696095076401,0.15842241086587439,0.44972711950540545,0.75,24.933333333333334,0.0,20.0,False
env_odom_noise,0.007894736842105263,0.0022135024223027535,0.01631975090784437,0.1240970473467167,0.6528662196371523,-1.6327218676510615,0.674457429048414,0.835559265442404,0.127183305509182,0.5159064792096615,0.75,25.6,0.0,20.0,True
env_odom_noise,0.007894736842105263,0.0022135024223027535,0.03379212149580846,0.12388659351462118,0.6319147306309888,-1.3624080670559366,0.6920583468395461,0.8371150729335495,0.1267432739059967,0.5947668679058552,0.7,25.928571428571427,0.0,20.0,True
env_odom_noise,0.007894736842105263,0.0022135024223027535,0.0699708887492028,0.12377196057989881,0.6062142293601812,-1.0653159040043245,0.7018779342723005,0.8403755868544601,0.13330234741784042,0.7553109377622604,0.6,25.583333333333332,0.0,20.0,False
env_odom_noise,0.007894736842105263,0.0022135024223027535,0.14488363132100487,0.12316347642109735,0.5865649700834983,-0.7440902611184284,0.704855842185129,0.8437025796661608,0.13295326251896822,1.022498331964016,0.5,24.9,0.0,20.0,False
env_odom_noise,0.007894736842105263,0.0022135024223027535,0.3,0.12259932897563819,0.569286755150238,-0.4064601927377025,0.7090103397341211,0.8463810930576071,0.134429246676514,1.224307607114315,0.5,26.7,0.0,20.0,False
env_odom_noise,0.007894736842105263,0.004801202261272809,0.00010000000000000009,0.12452113900024227,0.6842367862949574,-2.8989731082376844,0.5709342560553633,0.865916955017301,0.20034878892733565,0.38741528764367106,0.85,25.941176470588236,0.0,20.0,False
env_odom_noise,0.007894736842105263,0.004801202261272809,0.00020706272838739032,0.12452113806718687,0.682122975444687,-2.9153660817188722,0.5820379965457686,0.8713298791018999,0.18383212435233154,0.38299185410141945,0.85,26.0,0.0,20.0,False
env_odom_noise,0.007894736842105263,0.004801202261272809,0.0004287497348723022,0.12452113944636728,0.6821238268490711,-2.926529368526699,0.6018998272884283,0.8791018998272885,0.15619827288428323,0.3960982240736485,0.85,26.0,0.0,20.0,False
env_odom_noise,0.007894736842105263,0.004801202261272809,0.0008877808989802905,0.12458212660291404,0.6821253675878303,-2.9216228569678204,0.6293103448275862,0.8931034482758621,0.11478620689655172,0.40869594290852546,0.85,26.058823529411764,0.0,20.0,True
env_odom_noise,0.007894736842105263,0.004801202261272809,0.001838263351530691,0.12458212539484483,0.6732061928114114,-2.8772065604301287,0.6598290598290598,0.9102564102564102,0.06711452991452993,0.3943356156349182,0.85,26.352941176470587,0.0,20.0,True
env_odom_noise,0.007894736842105263,0.004801202261272809,0.003806358250624933,0.12458212612598125,0.6692416789848461,-2.777839509991295,0.6984667802385008,0.9173764906303237,0.05289028960817721,0.4277327388525009,0.8,25.6875,0.0,20.0,True
env_odom_noise,0.007894736842105263,0.004801202261272809,0.00788154924594252,0.12388580058558804,0.6618332546725538,-2.624506639132027,0.7290268456375839,0.9219798657718121,0.07884697986577183,0.42804420962929723,0.75,25.4,0.0,20.0,True
env_odom_noise,0.007894736842105263,0.004801202261272809,0.01631975090784437,0.12388580075406784,0.647269035143406,-2.392161824313835,0.7591059602649006,0.9246688741721855,0.1062370860927152,0.5140250533819198,0.75,25.933333333333334,0.0,20.0,True
env_odom_noise,0.007894736842105263,0.004801202261272809,0.03379212149580846,0.12368104962657525,0.6276462883139611,-2.1130644654363504,0.770096463022508,0.9260450160771704,0.11585144694533767,0.595979531109333,0.7,26.285714285714285,0.0,20.0,True
env_odom_noise,0.007894736842105263,0.004801202261272809,0.0699708887492028,0.1235705972899287,0.6048257151029433,-1.8056136762814572,0.7757009345794392,0.927570093457944,0.11993084112149532,0.7650133058428764,0.55,24.636363636363637,0.0,20.0,False
env_odom_noise,0.007894736842105263,0.004801202261272809,0.14488363132100487,0.12275708441641255,0.5851922090404695,-1.4785771710608482,0.7778614457831325,0.9299698795180723,0.11969156626506028,1.0262886218726635,0.5,25.4,0.0,20.0,False
env_odom_noise,0.007894736842105263,0.004801202261272809,0.3,0.12241257686586635,0.5678628849680006,-1.1165009245825976,0.7808823529411765,0.9316176470588236,0.12106470588235296,1.2443621665239335,0.5,27.0,0.0,20.0,False
env_odom_noise,0.007894736842105263,0.010414058246057912,0.00010000000000000009,0.1243955620206734,0.6752327839954538,-3.1142322851796225,0.7401709401709402,0.9700854700854701,0.0730564102564103,0.42423865795135496,0.8,25.5625,0.0,20.0,True
env_odom_noise,0.007894736842105263,0.010414058246057912,0.00020706272838739032,0.12439556324903368,0.6752329308620336,-3.106458594997909,0.7452991452991453,0.9726495726495726,0.08074871794871796,0.4293903663754463,0.8,25.5625,0.0,20.0,True
env_odom_noise,0.007894736842105263,0.010414058246057912,0.0004287497348723022,0.12439556266717697,0.6735033890530576,-3.0905239911441424,0.7474402730375427,0.9735494880546075,0.0837897610921502,0.42831670343875883,0.8,25.625,0.0,20.0,True
env_odom_noise,0.007894736842105263,0.010414058246057912,0.0008877808989802905,0.1243955618307326,0.669345094573516,-3.0596136852410503,0.7610544217687075,0.9744897959183674,0.09834421768707491,0.4254616774618626,0.8,25.75,0.0,20.0,True
env_odom_noise,0.007894736842105263,0.010414058246057912,0.001838263351530691,0.12439556203615247,0.6674277479163427,-2.996132808435847,0.7877758913412564,0.9770797962648556,0.127655687606112,0.44981612339615823,0.8,25.8125,0.0,20.0,True
env_odom_noise,0.007894736842105263,0.010414058246057912,0.003806358250624933,0.12370483637466137,0.6627978080681382,-2.8944147013229067,0.8090452261306532,0.9790619765494137,0.15090720268006697,0.41523047536611557,0.75,25.466666666666665,0.0,20.0,False
env_odom_noise,0.007894736842105263,0.010414058246057912,0.00788154924594252,0.12370483312235915,0.6573345042963543,-2.731805694749925,0.8316666666666667,0.9808333333333333,0.1753,0.48553556576371193,0.75,25.666666666666668,0.0,20.0,False
env_odom_noise,0.007894736842105263,0.010414058246057912,0.01631975090784437,0.12365321403670801,0.6427520262386411,-2.51323408787473,0.85,0.9811475409836066,0.19394754098360656,0.5360109977424145,0.7,25.428571428571427,0.0,20.0,False
env_odom_noise,0.007894736842105263,0.010414058246057912,0.03379212149580846,0.12350442887530426,0.6261003111210492,-2.243182642297915,0.8581730769230769,0.9815705128205128,0.20254358974358966,0.6564490593969822,0.65,25.46153846153846,0.0,20.0,False
env_odom_noise,0.007894736842105263,0.010414058246057912,0.0699708887492028,0.12339726661931691,0.6017817262426403,-1.9384844810596413,0.862015503875969,0.982170542635659,0.206986046511628,0.8259255938231945,0.55,24.90909090909091,0.0,20.0,False
env_odom_noise,0.007894736842105263,0.010414058246057912,0.14488363132100487,0.12265915386337341,0.5798768667095134,-1.6101197005431958,0.8641791044776119,0.9828358208955223,0.2098149253731343,1.0627701789140702,0.5,26.0,0.0,20.0,False
env_odom_noise,0.007894736842105263,0.010414058246057912,0.3,0.12206879031865746,0.5641584470772385,-1.2507428530799087,0.8673469387755102,0.9832361516034985,0.2133830903790087,1.282014574855566,0.5,27.6,0.0,20.0,False
env_odom_noise,0.007894736842105263,0.02258863577297737,0.00010000000000000009,0.1243292653247383,0.6628182814974443,-2.8403049804966334,0.8852596314907872,1.0,0.24805963149078725,0.46699375137686727,0.7,24.5,0.0,20.0,False
env_odom_noise,0.007894736842105263,0.02258863577297737,0.00020706272838739032,0.12432926487401799,0.6628187438923556,-2.832653748115034,0.8894472361809045,1.0,0.2522472361809045,0.47081675156950953,0.7,24.5,0.0,20.0,False
env_odom_noise,0.007894736842105263,0.02258863577297737,0.0004287497348723022,0.12432926758889222,0.6628197194337734,-2.817394340027859,0.8911222780569514,1.0,0.25392227805695144,0.47852682173252103,0.7,24.5,0.0,20.0,False
env_odom_noise,0.007894736842105263,0.02258863577297737,0.0008877808989802905,0.12432926599135828,0.659328930016238,-2.7891718043114166,0.8964941569282137,1.0,0.25929415692821367,0.4724144645035267,0.7,24.642857142857142,0.0,20.0,False
env_odom_noise,0.007894736842105263,0.02258863577297737,0.001838263351530691,0.12391956926623274,0.657402523316915,-2.7373690492909803,0.9043261231281198,1.0,0.2671261231281198,0.4807793296873569,0.7,24.785714285714285,0.0,20.0,False
env_odom_noise,0.007894736842105263,0.02258863577297737,0.003806358250624933,0.12407579153231435,0.6538789878650725,-2.648161821444852,0.9139072847682119,1.0,0.27670728476821194,0.5021466858685016,0.7,25.0,0.0,20.0,False
env_odom_noise,0.007894736842105263,0.02258863577297737,0.00788154924594252,0.12386666513772004,0.6483945664861875,-2.5111557043142407,0.9268092105263158,1.0,0.28960921052631583,0.5432699039578438,0.65,24.23076923076923,0.0,20.0,False
env_odom_noise,0.007894736842105263,0.02258863577297737,0.01631975090784437,0.12386666383047581,0.6360670904682206,-2.316369446193271,0.9333333333333333,1.0,0.29613333333333336,0.6288586854934692,0.65,24.76923076923077,0.0,20.0,False
env_odom_noise,0.007894736842105263,0.02258863577297737,0.03379212149580846,0.12358967534346235,0.619655841308983,-2.0742790714653365,0.9374009508716323,1.0,0.30020095087163234,0.7244340032339096,0.6,24.916666666666668,0.0,20.0,False
env_odom_noise,0.007894736842105263,0.02258863577297737,0.0699708887492028,0.12344430276745601,0.5964079096192636,-1.7845958428887683,0.9400921658986175,1.0,0.30289216589861756,0.9151979044079781,0.55,25.454545454545453,0.0,20.0,False
env_odom_noise,0.007894736842105263,0.02258863577297737,0.14488363132100487,0.12272055156959218,0.5773306017222163,-1.466666710289838,0.9421364985163204,1.0,0.30493649851632043,1.162366633117199,0.5,26.4,0.0,20.0,False
env_odom_noise,0.007894736842105263,0.02258863577297737,0.3,0.12212844242732493,0.5616334358934889,-1.1182433703946644,0.9436416184971098,1.0,0.3064416184971098,1.3593546375632286,0.45,27.0,0.0,20.0,False
env_odom_noise,0.007894736842105263,0.04899592973540154,0.00010000000000000009,0.12369367315630751,0.6471161247912851,-2.3294320105789046,0.9811475409836066,1.0,0.3439475409836066,0.6201069012284279,0.65,24.384615384615383,0.0,20.0,False
env_odom_noise,0.007894736842105263,0.04899592973540154,0.00020706272838739032,0.12369367025678872,0.6471166204887636,-2.3247780683218005,0.9811475409836066,1.0,0.3439475409836066,0.622934153676033,0.65,24.384615384615383,0.0,20.0,False
env_odom_noise,0.007894736842105263,0.04899592973540154,0.0004287497348723022,0.12369367009964072,0.6453051631143197,-2.316396434738747,0.9811783960720131,1.0,0.3439783960720131,0.6182817496359349,0.65,24.46153846153846,0.0,20.0,False
env_odom_noise,0.007894736842105263,0.04899592973540154,0.0008877808989802905,0.12369367287856978,0.645306867392711,-2.2978022939333913,0.9811783960720131,1.0,0.3439783960720131,0.6299381770193577,0.65,24.46153846153846,0.0,20.0,False
env_odom_noise,0.007894736842105263,0.04899592973540154,0.001838263351530691,0.12369367151554417,0.6453104198030775,-2.262484423074605,0.9811783960720131,1.0,0.3439783960720131,0.652930237352848,0.65,24.46153846153846,0.0,20.0,False
env_odom_noise,0.007894736842105263,0.04899592973540154,0.003806358250624933,0.12367741953717037,0.6416844068767138,-2.201958387287012,0.9837133550488599,1.0,0.34651335504885994,0.6660846918821335,0.65,24.692307692307693,0.0,20.0,False
env_odom_noise,0.007894736842105263,0.04899592973540154,0.00788154924594252,0.12391415700770608,0.6364290451410963,-2.1002326350448923,0.9854368932038835,1.0,0.3482368932038835,0.6967090636491775,0.6,23.833333333333332,0.0,20.0,False
env_odom_noise,0.007894736842105263,0.04899592973540154,0.01631975090784437,0.1239141565987354,0.6195990645968392,-1.9464124033835464,0.9880573248407644,1.0,0.3508573248407644,0.7417145296931267,0.6,24.666666666666668,0.0,20.0,False
env_odom_noise,0.007894736842105263,0.04899592973540154,0.03379212149580846,0.12321614943904695,0.6106229856163685,-1.7438086847745466,0.9890625,1.0,0.35186249999999997,0.8631455399096012,0.55,24.454545454545453,0.0,20.0,False
env_odom_noise,0.007894736842105263,0.04899592973540154,0.0699708887492028,0.12320063529744173,0.5881274771841676,-1.4847428975374375,0.9893939393939394,1.0,0.3521939393939394,1.0602012515068053,0.55,26.272727272727273,0.0,20.0,False
env_odom_noise,0.007894736842105263,0.04899592973540154,0.14488363132100487,0.12229584513012316,0.5668363945099925,-1.1780930909085543,0.9897660818713451,1.0,0.3525660818713451,1.294935619086027,0.5,27.4,0.0,20.0,False
env_odom_noise,0.007894736842105263,0.04899592973540154,0.3,0.12199733490833055,0.5591020955500264,-0.8615621697579309,0.99,1.0,0.3528,1.4781346902251244,0.45,27.88888888888889,0.0,20.0,False
env_odom_noise,0.007894736842105263,0.10627472835292812,0.00010000000000000009,0.12361219905497775,0.6216992513063275,-1.7084958778694974,1.0,1.0,0.3628,0.8651013419032096,0.6,24.916666666666668,0.0,20.0,False
env_odom_noise,0.007894736842105263,0.10627472835292812,0.00020706272838739032,0.12361220168147023,0.6216998559176112,-1.7060538032907586,1.0,1.0,0.3628,0.8671578511595726,0.6,24.916666666666668,0.0,20.0,False
env_odom_noise,0.007894736842105263,0.10627472835292812,0.0004287497348723022,0.12361220029983144,0.6217009036383365,-1.7010596570380152,1.0,1.0,0.3628,0.8713896214962006,0.6,24.916666666666668,0.0,20.0,False
env_odom_noise,0.007894736842105263,0.10627472835292812,0.0008877808989802905,0.12361220053060751,0.6217031179199058,-1.6909745128385274,1.0,1.0,0.3628,0.8800374522805214,0.6,24.916666666666668,0.0,20.0,False
env_odom_noise,0.007894736842105263,0.10627472835292812,0.001838263351530691,0.12361219955766714,0.6201311104969199,-1.671788394834579,1.0,1.0,0.3628,0.8878867641091347,0.6,25.0,0.0,20.0,False
env_odom_noise,0.007894736842105263,0.10627472835292812,0.003806358250624933,0.12361219878466842,0.6152304865687659,-1.635682488769917,1.0,1.0,0.3628,0.8943844377994538,0.6,25.25,0.0,20.0,False
env_odom_noise,0.007894736842105263,0.10627472835292812,0.00788154924594252,0.12361219561043814,0.6121383921588287,-1.567975792280276,1.0,1.0,0.3628,0.9440299220383167,0.6,25.416666666666668,0.0,20.0,False
env_odom_noise,0.007894736842105263,0.10627472835292812,0.01631975090784437,0.12333993373571428,0.6046433369322596,-1.4634753991499112,1.0,1.0,0.3628,0.9785335324704647,0.55,25.0,0.0,20.0,False
env_odom_noise,0.007894736842105263,0.10627472835292812,0.03379212149580846,0.12325468302584242,0.5904039800312523,-1.3053642788639772,1.0,1.0,0.3628,1.0908159166574478,0.55,26.09090909090909,0.0,20.0,False
env_odom_noise,0.007894736842105263,0.10627472835292812,0.0699708887492028,0.1223079598268197,0.5760707745864582,-1.0934372459103312,1.0,1.0,0.3628,1.2781022652983665,0.5,26.8,0.0,20.0,False
env_odom_noise,0.007894736842105263,0.10627472835292812,0.14488363132100487,0.12171695801058666,0.5592913272299445,-0.8259110630565772,1.0,1.0,0.3628,1.5032019898295403,0.45,27.77777777777778,0.0,20.0,False
env_odom_noise,0.007894736842105263,0.10627472835292812,0.3,0.1219533787034049,0.5554191085699468,-0.5269637291294171,1.0,1.0,0.3628,1.6935920968651772,0.4,27.625,0.0,20.0,False
env_odom_noise,0.007894736842105263,0.23051543153651136,0.00010000000000000009,0.12372350546407083,0.5848580960908427,-1.0372275892978318,1.0,1.0,0.3628,1.2897116765379906,0.55,26.545454545454547,0.0,20.0,False
env_odom_noise,0.007894736842105263,0.23051543153651136,0.00020706272838739032,0.12372350680497689,0.5848585551562101,-1.035994168026348,1.0,1.0,0.3628,1.2912658408284188,0.55,26.545454545454547,0.0,20.0,False
env_odom_noise,0.007894736842105263,0.23051543153651136,0.0004287497348723022,0.12372350665958247,0.5848592519650471,-1.033456044535716,1.0,1.0,0.3628,1.2944739013910294,0.55,26.545454545454547,0.0,20.0,False
env_odom_noise,0.007894736842105263,0.23051543153651136,0.0008877808989802905,0.12346847106942394,0.5848608844455281,-1.0289207791468236,1.0,1.0,0.3628,1.292614535987377,0.55,26.636363636363637,0.0,20.0,False
env_odom_noise,0.007894736842105263,0.23051543153651136,0.001838263351530691,0.12346847298128645,0.5848644790909256,-1.0184568948745456,1.0,1.0,0.3628,1.306109531223774,0.55,26.636363636363637,0.0,20.0,False
env_odom_noise,0.007894736842105263,0.23051543153651136,0.003806358250624933,0.12291231784147018,0.5820842213612268,-1.0001284957378704,1.0,1.0,0.3628,1.3005094520747662,0.55,27.0,0.0,20.0,False
env_odom_noise,0.007894736842105263,0.23051543153651136,0.00788154924594252,0.12298588389168742,0.5808253321082135,-0.9626583099692574,1.0,1.0,0.3628,1.3316789001226426,0.55,27.272727272727273,0.0,20.0,False
env_odom_noise,0.007894736842105263,0.23051543153651136,0.01631975090784437,0.12283205805185783,0.5733317122902674,-0.8969746773420522,1.0,1.0,0.3628,1.3798152595758437,0.55,27.90909090909091,0.0,20.0,False
env_odom_noise,0.007894736842105263,0.23051543153651136,0.03379212149580846,0.12207343312811432,0.5672004024079054,-0.7883354717117119,1.0,1.0,0.3628,1.4889140166342258,0.5,27.8,0.0,20.0,False
env_odom_noise,0.007894736842105263,0.23051543153651136,0.0699708887492028,0.12188342448122148,0.5530664542985854,-0.6237708582207291,1.0,1.0,0.3628,1.6667219072580337,0.45,28.555555555555557,0.0,20.0,False
env_odom_noise,0.007894736842105263,0.23051543153651136,0.14488363132100487,0.12203300747272111,0.5492749638246385,-0.41052135201169854,1.0,1.0,0.3628,1.860331991314888,0.4,29.0,0.0,20.0,False
env_odom_noise,0.007894736842105263,0.23051543153651136,0.3,0.12249268145794108,0.5443856336946671,-0.14161500003661048,1.0,1.0,0.3628,2.020545870065689,0.4,29.75,0.0,20.0,False
env_odom_noise,0.007894736842105263,0.5,0.00010000000000000009,0.12205511332657622,0.5442287199394287,-0.34932014720551646,1.0,1.0,0.3628,1.9676996678113938,0.4,29.375,0.0,20.0,False
env_odom_noise,0.007894736842105263,0.5,0.00020706272838739032,0.12205511335570376,0.544229045422403,-0.3487196052770102,1.0,1.0,0.3628,1.968893125653267,0.4,29.375,0.0,20.0,False
env_odom_noise,0.007894736842105263,0.5,0.0004287497348723022,0.12205511432459328,0.5442294918837897,-0.34747977840629857,1.0,1.0,0.3628,1.9713607490062715,0.4,29.375,0.0,20.0,False
env_odom_noise,0.007894736842105263,0.5,0.0008877808989802905,0.12205511342044935,0.5442305663990007,-0.34492811714198635,1.0,1.0,0.3628,1.976457092165947,0.4,29.375,0.0,20.0,False
env_odom_noise,0.007894736842105263,0.5,0.001838263351530691,0.12205511307143972,0.5442324947356787,-0.3397098472305397,1.0,1.0,0.3628,1.986948198080063,0.4,29.375,0.0,20.0,False
env_odom_noise,0.007894736842105263,0.5,0.003806358250624933,0.12205511225721964,0.5418021618659914,-0.3299727505397638,1.0,1.0,0.3628,1.9956459358334542,0.4,29.625,0.0,20.0,False
env_odom_noise,0.007894736842105263,0.5,0.00788154924594252,0.1220551141157436,0.5392607642940178,-0.3097569359480657,1.0,1.0,0.3628,2.026755413413048,0.4,29.875,0.0,20.0,False
env_odom_noise,0.007894736842105263,0.5,0.01631975090784437,0.12209089282601948,0.5366960891121402,-0.2726917536108822,1.0,1.0,0.3628,2.0779067277908325,0.4,30.625,0.0,20.0,False
env_odom_noise,0.007894736842105263,0.5,0.03379212149580846,0.12248482042984295,0.5297871608425616,-0.20614057021066856,1.0,1.0,0.3628,2.1685243427753447,0.4,32.125,0.0,20.0,False
env_odom_noise,0.007894736842105263,0.5,0.0699708887492028,0.12238431168301317,0.5252156349742113,-0.09142948185792157,1.0,1.0,0.3628,2.326512536406517,0.35,32.0,0.0,20.0,False
env_odom_noise,0.007894736842105263,0.5,0.14488363132100487,0.12251320880482192,0.5203614432892681,0.0752501287425895,1.0,1.0,0.3628,2.437407398223877,0.35,33.142857142857146,0.0,20.0,False
env_odom_noise,0.007894736842105263,0.5,0.3,0.12251321083806127,0.5164909254853084,0.2997129660381976,1.0,1.0,0.3628,2.512263096868992,0.35,33.714285714285715,0.0,20.0,False
env_odom_noise,0.015789473684210527,0.00010000000000000009,0.00010000000000000009,0.1250643344761631,0.6992056845892255,51.80550814934517,0.19230769230769232,0.31993006993006995,1.124962237762238,0.3797548945993185,0.9,26.333333333333332,0.0,20.0,False
env_odom_noise,0.015789473684210527,0.00010000000000000009,0.00020706272838739032,0.12506433455005841,0.6992056725064931,47.44474814604906,0.22465034965034966,0.361013986013986,1.0515356643356644,0.3803641952574253,0.9,26.333333333333332,0.0,20.0,False
env_odom_noise,0.015789473684210527,0.00010000000000000009,0.0004287497348723022,0.12506433599219463,0.6969185541824339,44.69988492584749,0.268760907504363,0.424956369982548,0.9434827225130891,0.3776709012687206,0.9,26.38888888888889,0.0,20.0,False
env_odom_noise,0.015789473684210527,0.00010000000000000009,0.0008877808989802905,0.12506433560265917,0.6969199847487808,43.326496825835164,0.31762652705061084,0.4720767888307155,0.8474966841186736,0.4036074116826057,0.9,26.38888888888889,0.0,20.0,False
env_odom_noise,0.015789473684210527,0.00010000000000000009,0.001838263351530691,0.12474138239667043,0.6928392410708349,42.53256902275191,0.38388214904679374,0.5277296360485269,0.7255882149046794,0.413093601167202,0.9,26.61111111111111,0.0,20.0,False
env_odom_noise,0.015789473684210527,0.00010000000000000009,0.003806358250624933,0.12480202418425354,0.6833977856148286,42.10260497548136,0.4365351629502573,0.5720411663807891,0.6286236706689536,0.41097951903939245,0.85,26.235294117647058,0.0,20.0,False
env_odom_noise,0.015789473684210527,0.00010000000000000009,0.00788154924594252,0.12424213307748819,0.6758026578290465,41.79043239885123,0.49745331069609505,0.5942275042444821,0.5455191850594228,0.4499154590070248,0.8,25.8125,0.0,20.0,False
env_odom_noise,0.015789473684210527,0.00010000000000000009,0.01631975090784437,0.12409704586752257,0.6639006670355633,41.57562037553474,0.5383973288814691,0.6010016694490818,0.4978010016694491,0.5078178137540817,0.75,25.6,0.0,20.0,False
env_odom_noise,0.015789473684210527,0.00010000000000000009,0.03379212149580846,0.12388659186692506,0.6420299369605568,41.21953100688724,0.5606796116504854,0.6043689320388349,0.4721514563106797,0.5806760810315609,0.7,26.0,0.0,20.0,False
env_odom_noise,0.015789473684210527,0.00010000000000000009,0.0699708887492028,0.1237719617100691,0.6174763998749268,40.7191603867881,0.5719874804381847,0.6118935837245696,0.4533189358372457,0.7511995583772659,0.6,25.583333333333332,0.0,20.0,False
env_odom_noise,0.015789473684210527,0.00010000000000000009,0.14488363132100487,0.12316347619827665,0.5973589373568625,40.1947896281047,0.5766312594840668,0.6160849772382397,0.44448376327769346,1.0182778060436248,0.5,24.9,0.0,20.0,False
env_odom_noise,0.015789473684210527,0.00010000000000000009,0.3,0.12259932775248009,0.5810492878849822,39.82379927431745,0.5806213017751479,0.6198224852071006,0.43675621301775147,1.2274004101753235,0.5,26.6,0.0,20.0,False
env_odom_noise,0.015789473684210527,0.00021690521830457365,0.00010000000000000009,0.1250643344761631,0.6992056845892255,23.409800914730543,0.21765734265734266,0.36276223776223776,1.0567804195804196,0.3797548945993185,0.9,26.333333333333332,0.0,20.0,False
env_odom_noise,0.015789473684210527,0.00021690521830457365,0.00020706272838739032,0.12506433465661002,0.6992056639653532,20.67778727153896,0.2517482517482518,0.4012237762237762,0.9842279720279721,0.38053032495081424,0.9,26.333333333333332,0.0,20.0,False
env_odom_noise,0.015789473684210527,0.00021690521830457365,0.0004287497348723022,0.1250643346491135,0.6969184791970608,18.718544949485768,0.29581151832460734,0.4598603839441536,0.8815280977312391,0.37837105318903924,0.9,26.38888888888889,0.0,20.0,False
env_odom_noise,0.015789473684210527,0.00021690521830457365,0.0008877808989802905,0.12506433423534913,0.696920381885778,17.610801372565497,0.33856893542757416,0.5034904013961605,0.7951406631762653,0.4046814195811749,0.9,26.38888888888889,0.0,20.0,False
env_odom_noise,0.015789473684210527,0.00021690521830457365,0.001838263351530691,0.12474138247468058,0.6928397439970753,17.009148216252477,0.4055459272097054,0.5589254766031195,0.6727285961871751,0.4140588253736496,0.9,26.61111111111111,0.0,20.0,False
env_odom_noise,0.015789473684210527,0.00021690521830457365,0.003806358250624933,0.12480202483127041,0.6833985492244891,16.76845219183693,0.4562607204116638,0.6020583190394511,0.5788809605488852,0.4119542546570301,0.85,26.235294117647058,0.0,20.0,False
env_odom_noise,0.015789473684210527,0.00021690521830457365,0.00788154924594252,0.1242421333737487,0.6758031909931408,16.68694470123222,0.5161290322580645,0.6239388794567062,0.49713208828522926,0.4506216928362846,0.8,25.8125,0.0,20.0,False
env_odom_noise,0.015789473684210527,0.00021690521830457365,0.01631975090784437,0.12409704619371095,0.6639013095257235,16.71640304150675,0.5567612687813022,0.6302170283806344,0.4502217028380634,0.5083373226225376,0.75,25.6,0.0,20.0,False
env_odom_noise,0.015789473684210527,0.00021690521830457365,0.03379212149580846,0.12388659331922983,0.6420304268714006,16.71852955411563,0.5792880258899676,0.633495145631068,0.42441682847896434,0.5810547232627868,0.7,26.0,0.0,20.0,False
env_odom_noise,0.015789473684210527,0.00021690521830457365,0.0699708887492028,0.12377196403289459,0.6174767772596257,16.676418684111876,0.5915492957746479,0.6408450704225352,0.40480563380281687,0.7514738455414772,0.6,25.583333333333332,0.0,20.0,False
env_odom_noise,0.015789473684210527,0.00021690521830457365,0.14488363132100487,0.12316347842785917,0.597359123087249,16.63415441362383,0.5963581183611533,0.644916540212443,0.3959253414264037,1.0184440404176711,0.5,24.9,0.0,20.0,False
env_odom_noise,0.015789473684210527,0.00021690521830457365,0.3,0.12259932701389935,0.5810493772652805,16.667041880636457,0.6005917159763313,0.6479289940828402,0.38867928994082845,1.2274873971939086,0.5,26.6,0.0,20.0,False
env_odom_noise,0.015789473684210527,0.00047047873727754753,0.00010000000000000009,0.1250643344761631,0.6992056845892255,9.194208410646425,0.2692307692307692,0.4405594405594406,0.9274097902097902,0.3797548945993185,0.9,26.333333333333332,0.0,20.0,False
env_odom_noise,0.015789473684210527,0.00047047873727754753,0.00020706272838739032,0.12506433514036897,0.6992056275577989,7.7833427020966495,0.2945804195804196,0.46765734265734266,0.8749622377622377,0.38105877339839933,0.9,26.333333333333332,0.0,20.0,False
env_odom_noise,0.015789473684210527,0.00047047873727754753,0.0004287497348723022,0.1250643349064507,0.6969184224973425,6.606300591248517,0.33595113438045376,0.5270506108202443,0.7741982547993019,0.38005330562591555,0.9,26.38888888888889,0.0,20.0,False
env_odom_noise,0.015789473684210527,0.00047047873727754753,0.0008877808989802905,0.12506433496372935,0.6969212192994789,5.843724283045824,0.3717277486910995,0.5671902268760908,0.6982820244328097,0.406966594606638,0.9,26.38888888888889,0.0,20.0,False
env_odom_noise,0.015789473684210527,0.00047047873727754753,0.001838263351530691,0.12474138205826005,0.6928410306483568,5.417275197709657,0.43500866551126516,0.6195840554592721,0.5826072790294627,0.4051944151520729,0.85,25.88235294117647,0.0,20.0,False
env_odom_noise,0.015789473684210527,0.00047047873727754753,0.003806358250624933,0.12480202549971268,0.6834002495534276,5.287243081842369,0.4862778730703259,0.6560891938250428,0.4948329331046313,0.4140472188591957,0.85,26.235294117647058,0.0,20.0,False
env_odom_noise,0.015789473684210527,0.00047047873727754753,0.00788154924594252,0.1242421333838113,0.675804630456656,5.316434974492544,0.5432937181663837,0.6782682512733447,0.4156380305602716,0.452146352827549,0.8,25.8125,0.0,20.0,False
env_odom_noise,0.015789473684210527,0.00047047873727754753,0.01631975090784437,0.12409704638489935,0.6639025047948849,5.45745697317932,0.5843071786310517,0.6836393989983306,0.36925342237061765,0.5094611130654811,0.75,25.6,0.0,20.0,False
env_odom_noise,0.015789473684210527,0.00047047873727754753,0.03379212149580846,0.12388659262730779,0.6420312772163693,5.62215088791681,0.6059870550161812,0.6868932038834952,0.3443197411003236,0.5818750642240047,0.7,26.0,0.0,20.0,False
env_odom_noise,0.015789473684210527,0.00047047873727754753,0.0699708887492028,0.12377196281595879,0.617477433690676,5.787690983870685,0.6173708920187794,0.6932707355242567,0.32655837245696395,0.7520683519542217,0.6,25.583333333333332,0.0,20.0,False
env_odom_noise,0.015789473684210527,0.00047047873727754753,0.14488363132100487,0.12316347793414491,0.597359746119096,5.965345883047621,0.622154779969651,0.6965098634294385,0.3185353566009105,1.0188048526644706,0.5,24.9,0.0,20.0,False
env_odom_noise,0.015789473684210527,0.00047047873727754753,0.3,0.12259932760630968,0.5810496939648867,6.182550095829173,0.6257396449704142,0.7004437869822485,0.31101656804733724,1.2276757761836052,0.5,26.6,0.0,20.0,False
env_odom_noise,0.015789473684210527,0.001020492932168466,0.00010000000000000009,0.1250643344761631,0.6992056836857897,2.0525688257719934,0.3339160839160839,0.541958041958042,0.7613258741258742,0.37980908863246443,0.9,26.333333333333332,0.0,20.0,False
env_odom_noise,0.015789473684210527,0.001020492932168466,0.00020706272838739032,0.1250643344192027,0.6992056959285198,1.4741448229300924,0.3557692307692308,0.5681818181818182,0.713248951048951,0.38294233828783036,0.9,26.333333333333332,0.0,20.0,False
env_odom_noise,0.015789473684210527,0.001020492932168466,0.0004287497348723022,0.1250643345827847,0.6969183331886548,0.9053917084423593,0.387434554973822,0.6073298429319371,0.6424356020942408,0.3844700366258621,0.9,26.38888888888889,0.0,20.0,False
env_odom_noise,0.015789473684210527,0.001020492932168466,0.0008877808989802905,0.12506433449097665,0.6969236290163392,0.4853058178814688,0.4205933682373473,0.6457242582897034,0.5708823734729493,0.4124640844762325,0.9,26.38888888888889,0.0,20.0,False
env_odom_noise,0.015789473684210527,0.001020492932168466,0.001838263351530691,0.12480202526905781,0.6928449942450524,0.24108962038317858,0.47837370242214533,0.6868512110726643,0.4719750865051903,0.3993442989885807,0.85,25.941176470588236,0.0,20.0,False
env_odom_noise,0.015789473684210527,0.001020492932168466,0.003806358250624933,0.12480202555248612,0.6834039255434999,0.19100794902039642,0.5283018867924528,0.7238421955403087,0.38505591766723846,0.41849098205566404,0.85,26.235294117647058,0.0,20.0,False
env_odom_noise,0.015789473684210527,0.001020492932168466,0.00788154924594252,0.12424213264542176,0.6758074904878955,0.2787293642763799,0.5831918505942275,0.7410865874363328,0.31292156196943965,0.44419770389795304,0.75,24.933333333333334,0.0,20.0,False
env_odom_noise,0.015789473684210527,0.001020492932168466,0.01631975090784437,0.12409704669381133,0.663904930202057,0.47013749222753715,0.6202003338898163,0.7470784641068448,0.2699212020033389,0.511885454505682,0.75,25.6,0.0,20.0,False
env_odom_noise,0.015789473684210527,0.001020492932168466,0.03379212149580846,0.12388659073925672,0.6420334087065714,0.706652684429346,0.6407766990291263,0.7491909385113269,0.24723236245954683,0.5836497455835342,0.7,26.0,0.0,20.0,False
env_odom_noise,0.015789473684210527,0.001020492932168466,0.0699708887492028,0.12377196128621869,0.6174789214364493,0.9638894977726006,0.6517996870109546,0.7535211267605634,0.23187918622848203,0.7533561632037162,0.6,25.583333333333332,0.0,20.0,False
env_odom_noise,0.015789473684210527,0.001020492932168466,0.14488363132100487,0.12316347577931282,0.59736092876447,1.2403320354739031,0.6562974203338392,0.7556904400606981,0.2252121396054627,1.0195866644382476,0.5,24.9,0.0,20.0,False
env_odom_noise,0.015789473684210527,0.001020492932168466,0.3,0.1225993280536124,0.5810504954364972,1.5404954500918375,0.6605029585798816,0.7581360946745562,0.21856094674556215,1.2280842676758765,0.5,26.6,0.0,20.0,False
env_odom_noise,0.015789473684210527,0.0022135024223027535,0.00010000000000000009,0.12506433527233338,0.6992054095284558,-1.3452969156527441,0.42395104895104896,0.6931818181818182,0.5200671328671328,0.38471621498465536,0.9,26.333333333333332,0.0,20.0,False
env_odom_noise,0.015789473684210527,0.0022135024223027535,0.00020706272838739032,0.12506433472932307,0.6969194867048711,-1.5276880153461576,0.43455497382198954,0.7120418848167539,0.49060314136125655,0.3816649504005909,0.9,26.38888888888889,0.0,20.0,False
env_odom_noise,0.015789473684210527,0.0022135024223027535,0.0004287497348723022,0.12506433476983092,0.6969235776007463,-1.7257089551689104,0.4598603839441536,0.7303664921465969,0.44697312390924954,0.3980729103088379,0.9,26.38888888888889,0.0,20.0,False
env_odom_noise,0.015789473684210527,0.0022135024223027535,0.0008877808989802905,0.12506433375171566,0.6949815082814449,-1.8943849689130168,0.4921602787456446,0.7587108013937283,0.3863289198606271,0.4157472237944603,0.9,26.444444444444443,0.0,20.0,False
env_odom_noise,0.015789473684210527,0.0022135024223027535,0.001838263351530691,0.12480202500075115,0.692854390436238,-1.9856248654678197,0.5406574394463668,0.7915224913494809,0.30502006920415226,0.4112852722406387,0.85,25.941176470588236,0.0,20.0,False
env_odom_noise,0.015789473684210527,0.0022135024223027535,0.003806358250624933,0.12480202441505547,0.6813446515792005,-1.963501582196795,0.5881849315068494,0.8193493150684932,0.22966575342465745,0.4161222815513611,0.85,26.294117647058822,0.0,20.0,False
env_odom_noise,0.015789473684210527,0.0022135024223027535,0.00788154924594252,0.12424213352183117,0.6758134560866204,-1.8355277507749612,0.634974533106961,0.830220713073005,0.172004753820034,0.45116632878780366,0.75,24.933333333333334,0.0,20.0,False
env_odom_noise,0.015789473684210527,0.0022135024223027535,0.01631975090784437,0.12409704620681203,0.6639103558175431,-1.62258249303404,0.6736227045075125,0.835559265442404,0.1280180300500835,0.5170818448066712,0.75,25.6,0.0,20.0,True
env_odom_noise,0.015789473684210527,0.0022135024223027535,0.03379212149580846,0.12388659479092164,0.6420379440628833,-1.3572736880433935,0.691747572815534,0.837378640776699,0.12616893203883506,0.5874761253595352,0.7,26.0,0.0,20.0,True
env_odom_noise,0.015789473684210527,0.0022135024223027535,0.0699708887492028,0.12377196096181368,0.617482396837117,-1.0626778651548447,0.7018779342723005,0.8403755868544601,0.13330234741784042,0.7561414316296577,0.6,25.583333333333332,0.0,20.0,False
env_odom_noise,0.015789473684210527,0.0022135024223027535,0.14488363132100487,0.12316347609940949,0.5973634304122896,-0.7438369374427224,0.704855842185129,0.8437025796661608,0.13295326251896822,1.0212793067097663,0.5,24.9,0.0,20.0,False
env_odom_noise,0.015789473684210527,0.0022135024223027535,0.3,0.12259932776332709,0.5810519449598175,-0.40772789072273025,0.7085798816568047,0.8461538461538461,0.13422603550295864,1.2289697289466859,0.5,26.6,0.0,20.0,False
env_odom_noise,0.015789473684210527,0.004801202261272809,0.00010000000000000009,0.12452113826764467,0.6950477262870618,-2.732518065255959,0.5622837370242214,0.8442906574394463,0.23062560553633227,0.38966220766305926,0.85,25.941176470588236,0.0,20.0,False
env_odom_noise,0.015789473684210527,0.004801202261272809,0.00020706272838739032,0.12452113895813069,0.6929059644817491,-2.7682968515621464,0.5716753022452504,0.8506044905008635,0.21492020725388605,0.38497657999396323,0.85,26.0,0.0,20.0,False
env_odom_noise,0.015789473684210527,0.004801202261272809,0.0004287497348723022,0.12452114084062126,0.692909927522837,-2.806685116437175,0.582901554404145,0.8626943005181347,0.19160414507772028,0.398045714199543,0.85,26.0,0.0,20.0,False
env_odom_noise,0.015789473684210527,0.004801202261272809,0.0008877808989802905,0.1245821270622042,0.6929176332541074,-2.8337571066251863,0.6120689655172413,0.8793103448275862,0.14582068965517248,0.4105648472905159,0.85,26.058823529411764,0.0,20.0,True
env_odom_noise,0.015789473684210527,0.004801202261272809,0.001838263351530691,0.12458212584622687,0.6841582763728697,-2.819062564653426,0.6444444444444445,0.9008547008547009,0.09190085470085463,0.39633217379450797,0.85,26.352941176470587,0.0,20.0,True
env_odom_noise,0.015789473684210527,0.004801202261272809,0.003806358250624933,0.12458212614724361,0.6801384168208959,-2.7433756459101266,0.6780238500851788,0.9165247018739353,0.04265144804088583,0.42935193330049515,0.8,25.6875,0.0,20.0,True
env_odom_noise,0.015789473684210527,0.004801202261272809,0.00788154924594252,0.12388580213818035,0.672724358368632,-2.6058665382110147,0.7223154362416108,0.9219798657718121,0.07213557046979868,0.42950868234038353,0.75,25.4,0.0,20.0,True
env_odom_noise,0.015789473684210527,0.004801202261272809,0.01631975090784437,0.12367516997704367,0.658341845154941,-2.386670531172516,0.756198347107438,0.9247933884297521,0.10320495867768598,0.5055918224155903,0.75,26.0,0.0,20.0,True
env_odom_noise,0.015789473684210527,0.004801202261272809,0.03379212149580846,0.1236810524171582,0.6388746415418963,-2.108207117681988,0.7684887459807074,0.9260450160771704,0.11424372990353704,0.5971094310283661,0.7,26.285714285714285,0.0,20.0,True
env_odom_noise,0.015789473684210527,0.004801202261272809,0.0699708887492028,0.12357059644252474,0.6175561520607037,-1.8049448165085775,0.7753510140405616,0.9274570982839313,0.11969391575663035,0.7722203738987445,0.55,24.545454545454547,0.0,20.0,False
env_odom_noise,0.015789473684210527,0.004801202261272809,0.14488363132100487,0.12307956340610926,0.5961163743933259,-1.47434530361316,0.776355421686747,0.9299698795180723,0.11818554216867472,1.0307200491428374,0.5,25.4,0.0,20.0,False
env_odom_noise,0.015789473684210527,0.004801202261272809,0.3,0.12241257878914795,0.57831908171257,-1.115868180277829,0.7808823529411765,0.9316176470588236,0.12106470588235296,1.2446695059537887,0.5,27.0,0.0,20.0,False
env_odom_noise,0.015789473684210527,0.010414058246057912,0.00010000000000000009,0.12439556249018922,0.6863935194580699,-3.0291165718567847,0.7136752136752137,0.9564102564102565,0.03288547008547016,0.42554164715111253,0.8,25.5625,0.0,20.0,True
env_odom_noise,0.015789473684210527,0.010414058246057912,0.00020706272838739032,0.12439556217726651,0.6863948219487775,-3.0266829145574383,0.7196581196581197,0.9598290598290599,0.04228717948717953,0.4307192761451006,0.8,25.5625,0.0,20.0,True
env_odom_noise,0.015789473684210527,0.010414058246057912,0.0004287497348723022,0.12439556356474094,0.6863970490562462,-3.019124763698178,0.7324786324786324,0.9666666666666667,0.061945299145299115,0.4409169234335423,0.8,25.5625,0.0,20.0,True
env_odom_noise,0.015789473684210527,0.010414058246057912,0.0008877808989802905,0.12439556351239986,0.6823432027117852,-3.0020570018971755,0.7470187393526405,0.9727427597955707,0.0825614991482112,0.43796487972140313,0.8,25.6875,0.0,20.0,True
env_odom_noise,0.015789473684210527,0.010414058246057912,0.001838263351530691,0.12429522489086259,0.6770499218068136,-2.9544761284209127,0.7656514382402707,0.9763113367174281,0.10476277495769881,0.42927390336990356,0.8,25.9375,0.0,20.0,True
env_odom_noise,0.015789473684210527,0.010414058246057912,0.003806358250624933,0.12385760738474398,0.6737260787961361,-2.8646591172242712,0.7927852348993288,0.9781879194630873,0.1337731543624161,0.4281524673104286,0.75,25.4,0.0,20.0,True
env_odom_noise,0.015789473684210527,0.010414058246057912,0.00788154924594252,0.12370483202649331,0.6666297578223079,-2.7135263776188077,0.8252911813643927,0.980865224625624,0.1689564059900167,0.4777634672820568,0.75,25.733333333333334,0.0,20.0,False
env_odom_noise,0.015789473684210527,0.010414058246057912,0.01631975090784437,0.12365321389950615,0.6537994722249665,-2.5042301414865333,0.8491803278688524,0.9811475409836066,0.19312786885245903,0.5373930595815182,0.7,25.428571428571427,0.0,20.0,False
env_odom_noise,0.015789473684210527,0.010414058246057912,0.03379212149580846,0.12350442868518303,0.6373206988053809,-2.2385144650777056,0.8581730769230769,0.9815705128205128,0.20254358974358966,0.657450944930315,0.65,25.46153846153846,0.0,20.0,False
env_odom_noise,0.015789473684210527,0.010414058246057912,0.0699708887492028,0.12339726530390299,0.6130766726997583,-1.9359144989315806,0.862015503875969,0.982170542635659,0.206986046511628,0.8266403026878834,0.55,24.90909090909091,0.0,20.0,False
env_odom_noise,0.015789473684210527,0.010414058246057912,0.14488363132100487,0.12265915439013221,0.590679660889616,-1.6088389098262226,0.8641791044776119,0.9828358208955223,0.2098149253731343,1.063254899531603,0.5,26.0,0.0,20.0,False
env_odom_noise,0.015789473684210527,0.010414058246057912,0.3,0.12206878932603425,0.5745206572609972,-1.250114875921739,0.8673469387755102,0.9832361516034985,0.2133830903790087,1.2822544373571874,0.5,27.6,0.0,20.0,False
env_odom_noise,0.015789473684210527,0.02258863577297737,0.00010000000000000009,0.12432926552684034,0.6721780341535792,-2.800579946808157,0.8645484949832776,1.0,0.22734849498327758,0.4574032470583916,0.7,24.571428571428573,0.0,20.0,False
env_odom_noise,0.015789473684210527,0.02258863577297737,0.00020706272838739032,0.12432926699756465,0.6721795008053736,-2.794181511871,0.8687290969899666,1.0,0.2315290969899666,0.46125015877187253,0.7,24.571428571428573,0.0,20.0,False
env_odom_noise,0.015789473684210527,0.02258863577297737,0.0004287497348723022,0.12432926666173995,0.6704330126011214,-2.7820651083058308,0.8697829716193656,1.0,0.23258297161936559,0.45868326909840107,0.7,24.642857142857142,0.0,20.0,False
env_odom_noise,0.015789473684210527,0.02258863577297737,0.0008877808989802905,0.12432926472631724,0.6704388596001968,-2.756312829912209,0.8756260434056762,1.0,0.2384260434056762,0.4740344613790512,0.7,24.642857142857142,0.0,20.0,False
env_odom_noise,0.015789473684210527,0.02258863577297737,0.001838263351530691,0.12432926843323625,0.6704508633234585,-2.707767546334476,0.8864774624373957,1.0,0.24927746243739568,0.5032540835440159,0.7,24.642857142857142,0.0,20.0,False
env_odom_noise,0.015789473684210527,0.02258863577297737,0.003806358250624933,0.12407579459003633,0.6648450811082147,-2.628288598700262,0.9039735099337748,1.0,0.2667735099337748,0.5034393765032291,0.7,25.0,0.0,20.0,False
env_odom_noise,0.015789473684210527,0.02258863577297737,0.00788154924594252,0.12386666721459057,0.6594447060086968,-2.497942583093613,0.921875,1.0,0.284675,0.5446864984929561,0.65,24.23076923076923,0.0,20.0,False
env_odom_noise,0.015789473684210527,0.02258863577297737,0.01631975090784437,0.12386666261441615,0.645658591098832,-2.3072352156184452,0.9326298701298701,1.0,0.2954298701298701,0.6214223697781562,0.65,24.846153846153847,0.0,20.0,False
env_odom_noise,0.015789473684210527,0.02258863577297737,0.03379212149580846,0.12358967503806743,0.6309087762858826,-2.0699167128570974,0.9374009508716323,1.0,0.30020095087163234,0.7253810882568359,0.6,24.916666666666668,0.0,20.0,False
env_odom_noise,0.015789473684210527,0.02258863577297737,0.0699708887492028,0.12344430134543784,0.6077064698712844,-1.782105736754717,0.9400921658986175,1.0,0.30289216589861756,0.9159513682126998,0.55,25.454545454545453,0.0,20.0,False
env_odom_noise,0.015789473684210527,0.02258863577297737,0.14488363132100487,0.12272055194984327,0.5881004310760432,-1.4654101340965981,0.9421364985163204,1.0,0.30493649851632043,1.1627786882221698,0.5,26.4,0.0,20.0,False
env_odom_noise,0.015789473684210527,0.02258863577297737,0.3,0.12212844474253888,0.5720228429846085,-1.1176182081178474,0.9436416184971098,1.0,0.3064416184971098,1.359520035982132,0.45,27.0,0.0,20.0,False
env_odom_noise,0.015789473684210527,0.04899592973540154,0.00010000000000000009,0.12369367087177538,0.6599290566604694,-2.309168484309486,0.9720853858784894,1.0,0.33488538587848937,0.6311982579529285,0.65,24.307692307692307,0.0,20.0,False
env_odom_noise,0.015789473684210527,0.04899592973540154,0.00020706272838739032,0.1236936737710337,0.6599304165554596,-2.304836884640971,0.9729064039408867,1.0,0.3357064039408867,0.6340091489255428,0.65,24.307692307692307,0.0,20.0,False
env_odom_noise,0.015789473684210527,0.04899592973540154,0.0004287497348723022,0.12369367193321054,0.659932996541898,-2.2960586322832994,0.9737274220032841,1.0,0.3365274220032841,0.6397523164749146,0.65,24.307692307692307,0.0,20.0,False
env_odom_noise,0.015789473684210527,0.04899592973540154,0.0008877808989802905,0.12369367287910969,0.6580640457605045,-2.279705266916456,0.9762295081967213,1.0,0.3390295081967213,0.6409143321216106,0.65,24.384615384615383,0.0,20.0,False
env_odom_noise,0.015789473684210527,0.04899592973540154,0.001838263351530691,0.12369367308315746,0.6548473896709314,-2.247356891001627,0.9803921568627451,1.0,0.34319215686274507,0.6443901978433132,0.65,24.53846153846154,0.0,20.0,False
env_odom_noise,0.015789473684210527,0.04899592973540154,0.003806358250624933,0.12367742063956286,0.6513126894822873,-2.1888597274141905,0.9845528455284552,1.0,0.34735284552845525,0.6578093446791172,0.65,24.76923076923077,0.0,20.0,False
env_odom_noise,0.015789473684210527,0.04899592973540154,0.00788154924594252,0.12391415322914015,0.6476994959937823,-2.090642382007846,0.9854368932038835,1.0,0.3482368932038835,0.6978160127997398,0.6,23.833333333333332,0.0,20.0,False
env_odom_noise,0.015789473684210527,0.04899592973540154,0.01631975090784437,0.12380301736313089,0.6307904749116255,-1.9416216690750498,0.9888712241653418,1.0,0.3516712241653418,0.734383600205183,0.6,24.75,0.0,20.0,False
env_odom_noise,0.015789473684210527,0.04899592973540154,0.03379212149580846,0.12321614747060015,0.621940025015563,-1.7399505457019764,0.9890625,1.0,0.35186249999999997,0.8640432640910148,0.55,24.454545454545453,0.0,20.0,False
env_odom_noise,0.015789473684210527,0.04899592973540154,0.0699708887492028,0.1232006385841331,0.5993603918081175,-1.48243412666993,0.9893939393939394,1.0,0.3521939393939394,1.06100252866745,0.55,26.272727272727273,0.0,20.0,False
env_odom_noise,0.015789473684210527,0.04899592973540154,0.14488363132100487,0.12229584278531583,0.5773785055272627,-1.176889086156149,0.9897660818713451,1.0,0.3525660818713451,1.2952174335718154,0.5,27.4,0.0,20.0,False
env_odom_noise,0.015789473684210527,0.04899592973540154,0.3,0.12199733319558562,0.56963406281206,-0.8609446856228382,0.99,1.0,0.3528,1.4781495228409767,0.45,27.88888888888889,0.0,20.0,False
env_odom_noise,0.015789473684210527,0.10627472835292812,0.00010000000000000009,0.1236121983062656,0.6329419435327472,-1.6991776737648232,1.0,1.0,0.3628,0.8660034686326981,0.6,24.916666666666668,0.0,20.0,False
env_odom_noise,0.015789473684210527,0.10627472835292812,0.00020706272838739032,0.12361220184276546,0.6329435862645562,-1.6968061999749022,1.0,1.0,0.3628,0.8680544048547745,0.6,24.916666666666668,0.0,20.0,False
env_odom_noise,0.015789473684210527,0.10627472835292812,0.0004287497348723022,0.12361220075676052,0.632946555217841,-1.6919543562474062,1.0,1.0,0.3628,0.872275197505951,0.6,24.916666666666668,0.0,20.0,False
env_odom_noise,0.015789473684210527,0.10627472835292812,0.0008877808989802905,0.1236122029039662,0.6329529717013864,-1.6821470563592247,1.0,1.0,0.3628,0.8809021070599556,0.6,24.916666666666668,0.0,20.0,False
env_odom_noise,0.015789473684210527,0.10627472835292812,0.001838263351530691,0.12361219967332861,0.629791500494298,-1.6642334290164758,1.0,1.0,0.3628,0.8791473686695099,0.6,25.083333333333332,0.0,20.0,False
env_odom_noise,0.015789473684210527,0.10627472835292812,0.003806358250624933,0.12361219797337279,0.626581644640399,-1.6282095371588199,1.0,1.0,0.3628,0.8953219786286354,0.6,25.25,0.0,20.0,False
env_odom_noise,0.015789473684210527,0.10627472835292812,0.00788154924594252,0.12361219833893042,0.6234526028237194,-1.5617821599894777,1.0,1.0,0.3628,0.9448812700808048,0.6,25.416666666666668,0.0,20.0,False
env_odom_noise,0.015789473684210527,0.10627472835292812,0.01631975090784437,0.12333993176919231,0.6173961320144602,-1.4591279119491145,1.0,1.0,0.3628,0.9870964907109737,0.55,24.90909090909091,0.0,20.0,False
env_odom_noise,0.015789473684210527,0.10627472835292812,0.03379212149580846,0.12325468747467024,0.6016134423945392,-1.3022011526262862,1.0,1.0,0.3628,1.0914137691259385,0.55,26.09090909090909,0.0,20.0,False
env_odom_noise,0.015789473684210527,0.10627472835292812,0.0699708887492028,0.12230795803822826,0.5883947531006867,-1.0931043875448616,1.0,1.0,0.3628,1.2829708009958267,0.5,26.7,0.0,20.0,False
env_odom_noise,0.015789473684210527,0.10627472835292812,0.14488363132100487,0.1217169594868092,0.5683699291112593,-0.8222741905879531,1.0,1.0,0.3628,1.4988291993737222,0.45,27.88888888888889,0.0,20.0,False
env_odom_noise,0.015789473684210527,0.10627472835292812,0.3,0.1219533805771198,0.5660618051178693,-0.5263630056444663,1.0,1.0,0.3628,1.6935285434126854,0.4,27.625,0.0,20.0,False
env_odom_noise,0.015789473684210527,0.23051543153651136,0.00010000000000000009,0.12372350555078421,0.5975076162215619,-1.0321491486571135,1.0,1.0,0.3628,1.2983885452151298,0.55,26.454545454545453,0.0,20.0,False
env_odom_noise,0.015789473684210527,0.23051543153651136,0.00020706272838739032,0.12372350799768486,0.5975089079631295,-1.030937717430097,1.0,1.0,0.3628,1.2999330952763557,0.55,26.454545454545453,0.0,20.0,False
env_odom_noise,0.015789473684210527,0.23051543153651136,0.0004287497348723022,0.1237235067045827,0.5975116520722917,-1.0284444909744501,1.0,1.0,0.3628,1.3031220734119415,0.55,26.454545454545453,0.0,20.0,False
env_odom_noise,0.015789473684210527,0.23051543153651136,0.0008877808989802905,0.12346846941435369,0.5975170737881421,-1.0240084024836509,1.0,1.0,0.3628,1.3012242928147315,0.55,26.545454545454547,0.0,20.0,False
env_odom_noise,0.015789473684210527,0.23051543153651136,0.001838263351530691,0.12346847048431407,0.5947995193995423,-1.014781280325935,1.0,1.0,0.3628,1.2984744392335414,0.55,26.727272727272727,0.0,20.0,False
env_odom_noise,0.015789473684210527,0.23051543153651136,0.003806358250624933,0.12291231739275678,0.5948219061720237,-0.9957333289406568,1.0,1.0,0.3628,1.3093051850795745,0.55,26.90909090909091,0.0,20.0,False
env_odom_noise,0.015789473684210527,0.23051543153651136,0.00788154924594252,0.1229858826189355,0.5920168165349223,-0.9591065231108246,1.0,1.0,0.3628,1.3321069106459618,0.55,27.272727272727273,0.0,20.0,False
env_odom_noise,0.015789473684210527,0.23051543153651136,0.01631975090784437,0.12283205998862798,0.5859503734917331,-0.8934102950958253,1.0,1.0,0.3628,1.3884239315986633,0.55,27.818181818181817,0.0,20.0,False
env_odom_noise,0.015789473684210527,0.23051543153651136,0.03379212149580846,0.12187036743629184,0.5783734547112233,-0.787008939565146,1.0,1.0,0.3628,1.4816819787025453,0.5,27.9,0.0,20.0,False
env_odom_noise,0.015789473684210527,0.23051543153651136,0.0699708887492028,0.12188342501838136,0.5637632230750302,-0.6222085347051152,1.0,1.0,0.3628,1.666758331656456,0.45,28.555555555555557,0.0,20.0,False
env_odom_noise,0.015789473684210527,0.23051543153651136,0.14488363132100487,0.12203301037554598,0.5588960690039416,-0.40739423384088536,1.0,1.0,0.3628,1.855959591269493,0.4,29.125,0.0,20.0,False
env_odom_noise,0.015789473684210527,0.23051543153651136,0.3,0.12249268017765631,0.5544659123609295,-0.14067881421943765,1.0,1.0,0.3628,2.0153387442231177,0.4,29.875,0.0,20.0,False
env_odom_noise,0.015789473684210527,0.5,0.00010000000000000009,0.12205511591128176,0.5557566434742558,-0.34712199991016696,1.0,1.0,0.3628,1.9679377287626267,0.4,29.375,0.0,20.0,False
env_odom_noise,0.015789473684210527,0.5,0.00020706272838739032,0.1220551137444835,0.5557576602074272,-0.3465248046754827,1.0,1.0,0.3628,1.969131352007389,0.4,29.375,0.0,20.0,False
env_odom_noise,0.015789473684210527,0.5,0.0004287497348723022,0.12205511266263717,0.5557598058631052,-0.3452918370265774,1.0,1.0,0.3628,1.9715986892580986,0.4,29.375,0.0,20.0,False
env_odom_noise,0.015789473684210527,0.5,0.0008877808989802905,0.12205511422117689,0.5557640623948369,-0.3427542357518978,1.0,1.0,0.3628,1.9766945272684098,0.4,29.375,0.0,20.0,False
env_odom_noise,0.015789473684210527,0.5,0.001838263351530691,0.12205511351888557,0.5557730667769379,-0.33756422999127006,1.0,1.0,0.3628,1.987184001505375,0.4,29.375,0.0,20.0,False
env_odom_noise,0.015789473684210527,0.5,0.003806358250624933,0.12205511412401263,0.5544579747384357,-0.32757572925296663,1.0,1.0,0.3628,2.002024620771408,0.4,29.5,0.0,20.0,False
env_odom_noise,0.015789473684210527,0.5,0.00788154924594252,0.12205511275852877,0.5507031417641671,-0.3077852513077582,1.0,1.0,0.3628,2.0269025430083274,0.4,29.875,0.0,20.0,False
env_odom_noise,0.015789473684210527,0.5,0.01631975090784437,0.12209089297498027,0.5481018459692073,-0.27091111882250546,1.0,1.0,0.3628,2.0780212819576263,0.4,30.625,0.0,20.0,False
env_odom_noise,0.015789473684210527,0.5,0.03379212149580846,0.12248481963233648,0.541513131164734,-0.20463267712025174,1.0,1.0,0.3628,2.168578626215458,0.4,32.125,0.0,20.0,False
env_odom_noise,0.015789473684210527,0.5,0.0699708887492028,0.12238431159090239,0.5356857649134541,-0.08895994055470641,1.0,1.0,0.3628,2.3176287740468977,0.35,32.285714285714285,0.0,20.0,False
env_odom_noise,0.015789473684210527,0.5,0.14488363132100487,0.12251320927972145,0.5314834428428332,0.07842721850625035,1.0,1.0,0.3628,2.428890459239483,0.35,33.42857142857143,0.0,20.0,False
env_odom_noise,0.015789473684210527,0.5,0.3,0.12251321050709046,0.528667246382363,0.3025698691864618,1.0,1.0,0.3628,2.5038966961205005,0.3,33.0,0.0,20.0,False
env_odom_noise,0.02368421052631579,0.00010000000000000009,0.00010000000000000009,0.12506433581253115,0.7193874476061218,54.81727933643388,0.18388791593695272,0.29947460595446584,1.1538374781085814,0.3943142380565405,0.9,26.27777777777778,0.0,20.0,False
env_odom_noise,0.02368421052631579,0.00010000000000000009,0.00020706272838739032,0.125064335999074,0.7193874660562527,49.123064440436146,0.21103327495621715,0.33887915936952717,1.0872875656742558,0.3949222259223461,0.9,26.27777777777778,0.0,20.0,False
env_odom_noise,0.02368421052631579,0.00010000000000000009,0.0004287497348723022,0.1250643361626654,0.7193853479379956,45.69393621598151,0.24605954465849386,0.3949211908931699,0.9962192644483362,0.4036907769739628,0.9,26.27777777777778,0.0,20.0,False
env_odom_noise,0.02368421052631579,0.00010000000000000009,0.0008877808989802905,0.12506433604359785,0.7151262665382132,43.73818676571362,0.29668411867364747,0.4581151832460733,0.8824006980802792,0.40755017921328546,0.9,26.38888888888889,0.0,20.0,False
env_odom_noise,0.02368421052631579,0.00010000000000000009,0.001838263351530691,0.12474138250347995,0.7092326717857658,42.65540310696217,0.35899653979238755,0.5069204152249135,0.771283044982699,0.4052087340503931,0.9,26.666666666666668,0.0,20.0,False
env_odom_noise,0.02368421052631579,0.00010000000000000009,0.003806358250624933,0.12480202465740728,0.70147093233902,42.200684114507354,0.4219554030874786,0.5617495711835334,0.653495025728988,0.4139709368348122,0.85,26.235294117647058,0.0,20.0,False
env_odom_noise,0.02368421052631579,0.00010000000000000009,0.00788154924594252,0.12424213306110032,0.6938947552169933,41.83801162015646,0.47877758913412566,0.5933786078098472,0.5650438030560272,0.4522424541413784,0.8,25.8125,0.0,20.0,False
env_odom_noise,0.02368421052631579,0.00010000000000000009,0.01631975090784437,0.12409704442617686,0.6802482864619054,41.526259227764385,0.5316666666666666,0.6008333333333333,0.5047,0.5012946978211403,0.75,25.666666666666668,0.0,20.0,False
env_odom_noise,0.02368421052631579,0.00010000000000000009,0.03379212149580846,0.12388659158180033,0.6615930929372571,41.2995356604484,0.5583468395461912,0.6037277147487844,0.47512544570502435,0.5908786453306675,0.7,25.928571428571427,0.0,20.0,False
env_odom_noise,0.02368421052631579,0.00010000000000000009,0.0699708887492028,0.12377196230761156,0.6353948786948491,40.72469021115743,0.5712050078247262,0.6118935837245696,0.45410140845070424,0.7525863207876682,0.6,25.583333333333332,0.0,20.0,False
env_odom_noise,0.02368421052631579,0.00010000000000000009,0.14488363132100487,0.12316347700634898,0.6148745186784895,40.197494706680246,0.5766312594840668,0.6160849772382397,0.44448376327769346,1.0193689420819283,0.5,24.9,0.0,20.0,False
env_odom_noise,0.02368421052631579,0.00010000000000000009,0.3,0.12259932698996787,0.5998080203095811,39.88221650662729,0.58,0.6192592592592593,0.43794074074074074,1.2323288574814797,0.5,26.5,0.0,20.0,False
env_odom_noise,0.02368421052631579,0.00021690521830457365,0.00010000000000000009,0.12506433581253115,0.7193874476061218,25.81982709130186,0.2119089316987741,0.340630472854641,1.0846605954465849,0.3943142380565405,0.9,26.27777777777778,0.0,20.0,False
env_odom_noise,0.02368421052631579,0.00021690521830457365,0.00020706272838739032,0.12506433605444564,0.7193874717573827,22.11597033820286,0.23467600700525393,0.37915936952714535,1.0233646234676006,0.3950871665030718,0.9,26.27777777777778,0.0,20.0,False
env_odom_noise,0.02368421052631579,0.00021690521830457365,0.0004287497348723022,0.12506433580185242,0.7193849563083556,19.56282829388969,0.2723292469352014,0.436077057793345,0.9287936952714537,0.40437122955918314,0.9,26.27777777777778,0.0,20.0,False
env_odom_noise,0.02368421052631579,0.00021690521830457365,0.0008877808989802905,0.12506433657374427,0.7151268514056315,18.006499528218377,0.31762652705061084,0.493891797556719,0.8256816753926701,0.4086076356470585,0.9,26.38888888888889,0.0,20.0,False
env_odom_noise,0.02368421052631579,0.00021690521830457365,0.001838263351530691,0.12474138400838528,0.7092337165846088,17.172107327606277,0.3806228373702422,0.5406574394463668,0.7159197231833909,0.39532061405479907,0.85,25.941176470588236,0.0,20.0,False
env_odom_noise,0.02368421052631579,0.00021690521830457365,0.003806358250624933,0.12480202649450049,0.7014724400912917,16.865555651149254,0.44082332761578047,0.5926243567753001,0.6037523156089194,0.4149377666413784,0.85,26.235294117647058,0.0,20.0,False
env_odom_noise,0.02368421052631579,0.00021690521830457365,0.00788154924594252,0.12424213541538767,0.6938959638289346,16.734292483197386,0.49745331069609505,0.6230899830220713,0.5166567062818337,0.45294506177306176,0.8,25.8125,0.0,20.0,False
env_odom_noise,0.02368421052631579,0.00021690521830457365,0.01631975090784437,0.12409704482997151,0.680249330759436,16.708421680473403,0.5508333333333333,0.63,0.4563666666666667,0.5018111795186997,0.75,25.666666666666668,0.0,20.0,False
env_odom_noise,0.02368421052631579,0.00021690521830457365,0.03379212149580846,0.12388659207884932,0.6615938772513258,16.758811393066466,0.5769854132901134,0.63290113452188,0.42731345218800654,0.5912546068429947,0.7,25.928571428571427,0.0,20.0,False
env_odom_noise,0.02368421052631579,0.00021690521830457365,0.0699708887492028,0.12377196041083534,0.635395574523545,16.68194356849667,0.5915492957746479,0.6408450704225352,0.40480563380281687,0.7528600849211216,0.6,25.583333333333332,0.0,20.0,False
env_odom_noise,0.02368421052631579,0.00021690521830457365,0.14488363132100487,0.1231634767199277,0.6148750014262825,16.6368574582692,0.5963581183611533,0.644916540212443,0.3959253414264037,1.019535030424595,0.5,24.9,0.0,20.0,False
env_odom_noise,0.02368421052631579,0.00021690521830457365,0.3,0.12259932765896181,0.599808367998256,16.69115285868886,0.6,0.6474074074074074,0.3897925925925926,1.2324157744646071,0.5,26.5,0.0,20.0,False
env_odom_noise,0.02368421052631579,0.00047047873727754753,0.00010000000000000009,0.12506433581253115,0.7193874476061218,10.933413234645474,0.2583187390542907,0.4159369527145359,0.9629443082311734,0.3943142380565405,0.9,26.27777777777778,0.0,20.0,False
env_odom_noise,0.02368421052631579,0.00047047873727754753,0.00020706272838739032,0.12506433624393515,0.7193873872970217,8.928175559609729,0.27933450087565675,0.4500875656742557,0.9077779334500875,0.39561117216944697,0.9,26.27777777777778,0.0,20.0,False
env_odom_noise,0.02368421052631579,0.00047047873727754753,0.0004287497348723022,0.12506433589366392,0.7193841243639807,7.312339905495761,0.30823117338003503,0.5017513134851138,0.8272175131348511,0.40601056441664696,0.9,26.27777777777778,0.0,20.0,False
env_odom_noise,0.02368421052631579,0.00047047873727754753,0.0008877808989802905,0.12506433494239091,0.715128169383863,6.2101717402497725,0.3525305410122164,0.5532286212914486,0.7314408376963351,0.4108582347631454,0.9,26.38888888888889,0.0,20.0,False
env_odom_noise,0.02368421052631579,0.00047047873727754753,0.001838263351530691,0.12474138275648201,0.7092359119029547,5.592327085752789,0.4108996539792388,0.5986159169550173,0.627684429065744,0.39735620878636835,0.85,25.941176470588236,0.0,20.0,False
env_odom_noise,0.02368421052631579,0.00047047873727754753,0.003806358250624933,0.1248020242000935,0.7014757855731005,5.3823289360249555,0.4734133790737564,0.6492281303602059,0.5145584905660376,0.41701360419392586,0.85,26.235294117647058,0.0,20.0,False
env_odom_noise,0.02368421052631579,0.00047047873727754753,0.00788154924594252,0.1242421331093929,0.6938985142662693,5.363291292304058,0.5246179966044142,0.6765704584040747,0.43601154499151107,0.45446123480796813,0.8,25.8125,0.0,20.0,False
env_odom_noise,0.02368421052631579,0.00047047873727754753,0.01631975090784437,0.12409704571416451,0.6802516327549287,5.468128432463242,0.5775,0.6833333333333333,0.3763666666666666,0.5029289580881595,0.75,25.666666666666668,0.0,20.0,False
env_odom_noise,0.02368421052631579,0.00047047873727754753,0.03379212149580846,0.12388659417171774,0.6615957557604416,5.644421047324713,0.6037277147487844,0.686385737439222,0.34708654781199355,0.5920700713992119,0.7,25.928571428571427,0.0,20.0,False
env_odom_noise,0.02368421052631579,0.00047047873727754753,0.0699708887492028,0.1237719610543373,0.6353970503612055,5.793209895602364,0.6173708920187794,0.6932707355242567,0.32655837245696395,0.7534532718360424,0.6,25.583333333333332,0.0,20.0,False
env_odom_noise,0.02368421052631579,0.00047047873727754753,0.14488363132100487,0.12316347564196319,0.6148761064666135,5.968047610329738,0.622154779969651,0.6965098634294385,0.3185353566009105,1.0198951169848443,0.5,24.9,0.0,20.0,False
env_odom_noise,0.02368421052631579,0.00047047873727754753,0.3,0.12259932775655573,0.5998089684506421,6.19112793724043,0.6251851851851852,0.7,0.31201481481481486,1.232603870332241,0.5,26.5,0.0,20.0,False
env_odom_noise,0.02368421052631579,0.001020492932168466,0.00010000000000000009,0.12506433580921436,0.7193874388304758,3.1666345718816333,0.31961471103327493,0.5253940455341506,0.7921912434325744,0.39436839781701566,0.9,26.27777777777778,0.0,20.0,False
env_odom_noise,0.02368421052631579,0.001020492932168466,0.00020706272838739032,0.12506433612334686,0.7193870561411826,2.2948658229809795,0.3380035026269702,0.5507880910683012,0.7484084063047286,0.39747802540659904,0.9,26.27777777777778,0.0,20.0,False
env_odom_noise,0.02368421052631579,0.001020492932168466,0.0004287497348723022,0.1250643361629384,0.7193828503456848,1.4585965878972997,0.35989492119089317,0.5910683012259195,0.6862367775831874,0.41033133640885355,0.9,26.27777777777778,0.0,20.0,False
env_odom_noise,0.02368421052631579,0.001020492932168466,0.0008877808989802905,0.1250643350961782,0.7151325200481676,0.8044868189153945,0.4005235602094241,0.6256544502617801,0.6110219895287958,0.4162747420370579,0.9,26.38888888888889,0.0,20.0,False
env_odom_noise,0.02368421052631579,0.001020492932168466,0.001838263351530691,0.12480202502542091,0.7092434845594213,0.41036041987123767,0.459412780656304,0.6683937823834197,0.5093934369602763,0.3914654068648815,0.85,26.0,0.0,20.0,False
env_odom_noise,0.02368421052631579,0.001020492932168466,0.003806358250624933,0.12480202439616532,0.7014826073831179,0.28212617020765207,0.5128644939965694,0.7152658662092625,0.4090696397941681,0.4214211702346802,0.85,26.235294117647058,0.0,20.0,False
env_odom_noise,0.02368421052631579,0.001020492932168466,0.00788154924594252,0.12424213423583934,0.6939039881168069,0.3245749065246745,0.5636672325976231,0.7393887945670629,0.33414397283531405,0.44650846943259237,0.75,24.933333333333334,0.0,20.0,False
env_odom_noise,0.02368421052631579,0.001020492932168466,0.01631975090784437,0.12409704639586246,0.6802565070843551,0.4888836214659308,0.6141666666666666,0.7466666666666667,0.27636666666666665,0.5053404428064823,0.75,25.666666666666668,0.0,20.0,False
env_odom_noise,0.02368421052631579,0.001020492932168466,0.03379212149580846,0.12388659397668875,0.6615997722508417,0.7208959170033494,0.6385737439222042,0.7487844408427877,0.24984181523500804,0.5938331417739391,0.7,25.928571428571427,0.0,20.0,False
env_odom_noise,0.02368421052631579,0.001020492932168466,0.0699708887492028,0.12377196198938605,0.6354001962321711,0.9693940656237264,0.6517996870109546,0.7535211267605634,0.23187918622848203,0.7547379113733769,0.6,25.583333333333332,0.0,20.0,False
env_odom_noise,0.02368421052631579,0.001020492932168466,0.14488363132100487,0.12316347639800568,0.6148786143424784,1.2430306684754706,0.6562974203338392,0.7556904400606981,0.2252121396054627,1.0206759199500084,0.5,24.9,0.0,20.0,False
env_odom_noise,0.02368421052631579,0.001020492932168466,0.3,0.12259932756266946,0.599810448673728,1.5421951051102842,0.66,0.7577777777777778,0.21942222222222219,1.2330126136541366,0.5,26.5,0.0,20.0,False
env_odom_noise,0.02368421052631579,0.0022135024223027535,0.00010000000000000009,0.1250643357711507,0.7193862289494157,-0.7083244689194003,0.4001751313485114,0.6716287215411558,0.5653961471103328,0.3992110341787338,0.9,26.27777777777778,0.0,20.0,False
env_odom_noise,0.02368421052631579,0.0022135024223027535,0.00020706272838739032,0.12506433594142824,0.7193870811168821,-0.9993501697390509,0.4133099824868651,0.6865148861646234,0.5373751313485114,0.40769084095954894,0.9,26.27777777777778,0.0,20.0,False
env_odom_noise,0.02368421052631579,0.0022135024223027535,0.0004287497348723022,0.12506433510907,0.7151367584255041,-1.3425479428362028,0.43804537521815007,0.7094240837696335,0.4897305410122164,0.4020257890224457,0.9,26.38888888888889,0.0,20.0,False
env_odom_noise,0.02368421052631579,0.0022135024223027535,0.0008877808989802905,0.12499573446535889,0.7129570816600913,-1.644915448436477,0.47304347826086957,0.7382608695652174,0.425895652173913,0.4146647498011589,0.9,26.5,0.0,20.0,False
env_odom_noise,0.02368421052631579,0.0022135024223027535,0.001838263351530691,0.12480202297632921,0.709261448503501,-1.8355849316825004,0.5215889464594128,0.7754749568221071,0.3401360967184801,0.4033409669995308,0.85,26.0,0.0,20.0,False
env_odom_noise,0.02368421052631579,0.0022135024223027535,0.003806358250624933,0.12480202538774991,0.6993763460994707,-1.8796755058062409,0.5710616438356164,0.809931506849315,0.25620684931506854,0.4189696080982685,0.85,26.294117647058822,0.0,20.0,False
env_odom_noise,0.02368421052631579,0.0022135024223027535,0.00788154924594252,0.12424213289307262,0.6939153949908426,-1.79166296457571,0.6179966044142614,0.8285229202037352,0.1906804753820034,0.4534406289458275,0.75,24.933333333333334,0.0,20.0,False
env_odom_noise,0.02368421052631579,0.0022135024223027535,0.01631975090784437,0.12409704793311303,0.6802668354435664,-1.6008362612757365,0.6658333333333334,0.8358333333333333,0.13553333333333328,0.5105100013315678,0.75,25.666666666666668,0.0,20.0,True
env_odom_noise,0.02368421052631579,0.0022135024223027535,0.03379212149580846,0.12388659308336256,0.6616086784251836,-1.3465027315675904,0.6896272285251216,0.8371150729335495,0.12431215559157216,0.5976354807615281,0.7,25.928571428571427,0.0,20.0,True
env_odom_noise,0.02368421052631579,0.0022135024223027535,0.0699708887492028,0.12377196099792694,0.6354069020334632,-1.0572048189189542,0.7018779342723005,0.8403755868544601,0.13330234741784042,0.7575165249407292,0.6,25.583333333333332,0.0,20.0,False
env_odom_noise,0.02368421052631579,0.0022135024223027535,0.14488363132100487,0.1231634767700892,0.6148839160507059,-0.7411457677464603,0.704855842185129,0.8437025796661608,0.13295326251896822,1.0223665699362754,0.5,24.9,0.0,20.0,False
env_odom_noise,0.02368421052631579,0.0022135024223027535,0.3,0.12259932767389,0.5998135701351185,-0.4089167261269493,0.7081481481481482,0.845925925925926,0.13402222222222226,1.233897602558136,0.5,26.5,0.0,20.0,False
env_odom_noise,0.02368421052631579,0.004801202261272809,0.00010000000000000009,0.12452113739459972,0.713111983819773,-2.4036264312708155,0.5389273356401384,0.8226643598615917,0.2756083044982699,0.39288420155644416,0.85,25.941176470588236,0.0,20.0,False
env_odom_noise,0.02368421052631579,0.004801202261272809,0.00020706272838739032,0.12452113823452048,0.7109170239680503,-2.475802031905233,0.5526770293609672,0.8341968911917098,0.250326079447323,0.3880403354763985,0.85,26.0,0.0,20.0,False
env_odom_noise,0.02368421052631579,0.004801202261272809,0.0004287497348723022,0.12452113844915683,0.710922132668786,-2.5657912818338557,0.5639032815198618,0.846286701208981,0.22701001727115722,0.4010329954326153,0.85,26.0,0.0,20.0,False
env_odom_noise,0.02368421052631579,0.004801202261272809,0.0008877808989802905,0.12458212576690138,0.7062550458144208,-2.6498473531927083,0.5909090909090909,0.8653516295025729,0.1809392795883361,0.3795927532017231,0.85,26.235294117647058,0.0,20.0,False
env_odom_noise,0.02368421052631579,0.004801202261272809,0.001838263351530691,0.12458212765757472,0.7043936241253941,-2.69818588940414,0.6267123287671232,0.8912671232876712,0.11922054794520554,0.41000536233186724,0.85,26.294117647058822,0.0,20.0,True
env_odom_noise,0.02368421052631579,0.004801202261272809,0.003806358250624933,0.12458212550274372,0.6966170396340037,-2.6703978717152803,0.6590136054421769,0.9098639455782312,0.06832244897959183,0.4216407731175423,0.8,25.75,0.0,20.0,True
env_odom_noise,0.02368421052631579,0.004801202261272809,0.00788154924594252,0.1238858018093245,0.6911998792778119,-2.5626735812739225,0.7055369127516778,0.9194630872483222,0.057873825503355736,0.43341185078024863,0.75,25.4,0.0,20.0,True
env_odom_noise,0.02368421052631579,0.004801202261272809,0.01631975090784437,0.12367517066693613,0.6751835461334043,-2.3647752660929267,0.7491749174917491,0.9249174917491749,0.09605742574257425,0.49852552711963655,0.75,26.066666666666666,0.0,20.0,True
env_odom_noise,0.02368421052631579,0.004801202261272809,0.03379212149580846,0.12368105134172,0.6588137896619433,-2.0969105200079237,0.7673107890499195,0.9259259259259259,0.11318486312399356,0.6096503511071205,0.7,26.214285714285715,0.0,20.0,True
env_odom_noise,0.02368421052631579,0.004801202261272809,0.0699708887492028,0.12357059621959679,0.6355671127547983,-1.7995253340234414,0.7753510140405616,0.9274570982839313,0.11969391575663035,0.7735168144106865,0.55,24.545454545454547,0.0,20.0,False
env_odom_noise,0.02368421052631579,0.004801202261272809,0.14488363132100487,0.12307956280270498,0.6150515227387076,-1.474467605286174,0.7760180995475113,0.9298642533936652,0.11795384615384619,1.0359447449445724,0.5,25.3,0.0,20.0,False
env_odom_noise,0.02368421052631579,0.004801202261272809,0.3,0.12241257695101296,0.5958017395427276,-1.1145584300983897,0.7808823529411765,0.9316176470588236,0.12106470588235296,1.2454342275857926,0.5,27.0,0.0,20.0,False
env_odom_noise,0.02368421052631579,0.010414058246057912,0.00010000000000000009,0.12439556216513517,0.7032978195515931,-2.860230012941519,0.6953924914675768,0.9368600682593856,0.030332423208191184,0.4174458600580692,0.8,25.625,0.0,20.0,True
env_odom_noise,0.02368421052631579,0.010414058246057912,0.00020706272838739032,0.12439556245997571,0.7032992389642271,-2.8679615544029495,0.6962457337883959,0.9419795221843004,0.026066211604095613,0.4226081233471632,0.8,25.625,0.0,20.0,True
env_odom_noise,0.02368421052631579,0.010414058246057912,0.0004287497348723022,0.12439556288816069,0.7033025948324116,-2.8774256382268337,0.7064846416382252,0.9496587030716723,0.028625938566552933,0.4327775865793228,0.8,25.625,0.0,20.0,True
env_odom_noise,0.02368421052631579,0.010414058246057912,0.0008877808989802905,0.12439556408009309,0.6991369600530554,-2.885442387628113,0.7193877551020408,0.9591836734693877,0.041371428571428503,0.4293762154877186,0.8,25.75,0.0,20.0,True
env_odom_noise,0.02368421052631579,0.010414058246057912,0.001838263351530691,0.12429522545951295,0.6934887010382902,-2.8692195805771825,0.7407094594594594,0.9704391891891891,0.07394864864864859,0.4211078168824315,0.8,26.0,0.0,20.0,True
env_odom_noise,0.02368421052631579,0.010414058246057912,0.003806358250624933,0.12411520081820213,0.6918106074160848,-2.8072182086275177,0.7718120805369127,0.9756711409395973,0.11028322147651004,0.42910759150981903,0.75,25.4,0.0,20.0,True
env_odom_noise,0.02368421052631579,0.010414058246057912,0.00788154924594252,0.12370483385470246,0.6829055550284587,-2.6798721022246768,0.8131229235880398,0.979235880398671,0.1551588039867109,0.4692395731806755,0.75,25.8,0.0,20.0,False
env_odom_noise,0.02368421052631579,0.010414058246057912,0.01631975090784437,0.12365321372766264,0.6739926614652171,-2.484411413950451,0.8390804597701149,0.9811165845648604,0.18299704433497532,0.5506890796124935,0.7,25.357142857142858,0.0,20.0,False
env_odom_noise,0.02368421052631579,0.010414058246057912,0.03379212149580846,0.12350442775365504,0.6537798790825078,-2.2288637392815365,0.8552,0.9816,0.1996,0.6486227355897427,0.65,25.53846153846154,0.0,20.0,False
env_odom_noise,0.02368421052631579,0.010414058246057912,0.0699708887492028,0.12339726441390203,0.631079138472366,-1.930604861299596,0.862015503875969,0.982170542635659,0.206986046511628,0.8278936393558979,0.55,24.90909090909091,0.0,20.0,False
env_odom_noise,0.02368421052631579,0.010414058246057912,0.14488363132100487,0.12265915406541068,0.6096723699703145,-1.6093068814626086,0.8639760837070254,0.9828101644245142,0.2095862481315396,1.0683718830347062,0.5,25.9,0.0,20.0,False
env_odom_noise,0.02368421052631579,0.010414058246057912,0.3,0.12206879070124534,0.5933436490811242,-1.2520934111727227,0.8671532846715329,0.9832116788321168,0.21316496350364966,1.2872747682034968,0.5,27.5,0.0,20.0,False
env_odom_noise,0.02368421052631579,0.02258863577297737,0.00010000000000000009,0.1243292648223815,0.6887543341029274,-2.722161927501325,0.8414023372287145,0.994991652754591,0.1991939899833055,0.4498056434094906,0.7,24.642857142857142,0.0,20.0,False
env_odom_noise,0.02368421052631579,0.02258863577297737,0.00020706272838739032,0.12432926545463621,0.6887561944677278,-2.7181451204994875,0.843906510851419,0.994991652754591,0.20169816360601,0.4536389548331499,0.7,24.642857142857142,0.0,20.0,False
env_odom_noise,0.02368421052631579,0.02258863577297737,0.0004287497348723022,0.12432926504486086,0.6887600696347529,-2.7095840617095197,0.8480801335559266,0.994991652754591,0.2058717863105176,0.4613720037043095,0.7,24.642857142857142,0.0,20.0,False
env_odom_noise,0.02368421052631579,0.02258863577297737,0.0008877808989802905,0.12432926670750374,0.6887679258771634,-2.691354687971726,0.8555926544240401,0.9958263772954925,0.2142190317195326,0.4766279704868793,0.7,24.642857142857142,0.0,20.0,False
env_odom_noise,0.02368421052631579,0.02258863577297737,0.001838263351530691,0.12432926487118337,0.6887847450250956,-2.6537829188348043,0.8689482470784641,0.996661101836394,0.2284093489148581,0.5056816145777703,0.7,24.642857142857142,0.0,20.0,False
env_odom_noise,0.02368421052631579,0.02258863577297737,0.003806358250624933,0.12407579233112646,0.6835565750110298,-2.5866657404996714,0.8874172185430463,0.9983443708609272,0.24856158940397355,0.5063042230904102,0.7,25.0,0.0,20.0,False
env_odom_noise,0.02368421052631579,0.02258863577297737,0.00788154924594252,0.12386666561268729,0.6776640595992325,-2.470655539001338,0.9136513157894737,0.9991776315789473,0.27562894736842103,0.5471243560314178,0.65,24.23076923076923,0.0,20.0,False
env_odom_noise,0.02368421052631579,0.02258863577297737,0.01631975090784437,0.12410436501321209,0.665750092148537,-2.2907717506613325,0.9277597402597403,1.0,0.2905597402597403,0.6231782421469688,0.65,24.846153846153847,0.0,20.0,False
env_odom_noise,0.02368421052631579,0.02258863577297737,0.03379212149580846,0.123589675307968,0.647392667485453,-2.0610346329579667,0.9367088607594937,1.0,0.2995088607594937,0.7161863625049592,0.6,25.0,0.0,20.0,False
env_odom_noise,0.02368421052631579,0.02258863577297737,0.0699708887492028,0.12344429909603703,0.6256807173966814,-1.7799100779193597,0.9400921658986175,1.0,0.30289216589861756,0.9125543400645256,0.55,25.454545454545453,0.0,20.0,False
env_odom_noise,0.02368421052631579,0.02258863577297737,0.14488363132100487,0.12272055120673028,0.6070308061236459,-1.4658369018200177,0.9420505200594353,1.0,0.30485052005943536,1.1677703745663166,0.5,26.3,0.0,20.0,False
env_odom_noise,0.02368421052631579,0.02258863577297737,0.3,0.12212844102092281,0.588397537689468,-1.1125349391626866,0.9437229437229437,1.0,0.30652294372294375,1.3558326303958892,0.45,27.11111111111111,0.0,20.0,False
env_odom_noise,0.02368421052631579,0.04899592973540154,0.00010000000000000009,0.12409841786134816,0.6783817370383299,-2.2700306691876406,0.953125,0.9991776315789473,0.31510263157894736,0.6438085339963436,0.65,24.23076923076923,0.0,20.0,False
env_odom_noise,0.02368421052631579,0.04899592973540154,0.00020706272838739032,0.12369367182934331,0.6783836334148721,-2.26748498273603,0.9532019704433498,0.9991789819376026,0.31518095238095234,0.6361316405236721,0.65,24.307692307692307,0.0,20.0,False
env_odom_noise,0.02368421052631579,0.04899592973540154,0.0004287497348723022,0.12369367191498261,0.6783875317680539,-2.259804907716739,0.9556650246305419,0.9991789819376026,0.3176440065681445,0.6418433293700219,0.65,24.307692307692307,0.0,20.0,False
env_odom_noise,0.02368421052631579,0.04899592973540154,0.0008877808989802905,0.12369367208609655,0.6768892362342399,-2.2448034743761522,0.9581967213114754,0.9991803278688525,0.32017704918032786,0.6438809767365455,0.65,24.384615384615383,0.0,20.0,False
env_odom_noise,0.02368421052631579,0.04899592973540154,0.001838263351530691,0.12369367094133703,0.6749681861304708,-2.2159097214482273,0.9656301145662848,0.9991816693944353,0.3276117839607201,0.6562630385160446,0.65,24.46153846153846,0.0,20.0,False
env_odom_noise,0.02368421052631579,0.04899592973540154,0.003806358250624933,0.12367741747644052,0.6714642086727632,-2.162748152964472,0.9739413680781759,1.0,0.3367413680781759,0.6694239966571331,0.65,24.692307692307693,0.0,20.0,False
env_odom_noise,0.02368421052631579,0.04899592973540154,0.00788154924594252,0.12391415676382353,0.6647405195756623,-2.070319660004851,0.9798061389337641,1.0,0.3426061389337641,0.691210788488388,0.6,23.916666666666668,0.0,20.0,False
env_odom_noise,0.02368421052631579,0.04899592973540154,0.01631975090784437,0.1238030175256163,0.6475823095897832,-1.9268723431674264,0.9857142857142858,1.0,0.3485142857142858,0.7291985623538494,0.6,24.833333333333332,0.0,20.0,False
env_odom_noise,0.02368421052631579,0.04899592973540154,0.03379212149580846,0.12321614980366624,0.6417403265396772,-1.73302544300734,0.9874804381846636,1.0,0.3502804381846636,0.8727904617786407,0.55,24.363636363636363,0.0,20.0,False
env_odom_noise,0.02368421052631579,0.04899592973540154,0.0699708887492028,0.12320063460115369,0.6173921239167771,-1.4777320652528432,0.9893939393939394,1.0,0.3521939393939394,1.0623562201857566,0.55,26.272727272727273,0.0,20.0,False
env_odom_noise,0.02368421052631579,0.04899592973540154,0.14488363132100487,0.1222958440321758,0.5950685587837365,-1.1744090967405987,0.9897660818713451,1.0,0.3525660818713451,1.2959476500749587,0.5,27.4,0.0,20.0,False
env_odom_noise,0.02368421052631579,0.04899592973540154,0.3,0.12199733209704164,0.5877312858348333,-0.8596713984330105,0.99,1.0,0.3528,1.4786324858665467,0.45,27.88888888888889,0.0,20.0,False
env_odom_noise,0.02368421052631579,0.10627472835292812,0.00010000000000000009,0.12361219985697178,0.6514161155731237,-1.6810069072525906,0.9952456418383518,1.0,0.35804564183835186,0.8677581995725632,0.6,24.916666666666668,0.0,20.0,False
env_odom_noise,0.02368421052631579,0.10627472835292812,0.00020706272838739032,0.1236121989226785,0.6514186383547506,-1.6787646420724955,0.9952456418383518,1.0,0.35804564183835186,0.8697985798120499,0.6,24.916666666666668,0.0,20.0,False
env_odom_noise,0.02368421052631579,0.10627472835292812,0.0004287497348723022,0.12361219985133359,0.6514238952372626,-1.6741725160409082,0.9952456418383518,1.0,0.35804564183835186,0.8739988729357719,0.6,24.916666666666668,0.0,20.0,False
env_odom_noise,0.02368421052631579,0.10627472835292812,0.0008877808989802905,0.12361219738580315,0.651434383767099,-1.6648740349406586,0.9960380348652932,1.0,0.3588380348652932,0.8825865000486374,0.6,24.916666666666668,0.0,20.0,False
env_odom_noise,0.02368421052631579,0.10627472835292812,0.001838263351530691,0.12361220021312058,0.6468459367835631,-1.6482057259728167,0.9960567823343849,1.0,0.3588567823343849,0.8722770988941193,0.6,25.166666666666668,0.0,20.0,False
env_odom_noise,0.02368421052631579,0.10627472835292812,0.003806358250624933,0.1236121997669123,0.6451050291268223,-1.6134769968767428,0.9960629921259843,1.0,0.35886299212598427,0.8971197046339512,0.6,25.25,0.0,20.0,False
env_odom_noise,0.02368421052631579,0.10627472835292812,0.00788154924594252,0.12361219850427475,0.6403445736171811,-1.549962873936774,0.9968652037617555,1.0,0.3596652037617555,0.9373717077076436,0.6,25.5,0.0,20.0,False
env_odom_noise,0.02368421052631579,0.10627472835292812,0.01631975090784437,0.12333993503436427,0.6358433940202274,-1.4497832175055738,0.9984496124031008,1.0,0.36124961240310083,0.9884777292609215,0.55,24.90909090909091,0.0,20.0,False
env_odom_noise,0.02368421052631579,0.10627472835292812,0.03379212149580846,0.12325468602275452,0.6197953628590268,-1.2957790416754802,0.9992401215805471,1.0,0.3620401215805471,1.092681923508644,0.55,26.09090909090909,0.0,20.0,False
env_odom_noise,0.02368421052631579,0.10627472835292812,0.0699708887492028,0.12230795824520187,0.6064022440348561,-1.0890905021722945,1.0,1.0,0.3628,1.2839742660522462,0.5,26.7,0.0,20.0,False
env_odom_noise,0.02368421052631579,0.10627472835292812,0.14488363132100487,0.12171695832835831,0.5864589995491973,-0.8200009942673663,1.0,1.0,0.3628,1.4993203312158585,0.45,27.88888888888889,0.0,20.0,False
env_odom_noise,0.02368421052631579,0.10627472835292812,0.3,0.12195337870277088,0.5846046027440015,-0.5251306971278638,1.0,1.0,0.3628,1.6938931211829185,0.4,27.625,0.0,20.0,False
env_odom_noise,0.02368421052631579,0.23051543153651136,0.00010000000000000009,0.12372350683885902,0.6160792717797053,-1.0234211298072042,0.9992447129909365,1.0,0.36204471299093655,1.2997688844799995,0.55,26.454545454545453,0.0,20.0,False
env_odom_noise,0.02368421052631579,0.23051543153651136,0.00020706272838739032,0.1237235069438927,0.6160816456629687,-1.0222386180034593,0.9992447129909365,1.0,0.36204471299093655,1.3013079181313514,0.55,26.454545454545453,0.0,20.0,False
env_odom_noise,0.02368421052631579,0.23051543153651136,0.0004287497348723022,0.1237235067235815,0.6160866934635145,-1.0198044700222169,0.9992447129909365,1.0,0.36204471299093655,1.3044854536652566,0.55,26.454545454545453,0.0,20.0,False
env_odom_noise,0.02368421052631579,0.23051543153651136,0.0008877808989802905,0.12346847102788433,0.6160969901574982,-1.0155001878538725,0.9992458521870287,1.0,0.36204585218702867,1.3025746837258338,0.55,26.545454545454547,0.0,20.0,False
env_odom_noise,0.02368421052631579,0.23051543153651136,0.001838263351530691,0.12316626789246882,0.614753411995998,-1.0066880250548882,0.9992481203007518,1.0,0.36204812030075184,1.2998362205922604,0.55,26.727272727272727,0.0,20.0,False
env_odom_noise,0.02368421052631579,0.23051543153651136,0.003806358250624933,0.12291231905146298,0.6147964234237655,-0.9875104424416755,0.9992492492492493,1.0,0.3620492492492493,1.3184241078794003,0.55,26.818181818181817,0.0,20.0,False
env_odom_noise,0.02368421052631579,0.23051543153651136,0.00788154924594252,0.12298588316822331,0.6117974899128088,-0.9517146313721709,0.9992537313432835,1.0,0.36205373134328356,1.3413332417607307,0.55,27.181818181818183,0.0,20.0,False
env_odom_noise,0.02368421052631579,0.23051543153651136,0.01631975090784437,0.1228320581567236,0.6043319663425214,-0.8874487501371885,1.0,1.0,0.3628,1.3894964903593063,0.55,27.818181818181817,0.0,20.0,False
env_odom_noise,0.02368421052631579,0.23051543153651136,0.03379212149580846,0.1218703688305834,0.596632279503556,-0.7824413368574265,1.0,1.0,0.3628,1.4827297352254392,0.5,27.9,0.0,20.0,False
env_odom_noise,0.02368421052631579,0.23051543153651136,0.0699708887492028,0.12188342401951352,0.5821919766383397,-0.6190618565855525,1.0,1.0,0.3628,1.667302678525448,0.45,28.555555555555557,0.0,20.0,False
env_odom_noise,0.02368421052631579,0.23051543153651136,0.14488363132100487,0.12203300937521809,0.5769112484094963,-0.403205357673005,1.0,1.0,0.3628,1.852221740782261,0.4,29.25,0.0,20.0,False
env_odom_noise,0.02368421052631579,0.23051543153651136,0.3,0.12249267955660173,0.5730420456827354,-0.13669014537102334,1.0,1.0,0.3628,2.0115077242255213,0.4,30.0,0.0,20.0,False
env_odom_noise,0.02368421052631579,0.5,0.00010000000000000009,0.12205511279650251,0.575138391416848,-0.3428687668858534,1.0,1.0,0.3628,1.9686637595295906,0.4,29.375,0.0,20.0,False
env_odom_noise,0.02368421052631579,0.5,0.00020706272838739032,0.12205511515592309,0.5751404486536981,-0.3422778678364652,1.0,1.0,0.3628,1.9698560625314712,0.4,29.375,0.0,20.0,False
env_odom_noise,0.02368421052631579,0.5,0.0004287497348723022,0.12205511634879894,0.5751447092427487,-0.3410578610981914,1.0,1.0,0.3628,1.9723209738731384,0.4,29.375,0.0,20.0,False
env_odom_noise,0.02368421052631579,0.5,0.0008877808989802905,0.12205511532963324,0.5751536384777284,-0.33854670257605535,1.0,1.0,0.3628,1.9774110540747643,0.4,29.375,0.0,20.0,False
env_odom_noise,0.02368421052631579,0.5,0.001838263351530691,0.12205511484849826,0.5751717375411746,-0.33341014873779984,1.0,1.0,0.3628,1.9878914073109626,0.4,29.375,0.0,20.0,False
env_odom_noise,0.02368421052631579,0.5,0.003806358250624933,0.12205511290544818,0.5726212026514739,-0.3238625363747725,1.0,1.0,0.3628,1.9963859006762505,0.4,29.625,0.0,20.0,False
env_odom_noise,0.02368421052631579,0.5,0.00788154924594252,0.1220551170805623,0.570098446608573,-0.30394724882271035,1.0,1.0,0.3628,2.0275436729192733,0.4,29.875,0.0,20.0,False
env_odom_noise,0.02368421052631579,0.5,0.01631975090784437,0.12209089430557185,0.5676189501426763,-0.267433070516568,1.0,1.0,0.3628,2.0786348298192023,0.4,30.625,0.0,20.0,False
env_odom_noise,0.02368421052631579,0.5,0.03379212149580846,0.12248481864695335,0.5597692786060441,-0.20118269928327953,1.0,1.0,0.3628,2.159401607513428,0.4,32.375,0.0,20.0,False
env_odom_noise,0.02368421052631579,0.5,0.0699708887492028,0.12238431173677826,0.5561683458919345,-0.08537484058846936,1.0,1.0,0.3628,2.311341208964586,0.3,31.333333333333332,0.0,20.0,False
env_odom_noise,0.02368421052631579,0.5,0.14488363132100487,0.12251320800933432,0.5519687853991295,0.08076454422708744,1.0,1.0,0.3628,2.421805414557457,0.3,32.666666666666664,0.0,20.0,False
env_odom_noise,0.02368421052631579,0.5,0.3,0.12251320959295053,0.5492325549273761,0.3047425977447329,1.0,1.0,0.3628,2.5008471481502057,0.3,33.166666666666664,0.0,20.0,False
env_odom_noise,0.031578947368421054,0.00010000000000000009,0.00010000000000000009,0.12506433519915022,0.7391026539215324,59.171036222162904,0.17307692307692307,0.2736013986013986,1.1905216783216783,0.3883761614561081,0.9,26.333333333333332,0.0,20.0,False
env_odom_noise,0.031578947368421054,0.00010000000000000009,0.00020706272838739032,0.1250643350702639,0.7391027265063255,51.46367246722678,0.1958041958041958,0.3138111888111888,1.1275846153846154,0.3889813356101513,0.9,26.333333333333332,0.0,20.0,False
env_odom_noise,0.031578947368421054,0.00010000000000000009,0.0004287497348723022,0.12506433550826462,0.739100902197915,46.86757068281249,0.22465034965034966,0.3767482517482518,1.0358013986013985,0.3976802207529545,0.9,26.333333333333332,0.0,20.0,False
env_odom_noise,0.031578947368421054,0.00010000000000000009,0.0008877808989802905,0.12499573424380526,0.7368416580278352,44.372998232621164,0.27177700348432055,0.4381533101045296,0.9272696864111498,0.40876888409256934,0.9,26.444444444444443,0.0,20.0,False
env_odom_noise,0.031578947368421054,0.00010000000000000009,0.001838263351530691,0.12474138242089271,0.733173825634351,43.04639995268718,0.33535528596187175,0.49220103986135183,0.8096436741767764,0.4097672559320927,0.85,25.88235294117647,0.0,20.0,False
env_odom_noise,0.031578947368421054,0.00010000000000000009,0.003806358250624933,0.12480202314538756,0.7218190405108007,42.27530001986992,0.4058219178082192,0.5539383561643836,0.6774397260273972,0.4080349605064839,0.85,26.294117647058822,0.0,20.0,False
env_odom_noise,0.031578947368421054,0.00010000000000000009,0.00788154924594252,0.12424213498838986,0.7158078961032426,41.91121326115775,0.4609507640067912,0.5840407470288624,0.5922084889643464,0.45537900254130365,0.8,25.8125,0.0,20.0,False
env_odom_noise,0.031578947368421054,0.00010000000000000009,0.01631975090784437,0.12409704466376434,0.7021249412683619,41.56149195741675,0.5216666666666666,0.5983333333333334,0.5172,0.504324360191822,0.75,25.666666666666668,0.0,20.0,False
env_odom_noise,0.031578947368421054,0.00010000000000000009,0.03379212149580846,0.12388659330632502,0.6839521350665372,41.317013510524895,0.5526742301458671,0.6037277147487844,0.48079805510534845,0.5948900237679482,0.7,25.928571428571427,0.0,20.0,False
env_odom_noise,0.031578947368421054,0.00010000000000000009,0.0699708887492028,0.12377196161838758,0.657094529076263,40.73308795338159,0.568075117370892,0.6118935837245696,0.4572312989045384,0.7545060977339745,0.6,25.583333333333332,0.0,20.0,False
env_odom_noise,0.031578947368421054,0.00010000000000000009,0.14488363132100487,0.12316347742306592,0.6366818797773387,40.20159661735013,0.5766312594840668,0.6160849772382397,0.44448376327769346,1.020919254422188,0.5,24.9,0.0,20.0,False
env_odom_noise,0.031578947368421054,0.00010000000000000009,0.3,0.12259932844534328,0.6202864245687761,39.827445039444605,0.5806213017751479,0.6198224852071006,0.43675621301775147,1.2291761368513108,0.5,26.6,0.0,20.0,False
env_odom_noise,0.031578947368421054,0.00021690521830457365,0.00010000000000000009,0.12506433519915022,0.7391026539215324,29.36198655843952,0.19667832167832167,0.3208041958041958,1.1197174825174825,0.3883761614561081,0.9,26.333333333333332,0.0,20.0,False
env_odom_noise,0.031578947368421054,0.00021690521830457365,0.00020706272838739032,0.12506433516817572,0.7391027514294704,24.199410289315345,0.21765734265734266,0.3531468531468531,1.0663958041958042,0.3891445569694042,0.9,26.333333333333332,0.0,20.0,False
env_odom_noise,0.031578947368421054,0.00021690521830457365,0.0004287497348723022,0.12506433503675554,0.7391004563797803,20.689077107727385,0.24825174825174826,0.41083916083916083,0.9781090909090909,0.39835296720266344,0.9,26.333333333333332,0.0,20.0,False
env_odom_noise,0.031578947368421054,0.00021690521830457365,0.0008877808989802905,0.12499573388366705,0.7368428985621995,18.609547211702633,0.29181184668989546,0.4721254355400697,0.8732627177700348,0.4097853869199753,0.9,26.444444444444443,0.0,20.0,False
env_odom_noise,0.031578947368421054,0.00021690521830457365,0.001838263351530691,0.12474138237572917,0.7331757812977681,17.512473291824573,0.354419410745234,0.524263431542461,0.758517157712305,0.4107047326862812,0.85,25.88235294117647,0.0,20.0,False
env_odom_noise,0.031578947368421054,0.00021690521830457365,0.003806358250624933,0.1248020230472825,0.721821869013091,16.98199548019381,0.425513698630137,0.583904109589041,0.627782191780822,0.408931251661852,0.85,26.294117647058822,0.0,20.0,False
env_odom_noise,0.031578947368421054,0.00021690521830457365,0.00788154924594252,0.12424213296509833,0.7158099830099055,16.80712147700883,0.48132427843803055,0.6146010186757216,0.5412747028862479,0.45607669875025747,0.8,25.8125,0.0,20.0,False
env_odom_noise,0.031578947368421054,0.00021690521830457365,0.01631975090784437,0.1240970459251093,0.7021268588374766,16.743568361421293,0.54,0.6275,0.4697,0.5048374399542809,0.75,25.666666666666668,0.0,20.0,False
env_odom_noise,0.031578947368421054,0.00021690521830457365,0.03379212149580846,0.12388659339223969,0.6839536407663903,16.776268549861662,0.5713128038897893,0.63290113452188,0.43298606158833064,0.5952629342675209,0.7,25.928571428571427,0.0,20.0,False
env_odom_noise,0.031578947368421054,0.00021690521830457365,0.0699708887492028,0.12377196228843375,0.6570956296044423,16.69033730064836,0.5876369327073553,0.6408450704225352,0.40871799687010946,0.7547786898911,0.6,25.583333333333332,0.0,20.0,False
env_odom_noise,0.031578947368421054,0.00021690521830457365,0.14488363132100487,0.12316347566364823,0.6366826390941748,16.640957856657472,0.5963581183611533,0.644916540212443,0.3959253414264037,1.0210852161049844,0.5,24.9,0.0,20.0,False
env_odom_noise,0.031578947368421054,0.00021690521830457365,0.3,0.12259932841002628,0.6202869074109404,16.67068690397406,0.6005917159763313,0.6479289940828402,0.38867928994082845,1.229263073205948,0.5,26.6,0.0,20.0,False
env_odom_noise,0.031578947368421054,0.00047047873727754753,0.00010000000000000009,0.12506433519915022,0.7391026539215324,13.503287292395257,0.23251748251748253,0.39335664335664333,1.0113258741258742,0.3883761614561081,0.9,26.333333333333332,0.0,20.0,False
env_odom_noise,0.031578947368421054,0.00047047873727754753,0.00020706272838739032,0.12506433521696175,0.739102681594782,10.612274274428767,0.2534965034965035,0.42657342657342656,0.95713006993007,0.38966242000460627,0.9,26.333333333333332,0.0,20.0,False
env_odom_noise,0.031578947368421054,0.00047047873727754753,0.0004287497348723022,0.12506433504914513,0.7390996016688829,8.30940131827634,0.2875874125874126,0.4772727272727273,0.8723398601398601,0.39997135400772094,0.9,26.333333333333332,0.0,20.0,False
env_odom_noise,0.031578947368421054,0.00047047873727754753,0.0008877808989802905,0.12499573291135839,0.7368454754745487,6.7646735515356395,0.3249128919860627,0.5304878048780488,0.7817993031358885,0.4119493715465069,0.9,26.444444444444443,0.0,20.0,False
env_odom_noise,0.031578947368421054,0.00047047873727754753,0.001838263351530691,0.12474138350442682,0.7331800433124613,5.899896010127505,0.38388214904679374,0.5814558058925476,0.6718620450606586,0.4127155475318432,0.85,25.88235294117647,0.0,20.0,False
env_odom_noise,0.031578947368421054,0.00047047873727754753,0.003806358250624933,0.12480202643058426,0.7218277903764763,5.515218705734716,0.4537671232876712,0.6378424657534246,0.5455904109589041,0.41088486802764235,0.85,26.294117647058822,0.0,20.0,False
env_odom_noise,0.031578947368421054,0.00047047873727754753,0.00788154924594252,0.12424213215265328,0.7158145122490199,5.435336256810217,0.5084889643463497,0.669779286926995,0.4589317487266553,0.45758260115981103,0.8,25.8125,0.0,20.0,False
env_odom_noise,0.031578947368421054,0.00047047873727754753,0.01631975090784437,0.12409704429522453,0.702130454506722,5.5030899149041685,0.5666666666666667,0.6808333333333333,0.38970000000000005,0.5059472642838955,0.75,25.666666666666668,0.0,20.0,False
env_odom_noise,0.031578947368421054,0.00047047873727754753,0.03379212149580846,0.12388659205185801,0.6820759211666719,5.650575751435845,0.598705501618123,0.6868932038834952,0.35160129449838184,0.5876804560422897,0.7,26.0,0.0,20.0,False
env_odom_noise,0.031578947368421054,0.00047047873727754753,0.0699708887492028,0.12377196136148154,0.6570979586592224,5.801592671886633,0.6134585289514867,0.6932707355242567,0.33047073552425665,0.7553701341152191,0.6,25.583333333333332,0.0,20.0,False
env_odom_noise,0.031578947368421054,0.00047047873727754753,0.14488363132100487,0.12316347593746332,0.6366844932837346,5.972145716693486,0.622154779969651,0.6965098634294385,0.3185353566009105,1.0214446038007736,0.5,24.9,0.0,20.0,False
env_odom_noise,0.031578947368421054,0.00047047873727754753,0.3,0.12259932901059417,0.6202879856323975,6.186193992011504,0.6257396449704142,0.7004437869822485,0.31101656804733724,1.2294513016939164,0.5,26.6,0.0,20.0,False
env_odom_noise,0.031578947368421054,0.001020492932168466,0.00010000000000000009,0.12506433519915022,0.7391026450551499,4.813202425657686,0.2980769230769231,0.5017482517482518,0.8373748251748252,0.388430193066597,0.9,26.333333333333332,0.0,20.0,False
env_odom_noise,0.031578947368421054,0.001020492932168466,0.00020706272838739032,0.12506433513392498,0.7391024100202915,3.5075677166881305,0.3103146853146853,0.5236013986013986,0.803283916083916,0.3915154069662094,0.9,26.333333333333332,0.0,20.0,False
env_odom_noise,0.031578947368421054,0.001020492932168466,0.0004287497348723022,0.1250643349003738,0.739099300096552,2.259220415250012,0.33916083916083917,0.5629370629370629,0.7351020979020979,0.4042312644422054,0.9,26.333333333333332,0.0,20.0,False
env_odom_noise,0.031578947368421054,0.001020492932168466,0.0008877808989802905,0.12499573232319056,0.7368538568249828,1.2844893904918535,0.37456445993031356,0.6088850174216028,0.6537505226480835,0.4171449787914753,0.9,26.444444444444443,0.0,20.0,False
env_odom_noise,0.031578947368421054,0.001020492932168466,0.001838263351530691,0.1248020265969342,0.7331937895754672,0.6854824170849413,0.42560553633217996,0.6539792387543253,0.5576152249134947,0.40675752572715285,0.85,25.941176470588236,0.0,20.0,False
env_odom_noise,0.031578947368421054,0.001020492932168466,0.003806358250624933,0.12480202555675257,0.7218403751686364,0.4174468463219698,0.4948630136986301,0.7029109589041096,0.4394260273972603,0.41512926779687404,0.85,26.294117647058822,0.0,20.0,False
env_odom_noise,0.031578947368421054,0.001020492932168466,0.00788154924594252,0.12424213333322286,0.7158240009443047,0.39500505112889756,0.5475382003395586,0.733446519524618,0.3562152801358234,0.44962811917066575,0.75,24.933333333333334,0.0,20.0,False
env_odom_noise,0.031578947368421054,0.001020492932168466,0.01631975090784437,0.12409704642155954,0.702138633479663,0.5234554058177756,0.6025,0.7441666666666666,0.2905333333333333,0.5083414018154144,0.75,25.666666666666668,0.0,20.0,False
env_odom_noise,0.031578947368421054,0.001020492932168466,0.03379212149580846,0.12388659279709045,0.682082551426262,0.734929006637543,0.6343042071197411,0.7491909385113269,0.253704854368932,0.5894315160810948,0.7,26.0,0.0,20.0,False
env_odom_noise,0.031578947368421054,0.001020492932168466,0.0699708887492028,0.12377196128814032,0.6571030539104308,0.9777537791531121,0.647887323943662,0.7535211267605634,0.23579154929577462,0.7566509455442428,0.6,25.583333333333332,0.0,20.0,False
env_odom_noise,0.031578947368421054,0.001020492932168466,0.14488363132100487,0.12316347855886468,0.636688344445116,1.2471235383440458,0.6562974203338392,0.7556904400606981,0.2252121396054627,1.0222237691283227,0.5,24.9,0.0,20.0,False
env_odom_noise,0.031578947368421054,0.001020492932168466,0.3,0.12259932695114263,0.6202902589258131,1.5441370229442652,0.6605029585798816,0.7581360946745562,0.21856094674556215,1.2298592180013657,0.5,26.6,0.0,20.0,False
env_odom_noise,0.031578947368421054,0.0022135024223027535,0.00010000000000000009,0.12506433531209105,0.7391019070903005,0.23131685078760486,0.3767482517482518,0.6442307692307693,0.6162209790209789,0.3932184986770153,0.9,26.333333333333332,0.0,20.0,False
env_odom_noise,0.031578947368421054,0.0022135024223027535,0.00020706272838739032,0.125064334552615,0.7391057634452984,-0.22812631003045306,0.3916083916083916,0.6617132867132867,0.5838783216783217,0.40158813148736955,0.9,26.333333333333332,0.0,20.0,False
env_odom_noise,0.031578947368421054,0.0022135024223027535,0.0004287497348723022,0.12499573382924743,0.7391173580455612,-0.7659983631971603,0.41012216404886565,0.6823734729493892,0.5447043630017452,0.4146043978631496,0.9,26.38888888888889,0.0,20.0,False
env_odom_noise,0.031578947368421054,0.0022135024223027535,0.0008877808989802905,0.12499573347737136,0.7368831492357999,-1.2565681015735275,0.4425087108013937,0.7177700348432056,0.4769212543554007,0.43036297187209127,0.9,26.444444444444443,0.0,20.0,False
env_odom_noise,0.031578947368421054,0.0022135024223027535,0.001838263351530691,0.12480202340955529,0.7293591915891942,-1.6058390015973187,0.4939655172413793,0.7620689655172413,0.3811655172413793,0.3957182813435793,0.85,26.058823529411764,0.0,20.0,False
env_odom_noise,0.031578947368421054,0.0022135024223027535,0.003806358250624933,0.12480202274726575,0.7196926498932401,-1.7521720565383059,0.552991452991453,0.8025641025641026,0.28164444444444436,0.41252420991659167,0.85,26.352941176470587,0.0,20.0,False
env_odom_noise,0.031578947368421054,0.0022135024223027535,0.00788154924594252,0.12424213419250466,0.714353483413988,-1.7244184900735648,0.6059322033898306,0.823728813559322,0.2075389830508474,0.44725513458251953,0.75,25.0,0.0,20.0,False
env_odom_noise,0.031578947368421054,0.0022135024223027535,0.01631975090784437,0.12409704455417264,0.7021558705290232,-1.5670651686417696,0.655,0.8325,0.14969999999999994,0.513474939763546,0.75,25.666666666666668,0.0,20.0,True
env_odom_noise,0.031578947368421054,0.0022135024223027535,0.03379212149580846,0.12388659248636119,0.682097079524241,-1.3293113096119757,0.6852750809061489,0.837378640776699,0.11969644012944991,0.5932084813714027,0.7,26.0,0.0,20.0,True
env_odom_noise,0.031578947368421054,0.0022135024223027535,0.0699708887492028,0.12377196165866124,0.6571143401007905,-1.048893997535657,0.6979655712050078,0.8403755868544601,0.12938998435054772,0.7594210132956505,0.6,25.583333333333332,0.0,20.0,False
env_odom_noise,0.031578947368421054,0.0022135024223027535,0.14488363132100487,0.12316347819337684,0.6366966474893975,-0.7370645194660511,0.704855842185129,0.8437025796661608,0.13295326251896822,1.0239109084010125,0.5,24.9,0.0,20.0,False
env_odom_noise,0.031578947368421054,0.0022135024223027535,0.3,0.12259932723235732,0.6202953653456974,-0.4040908383778961,0.7085798816568047,0.8461538461538461,0.13422603550295864,1.2307433173060418,0.5,26.6,0.0,20.0,False
env_odom_noise,0.031578947368421054,0.004801202261272809,0.00010000000000000009,0.12452113879615392,0.737236377780054,-1.9077049483117225,0.5181975736568457,0.7980935875216638,0.32090883882149046,0.4086045429110527,0.85,25.88235294117647,0.0,20.0,False
env_odom_noise,0.031578947368421054,0.004801202261272809,0.00020706272838739032,0.12452113956752345,0.7334760305385609,-2.0265649917273283,0.5267702936096719,0.8074265975820379,0.3030031088082902,0.39241252839565277,0.85,26.0,0.0,20.0,False
env_odom_noise,0.031578947368421054,0.004801202261272809,0.0004287497348723022,0.12452113799451756,0.7298629036672275,-2.1946392970460553,0.5387263339070568,0.8227194492254734,0.2757542168674698,0.38265973506495354,0.85,26.11764705882353,0.0,20.0,False
env_odom_noise,0.031578947368421054,0.004801202261272809,0.0008877808989802905,0.12458212557020412,0.7281497675046125,-2.377995936973126,0.5591766723842195,0.8473413379073756,0.2306819897084048,0.3834473118185997,0.85,26.235294117647058,0.0,20.0,False
env_odom_noise,0.031578947368421054,0.004801202261272809,0.001838263351530691,0.12458212815999849,0.7241860777537401,-2.5187918920534593,0.6008547008547008,0.870940170940171,0.1654051282051282,0.402420424669981,0.85,26.352941176470587,0.0,20.0,False
env_odom_noise,0.031578947368421054,0.004801202261272809,0.003806358250624933,0.12458212545792903,0.7185728992249124,-2.559869463028742,0.6454081632653061,0.9047619047619048,0.08702993197278908,0.4250274937599897,0.8,25.75,0.0,20.0,True
env_odom_noise,0.031578947368421054,0.004801202261272809,0.00788154924594252,0.12388579856419313,0.7132581124935459,-2.501285048809345,0.6879194630872483,0.9161073825503355,0.04361208053691279,0.4366305094212294,0.75,25.4,0.0,20.0,True
env_odom_noise,0.031578947368421054,0.004801202261272809,0.01631975090784437,0.12367517147525113,0.6969750554037474,-2.33273123382239,0.7392739273927392,0.9232673267326733,0.08780660066006596,0.5016444906592369,0.75,26.066666666666666,0.0,20.0,True
env_odom_noise,0.031578947368421054,0.004801202261272809,0.03379212149580846,0.12368105095387613,0.6823703600825776,-2.0819305855654213,0.7620967741935484,0.9258064516129032,0.10809032258064522,0.6204991772770881,0.7,26.142857142857142,0.0,20.0,True
env_odom_noise,0.031578947368421054,0.004801202261272809,0.0699708887492028,0.12357059609712295,0.6573828211887549,-1.7912999853083391,0.7722308892355694,0.9274570982839313,0.11657379095163811,0.7753192871809006,0.55,24.545454545454547,0.0,20.0,False
env_odom_noise,0.031578947368421054,0.004801202261272809,0.14488363132100487,0.12307956203143662,0.6369733173726637,-1.470413477286627,0.7760180995475113,0.9298642533936652,0.11795384615384619,1.0374214962124824,0.5,25.3,0.0,20.0,False
env_odom_noise,0.031578947368421054,0.004801202261272809,0.3,0.12241257753380463,0.6191539286509644,-1.1160993596372182,0.780559646539028,0.9315169366715759,0.12084270986745216,1.2507425650954247,0.5,26.9,0.0,20.0,False
env_odom_noise,0.031578947368421054,0.010414058246057912,0.00010000000000000009,0.12439556401345213,0.725331582595534,-2.6151097356482507,0.6629692832764505,0.9266211604095563,0.04760955631399311,0.42124226316809654,0.8,25.625,0.0,20.0,True
env_odom_noise,0.031578947368421054,0.010414058246057912,0.00020706272838739032,0.12439556252918411,0.723197787038787,-2.639884838599903,0.6669505962521295,0.9318568994889267,0.038392504258943805,0.4149883795529604,0.8,25.6875,0.0,20.0,True
env_odom_noise,0.031578947368421054,0.010414058246057912,0.0004287497348723022,0.124395561991999,0.7232048501313716,-2.67335244109243,0.6814310051107325,0.934412265758092,0.021356729131175478,0.4250716917216778,0.8,25.6875,0.0,20.0,True
env_odom_noise,0.031578947368421054,0.010414058246057912,0.0008877808989802905,0.12439556047366382,0.7210422278561469,-2.714426707538687,0.6972789115646258,0.9455782312925171,0.02350068027210883,0.43285760655999184,0.8,25.75,0.0,20.0,True
env_odom_noise,0.031578947368421054,0.010414058246057912,0.001838263351530691,0.12429522370389881,0.7158742146073782,-2.7388291369642657,0.7170608108108109,0.9594594594594594,0.0393202702702703,0.42437796480953693,0.8,26.0,0.0,20.0,True
env_odom_noise,0.031578947368421054,0.010414058246057912,0.003806358250624933,0.12411520355708029,0.7137445376132294,-2.7207972707755648,0.7550335570469798,0.9697986577181208,0.08763221476510064,0.4324861757457256,0.75,25.4,0.0,20.0,True
env_odom_noise,0.031578947368421054,0.010414058246057912,0.00788154924594252,0.12370483162246125,0.704858020604622,-2.6272305239992586,0.7956810631229236,0.9759136212624585,0.13439468438538216,0.47252123802900314,0.75,25.8,0.0,20.0,True
env_odom_noise,0.031578947368421054,0.010414058246057912,0.01631975090784437,0.12365321311116557,0.6941668265249382,-2.4550456039963753,0.8311475409836065,0.9795081967213115,0.17345573770491807,0.5436070084571838,0.7,25.428571428571427,0.0,20.0,False
env_odom_noise,0.031578947368421054,0.010414058246057912,0.03379212149580846,0.12350442899959073,0.6757833364459296,-2.2134022047028687,0.8504,0.9816,0.19480000000000008,0.6510515235364437,0.65,25.53846153846154,0.0,20.0,False
env_odom_noise,0.031578947368421054,0.010414058246057912,0.0699708887492028,0.12323649701562202,0.6526122863906885,-1.9273033994225934,0.8599071207430341,0.9821981424148607,0.2049052631578948,0.821230948716402,0.55,25.0,0.0,20.0,False
env_odom_noise,0.031578947368421054,0.010414058246057912,0.14488363132100487,0.12265915283644734,0.6298769810320947,-1.6030924913507112,0.8641791044776119,0.9828358208955223,0.2098149253731343,1.0642969772219657,0.5,26.0,0.0,20.0,False
env_odom_noise,0.031578947368421054,0.010414058246057912,0.3,0.12206879051614042,0.613994401763351,-1.2461932977426373,0.8673469387755102,0.9832361516034985,0.2133830903790087,1.2841563276946544,0.5,27.6,0.0,20.0,False
env_odom_noise,0.031578947368421054,0.02258863577297737,0.00010000000000000009,0.12432926651957976,0.7145913197486908,-2.602102229728514,0.8190954773869347,0.9798994974874372,0.1617949748743719,0.4749054487794638,0.7,24.5,0.0,20.0,False
env_odom_noise,0.031578947368421054,0.02258863577297737,0.00020706272838739032,0.12432926691108337,0.712661008219822,-2.602958745599401,0.8235785953177257,0.9824414715719063,0.16882006688963203,0.4677218522876501,0.7,24.571428571428573,0.0,20.0,False
env_odom_noise,0.031578947368421054,0.02258863577297737,0.0004287497348723022,0.12432926683667946,0.7126682028948461,-2.6009371209993213,0.8277591973244147,0.9866220735785953,0.17718127090301006,0.47536243721842764,0.7,24.571428571428573,0.0,20.0,False
env_odom_noise,0.031578947368421054,0.02258863577297737,0.0008877808989802905,0.12432926624339267,0.7126827630259367,-2.5937524901285784,0.8311036789297659,0.9908026755852842,0.18470635451505013,0.49044059216976166,0.7,24.571428571428573,0.0,20.0,False
env_odom_noise,0.031578947368421054,0.02258863577297737,0.001838263351530691,0.12448461944705429,0.7127129532299102,-2.573366830816575,0.8472454090150251,0.9924874791318865,0.20253288814691162,0.5083247803151607,0.7,24.642857142857142,0.0,20.0,False
env_odom_noise,0.031578947368421054,0.02258863577297737,0.003806358250624933,0.12407579200781416,0.7074272636865704,-2.5253673865807142,0.8706467661691543,0.9933665008291874,0.2268132669983417,0.5195341091603041,0.7,24.928571428571427,0.0,20.0,False
env_odom_noise,0.031578947368421054,0.02258863577297737,0.00788154924594252,0.1238666640807051,0.6983681234394408,-2.427973452906544,0.896551724137931,0.9983579638752053,0.2577096880131363,0.5417656026780605,0.65,24.307692307692307,0.0,20.0,False
env_odom_noise,0.031578947368421054,0.02258863577297737,0.01631975090784437,0.12410436410503846,0.686471836955469,-2.2633555231969162,0.9230145867098866,0.9983792544570502,0.2841938411669368,0.6194344677031041,0.65,24.923076923076923,0.0,20.0,False
env_odom_noise,0.031578947368421054,0.02258863577297737,0.03379212149580846,0.1235896749771639,0.671384805200522,-2.048333178925086,0.9326465927099842,1.0,0.2954465927099842,0.7263986483216286,0.6,24.916666666666668,0.0,20.0,False
env_odom_noise,0.031578947368421054,0.02258863577297737,0.0699708887492028,0.12344430245143888,0.647781679489605,-1.7721690077810912,0.9385560675883257,1.0,0.30135606758832567,0.9145267724990844,0.55,25.454545454545453,0.0,20.0,False
env_odom_noise,0.031578947368421054,0.02258863577297737,0.14488363132100487,0.12272055121120838,0.6290422987680944,-1.4619029171369966,0.9420505200594353,1.0,0.30485052005943536,1.16903725117445,0.5,26.3,0.0,20.0,False
env_odom_noise,0.031578947368421054,0.02258863577297737,0.3,0.12212844180737305,0.610440440048387,-1.1105761725709529,0.9437229437229437,1.0,0.30652294372294375,1.3568451955914498,0.45,27.11111111111111,0.0,20.0,False
env_odom_noise,0.031578947368421054,0.04899592973540154,0.00010000000000000009,0.12409841961505662,0.6994004323073018,-2.213836832644081,0.9417077175697866,0.9958949096880131,0.30040262725779965,0.6377227611839771,0.65,24.307692307692307,0.0,20.0,False
env_odom_noise,0.031578947368421054,0.04899592973540154,0.00020706272838739032,0.12409841753544248,0.699403750817021,-2.210867266576887,0.9425287356321839,0.9958949096880131,0.30122364532019696,0.6404545806348324,0.65,24.307692307692307,0.0,20.0,False
env_odom_noise,0.031578947368421054,0.04899592973540154,0.0004287497348723022,0.12409841951573389,0.6994106171326989,-2.2047520390803585,0.9425287356321839,0.9958949096880131,0.30122364532019696,0.6460407644510269,0.65,24.307692307692307,0.0,20.0,False
env_odom_noise,0.031578947368421054,0.04899592973540154,0.0008877808989802905,0.123693670798252,0.6994247893034957,-2.193612114746444,0.9475409836065574,0.9959016393442623,0.3062426229508197,0.6471309192478657,0.65,24.384615384615383,0.0,20.0,False
env_odom_noise,0.031578947368421054,0.04899592973540154,0.001838263351530691,0.12369367066233496,0.6959913888086914,-2.169826673977876,0.9501633986928104,0.9959150326797386,0.308878431372549,0.6499576725065708,0.65,24.53846153846154,0.0,20.0,False
env_odom_noise,0.031578947368421054,0.04899592973540154,0.003806358250624933,0.12367741882053869,0.6939785238113447,-2.1242075667150577,0.9617263843648208,0.998371335504886,0.32289771986970683,0.6723549589514732,0.65,24.692307692307693,0.0,20.0,False
env_odom_noise,0.031578947368421054,0.04899592973540154,0.00788154924594252,0.1239141547636481,0.6889311164482265,-2.0409908850301144,0.9741100323624595,0.9983818770226537,0.3352919093851132,0.7030833944678306,0.6,23.833333333333332,0.0,20.0,False
env_odom_noise,0.031578947368421054,0.04899592973540154,0.01631975090784437,0.12380301727449507,0.6699664782347597,-1.9070016702466221,0.9793650793650793,0.9992063492063492,0.34137142857142855,0.7321359626948833,0.6,24.833333333333332,0.0,20.0,False
env_odom_noise,0.031578947368421054,0.04899592973540154,0.03379212149580846,0.12321614798451147,0.6642055186370478,-1.7207770776497047,0.986697965571205,1.0,0.34949796557120505,0.874819953739643,0.55,24.363636363636363,0.0,20.0,False
env_odom_noise,0.031578947368421054,0.04899592973540154,0.0699708887492028,0.12320063679351927,0.6412369338419075,-1.4724479050078123,0.9878603945371776,1.0,0.35066039453717757,1.069647592306137,0.55,26.181818181818183,0.0,20.0,False
env_odom_noise,0.031578947368421054,0.04899592973540154,0.14488363132100487,0.12229584409815496,0.6172261829556324,-1.1706519788140763,0.9897660818713451,1.0,0.3525660818713451,1.2971236869692802,0.5,27.4,0.0,20.0,False
env_odom_noise,0.031578947368421054,0.04899592973540154,0.3,0.1219973324778726,0.610313921074453,-0.8577417974376362,0.99,1.0,0.3528,1.479578536748886,0.45,27.88888888888889,0.0,20.0,False
env_odom_noise,0.031578947368421054,0.10627472835292812,0.00010000000000000009,0.12361220035216208,0.6760021420932002,-1.6532285760276397,0.9880952380952381,0.9992063492063492,0.35010158730158736,0.8792075783014297,0.6,24.833333333333332,0.0,20.0,False
env_odom_noise,0.031578947368421054,0.10627472835292812,0.00020706272838739032,0.12361220001606142,0.6760060760025278,-1.6511832441058831,0.9880952380952381,0.9992063492063492,0.35010158730158736,0.8812272667884826,0.6,24.833333333333332,0.0,20.0,False
env_odom_noise,0.031578947368421054,0.10627472835292812,0.0004287497348723022,0.12361220046379123,0.6760142802467637,-1.6469881187514948,0.9880952380952381,0.9992063492063492,0.35010158730158736,0.8853849068284034,0.6,24.833333333333332,0.0,20.0,False
env_odom_noise,0.031578947368421054,0.10627472835292812,0.0008877808989802905,0.12361219841689758,0.6698305964548635,-1.641098497566694,0.9881703470031545,0.999211356466877,0.3501817034700315,0.8583683043718338,0.6,25.166666666666668,0.0,20.0,False
env_odom_noise,0.031578947368421054,0.10627472835292812,0.001838263351530691,0.12361220073971058,0.669865545973035,-1.6238381148640983,0.9913249211356467,0.999211356466877,0.35333627760252373,0.8752659887075425,0.6,25.166666666666668,0.0,20.0,False
env_odom_noise,0.031578947368421054,0.10627472835292812,0.003806358250624933,0.1236121998960388,0.6681274256352581,-1.591480232687465,0.9921259842519685,0.9992125984251968,0.35413858267716536,0.8997276067733765,0.6,25.25,0.0,20.0,False
env_odom_noise,0.031578947368421054,0.10627472835292812,0.00788154924594252,0.12361219890422606,0.6633652052983336,-1.531475524967506,0.9937304075235109,1.0,0.35653040752351095,0.9307265035808087,0.55,24.272727272727273,0.0,20.0,False
env_odom_noise,0.031578947368421054,0.10627472835292812,0.01631975090784437,0.12333993340948758,0.6588442326408314,-1.435722960257787,0.9945736434108527,1.0,0.35737364341085276,0.9905542671680451,0.55,24.90909090909091,0.0,20.0,False
env_odom_noise,0.031578947368421054,0.10627472835292812,0.03379212149580846,0.12325468492527587,0.6425067732685484,-1.286095591369475,0.9984802431610942,1.0,0.3612802431610942,1.0946021422743797,0.55,26.09090909090909,0.0,20.0,False
env_odom_noise,0.031578947368421054,0.10627472835292812,0.0699708887492028,0.12230795687672599,0.6289539689845322,-1.083043635081354,0.9985228951255539,1.0,0.36132289512555393,1.2855351135134696,0.5,26.7,0.0,20.0,False
env_odom_noise,0.031578947368421054,0.10627472835292812,0.14488363132100487,0.12171695745022323,0.6090521636466761,-0.8165623973520986,1.0,1.0,0.3628,1.5003155007958413,0.45,27.88888888888889,0.0,20.0,False
env_odom_noise,0.031578947368421054,0.10627472835292812,0.3,0.12195338087903027,0.6076982177383281,-0.5232663199756132,1.0,1.0,0.3628,1.6946820721030236,0.4,27.625,0.0,20.0,False
env_odom_noise,0.031578947368421054,0.23051543153651136,0.00010000000000000009,0.12379929145841853,0.6393530520829954,-1.009788469692087,0.9962178517397882,1.0,0.3590178517397882,1.3102571651339532,0.55,26.363636363636363,0.0,20.0,False
env_odom_noise,0.031578947368421054,0.23051543153651136,0.00020706272838739032,0.12379929129208823,0.6393567274143463,-1.0086462658378155,0.9962178517397882,1.0,0.3590178517397882,1.3117856934666634,0.55,26.363636363636363,0.0,20.0,False
env_odom_noise,0.031578947368421054,0.23051543153651136,0.0004287497348723022,0.1237235055354895,0.637978997879301,-1.0075600829138194,0.9962292609351433,1.0,0.3590292609351433,1.2982733026146889,0.55,26.545454545454547,0.0,20.0,False
env_odom_noise,0.031578947368421054,0.23051543153651136,0.0008877808989802905,0.12346846934958873,0.6379942705875761,-1.003431175931556,0.9962349397590361,1.0,0.3590349397590361,1.2963651314377784,0.55,26.636363636363637,0.0,20.0,False
env_odom_noise,0.031578947368421054,0.23051543153651136,0.001838263351530691,0.12316626678636754,0.6380259661840241,-0.9943967692923761,0.9962406015037594,1.0,0.3590406015037594,1.3022096388041973,0.55,26.727272727272727,0.0,20.0,False
env_odom_noise,0.031578947368421054,0.23051543153651136,0.003806358250624933,0.122912317945614,0.6380906988562408,-0.9758682928174682,0.9962462462462462,1.0,0.35904624624624626,1.3205687776207924,0.55,26.818181818181817,0.0,20.0,False
env_odom_noise,0.031578947368421054,0.23051543153651136,0.00788154924594252,0.12298588342038164,0.6349180825933947,-0.9412200372542742,0.9970149253731343,1.0,0.3598149253731343,1.3433049410581588,0.55,27.181818181818183,0.0,20.0,False
env_odom_noise,0.031578947368421054,0.23051543153651136,0.01631975090784437,0.12283205891774451,0.6287897571600923,-0.8786595813633734,0.9985207100591716,1.0,0.36132071005917166,1.3981021448969841,0.55,27.727272727272727,0.0,20.0,False
env_odom_noise,0.031578947368421054,0.23051543153651136,0.03379212149580846,0.12187036816085564,0.6180782832492505,-0.7749167205912315,0.9985507246376811,1.0,0.36135072463768114,1.4788015007972717,0.5,28.0,0.0,20.0,False
env_odom_noise,0.031578947368421054,0.23051543153651136,0.0699708887492028,0.12185223187370689,0.6051836891214786,-0.6154981908857451,0.9992927864214993,1.0,0.36209278642149934,1.6610621489584445,0.45,28.666666666666668,0.0,20.0,False
env_odom_noise,0.031578947368421054,0.23051543153651136,0.14488363132100487,0.12203301044853121,0.599441905928156,-0.4002189995584339,1.0,1.0,0.3628,1.846913957595825,0.4,29.375,0.0,20.0,False
env_odom_noise,0.031578947368421054,0.23051543153651136,0.3,0.1224926794634515,0.5962640481072582,-0.12911186438318467,1.0,1.0,0.3628,2.005744456499815,0.4,30.25,0.0,20.0,False
env_odom_noise,0.031578947368421054,0.5,0.00010000000000000009,0.12205511366775884,0.5992325759523347,-0.3365586772915503,0.9993084370677732,1.0,0.3621084370677732,1.9698711827397346,0.4,29.375,0.0,20.0,False
env_odom_noise,0.031578947368421054,0.5,0.00020706272838739032,0.12205511448023541,0.5992356800563473,-0.335977021840818,0.9993084370677732,1.0,0.3621084370677732,1.9710613444447518,0.4,29.375,0.0,20.0,False
env_odom_noise,0.031578947368421054,0.5,0.0004287497348723022,0.12205511274148394,0.5992421745368958,-0.33477605334034277,0.9993084370677732,1.0,0.3621084370677732,1.9735217094421387,0.4,29.375,0.0,20.0,False
env_odom_noise,0.031578947368421054,0.5,0.0008877808989802905,0.12205511129964224,0.5992553134133393,-0.3323038983213419,0.9993084370677732,1.0,0.3621084370677732,1.978602609038353,0.4,29.375,0.0,20.0,False
env_odom_noise,0.031578947368421054,0.5,0.001838263351530691,0.1220551110247287,0.598127038858697,-0.3276384247794468,0.9993093922651933,1.0,0.36210939226519334,1.9827071636915208,0.4,29.5,0.0,20.0,False
env_odom_noise,0.031578947368421054,0.5,0.003806358250624933,0.12205511353511653,0.5968205852412755,-0.3178491645637334,0.9993103448275862,1.0,0.3621103448275862,1.9976216211915017,0.4,29.625,0.0,20.0,False
env_odom_noise,0.031578947368421054,0.5,0.00788154924594252,0.12205511483248291,0.5941631913498752,-0.29824157807224294,0.9993122420907841,1.0,0.3621122420907841,2.0286721885204315,0.4,29.875,0.0,20.0,False
env_odom_noise,0.031578947368421054,0.5,0.01631975090784437,0.12209089335562381,0.5909133198713096,-0.26249544094463867,1.0,1.0,0.3628,2.0736445054411887,0.4,30.75,0.0,20.0,False
env_odom_noise,0.031578947368421054,0.5,0.03379212149580846,0.1224848215666571,0.5836868534141992,-0.1953530256242306,1.0,1.0,0.3628,2.1540302276611327,0.4,32.625,0.0,20.0,False
env_odom_noise,0.031578947368421054,0.5,0.0699708887492028,0.12238431243003284,0.5813495919237696,-0.08159381111357343,1.0,1.0,0.3628,2.309876744449139,0.3,31.5,0.0,20.0,False
env_odom_noise,0.031578947368421054,0.5,0.14488363132100487,0.12251320700384631,0.5781673375267596,0.0832444397647201,1.0,1.0,0.3628,2.4240656718611717,0.3,32.666666666666664,0.0,20.0,False
env_odom_noise,0.031578947368421054,0.5,0.3,0.12251320837801923,0.5755212920021561,0.30630532818317213,1.0,1.0,0.3628,2.5029255010187628,0.3,33.166666666666664,0.0,20.0,False
env_odom_noise,0.039473684210526314,0.00010000000000000009,0.00010000000000000009,0.12499573482532417,0.7649397387235368,65.17994467785645,0.15646853146853146,0.26223776223776224,1.2184937062937062,0.40274105295538903,0.9,26.333333333333332,0.0,20.0,False
env_odom_noise,0.039473684210526314,0.00010000000000000009,0.00020706272838739032,0.1249957353628708,0.7649398917771464,54.79622211021165,0.17220279720279721,0.2893356643356643,1.1756615384615385,0.40334189012646676,0.9,26.333333333333332,0.0,20.0,False
env_odom_noise,0.039473684210526314,0.00010000000000000009,0.0004287497348723022,0.12499573578610539,0.7649393517994576,48.641166761722864,0.21066433566433568,0.34527972027972026,1.081255944055944,0.41191544830799104,0.9,26.333333333333332,0.0,20.0,False
env_odom_noise,0.039473684210526314,0.00010000000000000009,0.0008877808989802905,0.1249957350148608,0.7649488821925962,45.38847698702462,0.24562937062937062,0.41083916083916083,0.9807314685314685,0.4361377328634262,0.9,26.333333333333332,0.0,20.0,False
env_odom_noise,0.039473684210526314,0.00010000000000000009,0.001838263351530691,0.12474138365759849,0.7572504779304265,43.464763564903826,0.3076256499133449,0.4679376083188908,0.8616367417677643,0.4145346339792013,0.85,25.88235294117647,0.0,20.0,False
env_odom_noise,0.039473684210526314,0.00010000000000000009,0.003806358250624933,0.12480202410277158,0.7460801267530004,42.479175335607096,0.3767123287671233,0.5402397260273972,0.7202479452054795,0.4126145740039647,0.85,26.294117647058822,0.0,20.0,False
env_odom_noise,0.039473684210526314,0.00010000000000000009,0.00788154924594252,0.12424213374905803,0.7386430951028488,41.93604894279201,0.44322033898305085,0.5771186440677966,0.6168610169491526,0.45011580307036636,0.8,25.875,0.0,20.0,False
env_odom_noise,0.039473684210526314,0.00010000000000000009,0.01631975090784437,0.12409704396307214,0.7286116659995316,41.6842523399281,0.511686143572621,0.5976627712854758,0.5278510851419032,0.5188591435551644,0.75,25.6,0.0,20.0,False
env_odom_noise,0.039473684210526314,0.00010000000000000009,0.03379212149580846,0.12388659180348884,0.70822658814789,41.3398256263964,0.5453808752025932,0.6021069692058347,0.4897121555915721,0.5984092131257057,0.7,25.928571428571427,0.0,20.0,False
env_odom_noise,0.039473684210526314,0.00010000000000000009,0.0699708887492028,0.1237719608527237,0.6811276366432244,40.74435729215549,0.568075117370892,0.6118935837245696,0.4572312989045384,0.7569411501288414,0.6,25.583333333333332,0.0,20.0,False
env_odom_noise,0.039473684210526314,0.00010000000000000009,0.14488363132100487,0.12323102562055475,0.664226796645652,40.410147911432276,0.5729483282674772,0.6139817629179332,0.4502699088145896,1.0238900020718575,0.5,24.8,0.0,20.0,False
env_odom_noise,0.039473684210526314,0.00010000000000000009,0.3,0.12259932694055041,0.6448755442721358,39.83012573814399,0.5806213017751479,0.6198224852071006,0.43675621301775147,1.2307868286967278,0.5,26.6,0.0,20.0,False
env_odom_noise,0.039473684210526314,0.00021690521830457365,0.00010000000000000009,0.12499573482532417,0.7649397387235368,34.15845920384469,0.18181818181818182,0.30244755244755245,1.1529342657342658,0.40274105295538903,0.9,26.333333333333332,0.0,20.0,False
env_odom_noise,0.039473684210526314,0.00021690521830457365,0.00020706272838739032,0.12499573542729475,0.7649399405888734,27.068050646254612,0.20017482517482518,0.3347902097902098,1.102234965034965,0.4035030514001846,0.9,26.333333333333332,0.0,20.0,False
env_odom_noise,0.039473684210526314,0.00021690521830457365,0.0004287497348723022,0.12499573585310873,0.7649390812505051,22.28454386413534,0.23776223776223776,0.38548951048951047,1.0139482517482516,0.4125754967331886,0.9,26.333333333333332,0.0,20.0,False
env_odom_noise,0.039473684210526314,0.00021690521830457365,0.0008877808989802905,0.12499573563932405,0.7649509786131261,19.500077430075528,0.2692307692307692,0.44405594405594406,0.9239132867132867,0.43713527321815493,0.9,26.333333333333332,0.0,20.0,False
env_odom_noise,0.039473684210526314,0.00021690521830457365,0.001838263351530691,0.12480202420801205,0.7572536020957552,17.95667353019312,0.328719723183391,0.5008650519031141,0.8076152249134949,0.40425740629434587,0.85,25.941176470588236,0.0,20.0,False
env_odom_noise,0.039473684210526314,0.00021690521830457365,0.003806358250624933,0.12480202487173492,0.7460845404019512,17.183724721245213,0.3955479452054795,0.5702054794520548,0.6714465753424657,0.41351319923996926,0.85,26.294117647058822,0.0,20.0,False
env_odom_noise,0.039473684210526314,0.00021690521830457365,0.00788154924594252,0.12424213536047145,0.7386462980356532,16.873999194239612,0.461864406779661,0.6076271186440678,0.5677084745762712,0.450807586684823,0.8,25.875,0.0,20.0,False
env_odom_noise,0.039473684210526314,0.00021690521830457365,0.01631975090784437,0.1240970438746613,0.7286141633785858,16.82477130597043,0.5300500834724541,0.6268781302170284,0.4802717863105175,0.5193650692701339,0.75,25.6,0.0,20.0,False
env_odom_noise,0.039473684210526314,0.00021690521830457365,0.03379212149580846,0.12388659463089675,0.7082284881154493,16.799054616797257,0.5648298217179902,0.6312803889789304,0.4410897893030794,0.598778834939003,0.7,25.928571428571427,0.0,20.0,False
env_odom_noise,0.039473684210526314,0.00021690521830457365,0.0699708887492028,0.12377196191875481,0.6811292153353269,16.701600559754404,0.5876369327073553,0.6408450704225352,0.40871799687010946,0.7572128213942051,0.6,25.583333333333332,0.0,20.0,False
env_odom_noise,0.039473684210526314,0.00021690521830457365,0.14488363132100487,0.12323102283202228,0.664227926915294,16.73014961298885,0.5927051671732523,0.6428571428571429,0.4016376899696048,1.0240557849407197,0.5,24.8,0.0,20.0,False
env_odom_noise,0.039473684210526314,0.00021690521830457365,0.3,0.12259932779505708,0.6448762095156074,16.673367842178106,0.6005917159763313,0.6479289940828402,0.38867928994082845,1.230873729288578,0.5,26.6,0.0,20.0,False
env_odom_noise,0.039473684210526314,0.00047047873727754753,0.00010000000000000009,0.12499573482532417,0.7649397387235368,16.943179686741324,0.2194055944055944,0.3715034965034965,1.0462909090909092,0.40274105295538903,0.9,26.333333333333332,0.0,20.0,False
env_odom_noise,0.039473684210526314,0.00047047873727754753,0.00020706272838739032,0.12499573480153942,0.764939890754595,12.889177640979707,0.23601398601398602,0.4012237762237762,0.9999622377622378,0.4040135994553566,0.9,26.333333333333332,0.0,20.0,False
env_odom_noise,0.039473684210526314,0.00047047873727754753,0.0004287497348723022,0.12499573411361738,0.7649386322716355,9.677713707110584,0.2692307692307692,0.4519230769230769,0.9160461538461537,0.41414720118045806,0.9,26.333333333333332,0.0,20.0,False
env_odom_noise,0.039473684210526314,0.00047047873727754753,0.0008877808989802905,0.12499573400842187,0.7649555151360464,7.550508548917857,0.30332167832167833,0.5061188811188811,0.8277594405594405,0.43925878778100014,0.9,26.333333333333332,0.0,20.0,False
env_odom_noise,0.039473684210526314,0.00047047873727754753,0.001838263351530691,0.12480202571409692,0.7572603220062947,6.30483931069984,0.35899653979238755,0.5640138408304498,0.7141896193771626,0.4062441322952509,0.85,25.941176470588236,0.0,20.0,False
env_odom_noise,0.039473684210526314,0.00047047873727754753,0.003806358250624933,0.12480202339552662,0.7460938127862649,5.712523880582555,0.4263698630136986,0.6267123287671232,0.5841178082191781,0.4154743664432317,0.85,26.294117647058822,0.0,20.0,False
env_odom_noise,0.039473684210526314,0.00047047873727754753,0.00788154924594252,0.12424213405675345,0.738653298845541,5.520412613099648,0.4923728813559322,0.6627118644067796,0.4821152542372881,0.4411264156922698,0.75,25.0,0.0,20.0,False
env_odom_noise,0.039473684210526314,0.00047047873727754753,0.01631975090784437,0.1240970445972745,0.7286196904440285,5.565260683987449,0.5567612687813022,0.6803005008347245,0.40013823038397334,0.5204597368836403,0.75,25.6,0.0,20.0,False
env_odom_noise,0.039473684210526314,0.00047047873727754753,0.03379212149580846,0.12388659413351154,0.7082328710054613,5.6845618047795945,0.5915721231766613,0.6847649918962723,0.3608628849270664,0.5995797231793404,0.7,25.928571428571427,0.0,20.0,False
env_odom_noise,0.039473684210526314,0.00047047873727754753,0.0699708887492028,0.12377196183742718,0.6811324418983319,5.812841488308326,0.6134585289514867,0.6932707355242567,0.33047073552425665,0.7578019395470619,0.6,25.583333333333332,0.0,20.0,False
env_odom_noise,0.039473684210526314,0.00047047873727754753,0.14488363132100487,0.12323102453910612,0.6642303869389156,6.007234470328702,0.6185410334346505,0.6945288753799392,0.32413009118541025,1.0244153402745724,0.5,24.8,0.0,20.0,False
env_odom_noise,0.039473684210526314,0.00047047873727754753,0.3,0.12259932718956615,0.6448777300307162,6.188874221358771,0.6257396449704142,0.7004437869822485,0.31101656804733724,1.2310616448521614,0.5,26.6,0.0,20.0,False
env_odom_noise,0.039473684210526314,0.001020492932168466,0.00010000000000000009,0.12499573482532417,0.7649397291813766,7.001362411963544,0.27884615384615385,0.47115384615384615,0.8872,0.40279488936066626,0.9,26.333333333333332,0.0,20.0,False
env_odom_noise,0.039473684210526314,0.001020492932168466,0.00020706272838739032,0.12499573474125547,0.7649399046965337,5.129206753911933,0.2937062937062937,0.4973776223776224,0.846116083916084,0.4058398865163326,0.9,26.333333333333332,0.0,20.0,False
env_odom_noise,0.039473684210526314,0.001020492932168466,0.0004287497348723022,0.1249957351108419,0.7649401228957552,3.3392067489720985,0.31993006993006995,0.5375874125874126,0.7796825174825175,0.4182381398975849,0.9,26.333333333333332,0.0,20.0,False
env_odom_noise,0.039473684210526314,0.001020492932168466,0.0008877808989802905,0.1249957341996948,0.7613579974556034,1.937740850990895,0.35365853658536583,0.5801393728222997,0.7034020905923345,0.42386362375691533,0.9,26.444444444444443,0.0,20.0,False
env_odom_noise,0.039473684210526314,0.001020492932168466,0.001838263351530691,0.12480202411610505,0.7549985459221884,1.0356694289940171,0.40414507772020725,0.6381692573402418,0.594885664939551,0.3996531322598457,0.85,26.0,0.0,20.0,False
env_odom_noise,0.039473684210526314,0.001020492932168466,0.003806358250624933,0.12480202560185366,0.7461133857300525,0.6060884619319797,0.4657534246575342,0.6943493150684932,0.4770972602739726,0.41972243366762996,0.85,26.294117647058822,0.0,20.0,False
env_odom_noise,0.039473684210526314,0.001020492932168466,0.00788154924594252,0.12424213270323212,0.7372435193385846,0.48206759810984046,0.5313028764805414,0.7292724196277496,0.376624703891709,0.4341163011267781,0.75,25.066666666666666,0.0,20.0,False
env_odom_noise,0.039473684210526314,0.001020492932168466,0.01631975090784437,0.12409704599332277,0.7286318395044191,0.5767477711543639,0.5934891485809682,0.7437395659432388,0.299971285475793,0.5228209182620048,0.75,25.6,0.0,20.0,False
env_odom_noise,0.039473684210526314,0.001020492932168466,0.03379212149580846,0.12388659411048675,0.7082423932943335,0.7608188561432007,0.6280388978930308,0.747163695299838,0.26199740680713124,0.601311768591404,0.7,25.928571428571427,0.0,20.0,False
env_odom_noise,0.039473684210526314,0.001020492932168466,0.0699708887492028,0.12377196065162632,0.6811395852864579,0.9889714534020124,0.647887323943662,0.7535211267605634,0.23579154929577462,0.7590776652097702,0.6,25.583333333333332,0.0,20.0,False
env_odom_noise,0.039473684210526314,0.001020492932168466,0.14488363132100487,0.12323102418608765,0.6642357542449333,1.2581907019315146,0.6527355623100304,0.7537993920972644,0.23066504559270518,1.0251944676041602,0.5,24.8,0.0,20.0,False
env_odom_noise,0.039473684210526314,0.001020492932168466,0.3,0.12259932738742332,0.6448810024000873,1.546815752094735,0.6605029585798816,0.7581360946745562,0.21856094674556215,1.2314689710736275,0.5,26.6,0.0,20.0,False
env_odom_noise,0.039473684210526314,0.0022135024223027535,0.00010000000000000009,0.12499573515399949,0.7649403547176381,1.4750530940441648,0.36013986013986016,0.6188811188811189,0.658179020979021,0.407465323805809,0.9,26.333333333333332,0.0,20.0,False
env_odom_noise,0.039473684210526314,0.0022135024223027535,0.00020706272838739032,0.12499573448312233,0.7649488824051148,0.7963312298137079,0.3732517482517482,0.6346153846153846,0.6293328671328672,0.4155593730509281,0.9,26.333333333333332,0.0,20.0,False
env_odom_noise,0.039473684210526314,0.0022135024223027535,0.0004287497348723022,0.1249957350008841,0.7649710442387371,0.0032190630558663427,0.3916083916083916,0.6617132867132867,0.5838783216783217,0.430845108628273,0.9,26.333333333333332,0.0,20.0,False
env_odom_noise,0.039473684210526314,0.0022135024223027535,0.0008877808989802905,0.124995734813087,0.7614048091210162,-0.7394142289509325,0.41986062717770034,0.6942508710801394,0.5230885017421603,0.435449976567179,0.9,26.444444444444443,0.0,20.0,False
env_odom_noise,0.039473684210526314,0.0022135024223027535,0.001838263351530691,0.12480202464432631,0.753329811907872,-1.2964645598537772,0.4724137931034483,0.7439655172413793,0.42082068965517244,0.40001977011561396,0.85,26.058823529411764,0.0,20.0,False
env_odom_noise,0.039473684210526314,0.0022135024223027535,0.003806358250624933,0.12480202315682802,0.743907893729016,-1.5793337670952161,0.5247863247863248,0.7931623931623931,0.31925128205128206,0.4171106225810945,0.85,26.352941176470587,0.0,20.0,False
env_odom_noise,0.039473684210526314,0.0022135024223027535,0.00788154924594252,0.12424213266143803,0.7372751057036507,-1.6344528369736264,0.5862944162436549,0.8189509306260575,0.23195465313028762,0.4409555811434984,0.75,25.066666666666666,0.0,20.0,False
env_odom_noise,0.039473684210526314,0.0022135024223027535,0.01631975090784437,0.12388422638028565,0.7265804683906262,-1.5269106698747268,0.6472545757071547,0.8327787021630616,0.15716672212978366,0.5088756263256073,0.75,25.733333333333334,0.0,20.0,False
env_odom_noise,0.039473684210526314,0.0022135024223027535,0.03379212149580846,0.12388659148234132,0.7082630426262657,-1.3070395635566974,0.6790923824959482,0.8354943273905997,0.12261329011345212,0.6050480619072914,0.7,25.928571428571427,0.0,20.0,True
env_odom_noise,0.039473684210526314,0.0022135024223027535,0.0699708887492028,0.1237719631325911,0.6811549995680329,-1.037742833351118,0.6979655712050078,0.8403755868544601,0.12938998435054772,0.7618377022445202,0.6,25.583333333333332,0.0,20.0,False
env_odom_noise,0.039473684210526314,0.0022135024223027535,0.14488363132100487,0.12323102462463467,0.6642472253179985,-0.7361567115636194,0.7013677811550152,0.8427051671732523,0.13046261398176295,1.0268819138407708,0.5,24.8,0.0,20.0,False
env_odom_noise,0.039473684210526314,0.0022135024223027535,0.3,0.12259932835510085,0.6448880681158129,-0.4014157683724935,0.7085798816568047,0.8461538461538461,0.13422603550295864,1.2323518082499505,0.5,26.6,0.0,20.0,False
env_odom_noise,0.039473684210526314,0.004801202261272809,0.00010000000000000009,0.12452113765881104,0.760625980097501,-1.2301208658775327,0.4844290657439446,0.7716262975778547,0.38114463667820064,0.4044844969175756,0.85,25.941176470588236,0.0,20.0,False
env_odom_noise,0.039473684210526314,0.004801202261272809,0.00020706272838739032,0.12452113743497886,0.7582934769659092,-1.4308707612080667,0.49568221070811747,0.7841105354058722,0.35740725388601036,0.39848116915673015,0.85,26.0,0.0,20.0,False
env_odom_noise,0.039473684210526314,0.004801202261272809,0.0004287497348723022,0.12452113903549099,0.7540405029857721,-1.7100610135319976,0.5103270223752151,0.7986230636833046,0.3282499139414803,0.38750651348382237,0.85,26.11764705882353,0.0,20.0,False
env_odom_noise,0.039473684210526314,0.004801202261272809,0.0008877808989802905,0.12458212511498486,0.7505412371922895,-2.0158693274012616,0.535958904109589,0.821917808219178,0.27932328767123293,0.3792788051068783,0.85,26.294117647058822,0.0,20.0,False
env_odom_noise,0.039473684210526314,0.004801202261272809,0.001838263351530691,0.12458212438586622,0.7469122408709615,-2.273957536098246,0.5708191126279863,0.8575085324232082,0.2088723549488054,0.40291907973587515,0.85,26.41176470588235,0.0,20.0,False
env_odom_noise,0.039473684210526314,0.004801202261272809,0.003806358250624933,0.12458212647376933,0.7411339117868131,-2.4118706621275616,0.6171477079796265,0.8947368421052632,0.12531544991511034,0.4187246039509773,0.8,25.8125,0.0,20.0,True
env_odom_noise,0.039473684210526314,0.004801202261272809,0.00788154924594252,0.12388579998993195,0.7376681543914291,-2.4186393861016207,0.674496644295302,0.9119127516778524,0.050790604026845654,0.44062526151537895,0.75,25.4,0.0,20.0,True
env_odom_noise,0.039473684210526314,0.004801202261272809,0.01631975090784437,0.12367516899935489,0.719799168239503,-2.2873772846464466,0.7306425041186162,0.9225700164744646,0.07987248764415167,0.4987367480993271,0.75,26.133333333333333,0.0,20.0,True
env_odom_noise,0.039473684210526314,0.004801202261272809,0.03379212149580846,0.12368105231556249,0.706782404021754,-2.060115883199128,0.7564516129032258,0.9241935483870968,0.10405806451612909,0.6237651631236076,0.7,26.142857142857142,0.0,20.0,True
env_odom_noise,0.039473684210526314,0.004801202261272809,0.0699708887492028,0.12340872340954777,0.6815342146794507,-1.7849044472910705,0.7710280373831776,0.927570093457944,0.1152579439252337,0.7713324807584285,0.55,24.636363636363637,0.0,20.0,False
env_odom_noise,0.039473684210526314,0.004801202261272809,0.14488363132100487,0.1230795620262804,0.661382955900353,-1.4649781426299415,0.7745098039215687,0.9298642533936652,0.11644555052790351,1.0393322631716728,0.5,25.3,0.0,20.0,False
env_odom_noise,0.039473684210526314,0.004801202261272809,0.3,0.12241257881866971,0.6437720094791358,-1.1134297367577635,0.780559646539028,0.9315169366715759,0.12084270986745216,1.252336148917675,0.5,26.9,0.0,20.0,False
env_odom_noise,0.039473684210526314,0.010414058246057912,0.00010000000000000009,0.12439556266127517,0.7474852367855436,-2.29270825206854,0.6439522998296422,0.9011925042589438,0.09205519591141398,0.4145117003470659,0.8,25.6875,0.0,20.0,True
env_odom_noise,0.039473684210526314,0.010414058246057912,0.00020706272838739032,0.12439556222937398,0.7474918238014,-2.333578637490735,0.6465076660988075,0.9088586030664395,0.08183373083475298,0.4195754423737526,0.8,25.6875,0.0,20.0,True
env_odom_noise,0.039473684210526314,0.010414058246057912,0.0004287497348723022,0.12439556270908304,0.7460514731072657,-2.396868731483014,0.6539115646258503,0.9149659863945578,0.06832244897959183,0.4266023740172386,0.8,25.75,0.0,20.0,True
env_odom_noise,0.039473684210526314,0.010414058246057912,0.0008877808989802905,0.12429522528966791,0.7438430034054552,-2.4879082230664213,0.6711864406779661,0.9330508474576271,0.0329627118644068,0.419287733733654,0.8,25.875,0.0,20.0,True
env_odom_noise,0.039473684210526314,0.010414058246057912,0.001838263351530691,0.1242952254162237,0.7402619951697407,-2.566604869116378,0.6976351351351351,0.9459459459459459,0.023489189189189186,0.42879162523895503,0.8,26.0,0.0,20.0,True
env_odom_noise,0.039473684210526314,0.010414058246057912,0.003806358250624933,0.12411520351939676,0.7380454250506238,-2.604880971264382,0.7265100671140939,0.9664429530201343,0.055753020134228226,0.4366950437426567,0.75,25.4,0.0,20.0,True
env_odom_noise,0.039473684210526314,0.010414058246057912,0.00788154924594252,0.12370483094037446,0.7291772089280711,-2.5564765251402775,0.7790697674418605,0.9717607973421927,0.1136305647840532,0.47661337032914164,0.75,25.8,0.0,20.0,True
env_odom_noise,0.039473684210526314,0.010414058246057912,0.01631975090784437,0.1236532117288078,0.7185297893578843,-2.415413581070729,0.8245901639344262,0.978688524590164,0.16607868852459018,0.5476250641047955,0.7,25.428571428571427,0.0,20.0,False
env_odom_noise,0.039473684210526314,0.010414058246057912,0.03379212149580846,0.12350443061329833,0.7001789404200325,-2.192545989064283,0.8464,0.98,0.18920000000000003,0.654149591177702,0.65,25.53846153846154,0.0,20.0,False
env_odom_noise,0.039473684210526314,0.010414058246057912,0.0699708887492028,0.12323649758547228,0.6769667444990082,-1.9165214379514128,0.858359133126935,0.9821981424148607,0.20335727554179572,0.8234193049371242,0.55,25.0,0.0,20.0,False
env_odom_noise,0.039473684210526314,0.010414058246057912,0.14488363132100487,0.12265915439016757,0.6557006621380173,-1.6006913100755893,0.8624813153961136,0.9828101644245142,0.2080914798206278,1.0703102253377437,0.5,25.9,0.0,20.0,False
env_odom_noise,0.039473684210526314,0.010414058246057912,0.3,0.12206878901806169,0.6372576878419999,-1.2394421922442744,0.8675400291120815,0.9832605531295487,0.21360058224163025,1.2814486287534237,0.5,27.7,0.0,20.0,False
env_odom_noise,0.039473684210526314,0.02258863577297737,0.00010000000000000009,0.12432926795490273,0.7391318676435887,-2.445531908954683,0.7914572864321608,0.9715242881072027,0.12578157453936356,0.4793683707714081,0.7,24.5,0.0,20.0,True
env_odom_noise,0.039473684210526314,0.02258863577297737,0.00020706272838739032,0.1243292677784218,0.7391375994511512,-2.4497426843324535,0.7948073701842546,0.9715242881072027,0.12913165829145734,0.4830658357590437,0.7,24.5,0.0,20.0,True
env_odom_noise,0.039473684210526314,0.02258863577297737,0.0004287497348723022,0.12432926594350316,0.7372567959070299,-2.457442343366505,0.8010033444816054,0.9732441471571907,0.13704749163879604,0.4797621835023165,0.7,24.571428571428573,0.0,20.0,True
env_odom_noise,0.039473684210526314,0.02258863577297737,0.0008877808989802905,0.12432926544842335,0.7372812780685998,-2.4646982003893063,0.8110367892976589,0.9790969899665551,0.15293377926421403,0.4946905367076397,0.7,24.571428571428573,0.0,20.0,False
env_odom_noise,0.039473684210526314,0.02258863577297737,0.001838263351530691,0.12448462192171982,0.7356102516993264,-2.466173008493836,0.8208333333333333,0.9875,0.17113333333333336,0.5024145670235157,0.7,24.714285714285715,0.0,20.0,False
env_odom_noise,0.039473684210526314,0.02258863577297737,0.003806358250624933,0.12448462337106231,0.7300090292379505,-2.442810123978972,0.8490878938640133,0.9908789386401327,0.20276683250414596,0.5223580528050661,0.7,24.928571428571427,0.0,20.0,False
env_odom_noise,0.039473684210526314,0.02258863577297737,0.00788154924594252,0.12386666433347526,0.7265881953251041,-2.3726701493852453,0.8830313014827018,0.9934102141680395,0.23924151565074137,0.5657866254448891,0.65,24.153846153846153,0.0,20.0,False
env_odom_noise,0.039473684210526314,0.02258863577297737,0.01631975090784437,0.12410436255208922,0.7111423508492273,-2.229295479737631,0.9149108589951378,0.9975688816855753,0.27527974068071315,0.6235310889780521,0.65,24.923076923076923,0.0,20.0,False
env_odom_noise,0.039473684210526314,0.02258863577297737,0.03379212149580846,0.12358967641813673,0.6959490809859583,-2.0292217705183377,0.9270998415213946,0.9984152139461173,0.2883150554675119,0.7292199619114399,0.6,24.916666666666668,0.0,20.0,False
env_odom_noise,0.039473684210526314,0.02258863577297737,0.0699708887492028,0.12331217012261428,0.6709592287035208,-1.7645837018408028,0.9372128637059725,1.0,0.30001286370597247,0.8995793640613556,0.55,25.636363636363637,0.0,20.0,False
env_odom_noise,0.039473684210526314,0.02258863577297737,0.14488363132100487,0.1227205518559144,0.6537351877585625,-1.4566301734137985,0.9405646359583952,1.0,0.30336463595839525,1.1707443810999394,0.5,26.3,0.0,20.0,False
env_odom_noise,0.039473684210526314,0.02258863577297737,0.3,0.12212844119597971,0.6351332997957546,-1.1079490924146094,0.9437229437229437,1.0,0.30652294372294375,1.3582984387874604,0.45,27.11111111111111,0.0,20.0,False
env_odom_noise,0.039473684210526314,0.04899592973540154,0.00010000000000000009,0.12409842068526582,0.724367735655186,-2.138582675831367,0.9195402298850575,0.9917898193760263,0.27413004926108375,0.6420207291841507,0.65,24.307692307692307,0.0,20.0,False
env_odom_noise,0.039473684210526314,0.04899592973540154,0.00020706272838739032,0.1240984188528112,0.724372749147823,-2.136692430960366,0.9195402298850575,0.9917898193760263,0.27413004926108375,0.6447192423045636,0.65,24.307692307692307,0.0,20.0,False
env_odom_noise,0.039473684210526314,0.04899592973540154,0.0004287497348723022,0.12409841797439049,0.7243827772928276,-2.132691594893436,0.9220032840722496,0.9917898193760263,0.2765931034482759,0.6502405926585197,0.65,24.307692307692307,0.0,20.0,False
env_odom_noise,0.039473684210526314,0.04899592973540154,0.0008877808989802905,0.12409841863549695,0.7244039345861475,-2.124129196608017,0.9261083743842364,0.9917898193760263,0.2806981937602627,0.6614055246114731,0.65,24.307692307692307,0.0,20.0,False
env_odom_noise,0.039473684210526314,0.04899592973540154,0.001838263351530691,0.1236936737966863,0.723066985848961,-2.107104914159082,0.9378068739770867,0.9934533551554828,0.2940602291325696,0.6645770881325006,0.65,24.46153846153846,0.0,20.0,False
env_odom_noise,0.039473684210526314,0.04899592973540154,0.003806358250624933,0.12367741913874483,0.7189251974176925,-2.0728465033108785,0.9478827361563518,0.994299674267101,0.30498241042345275,0.6760653920471669,0.65,24.692307692307693,0.0,20.0,False
env_odom_noise,0.039473684210526314,0.04899592973540154,0.00788154924594252,0.12391415461696895,0.71390907960894,-2.001882272820964,0.9619741100323624,0.9959546925566343,0.3207288025889967,0.7065610446035862,0.6,23.833333333333332,0.0,20.0,False
env_odom_noise,0.039473684210526314,0.04899592973540154,0.01631975090784437,0.12380301664980746,0.700253789553041,-1.8807710701064455,0.9760765550239234,0.9984051036682615,0.33728165869218496,0.7627459928393364,0.6,24.583333333333332,0.0,20.0,False
env_odom_noise,0.039473684210526314,0.04899592973540154,0.03379212149580846,0.12321614724051094,0.6891210211788803,-1.7043326033643122,0.9812206572769953,0.9992175273865415,0.3432381846635367,0.8774385198950767,0.55,24.363636363636363,0.0,20.0,False
env_odom_noise,0.039473684210526314,0.04899592973540154,0.0699708887492028,0.12320063604120703,0.6661936500171344,-1.4629429130714513,0.9871016691957512,1.0,0.34990166919575116,1.0719939947128296,0.55,26.181818181818183,0.0,20.0,False
env_odom_noise,0.039473684210526314,0.04899592973540154,0.14488363132100487,0.12229584330870771,0.640539209191222,-1.1627473196385056,0.9883211678832117,1.0,0.3511211678832117,1.2943983308970928,0.5,27.5,0.0,20.0,False
env_odom_noise,0.039473684210526314,0.04899592973540154,0.3,0.1219973349861143,0.6355635773906393,-0.8551553570175673,0.99,1.0,0.3528,1.4809777095913887,0.45,27.88888888888889,0.0,20.0,False
env_odom_noise,0.039473684210526314,0.10627472835292812,0.00010000000000000009,0.12361220115997992,0.6968695582475507,-1.619439006708652,0.9755134281200631,0.9960505529225908,0.33436398104265397,0.8572656512260437,0.6,25.083333333333332,0.0,20.0,False
env_odom_noise,0.039473684210526314,0.10627472835292812,0.00020706272838739032,0.1236121999959461,0.6968751349066051,-1.6176144395582077,0.9755134281200631,0.9960505529225908,0.33436398104265397,0.8591400183737278,0.6,25.083333333333332,0.0,20.0,False
env_odom_noise,0.039473684210526314,0.10627472835292812,0.0004287497348723022,0.12361219763802202,0.6968864936739623,-1.6138635720194952,0.976303317535545,0.9968404423380727,0.3359437598736177,0.8630243763327599,0.6,25.083333333333332,0.0,20.0,False
env_odom_noise,0.039473684210526314,0.10627472835292812,0.0008877808989802905,0.12361219757372492,0.6969098730472466,-1.6062122432443449,0.9770932069510269,0.9968404423380727,0.33673364928909955,0.8710665971040725,0.6,25.083333333333332,0.0,20.0,False
env_odom_noise,0.039473684210526314,0.10627472835292812,0.001838263351530691,0.12361219997400284,0.69695789836618,-1.5908430176650115,0.9802527646129542,0.9976303317535545,0.34068309636650873,0.8876272685825825,0.6,25.083333333333332,0.0,20.0,False
env_odom_noise,0.039473684210526314,0.10627472835292812,0.003806358250624933,0.12361219940430866,0.6952053546492384,-1.5617479746798066,0.9842271293375394,0.998422712933754,0.3454498422712934,0.9115724921226501,0.6,25.166666666666668,0.0,20.0,False
env_odom_noise,0.039473684210526314,0.10627472835292812,0.00788154924594252,0.12361219873980477,0.6872115180849282,-1.507344321735926,0.9890453834115805,0.9984350547730829,0.3502804381846635,0.9249743141233921,0.55,24.363636363636363,0.0,20.0,False
env_odom_noise,0.039473684210526314,0.10627472835292812,0.01631975090784437,0.1233399343087732,0.684361132110451,-1.4169446301081265,0.9930232558139535,0.9992248062015504,0.3550480620155039,0.9933037921786309,0.55,24.90909090909091,0.0,20.0,False
env_odom_noise,0.039473684210526314,0.10627472835292812,0.03379212149580846,0.12325468668411413,0.6669015579026186,-1.2733850215104046,0.9939301972685888,1.0,0.3567301972685888,1.0890180304646493,0.55,26.181818181818183,0.0,20.0,False
env_odom_noise,0.039473684210526314,0.10627472835292812,0.0699708887492028,0.12230795678322433,0.6558547860335232,-1.0764736244197437,0.9977810650887574,1.0,0.3605810650887574,1.2921402096748351,0.5,26.6,0.0,20.0,False
env_odom_noise,0.039473684210526314,0.10627472835292812,0.14488363132100487,0.12171695763571246,0.6343522512555634,-0.8119575409454537,0.9985714285714286,1.0,0.36137142857142857,1.5018035396933556,0.45,27.88888888888889,0.0,20.0,False
env_odom_noise,0.039473684210526314,0.10627472835292812,0.3,0.12195337868461026,0.6309534279875169,-0.5109232380509148,1.0,1.0,0.3628,1.6846716761589051,0.4,28.0,0.0,20.0,False
env_odom_noise,0.039473684210526314,0.23051543153651136,0.00010000000000000009,0.12379929273013607,0.6639383902832603,-0.993163058926263,0.9924471299093656,1.0,0.3552471299093656,1.304779589176178,0.55,26.454545454545453,0.0,20.0,False
env_odom_noise,0.039473684210526314,0.23051543153651136,0.00020706272838739032,0.12379929227340777,0.6639433943814508,-0.9920726127359342,0.9924471299093656,1.0,0.3552471299093656,1.3063020884990693,0.55,26.454545454545453,0.0,20.0,False
env_odom_noise,0.039473684210526314,0.23051543153651136,0.0004287497348723022,0.12379928987231854,0.6639538037516843,-0.9898265782923863,0.9924471299093656,1.0,0.3552471299093656,1.3094462238252162,0.55,26.454545454545453,0.0,20.0,False
env_odom_noise,0.039473684210526314,0.23051543153651136,0.0008877808989802905,0.12346846868895368,0.6639752275313506,-0.9866378559021725,0.9924698795180723,1.0,0.3552698795180723,1.2991732388734818,0.55,26.636363636363637,0.0,20.0,False
env_odom_noise,0.039473684210526314,0.23051543153651136,0.001838263351530691,0.12316626750078502,0.664019396736692,-0.9780738332709755,0.9924812030075187,1.0,0.35528120300751875,1.3052837550640106,0.55,26.727272727272727,0.0,20.0,False
env_odom_noise,0.039473684210526314,0.23051543153651136,0.003806358250624933,0.12291231641439156,0.6641100878551468,-0.9603989234309428,0.993993993993994,1.0,0.35679399399399403,1.323412077128887,0.55,26.818181818181817,0.0,20.0,False
env_odom_noise,0.039473684210526314,0.23051543153651136,0.00788154924594252,0.12283205688879238,0.664295103332879,-0.9274696367440549,0.9940209267563528,1.0,0.3568209267563528,1.3529572546482087,0.55,27.09090909090909,0.0,20.0,False
env_odom_noise,0.039473684210526314,0.23051543153651136,0.01631975090784437,0.12283205959624945,0.6545869149120641,-0.8668025306255427,0.9948224852071006,1.0,0.3576224852071006,1.4004817649722099,0.55,27.727272727272727,0.0,20.0,False
env_odom_noise,0.039473684210526314,0.23051543153651136,0.03379212149580846,0.12187036892137959,0.6436031358114306,-0.7658290245396367,0.9971014492753624,1.0,0.3599014492753624,1.4809407703578472,0.5,28.0,0.0,20.0,False
env_odom_noise,0.039473684210526314,0.23051543153651136,0.0699708887492028,0.12185223136019313,0.6311554286218048,-0.6108294246029273,0.9985855728429985,1.0,0.36138557284299855,1.6594995617866517,0.45,28.666666666666668,0.0,20.0,False
env_odom_noise,0.039473684210526314,0.23051543153651136,0.14488363132100487,0.12203300955332626,0.6251381795136629,-0.3916129228622825,0.9993103448275862,1.0,0.3621103448275862,1.8430570848286152,0.4,29.625,0.0,20.0,False
env_odom_noise,0.039473684210526314,0.23051543153651136,0.3,0.12249268099623546,0.6253908829430295,-0.12308439417538616,1.0,1.0,0.3628,2.017040006071329,0.35,29.0,0.0,20.0,False
env_odom_noise,0.039473684210526314,0.5,0.00010000000000000009,0.12205511324387969,0.625385250147395,-0.32857533481059986,0.9972375690607734,1.0,0.36003756906077344,1.964973346889019,0.4,29.5,0.0,20.0,False
env_odom_noise,0.039473684210526314,0.5,0.00020706272838739032,0.1220551144227134,0.6253898748107176,-0.3280047994146929,0.9972375690607734,1.0,0.36003756906077344,1.9661631375551223,0.4,29.5,0.0,20.0,False
env_odom_noise,0.039473684210526314,0.5,0.0004287497348723022,0.12205511424372659,0.6243309245541007,-0.32725284633347534,0.9972413793103448,1.0,0.36004137931034486,1.9623770430684089,0.4,29.625,0.0,20.0,False
env_odom_noise,0.039473684210526314,0.5,0.0008877808989802905,0.12205511346673559,0.6243518679466143,-0.32481031184516534,0.9972413793103448,1.0,0.36004137931034486,1.9674850575625897,0.4,29.625,0.0,20.0,False
env_odom_noise,0.039473684210526314,0.5,0.001838263351530691,0.12205511181995518,0.6243946946585075,-0.319812024350962,0.9972413793103448,1.0,0.36004137931034486,1.9780060648918152,0.4,29.625,0.0,20.0,False
env_odom_noise,0.039473684210526314,0.5,0.003806358250624933,0.122055113197357,0.6230926304116263,-0.3102148882492818,0.9979338842975206,1.0,0.3607338842975206,1.9928959168493747,0.4,29.75,0.0,20.0,False
env_odom_noise,0.039473684210526314,0.5,0.00788154924594252,0.12205511298119742,0.6203180930661202,-0.2909710760481953,0.9986263736263736,1.0,0.36142637362637364,2.0239345759153364,0.4,30.0,0.0,20.0,False
env_odom_noise,0.039473684210526314,0.5,0.01631975090784437,0.12209089413983666,0.6181011514064038,-0.2556014158326128,0.9986376021798365,1.0,0.36143760217983656,2.0752260774374007,0.4,30.75,0.0,20.0,False
env_odom_noise,0.039473684210526314,0.5,0.03379212149580846,0.1224848212059923,0.6103235383167377,-0.1887987923917388,0.9986702127659575,1.0,0.3614702127659575,2.1460595224052668,0.35,32.142857142857146,0.0,20.0,False
env_odom_noise,0.039473684210526314,0.5,0.0699708887492028,0.12238431100037732,0.609522660679725,-0.07656320181068074,0.9993386243386243,1.0,0.3621386243386243,2.308963789045811,0.3,31.666666666666668,0.0,20.0,False
env_odom_noise,0.039473684210526314,0.5,0.14488363132100487,0.12251320788880167,0.6074759346867222,0.08654637367329082,1.0,1.0,0.3628,2.4269215762615204,0.3,32.666666666666664,0.0,20.0,False
env_odom_noise,0.039473684210526314,0.5,0.3,0.12251320933819991,0.6038041144295672,0.30843464836922935,1.0,1.0,0.3628,2.5015266112983228,0.3,33.333333333333336,0.0,20.0,False
env_odom_noise,0.04736842105263158,0.00010000000000000009,0.00010000000000000009,0.12499573574190342,0.7904778654200215,72.67486609327743,0.14772727272727273,0.24125874125874125,1.248213986013986,0.4088366761803627,0.9,26.333333333333332,0.0,20.0,False
env_odom_noise,0.04736842105263158,0.00010000000000000009,0.00020706272838739032,0.12499573595743782,0.7904780994676092,58.90378482304629,0.1652097902097902,0.27884615384615385,1.1931440559440558,0.4094320245087147,0.9,26.333333333333332,0.0,20.0,False
env_odom_noise,0.04736842105263158,0.00010000000000000009,0.0004287497348723022,0.12499573543348037,0.7904794741773555,50.774352117935194,0.19405594405594406,0.3277972027972028,1.1153468531468531,0.4178771607577801,0.9,26.333333333333332,0.0,20.0,False
env_odom_noise,0.04736842105263158,0.00010000000000000009,0.0008877808989802905,0.12499573510252479,0.7892391086259639,46.38304045842675,0.23298429319371727,0.3865619546247818,1.0176537521815008,0.4338065845891833,0.9,26.38888888888889,0.0,20.0,False
env_odom_noise,0.04736842105263158,0.00010000000000000009,0.001838263351530691,0.12480202558185582,0.7822804645244333,44.0682540953005,0.28719723183391005,0.4524221453287197,0.8975806228373702,0.4078540652990341,0.85,25.941176470588236,0.0,20.0,False
env_odom_noise,0.04736842105263158,0.00010000000000000009,0.003806358250624933,0.12480202414595164,0.7755762488739382,42.89195075234387,0.35137457044673537,0.5180412371134021,0.7677841924398625,0.43940461210440845,0.85,26.176470588235293,0.0,20.0,False
env_odom_noise,0.04736842105263158,0.00010000000000000009,0.00788154924594252,0.1242421333706838,0.7630286795775403,41.98593946070104,0.4230118443316413,0.571912013536379,0.6422761421319797,0.43350812159478663,0.75,25.066666666666666,0.0,20.0,False
env_odom_noise,0.04736842105263158,0.00010000000000000009,0.01631975090784437,0.12388422634423517,0.7545128666838564,41.692067023607315,0.49,0.5916666666666667,0.5555333333333333,0.5158036261796951,0.75,25.666666666666668,0.0,20.0,False
env_odom_noise,0.04736842105263158,0.00010000000000000009,0.03379212149580846,0.12388659329945284,0.7340700664534261,41.368571467455794,0.539708265802269,0.6012965964343598,0.4961951377633711,0.6025698378682136,0.7,25.928571428571427,0.0,20.0,False
env_odom_noise,0.04736842105263158,0.00010000000000000009,0.0699708887492028,0.12377196263435053,0.7101611233074997,40.88821424526725,0.5620094191522763,0.609105180533752,0.4660854003139717,0.7727956220507621,0.6,25.416666666666668,0.0,20.0,False
env_odom_noise,0.04736842105263158,0.00010000000000000009,0.14488363132100487,0.12323102579422324,0.6903535729576235,40.417054452307674,0.5721884498480243,0.6139817629179332,0.4510297872340425,1.0262095846235753,0.5,24.8,0.0,20.0,False
env_odom_noise,0.04736842105263158,0.00010000000000000009,0.3,0.1225993269043806,0.6728398809200595,39.890732108326766,0.5792592592592593,0.6192592592592593,0.43868148148148145,1.2369523659348487,0.5,26.5,0.0,20.0,False
env_odom_noise,0.04736842105263158,0.00021690521830457365,0.00010000000000000009,0.12499573574190342,0.7904778654200215,40.17650846777996,0.17132867132867133,0.28059440559440557,1.1852769230769231,0.4088366761803627,0.9,26.333333333333332,0.0,20.0,False
env_odom_noise,0.04736842105263158,0.00021690521830457365,0.00020706272838739032,0.12499573610100362,0.7904781832529121,30.65012246506729,0.1896853146853147,0.3146853146853147,1.1328293706293706,0.40959078893065454,0.9,26.333333333333332,0.0,20.0,False
env_odom_noise,0.04736842105263158,0.00021690521830457365,0.0004287497348723022,0.12499573558487753,0.7904793795300727,24.256104910100113,0.21765734265734266,0.36538461538461536,1.054158041958042,0.41852743178606033,0.9,26.333333333333332,0.0,20.0,False
env_odom_noise,0.04736842105263158,0.00021690521830457365,0.0008877808989802905,0.12499573462336852,0.7892423534640937,20.49535897820161,0.25654450261780104,0.41972076788830714,0.9609347294938918,0.43460162077099085,0.9,26.38888888888889,0.0,20.0,False
env_odom_noise,0.04736842105263158,0.00021690521830457365,0.001838263351530691,0.12480202419744535,0.7822847979581291,18.465883568902353,0.3070934256055363,0.486159169550173,0.8439474048442906,0.40876868069171907,0.85,25.941176470588236,0.0,20.0,False
env_odom_noise,0.04736842105263158,0.00021690521830457365,0.003806358250624933,0.1248020240197471,0.7755822241694985,17.50683225691182,0.3702749140893471,0.5506872852233677,0.7162378006872852,0.4403109428938478,0.85,26.176470588235293,0.0,20.0,False
env_odom_noise,0.04736842105263158,0.00021690521830457365,0.00788154924594252,0.12424213254457024,0.7630329823665655,16.965647068775844,0.4416243654822335,0.6015228426395939,0.5940527918781726,0.43419548626989124,0.75,25.066666666666666,0.0,20.0,False
env_odom_noise,0.04736842105263158,0.00021690521830457365,0.01631975090784437,0.12388422692210198,0.7545162877388157,16.857561079227537,0.5091666666666667,0.6208333333333333,0.5072,0.5162888467311859,0.75,25.666666666666668,0.0,20.0,False
env_odom_noise,0.04736842105263158,0.00021690521830457365,0.03379212149580846,0.12388659269529664,0.7340727538306736,16.827764547150938,0.5583468395461912,0.6304700162074555,0.4483831442463533,0.6029357850551605,0.7,25.928571428571427,0.0,20.0,False
env_odom_noise,0.04736842105263158,0.00021690521830457365,0.0699708887492028,0.12377196054323286,0.7101630763674908,16.769959463929645,0.5816326530612245,0.6381475667189953,0.4174197802197802,0.7730652235448361,0.6,25.416666666666668,0.0,20.0,False
env_odom_noise,0.04736842105263158,0.00021690521830457365,0.14488363132100487,0.12323102272001986,0.6903550723991215,16.737053918616237,0.5919452887537994,0.6428571428571429,0.4023975683890577,1.0263746969401837,0.5,24.8,0.0,20.0,False
env_odom_noise,0.04736842105263158,0.00021690521830457365,0.3,0.12259932804861007,0.6728407211188738,16.699667416284704,0.5992592592592593,0.6474074074074074,0.3905333333333333,1.2370387718081475,0.5,26.5,0.0,20.0,False
env_odom_noise,0.04736842105263158,0.00047047873727754753,0.00010000000000000009,0.12499573574190342,0.7904778654200215,21.268257934801703,0.21153846153846154,0.35926573426573427,1.0663958041958042,0.4088366761803627,0.9,26.333333333333332,0.0,20.0,False
env_odom_noise,0.04736842105263158,0.00047047873727754753,0.00020706272838739032,0.12499573572805263,0.79047818985544,15.748025521283418,0.22814685314685315,0.38548951048951047,1.0235636363636362,0.4100933149456978,0.9,26.333333333333332,0.0,20.0,False
env_odom_noise,0.04736842105263158,0.00047047873727754753,0.0004287497348723022,0.1249957347971363,0.7904793451829412,11.38928517381603,0.2517482517482518,0.4256993006993007,0.9597524475524475,0.4200769826769829,0.9,26.333333333333332,0.0,20.0,False
env_odom_noise,0.04736842105263158,0.00047047873727754753,0.0008877808989802905,0.12499573567537552,0.7892491138295314,8.486004973191,0.2879581151832461,0.4825479930191972,0.8666938917975566,0.4362973352894187,0.9,26.38888888888889,0.0,20.0,False
env_odom_noise,0.04736842105263158,0.00047047873727754753,0.001838263351530691,0.12480202598124615,0.7822939613713005,6.792009784812853,0.3391003460207612,0.5423875432525952,0.7557121107266436,0.41072850972414016,0.85,25.941176470588236,0.0,20.0,False
env_odom_noise,0.04736842105263158,0.00047047873727754753,0.003806358250624933,0.12480202342387291,0.7755948581746813,5.990564322911822,0.40034364261168387,0.6056701030927835,0.6311862542955327,0.4422809555660933,0.85,26.176470588235293,0.0,20.0,False
env_odom_noise,0.04736842105263158,0.00047047873727754753,0.00788154924594252,0.12424213212333259,0.763042531278713,5.6299021980210915,0.46954314720812185,0.6565143824027073,0.5111424703891708,0.4356795992702246,0.75,25.066666666666666,0.0,20.0,False
env_odom_noise,0.04736842105263158,0.00047047873727754753,0.01631975090784437,0.12388422788969262,0.7545236136810644,5.609669772637412,0.5358333333333334,0.6741666666666667,0.4271999999999999,0.5173400156199932,0.75,25.666666666666668,0.0,20.0,False
env_odom_noise,0.04736842105263158,0.00047047873727754753,0.03379212149580846,0.1238865939773993,0.7340785157349986,5.713197041044216,0.5858995137763371,0.6839546191247974,0.3673458670988655,0.6037285968661308,0.7,25.928571428571427,0.0,20.0,False
env_odom_noise,0.04736842105263158,0.00047047873727754753,0.0699708887492028,0.12360833767049516,0.7101674009051698,5.835110943364497,0.6073667711598746,0.6904388714733543,0.33939435736677115,0.7673843204975128,0.6,25.5,0.0,20.0,False
env_odom_noise,0.04736842105263158,0.00047047873727754753,0.14488363132100487,0.12323102427921644,0.690358140274872,6.01413458341582,0.6177811550151976,0.6945288753799392,0.32488996960486316,1.026733110845089,0.5,24.8,0.0,20.0,False
env_odom_noise,0.04736842105263158,0.00047047873727754753,0.3,0.12259932696888973,0.6728426921251502,6.199640107376993,0.6244444444444445,0.7,0.31275555555555556,1.2372267961502075,0.5,26.5,0.0,20.0,False
env_odom_noise,0.04736842105263158,0.001020492932168466,0.00010000000000000009,0.12499573574190342,0.7904778550603418,9.753544350870591,0.2701048951048951,0.45367132867132864,0.9134237762237762,0.4088902249932289,0.9,26.333333333333332,0.0,20.0,False
env_odom_noise,0.04736842105263158,0.001020492932168466,0.00020706272838739032,0.12499573496919154,0.7904785783057092,7.169163214390852,0.28059440559440557,0.4781468531468531,0.8784587412587412,0.4118914112448692,0.9,26.333333333333332,0.0,20.0,False
env_odom_noise,0.04736842105263158,0.001020492932168466,0.0004287497348723022,0.12499573546965648,0.7904830525680262,4.696925074547072,0.3006993006993007,0.513986013986014,0.8225146853146854,0.4241147920489311,0.9,26.333333333333332,0.0,20.0,False
env_odom_noise,0.04736842105263158,0.001020492932168466,0.0008877808989802905,0.1249957343856694,0.7892690370032295,2.7668338596989943,0.33595113438045376,0.5602094240837696,0.7410394415357766,0.44045233726501465,0.9,26.38888888888889,0.0,20.0,False
env_odom_noise,0.04736842105263158,0.001020492932168466,0.001838263351530691,0.12480202487571582,0.7791825071482086,1.485182518136383,0.38275862068965516,0.6137931034482759,0.640648275862069,0.40764571353793144,0.85,26.058823529411764,0.0,20.0,False
env_odom_noise,0.04736842105263158,0.001020492932168466,0.003806358250624933,0.12480202560313934,0.7756215363982376,0.8555264732851503,0.4424398625429553,0.6743986254295533,0.5203615120274914,0.4465084387920797,0.85,26.176470588235293,0.0,20.0,False
env_odom_noise,0.04736842105263158,0.001020492932168466,0.00788154924594252,0.12424213350534735,0.7630629521532669,0.6016058726539689,0.5067681895093062,0.7216582064297801,0.4087736040609137,0.4388662580400705,0.75,25.066666666666666,0.0,20.0,False
env_odom_noise,0.04736842105263158,0.001020492932168466,0.01631975090784437,0.12388422650299978,0.7524274814806601,0.6204609663938714,0.5740432612312812,0.7387687188019967,0.32438801996672206,0.5089382454752922,0.75,25.733333333333334,0.0,20.0,False
env_odom_noise,0.04736842105263158,0.001020492932168466,0.03379212149580846,0.12388659298225226,0.7340910648460317,0.7892935147877291,0.6207455429497569,0.7463533225283631,0.27010113452188,0.6054449558258057,0.7,25.928571428571427,0.0,20.0,False
env_odom_noise,0.04736842105263158,0.001020492932168466,0.0699708887492028,0.12360833946406895,0.7101767683299133,0.9998436874044002,0.6426332288401254,0.7507836990595611,0.24378307210031347,0.7686516597867012,0.6,25.5,0.0,20.0,False
env_odom_noise,0.04736842105263158,0.001020492932168466,0.14488363132100487,0.12323102449732491,0.6903650945496446,1.265081655840846,0.6519756838905775,0.7537993920972644,0.23142492401215808,1.0275100313127041,0.5,24.8,0.0,20.0,False
env_odom_noise,0.04736842105263158,0.001020492932168466,0.3,0.12259932751459998,0.6728466977558206,1.5507021550409292,0.6592592592592592,0.7577777777777778,0.220162962962963,1.2376334637403488,0.5,26.5,0.0,20.0,False
env_odom_noise,0.04736842105263158,0.0022135024223027535,0.00010000000000000009,0.12499573579080063,0.7904801541391245,3.0389088895533964,0.34440559440559443,0.5944055944055944,0.6983888111888112,0.4134931914508343,0.9,26.333333333333332,0.0,20.0,False
env_odom_noise,0.04736842105263158,0.0022135024223027535,0.00020706272838739032,0.12499573449746591,0.7904939730963466,2.085358650432812,0.3531468531468531,0.6101398601398601,0.6739132867132868,0.42148116007447245,0.9,26.333333333333332,0.0,20.0,False
env_odom_noise,0.04736842105263158,0.0022135024223027535,0.0004287497348723022,0.12499573395414987,0.7892667128139663,0.9736168402260199,0.37521815008726006,0.6387434554973822,0.6232383944153577,0.4300405694171786,0.9,26.38888888888889,0.0,20.0,False
env_odom_noise,0.04736842105263158,0.0022135024223027535,0.0008877808989802905,0.12499573383555918,0.7868874103606924,-0.0961133787389775,0.3998257839721254,0.6785714285714286,0.558802787456446,0.440474876947701,0.9,26.444444444444443,0.0,20.0,False
env_odom_noise,0.04736842105263158,0.0022135024223027535,0.001838263351530691,0.12480202395089263,0.7792521550868562,-0.9057506710318021,0.4482758620689655,0.7189655172413794,0.4699586206896551,0.417251979932189,0.85,26.058823529411764,0.0,20.0,False
env_odom_noise,0.04736842105263158,0.0022135024223027535,0.003806358250624933,0.12480202354119295,0.7716179600991789,-1.3592462464159132,0.5042808219178082,0.773972602739726,0.35894657534246577,0.4332596842199564,0.85,26.294117647058822,0.0,20.0,False
env_odom_noise,0.04736842105263158,0.0022135024223027535,0.00788154924594252,0.12424213428244167,0.7631055421816473,-1.5204040351829728,0.562605752961083,0.8130287648054145,0.2615654822335025,0.4456336762756109,0.75,25.066666666666666,0.0,20.0,False
env_odom_noise,0.04736842105263158,0.0022135024223027535,0.01631975090784437,0.12388422772984528,0.7511804579853865,-1.468700784139974,0.6270764119601329,0.8280730897009967,0.18205049833887044,0.5077919445931911,0.75,25.8,0.0,20.0,False
env_odom_noise,0.04736842105263158,0.0022135024223027535,0.03379212149580846,0.12388659450381176,0.7341178234061707,-1.2789033163882388,0.6717990275526742,0.8346839546191248,0.130717017828201,0.6091467350721359,0.7,25.928571428571427,0.0,20.0,True
env_odom_noise,0.04736842105263158,0.0022135024223027535,0.0699708887492028,0.12360833859328552,0.7101970704745157,-1.0312332828848134,0.6927899686520376,0.8385579937304075,0.1260319749216301,0.7713932998478412,0.6,25.5,0.0,20.0,False
env_odom_noise,0.04736842105263158,0.0022135024223027535,0.14488363132100487,0.12323102397731768,0.6903800278277443,-0.7292856024886225,0.7006079027355623,0.8427051671732523,0.12970273556231005,1.0291927881538867,0.5,24.8,0.0,20.0,False
env_odom_noise,0.04736842105263158,0.0022135024223027535,0.3,0.1225993282593779,0.6728556960589592,-0.40042082608209556,0.7074074074074074,0.845925925925926,0.13328148148148145,1.2385147497057916,0.5,26.5,0.0,20.0,False
env_odom_noise,0.04736842105263158,0.004801202261272809,0.00010000000000000009,0.12452113775186412,0.786379355856788,-0.4099567647059447,0.4688581314878893,0.7439446366782007,0.42439723183391004,0.4098638285882771,0.85,25.941176470588236,0.0,20.0,False
env_odom_noise,0.04736842105263158,0.004801202261272809,0.00020706272838739032,0.12452113915590636,0.7839732118204441,-0.6989878998716089,0.4784110535405872,0.7564766839378239,0.4023122625215889,0.4040305991657078,0.85,26.0,0.0,20.0,False
env_odom_noise,0.04736842105263158,0.004801202261272809,0.0004287497348723022,0.12452113761531561,0.7816290901591514,-1.1029280852854793,0.48879310344827587,0.778448275862069,0.3699586206896551,0.40411785449832677,0.85,26.058823529411764,0.0,20.0,False
env_odom_noise,0.04736842105263158,0.004801202261272809,0.0008877808989802905,0.12458212732178142,0.776007110266138,-1.563348180258404,0.5136986301369864,0.7996575342465754,0.32384383561643826,0.38499752543866633,0.85,26.294117647058822,0.0,20.0,False
env_odom_noise,0.04736842105263158,0.004801202261272809,0.001838263351530691,0.12458212640306585,0.7727291226519198,-1.9672495054028611,0.5418088737201365,0.8336177474402731,0.2617733788395904,0.40837693847715856,0.85,26.41176470588235,0.0,20.0,False
env_odom_noise,0.04736842105263158,0.004801202261272809,0.003806358250624933,0.1245821263186148,0.766977792518896,-2.225140613886733,0.599320882852292,0.8811544991511036,0.15672461799660442,0.4240263529121876,0.8,25.8125,0.0,20.0,False
env_odom_noise,0.04736842105263158,0.004801202261272809,0.00788154924594252,0.12388580005394043,0.7620866871831525,-2.3143774047716046,0.6515912897822446,0.9061976549413735,0.07941105527638193,0.4359208855777979,0.75,25.466666666666665,0.0,20.0,True
env_odom_noise,0.04736842105263158,0.004801202261272809,0.01631975090784437,0.12367517107997841,0.7456065501830894,-2.2329262633319953,0.7092257001647446,0.9176276771004942,0.06339802306425046,0.5037199437618256,0.75,26.133333333333333,0.0,20.0,True
env_odom_noise,0.04736842105263158,0.004801202261272809,0.03379212149580846,0.12368105399277797,0.7346259571912944,-2.0338958339505857,0.7495961227786753,0.9232633279483037,0.09813279483037163,0.6358963519334793,0.7,26.071428571428573,0.0,20.0,True
env_odom_noise,0.04736842105263158,0.004801202261272809,0.0699708887492028,0.12340872358859033,0.7073429594514387,-1.7710815281678156,0.7671339563862928,0.926791277258567,0.1121426791277258,0.7741238176822662,0.55,24.636363636363637,0.0,20.0,False
env_odom_noise,0.04736842105263158,0.004801202261272809,0.14488363132100487,0.12307956338325318,0.6857548234325284,-1.4581737885133488,0.7740963855421686,0.9299698795180723,0.11592650602409638,1.0303039014339448,0.5,25.4,0.0,20.0,False
env_odom_noise,0.04736842105263158,0.004801202261272809,0.3,0.12241257946725782,0.6689122188628783,-1.1061328840144444,0.7801470588235294,0.9316176470588236,0.12032941176470591,1.2502300769090653,0.5,27.0,0.0,20.0,False
env_odom_noise,0.04736842105263158,0.010414058246057912,0.00010000000000000009,0.12439556230727257,0.7719484893180815,-1.8825138205918888,0.6113945578231292,0.8818027210884354,0.14400272108843537,0.4201178513467312,0.8,25.75,0.0,20.0,True
env_odom_noise,0.04736842105263158,0.010414058246057912,0.00020706272838739032,0.12439556421110175,0.7719588566919195,-1.9475072711614427,0.6164965986394558,0.8869047619047619,0.1337986394557823,0.4240362584590912,0.8,25.75,0.0,20.0,True
env_odom_noise,0.04736842105263158,0.010414058246057912,0.0004287497348723022,0.12439556408385037,0.7719800200313478,-2.0529719007547054,0.6284013605442177,0.8920068027210885,0.11679183673469384,0.43177904225885866,0.8,25.75,0.0,20.0,True
env_odom_noise,0.04736842105263158,0.010414058246057912,0.0008877808989802905,0.12429522683093387,0.7697081590356514,-2.2026660247460654,0.6508474576271186,0.911864406779661,0.07448813559322043,0.4244914626702666,0.8,25.875,0.0,20.0,True
env_odom_noise,0.04736842105263158,0.010414058246057912,0.001838263351530691,0.12429522562120505,0.7680793602952192,-2.350545168812099,0.6725888324873096,0.934010152284264,0.030601015228426398,0.44447399824857714,0.8,25.9375,0.0,20.0,True
env_odom_noise,0.04736842105263158,0.010414058246057912,0.003806358250624933,0.12411520280223327,0.7650309257536618,-2.455661897983555,0.7105704697986577,0.9546979865771812,0.02806845637583888,0.4462923653423786,0.75,25.4,0.0,20.0,True
env_odom_noise,0.04736842105263158,0.010414058246057912,0.00788154924594252,0.12370483382327185,0.7550855213008005,-2.467601796298868,0.7549833887043189,0.96843853820598,0.08622192691029895,0.4814447447657585,0.75,25.8,0.0,20.0,True
env_odom_noise,0.04736842105263158,0.010414058246057912,0.01631975090784437,0.12365321276040579,0.744476628253487,-2.3655668463277437,0.8073770491803278,0.9745901639344262,0.14476721311475405,0.552332179993391,0.7,25.428571428571427,0.0,20.0,True
env_odom_noise,0.04736842105263158,0.010414058246057912,0.03379212149580846,0.12339466914731688,0.7276765750860836,-2.1709316352708012,0.8416,0.9792,0.18359999999999999,0.6600240208208561,0.65,25.53846153846154,0.0,20.0,False
env_odom_noise,0.04736842105263158,0.010414058246057912,0.0699708887492028,0.12323649725443792,0.7018873003797959,-1.9020234376541958,0.8547140649149922,0.98145285935085,0.19896692426584228,0.8190159671008587,0.55,25.09090909090909,0.0,20.0,False
env_odom_noise,0.04736842105263158,0.010414058246057912,0.14488363132100487,0.12265915502308485,0.6819521370806525,-1.593952128678498,0.8617339312406577,0.9828101644245142,0.20734409566517187,1.0726533278822898,0.5,25.9,0.0,20.0,False
env_odom_noise,0.04736842105263158,0.010414058246057912,0.3,0.12206878970180224,0.6618932191511923,-1.2328727003802797,0.8670058139534884,0.9832848837209303,0.21309069767441868,1.2791814006865025,0.5,27.8,0.0,20.0,False
env_odom_noise,0.04736842105263158,0.02258863577297737,0.00010000000000000009,0.12432926517863596,0.7652827409979247,-2.250300721428181,0.7629815745393634,0.9581239530988275,0.08390552763819092,0.48461044318974017,0.7,24.5,0.0,20.0,True
env_odom_noise,0.04736842105263158,0.02258863577297737,0.00020706272838739032,0.1243292645989125,0.7652909816162662,-2.260198754124514,0.7654941373534339,0.9597989949748744,0.08809313232830829,0.4882649578154087,0.7,24.5,0.0,20.0,True
env_odom_noise,0.04736842105263158,0.02258863577297737,0.0004287497348723022,0.12432926518138415,0.7653077223673357,-2.2774399989093195,0.7671691792294807,0.9656616415410385,0.09563082077051921,0.4956453561782837,0.7,24.5,0.0,20.0,True
env_odom_noise,0.04736842105263158,0.02258863577297737,0.0008877808989802905,0.1243292671857377,0.7634848157693584,-2.3035610851188806,0.7801003344481605,0.9682274247491639,0.11112775919732443,0.499706644564867,0.7,24.571428571428573,0.0,20.0,True
env_odom_noise,0.04736842105263158,0.02258863577297737,0.001838263351530691,0.12448462230784559,0.7605213653737264,-2.330541661144504,0.8011647254575707,0.9758735440931781,0.13983826955074874,0.4984465973451734,0.7,24.785714285714285,0.0,20.0,True
env_odom_noise,0.04736842105263158,0.02258863577297737,0.003806358250624933,0.12448462143207017,0.756148689585651,-2.3406278045486695,0.8192371475953566,0.9892205638474295,0.17125771144278612,0.5270249735563993,0.7,24.928571428571427,0.0,20.0,False
env_odom_noise,0.04736842105263158,0.02258863577297737,0.00788154924594252,0.12386666540850397,0.7505101544919867,-2.3043380716513995,0.8626644736842105,0.990953947368421,0.21641842105263154,0.5607286408543587,0.65,24.23076923076923,0.0,20.0,False
env_odom_noise,0.04736842105263158,0.02258863577297737,0.01631975090784437,0.1241043646658884,0.7374861032571678,-2.1865128471272732,0.9043760129659644,0.9943273905996759,0.2615034035656403,0.6283180274069309,0.65,24.923076923076923,0.0,20.0,False
env_odom_noise,0.04736842105263158,0.02258863577297737,0.03379212149580846,0.12358967473015522,0.7241610268332692,-2.0050950952896667,0.9238095238095239,0.9976190476190476,0.2842285714285715,0.7424862906336784,0.6,24.833333333333332,0.0,20.0,False
env_odom_noise,0.04736842105263158,0.02258863577297737,0.0699708887492028,0.12331216681923035,0.6971492745973579,-1.751620016898004,0.9333843797856048,0.9992343032159265,0.2954186830015314,0.9026066087186336,0.55,25.636363636363637,0.0,20.0,False
env_odom_noise,0.04736842105263158,0.02258863577297737,0.14488363132100487,0.122720552720976,0.6819029704491588,-1.4528931863832877,0.9397321428571429,1.0,0.3025321428571429,1.177017791569233,0.5,26.2,0.0,20.0,False
env_odom_noise,0.04736842105263158,0.02258863577297737,0.3,0.12216162614730282,0.6605709216655269,-1.1073936219688285,0.9432471264367817,1.0,0.30604712643678167,1.3349110879004003,0.45,27.444444444444443,0.0,20.0,False
env_odom_noise,0.04736842105263158,0.04899592973540154,0.00010000000000000009,0.1240984188867458,0.7510389611303021,-2.044772841715684,0.8981937602627258,0.9876847290640394,0.24867848932676517,0.6471047319471837,0.65,24.307692307692307,0.0,20.0,False
env_odom_noise,0.04736842105263158,0.04899592973540154,0.00020706272838739032,0.12409841864950505,0.7497217978084766,-2.0439709733685665,0.8975409836065574,0.9877049180327869,0.24804590163934437,0.6434195555746556,0.65,24.384615384615383,0.0,20.0,False
env_odom_noise,0.04736842105263158,0.04899592973540154,0.0004287497348723022,0.12409842010833937,0.7497372329200164,-2.0425850629411357,0.9,0.9877049180327869,0.25050491803278696,0.6482202073559165,0.65,24.384615384615383,0.0,20.0,False
env_odom_noise,0.04736842105263158,0.04899592973540154,0.0008877808989802905,0.12409841896371153,0.7497693291981249,-2.038864896386976,0.9024590163934426,0.989344262295082,0.2546032786885246,0.6583374612033367,0.65,24.384615384615383,0.0,20.0,False
env_odom_noise,0.04736842105263158,0.04899592973540154,0.001838263351530691,0.12369367166292936,0.7498344228991207,-2.0303279707440063,0.9140752864157119,0.9918166939443536,0.2686919803600655,0.6695550955832005,0.65,24.46153846153846,0.0,20.0,False
env_odom_noise,0.04736842105263158,0.04899592973540154,0.003806358250624933,0.12367741955835011,0.7435588977382935,-2.0097237902570986,0.9292682926829269,0.991869918699187,0.28393821138211384,0.6701820649206638,0.65,24.76923076923077,0.0,20.0,False
env_odom_noise,0.04736842105263158,0.04899592973540154,0.00788154924594252,0.12391415413084317,0.7385210772032208,-1.9543326395634195,0.9491114701130856,0.9935379644588045,0.3054494345718901,0.7003738224506378,0.6,23.916666666666668,0.0,20.0,False
env_odom_noise,0.04736842105263158,0.04899592973540154,0.01631975090784437,0.12380301775906574,0.7269267319098055,-1.8472807359161694,0.967304625199362,0.9976076555023924,0.3277122807017544,0.7668653145432472,0.6,24.583333333333332,0.0,20.0,False
env_odom_noise,0.04736842105263158,0.04899592973540154,0.03379212149580846,0.1234382119106757,0.7157587778754573,-1.6851916019076705,0.978125,0.9984375,0.3393625,0.870206218957901,0.55,24.454545454545453,0.0,20.0,False
env_odom_noise,0.04736842105263158,0.04899592973540154,0.0699708887492028,0.12320063679896213,0.6910977292633981,-1.4499792765901427,0.9833333333333333,1.0,0.3461333333333333,1.0614460170269013,0.5,25.0,0.0,20.0,False
env_odom_noise,0.04736842105263158,0.04899592973540154,0.14488363132100487,0.12229584536344665,0.6658890921841985,-1.1534854138861521,0.9876093294460642,1.0,0.3504093294460642,1.2923067450523376,0.5,27.6,0.0,20.0,False
env_odom_noise,0.04736842105263158,0.04899592973540154,0.3,0.12199733410253363,0.6609831123212383,-0.8484439916507922,0.9893009985734664,1.0,0.35210099857346644,1.47845189422369,0.45,28.0,0.0,20.0,False
env_odom_noise,0.04736842105263158,0.10627472835292812,0.00010000000000000009,0.12361220290915925,0.7241253109896217,-1.5746439088824855,0.9652448657187994,0.995260663507109,0.3233055292259084,0.8619978807866573,0.6,25.083333333333332,0.0,20.0,False
env_odom_noise,0.04736842105263158,0.10627472835292812,0.00020706272838739032,0.12361220133631265,0.7241326174305901,-1.5731256552974295,0.9652448657187994,0.995260663507109,0.3233055292259084,0.8638451233506202,0.6,25.083333333333332,0.0,20.0,False
env_odom_noise,0.04736842105263158,0.10627472835292812,0.0004287497348723022,0.12361220009877458,0.7241475690565351,-1.5699917820782916,0.9660347551342812,0.995260663507109,0.32409541864139013,0.8676716245710849,0.6,25.083333333333332,0.0,20.0,False
env_odom_noise,0.04736842105263158,0.10627472835292812,0.0008877808989802905,0.12361220124182883,0.7241784398888397,-1.5635488687645014,0.9676145339652449,0.995260663507109,0.32567519747235385,0.8755885839462281,0.6,25.083333333333332,0.0,20.0,False
env_odom_noise,0.04736842105263158,0.10627472835292812,0.001838263351530691,0.12361220020903829,0.7242419225285905,-1.5504279119521895,0.9699842022116903,0.9960505529225908,0.3288347551342812,0.8918960586190223,0.6,25.083333333333332,0.0,20.0,False
env_odom_noise,0.04736842105263158,0.10627472835292812,0.003806358250624933,0.12361219829858398,0.7207317069060417,-1.525950494641976,0.974015748031496,0.9960629921259843,0.3328787401574803,0.9060073994100094,0.6,25.25,0.0,20.0,False
env_odom_noise,0.04736842105263158,0.10627472835292812,0.00788154924594252,0.12371603532138556,0.7144392800126015,-1.4782226874289512,0.98125,0.996875,0.3409249999999999,0.9185174733400345,0.55,24.454545454545453,0.0,20.0,False
env_odom_noise,0.04736842105263158,0.10627472835292812,0.01631975090784437,0.12333993399280148,0.7097350708363029,-1.393733288171777,0.9891640866873065,0.9984520123839009,0.3504160990712074,0.9880448803305626,0.55,25.0,0.0,20.0,False
env_odom_noise,0.04736842105263158,0.10627472835292812,0.03379212149580846,0.12325468534304211,0.6955133307555234,-1.2578389023513539,0.9916413373860182,0.9984802431610942,0.3529215805471124,1.0989324763417243,0.55,26.09090909090909,0.0,20.0,False
env_odom_noise,0.04736842105263158,0.10627472835292812,0.0699708887492028,0.1223079577411912,0.6830797911872614,-1.0663410019546808,0.9955621301775148,1.0,0.35836213017751484,1.2946844324469566,0.5,26.6,0.0,20.0,False
env_odom_noise,0.04736842105263158,0.10627472835292812,0.14488363132100487,0.12171695636507578,0.6615987944110204,-0.8061855838187293,0.9978571428571429,1.0,0.3606571428571429,1.5037692487239838,0.45,27.88888888888889,0.0,20.0,False
env_odom_noise,0.04736842105263158,0.10627472835292812,0.3,0.1219533823860325,0.6586341830395218,-0.5009130174775965,0.9992997198879552,1.0,0.3620997198879552,1.6850610598921776,0.4,28.25,0.0,20.0,False
env_odom_noise,0.04736842105263158,0.23051543153651136,0.00010000000000000009,0.12379929040871876,0.6900287865853167,-0.9723822774573392,0.9909502262443439,0.9992458521870287,0.3529960784313726,1.2998010113835334,0.55,26.545454545454547,0.0,20.0,False
env_odom_noise,0.04736842105263158,0.23051543153651136,0.00020706272838739032,0.12379929229072534,0.6900351651268334,-0.9713599262151645,0.9909502262443439,0.9992458521870287,0.3529960784313726,1.3013134554028511,0.55,26.545454545454547,0.0,20.0,False
env_odom_noise,0.04736842105263158,0.23051543153651136,0.0004287497348723022,0.12379929133868278,0.6900485378267781,-0.9692528448790462,0.9909502262443439,0.9992458521870287,0.3529960784313726,1.3044372461736202,0.55,26.545454545454547,0.0,20.0,False
env_odom_noise,0.04736842105263158,0.23051543153651136,0.0008877808989802905,0.12349405285206341,0.6900761984784142,-0.9656851351302506,0.9909638554216867,0.9992469879518072,0.353010843373494,1.3043356500566006,0.55,26.636363636363637,0.0,20.0,False
env_odom_noise,0.04736842105263158,0.23051543153651136,0.001838263351530691,0.12316626759415439,0.6901329157468691,-0.9584151547798385,0.990990990990991,0.9992492492492493,0.3530402402402403,1.3005976498126983,0.55,26.818181818181817,0.0,20.0,False
env_odom_noise,0.04736842105263158,0.23051543153651136,0.003806358250624933,0.122912316376216,0.6902493891817456,-0.9417861800405877,0.992503748125937,0.9992503748125937,0.3545541229385307,1.318534153699875,0.55,26.90909090909091,0.0,20.0,False
env_odom_noise,0.04736842105263158,0.23051543153651136,0.00788154924594252,0.12283205907988756,0.6894912336796052,-0.9110939224174449,0.992548435171386,0.9992548435171386,0.3546032786885246,1.3399207063019276,0.55,27.272727272727273,0.0,20.0,False
env_odom_noise,0.04736842105263158,0.23051543153651136,0.01631975090784437,0.12283205696274785,0.677917175540099,-0.8535625203067398,0.9933726067746687,0.9992636229749632,0.35543622974963185,1.3807324469089508,0.55,28.0,0.0,20.0,False
env_odom_noise,0.04736842105263158,0.23051543153651136,0.03379212149580846,0.12187036662171287,0.6694720145054425,-0.754957521356008,0.9942112879884226,1.0,0.35701128798842263,1.4672314628958703,0.45,26.88888888888889,0.0,20.0,False
env_odom_noise,0.04736842105263158,0.23051543153651136,0.0699708887492028,0.12185223286603993,0.6577626622310672,-0.6014953745606044,0.9978813559322034,1.0,0.3606813559322034,1.657668948173523,0.45,28.77777777777778,0.0,20.0,False
env_odom_noise,0.04736842105263158,0.23051543153651136,0.14488363132100487,0.12203301052894554,0.6547528237012202,-0.381656763341742,0.9986244841815681,1.0,0.36142448418156814,1.8496296912431718,0.35,28.571428571428573,0.0,20.0,False
env_odom_noise,0.04736842105263158,0.23051543153651136,0.3,0.12249268106987216,0.6554780038778307,-0.120128363863483,1.0,1.0,0.3628,2.021016888320446,0.35,29.0,0.0,20.0,False
env_odom_noise,0.04736842105263158,0.5,0.00010000000000000009,0.12205511235964794,0.6532684680489543,-0.3185357381786676,0.996551724137931,1.0,0.35935172413793104,1.9611379869282246,0.4,29.625,0.0,20.0,False
env_odom_noise,0.04736842105263158,0.5,0.00020706272838739032,0.12205511367833513,0.6532749342490072,-0.3179765417981952,0.996551724137931,1.0,0.35935172413793104,1.962328016012907,0.4,29.625,0.0,20.0,False
env_odom_noise,0.04736842105263158,0.5,0.0004287497348723022,0.12205511384246827,0.653288688813663,-0.3168216725857499,0.996551724137931,1.0,0.35935172413793104,1.96478785648942,0.4,29.625,0.0,20.0,False
env_odom_noise,0.04736842105263158,0.5,0.0008877808989802905,0.12205511275018853,0.6533170249809789,-0.31444366250408223,0.996551724137931,1.0,0.35935172413793104,1.9698699444532395,0.4,29.625,0.0,20.0,False
env_odom_noise,0.04736842105263158,0.5,0.001838263351530691,0.12205511353652111,0.6533756451849406,-0.30957548723070777,0.996551724137931,1.0,0.35935172413793104,1.9803390696644783,0.4,29.625,0.0,20.0,False
env_odom_noise,0.04736842105263158,0.5,0.003806358250624933,0.12205511391059806,0.6520722128286356,-0.30024403249329246,0.9965564738292011,1.0,0.3593564738292011,1.9951249286532402,0.4,29.75,0.0,20.0,False
env_odom_noise,0.04736842105263158,0.5,0.00788154924594252,0.12205511401413084,0.6501068147675213,-0.281519710476552,0.9965659340659341,1.0,0.3593659340659341,2.026091240718961,0.4,30.0,0.0,20.0,False
env_odom_noise,0.04736842105263158,0.5,0.01631975090784437,0.12209089565095224,0.6464236419874154,-0.24714975800618327,0.9965986394557823,1.0,0.3593986394557823,2.071477485448122,0.4,30.875,0.0,20.0,False
env_odom_noise,0.04736842105263158,0.5,0.03379212149580846,0.1224848213978405,0.6408285083600105,-0.18114533916425937,0.9973404255319149,1.0,0.36014042553191494,2.1502866111695766,0.35,32.142857142857146,0.0,20.0,False
env_odom_noise,0.04736842105263158,0.5,0.0699708887492028,0.12238431047355978,0.6403223747587968,-0.07063919761240142,0.9986772486772487,1.0,0.36147724867724873,2.3127268299460413,0.3,31.666666666666668,0.0,20.0,False
env_odom_noise,0.04736842105263158,0.5,0.14488363132100487,0.12251320576889746,0.6383897074651789,0.09067233102865721,0.9986876640419947,1.0,0.3614876640419947,2.4302192702889442,0.3,32.666666666666664,0.0,20.0,False
env_odom_noise,0.04736842105263158,0.5,0.3,0.12251320887612159,0.6346627463795408,0.3110327376305886,1.0,1.0,0.3628,2.5046553015708923,0.3,33.333333333333336,0.0,20.0,False
env_odom_noise,0.05526315789473685,0.00010000000000000009,0.00010000000000000009,0.12499573260254526,0.8159268165938084,81.67221897165824,0.1431064572425829,0.22774869109947643,1.2663448516579408,0.41481071822345256,0.9,26.38888888888889,0.0,20.0,False
env_odom_noise,0.05526315789473685,0.00010000000000000009,0.00020706272838739032,0.12499573239673041,0.8159271308650633,63.79501715718741,0.156195462478185,0.268760907504363,1.212243630017452,0.415305033698678,0.9,26.38888888888889,0.0,20.0,False
env_odom_noise,0.05526315789473685,0.00010000000000000009,0.0004287497348723022,0.12499573211793479,0.8159304122089479,53.27513845979183,0.17975567190226877,0.31239092495637,1.1450534031413613,0.42161412797868253,0.9,26.38888888888889,0.0,20.0,False
env_odom_noise,0.05526315789473685,0.00010000000000000009,0.0008877808989802905,0.12499573194419863,0.8134575433746964,47.58561033899955,0.22473867595818817,0.36585365853658536,1.0466076655052263,0.42802054062485695,0.9,26.444444444444443,0.0,20.0,False
env_odom_noise,0.05526315789473685,0.00010000000000000009,0.001838263351530691,0.12480202195275471,0.8058248028102641,44.54869518036598,0.27327586206896554,0.43275862068965515,0.9311655172413793,0.40726777017116544,0.85,26.058823529411764,0.0,20.0,False
env_odom_noise,0.05526315789473685,0.00010000000000000009,0.003806358250624933,0.12480202491815005,0.8023770068190598,43.201538406469595,0.3281786941580756,0.5017182130584192,0.8073030927835052,0.44528058122377845,0.85,26.176470588235293,0.0,20.0,False
env_odom_noise,0.05526315789473685,0.00010000000000000009,0.00788154924594252,0.12424213296085501,0.7898970982174511,42.135955170999765,0.4010152284263959,0.5634517766497462,0.6727329949238579,0.4390033297240734,0.75,25.066666666666666,0.0,20.0,False
env_odom_noise,0.05526315789473685,0.00010000000000000009,0.01631975090784437,0.12388422636485409,0.7765570197515487,41.54734342594162,0.47761194029850745,0.5895522388059702,0.5700358208955223,0.4967267759144306,0.75,25.866666666666667,0.0,20.0,False
env_odom_noise,0.05526315789473685,0.00010000000000000009,0.03379212149580846,0.12388659279047634,0.7610470958171951,41.40325225866368,0.5307941653160454,0.6012965964343598,0.5051092382495947,0.6073173329234123,0.7,25.928571428571427,0.0,20.0,False
env_odom_noise,0.05526315789473685,0.00010000000000000009,0.0699708887492028,0.12360833885330341,0.7370561036875821,40.87042117369898,0.5579937304075235,0.6081504702194357,0.47105579937304076,0.7697530910372734,0.6,25.5,0.0,20.0,False
env_odom_noise,0.05526315789473685,0.00010000000000000009,0.14488363132100487,0.12323102315865622,0.7189946433315578,40.48663130945713,0.571537290715373,0.6133942161339422,0.45226849315068485,1.0329627245664597,0.5,24.7,0.0,20.0,False
env_odom_noise,0.05526315789473685,0.00010000000000000009,0.3,0.12259932779119542,0.7009726726775745,39.8978739761662,0.5785185185185185,0.6192592592592593,0.43942222222222216,1.2432445526123046,0.5,26.5,0.0,20.0,False
env_odom_noise,0.05526315789473685,0.00021690521830457365,0.00010000000000000009,0.12499573260254526,0.8159268165938084,47.43917344672729,0.16666666666666666,0.27225130890052357,1.1982820244328098,0.41481071822345256,0.9,26.38888888888889,0.0,20.0,False
env_odom_noise,0.05526315789473685,0.00021690521830457365,0.00020706272838739032,0.12499573232043987,0.8159272370951371,34.95300251333771,0.17888307155322863,0.3054101221640489,1.1529068062827224,0.4154181875288486,0.9,26.38888888888889,0.0,20.0,False
env_odom_noise,0.05526315789473685,0.00021690521830457365,0.0004287497348723022,0.12499573210159291,0.8159303827472154,26.606948106269016,0.2024432809773124,0.34904013961605584,1.0857165794066317,0.42210042402148246,0.9,26.38888888888889,0.0,20.0,False
env_odom_noise,0.05526315789473685,0.00021690521830457365,0.0008877808989802905,0.12499573121971579,0.8134616601374746,21.689135436063896,0.2465156794425087,0.40156794425087106,0.9891163763066202,0.42880265358835457,0.9,26.444444444444443,0.0,20.0,False
env_odom_noise,0.05526315789473685,0.00021690521830457365,0.001838263351530691,0.12480202284952989,0.8058302439042746,19.020827217111272,0.29310344827586204,0.4646551724137931,0.8794413793103448,0.4079915966838598,0.85,26.058823529411764,0.0,20.0,False
env_odom_noise,0.05526315789473685,0.00021690521830457365,0.003806358250624933,0.12480202409599532,0.8023846217922822,17.813094544310047,0.3487972508591065,0.5326460481099656,0.7557567010309278,0.4462010913761333,0.85,26.176470588235293,0.0,20.0,False
env_odom_noise,0.05526315789473685,0.00021690521830457365,0.00788154924594252,0.1242421333263539,0.7899026736351743,17.11487576044019,0.4196277495769882,0.5947546531302876,0.6228175972927241,0.4396821931004524,0.75,25.066666666666666,0.0,20.0,False
env_odom_noise,0.05526315789473685,0.00021690521830457365,0.01631975090784437,0.12388422802510443,0.776561184112958,16.83621463559281,0.4966832504145937,0.6185737976782753,0.521942951907131,0.4971930555999279,0.75,25.866666666666667,0.0,20.0,False
env_odom_noise,0.05526315789473685,0.00021690521830457365,0.03379212149580846,0.1238865927223968,0.761050429483444,16.862403367048643,0.5494327390599676,0.6304700162074555,0.45729724473257694,0.6076797127723694,0.7,25.928571428571427,0.0,20.0,False
env_odom_noise,0.05526315789473685,0.00021690521830457365,0.0699708887492028,0.12360833767687242,0.7370585627459996,16.767613371557136,0.5775862068965517,0.6371473354231975,0.4224664576802508,0.7700216092169285,0.6,25.5,0.0,20.0,False
env_odom_noise,0.05526315789473685,0.00021690521830457365,0.14488363132100487,0.12323102374572294,0.718996491525525,16.770587933087153,0.591324200913242,0.6423135464231354,0.40356225266362256,1.0331276036798953,0.5,24.7,0.0,20.0,False
env_odom_noise,0.05526315789473685,0.00021690521830457365,0.3,0.12259932823327784,0.7009737495492148,16.70680809466569,0.5985185185185186,0.6474074074074074,0.391274074074074,1.2433300286531448,0.5,26.5,0.0,20.0,False
env_odom_noise,0.05526315789473685,0.00047047873727754753,0.00010000000000000009,0.12499573260254526,0.8159268165938084,26.50979508168117,0.20767888307155322,0.343804537521815,1.0857165794066317,0.41481071822345256,0.9,26.38888888888889,0.0,20.0,False
env_odom_noise,0.05526315789473685,0.00047047873727754753,0.00020706272838739032,0.1249957323577446,0.8159272992962036,19.199739939948486,0.21902268760907503,0.3726003490401396,1.0455769633507854,0.4157776817679405,0.9,26.38888888888889,0.0,20.0,False
env_odom_noise,0.05526315789473685,0.00047047873727754753,0.0004287497348723022,0.12499573236559344,0.8159310794618876,13.447153813486478,0.23821989528795812,0.4075043630017452,0.9914757417102966,0.42326638475060463,0.9,26.38888888888889,0.0,20.0,False
env_odom_noise,0.05526315789473685,0.00047047873727754753,0.0008877808989802905,0.12499573070447548,0.8134702575378217,9.603090286814998,0.2770034843205575,0.45905923344947736,0.9011372822299651,0.4304707511328161,0.9,26.444444444444443,0.0,20.0,False
env_odom_noise,0.05526315789473685,0.00047047873727754753,0.001838263351530691,0.1248020232148855,0.8058420851610361,7.3601314011764725,0.32241379310344825,0.5241379310344828,0.790648275862069,0.4095439754426479,0.85,26.058823529411764,0.0,20.0,False
env_odom_noise,0.05526315789473685,0.00047047873727754753,0.003806358250624933,0.1248020256771999,0.8024005937391533,6.289976834053319,0.3797250859106529,0.5884879725085911,0.668986941580756,0.44818025841377673,0.85,26.176470588235293,0.0,20.0,False
env_odom_noise,0.05526315789473685,0.00047047873727754753,0.00788154924594252,0.1242421336742291,0.7899146961565897,5.777466315210461,0.44754653130287647,0.6489001692047377,0.5407532994923858,0.44114805962890385,0.75,25.066666666666666,0.0,20.0,False
env_odom_noise,0.05526315789473685,0.00047047873727754753,0.01631975090784437,0.12388422737086584,0.776570406611474,5.643901426107889,0.5240464344941956,0.6716417910447762,0.4415117744610282,0.49820310324430467,0.75,25.866666666666667,0.0,20.0,False
env_odom_noise,0.05526315789473685,0.00047047873727754753,0.03379212149580846,0.1238865933261419,0.7610576297203883,5.747744378730825,0.5769854132901134,0.6839546191247974,0.3762599675850892,0.6084645718336106,0.7,25.928571428571427,0.0,20.0,False
env_odom_noise,0.05526315789473685,0.00047047873727754753,0.0699708887492028,0.12360833934821841,0.737063841080235,5.852097313355763,0.603448275862069,0.6896551724137931,0.3440965517241379,0.7706041008234024,0.6,25.5,0.0,20.0,False
env_odom_noise,0.05526315789473685,0.00047047873727754753,0.14488363132100487,0.12323102435126213,0.7190003150828432,6.031341724259577,0.617199391171994,0.6940639269406392,0.3259366818873668,1.0334851644933223,0.5,24.7,0.0,20.0,False
env_odom_noise,0.05526315789473685,0.00047047873727754753,0.3,0.12259932759177491,0.700976113632566,6.20677902347705,0.6237037037037036,0.7,0.3134962962962964,1.2435156151652336,0.5,26.5,0.0,20.0,False
env_odom_noise,0.05526315789473685,0.001020492932168466,0.00010000000000000009,0.12499573261576521,0.8159268027908695,13.103042720311542,0.2600349040139616,0.43804537521815007,0.9391197207678883,0.4148639004677534,0.9,26.38888888888889,0.0,20.0,False
env_odom_noise,0.05526315789473685,0.001020492932168466,0.00020706272838739032,0.12499573179556488,0.8159280080314385,9.642336035912942,0.26788830715532286,0.45200698080279234,0.9173047120418848,0.41711822114884856,0.9,26.38888888888889,0.0,20.0,False
env_odom_noise,0.05526315789473685,0.001020492932168466,0.0004287497348723022,0.12499573326193646,0.8159368854526067,6.3373719270761635,0.28970331588132636,0.49476439790575916,0.8527322862129145,0.42634654715657233,0.9,26.38888888888889,0.0,20.0,False
env_odom_noise,0.05526315789473685,0.001020492932168466,0.0008877808989802905,0.12499573141788295,0.8134958077936308,3.738584189964212,0.32229965156794427,0.5331010452961672,0.7817993031358885,0.4345587283372879,0.9,26.444444444444443,0.0,20.0,False
env_odom_noise,0.05526315789473685,0.001020492932168466,0.001838263351530691,0.1248020261466324,0.8058799824982925,2.030756210881634,0.36379310344827587,0.5956896551724138,0.6777172413793103,0.4137194104492664,0.85,26.058823529411764,0.0,20.0,False
env_odom_noise,0.05526315789473685,0.001020492932168466,0.003806358250624933,0.12480202480267451,0.8000040558829011,1.1319666015621932,0.4202401372212693,0.6586620926243568,0.5582977701543739,0.4409130210056901,0.85,26.235294117647058,0.0,20.0,False
env_odom_noise,0.05526315789473685,0.001020492932168466,0.00788154924594252,0.12424213354898021,0.7899404498273214,0.7457490331913222,0.48646362098138746,0.7140439932318104,0.4366923857868021,0.4442955724895,0.75,25.066666666666666,0.0,20.0,False
env_odom_noise,0.05526315789473685,0.001020492932168466,0.01631975090784437,0.1238842274749083,0.7765902205354842,0.6845569408448507,0.560530679933665,0.736318407960199,0.340350912106136,0.5003870859742164,0.75,25.866666666666667,0.0,20.0,False
env_odom_noise,0.05526315789473685,0.001020492932168466,0.03379212149580846,0.12388659448583904,0.7610731529431407,0.8236456597743578,0.6126418152350082,0.7463533225283631,0.27820486223662877,0.6101633846759796,0.7,25.928571428571427,0.0,20.0,False
env_odom_noise,0.05526315789473685,0.001020492932168466,0.0699708887492028,0.12360833738730115,0.737075488260079,1.0167820903126505,0.6379310344827587,0.75,0.24926896551724131,0.7615549266338348,0.55,24.272727272727273,0.0,20.0,False
env_odom_noise,0.05526315789473685,0.001020492932168466,0.14488363132100487,0.12323102361454268,0.7190086690030115,1.2750484361574173,0.6514459665144596,0.7534246575342466,0.23232937595129377,1.034259946644306,0.5,24.7,0.0,20.0,False
env_odom_noise,0.05526315789473685,0.001020492932168466,0.3,0.12259932759340252,0.7009810904596352,1.5578372525814026,0.6585185185185185,0.7577777777777778,0.2209037037037037,1.2439172461628913,0.5,26.5,0.0,20.0,False
env_odom_noise,0.05526315789473685,0.0022135024223027535,0.00010000000000000009,0.12499573257818092,0.8159308322565603,4.9499040503724565,0.3324607329842932,0.5724258289703316,0.7323134380453753,0.4183305446058512,0.9,26.38888888888889,0.0,20.0,False
env_odom_noise,0.05526315789473685,0.0022135024223027535,0.00020706272838739032,0.12499573166174677,0.8159500625748531,3.6545998509122235,0.3411867364746946,0.5846422338568935,0.7113710296684119,0.42447449564933776,0.9,26.38888888888889,0.0,20.0,False
env_odom_noise,0.05526315789473685,0.0022135024223027535,0.0004287497348723022,0.12499573220210744,0.8159965106382846,2.133031105514613,0.3621291448516579,0.6143106457242583,0.6607602094240838,0.4362179605290294,0.9,26.38888888888889,0.0,20.0,False
env_odom_noise,0.05526315789473685,0.0022135024223027535,0.0008877808989802905,0.12499573325360736,0.8110662614399256,0.671086830582738,0.3869565217391304,0.6547826086956522,0.5954608695652174,0.4349120432045311,0.9,26.5,0.0,20.0,False
env_odom_noise,0.05526315789473685,0.0022135024223027535,0.001838263351530691,0.12480202420161461,0.8059690691794282,-0.43624228953705113,0.42844827586206896,0.7,0.5087517241379311,0.4231813319027424,0.85,26.058823529411764,0.0,20.0,False
env_odom_noise,0.05526315789473685,0.0022135024223027535,0.003806358250624933,0.12480202601348678,0.8000741726464511,-1.0959109359885824,0.4751286449399657,0.7521440823327615,0.40992727272727275,0.449732219055295,0.85,26.235294117647058,0.0,20.0,False
env_odom_noise,0.05526315789473685,0.0022135024223027535,0.00788154924594252,0.12424213173639653,0.7899943031770451,-1.3829248794367648,0.5414551607445008,0.8079526226734348,0.28779221658206433,0.4509839523583651,0.75,25.066666666666666,0.0,20.0,False
env_odom_noise,0.05526315789473685,0.0022135024223027535,0.01631975090784437,0.1238842274428679,0.776632630285531,-1.4001911207224227,0.6127694859038143,0.8250414593698175,0.19938905472636814,0.5050925716757775,0.75,25.866666666666667,0.0,20.0,False
env_odom_noise,0.05526315789473685,0.0022135024223027535,0.03379212149580846,0.12388659301802397,0.7611067042040212,-1.2449629867671121,0.6653160453808752,0.8346839546191248,0.1372,0.6138284772634506,0.7,25.928571428571427,0.0,20.0,True
env_odom_noise,0.05526315789473685,0.0022135024223027535,0.0699708887492028,0.12360833690581681,0.73710036778411,-1.01439661367365,0.6880877742946708,0.8377742946708464,0.12211347962382446,0.7642587296664715,0.55,24.272727272727273,0.0,20.0,False
env_odom_noise,0.05526315789473685,0.0022135024223027535,0.14488363132100487,0.12323102281993063,0.7190269568190739,-0.7223798605933616,0.700152207001522,0.8424657534246576,0.1294864535768645,1.0359385699033736,0.5,24.7,0.0,20.0,False
env_odom_noise,0.05526315789473685,0.0022135024223027535,0.3,0.1225993262137872,0.7009920197422062,-0.39329395413848933,0.7066666666666667,0.845925925925926,0.13254074074074074,1.244787785410881,0.5,26.5,0.0,20.0,False
env_odom_noise,0.05526315789473685,0.004801202261272809,0.00010000000000000009,0.12452114077000896,0.8099934426535833,0.5512981782065117,0.4542314335060449,0.7322970639032815,0.45067150259067357,0.40432264041155574,0.85,26.0,0.0,20.0,False
env_odom_noise,0.05526315789473685,0.004801202261272809,0.00020706272838739032,0.12452113935289127,0.8100126878314947,0.16733030014591993,0.4620034542314335,0.7400690846286702,0.4351274611398963,0.4096293690148741,0.85,26.0,0.0,20.0,False
env_odom_noise,0.05526315789473685,0.004801202261272809,0.0004287497348723022,0.12452113854157577,0.8070001991432536,-0.36902512532687576,0.4724612736660929,0.7512908777969018,0.4134478485370052,0.4191700391471386,0.85,26.11764705882353,0.0,20.0,False
env_odom_noise,0.05526315789473685,0.004801202261272809,0.0008877808989802905,0.12458212701675837,0.803108234437799,-1.016739283162612,0.4931506849315068,0.7799657534246576,0.3640835616438356,0.40648211538791656,0.85,26.294117647058822,0.0,20.0,False
env_odom_noise,0.05526315789473685,0.004801202261272809,0.001838263351530691,0.12458212658788546,0.8015361830816742,-1.5966119016118046,0.5324786324786325,0.811965811965812,0.29275555555555555,0.42538263853639363,0.85,26.352941176470587,0.0,20.0,False
env_odom_noise,0.05526315789473685,0.004801202261272809,0.003806358250624933,0.12458212535817043,0.7938814558117834,-2.00035210488653,0.565365025466893,0.8624787775891342,0.20935619694397278,0.4300524704158306,0.8,25.8125,0.0,20.0,False
env_odom_noise,0.05526315789473685,0.004801202261272809,0.00788154924594252,0.12388580122643932,0.7868103672222343,-2.1913378156021945,0.632943143812709,0.9021739130434783,0.10208294314381272,0.4304211623966694,0.75,25.533333333333335,0.0,20.0,True
env_odom_noise,0.05526315789473685,0.004801202261272809,0.01631975090784437,0.1236751699566156,0.7704407130107571,-2.1679388516133744,0.6949013157894737,0.9144736842105263,0.05222763157894739,0.4988920569419861,0.75,26.2,0.0,20.0,True
env_odom_noise,0.05526315789473685,0.004801202261272809,0.03379212149580846,0.12368105262842725,0.7617370222322251,-2.0007376691122727,0.7439418416801292,0.9232633279483037,0.09247851373182558,0.640287971496582,0.7,26.071428571428573,0.0,20.0,True
env_odom_noise,0.05526315789473685,0.004801202261272809,0.0699708887492028,0.12340872332592674,0.7356299112397418,-1.7562201900433718,0.7620904836193447,0.9251170046801872,0.10877347893915756,0.7840623311698437,0.55,24.545454545454547,0.0,20.0,False
env_odom_noise,0.05526315789473685,0.004801202261272809,0.14488363132100487,0.1230795637901201,0.7149123252169227,-1.4541698393878144,0.7737556561085973,0.9298642533936652,0.11569140271493217,1.0362745523452759,0.5,25.3,0.0,20.0,False
env_odom_noise,0.05526315789473685,0.004801202261272809,0.3,0.1223782999543882,0.6965017647357953,-1.106419973997155,0.7790014684287812,0.9317180616740088,0.11908340675477236,1.2467801973223687,0.5,27.1,0.0,20.0,False
env_odom_noise,0.05526315789473685,0.010414058246057912,0.00010000000000000009,0.12439556241104557,0.8010568457196112,-1.3913561380256285,0.5919931856899489,0.8568994889267462,0.18830732538330497,0.43749639503657817,0.8,25.6875,0.0,20.0,False
env_odom_noise,0.05526315789473685,0.010414058246057912,0.00020706272838739032,0.12439556304050244,0.7989406927892495,-1.487874281683182,0.5977891156462585,0.8630952380952381,0.17631564625850338,0.4300528571009636,0.8,25.75,0.0,20.0,False
env_odom_noise,0.05526315789473685,0.010414058246057912,0.0004287497348723022,0.12429522604236957,0.798968672836301,-1.644840412323909,0.6027164685908319,0.8726655348047538,0.1618179966044142,0.4272226780653,0.8,25.8125,0.0,20.0,False
env_odom_noise,0.05526315789473685,0.010414058246057912,0.0008877808989802905,0.12429522651732536,0.7949345125520098,-1.8598682033624099,0.6218274111675127,0.8883248730964467,0.12704771573604057,0.42119166869670155,0.8,25.9375,0.0,20.0,True
env_odom_noise,0.05526315789473685,0.010414058246057912,0.001838263351530691,0.12429522585148318,0.7950428213625657,-2.091416859012151,0.6489001692047377,0.916243654822335,0.07205617597292724,0.4504665892571211,0.8,25.9375,0.0,20.0,True
env_odom_noise,0.05526315789473685,0.010414058246057912,0.003806358250624933,0.12411520276515282,0.7903787704830358,-2.280553723028112,0.6884422110552764,0.9438860971524288,0.016356113902847635,0.44480579197406767,0.75,25.466666666666665,0.0,20.0,True
env_odom_noise,0.05526315789473685,0.010414058246057912,0.00788154924594252,0.1237048345490321,0.7807888428652688,-2.359041451919798,0.7371475953565506,0.9643449419568823,0.06429253731343287,0.4810609217733145,0.75,25.866666666666667,0.0,20.0,True
env_odom_noise,0.05526315789473685,0.010414058246057912,0.01631975090784437,0.12365321247531474,0.770124836839011,-2.303263496468166,0.79050736497545,0.972176759410802,0.125484124386252,0.5550393596291542,0.7,25.5,0.0,20.0,True
env_odom_noise,0.05526315789473685,0.010414058246057912,0.03379212149580846,0.12339466895677621,0.7529719819246442,-2.13832171543445,0.8362619808306709,0.9792332268370607,0.17829520766773166,0.6557988725602627,0.65,25.615384615384617,0.0,20.0,False
env_odom_noise,0.05526315789473685,0.010414058246057912,0.0699708887492028,0.12323649747517376,0.7290454807361565,-1.8857163064497398,0.8500772797527048,0.9806800618238022,0.19355734157650695,0.8222968108952046,0.55,25.09090909090909,0.0,20.0,False
env_odom_noise,0.05526315789473685,0.010414058246057912,0.14488363132100487,0.12265915418588848,0.710747765471904,-1.588654374239683,0.8615269461077845,0.9827844311377245,0.207111377245509,1.0794059716165065,0.5,25.8,0.0,20.0,False
env_odom_noise,0.05526315789473685,0.010414058246057912,0.3,0.12186316584594671,0.6940672573833729,-1.244851749177674,0.8658892128279884,0.9832361516034985,0.2119253644314869,1.2780753567814827,0.45,26.333333333333332,0.0,20.0,False
env_odom_noise,0.05526315789473685,0.02258863577297737,0.00010000000000000009,0.12432926700615866,0.7925369540534194,-2.0164086175811193,0.7420435510887772,0.9430485762144054,0.07079497487437181,0.4905581086874008,0.7,24.5,0.0,20.0,True
env_odom_noise,0.05526315789473685,0.02258863577297737,0.00020706272838739032,0.12432926539345938,0.7925477315161599,-2.0330886062440907,0.7453936348408711,0.9455611390284757,0.07163249581239539,0.49416568987071513,0.7,24.5,0.0,20.0,True
env_odom_noise,0.05526315789473685,0.02258863577297737,0.0004287497348723022,0.12432926716522127,0.7913284408214605,-2.060593790163365,0.7466555183946488,0.947324414715719,0.07113110367892983,0.5005692947655916,0.7,24.571428571428573,0.0,20.0,True
env_odom_noise,0.05526315789473685,0.02258863577297737,0.0008877808989802905,0.12448461933228601,0.791376049838867,-2.1095547027997408,0.7554257095158597,0.9557595993322203,0.07398530884808008,0.5011229127645492,0.7,24.642857142857142,0.0,20.0,True
env_odom_noise,0.05526315789473685,0.02258863577297737,0.001838263351530691,0.12448462207578828,0.7879072996781448,-2.168688718579348,0.7720465890183028,0.9650582362728786,0.09990482529118139,0.504655206669122,0.7,24.785714285714285,0.0,20.0,True
env_odom_noise,0.05526315789473685,0.02258863577297737,0.003806358250624933,0.1244846213656552,0.7834213758363574,-2.2178884653067508,0.8059701492537313,0.978441127694859,0.14721127694859037,0.5323751099407673,0.7,24.928571428571427,0.0,20.0,True
env_odom_noise,0.05526315789473685,0.02258863577297737,0.00788154924594252,0.12386666590765262,0.7778513255437475,-2.220766002085698,0.8412828947368421,0.9893092105263158,0.19339210526315798,0.5664682127535343,0.65,24.23076923076923,0.0,20.0,False
env_odom_noise,0.05526315789473685,0.02258863577297737,0.01631975090784437,0.12410436096614555,0.7664882206558814,-2.1357289322822375,0.890422077922078,0.9918831168831169,0.24510519480519488,0.6426049910485745,0.65,24.846153846153847,0.0,20.0,False
env_odom_noise,0.05526315789473685,0.02258863577297737,0.03379212149580846,0.12327803341852261,0.75163526646309,-1.9789496796697799,0.9199683042789224,0.9976228209191759,0.2803911251980983,0.7380836375057698,0.6,24.916666666666668,0.0,20.0,False
env_odom_noise,0.05526315789473685,0.02258863577297737,0.0699708887492028,0.12331216909470935,0.7243158901369465,-1.7367239500805571,0.9295558958652373,0.998468606431853,0.29082450229709034,0.9045675948262215,0.55,25.636363636363637,0.0,20.0,False
env_odom_noise,0.05526315789473685,0.02258863577297737,0.14488363132100487,0.12272055226977002,0.7079162459656976,-1.4453837116793378,0.9398216939078752,1.0,0.3026216939078752,1.1684893876314164,0.5,26.3,0.0,20.0,False
env_odom_noise,0.05526315789473685,0.02258863577297737,0.3,0.12216162804871934,0.6883813201382482,-1.1034406522023663,0.9425287356321839,1.0,0.3053287356321839,1.3375581331551074,0.45,27.444444444444443,0.0,20.0,False
env_odom_noise,0.05526315789473685,0.04899592973540154,0.00010000000000000009,0.12409842137991234,0.7776175724823722,-1.9317869878049163,0.8745901639344262,0.9795081967213115,0.21689836065573775,0.6472954779863358,0.65,24.384615384615383,0.0,20.0,False
env_odom_noise,0.05526315789473685,0.04899592973540154,0.00020706272838739032,0.12409841952184285,0.7776272404114278,-1.9328442863015478,0.8795081967213115,0.980327868852459,0.22263606557377058,0.649582713469863,0.65,24.384615384615383,0.0,20.0,False
env_odom_noise,0.05526315789473685,0.04899592973540154,0.0004287497348723022,0.12409841748830619,0.7776470904662368,-1.9346084941690236,0.8795081967213115,0.9819672131147541,0.22427540983606564,0.6543500695377589,0.65,24.384615384615383,0.0,20.0,False
env_odom_noise,0.05526315789473685,0.04899592973540154,0.0008877808989802905,0.12409841630055753,0.7776879581894162,-1.936739858628577,0.8836065573770492,0.9844262295081967,0.2308327868852459,0.6643387049436569,0.65,24.384615384615383,0.0,20.0,False
env_odom_noise,0.05526315789473685,0.04899592973540154,0.001838263351530691,0.12408074064895579,0.7777710250158983,-1.9380485881097285,0.8944353518821604,0.986088379705401,0.24332373158756138,0.6747077584266663,0.65,24.46153846153846,0.0,20.0,False
env_odom_noise,0.05526315789473685,0.04899592973540154,0.003806358250624933,0.12367741878836111,0.7712892768330304,-1.9328358210338252,0.9073170731707317,0.9902439024390244,0.26036097560975613,0.6661183513700962,0.6,23.583333333333332,0.0,20.0,False
env_odom_noise,0.05526315789473685,0.04899592973540154,0.00788154924594252,0.12391415687200431,0.7648987204942362,-1.8947291000787008,0.9314516129032258,0.9911290322580645,0.28538064516129025,0.7033410787582397,0.6,24.0,0.0,20.0,False
env_odom_noise,0.05526315789473685,0.04899592973540154,0.01631975090784437,0.12380301856794863,0.754746211522515,-1.8070066432433827,0.9569377990430622,0.9936204146730463,0.3133582137161085,0.7715704038739204,0.6,24.583333333333332,0.0,20.0,False
env_odom_noise,0.05526315789473685,0.04899592973540154,0.03379212149580846,0.12343821049329998,0.7450604904340407,-1.661333471757633,0.974960876369327,0.9976525821596244,0.33541345852895144,0.8813834249973297,0.55,24.363636363636363,0.0,20.0,False
env_odom_noise,0.05526315789473685,0.04899592973540154,0.0699708887492028,0.12326762321092488,0.7203199329166583,-1.4393979477487244,0.9810606060606061,0.9984848484848485,0.3423454545454546,1.0625825621187688,0.5,25.0,0.0,20.0,False
env_odom_noise,0.05526315789473685,0.04899592973540154,0.14488363132100487,0.12229584328628391,0.6936666834670832,-1.1459046777989925,0.9876093294460642,1.0,0.3504093294460642,1.2949070081114769,0.5,27.6,0.0,20.0,False
env_odom_noise,0.05526315789473685,0.04899592973540154,0.3,0.121997333810889,0.6881101398948738,-0.8409200394487765,0.9886039886039886,1.0,0.3514039886039886,1.4771022915840148,0.45,28.11111111111111,0.0,20.0,False
env_odom_noise,0.05526315789473685,0.10627472835292812,0.00010000000000000009,0.12361219887140887,0.7525010008488277,-1.5209820577589694,0.9494470774091627,0.9921011058451816,0.3043481832543443,0.8673056423664093,0.6,25.083333333333332,0.0,20.0,False
env_odom_noise,0.05526315789473685,0.10627472835292812,0.00020706272838739032,0.1236122010655028,0.7525099942943295,-1.5198288002672697,0.9502369668246445,0.9921011058451816,0.3051380726698262,0.8691288352012634,0.6,25.083333333333332,0.0,20.0,False
env_odom_noise,0.05526315789473685,0.10627472835292812,0.0004287497348723022,0.12361220183429229,0.7525281663269994,-1.517430701270877,0.9510268562401264,0.9921011058451816,0.30592796208530804,0.8729036062955856,0.6,25.083333333333332,0.0,20.0,False
env_odom_noise,0.05526315789473685,0.10627472835292812,0.0008877808989802905,0.12361219827858756,0.7525660133795555,-1.5124288920258628,0.95260663507109,0.9921011058451816,0.30750774091627164,0.8807097785174847,0.6,25.083333333333332,0.0,20.0,False
env_odom_noise,0.05526315789473685,0.10627472835292812,0.001838263351530691,0.12361219949411595,0.7526438537484342,-1.5019896342982018,0.9589257503949447,0.9928909952606635,0.31461674565560815,0.8967849649488926,0.6,25.083333333333332,0.0,20.0,False
env_odom_noise,0.05526315789473685,0.10627472835292812,0.003806358250624933,0.12361219841579221,0.749065983219856,-1.4821800287212912,0.9653543307086614,0.9937007874015747,0.32185511811023615,0.9104936957359314,0.6,25.25,0.0,20.0,False
env_odom_noise,0.05526315789473685,0.10627472835292812,0.00788154924594252,0.12367427488340024,0.7427381669205784,-1.442563050416651,0.9726989079563183,0.9945397815912637,0.330038689547582,0.9185743890702724,0.55,24.545454545454547,0.0,20.0,False
env_odom_noise,0.05526315789473685,0.10627472835292812,0.01631975090784437,0.12333993399098042,0.739642466179371,-1.3656702120761322,0.9844961240310077,0.9961240310077519,0.34342015503875967,0.9997488975524902,0.55,24.90909090909091,0.0,20.0,False
env_odom_noise,0.05526315789473685,0.10627472835292812,0.03379212149580846,0.12309699064423289,0.7237431329103023,-1.2397579253830406,0.9901365705614568,0.9984825493171472,0.35141911987860397,1.0954425431787969,0.55,26.181818181818183,0.0,20.0,False
env_odom_noise,0.05526315789473685,0.10627472835292812,0.0699708887492028,0.1223079571788842,0.7113935055966683,-1.0541693028914638,0.9933431952662722,0.9992603550295858,0.355403550295858,1.2977278590202332,0.5,26.6,0.0,20.0,False
env_odom_noise,0.05526315789473685,0.10627472835292812,0.14488363132100487,0.12171695608567079,0.6900141992877061,-0.7992456425211258,0.9978571428571429,1.0,0.3606571428571429,1.506198850274086,0.45,27.88888888888889,0.0,20.0,False
env_odom_noise,0.05526315789473685,0.10627472835292812,0.3,0.1219533796433797,0.6895375575742037,-0.4899749777428987,0.9986033519553073,1.0,0.36140335195530726,1.6958357006311418,0.35,27.0,0.0,20.0,False
env_odom_noise,0.05526315789473685,0.23051543153651136,0.00010000000000000009,0.12349405264319216,0.718740214347331,-0.947449941568503,0.9849397590361446,0.9969879518072289,0.3447277108433735,1.2980138279497624,0.55,26.636363636363637,0.0,20.0,False
env_odom_noise,0.05526315789473685,0.23051543153651136,0.00020706272838739032,0.12349405260176595,0.7187481181367854,-0.9465106364552528,0.9849397590361446,0.9969879518072289,0.3447277108433735,1.299473973363638,0.55,26.636363636363637,0.0,20.0,False
env_odom_noise,0.05526315789473685,0.23051543153651136,0.0004287497348723022,0.1234940516015696,0.7187644392005127,-0.9445733347627014,0.9849397590361446,0.9969879518072289,0.3447277108433735,1.3024922043085099,0.55,26.636363636363637,0.0,20.0,False
env_odom_noise,0.05526315789473685,0.23051543153651136,0.0008877808989802905,0.12349405143608234,0.718798077852505,-0.9405942359289691,0.9849397590361446,0.9977409638554217,0.3454807228915663,1.3087192133069039,0.55,26.636363636363637,0.0,20.0,False
env_odom_noise,0.05526315789473685,0.23051543153651136,0.001838263351530691,0.12316626896793119,0.718867587920688,-0.9340567283680289,0.984984984984985,0.9977477477477478,0.3455327327327328,1.304929691553116,0.55,26.818181818181817,0.0,20.0,False
env_odom_noise,0.05526315789473685,0.23051543153651136,0.003806358250624933,0.12297488635260327,0.7190097866682129,-0.9201938717935865,0.9850523168908819,0.9985052316890882,0.34635754857997014,1.3063456006348133,0.55,27.09090909090909,0.0,20.0,False
env_odom_noise,0.05526315789473685,0.23051543153651136,0.00788154924594252,0.12283205936462553,0.7182912626268189,-0.8901667712233696,0.9895678092399404,0.9985096870342772,0.3508774962742176,1.343642134964466,0.55,27.272727272727273,0.0,20.0,False
env_odom_noise,0.05526315789473685,0.23051543153651136,0.01631975090784437,0.12283205844800146,0.7063976395992088,-0.8358557588459659,0.9911634756995582,0.9985272459499264,0.3524907216494846,1.3843968152999877,0.55,28.0,0.0,20.0,False
env_odom_noise,0.05526315789473685,0.23051543153651136,0.03379212149580846,0.12187036491826082,0.6979379933414918,-0.7413542365230179,0.9934876989869754,0.9992764109985528,0.35556410998552823,1.4704634189605712,0.45,26.88888888888889,0.0,20.0,False
env_odom_noise,0.05526315789473685,0.23051543153651136,0.0699708887492028,0.12185223009617532,0.6866783986941114,-0.5920148615764408,0.9943502824858758,1.0,0.35715028248587577,1.6603703051805496,0.45,28.77777777777778,0.0,20.0,False
env_odom_noise,0.05526315789473685,0.23051543153651136,0.14488363132100487,0.1220330086126465,0.6855528654911033,-0.3755426094711094,0.9979367262723521,1.0,0.3607367262723521,1.8537964090704917,0.35,28.571428571428573,0.0,20.0,False
env_odom_noise,0.05526315789473685,0.23051543153651136,0.3,0.12249267977047561,0.6866388530233275,-0.11657361969053502,0.9986301369863013,1.0,0.36143013698630133,2.025200602412224,0.35,29.0,0.0,20.0,False
env_odom_noise,0.05526315789473685,0.5,0.00010000000000000009,0.1220551137634125,0.6826272212837216,-0.30627734076902824,0.9931129476584022,1.0,0.3559129476584022,1.9583276398479939,0.4,29.75,0.0,20.0,False
env_odom_noise,0.05526315789473685,0.5,0.00020706272838739032,0.12205511244845293,0.6826351453695263,-0.3057353060272103,0.9931129476584022,1.0,0.3559129476584022,1.9595043608918785,0.4,29.75,0.0,20.0,False
env_odom_noise,0.05526315789473685,0.5,0.0004287497348723022,0.12205511172710083,0.6826519447713584,-0.3046156742061319,0.9931129476584022,1.0,0.3559129476584022,1.96193852070719,0.4,29.75,0.0,20.0,False
env_odom_noise,0.05526315789473685,0.5,0.0008877808989802905,0.12205511519806866,0.6826864165238448,-0.30230973590036625,0.9931129476584022,1.0,0.3559129476584022,1.9669691693037747,0.4,29.75,0.0,20.0,False
env_odom_noise,0.05526315789473685,0.5,0.001838263351530691,0.12205511250236231,0.6827577975837291,-0.2975867038709326,0.993801652892562,1.0,0.35660165289256196,1.9773417979478836,0.4,29.75,0.0,20.0,False
env_odom_noise,0.05526315789473685,0.5,0.003806358250624933,0.12205511268922087,0.681448955502188,-0.28855065836309907,0.9938101788170564,1.0,0.35661017881705637,1.9919555874541401,0.4,29.875,0.0,20.0,False
env_odom_noise,0.05526315789473685,0.5,0.00788154924594252,0.1219853673230962,0.6801908725893326,-0.2706981441642524,0.9945130315500685,1.0,0.35731303155006855,2.022426019795239,0.4,30.125,0.0,20.0,False
env_odom_noise,0.05526315789473685,0.5,0.01631975090784437,0.1220908925255804,0.6750835791609743,-0.236067530750573,0.994579945799458,1.0,0.357379945799458,2.0652967654168606,0.4,31.25,0.0,20.0,False
env_odom_noise,0.05526315789473685,0.5,0.03379212149580846,0.12248482187322818,0.6713874831637102,-0.17195670981330968,0.9953519256308101,1.0,0.3581519256308101,2.150236101821065,0.35,32.285714285714285,0.0,20.0,False
env_odom_noise,0.05526315789473685,0.5,0.0699708887492028,0.12238431182272025,0.6721333549385216,-0.06352935132214757,0.9973544973544973,1.0,0.36015449735449734,2.316778139024973,0.3,31.666666666666668,0.0,20.0,False
env_odom_noise,0.05526315789473685,0.5,0.14488363132100487,0.12251320863407461,0.6703033837914135,0.09562408521860921,0.9986876640419947,1.0,0.3614876640419947,2.433865278214216,0.3,32.666666666666664,0.0,20.0,False
env_odom_noise,0.05526315789473685,0.5,0.3,0.12257032281579532,0.666515829286776,0.31286504185543956,0.999348109517601,1.0,0.362148109517601,2.503792352974415,0.3,33.5,0.0,20.0,False
env_odom_noise,0.06315789473684211,0.00010000000000000009,0.00010000000000000009,0.12499573559745727,0.84075788386689,92.08902941009617,0.13588850174216027,0.21951219512195122,1.2817993031358885,0.40999939292669296,0.9,26.444444444444443,0.0,20.0,False
env_odom_noise,0.06315789473684211,0.00010000000000000009,0.00020706272838739032,0.12499573539217612,0.8407582599697971,69.47157887543241,0.15069686411149827,0.2534843205574913,1.2330188153310102,0.4104861211031675,0.9,26.444444444444443,0.0,20.0,False
env_odom_noise,0.06315789473684211,0.00010000000000000009,0.0004287497348723022,0.12499573518457105,0.8407619750919347,56.18488314648038,0.171602787456446,0.2935540069686411,1.172043205574913,0.41665698401629925,0.9,26.444444444444443,0.0,20.0,False
env_odom_noise,0.06315789473684211,0.00010000000000000009,0.0008877808989802905,0.12499573446238778,0.8394584955867889,49.0167542028393,0.20782608695652174,0.35304347826086957,1.0763304347826086,0.44559812396764753,0.9,26.5,0.0,20.0,False
env_odom_noise,0.06315789473684211,0.00010000000000000009,0.001838263351530691,0.12480202526458915,0.8332208537747335,45.29140615322005,0.25517241379310346,0.41810344827586204,0.9639241379310346,0.41404503397643566,0.85,26.058823529411764,0.0,20.0,False
env_odom_noise,0.06315789473684211,0.00010000000000000009,0.003806358250624933,0.12480202530888715,0.829238442256848,43.559896544956196,0.31872852233676974,0.49054982817869414,0.8279216494845361,0.45024001770652833,0.85,26.176470588235293,0.0,20.0,False
env_odom_noise,0.06315789473684211,0.00010000000000000009,0.00788154924594252,0.1246630642763292,0.8234101234118795,42.63036708387367,0.38245315161839866,0.5502555366269165,0.7044913117546848,0.48611825201660397,0.75,24.8,0.0,20.0,False
env_odom_noise,0.06315789473684211,0.00010000000000000009,0.01631975090784437,0.12388422602140246,0.8041607722858791,41.6318075263184,0.4626865671641791,0.5870646766169154,0.5874487562189055,0.5034872405230999,0.75,25.866666666666667,0.0,20.0,False
env_odom_noise,0.06315789473684211,0.00010000000000000009,0.03379212149580846,0.12388659422436182,0.7887470087264291,41.44387437338362,0.5226904376012966,0.5972447325769854,0.517264829821718,0.6126020699739456,0.7,25.928571428571427,0.0,20.0,False
env_odom_noise,0.06315789473684211,0.00010000000000000009,0.0699708887492028,0.1236083395561389,0.7646460679724786,40.8903183429797,0.5532915360501567,0.6081504702194357,0.4757579937304076,0.7630777761340142,0.55,24.272727272727273,0.0,20.0,False
env_odom_noise,0.06315789473684211,0.00010000000000000009,0.14488363132100487,0.1232310242283772,0.7451872339849591,40.43460597003564,0.567629179331307,0.6132218844984803,0.45634893617021277,1.0308492168784142,0.5,24.8,0.0,20.0,False
env_odom_noise,0.06315789473684211,0.00010000000000000009,0.3,0.12259932697679639,0.7307622886342704,39.96017669528952,0.5771513353115727,0.6186943620178041,0.44135430267062314,1.2502276971936226,0.5,26.4,0.0,20.0,False
env_odom_noise,0.06315789473684211,0.00021690521830457365,0.00010000000000000009,0.12499573559745727,0.84075788386689,55.82007910920074,0.16376306620209058,0.2613240418118467,1.2121128919860626,0.40999939292669296,0.9,26.444444444444443,0.0,20.0,False
env_odom_noise,0.06315789473684211,0.00021690521830457365,0.00020706272838739032,0.12499573518554151,0.8407583737503426,39.93215257395664,0.171602787456446,0.29006968641114983,1.175527526132404,0.41059645377099513,0.9,26.444444444444443,0.0,20.0,False
env_odom_noise,0.06315789473684211,0.00021690521830457365,0.0004287497348723022,0.12499573403999759,0.8407621190408519,29.332816097800986,0.19425087108013936,0.33013937282229966,1.112809756097561,0.4171333223581314,0.9,26.444444444444443,0.0,20.0,False
env_odom_noise,0.06315789473684211,0.00021690521830457365,0.0008877808989802905,0.1249957334781449,0.8394636515090829,23.102030806357774,0.22956521739130434,0.38782608695652177,1.019808695652174,0.4463606648147106,0.9,26.5,0.0,20.0,False
env_odom_noise,0.06315789473684211,0.00021690521830457365,0.001838263351530691,0.12480202653269813,0.8332276546134885,19.747459683224708,0.27413793103448275,0.44913793103448274,0.9139241379310346,0.4147554710507393,0.85,26.058823529411764,0.0,20.0,False
env_odom_noise,0.06315789473684211,0.00021690521830457365,0.003806358250624933,0.12480202497724024,0.8292477892906243,18.167553318348887,0.3393470790378007,0.520618556701031,0.7772343642611683,0.45115189091302454,0.85,26.176470588235293,0.0,20.0,False
env_odom_noise,0.06315789473684211,0.00021690521830457365,0.00788154924594252,0.12466306367946285,0.8234168052615796,17.43661513231981,0.40119250425894376,0.5817717206132879,0.6542357751277683,0.4867843333631754,0.75,24.8,0.0,20.0,False
env_odom_noise,0.06315789473684211,0.00021690521830457365,0.01631975090784437,0.1238842276321497,0.8041658087614738,16.920463059259287,0.48175787728026537,0.6160862354892206,0.539355887230514,0.5039445608854294,0.75,25.866666666666667,0.0,20.0,False
env_odom_noise,0.06315789473684211,0.00021690521830457365,0.03379212149580846,0.123886591790387,0.7887509951301996,16.902974000935366,0.5413290113452188,0.626418152350081,0.46945283630470014,0.6129604667425156,0.7,25.928571428571427,0.0,20.0,False
env_odom_noise,0.06315789473684211,0.00021690521830457365,0.0699708887492028,0.12360833941945179,0.7646488958622314,16.78749809856258,0.572884012539185,0.6371473354231975,0.42716865203761756,0.7633427925407886,0.55,24.272727272727273,0.0,20.0,False
env_odom_noise,0.06315789473684211,0.00021690521830457365,0.14488363132100487,0.12327248158272677,0.7451893120407292,16.781034986907105,0.58649468892261,0.641122913505311,0.4095823975720789,1.0267209827899932,0.5,24.9,0.0,20.0,False
env_odom_noise,0.06315789473684211,0.00021690521830457365,0.3,0.1225993283728618,0.7307634617175687,16.734702379278545,0.5971810089020771,0.6468842729970327,0.3931347181008902,1.2503129199147225,0.5,26.4,0.0,20.0,False
env_odom_noise,0.06315789473684211,0.00047047873727754753,0.00010000000000000009,0.12499573559745727,0.84075788386689,32.53396178514851,0.1986062717770035,0.32926829268292684,1.1093254355400697,0.40999939292669296,0.9,26.444444444444443,0.0,20.0,False
env_odom_noise,0.06315789473684211,0.00047047873727754753,0.00020706272838739032,0.12499573562757955,0.8407584249269379,23.18066807621313,0.21080139372822299,0.3606271777003484,1.0657714285714286,0.41094690971076486,0.9,26.444444444444443,0.0,20.0,False
env_odom_noise,0.06315789473684211,0.00047047873727754753,0.0004287497348723022,0.12499573461420826,0.8407629829238015,15.826296443811762,0.2273519163763066,0.3911149825783972,1.0187331010452962,0.41827634945511816,0.9,26.444444444444443,0.0,20.0,False
env_odom_noise,0.06315789473684211,0.00047047873727754753,0.0008877808989802905,0.12499573400062672,0.8394748344459357,10.922408532511406,0.2634782608695652,0.4504347826086956,0.9232869565217392,0.447984429448843,0.9,26.5,0.0,20.0,False
env_odom_noise,0.06315789473684211,0.00047047873727754753,0.001838263351530691,0.12480202618370312,0.8332422874019763,8.055201484427204,0.3017241379310345,0.5025862068965518,0.8328896551724138,0.4162796661257744,0.85,26.058823529411764,0.0,20.0,False
env_odom_noise,0.06315789473684211,0.00047047873727754753,0.003806358250624933,0.12480202576255779,0.8292675970340075,6.636408417080465,0.36769759450171824,0.5747422680412371,0.6947601374570447,0.4531134605407715,0.85,26.176470588235293,0.0,20.0,False
env_odom_noise,0.06315789473684211,0.00047047873727754753,0.00788154924594252,0.12466306184461043,0.8234311730273338,6.0186625720636195,0.4301533219761499,0.6354344122657581,0.571612265758092,0.4882226478308439,0.75,24.8,0.0,20.0,False
env_odom_noise,0.06315789473684211,0.00047047873727754753,0.01631975090784437,0.12388422673095258,0.8041767484510125,5.727688060534898,0.5082918739635157,0.6691542288557214,0.45975389718076287,0.5049350902438163,0.75,25.866666666666667,0.0,20.0,False
env_odom_noise,0.06315789473684211,0.00047047873727754753,0.03379212149580846,0.12388659524511504,0.78875956051765,5.788208268380421,0.5680713128038898,0.679902755267423,0.38922593192868715,0.6137374266982079,0.7,25.928571428571427,0.0,20.0,False
env_odom_noise,0.06315789473684211,0.00047047873727754753,0.0699708887492028,0.12360833950195321,0.7646551990963647,5.871955799254416,0.5987460815047022,0.6896551724137931,0.34879874608150463,0.7639168672263622,0.55,24.272727272727273,0.0,20.0,False
env_odom_noise,0.06315789473684211,0.00047047873727754753,0.14488363132100487,0.1232724830747388,0.7451939891414908,6.040701905276992,0.6122913505311077,0.6927162367223065,0.33219241274658573,1.0270778238773346,0.5,24.9,0.0,20.0,False
env_odom_noise,0.06315789473684211,0.00047047873727754753,0.3,0.12259932710613464,0.7307662099277192,6.219093010360011,0.6224035608308606,0.6995548961424333,0.31524154302670615,1.2504977956414223,0.5,26.4,0.0,20.0,False
env_odom_noise,0.06315789473684211,0.001020492932168466,0.00010000000000000009,0.12499573559745727,0.8407578699504928,16.93499691156805,0.25261324041811845,0.4268292682926829,0.9577574912891986,0.410052128136158,0.9,26.444444444444443,0.0,20.0,False
env_odom_noise,0.06315789473684211,0.001020492932168466,0.00020706272838739032,0.12499573496996441,0.8407592004779044,12.483017838214181,0.26306620209059234,0.4442508710801394,0.9298829268292683,0.41225721351802347,0.9,26.444444444444443,0.0,20.0,False
env_odom_noise,0.06315789473684211,0.001020492932168466,0.0004287497348723022,0.12499573533385844,0.8407706472362497,8.227508012638616,0.27961672473867594,0.4764808362369338,0.8811024390243902,0.4213018275797367,0.9,26.444444444444443,0.0,20.0,False
env_odom_noise,0.06315789473684211,0.001020492932168466,0.0008877808989802905,0.12499573450916517,0.8395070782294213,4.885812187748114,0.30869565217391304,0.5208695652173913,0.8076347826086957,0.45193891376256945,0.9,26.5,0.0,20.0,False
env_odom_noise,0.06315789473684211,0.001020492932168466,0.001838263351530691,0.12480202384269158,0.833288462911643,2.6691236277298787,0.3456896551724138,0.5784482758620689,0.7130620689655173,0.4203857768326998,0.85,26.058823529411764,0.0,20.0,False
env_odom_noise,0.06315789473684211,0.001020492932168466,0.003806358250624933,0.12480202565349817,0.8293093903668152,1.4722833174567647,0.4106529209621993,0.6417525773195877,0.584794501718213,0.45728667126968503,0.85,26.176470588235293,0.0,20.0,False
env_odom_noise,0.06315789473684211,0.001020492932168466,0.00788154924594252,0.12466306351729198,0.8234621651003338,0.947220962329368,0.469335604770017,0.7001703577512777,0.4676940374787053,0.4913121420890093,0.75,24.8,0.0,20.0,False
env_odom_noise,0.06315789473684211,0.001020492932168466,0.01631975090784437,0.12388422571571923,0.8042006937235909,0.7673688278801968,0.5456053067993366,0.7330016583747927,0.3585930348258707,0.5070772655308247,0.75,25.866666666666667,0.0,20.0,False
env_odom_noise,0.06315789473684211,0.001020492932168466,0.03379212149580846,0.12388659468868445,0.7887780511103258,0.8638790816671745,0.6029173419773096,0.7423014586709886,0.29198119935170175,0.6154179170727729,0.7,25.928571428571427,0.0,20.0,False
env_odom_noise,0.06315789473684211,0.001020492932168466,0.0699708887492028,0.12360833913687509,0.7646689662528644,1.0365848359238656,0.6332288401253918,0.75,0.25397115987460817,0.7651604697108269,0.55,24.272727272727273,0.0,20.0,False
env_odom_noise,0.06315789473684211,0.001020492932168466,0.14488363132100487,0.12327248322825925,0.7452040302713262,1.2839398775390083,0.6464339908952959,0.7518968133535661,0.23886919575113807,1.0278507985174656,0.5,24.9,0.0,20.0,False
env_odom_noise,0.06315789473684211,0.001020492932168466,0.3,0.12259932760591215,0.7307720805900412,1.5632504209248916,0.6572700296735905,0.7574183976261127,0.22251157270029676,1.250898814201355,0.5,26.4,0.0,20.0,False
env_odom_noise,0.06315789473684211,0.0022135024223027535,0.00010000000000000009,0.1249957345294922,0.8407628908048457,7.126575019836211,0.32229965156794427,0.554006968641115,0.7608933797909407,0.4134477723389864,0.9,26.444444444444443,0.0,20.0,False
env_odom_noise,0.06315789473684211,0.0022135024223027535,0.00020706272838739032,0.12499573432276781,0.8407862712966272,5.448705025710732,0.3327526132404181,0.5696864111498258,0.7347609756097562,0.4194812595844269,0.9,26.444444444444443,0.0,20.0,False
env_odom_noise,0.06315789473684211,0.0022135024223027535,0.0004287497348723022,0.12499573362205216,0.8408427395299972,3.4725458706772483,0.3475609756097561,0.5914634146341463,0.6981756097560976,0.4310356887057424,0.9,26.444444444444443,0.0,20.0,False
env_odom_noise,0.06315789473684211,0.0022135024223027535,0.0008877808989802905,0.12499573415931202,0.8370276088912367,1.5776322635593945,0.3741319444444444,0.6319444444444444,0.6311236111111111,0.45166533440351486,0.9,26.555555555555557,0.0,20.0,False
env_odom_noise,0.06315789473684211,0.0022135024223027535,0.001838263351530691,0.12480202450437204,0.8316008372256009,0.10917329809145229,0.4079173838209983,0.6833046471600689,0.5459779690189328,0.4232421308755875,0.85,26.11764705882353,0.0,20.0,False
env_odom_noise,0.06315789473684211,0.0022135024223027535,0.003806358250624933,0.12480202551190131,0.8258204786956962,-0.7910556432933075,0.4648972602739726,0.7363013698630136,0.43600136986301374,0.4483337502926588,0.85,26.294117647058822,0.0,20.0,False
env_odom_noise,0.06315789473684211,0.0022135024223027535,0.00788154924594252,0.12456108346492684,0.82167414180395,-1.211968108275055,0.5246179966044142,0.7911714770797963,0.3214105263157895,0.4774082597345114,0.75,24.933333333333334,0.0,20.0,False
env_odom_noise,0.06315789473684211,0.0022135024223027535,0.01631975090784437,0.12388422683550683,0.8020428272780837,-1.3215117471046771,0.5968543046357616,0.8220198675496688,0.21832582781456955,0.5012303926050663,0.75,25.933333333333334,0.0,20.0,False
env_odom_noise,0.06315789473684211,0.0022135024223027535,0.03379212149580846,0.12388659159894583,0.7888182385292875,-1.2052147130020545,0.6547811993517018,0.8306320907617504,0.15178670988654785,0.6190448105335236,0.7,25.928571428571427,0.0,20.0,False
env_odom_noise,0.06315789473684211,0.0022135024223027535,0.0699708887492028,0.12360833881196233,0.7646985132301322,-0.9947133948520476,0.6841692789968652,0.8377742946708464,0.11819498432601883,0.7678516998887062,0.55,24.272727272727273,0.0,20.0,False
env_odom_noise,0.06315789473684211,0.0022135024223027535,0.14488363132100487,0.12327248326981396,0.7452255588508698,-0.7136846084360013,0.6949924127465857,0.8414264036418816,0.1253660091047042,1.0295259393751621,0.5,24.9,0.0,20.0,False
env_odom_noise,0.06315789473684211,0.0022135024223027535,0.3,0.1225993276653353,0.7307847386167692,-0.3907827741949785,0.7054896142433235,0.8456973293768546,0.1315922848664689,1.251767748594284,0.5,26.4,0.0,20.0,False
env_odom_noise,0.06315789473684211,0.004801202261272809,0.00010000000000000009,0.1245211366924191,0.8360235315903746,1.7071982822999172,0.44396551724137934,0.7086206896551724,0.4846137931034482,0.42246836274862287,0.85,26.058823529411764,0.0,20.0,False
env_odom_noise,0.06315789473684211,0.004801202261272809,0.00020706272838739032,0.12452113920313398,0.83604893348175,1.1986330499189648,0.4525862068965517,0.725,0.4596137931034483,0.4273735523223877,0.85,26.058823529411764,0.0,20.0,False
env_odom_noise,0.06315789473684211,0.004801202261272809,0.0004287497348723022,0.12452113891760669,0.8326839017135435,0.47935530602465876,0.45962199312714774,0.7353951890034365,0.44218281786941577,0.4194071378558874,0.85,26.176470588235293,0.0,20.0,False
env_odom_noise,0.06315789473684211,0.004801202261272809,0.0008877808989802905,0.12458212663723212,0.8327736539990118,-0.3752113235283314,0.48027444253859347,0.7607204116638079,0.39620514579759863,0.4245467118918896,0.85,26.235294117647058,0.0,20.0,False
env_odom_noise,0.06315789473684211,0.004801202261272809,0.001838263351530691,0.12458212756863721,0.8307684343978926,-1.1664715271839827,0.509417808219178,0.791095890410959,0.336686301369863,0.44271514043211935,0.85,26.294117647058822,0.0,20.0,False
env_odom_noise,0.06315789473684211,0.004801202261272809,0.003806358250624933,0.12458212740045468,0.8220181527965821,-1.7362370506584952,0.5509337860780985,0.8438030560271647,0.24246315789473682,0.4499041333794594,0.8,25.8125,0.0,20.0,False
env_odom_noise,0.06315789473684211,0.004801202261272809,0.00788154924594252,0.1238858004190994,0.8095922230875786,-2.0444623625052274,0.6156405990016639,0.8926788685524126,0.12888053244592346,0.4218889161944389,0.75,25.733333333333334,0.0,20.0,True
env_odom_noise,0.06315789473684211,0.004801202261272809,0.01631975090784437,0.12367516994452653,0.7966482558249643,-2.089241285078084,0.6814449917898193,0.9113300492610837,0.04442495894909693,0.49799627885222436,0.7,25.357142857142858,0.0,20.0,True
env_odom_noise,0.06315789473684211,0.004801202261272809,0.03379212149580846,0.12368105121867222,0.7895660047631298,-1.9619126363489685,0.7326332794830371,0.9192245557350566,0.08520872374798061,0.6452035412192345,0.7,26.071428571428573,0.0,20.0,True
env_odom_noise,0.06315789473684211,0.004801202261272809,0.0699708887492028,0.12340872085016312,0.762108209800639,-1.7359986549277215,0.7593457943925234,0.9252336448598131,0.10591214953271033,0.7812456578016281,0.55,24.636363636363637,0.0,20.0,False
env_odom_noise,0.06315789473684211,0.004801202261272809,0.14488363132100487,0.12307956217652812,0.7442901642025723,-1.4470361941611642,0.7688821752265861,0.9290030211480362,0.11167915407854989,1.0433644272387028,0.5,25.2,0.0,20.0,False
env_odom_noise,0.06315789473684211,0.004801202261272809,0.3,0.12237830005970003,0.7264031453892127,-1.1051016610560713,0.7779411764705882,0.9316176470588236,0.11812352941176474,1.253864659368992,0.5,27.0,0.0,20.0,False
env_odom_noise,0.06315789473684211,0.010414058246057912,0.00010000000000000009,0.12429522517421747,0.8287428317332508,-0.8282142505882186,0.5739795918367347,0.8324829931972789,0.23073741496598632,0.43409125693142414,0.8,25.75,0.0,20.0,False
env_odom_noise,0.06315789473684211,0.010414058246057912,0.00020706272838739032,0.12429522384410732,0.8287608680532521,-0.9539434123449068,0.576530612244898,0.8384353741496599,0.22223401360544215,0.43776742182672024,0.8,25.75,0.0,20.0,False
env_odom_noise,0.06315789473684211,0.010414058246057912,0.0004287497348723022,0.12429522495951018,0.822507215982399,-1.1688270372071612,0.5862944162436549,0.8468697123519459,0.20403587140439927,0.4151639886200428,0.8,25.9375,0.0,20.0,False
env_odom_noise,0.06315789473684211,0.010414058246057912,0.0008877808989802905,0.12429522632541777,0.8225764558921074,-1.4601398549527727,0.5964467005076142,0.8646362098138748,0.17611708967851103,0.4282645730301738,0.8,25.9375,0.0,20.0,False
env_odom_noise,0.06315789473684211,0.010414058246057912,0.001838263351530691,0.12429522645923426,0.822711775443993,-1.7888974759897058,0.6302876480541455,0.8925549915397631,0.11435736040609135,0.4571394953876734,0.8,25.9375,0.0,20.0,True
env_odom_noise,0.06315789473684211,0.010414058246057912,0.003806358250624933,0.12411520219169414,0.8181901633924913,-2.0758747168465024,0.6658291457286433,0.9254606365159129,0.045910217755443794,0.451639861240983,0.75,25.466666666666665,0.0,20.0,True
env_odom_noise,0.06315789473684211,0.010414058246057912,0.00788154924594252,0.12370483475288503,0.8085742435934492,-2.2339107749140537,0.714759535655058,0.956882255389718,0.03444179104477607,0.48753872364759443,0.75,25.866666666666667,0.0,20.0,True
env_odom_noise,0.06315789473684211,0.010414058246057912,0.01631975090784437,0.12365321340097944,0.7979625348136186,-2.2330225219487088,0.7692307692307693,0.969721767594108,0.10175253682487728,0.5530703984200954,0.65,24.46153846153846,0.0,20.0,False
env_odom_noise,0.06315789473684211,0.010414058246057912,0.03379212149580846,0.12339466812227877,0.7808270117259302,-2.1013777953602686,0.8242811501597445,0.9752396166134185,0.16232076677316298,0.6608444266021252,0.65,25.615384615384617,0.0,20.0,False
env_odom_noise,0.06315789473684211,0.010414058246057912,0.0699708887492028,0.12323649715209005,0.7551592512253272,-1.8652991694259344,0.8479938271604939,0.9799382716049383,0.19073209876543218,0.8180641435086727,0.55,25.181818181818183,0.0,20.0,False
env_odom_noise,0.06315789473684211,0.010414058246057912,0.14488363132100487,0.1226591547035003,0.7388494321925733,-1.5791711245582993,0.8570359281437125,0.9820359281437125,0.2018718562874251,1.082575750350952,0.5,25.8,0.0,20.0,False
env_odom_noise,0.06315789473684211,0.010414058246057912,0.3,0.12192630277920186,0.7215096723970555,-1.2431926125379356,0.8642960812772134,0.9833091436865021,0.2104052249637155,1.2672613091766833,0.45,26.666666666666668,0.0,20.0,False
env_odom_noise,0.06315789473684211,0.02258863577297737,0.00010000000000000009,0.12432926621880394,0.8193362506417028,-1.7397859550090409,0.7224080267558528,0.9188963210702341,0.07531170568561874,0.498533820733428,0.7,24.571428571428573,0.0,20.0,True
env_odom_noise,0.06315789473684211,0.02258863577297737,0.00020706272838739032,0.12448462200050524,0.8193504544419273,-1.7670044644490408,0.7237061769616027,0.9215358931552587,0.07397028380634396,0.4906397365033627,0.7,24.642857142857142,0.0,20.0,True
env_odom_noise,0.06315789473684211,0.02258863577297737,0.0004287497348723022,0.1244846220205531,0.819379340630709,-1.8119218967483255,0.7295492487479132,0.9307178631051753,0.07063138564273785,0.496216931566596,0.7,24.642857142857142,0.0,20.0,True
env_odom_noise,0.06315789473684211,0.02258863577297737,0.0008877808989802905,0.12448462256462262,0.817675331066866,-1.884534178328026,0.7375,0.9383333333333334,0.07096666666666673,0.49994183965027333,0.7,24.714285714285715,0.0,20.0,True
env_odom_noise,0.06315789473684211,0.02258863577297737,0.001838263351530691,0.12448462028041124,0.8160039445612636,-1.9798740845401164,0.7470881863560732,0.9534109816971714,0.06547720465890183,0.5114871935918928,0.7,24.785714285714285,0.0,20.0,True
env_odom_noise,0.06315789473684211,0.02258863577297737,0.003806358250624933,0.12448462167573662,0.8101661412642723,-2.073515668837037,0.7781456953642384,0.9701986754966887,0.1111443708609271,0.5309118308126927,0.65,23.923076923076923,0.0,20.0,False
env_odom_noise,0.06315789473684211,0.02258863577297737,0.00788154924594252,0.12386666600606325,0.8059179088127026,-2.1230980146363585,0.8207236842105263,0.9868421052631579,0.1703657894736842,0.572792912274599,0.65,24.23076923076923,0.0,20.0,False
env_odom_noise,0.06315789473684211,0.02258863577297737,0.01631975090784437,0.12410436193529202,0.7965558690592784,-2.076051605589297,0.8691056910569106,0.9910569105691057,0.22296260162601633,0.6573408618569374,0.65,24.76923076923077,0.0,20.0,False
env_odom_noise,0.06315789473684211,0.02258863577297737,0.03379212149580846,0.12327803234231391,0.7798065399640174,-1.9450874569247574,0.9112519809825673,0.9952456418383518,0.2692976228209192,0.7430063791573047,0.6,24.916666666666668,0.0,20.0,False
env_odom_noise,0.06315789473684211,0.02258863577297737,0.0699708887492028,0.12331216945995332,0.7523578264354641,-1.7184993140215263,0.9264931087289433,0.9977029096477795,0.28699601837672284,0.90850750207901,0.55,25.636363636363637,0.0,20.0,False
env_odom_noise,0.06315789473684211,0.02258863577297737,0.14488363132100487,0.12272055327251058,0.7358004982132507,-1.4366152473241,0.9361069836552749,0.9992570579494799,0.29816404160475485,1.1710379876196384,0.5,26.3,0.0,20.0,False
env_odom_noise,0.06315789473684211,0.02258863577297737,0.3,0.12216162537848438,0.7169203685580596,-1.098819601631062,0.9418103448275862,1.0,0.3046103448275862,1.3406924150884152,0.45,27.444444444444443,0.0,20.0,False
env_odom_noise,0.06315789473684211,0.04899592973540154,0.00010000000000000009,0.124098417933613,0.8062293392226311,-1.8004420876799598,0.8442622950819673,0.9721311475409836,0.1791934426229509,0.654100839421153,0.65,24.384615384615383,0.0,20.0,False
env_odom_noise,0.06315789473684211,0.04899592973540154,0.00020706272838739032,0.12409841694560687,0.8062409156745944,-1.8033682795547057,0.8459016393442623,0.9729508196721312,0.18165245901639349,0.6563710313290357,0.65,24.384615384615383,0.0,20.0,False
env_odom_noise,0.06315789473684211,0.04899592973540154,0.0004287497348723022,0.12409841879988662,0.8062649472943115,-1.808790167422169,0.8467213114754099,0.9737704918032787,0.18329180327868855,0.6610943377017975,0.65,24.384615384615383,0.0,20.0,False
env_odom_noise,0.06315789473684211,0.04899592973540154,0.0008877808989802905,0.12409841759304269,0.8063142852100869,-1.817717150824604,0.8540983606557377,0.9762295081967213,0.19312786885245903,0.6709505289793014,0.65,24.384615384615383,0.0,20.0,False
env_odom_noise,0.06315789473684211,0.04899592973540154,0.001838263351530691,0.12408073962271908,0.8064146854939663,-1.8307390440867615,0.8707037643207856,0.9803600654664485,0.21386382978723406,0.6809823021292687,0.65,24.46153846153846,0.0,20.0,False
env_odom_noise,0.06315789473684211,0.04899592973540154,0.003806358250624933,0.12367741799853535,0.7986641155533064,-1.8421512095135764,0.890422077922078,0.9862012987012987,0.23942337662337665,0.6690505839884281,0.6,23.666666666666668,0.0,20.0,False
env_odom_noise,0.06315789473684211,0.04899592973540154,0.00788154924594252,0.12380301809720144,0.7915640112791826,-1.8287085227911746,0.9139871382636656,0.9903536977491961,0.26714083601286176,0.6935266733169556,0.6,24.166666666666668,0.0,20.0,False
env_odom_noise,0.06315789473684211,0.04899592973540154,0.01631975090784437,0.12380301842861113,0.7832524390118906,-1.7599468480044373,0.9433811802232854,0.9912280701754386,0.297409250398724,0.7768121317029,0.6,24.583333333333332,0.0,20.0,False
env_odom_noise,0.06315789473684211,0.04899592973540154,0.03379212149580846,0.12343821168319653,0.7700801641832427,-1.6313078033727986,0.96801872074883,0.9976599063962559,0.3284786271450859,0.8692241735756397,0.55,24.545454545454547,0.0,20.0,False
env_odom_noise,0.06315789473684211,0.04899592973540154,0.0699708887492028,0.12326762315940454,0.7487915631443055,-1.4227106019724443,0.9787878787878788,0.9977272727272727,0.33931515151515146,1.066544160246849,0.5,25.0,0.0,20.0,False
env_odom_noise,0.06315789473684211,0.04899592973540154,0.14488363132100487,0.12208950291340621,0.7221567299426912,-1.1397309227472388,0.9839883551673945,1.0,0.3467883551673945,1.2912733182311058,0.5,27.7,0.0,20.0,False
env_odom_noise,0.06315789473684211,0.04899592973540154,0.3,0.12199733582086777,0.7171521277136762,-0.8363683509525519,0.9878917378917379,1.0,0.3506917378917379,1.4800450593233108,0.45,28.11111111111111,0.0,20.0,False
env_odom_noise,0.06315789473684211,0.10627472835292812,0.00010000000000000009,0.12361219844546152,0.7815519939363703,-1.4584499567293947,0.9320695102685624,0.990521327014218,0.2853908372827805,0.8731566913425922,0.6,25.083333333333332,0.0,20.0,False
env_odom_noise,0.06315789473684211,0.10627472835292812,0.00020706272838739032,0.12361219877974178,0.7815625753900838,-1.4577207951189821,0.9328593996840442,0.990521327014218,0.2861807266982622,0.8749576851725578,0.6,25.083333333333332,0.0,20.0,False
env_odom_noise,0.06315789473684211,0.10627472835292812,0.0004287497348723022,0.12361220289541658,0.781584188521052,-1.4561769271488973,0.9352290679304898,0.990521327014218,0.2885503949447078,0.8786851428449154,0.6,25.083333333333332,0.0,20.0,False
env_odom_noise,0.06315789473684211,0.10627472835292812,0.0008877808989802905,0.12361219918177416,0.7816289134562049,-1.452849044473204,0.9352290679304898,0.990521327014218,0.2885503949447078,0.8863888315856456,0.6,25.083333333333332,0.0,20.0,False
env_odom_noise,0.06315789473684211,0.10627472835292812,0.001838263351530691,0.12361220035218518,0.7798434213030218,-1.4464832487475743,0.9376971608832808,0.9921135646687698,0.2926107255520506,0.8927027933299542,0.6,25.166666666666668,0.0,20.0,False
env_odom_noise,0.06315789473684211,0.10627472835292812,0.003806358250624933,0.12361219910663965,0.7749332016161316,-1.4318296006682545,0.9466248037676609,0.9921507064364207,0.3015755102040816,0.9029718577861786,0.6,25.416666666666668,0.0,20.0,False
env_odom_noise,0.06315789473684211,0.10627472835292812,0.00788154924594252,0.12367427035670307,0.7698030222921697,-1.400335023221855,0.9595015576323987,0.9937694704049844,0.3160710280373832,0.9157023765146732,0.55,24.636363636363637,0.0,20.0,False
env_odom_noise,0.06315789473684211,0.10627472835292812,0.01631975090784437,0.12367427061652186,0.7686977987523692,-1.3299956389382261,0.9758942457231726,0.994556765163297,0.3332510108864697,1.0225654140114784,0.55,24.727272727272727,0.0,20.0,False
env_odom_noise,0.06315789473684211,0.10627472835292812,0.03379212149580846,0.12309698962243772,0.7526303045626168,-1.2169547551889368,0.9871016691957512,0.9977238239757208,0.34762549317147196,1.0997461713850498,0.55,26.181818181818183,0.0,20.0,False
env_odom_noise,0.06315789473684211,0.10627472835292812,0.0699708887492028,0.12230795650198081,0.7403719352051893,-1.0399575433781123,0.9918639053254438,0.9985207100591716,0.35318461538461543,1.3012508556246758,0.5,26.6,0.0,20.0,False
env_odom_noise,0.06315789473684211,0.10627472835292812,0.14488363132100487,0.12171695558485796,0.7180916061658476,-0.7885561609593121,0.9957203994293866,1.0,0.3585203994293866,1.5057986930012703,0.45,28.0,0.0,20.0,False
env_odom_noise,0.06315789473684211,0.10627472835292812,0.3,0.12195337923233708,0.7224547634897699,-0.4884922348936766,0.9979020979020979,1.0,0.36070209790209795,1.7044042870402336,0.35,26.857142857142858,0.0,20.0,False
env_odom_noise,0.06315789473684211,0.23051543153651136,0.00010000000000000009,0.1234940508128009,0.7481057591235024,-0.9175287730352285,0.9766566265060241,0.9962349397590361,0.33569156626506025,1.3030677706003189,0.55,26.636363636363637,0.0,20.0,False
env_odom_noise,0.06315789473684211,0.23051543153651136,0.00020706272838739032,0.12349405399108532,0.7481150941023712,-0.9166842584547074,0.9766566265060241,0.9962349397590361,0.33569156626506025,1.3045114770531654,0.55,26.636363636363637,0.0,20.0,False
env_odom_noise,0.06315789473684211,0.23051543153651136,0.0004287497348723022,0.12349405330092506,0.7481344415933693,-0.9149405318030088,0.9766566265060241,0.9962349397590361,0.33569156626506025,1.3074957817792892,0.55,26.636363636363637,0.0,20.0,False
env_odom_noise,0.06315789473684211,0.23051543153651136,0.0008877808989802905,0.12349405380782803,0.7481741272357239,-0.9113518362381553,0.9774096385542169,0.9962349397590361,0.33644457831325303,1.3136544197797775,0.55,26.636363636363637,0.0,20.0,False
env_odom_noise,0.06315789473684211,0.23051543153651136,0.001838263351530691,0.12301037734434171,0.7482565378323979,-0.9064899145204482,0.9790104947526237,0.9962518740629686,0.33806236881559226,1.3019347503781318,0.55,26.90909090909091,0.0,20.0,False
env_odom_noise,0.06315789473684211,0.23051543153651136,0.003806358250624933,0.12297488349444255,0.7484248185790818,-0.8933498839675593,0.9805680119581465,0.9962630792227205,0.339631091180867,1.3111416392028332,0.55,27.09090909090909,0.0,20.0,False
env_odom_noise,0.06315789473684211,0.23051543153651136,0.00788154924594252,0.12283205691983887,0.7468194064459683,-0.866042897486907,0.984375,0.9970238095238095,0.34419880952380955,1.3414252035319805,0.55,27.363636363636363,0.0,20.0,False
env_odom_noise,0.06315789473684211,0.23051543153651136,0.01631975090784437,0.12283205999076183,0.7374576267786154,-0.8151592350603999,0.9889380530973452,0.9985250737463127,0.3502631268436579,1.3948328152298928,0.55,27.90909090909091,0.0,20.0,False
env_odom_noise,0.06315789473684211,0.23051543153651136,0.03379212149580846,0.12187036592786024,0.7270846957383922,-0.7254849503154357,0.9913169319826338,0.9985528219971056,0.35266975397973943,1.4742225602269172,0.45,26.88888888888889,0.0,20.0,False
env_odom_noise,0.06315789473684211,0.23051543153651136,0.0699708887492028,0.12185223118479455,0.7162809420139782,-0.5809469176395856,0.9936440677966102,0.9992937853107344,0.3557378531073446,1.6635337963700294,0.45,28.77777777777778,0.0,20.0,False
env_odom_noise,0.06315789473684211,0.23051543153651136,0.14488363132100487,0.12203301055796917,0.7170928389043475,-0.36839621039489207,0.9972489683631361,1.0,0.36004896836313616,1.8582472071051597,0.35,28.571428571428573,0.0,20.0,False
env_odom_noise,0.06315789473684211,0.23051543153651136,0.3,0.12249268274150625,0.7185280162023677,-0.11241912175303082,0.9979452054794521,1.0,0.3607452054794521,2.029585474729538,0.35,29.0,0.0,20.0,False
env_odom_noise,0.06315789473684211,0.5,0.00010000000000000009,0.12205511290523079,0.7150599563908069,-0.2910688517036766,0.9910344827586207,0.9993103448275862,0.3531448275862069,1.968339210934937,0.4,29.625,0.0,20.0,False
env_odom_noise,0.06315789473684211,0.5,0.00020706272838739032,0.12205511601467893,0.7150690324995306,-0.2905525190577891,0.9910344827586207,0.9993103448275862,0.3531448275862069,1.9694988407194614,0.4,29.625,0.0,20.0,False
env_odom_noise,0.06315789473684211,0.5,0.0004287497348723022,0.12205511576110746,0.7150881591929339,-0.28948579121342677,0.9917241379310345,0.9993103448275862,0.3538344827586207,1.971897589415312,0.4,29.625,0.0,20.0,False
env_odom_noise,0.06315789473684211,0.5,0.0008877808989802905,0.12205511595941321,0.7151272994172887,-0.2872880868053863,0.9917241379310345,0.9993103448275862,0.3538344827586207,1.976855249144137,0.4,29.625,0.0,20.0,False
env_odom_noise,0.06315789473684211,0.5,0.001838263351530691,0.12205511577549989,0.7135453103913464,-0.28325962771998847,0.9924242424242424,0.9993112947658402,0.3545355371900827,1.9806166162714363,0.4,29.75,0.0,20.0,False
env_odom_noise,0.06315789473684211,0.5,0.003806358250624933,0.12205511438770837,0.7122249791421751,-0.2745951433650826,0.9931224209078404,0.9993122420907841,0.3552346629986245,1.9950988890603185,0.4,29.875,0.0,20.0,False
env_odom_noise,0.06315789473684211,0.5,0.00788154924594252,0.12198536948908296,0.7089626710550193,-0.2578864810977635,0.9931600547195623,0.9993160054719562,0.3552760601915185,2.022905757278204,0.4,30.375,0.0,20.0,False
env_odom_noise,0.06315789473684211,0.5,0.01631975090784437,0.12209089331466551,0.7073480614141958,-0.22093291276736512,0.9925975773889637,0.9993270524899058,0.35472462987886955,2.081444367207587,0.35,30.857142857142858,0.0,20.0,False
env_odom_noise,0.06315789473684211,0.5,0.03379212149580846,0.122484820495652,0.7036291080938807,-0.161228341454795,0.9946879150066401,0.99933598937583,0.35682390438247014,2.154929174669087,0.35,32.285714285714285,0.0,20.0,False
env_odom_noise,0.06315789473684211,0.5,0.0699708887492028,0.12238430958033915,0.70463704360539,-0.0552308400200162,0.9947089947089947,1.0,0.35750899470899467,2.3210817977786062,0.3,31.666666666666668,0.0,20.0,False
env_odom_noise,0.06315789473684211,0.5,0.14488363132100487,0.12251320831431797,0.7028864650780621,0.10140328706490423,0.9980314960629921,1.0,0.36083149606299214,2.4378026269376276,0.3,32.666666666666664,0.0,20.0,False
env_odom_noise,0.06315789473684211,0.5,0.3,0.12257032349097666,0.6990321120607826,0.31650129879111105,0.9986962190352021,1.0,0.3614962190352021,2.5076106183230875,0.3,33.5,0.0,20.0,False
env_odom_noise,0.07105263157894737,0.00010000000000000009,0.00010000000000000009,0.1249957345494635,0.8685938500575149,104.17290122849711,0.1367595818815331,0.21341463414634146,1.2870257839721253,0.41750131621956826,0.9,26.444444444444443,0.0,20.0,False
env_odom_noise,0.07105263157894737,0.00010000000000000009,0.00020706272838739032,0.12499573481462435,0.8685943366704318,76.10313769937285,0.14547038327526132,0.23867595818815332,1.2530536585365852,0.41797969974577426,0.9,26.444444444444443,0.0,20.0,False
env_odom_noise,0.07105263157894737,0.00010000000000000009,0.0004287497348723022,0.12499573339596876,0.86731861596413,59.54985226543857,0.16608695652173913,0.2817391304347826,1.1893739130434784,0.43528797551989556,0.9,26.5,0.0,20.0,False
env_odom_noise,0.07105263157894737,0.00010000000000000009,0.0008877808989802905,0.12499573351821033,0.8673770152287291,50.74903344634625,0.19478260869565217,0.3373913043478261,1.1050260869565216,0.4526482105255127,0.9,26.5,0.0,20.0,False
env_odom_noise,0.07105263157894737,0.00010000000000000009,0.001838263351530691,0.12480202530766964,0.8633168071463799,46.226912202172045,0.23834196891191708,0.39896373056994816,0.9998943005181348,0.43197485581040385,0.85,26.0,0.0,20.0,False
env_odom_noise,0.07105263157894737,0.00010000000000000009,0.003806358250624933,0.12480202425987688,0.8542802095715789,43.8219532841657,0.300513698630137,0.4743150684931507,0.8623712328767124,0.4595136985182762,0.85,26.294117647058822,0.0,20.0,False
env_odom_noise,0.07105263157894737,0.00010000000000000009,0.00788154924594252,0.12456108264837448,0.8478021979649305,42.668326379554856,0.3686440677966102,0.5406779661016949,0.7278779661016949,0.4746360436081886,0.75,25.0,0.0,20.0,False
env_odom_noise,0.07105263157894737,0.00010000000000000009,0.01631975090784437,0.1238842261372872,0.830102444232976,41.65645101595285,0.4470198675496689,0.5802980132450332,0.6098821192052979,0.5120601117610931,0.75,25.933333333333334,0.0,20.0,False
env_odom_noise,0.07105263157894737,0.00010000000000000009,0.03379212149580846,0.12388659379370177,0.8169474038415773,41.49043794879653,0.5129659643435981,0.5948136142625607,0.5294204213938412,0.6183772519230842,0.7,25.928571428571427,0.0,20.0,False
env_odom_noise,0.07105263157894737,0.00010000000000000009,0.0699708887492028,0.12360833759974334,0.7914987861108097,40.84716055342826,0.5500782472613458,0.6087636932707355,0.47835805946791865,0.7611048325896264,0.55,24.363636363636363,0.0,20.0,False
env_odom_noise,0.07105263157894737,0.00010000000000000009,0.14488363132100487,0.12327248382634522,0.7736285392148337,40.51061797897536,0.5644916540212443,0.6115326251896813,0.4611757207890743,1.0301494270563125,0.5,24.9,0.0,20.0,False
env_odom_noise,0.07105263157894737,0.00010000000000000009,0.3,0.12256422739033856,0.7576617060699237,39.927295824588214,0.5769230769230769,0.6183431952662722,0.4419337278106509,1.24360164180398,0.5,26.6,0.0,20.0,False
env_odom_noise,0.07105263157894737,0.00021690521830457365,0.00010000000000000009,0.1249957345494635,0.8685938500575149,65.50461062854589,0.15940766550522648,0.25522648083623695,1.2225658536585366,0.41750131621956826,0.9,26.444444444444443,0.0,20.0,False
env_odom_noise,0.07105263157894737,0.00021690521830457365,0.00020706272838739032,0.12499573457053524,0.868594488262719,45.70684670593661,0.16986062717770034,0.27439024390243905,1.1929491289198606,0.41808713488280774,0.9,26.444444444444443,0.0,20.0,False
env_odom_noise,0.07105263157894737,0.00021690521830457365,0.0004287497348723022,0.12499573319515114,0.8673191266656174,32.480223629300596,0.18695652173913044,0.3191304347826087,1.1311130434782608,0.435751011967659,0.9,26.5,0.0,20.0,False
env_odom_noise,0.07105263157894737,0.00021690521830457365,0.0008877808989802905,0.12499573384740516,0.8673832946034838,24.761599345258322,0.21478260869565216,0.37043478260869567,1.0519826086956523,0.4534002088010311,0.9,26.5,0.0,20.0,False
env_odom_noise,0.07105263157894737,0.00021690521830457365,0.001838263351530691,0.12480202498368229,0.8633249378649337,20.620317727458314,0.2599309153713299,0.4309153713298791,0.9463537132987909,0.43267100863158703,0.85,26.0,0.0,20.0,False
env_odom_noise,0.07105263157894737,0.00021690521830457365,0.003806358250624933,0.12480202339007952,0.8542911314567977,18.51205499376169,0.3193493150684932,0.5051369863013698,0.812713698630137,0.460191672667861,0.85,26.294117647058822,0.0,20.0,False
env_odom_noise,0.07105263157894737,0.00021690521830457365,0.00788154924594252,0.12456108261862762,0.8478102087375531,17.56118916901567,0.38728813559322034,0.5703389830508474,0.6795728813559323,0.47519510239362717,0.75,25.0,0.0,20.0,False
env_odom_noise,0.07105263157894737,0.00021690521830457365,0.01631975090784437,0.12388422712755567,0.8301082010147175,16.985773844597446,0.46688741721854304,0.609271523178808,0.5610410596026489,0.5124789007008076,0.75,25.933333333333334,0.0,20.0,False
env_odom_noise,0.07105263157894737,0.00021690521830457365,0.03379212149580846,0.12388659246395814,0.8169520914561863,16.949480699759718,0.5316045380875203,0.6239870340356564,0.48160842787682334,0.6187314942479134,0.7,25.928571428571427,0.0,20.0,False
env_odom_noise,0.07105263157894737,0.00021690521830457365,0.0699708887492028,0.1236083380953427,0.7915022414799345,16.78204741129936,0.5696400625978091,0.6377151799687011,0.4298447574334898,0.7613646671175957,0.55,24.363636363636363,0.0,20.0,False
env_odom_noise,0.07105263157894737,0.00021690521830457365,0.14488363132100487,0.12327248341018315,0.7736309790613253,16.792128410980517,0.5842185128983308,0.6403641881638846,0.41261729893778454,1.0303135886788368,0.5,24.9,0.0,20.0,False
env_odom_noise,0.07105263157894737,0.00021690521830457365,0.3,0.12256422779062519,0.7576631757127902,16.721956878012346,0.5968934911242604,0.6464497041420119,0.39385680473372775,1.2436870791018009,0.5,26.6,0.0,20.0,False
env_odom_noise,0.07105263157894737,0.00047047873727754753,0.00010000000000000009,0.1249957345494635,0.8685938500575149,39.480438197232125,0.1951219512195122,0.3240418118466899,1.118036236933798,0.41750131621956826,0.9,26.444444444444443,0.0,20.0,False
env_odom_noise,0.07105263157894737,0.00047047873727754753,0.00020706272838739032,0.12499573475433572,0.8685946261110319,27.780711705966866,0.2038327526132404,0.34494773519163763,1.088419512195122,0.4184283893555403,0.9,26.444444444444443,0.0,20.0,False
env_odom_noise,0.07105263157894737,0.00047047873727754753,0.0004287497348723022,0.12499573428868709,0.8673209150412502,18.573130094573983,0.22086956521739132,0.38,1.0363304347826086,0.43686423972249033,0.9,26.5,0.0,20.0,False
env_odom_noise,0.07105263157894737,0.00047047873727754753,0.0008877808989802905,0.12499573491472682,0.8673965292493129,12.450382064097548,0.24434782608695652,0.43217391304347824,0.9606782608695653,0.45500087887048724,0.9,26.5,0.0,20.0,False
env_odom_noise,0.07105263157894737,0.00047047873727754753,0.001838263351530691,0.12480202650608246,0.863342426970143,8.871499154550717,0.28929188255613125,0.48877374784110533,0.8591343696027633,0.4341638531535864,0.85,26.0,0.0,20.0,False
env_odom_noise,0.07105263157894737,0.00047047873727754753,0.003806358250624933,0.12480202541188808,0.8543146681448734,7.011103368408399,0.348458904109589,0.5590753424657534,0.7296657534246576,0.461651049181819,0.85,26.294117647058822,0.0,20.0,False
env_odom_noise,0.07105263157894737,0.00047047873727754753,0.00788154924594252,0.12456108605138541,0.847827757857504,6.1811262223151076,0.41694915254237286,0.6262711864406779,0.5939796610169492,0.47640311568975446,0.75,25.0,0.0,20.0,False
env_odom_noise,0.07105263157894737,0.00047047873727754753,0.01631975090784437,0.12388422641557244,0.8301205941401059,5.811004408485257,0.49337748344370863,0.6630794701986755,0.48074304635761583,0.5133866049349308,0.75,25.933333333333334,0.0,20.0,False
env_odom_noise,0.07105263157894737,0.00047047873727754753,0.03379212149580846,0.12388659517459977,0.816961989673839,5.83459082815282,0.5583468395461912,0.6774716369529984,0.40138152350081036,0.6194999128580093,0.7,25.928571428571427,0.0,20.0,False
env_odom_noise,0.07105263157894737,0.00047047873727754753,0.0699708887492028,0.12360833704842257,0.7915097230121637,5.883559062377532,0.5954616588419406,0.6901408450704225,0.3515974960876369,0.7619278065860271,0.55,24.363636363636363,0.0,20.0,False
env_odom_noise,0.07105263157894737,0.00047047873727754753,0.14488363132100487,0.1232724815264753,0.7736362733542833,6.051787654880344,0.6100151745068285,0.6919575113808801,0.33522731411229134,1.030668643862009,0.5,24.9,0.0,20.0,False
env_odom_noise,0.07105263157894737,0.00047047873727754753,0.3,0.1225642275237285,0.7576661888584243,6.215678708543347,0.6220414201183432,0.6989644970414202,0.31619408284023665,1.2438722543418408,0.5,26.6,0.0,20.0,False
env_odom_noise,0.07105263157894737,0.001020492932168466,0.00010000000000000009,0.1249957345494635,0.8685938358106228,21.348410019182385,0.24912891986062718,0.41202090592334495,0.9760501742160279,0.4175535477697849,0.9,26.444444444444443,0.0,20.0,False
env_odom_noise,0.07105263157894737,0.001020492932168466,0.00020706272838739032,0.12499573481880852,0.868595812965012,15.759026271954164,0.2569686411149826,0.4346689895470383,0.9455623693379791,0.4197079993784428,0.9,26.444444444444443,0.0,20.0,False
env_odom_noise,0.07105263157894737,0.001020492932168466,0.0004287497348723022,0.12499573369575845,0.8673316269731098,10.412133194493473,0.271304347826087,0.46608695652173915,0.8998086956521738,0.43982143998146056,0.9,26.5,0.0,20.0,False
env_odom_noise,0.07105263157894737,0.001020492932168466,0.0008877808989802905,0.12499573486740546,0.8647643083838855,6.185931788736262,0.2942708333333333,0.5078125,0.8351166666666667,0.44890685603022573,0.9,26.555555555555557,0.0,20.0,False
env_odom_noise,0.07105263157894737,0.001020492932168466,0.001838263351530691,0.12480202610535594,0.8611992765221687,3.400297460487541,0.33275862068965517,0.5594827586206896,0.7449586206896552,0.42757078595459463,0.85,26.058823529411764,0.0,20.0,False
env_odom_noise,0.07105263157894737,0.001020492932168466,0.003806358250624933,0.12480202494734995,0.8543638430951357,1.8464835908890884,0.3895547945205479,0.6258561643835616,0.6217890410958904,0.46477185748517513,0.85,26.294117647058822,0.0,20.0,False
env_odom_noise,0.07105263157894737,0.001020492932168466,0.00788154924594252,0.12456108321568776,0.8478652639401613,1.123318032524379,0.4542372881355932,0.690677966101695,0.4922847457627118,0.47899824306368827,0.75,25.0,0.0,20.0,False
env_odom_noise,0.07105263157894737,0.001020492932168466,0.01631975090784437,0.1238842270325448,0.8301475008660972,0.8577888727916088,0.5306291390728477,0.7284768211920529,0.37809403973509936,0.5153496958315372,0.75,25.933333333333334,0.0,20.0,False
env_odom_noise,0.07105263157894737,0.001020492932168466,0.03379212149580846,0.12388659159856633,0.8169836840264966,0.9099967150018193,0.593192868719611,0.7398703403565641,0.30413679092382495,0.6211623162031173,0.7,25.928571428571427,0.0,20.0,False
env_odom_noise,0.07105263157894737,0.001020492932168466,0.0699708887492028,0.12360833711364513,0.7915256482065998,1.0556942602834112,0.6298904538341158,0.7503912363067292,0.256918309859155,0.7631474144756794,0.55,24.363636363636363,0.0,20.0,False
env_odom_noise,0.07105263157894737,0.001020492932168466,0.14488363132100487,0.12327248278858487,0.7736477382696637,1.2950109165765864,0.6441578148710166,0.7511380880121397,0.24190409711684369,1.0314383640885354,0.5,24.9,0.0,20.0,False
env_odom_noise,0.07105263157894737,0.001020492932168466,0.3,0.12256422859594569,0.7576728717052271,1.5641843943893008,0.6568047337278107,0.7566568047337278,0.22373846153846155,1.2442738965153695,0.5,26.6,0.0,20.0,False
env_odom_noise,0.07105263157894737,0.0022135024223027535,0.00010000000000000009,0.12499573480243498,0.8686004502975727,9.632188542033319,0.3205574912891986,0.5409407665505227,0.7757017421602788,0.42087815813720225,0.9,26.444444444444443,0.0,20.0,False
env_odom_noise,0.07105263157894737,0.0022135024223027535,0.00020706272838739032,0.12499573379404731,0.8673489002290697,7.5316808950555645,0.32956521739130434,0.5556521739130434,0.7519826086956523,0.4381484366953373,0.9,26.5,0.0,20.0,False
env_odom_noise,0.07105263157894737,0.0022135024223027535,0.0004287497348723022,0.12499573428021317,0.8674203273211412,5.0243191462947205,0.33652173913043476,0.5739130434782609,0.7267652173913044,0.4493810124695301,0.9,26.5,0.0,20.0,False
env_odom_noise,0.07105263157894737,0.0022135024223027535,0.0008877808989802905,0.12474138366034315,0.8648892014501142,2.600764802398843,0.3578856152512998,0.6126516464471404,0.6666627383015598,0.44791795313358307,0.9,26.61111111111111,0.0,20.0,False
env_odom_noise,0.07105263157894737,0.0022135024223027535,0.001838263351530691,0.12480202625947735,0.8595409478983622,0.7372485869997621,0.3958691910499139,0.6652323580034424,0.5760984509466437,0.43077635392546654,0.85,26.11764705882353,0.0,20.0,False
env_odom_noise,0.07105263157894737,0.0022135024223027535,0.003806358250624933,0.12480202501942393,0.8544648585376966,-0.4381659145852316,0.4486301369863014,0.7243150684931506,0.46425479452054796,0.4713600531220436,0.85,26.294117647058822,0.0,20.0,False
env_odom_noise,0.07105263157894737,0.0022135024223027535,0.00788154924594252,0.12456108310593067,0.8479440888338435,-1.0300068676092624,0.5067796610169492,0.7822033898305085,0.3482169491525423,0.4845261607319117,0.75,25.0,0.0,20.0,False
env_odom_noise,0.07105263157894737,0.0022135024223027535,0.01631975090784437,0.12388422398378336,0.8302051587432913,-1.2277740301241393,0.5844370860927153,0.8178807947019867,0.234882119205298,0.5195818915963173,0.75,25.933333333333334,0.0,20.0,False
env_odom_noise,0.07105263157894737,0.0022135024223027535,0.03379212149580846,0.12388659180104288,0.8170301468723394,-1.1596555450005854,0.6458670988654781,0.8282009724473258,0.16313192868719606,0.6247503206133842,0.7,25.928571428571427,0.0,20.0,False
env_odom_noise,0.07105263157894737,0.0022135024223027535,0.0699708887492028,0.12360833757787179,0.7915605065491385,-0.9725553547880735,0.6807511737089202,0.8380281690140845,0.11842065727699524,0.7657877638936043,0.55,24.363636363636363,0.0,20.0,False
env_odom_noise,0.07105263157894737,0.0022135024223027535,0.14488363132100487,0.12327248212956222,0.7719295317649514,-0.704355932748539,0.6931818181818182,0.8409090909090909,0.12407272727272733,1.0218916937708855,0.5,25.0,0.0,20.0,False
env_odom_noise,0.07105263157894737,0.0022135024223027535,0.3,0.12256422845937794,0.7576875446255675,-0.3878015887705894,0.7048816568047337,0.8461538461538461,0.1305278106508876,1.2451440304517747,0.5,26.6,0.0,20.0,False
env_odom_noise,0.07105263157894737,0.004801202261272809,0.00010000000000000009,0.12452113844335247,0.8639502787075383,3.013908561401944,0.43189655172413793,0.6905172413793104,0.5147862068965516,0.4299096941947937,0.85,26.058823529411764,0.0,20.0,False
env_odom_noise,0.07105263157894737,0.004801202261272809,0.00020706272838739032,0.12452113702215128,0.8606149942779119,2.3775576408570793,0.4381443298969072,0.697594501718213,0.5014611683848798,0.4188205625861883,0.85,26.176470588235293,0.0,20.0,False
env_odom_noise,0.07105263157894737,0.004801202261272809,0.0004287497348723022,0.1245821274775454,0.8606714144439985,1.4422976454884202,0.44939965694682676,0.7195540308747856,0.4682463121783876,0.41624033339321614,0.85,26.235294117647058,0.0,20.0,False
env_odom_noise,0.07105263157894737,0.004801202261272809,0.0008877808989802905,0.12458212590806089,0.8607800908853496,0.35397284308476534,0.46826758147512865,0.7392795883361921,0.4296528301886792,0.43208801224827764,0.85,26.235294117647058,0.0,20.0,False
env_odom_noise,0.07105263157894737,0.004801202261272809,0.001838263351530691,0.12458212586426191,0.8568963246055046,-0.6757833729575552,0.4982905982905983,0.7794871794871795,0.3594222222222222,0.4403897883370519,0.85,26.352941176470587,0.0,20.0,False
env_odom_noise,0.07105263157894737,0.004801202261272809,0.003806358250624933,0.12458212742560276,0.8500565699157853,-1.436042325732744,0.5356536502546689,0.8293718166383701,0.27217453310696094,0.456841030344367,0.8,25.8125,0.0,20.0,False
env_odom_noise,0.07105263157894737,0.004801202261272809,0.00788154924594252,0.12429821514293804,0.8416806664183538,-1.8682355704717857,0.5911371237458194,0.8779264214046822,0.16813645484949835,0.46041131652891637,0.75,25.533333333333335,0.0,20.0,False
env_odom_noise,0.07105263157894737,0.004801202261272809,0.01631975090784437,0.12367517046629234,0.8270923573867033,-1.9994204901563364,0.6661184210526315,0.9070723684210527,0.06400921052631581,0.5161330476403236,0.7,25.285714285714285,0.0,20.0,True
env_odom_noise,0.07105263157894737,0.004801202261272809,0.03379212149580846,0.12357032384028853,0.8136359402743248,-1.9213396394211515,0.7226688102893891,0.9172025723472669,0.07726623794212228,0.6280218832194805,0.7,26.285714285714285,0.0,20.0,True
env_odom_noise,0.07105263157894737,0.004801202261272809,0.0699708887492028,0.12340872366699554,0.7923978565611808,-1.7156931031093978,0.7550702028081123,0.9251170046801872,0.10175319812792516,0.7910533621907234,0.55,24.545454545454547,0.0,20.0,False
env_odom_noise,0.07105263157894737,0.004801202261272809,0.14488363132100487,0.12307956231140509,0.7727730637398738,-1.4360545080177276,0.7666163141993958,0.9282477341389728,0.11016858006042307,1.0467660807073116,0.5,25.2,0.0,20.0,False
env_odom_noise,0.07105263157894737,0.004801202261272809,0.3,0.1222307149284899,0.7556828683511507,-1.1042655921701539,0.7775330396475771,0.9317180616740088,0.11761497797356835,1.2467842929065227,0.5,27.1,0.0,20.0,False
env_odom_noise,0.07105263157894737,0.010414058246057912,0.00010000000000000009,0.12429522530381319,0.8552480943305065,-0.1777895826036394,0.5611205432937182,0.8115449915110357,0.26453446519524615,0.4354809921234846,0.8,25.8125,0.0,20.0,False
env_odom_noise,0.07105263157894737,0.010414058246057912,0.00020706272838739032,0.12429522517682513,0.8527052259697029,-0.34735207895208575,0.5627118644067797,0.8186440677966101,0.2558440677966102,0.42771726846694946,0.8,25.875,0.0,20.0,False
env_odom_noise,0.07105263157894737,0.010414058246057912,0.0004287497348723022,0.12429522458517725,0.8527488091424218,-0.6171769411403443,0.5745762711864407,0.8271186440677966,0.2355050847457627,0.4340865585952997,0.8,25.875,0.0,20.0,False
env_odom_noise,0.07105263157894737,0.010414058246057912,0.0008877808989802905,0.1242952253121917,0.8507187217563305,-1.0033432971667655,0.5854483925549916,0.8434856175972927,0.20826598984771572,0.4359093032777309,0.8,25.9375,0.0,20.0,False
env_odom_noise,0.07105263157894737,0.010414058246057912,0.001838263351530691,0.12429522613877933,0.8497669826200707,-1.4406364400928486,0.6055743243243243,0.8682432432432432,0.16338243243243245,0.47016102969646456,0.8,26.0,0.0,20.0,False
env_odom_noise,0.07105263157894737,0.010414058246057912,0.003806358250624933,0.12411520039428148,0.8464993874174932,-1.841716939199401,0.6432160804020101,0.9137353433835846,0.08024857621440529,0.45906187891960143,0.75,25.466666666666665,0.0,20.0,True
env_odom_noise,0.07105263157894737,0.010414058246057912,0.00788154924594252,0.12370483440343923,0.8368602338323581,-2.0906512891706184,0.7006633499170812,0.9485903814262023,0.023872968490878943,0.4945469114929438,0.75,25.866666666666667,0.0,20.0,True
env_odom_noise,0.07105263157894737,0.010414058246057912,0.01631975090784437,0.12365321332770315,0.8250644684524616,-2.1509571613086376,0.7565359477124183,0.9665032679738562,0.0858392156862745,0.5539634451270103,0.65,24.53846153846154,0.0,20.0,False
env_odom_noise,0.07105263157894737,0.010414058246057912,0.03379212149580846,0.1233946684090675,0.8109491021587241,-2.0604554895426386,0.8144,0.9736,0.15080000000000005,0.6742168240249157,0.65,25.53846153846154,0.0,20.0,False
env_odom_noise,0.07105263157894737,0.010414058246057912,0.0699708887492028,0.12323649849019888,0.7846676302390867,-1.8454927131304633,0.8431221020092736,0.9799072642967542,0.18582936630602787,0.8287750780582428,0.55,25.09090909090909,0.0,20.0,False
env_odom_noise,0.07105263157894737,0.010414058246057912,0.14488363132100487,0.12265915413233233,0.7674235934157415,-1.5683173608079715,0.8547904191616766,0.9812874251497006,0.19887784431137723,1.086165475845337,0.5,25.8,0.0,20.0,False
env_odom_noise,0.07105263157894737,0.010414058246057912,0.3,0.12192630287911488,0.7504709903549434,-1.2378522175085898,0.8642960812772134,0.9833091436865021,0.2104052249637155,1.270862626284361,0.45,26.666666666666668,0.0,20.0,False
env_odom_noise,0.07105263157894737,0.02258863577297737,0.00010000000000000009,0.12448462032293406,0.8478797298821343,-1.4302165662582478,0.7020033388981636,0.9081803005008348,0.06562303839732886,0.4949240654706955,0.7,24.642857142857142,0.0,20.0,True
env_odom_noise,0.07105263157894737,0.02258863577297737,0.00020706272838739032,0.12448462287225659,0.8478967521245566,-1.4641383499219318,0.7053422370617696,0.9081803005008348,0.06896193656093486,0.49763529039919374,0.7,24.642857142857142,0.0,20.0,True
env_odom_noise,0.07105263157894737,0.02258863577297737,0.0004287497348723022,0.12448461929626572,0.8461665098431581,-1.5263811322908643,0.7066666666666667,0.9116666666666666,0.06680000000000008,0.4971441764384508,0.7,24.714285714285715,0.0,20.0,True
env_odom_noise,0.07105263157894737,0.02258863577297737,0.0008877808989802905,0.12448462025552968,0.8462299480730098,-1.626857703877261,0.7166666666666667,0.9191666666666667,0.06930000000000003,0.5073419898748398,0.7,24.714285714285715,0.0,20.0,True
env_odom_noise,0.07105263157894737,0.02258863577297737,0.001838263351530691,0.12448462172853296,0.842256899044379,-1.766696715676513,0.7325581395348837,0.9368770764119602,0.06748106312292357,0.5079635180532932,0.7,24.857142857142858,0.0,20.0,True
env_odom_noise,0.07105263157894737,0.02258863577297737,0.003806358250624933,0.12427338549392893,0.8387286115566989,-1.912510714648212,0.759504132231405,0.956198347107438,0.07850247933884302,0.5346008408814669,0.65,24.0,0.0,20.0,False
env_odom_noise,0.07105263157894737,0.02258863577297737,0.00788154924594252,0.12386666578432469,0.8299409968231893,-2.0098528761211543,0.8027823240589198,0.9770867430441899,0.14266906710310967,0.5624533139169217,0.65,24.46153846153846,0.0,20.0,False
env_odom_noise,0.07105263157894737,0.02258863577297737,0.01631975090784437,0.12410436307236075,0.8252476756269465,-2.0070725131896117,0.848780487804878,0.9878048780487805,0.1993853658536585,0.6634979411959648,0.65,24.76923076923077,0.0,20.0,False
env_odom_noise,0.07105263157894737,0.02258863577297737,0.03379212149580846,0.12327803169566348,0.809831969695302,-1.9075815455555463,0.9007936507936508,0.9920634920634921,0.2556571428571429,0.7562396466732025,0.6,24.833333333333332,0.0,20.0,False
env_odom_noise,0.07105263157894737,0.02258863577297737,0.0699708887492028,0.12331217064637558,0.7808706095273404,-1.6976462753892154,0.9226646248085758,0.9977029096477795,0.28316753445635534,0.91287806853652,0.55,25.636363636363637,0.0,20.0,False
env_odom_noise,0.07105263157894737,0.02258863577297737,0.14488363132100487,0.12272055152159364,0.7645263879858584,-1.4259672614756174,0.9338781575037147,0.9985141158989599,0.2951922734026746,1.1744720049202442,0.5,26.3,0.0,20.0,False
env_odom_noise,0.07105263157894737,0.02258863577297737,0.3,0.12216162470977349,0.745967817057516,-1.0935298826617876,0.9418103448275862,1.0,0.3046103448275862,1.3442893944680692,0.45,27.444444444444443,0.0,20.0,False
env_odom_noise,0.07105263157894737,0.04899592973540154,0.00010000000000000009,0.12409841722311016,0.8368477094770285,-1.6503966056282124,0.8201970443349754,0.9614121510673235,0.1444091954022989,0.6711741715669632,0.65,24.307692307692307,0.0,20.0,False
env_odom_noise,0.07105263157894737,0.04899592973540154,0.00020706272838739032,0.12409841646884111,0.8368612245504424,-1.655452403480466,0.8210180623973727,0.9630541871921182,0.14687224958949097,0.673414533957839,0.65,24.307692307692307,0.0,20.0,False
env_odom_noise,0.07105263157894737,0.04899592973540154,0.0004287497348723022,0.12409841684056826,0.8368892208724776,-1.6650438853907148,0.8251231527093597,0.9655172413793104,0.15344039408867005,0.6780688669532537,0.65,24.307692307692307,0.0,20.0,False
env_odom_noise,0.07105263157894737,0.04899592973540154,0.0008877808989802905,0.12409841897864646,0.833148687950086,-1.6836767759294782,0.8273322422258592,0.969721767594108,0.15985400981996722,0.6676575466990471,0.65,24.46153846153846,0.0,20.0,False
env_odom_noise,0.07105263157894737,0.04899592973540154,0.001838263351530691,0.1240807384994614,0.833266455368985,-1.709895551623636,0.8423202614379085,0.9730392156862745,0.178159477124183,0.6774130880832672,0.65,24.53846153846154,0.0,20.0,False
env_odom_noise,0.07105263157894737,0.04899592973540154,0.003806358250624933,0.12367741719994832,0.8301312883900288,-1.7376649347741189,0.865040650406504,0.9804878048780488,0.2083284552845528,0.6861046470701695,0.6,23.583333333333332,0.0,20.0,False
env_odom_noise,0.07105263157894737,0.04899592973540154,0.00788154924594252,0.12380301992264743,0.8205867023204598,-1.7504456394890846,0.8930868167202572,0.9887459807073955,0.24463279742765276,0.7003799110651017,0.6,24.166666666666668,0.0,20.0,False
env_odom_noise,0.07105263157894737,0.04899592973540154,0.01631975090784437,0.12376040234534413,0.8105106443288521,-1.70849386268583,0.9292527821939587,0.9904610492845787,0.28251383147853737,0.7703271962702274,0.6,24.75,0.0,20.0,False
env_odom_noise,0.07105263157894737,0.04899592973540154,0.03379212149580846,0.12343821317664122,0.795257128946647,-1.5968383725905524,0.9587869362363919,0.994556765163297,0.31614370139968895,0.858962545543909,0.55,24.727272727272727,0.0,20.0,False
env_odom_noise,0.07105263157894737,0.04899592973540154,0.0699708887492028,0.12314853861385401,0.7777314169052513,-1.405943617804498,0.9750378214826021,0.9977307110438729,0.335568532526475,1.0609935976564884,0.5,25.1,0.0,20.0,False
env_odom_noise,0.07105263157894737,0.04899592973540154,0.14488363132100487,0.12208950350665393,0.757155453342176,-1.1372367242177273,0.9824561403508771,0.9985380116959064,0.34379415204678354,1.3085942029953004,0.5,27.4,0.0,20.0,False
env_odom_noise,0.07105263157894737,0.04899592973540154,0.3,0.12199733378164261,0.7467021978358891,-0.8311586446980517,0.9878917378917379,1.0,0.3506917378917379,1.4834076181054114,0.45,28.11111111111111,0.0,20.0,False
env_odom_noise,0.07105263157894737,0.10627472835292812,0.00010000000000000009,0.1236122005290543,0.8110804718775109,-1.3870453045406201,0.9075829383886256,0.9881516587677726,0.25853459715639815,0.8795231528580189,0.6,25.083333333333332,0.0,20.0,False
env_odom_noise,0.07105263157894737,0.10627472835292812,0.00020706272838739032,0.12361220153687544,0.8110925731773906,-1.3867994500438665,0.9075829383886256,0.9881516587677726,0.25853459715639815,0.8813029155135155,0.6,25.083333333333332,0.0,20.0,False
env_odom_noise,0.07105263157894737,0.10627472835292812,0.0004287497348723022,0.12361219887884976,0.8091803107348422,-1.3873459942678128,0.9085173501577287,0.9881703470031545,0.25948769716088327,0.875370018556714,0.6,25.166666666666668,0.0,20.0,False
env_odom_noise,0.07105263157894737,0.10627472835292812,0.0008877808989802905,0.12361219751331483,0.8092316856245324,-1.3858985580462477,0.9100946372239748,0.9881703470031545,0.2610649842271293,0.882994432002306,0.6,25.166666666666668,0.0,20.0,False
env_odom_noise,0.07105263157894737,0.10627472835292812,0.001838263351530691,0.12361219727238905,0.8073877701359596,-1.3831032234381078,0.9204724409448819,0.988976377952756,0.27224881889763786,0.890494903922081,0.6,25.25,0.0,20.0,False
env_odom_noise,0.07105263157894737,0.10627472835292812,0.003806358250624933,0.12361219644564848,0.8005773065572644,-1.3751964230442608,0.9334898278560251,0.9906103286384976,0.2869001564945227,0.8933307185769082,0.6,25.583333333333332,0.0,20.0,False
env_odom_noise,0.07105263157894737,0.10627472835292812,0.00788154924594252,0.12367427343920664,0.7992558864465423,-1.3513513020667953,0.9454828660436138,0.9914330218068536,0.2997158878504673,0.9221470721065999,0.55,24.636363636363637,0.0,20.0,False
env_odom_noise,0.07105263157894737,0.10627472835292812,0.01631975090784437,0.12367427013266617,0.7963718258654732,-1.2924578825872712,0.9635093167701864,0.9937888198757764,0.32009813664596276,1.0194343246519566,0.55,24.818181818181817,0.0,20.0,False
env_odom_noise,0.07105263157894737,0.10627472835292812,0.03379212149580846,0.12316410073085711,0.7819829953338191,-1.1923260805773033,0.9803030303030303,0.9962121212121212,0.33931515151515157,1.0966677971184253,0.55,26.272727272727273,0.0,20.0,False
env_odom_noise,0.07105263157894737,0.10627472835292812,0.0699708887492028,0.12230795704049402,0.7698223595151947,-1.0237048293388953,0.9896449704142012,0.9977810650887574,0.3502260355029586,1.3052335187792778,0.5,26.6,0.0,20.0,False
env_odom_noise,0.07105263157894737,0.10627472835292812,0.14488363132100487,0.12171695847737399,0.7477870782150305,-0.779280784907914,0.992867332382311,0.9985734664764622,0.35424079885877313,1.509385171532631,0.45,28.0,0.0,20.0,False
env_odom_noise,0.07105263157894737,0.10627472835292812,0.3,0.12195338007489587,0.7542047775769617,-0.4833674198624182,0.9979020979020979,1.0,0.36070209790209795,1.70892733335495,0.35,26.857142857142858,0.0,20.0,False
env_odom_noise,0.07105263157894737,0.23051543153651136,0.00010000000000000009,0.12333609524386246,0.7796523067644359,-0.8834429267735042,0.9683734939759037,0.9947289156626506,0.3259024096385543,1.308693328127265,0.55,26.636363636363637,0.0,20.0,False
env_odom_noise,0.07105263157894737,0.23051543153651136,0.00020706272838739032,0.12333609207428943,0.7796633559895283,-0.88271328825881,0.9698795180722891,0.9947289156626506,0.3274084337349398,1.3101047538220882,0.55,26.636363636363637,0.0,20.0,False
env_odom_noise,0.07105263157894737,0.23051543153651136,0.0004287497348723022,0.12333609451688977,0.7796856328557701,-0.8812051377822608,0.9698795180722891,0.9947289156626506,0.3274084337349398,1.3130236983299255,0.55,26.636363636363637,0.0,20.0,False
env_odom_noise,0.07105263157894737,0.23051543153651136,0.0008877808989802905,0.12333609309120142,0.7797320375708375,-0.8780910749663229,0.9706325301204819,0.9947289156626506,0.32816144578313255,1.3190551005303859,0.55,26.636363636363637,0.0,20.0,False
env_odom_noise,0.07105263157894737,0.23051543153651136,0.001838263351530691,0.1233360945034945,0.7781158844133026,-0.8723684842390453,0.9714285714285714,0.9947368421052631,0.32896541353383457,1.3237731613218784,0.55,26.727272727272727,0.0,20.0,False
env_odom_noise,0.07105263157894737,0.23051543153651136,0.003806358250624933,0.12297488582485919,0.7783103359879135,-0.8626884859517198,0.9723467862481315,0.9947683109118086,0.32991509715994016,1.3164763011038303,0.55,27.09090909090909,0.0,20.0,False
env_odom_noise,0.07105263157894737,0.23051543153651136,0.00788154924594252,0.12283205710908064,0.7767395246926863,-0.8381419577549243,0.9799107142857143,0.9955357142857143,0.3382464285714286,1.346256498247385,0.55,27.363636363636363,0.0,20.0,False
env_odom_noise,0.07105263157894737,0.23051543153651136,0.01631975090784437,0.12283205745984313,0.7671666583264581,-0.7915422033936742,0.9830383480825958,0.9963126843657817,0.3421510324483775,1.3993642613291741,0.55,27.90909090909091,0.0,20.0,False
env_odom_noise,0.07105263157894737,0.23051543153651136,0.03379212149580846,0.12187036742291105,0.7567358503213485,-0.7073483968584481,0.9905933429811867,0.9985528219971056,0.35194616497829234,1.4784869253635406,0.45,26.88888888888889,0.0,20.0,False
env_odom_noise,0.07105263157894737,0.23051543153651136,0.0699708887492028,0.12185223026234972,0.748218315853565,-0.5676944538185363,0.9922206506364922,0.9985855728429985,0.3536062234794908,1.6749080434441566,0.45,28.666666666666668,0.0,20.0,False
env_odom_noise,0.07105263157894737,0.23051543153651136,0.14488363132100487,0.12203300945197748,0.7491537167715148,-0.36021584200345297,0.9951856946354883,0.9993122420907841,0.3572979367262724,1.8629583835601806,0.35,28.571428571428573,0.0,20.0,False
env_odom_noise,0.07105263157894737,0.23051543153651136,0.3,0.12249267935522473,0.7509469151413326,-0.10766399821114805,0.9979452054794521,1.0,0.3607452054794521,2.034165808558464,0.35,29.0,0.0,20.0,False
env_odom_noise,0.07105263157894737,0.5,0.00010000000000000009,0.12205511476050758,0.7452597558353078,-0.27472984009750473,0.9896694214876033,0.9986225895316805,0.3510920110192838,1.9762044113129378,0.4,29.75,0.0,20.0,False
env_odom_noise,0.07105263157894737,0.5,0.00020706272838739032,0.12205511381485114,0.7452703489185355,-0.2742362541125663,0.9896694214876033,0.9986225895316805,0.3510920110192838,1.9773277904838324,0.4,29.75,0.0,20.0,False
env_odom_noise,0.07105263157894737,0.5,0.0004287497348723022,0.12205511198949166,0.7452920372436294,-0.2732165728046682,0.9896694214876033,0.9986225895316805,0.3510920110192838,1.97965173907578,0.4,29.75,0.0,20.0,False
env_odom_noise,0.07105263157894737,0.5,0.0008877808989802905,0.1220551121336139,0.7453370447180836,-0.27111476463909445,0.9896694214876033,0.9986225895316805,0.3510920110192838,1.9844527788460256,0.4,29.75,0.0,20.0,False
env_odom_noise,0.07105263157894737,0.5,0.001838263351530691,0.1220551134379707,0.7437521368848836,-0.26729650514025516,0.9903713892709766,0.9986244841815681,0.3517958734525447,1.9879127871245146,0.4,29.875,0.0,20.0,False
env_odom_noise,0.07105263157894737,0.5,0.003806358250624933,0.12205511529085789,0.7424252502077799,-0.2590253774154817,0.9903846153846154,0.9986263736263736,0.35181098901098906,2.001705256476998,0.4,30.0,0.0,20.0,False
env_odom_noise,0.07105263157894737,0.5,0.00788154924594252,0.12198536813832322,0.7402501022838397,-0.24273143725435037,0.9904240766073872,0.9986320109439124,0.3518560875512996,2.0265819199383257,0.4,30.375,0.0,20.0,False
env_odom_noise,0.07105263157894737,0.5,0.01631975090784437,0.12206856537286835,0.740071407860626,-0.20561661079227223,0.9919137466307277,0.9986522911051213,0.35336603773584907,2.0914328463375567,0.35,30.714285714285715,0.0,20.0,False
env_odom_noise,0.07105263157894737,0.5,0.03379212149580846,0.12248482311626159,0.7363611678599394,-0.1489565710307782,0.9933598937583001,0.99933598937583,0.35549588313413016,2.1598706966266037,0.35,32.285714285714285,0.0,20.0,False
env_odom_noise,0.07105263157894737,0.5,0.0699708887492028,0.12238430960093981,0.7376479068024049,-0.04574109234588758,0.9947089947089947,0.9993386243386243,0.35684761904761897,2.325616595521569,0.3,31.666666666666668,0.0,20.0,False
env_odom_noise,0.07105263157894737,0.5,0.14488363132100487,0.12257032133809805,0.7359772042258701,0.10698802814063761,0.9967234600262124,1.0,0.3595234600262124,2.437631066888571,0.3,32.833333333333336,0.0,20.0,False
env_odom_noise,0.07105263157894737,0.5,0.3,0.12257032368698956,0.733354505180759,0.31982166885175184,0.9980417754569191,1.0,0.3608417754569191,2.5158836476504804,0.3,33.333333333333336,0.0,20.0,False
env_odom_noise,0.07894736842105263,0.00010000000000000009,0.00010000000000000009,0.12499573411970485,0.8955886379075924,117.72039776861465,0.13304347826086957,0.21130434782608695,1.2928521739130434,0.4369018912315369,0.9,26.5,0.0,20.0,False
env_odom_noise,0.07894736842105263,0.00010000000000000009,0.00020706272838739032,0.12499573417638306,0.8955892273791296,83.4960400207007,0.1443478260869565,0.23130434782608697,1.2615478260869564,0.4373222105205059,0.9,26.5,0.0,20.0,False
env_odom_noise,0.07894736842105263,0.00010000000000000009,0.0004287497348723022,0.12499573420100027,0.8955988284336764,63.4350948204422,0.1608695652173913,0.26956521739130435,1.2067652173913044,0.4430572919547558,0.9,26.5,0.0,20.0,False
env_odom_noise,0.07894736842105263,0.00010000000000000009,0.0008877808989802905,0.1249957341298602,0.8956703679311829,52.70197702735413,0.18608695652173912,0.3217391304347826,1.1293739130434783,0.46009978502988813,0.9,26.5,0.0,20.0,False
env_odom_noise,0.07894736842105263,0.00010000000000000009,0.001838263351530691,0.12480202570800301,0.8915965286995899,47.187913215652735,0.22711571675302245,0.38341968911917096,1.0266645941278068,0.4396701958030462,0.85,26.0,0.0,20.0,False
env_odom_noise,0.07894736842105263,0.00010000000000000009,0.003806358250624933,0.12480202401372881,0.8826428540460052,44.29040332764415,0.2851027397260274,0.4537671232876712,0.8983301369863014,0.46726132072508336,0.85,26.294117647058822,0.0,20.0,False
env_odom_noise,0.07894736842105263,0.00010000000000000009,0.00788154924594252,0.12456108402054313,0.8743093972583509,42.818767978273,0.3494077834179357,0.5262267343485617,0.7615654822335025,0.4731660231947899,0.75,25.066666666666666,0.0,20.0,False
env_odom_noise,0.07894736842105263,0.00010000000000000009,0.01631975090784437,0.12388422651858323,0.858517644008155,41.765276330332114,0.4279801324503311,0.5769867549668874,0.6322331125827814,0.5198410816490651,0.75,25.933333333333334,0.0,20.0,False
env_odom_noise,0.07894736842105263,0.00010000000000000009,0.03379212149580846,0.12377442004467636,0.843392999724177,41.45795302416799,0.4975767366720517,0.5920840064620355,0.5475392568659128,0.6120953187346458,0.7,26.071428571428573,0.0,20.0,False
env_odom_noise,0.07894736842105263,0.00010000000000000009,0.0699708887492028,0.12360833914407995,0.8199040564116651,40.87283822820726,0.5453834115805947,0.6087636932707355,0.4830528951486698,0.7654795341193676,0.55,24.363636363636363,0.0,20.0,False
env_odom_noise,0.07894736842105263,0.00010000000000000009,0.14488363132100487,0.12327248081615161,0.8006068595962792,40.45892662397259,0.5636363636363636,0.6113636363636363,0.46220000000000006,1.0228500299155712,0.5,25.0,0.0,20.0,False
env_odom_noise,0.07894736842105263,0.00010000000000000009,0.3,0.12256422708089908,0.7872518180684328,39.93434676671021,0.5769230769230769,0.6183431952662722,0.4419337278106509,1.2487079814076423,0.5,26.6,0.0,20.0,False
env_odom_noise,0.07894736842105263,0.00021690521830457365,0.00010000000000000009,0.12499573411970485,0.8955886379075924,76.40629432526543,0.1565217391304348,0.25043478260869567,1.2302434782608695,0.4369018912315369,0.9,26.5,0.0,20.0,False
env_odom_noise,0.07894736842105263,0.00021690521830457365,0.00020706272838739032,0.12499573427866202,0.8955894238964301,52.18394673597305,0.16608695652173913,0.26869565217391306,1.2024173913043477,0.43741940557956693,0.9,26.5,0.0,20.0,False
env_odom_noise,0.07894736842105263,0.00021690521830457365,0.0004287497348723022,0.12499573431726876,0.8955995036822991,36.06719645222769,0.18521739130434783,0.30434782608695654,1.1476347826086957,0.44351062923669815,0.9,26.5,0.0,20.0,False
env_odom_noise,0.07894736842105263,0.00021690521830457365,0.0008877808989802905,0.12499573421779296,0.8956776439069702,26.632325091455574,0.20782608695652174,0.35739130434782607,1.0719826086956523,0.46084146201610565,0.9,26.5,0.0,20.0,False
env_odom_noise,0.07894736842105263,0.00021690521830457365,0.001838263351530691,0.12480202535750369,0.8916060909268582,21.56036987060491,0.2469775474956822,0.4153713298791019,0.9748511226252159,0.4403542958199978,0.85,26.0,0.0,20.0,False
env_odom_noise,0.07894736842105263,0.00021690521830457365,0.003806358250624933,0.12480202525902036,0.8826555218195234,18.975421447226463,0.3056506849315068,0.4837328767123288,0.8478164383561644,0.46793270520865915,0.85,26.294117647058822,0.0,20.0,False
env_odom_noise,0.07894736842105263,0.00021690521830457365,0.00788154924594252,0.1245610842480818,0.8743187374681847,17.752911357468843,0.3697123519458545,0.5558375634517766,0.7116500846023689,0.4737148307263851,0.75,25.066666666666666,0.0,20.0,False
env_odom_noise,0.07894736842105263,0.00021690521830457365,0.01631975090784437,0.1238842276064364,0.8585242767764212,17.094319292683764,0.4470198675496689,0.6067880794701986,0.5833920529801324,0.5202564135193825,0.75,25.933333333333334,0.0,20.0,False
env_odom_noise,0.07894736842105263,0.00021690521830457365,0.03379212149580846,0.1237744200362926,0.8433981916019757,16.96158573346511,0.5161550888529887,0.6211631663974152,0.4998817447495961,0.6124427258968353,0.7,26.071428571428573,0.0,20.0,False
env_odom_noise,0.07894736842105263,0.00021690521830457365,0.0699708887492028,0.12360833747523112,0.8199080566810357,16.80770862857643,0.564945226917058,0.6377151799687011,0.43453959311424095,0.7657386094331742,0.55,24.363636363636363,0.0,20.0,False
env_odom_noise,0.07894736842105263,0.00021690521830457365,0.14488363132100487,0.12327248285294495,0.8006096530888893,16.77637344348087,0.5833333333333334,0.6401515151515151,0.4137151515151515,1.0230127960443496,0.5,25.0,0.0,20.0,False
env_odom_noise,0.07894736842105263,0.00021690521830457365,0.3,0.12256422822998508,0.7872534688004579,16.729006972686104,0.5968934911242604,0.6464497041420119,0.39385680473372775,1.2487928465008735,0.5,26.6,0.0,20.0,False
env_odom_noise,0.07894736842105263,0.00047047873727754753,0.00010000000000000009,0.12499573411970485,0.8955886379075924,47.328343444201046,0.18956521739130436,0.31565217391304345,1.1319826086956521,0.4369018912315369,0.9,26.5,0.0,20.0,False
env_odom_noise,0.07894736842105263,0.00047047873727754753,0.00020706272838739032,0.12499573422510643,0.8955896606226673,32.9607716930558,0.2008695652173913,0.33043478260869563,1.105895652173913,0.4377368502318859,0.9,26.5,0.0,20.0,False
env_odom_noise,0.07894736842105263,0.00047047873727754753,0.0004287497348723022,0.12499573376108493,0.8956019489457546,21.681952200575772,0.22,0.36869565217391304,1.048504347826087,0.4446020841598511,0.9,26.5,0.0,20.0,False
env_odom_noise,0.07894736842105263,0.00047047873727754753,0.0008877808989802905,0.12499573428073042,0.8929355829295885,14.140630413913025,0.2387152777777778,0.4175347222222222,0.98095,0.45306405425071716,0.9,26.555555555555557,0.0,20.0,False
env_odom_noise,0.07894736842105263,0.00047047873727754753,0.001838263351530691,0.12480202639338897,0.8898352190140464,9.75157146739323,0.27586206896551724,0.4732758620689655,0.8880620689655172,0.43686207868158816,0.85,26.058823529411764,0.0,20.0,False
env_odom_noise,0.07894736842105263,0.00047047873727754753,0.003806358250624933,0.12480202425821757,0.882682245790111,7.4639981120053625,0.3330479452054795,0.5402397260273972,0.7639123287671232,0.46937820203602315,0.85,26.294117647058822,0.0,20.0,False
env_odom_noise,0.07894736842105263,0.00047047873727754753,0.00788154924594252,0.12456108477011497,0.8743390188801655,6.389564170615362,0.3976311336717428,0.6099830795262268,0.6295857868020305,0.474900184571743,0.75,25.066666666666666,0.0,20.0,False
env_odom_noise,0.07894736842105263,0.00047047873727754753,0.01631975090784437,0.12388422497099484,0.8585385381954386,5.918949853263264,0.4735099337748344,0.6597682119205298,0.5039218543046358,0.5162643447518349,0.7,25.0,0.0,20.0,False
env_odom_noise,0.07894736842105263,0.00047047873727754753,0.03379212149580846,0.12377441798132416,0.8434095954929783,5.867174337593571,0.5436187399030694,0.6760904684975767,0.41749079159935387,0.6131952844560147,0.7,26.071428571428573,0.0,20.0,False
env_odom_noise,0.07894736842105263,0.00047047873727754753,0.0699708887492028,0.12360833988226957,0.8199163806150014,5.9091872215637515,0.5907668231611893,0.6901408450704225,0.35629233176838815,0.7662992864847183,0.55,24.363636363636363,0.0,20.0,False
env_odom_noise,0.07894736842105263,0.00047047873727754753,0.14488363132100487,0.12327248288854988,0.8006154819000202,6.052300842912261,0.6090909090909091,0.6916666666666667,0.3364424242424242,1.0233656525611878,0.5,25.0,0.0,20.0,False
env_odom_noise,0.07894736842105263,0.00047047873727754753,0.3,0.12256422784418622,0.7872569926400934,6.222726938144245,0.6220414201183432,0.6989644970414202,0.31619408284023665,1.2489768415689468,0.5,26.6,0.0,20.0,False
env_odom_noise,0.07894736842105263,0.001020492932168466,0.00010000000000000009,0.12499573411970485,0.8955886220986604,26.35405408124677,0.2417391304347826,0.4017391304347826,0.9937217391304348,0.4369519710540771,0.9,26.5,0.0,20.0,False
env_odom_noise,0.07894736842105263,0.001020492932168466,0.00020706272838739032,0.12499573467747964,0.8955915976198294,19.461400286449337,0.25130434782608696,0.4191304347826087,0.9667652173913044,0.43895814269781114,0.9,26.5,0.0,20.0,False
env_odom_noise,0.07894736842105263,0.001020492932168466,0.0004287497348723022,0.12499573373955963,0.895615238707974,12.873197165961777,0.2678260869565217,0.4469565217391304,0.9224173913043479,0.4475068412721157,0.9,26.5,0.0,20.0,False
env_odom_noise,0.07894736842105263,0.001020492932168466,0.0008877808989802905,0.1249957340033477,0.8929806873773128,7.669370325101046,0.2829861111111111,0.4947916666666667,0.8594222222222222,0.45683433413505553,0.9,26.555555555555557,0.0,20.0,False
env_odom_noise,0.07894736842105263,0.001020492932168466,0.001838263351530691,0.12480202359030511,0.8898983315549701,4.226585490523039,0.31896551724137934,0.5448275862068965,0.7734068965517241,0.4406497485935688,0.85,26.058823529411764,0.0,20.0,False
env_odom_noise,0.07894736842105263,0.001020492932168466,0.003806358250624933,0.12480202526807181,0.8810355403806504,2.2734956565195548,0.37777777777777777,0.6085470085470085,0.6508752136752137,0.4621636100113392,0.85,26.352941176470587,0.0,20.0,False
env_odom_noise,0.07894736842105263,0.001020492932168466,0.00788154924594252,0.12456108158602316,0.8725431873068634,1.3295881989536014,0.43665540540540543,0.6739864864864865,0.5265581081081081,0.4724819578230381,0.75,25.133333333333333,0.0,20.0,False
env_odom_noise,0.07894736842105263,0.001020492932168466,0.01631975090784437,0.12388422833118783,0.8585691870593543,0.9644687945459895,0.5099337748344371,0.7235099337748344,0.40375629139072844,0.5181495644152164,0.7,25.0,0.0,20.0,False
env_odom_noise,0.07894736842105263,0.001020492932168466,0.03379212149580846,0.12377442069747516,0.8434338602490852,0.9518197957079337,0.5783521809369951,0.7382875605815832,0.32056025848142167,0.6148238152265548,0.7,26.071428571428573,0.0,20.0,False
env_odom_noise,0.07894736842105263,0.001020492932168466,0.0699708887492028,0.12360833959464362,0.8199346817108912,1.081249900488036,0.6251956181533647,0.7503912363067292,0.2616131455399061,0.767514667659998,0.55,24.363636363636363,0.0,20.0,False
env_odom_noise,0.07894736842105263,0.001020492932168466,0.14488363132100487,0.12327248328080812,0.8006284031951122,1.3027195713342128,0.6431818181818182,0.7507575757575757,0.24326060606060607,1.0241298168897628,0.5,25.0,0.0,20.0,False
env_odom_noise,0.07894736842105263,0.001020492932168466,0.3,0.12256422710842296,0.7872645935841877,1.5712284109385515,0.6568047337278107,0.7566568047337278,0.22373846153846155,1.2493759870529175,0.5,26.6,0.0,20.0,False
env_odom_noise,0.07894736842105263,0.0022135024223027535,0.00010000000000000009,0.12499573344084998,0.895598135955999,12.48516992411886,0.3165217391304348,0.5321739130434783,0.7885043478260869,0.4401393420994282,0.9,26.5,0.0,20.0,False
env_odom_noise,0.07894736842105263,0.0022135024223027535,0.00020706272838739032,0.1249957336092201,0.8956344003156488,9.860799881258961,0.3243478260869565,0.5417391304347826,0.7711130434782609,0.4458864010870457,0.9,26.5,0.0,20.0,False
env_odom_noise,0.07894736842105263,0.0022135024223027535,0.0004287497348723022,0.12499573328084182,0.8957185397617821,6.765408535572585,0.32956521739130434,0.5634782608695652,0.7441565217391304,0.4569290682673454,0.9,26.5,0.0,20.0,False
env_odom_noise,0.07894736842105263,0.0022135024223027535,0.0008877808989802905,0.12474138224331686,0.8915531595587949,3.778627628418936,0.34515570934256057,0.5960207612456747,0.6960235294117647,0.43589834272861483,0.85,25.941176470588236,0.0,20.0,False
env_odom_noise,0.07894736842105263,0.0022135024223027535,0.001838263351530691,0.12480202530732563,0.8900464115505405,1.4516185054027555,0.38362068965517243,0.6491379310344828,0.6044413793103447,0.44929123744368554,0.85,26.058823529411764,0.0,20.0,False
env_odom_noise,0.07894736842105263,0.0022135024223027535,0.003806358250624933,0.1248020234847622,0.8811509922295372,-0.04388160377121867,0.4376068376068376,0.7051282051282052,0.4944649572649572,0.4686743378639221,0.85,26.352941176470587,0.0,20.0,False
env_odom_noise,0.07894736842105263,0.0022135024223027535,0.00788154924594252,0.1245610816427622,0.8726343044732117,-0.8265837984415014,0.49155405405405406,0.7677364864864865,0.3779094594594594,0.4778327103704214,0.75,25.133333333333333,0.0,20.0,False
env_odom_noise,0.07894736842105263,0.0022135024223027535,0.01631975090784437,0.12388422514965361,0.8586350871914536,-1.1236874133324937,0.5629139072847682,0.8120860927152318,0.2622,0.5222150444984436,0.7,25.0,0.0,20.0,False
env_odom_noise,0.07894736842105263,0.0022135024223027535,0.03379212149580846,0.12377441934680554,0.8434865622821326,-1.1140326696175187,0.6308562197092084,0.827140549273021,0.17920323101777058,0.6183399073779583,0.7,26.071428571428573,0.0,20.0,False
env_odom_noise,0.07894736842105263,0.0022135024223027535,0.0699708887492028,0.12360833936774204,0.8199739255510461,-0.9471546575356743,0.6752738654147105,0.8380281690140845,0.12389796557120503,0.7701453186571598,0.55,24.363636363636363,0.0,20.0,False
env_odom_noise,0.07894736842105263,0.0022135024223027535,0.14488363132100487,0.12327248318800003,0.8006563127064162,-0.691935224891487,0.6916666666666667,0.8401515151515152,0.12331515151515149,1.0257860593497754,0.5,25.0,0.0,20.0,False
env_odom_noise,0.07894736842105263,0.0022135024223027535,0.3,0.12256422752888355,0.7872810709450131,-0.38076631580016523,0.7048816568047337,0.8461538461538461,0.1305278106508876,1.2502406716346741,0.5,26.6,0.0,20.0,False
env_odom_noise,0.07894736842105263,0.004801202261272809,0.00010000000000000009,0.12452113838407171,0.8889351090501776,4.498885873923631,0.4269759450171821,0.6786941580756014,0.5315298969072164,0.4230872571468353,0.85,26.176470588235293,0.0,20.0,False
env_odom_noise,0.07894736842105263,0.004801202261272809,0.00020706272838739032,0.12452113841540764,0.8889687995084351,3.6945255617434682,0.42869415807560135,0.6829896907216495,0.5255161512027491,0.427349753677845,0.85,26.176470588235293,0.0,20.0,False
env_odom_noise,0.07894736842105263,0.004801202261272809,0.0004287497348723022,0.12458212538877345,0.8870174430483007,2.528988968481918,0.4366438356164384,0.6986301369863014,0.5019260273972602,0.41532873213291166,0.85,26.294117647058822,0.0,20.0,False
env_odom_noise,0.07894736842105263,0.004801202261272809,0.0008877808989802905,0.12458212711853038,0.8871466440507623,1.1712305558967409,0.4520547945205479,0.7243150684931506,0.46083013698630143,0.4308218613266945,0.85,26.294117647058822,0.0,20.0,False
env_odom_noise,0.07894736842105263,0.004801202261272809,0.001838263351530691,0.12458212727611293,0.8808872755772243,-0.12762213362500105,0.4829642248722317,0.762350936967632,0.3918848381601363,0.4320322973653674,0.85,26.470588235294116,0.0,20.0,False
env_odom_noise,0.07894736842105263,0.004801202261272809,0.003806358250624933,0.12448078615974852,0.8802466431625979,-1.1022919810865388,0.5212224108658744,0.8089983022071308,0.30697928692699483,0.4643261466175318,0.8,25.8125,0.0,20.0,False
env_odom_noise,0.07894736842105263,0.004801202261272809,0.00788154924594252,0.12429821487560551,0.870181518092319,-1.6796640974570891,0.5769230769230769,0.8637123745819398,0.19656454849498328,0.46857642792165277,0.75,25.533333333333335,0.0,20.0,False
env_odom_noise,0.07894736842105263,0.004801202261272809,0.01631975090784437,0.12367516814189741,0.8556099498642485,-1.9002758516995426,0.6480263157894737,0.9004934210526315,0.08868026315789479,0.5239555828273297,0.7,25.285714285714285,0.0,20.0,True
env_odom_noise,0.07894736842105263,0.004801202261272809,0.03379212149580846,0.12357032569386682,0.8422651988777957,-1.871356887525866,0.7090032154340836,0.9155948553054662,0.06520836012861742,0.62703637778759,0.65,25.307692307692307,0.0,20.0,False
env_odom_noise,0.07894736842105263,0.004801202261272809,0.0699708887492028,0.12340872338630095,0.8193471636185572,-1.6896704017368775,0.7492211838006231,0.9252336448598131,0.09578753894081005,0.7868863925337791,0.55,24.636363636363637,0.0,20.0,False
env_odom_noise,0.07894736842105263,0.004801202261272809,0.14488363132100487,0.12307956219461706,0.8016084508714579,-1.4236845185350129,0.7651057401812689,0.9274924471299094,0.1094132930513595,1.0505292974412441,0.5,25.2,0.0,20.0,False
env_odom_noise,0.07894736842105263,0.004801202261272809,0.3,0.12223071523481291,0.7868975380157858,-1.0990812773956928,0.7772058823529412,0.9316176470588236,0.11738823529411768,1.2585288479924202,0.5,27.0,0.0,20.0,False
env_odom_noise,0.07894736842105263,0.010414058246057912,0.00010000000000000009,0.12429522571014866,0.8845833765032658,0.5397168749160487,0.5552721088435374,0.7976190476190477,0.2843088435374149,0.454328128695488,0.8,25.75,0.0,20.0,False
env_odom_noise,0.07894736842105263,0.010414058246057912,0.00020706272838739032,0.12429522600060065,0.8846087791404119,0.33579376159315383,0.5569727891156463,0.8010204081632653,0.27920680272108844,0.45739681273698807,0.8,25.75,0.0,20.0,False
env_odom_noise,0.07894736842105263,0.010414058246057912,0.0004287497348723022,0.12429522647006862,0.8846600238006309,-0.00347666782073262,0.5620748299319728,0.8095238095238095,0.2656013605442177,0.46359369046986104,0.8,25.75,0.0,20.0,False
env_odom_noise,0.07894736842105263,0.010414058246057912,0.0008877808989802905,0.12429522645034433,0.8799552058501076,-0.4842935732642608,0.5744500846023689,0.8307952622673435,0.23195465313028762,0.46390079483389857,0.8,25.9375,0.0,20.0,False
env_odom_noise,0.07894736842105263,0.010414058246057912,0.001838263351530691,0.12415995282430542,0.87655814730522,-1.0574588590025626,0.5934343434343434,0.8569023569023569,0.18686329966329962,0.4628376379609108,0.8,26.125,0.0,20.0,False
env_odom_noise,0.07894736842105263,0.010414058246057912,0.003806358250624933,0.12411520242945422,0.8715248198349934,-1.580240734234163,0.6285475792988314,0.8989983305509182,0.1096540901502504,0.46410602927207945,0.75,25.6,0.0,20.0,True
env_odom_noise,0.07894736842105263,0.010414058246057912,0.00788154924594252,0.12390378232933984,0.8704554018704936,-1.9234059184056913,0.6805324459234608,0.9392678868552413,0.01739966722129782,0.5311841912567615,0.75,25.733333333333334,0.0,20.0,True
env_odom_noise,0.07894736842105263,0.010414058246057912,0.01631975090784437,0.12365321530277537,0.8538050156767436,-2.0602724245976067,0.7418300653594772,0.9607843137254902,0.06541437908496739,0.5615362085402011,0.65,24.53846153846154,0.0,20.0,False
env_odom_noise,0.07894736842105263,0.010414058246057912,0.03379212149580846,0.12339466681320321,0.837891545156065,-2.012492661179002,0.8019169329073482,0.9720447284345048,0.13676166134185308,0.6711877055466176,0.65,25.615384615384617,0.0,20.0,False
env_odom_noise,0.07894736842105263,0.010414058246057912,0.0699708887492028,0.12323649815434541,0.8132809928733769,-1.8209587836427525,0.8369397217928902,0.9799072642967542,0.17964698608964447,0.8332286566495896,0.55,25.09090909090909,0.0,20.0,False
env_odom_noise,0.07894736842105263,0.010414058246057912,0.14488363132100487,0.122659152436789,0.7976902682252685,-1.5587251039677659,0.8538230884557722,0.9805097451274363,0.19713283358320843,1.0940851420164108,0.5,25.7,0.0,20.0,False
env_odom_noise,0.07894736842105263,0.010414058246057912,0.3,0.12192630429200631,0.7813961355484603,-1.2353741463558163,0.8640988372093024,0.9832848837209303,0.21018372093023263,1.2789594195783138,0.45,26.555555555555557,0.0,20.0,False
env_odom_noise,0.07894736842105263,0.02258863577297737,0.00010000000000000009,0.12448462003860929,0.8750335681335011,-1.0800387491901224,0.6925,0.8925,0.07180000000000009,0.4977835565805435,0.7,24.714285714285715,0.0,20.0,True
env_odom_noise,0.07894736842105263,0.02258863577297737,0.00020706272838739032,0.12448462145472251,0.8750510081335798,-1.1241354497271818,0.6933333333333334,0.895,0.07013333333333338,0.5001985851675272,0.7,24.714285714285715,0.0,20.0,True
env_odom_noise,0.07894736842105263,0.02258863577297737,0.0004287497348723022,0.12448461997423227,0.8726481760682081,-1.2084054143539456,0.6980033277870217,0.8976705490848585,0.07213277870216317,0.49417704455554484,0.7,24.785714285714285,0.0,20.0,True
env_odom_noise,0.07894736842105263,0.02258863577297737,0.0008877808989802905,0.1244846211222958,0.8715176426713674,-1.3382943985106168,0.7059800664451827,0.9069767441860465,0.07080332225913633,0.5131600059568882,0.7,24.857142857142858,0.0,20.0,True
env_odom_noise,0.07894736842105263,0.02258863577297737,0.001838263351530691,0.12448462029460998,0.8699700554066218,-1.5228030735669107,0.7189054726368159,0.9195688225538972,0.0711366500829188,0.5191731117665768,0.65,23.846153846153847,0.0,20.0,False
env_odom_noise,0.07894736842105263,0.02258863577297737,0.003806358250624933,0.12427338303276816,0.865307570660873,-1.7305959608324644,0.7417491749174917,0.943069306930693,0.07047986798679873,0.5328305397182703,0.65,24.076923076923077,0.0,20.0,False
env_odom_noise,0.07894736842105263,0.02258863577297737,0.00788154924594252,0.12386666322599091,0.8566555804032224,-1.885865875074997,0.7851307189542484,0.9689542483660131,0.11688496732026143,0.5596505977213383,0.65,24.53846153846154,0.0,20.0,False
env_odom_noise,0.07894736842105263,0.02258863577297737,0.01631975090784437,0.12399183451918576,0.8530230573088659,-1.9301521010219167,0.8435980551053485,0.986223662884927,0.1926217179902755,0.6653267055749893,0.65,24.923076923076923,0.0,20.0,False
env_odom_noise,0.07894736842105263,0.02258863577297737,0.03379212149580846,0.12327803282180866,0.8371576063073651,-1.8634501827340242,0.8874801901743264,0.991283676703645,0.2415638668779715,0.752661743760109,0.6,24.916666666666668,0.0,20.0,False
env_odom_noise,0.07894736842105263,0.02258863577297737,0.0699708887492028,0.12331216870890312,0.8097327586052784,-1.6741635851552987,0.9173047473200613,0.9977029096477795,0.2778076569678408,0.9176530316472054,0.55,25.636363636363637,0.0,20.0,False
env_odom_noise,0.07894736842105263,0.02258863577297737,0.14488363132100487,0.12272055349211299,0.7950065863890367,-1.416547659390462,0.9322916666666666,0.9977678571428571,0.29285952380952374,1.1820664346218108,0.5,26.2,0.0,20.0,False
env_odom_noise,0.07894736842105263,0.02258863577297737,0.3,0.12216162469631504,0.7744603178235663,-1.0835620046110577,0.9418938307030129,1.0,0.3046938307030129,1.3460322752594949,0.45,27.555555555555557,0.0,20.0,False
env_odom_noise,0.07894736842105263,0.04899592973540154,0.00010000000000000009,0.12409841682232227,0.8658089472768761,-1.4829814592919546,0.8045977011494253,0.9474548440065681,0.12894285714285725,0.677960916608572,0.65,24.307692307692307,0.0,20.0,False
env_odom_noise,0.07894736842105263,0.04899592973540154,0.00020706272838739032,0.12409841634639451,0.8658245519059706,-1.490417132760106,0.80623973727422,0.9482758620689655,0.12976387520525456,0.6801748488098383,0.65,24.307692307692307,0.0,20.0,False
env_odom_noise,0.07894736842105263,0.04899592973540154,0.0004287497348723022,0.124098419705045,0.8658566314807997,-1.5046696318529036,0.8070607553366174,0.951559934318555,0.1273008210180624,0.6847686022520065,0.65,24.307692307692307,0.0,20.0,False
env_odom_noise,0.07894736842105263,0.04899592973540154,0.0008877808989802905,0.12408073850654983,0.865922595266907,-1.5322070025636905,0.8131147540983606,0.9573770491803278,0.1332918032786885,0.6839448809623718,0.65,24.384615384615383,0.0,20.0,False
env_odom_noise,0.07894736842105263,0.04899592973540154,0.001838263351530691,0.12408073854637758,0.8632424131364173,-1.570647474539992,0.8202614379084967,0.9624183006535948,0.1454797385620915,0.6971386693418026,0.65,24.53846153846154,0.0,20.0,False
env_odom_noise,0.07894736842105263,0.04899592973540154,0.003806358250624933,0.12396828821930449,0.8616777546882813,-1.6207317389718117,0.8387622149837134,0.9755700325732899,0.1771322475570033,0.708002420514822,0.6,23.5,0.0,20.0,False
env_odom_noise,0.07894736842105263,0.04899592973540154,0.00788154924594252,0.12380301809826945,0.8499694309230783,-1.6623603622612135,0.8729903536977492,0.9831189710610932,0.2189093247588425,0.7076851859688759,0.6,24.166666666666668,0.0,20.0,False
env_odom_noise,0.07894736842105263,0.04899592973540154,0.01631975090784437,0.12376040139956844,0.8377753445058228,-1.6482593626699504,0.915079365079365,0.9904761904761905,0.26835555555555557,0.7678917050361633,0.6,24.833333333333332,0.0,20.0,False
env_odom_noise,0.07894736842105263,0.04899592973540154,0.03379212149580846,0.12343821326650155,0.8223896656663885,-1.560861615327964,0.9518633540372671,0.9922360248447205,0.3068993788819876,0.8542733773589134,0.55,24.818181818181817,0.0,20.0,False
env_odom_noise,0.07894736842105263,0.04899592973540154,0.0699708887492028,0.12314854042235533,0.8070202288906589,-1.3844806973514934,0.970499243570348,0.9977307110438729,0.3310299546142209,1.0658793069422245,0.5,25.1,0.0,20.0,False
env_odom_noise,0.07894736842105263,0.04899592973540154,0.14488363132100487,0.12208950335644995,0.7868068879633828,-1.1257725437598844,0.9802631578947368,0.9985380116959064,0.34160116959064324,1.3126637428998946,0.5,27.4,0.0,20.0,False
env_odom_noise,0.07894736842105263,0.04899592973540154,0.3,0.12199733481855289,0.776643724941366,-0.8252904682642235,0.9878917378917379,1.0,0.3506917378917379,1.4871685817837714,0.45,28.11111111111111,0.0,20.0,False
env_odom_noise,0.07894736842105263,0.10627472835292812,0.00010000000000000009,0.12361220084535414,0.8385619959845872,-1.3085217801998998,0.889589905362776,0.9858044164037855,0.23819432176656152,0.8777245439589023,0.6,25.166666666666668,0.0,20.0,False
env_odom_noise,0.07894736842105263,0.10627472835292812,0.00020706272838739032,0.12361220047006882,0.8385757151581631,-1.3088093742596585,0.8911671924290221,0.9858044164037855,0.23977160883280757,0.8794780015945435,0.6,25.166666666666668,0.0,20.0,False
env_odom_noise,0.07894736842105263,0.10627472835292812,0.0004287497348723022,0.12361220082790132,0.8350416029772277,-1.3112157679806637,0.8938679245283019,0.9858490566037735,0.24251698113207543,0.8653080340474844,0.6,25.333333333333332,0.0,20.0,False
env_odom_noise,0.07894736842105263,0.10627472835292812,0.0008877808989802905,0.12361220003587185,0.8351002154921963,-1.3118353306280737,0.8970125786163522,0.9866352201257862,0.2464477987421384,0.8728335741907358,0.6,25.333333333333332,0.0,20.0,False
env_odom_noise,0.07894736842105263,0.10627472835292812,0.001838263351530691,0.12361220134022577,0.8340738012579734,-1.3117284348012817,0.8995290423861853,0.9866562009419152,0.24898524332810046,0.8882259234786034,0.6,25.416666666666668,0.0,20.0,False
env_odom_noise,0.07894736842105263,0.10627472835292812,0.003806358250624933,0.1236122002779245,0.8303983079984537,-1.309736158499565,0.9092331768388107,0.9882629107981221,0.2602960876369328,0.892016165703535,0.55,24.363636363636363,0.0,20.0,False
env_odom_noise,0.07894736842105263,0.10627472835292812,0.00788154924594252,0.12367427492206934,0.8290615121939374,-1.2962381995426615,0.9299065420560748,0.9906542056074766,0.28336074766355146,0.9290853708982467,0.55,24.636363636363637,0.0,20.0,False
env_odom_noise,0.07894736842105263,0.10627472835292812,0.01631975090784437,0.12336542973022296,0.8241285418849422,-1.251985335432122,0.9504643962848297,0.9914860681114551,0.30475046439628484,1.0113554991781712,0.55,25.0,0.0,20.0,False
env_odom_noise,0.07894736842105263,0.10627472835292812,0.03379212149580846,0.12316409809090881,0.8119600210269313,-1.1636532055530906,0.9727272727272728,0.9939393939393939,0.3294666666666667,1.1030840583145618,0.55,26.272727272727273,0.0,20.0,False
env_odom_noise,0.07894736842105263,0.10627472835292812,0.0699708887492028,0.12230795546480297,0.8013151512632047,-1.0067357082846198,0.9859259259259259,0.9977777777777778,0.34650370370370365,1.3144763082265853,0.5,26.5,0.0,20.0,False
env_odom_noise,0.07894736842105263,0.10627472835292812,0.14488363132100487,0.12171695813426653,0.7798031846354818,-0.768615128420235,0.9928571428571429,0.9985714285714286,0.35422857142857145,1.5214734464883803,0.45,27.88888888888889,0.0,20.0,False
env_odom_noise,0.07894736842105263,0.10627472835292812,0.3,0.12195337880933112,0.7863601811792469,-0.47759264536641105,0.9979020979020979,1.0,0.36070209790209795,1.7137243926525116,0.35,26.857142857142858,0.0,20.0,False
env_odom_noise,0.07894736842105263,0.23051543153651136,0.00010000000000000009,0.12333609536267857,0.8098526062876228,-0.8450572886185859,0.954066265060241,0.9924698795180723,0.30933614457831327,1.3146772533655167,0.55,26.636363636363637,0.0,20.0,False
env_odom_noise,0.07894736842105263,0.23051543153651136,0.00020706272838739032,0.12333609072137688,0.8098650020266791,-0.8444488631787714,0.954066265060241,0.9924698795180723,0.30933614457831327,1.3160743989050387,0.55,26.636363636363637,0.0,20.0,False
env_odom_noise,0.07894736842105263,0.23051543153651136,0.0004287497348723022,0.1233360907486085,0.809890483297027,-0.843187941152809,0.9548192771084337,0.9924698795180723,0.31008915662650605,1.3189647972583771,0.55,26.636363636363637,0.0,20.0,False
env_odom_noise,0.07894736842105263,0.23051543153651136,0.0008877808989802905,0.12333609176143284,0.8099431144035683,-0.840572668948054,0.9563253012048193,0.9924698795180723,0.3115951807228916,1.3249358542263507,0.55,26.636363636363637,0.0,20.0,False
env_odom_noise,0.07894736842105263,0.23051543153651136,0.001838263351530691,0.12355347076120847,0.8100514633148277,-0.8359790435773432,0.9593984962406015,0.9924812030075187,0.3146796992481202,1.3291110314428807,0.55,26.727272727272727,0.0,20.0,False
env_odom_noise,0.07894736842105263,0.23051543153651136,0.003806358250624933,0.12297488516276721,0.8102732149690626,-0.8276095418027608,0.9648203592814372,0.9932634730538922,0.32088383233532936,1.3298511646687985,0.55,27.0,0.0,20.0,False
env_odom_noise,0.07894736842105263,0.23051543153651136,0.00788154924594252,0.12283205783335921,0.804889020552141,-0.807386923424006,0.9687964338781575,0.9940564635958395,0.32565289747399706,1.3448593944311142,0.55,27.454545454545453,0.0,20.0,False
env_odom_noise,0.07894736842105263,0.23051543153651136,0.01631975090784437,0.12283205828651549,0.7956214756696937,-0.76498378578599,0.9786450662739322,0.9948453608247423,0.3362904270986745,1.3977714225649833,0.55,28.0,0.0,20.0,False
env_odom_noise,0.07894736842105263,0.23051543153651136,0.03379212149580846,0.12186647734410634,0.7867856280351244,-0.6880255412080277,0.9848265895953757,0.9963872832369942,0.34401387283236995,1.4768404573202134,0.45,27.0,0.0,20.0,False
env_odom_noise,0.07894736842105263,0.23051543153651136,0.0699708887492028,0.12185223048050803,0.7824819851595448,-0.5396663667976501,0.9908963585434174,0.9985994397759104,0.3522957983193278,1.6883828833699226,0.4,28.25,0.0,20.0,False
env_odom_noise,0.07894736842105263,0.23051543153651136,0.14488363132100487,0.12203300928951827,0.7816191377953409,-0.3509999788551123,0.9931224209078404,0.9986244841815681,0.35454690508940856,1.8679148390889169,0.35,28.571428571428573,0.0,20.0,False
env_odom_noise,0.07894736842105263,0.23051543153651136,0.3,0.12249268084991795,0.7837708848629281,-0.10230741181220383,0.9979452054794521,1.0,0.3607452054794521,2.038937695324421,0.35,29.0,0.0,20.0,False
env_odom_noise,0.07894736842105263,0.5,0.00010000000000000009,0.12205511417243937,0.7769097225905528,-0.25588187815995506,0.987603305785124,0.9972451790633609,0.3476484848484849,1.9804057892411948,0.4,29.75,0.0,20.0,False
env_odom_noise,0.07894736842105263,0.5,0.00020706272838739032,0.12205511263649009,0.776921547712879,-0.2554159278799404,0.987603305785124,0.9972451790633609,0.3476484848484849,1.9815205551683903,0.4,29.75,0.0,20.0,False
env_odom_noise,0.07894736842105263,0.5,0.0004287497348723022,0.12205511472537069,0.7769462662522999,-0.2544528806537222,0.987603305785124,0.9972451790633609,0.3476484848484849,1.9838256631046534,0.4,29.75,0.0,20.0,False
env_odom_noise,0.07894736842105263,0.5,0.0008877808989802905,0.12205511339844925,0.7769971419651256,-0.25246701713255115,0.987603305785124,0.9972451790633609,0.3476484848484849,1.9885899927467108,0.4,29.75,0.0,20.0,False
env_odom_noise,0.07894736842105263,0.5,0.001838263351530691,0.12205511241739411,0.7755275300124961,-0.24896124586105262,0.9876203576341128,0.9972489683631361,0.347669325997249,1.991733929142356,0.4,29.875,0.0,20.0,False
env_odom_noise,0.07894736842105263,0.5,0.003806358250624933,0.12205511513295147,0.7732158077072766,-0.24131729837205942,0.9876543209876543,0.9979423868312757,0.34839670781892995,2.0025677349418403,0.4,30.125,0.0,20.0,False
env_odom_noise,0.07894736842105263,0.5,0.00788154924594252,0.1219853657667604,0.7719273318224537,-0.22569117851687356,0.987688098495212,0.9979480164158687,0.34843611491108073,2.0306474272161723,0.4,30.375,0.0,20.0,False
env_odom_noise,0.07894736842105263,0.5,0.01631975090784437,0.12192796246434721,0.7716719900658932,-0.19090535811383233,0.9879194630872483,0.9986577181208054,0.3493771812080537,2.0770000318065285,0.35,31.142857142857142,0.0,20.0,False
env_odom_noise,0.07894736842105263,0.5,0.03379212149580846,0.12248482098793358,0.769497861781832,-0.1351376977961102,0.9913678618857902,0.99867197875166,0.3528398406374502,2.165052864700556,0.35,32.285714285714285,0.0,20.0,False
env_odom_noise,0.07894736842105263,0.5,0.0699708887492028,0.12238431152877695,0.771063418047569,-0.035057731216078664,0.9933862433862434,0.9986772486772487,0.3548634920634921,2.330370895564556,0.3,31.666666666666668,0.0,20.0,False
env_odom_noise,0.07894736842105263,0.5,0.14488363132100487,0.12257032231887696,0.7694749290264674,0.11441659010842134,0.9947575360419397,1.0,0.35755753604193974,2.442053620517254,0.3,32.833333333333336,0.0,20.0,False
env_odom_noise,0.07894736842105263,0.5,0.3,0.12257032232446669,0.766810553123896,0.32450646877384987,0.9980417754569191,1.0,0.3608417754569191,2.5201924845576285,0.3,33.333333333333336,0.0,20.0,False
env_odom_noise,0.0868421052631579,0.00010000000000000009,0.00010000000000000009,0.12499573358619993,0.9241541950427135,132.867067446971,0.12695652173913044,0.20608695652173914,1.3041565217391304,0.44517059028148653,0.9,26.5,0.0,20.0,False
env_odom_noise,0.0868421052631579,0.00010000000000000009,0.00020706272838739032,0.12499573353062254,0.9241548938407259,91.81187311193608,0.1426086956521739,0.2252173913043478,1.2693739130434782,0.44558141231536863,0.9,26.5,0.0,20.0,False
env_odom_noise,0.0868421052631579,0.00010000000000000009,0.0004287497348723022,0.12499573300674804,0.924166992970533,67.75891581029872,0.1591304347826087,0.2582608695652174,1.2198086956521739,0.451179476827383,0.9,26.5,0.0,20.0,False
env_odom_noise,0.0868421052631579,0.00010000000000000009,0.0008877808989802905,0.1249957329687273,0.921407072153301,54.77466259071062,0.1831597222222222,0.3064236111111111,1.1476166666666667,0.45919780507683755,0.9,26.555555555555557,0.0,20.0,False
env_odom_noise,0.0868421052631579,0.00010000000000000009,0.001838263351530691,0.12480202480184704,0.9183786396417283,48.17311164678737,0.21724137931034482,0.36810344827586206,1.0518551724137932,0.44329388439655304,0.85,26.058823529411764,0.0,20.0,False
env_odom_noise,0.0868421052631579,0.00010000000000000009,0.003806358250624933,0.12480202422889021,0.9095551299105119,44.73433366348918,0.26666666666666666,0.43333333333333335,0.9372,0.4651301674544811,0.85,26.352941176470587,0.0,20.0,False
env_odom_noise,0.0868421052631579,0.00010000000000000009,0.00788154924594252,0.12456108306138934,0.9010798270196633,42.9947794348618,0.33361486486486486,0.5118243243243243,0.7917608108108107,0.4761076956987381,0.75,25.133333333333333,0.0,20.0,False
env_odom_noise,0.0868421052631579,0.00010000000000000009,0.01631975090784437,0.12388422745130315,0.8872154369740959,41.88640874637896,0.4064569536423841,0.5670529801324503,0.6636900662251656,0.5235551744699478,0.7,25.0,0.0,20.0,False
env_odom_noise,0.0868421052631579,0.00010000000000000009,0.03379212149580846,0.12377441878100247,0.872186159123144,41.516234410255805,0.48546042003231016,0.5888529886914378,0.5628865912762521,0.6189339883625508,0.7,26.071428571428573,0.0,20.0,False
env_odom_noise,0.0868421052631579,0.00010000000000000009,0.0699708887492028,0.12360833992325244,0.8485821467786996,40.90139723445961,0.539906103286385,0.6056338028169014,0.4916600938967136,0.7701939471065998,0.55,24.363636363636363,0.0,20.0,False
env_odom_noise,0.0868421052631579,0.00010000000000000009,0.14488363132100487,0.12327248068873486,0.8307173738831112,40.5340654854688,0.5606980273141123,0.6107738998482549,0.46572807283763273,1.0315664388239383,0.5,24.9,0.0,20.0,False
env_odom_noise,0.0868421052631579,0.00010000000000000009,0.3,0.12256422668838163,0.8205589268738849,40.169607317136254,0.5721726190476191,0.6160714285714286,0.4489559523809523,1.26654309630394,0.5,26.2,0.0,20.0,False
env_odom_noise,0.0868421052631579,0.00021690521830457365,0.00010000000000000009,0.12499573358619993,0.9241541950427135,88.53902300046985,0.15217391304347827,0.24782608695652175,1.2372,0.44517059028148653,0.9,26.5,0.0,20.0,False
env_odom_noise,0.0868421052631579,0.00021690521830457365,0.00020706272838739032,0.12499573364014255,0.9241551257017556,59.42208540685161,0.16434782608695653,0.26260869565217393,1.2102434782608695,0.44567553251981734,0.9,26.5,0.0,20.0,False
env_odom_noise,0.0868421052631579,0.00021690521830457365,0.0004287497348723022,0.12499573238481723,0.92416792171855,40.05835310121381,0.1817391304347826,0.2956521739130435,1.159808695652174,0.4516235254704952,0.9,26.5,0.0,20.0,False
env_odom_noise,0.0868421052631579,0.00021690521830457365,0.0008877808989802905,0.12499573367057515,0.9214155780543252,28.658233768422456,0.20399305555555555,0.3402777777777778,1.0929291666666665,0.45990977957844736,0.9,26.555555555555557,0.0,20.0,False
env_odom_noise,0.0868421052631579,0.00021690521830457365,0.001838263351530691,0.1248020242457729,0.9183892456555321,22.56639799232339,0.23793103448275862,0.39913793103448275,1.0001310344827585,0.44393494725227356,0.85,26.058823529411764,0.0,20.0,False
env_odom_noise,0.0868421052631579,0.00021690521830457365,0.003806358250624933,0.12480202278691051,0.9095692086608061,19.456938607928475,0.28547008547008546,0.4641025641025641,0.8876273504273504,0.46579512432217596,0.85,26.352941176470587,0.0,20.0,False
env_odom_noise,0.0868421052631579,0.00021690521830457365,0.00788154924594252,0.1245610830647979,0.9010903775158776,17.969924726778554,0.35219594594594594,0.5422297297297297,0.7427743243243243,0.4766424961388111,0.75,25.133333333333333,0.0,20.0,False
env_odom_noise,0.0868421052631579,0.00021690521830457365,0.01631975090784437,0.1238842265256597,0.8872228139522381,17.21513769194086,0.42549668874172186,0.5960264900662252,0.6156768211920529,0.5239544257521629,0.7,25.0,0.0,20.0,False
env_odom_noise,0.0868421052631579,0.00021690521830457365,0.03379212149580846,0.12377442108797175,0.8721920327354611,17.019796175543064,0.5040387722132472,0.6179321486268174,0.5152290791599353,0.619277448952198,0.7,26.071428571428573,0.0,20.0,False
env_odom_noise,0.0868421052631579,0.00021690521830457365,0.0699708887492028,0.12360833785645746,0.8485864822713957,16.83624987484601,0.5594679186228482,0.634585289514867,0.4431467918622848,0.7704517044126987,0.55,24.363636363636363,0.0,20.0,False
env_odom_noise,0.0868421052631579,0.00021690521830457365,0.14488363132100487,0.12327248330742287,0.8307204919376329,16.81557117662238,0.5804248861911988,0.6396054628224582,0.41716965098634295,1.0317279562354087,0.5,24.9,0.0,20.0,False
env_odom_noise,0.0868421052631579,0.00021690521830457365,0.3,0.12256422904582635,0.820560816129229,16.82614037395935,0.5922619047619048,0.6443452380952381,0.4005928571428571,1.2666284069418907,0.5,26.2,0.0,20.0,False
env_odom_noise,0.0868421052631579,0.00047047873727754753,0.00010000000000000009,0.12499573358619993,0.9241541950427135,56.026737923808916,0.19217391304347825,0.31130434782608696,1.1337217391304348,0.44517059028148653,0.9,26.5,0.0,20.0,False
env_odom_noise,0.0868421052631579,0.00047047873727754753,0.00020706272838739032,0.12499573346191506,0.9241554332216385,38.72349746788371,0.19478260869565217,0.32608695652173914,1.1163304347826086,0.44598373398184776,0.9,26.5,0.0,20.0,False
env_odom_noise,0.0868421052631579,0.00047047873727754753,0.0004287497348723022,0.12499573244921165,0.9241711100357604,25.140071645380985,0.21304347826086956,0.3556521739130435,1.068504347826087,0.4526937328279018,0.9,26.5,0.0,20.0,False
env_odom_noise,0.0868421052631579,0.00047047873727754753,0.0008877808989802905,0.1249957342604308,0.921433537921091,16.053628867221775,0.23350694444444445,0.3984375,1.0052555555555556,0.46142585948109627,0.9,26.555555555555557,0.0,20.0,False
env_odom_noise,0.0868421052631579,0.00047047873727754753,0.001838263351530691,0.12480202537578045,0.9184120161223646,10.750977975743655,0.2681034482758621,0.45775862068965517,0.9113379310344827,0.44531045332551,0.85,26.058823529411764,0.0,20.0,False
env_odom_noise,0.0868421052631579,0.00047047873727754753,0.003806358250624933,0.12480202242660787,0.909599566039051,7.953490995346552,0.3128205128205128,0.5205128205128206,0.8038666666666666,0.46722534820437434,0.85,26.352941176470587,0.0,20.0,False
env_odom_noise,0.0868421052631579,0.00047047873727754753,0.00788154924594252,0.12456108523594393,0.9011132139807932,6.622942633541431,0.38175675675675674,0.5988175675675675,0.6566256756756756,0.47779884934425354,0.75,25.133333333333333,0.0,20.0,False
env_odom_noise,0.0868421052631579,0.00047047873727754753,0.01631975090784437,0.12388422715804671,0.8872389516335113,6.039100029656857,0.4519867549668874,0.6498344370860927,0.5353788079470199,0.5248182393610478,0.7,25.0,0.0,20.0,False
env_odom_noise,0.0868421052631579,0.00047047873727754753,0.03379212149580846,0.12377442142930191,0.8722045155041189,5.925228751744389,0.5306946688206785,0.6720516962843296,0.4344536348949919,0.6200221627950668,0.7,26.071428571428573,0.0,20.0,False
env_odom_noise,0.0868421052631579,0.00047047873727754753,0.0699708887492028,0.12360833984203934,0.8485957410484505,5.937690925061646,0.5852895148669797,0.6870109546165885,0.36489953051643187,0.771010260283947,0.55,24.363636363636363,0.0,20.0,False
env_odom_noise,0.0868421052631579,0.00047047873727754753,0.14488363132100487,0.12327248308233574,0.8307271820170473,6.07521632360815,0.6062215477996965,0.6911987860394537,0.33977966616084976,1.0320784591138363,0.5,24.9,0.0,20.0,False
env_odom_noise,0.0868421052631579,0.00047047873727754753,0.3,0.12256422803848219,0.816713463823124,6.229514395573137,0.6198224852071006,0.6989644970414202,0.31841301775147923,1.2533303484320641,0.5,26.6,0.0,20.0,False
env_odom_noise,0.0868421052631579,0.001020492932168466,0.00010000000000000009,0.12499573358619993,0.9241541783015172,31.879273191179312,0.2391304347826087,0.3947826086956522,1.003286956521739,0.44522004425525663,0.9,26.5,0.0,20.0,False
env_odom_noise,0.0868421052631579,0.001020492932168466,0.00020706272838739032,0.12499573271003636,0.9241578534772008,23.563544442152057,0.24521739130434783,0.40956521739130436,0.9824173913043478,0.4471748508512974,0.9,26.5,0.0,20.0,False
env_odom_noise,0.0868421052631579,0.001020492932168466,0.0004287497348723022,0.12499573269969468,0.9241870007889084,15.609705504747238,0.26260869565217393,0.4339130434782609,0.9406782608695652,0.4555477872490883,0.9,26.5,0.0,20.0,False
env_odom_noise,0.0868421052631579,0.001020492932168466,0.0008877808989802905,0.12499573371066161,0.9199493579527661,9.335294214521403,0.2755632582322357,0.47400346620450606,0.8876332755632582,0.45648178420960905,0.9,26.61111111111111,0.0,20.0,False
env_odom_noise,0.0868421052631579,0.001020492932168466,0.001838263351530691,0.12480202324885664,0.918483835075398,5.143823857930298,0.3112068965517241,0.5301724137931034,0.7958206896551725,0.4490422271192074,0.85,26.058823529411764,0.0,20.0,False
env_odom_noise,0.0868421052631579,0.001020492932168466,0.003806358250624933,0.12480202274513637,0.9096633867634718,2.754398494426353,0.3547008547008547,0.5888888888888889,0.6936102564102564,0.4702805928885937,0.85,26.352941176470587,0.0,20.0,False
env_odom_noise,0.0868421052631579,0.001020492932168466,0.00788154924594252,0.12456108596389437,0.9011619446043302,1.5712025541956085,0.4214527027027027,0.6621621621621622,0.5535851351351351,0.4802856408059597,0.75,25.133333333333333,0.0,20.0,False
env_odom_noise,0.0868421052631579,0.001020492932168466,0.01631975090784437,0.12388422656328793,0.8872735747345076,1.0832065530681743,0.48758278145695366,0.7152317880794702,0.43438543046357614,0.5266871653497219,0.7,25.0,0.0,20.0,False
env_odom_noise,0.0868421052631579,0.001020492932168466,0.03379212149580846,0.1237744188774612,0.8722318969911984,1.0095398427511904,0.5662358642972536,0.7342487883683361,0.33671534733441033,0.6216330744326115,0.7,26.071428571428573,0.0,20.0,False
env_odom_noise,0.0868421052631579,0.001020492932168466,0.0699708887492028,0.12360833975697474,0.8486160830293863,1.1096729016831448,0.6205007824726134,0.7472613458528952,0.2694378716744914,0.7722209736704826,0.55,24.363636363636363,0.0,20.0,False
env_odom_noise,0.0868421052631579,0.001020492932168466,0.14488363132100487,0.12327248106904388,0.8307413900916832,1.318408028037927,0.6403641881638846,0.7503793626707133,0.2464564491654021,1.0328375369310379,0.5,24.9,0.0,20.0,False
env_odom_noise,0.0868421052631579,0.001020492932168466,0.3,0.122564227722637,0.8167218148163247,1.5780115293623398,0.6545857988165681,0.7566568047337278,0.22595739644970414,1.253727699816227,0.5,26.6,0.0,20.0,False
env_odom_noise,0.0868421052631579,0.0022135024223027535,0.00010000000000000009,0.1249957337317398,0.9241657808483069,15.622191078358846,0.31130434782608696,0.5165217391304348,0.8093739130434783,0.44833802729845046,0.9,26.5,0.0,20.0,False
env_odom_noise,0.0868421052631579,0.0022135024223027535,0.00020706272838739032,0.12499573254975598,0.9242078988261458,12.448518422297738,0.3182608695652174,0.5304347826086957,0.7885043478260869,0.4539791405200958,0.9,26.5,0.0,20.0,False
env_odom_noise,0.0868421052631579,0.0022135024223027535,0.0004287497348723022,0.12499573120145689,0.9243051552661546,8.700524074213808,0.3278260869565217,0.5521739130434783,0.7572,0.46483690068125727,0.9,26.5,0.0,20.0,False
env_odom_noise,0.0868421052631579,0.0022135024223027535,0.0008877808989802905,0.12474138292363482,0.9201124531998014,5.077899829419766,0.3408304498269896,0.5882352941176471,0.7081342560553633,0.44436349011957643,0.85,25.941176470588236,0.0,20.0,False
env_odom_noise,0.0868421052631579,0.0022135024223027535,0.001838263351530691,0.12480202408706216,0.9175996277938159,2.2393551537989502,0.37005163511187605,0.6316695352839932,0.6354788296041307,0.4666042111814022,0.85,26.11764705882353,0.0,20.0,False
env_odom_noise,0.0868421052631579,0.0022135024223027535,0.003806358250624933,0.12480202394912945,0.908535973224872,0.3944844642867985,0.41638225255972694,0.6877133105802048,0.5331044368600683,0.484756150841713,0.85,26.41176470588235,0.0,20.0,False
env_odom_noise,0.0868421052631579,0.0022135024223027535,0.00788154924594252,0.12456108449495276,0.8995272427853597,-0.5980689656616599,0.4763912310286678,0.7554806070826307,0.4053281618887015,0.4822822093963623,0.75,25.2,0.0,20.0,False
env_odom_noise,0.0868421052631579,0.0022135024223027535,0.01631975090784437,0.12388422672326621,0.8873474355269056,-1.0078435966951116,0.5413907284768212,0.804635761589404,0.2911735099337748,0.530716261267662,0.7,25.0,0.0,20.0,False
env_odom_noise,0.0868421052631579,0.0022135024223027535,0.03379212149580846,0.12377441685463701,0.872290602562911,-1.0570161893130614,0.6179321486268174,0.8247172859450727,0.1945505654281099,0.625112371891737,0.7,26.071428571428573,0.0,20.0,False
env_odom_noise,0.0868421052631579,0.0022135024223027535,0.0699708887492028,0.12360833926093846,0.8486599122047168,-0.9189041439471082,0.6713615023474179,0.8348982785602503,0.13094021909233178,0.7748407803475856,0.55,24.363636363636363,0.0,20.0,False
env_odom_noise,0.0868421052631579,0.0022135024223027535,0.14488363132100487,0.12327248059549034,0.8307723183340401,-0.6793156004568472,0.6889226100151745,0.8399089529590288,0.12081365705614577,1.0344824843108653,0.5,24.9,0.0,20.0,False
env_odom_noise,0.0868421052631579,0.0022135024223027535,0.3,0.12256422765157028,0.8167402624636617,-0.37399264000559024,0.7026627218934911,0.8461538461538461,0.128308875739645,1.2545888796448708,0.5,26.6,0.0,20.0,False
env_odom_noise,0.0868421052631579,0.004801202261272809,0.00010000000000000009,0.12452113940715981,0.9154597934813846,6.127261258291457,0.41680960548885077,0.6638078902229846,0.5565825042881647,0.42295669093728067,0.85,26.235294117647058,0.0,20.0,False
env_odom_noise,0.0868421052631579,0.004801202261272809,0.00020706272838739032,0.12458212748191334,0.9154990237080588,5.136529927855866,0.4220890410958904,0.6720890410958904,0.5430219178082192,0.4160326965153217,0.85,26.294117647058822,0.0,20.0,False
env_odom_noise,0.0868421052631579,0.004801202261272809,0.0004287497348723022,0.12458212801458385,0.9155766975762978,3.7383294423963784,0.4280821917808219,0.6892123287671232,0.5199054794520548,0.42410960122942926,0.85,26.294117647058822,0.0,20.0,False
env_odom_noise,0.0868421052631579,0.004801202261272809,0.0008877808989802905,0.12458212727931876,0.9157255686325841,2.081718457014341,0.4426369863013699,0.7166095890410958,0.47795342465753426,0.4392779514193535,0.85,26.294117647058822,0.0,20.0,False
env_odom_noise,0.0868421052631579,0.004801202261272809,0.001838263351530691,0.12458212608237355,0.9084365028723079,0.48976413634660226,0.4685374149659864,0.7474489795918368,0.42121360544217684,0.44978011548519137,0.85,26.529411764705884,0.0,20.0,False
env_odom_noise,0.0868421052631579,0.004801202261272809,0.003806358250624933,0.12434439666475211,0.9076966991685008,-0.7328160503905299,0.5050761421319797,0.7935702199661591,0.3385536379018612,0.4707208640873432,0.8,25.9375,0.0,20.0,False
env_odom_noise,0.0868421052631579,0.004801202261272809,0.00788154924594252,0.12429821589140215,0.9006605216073911,-1.4695985283534816,0.5611390284757118,0.8517587939698492,0.22430217755443893,0.4864335972815752,0.75,25.466666666666665,0.0,20.0,False
env_odom_noise,0.0868421052631579,0.004801202261272809,0.01631975090784437,0.1238327627141043,0.8858318536219706,-1.791560564457258,0.6266447368421053,0.897203947368421,0.11335131578947366,0.5306541219353675,0.7,25.285714285714285,0.0,20.0,True
env_odom_noise,0.0868421052631579,0.004801202261272809,0.03379212149580846,0.12357032543454678,0.8711738029543187,-1.8157156815016648,0.6969453376205788,0.9139871382636656,0.05475819935691317,0.6336857050657272,0.65,25.307692307692307,0.0,20.0,False
env_odom_noise,0.0868421052631579,0.004801202261272809,0.0699708887492028,0.12340872285553496,0.8481816872528399,-1.661702805269638,0.7468847352024922,0.9221183800623053,0.09656635514018697,0.7915075957775116,0.55,24.636363636363637,0.0,20.0,False
env_odom_noise,0.0868421052631579,0.004801202261272809,0.14488363132100487,0.12307956118238252,0.8307166592094827,-1.4099254776189218,0.763595166163142,0.9274924471299094,0.10790271903323267,1.0546366304159165,0.5,25.2,0.0,20.0,False
env_odom_noise,0.0868421052631579,0.004801202261272809,0.3,0.12222560363811726,0.8159861568292707,-1.0963601795926723,0.7745961820851689,0.9317180616740088,0.1146781204111601,1.2582448557019235,0.5,27.1,0.0,20.0,False
env_odom_noise,0.0868421052631579,0.010414058246057912,0.00010000000000000009,0.12429522750838898,0.912304860013864,1.362976545444297,0.5432937181663837,0.7801358234295416,0.3137704584040747,0.47239026725292205,0.8,25.8125,0.0,20.0,False
env_odom_noise,0.0868421052631579,0.010414058246057912,0.00020706272838739032,0.1242952253422528,0.9123363574423224,1.1103473285286574,0.5449915110356537,0.7894736842105263,0.30273480475382,0.4754428841173649,0.8,25.8125,0.0,20.0,False
env_odom_noise,0.0868421052631579,0.010414058246057912,0.0004287497348723022,0.1242952262164124,0.912399756179935,0.6899815446487346,0.5492359932088285,0.7945670628183361,0.29339694397283533,0.48158475533127787,0.8,25.8125,0.0,20.0,False
env_odom_noise,0.0868421052631579,0.010414058246057912,0.0008877808989802905,0.12429522573150753,0.9106402191656464,0.08670149986114734,0.5601694915254237,0.8084745762711865,0.2685559322033898,0.4892184868454933,0.8,25.875,0.0,20.0,False
env_odom_noise,0.0868421052631579,0.010414058246057912,0.001838263351530691,0.12415995315343066,0.9087310482843064,-0.6272274834373167,0.5819256756756757,0.8412162162162162,0.2140581081081081,0.49175199344754217,0.8,26.0,0.0,20.0,False
env_odom_noise,0.0868421052631579,0.010414058246057912,0.003806358250624933,0.1240050747334058,0.9002368216199582,-1.285448642108839,0.6162207357859532,0.8787625418060201,0.14221672240802674,0.4861567847430706,0.75,25.533333333333335,0.0,20.0,True
env_odom_noise,0.0868421052631579,0.010414058246057912,0.00788154924594252,0.12390378194592529,0.8994766847348292,-1.7435573599187726,0.6613976705490848,0.9226289517470881,0.05317337770382702,0.5356827739626169,0.7,24.785714285714285,0.0,20.0,True
env_odom_noise,0.0868421052631579,0.010414058246057912,0.01631975090784437,0.12365321229637256,0.8805542222594205,-1.9604432749808611,0.7275693311582382,0.9559543230016313,0.0463236541598695,0.5599874638020992,0.65,24.615384615384617,0.0,20.0,False
env_odom_noise,0.0868421052631579,0.010414058246057912,0.03379212149580846,0.12339466789474077,0.8668517426127058,-1.959339017985441,0.7875399361022364,0.9712460063897763,0.12158594249201271,0.6774397499859333,0.65,25.615384615384617,0.0,20.0,False
env_odom_noise,0.0868421052631579,0.010414058246057912,0.0699708887492028,0.12323649816813777,0.8407975539835887,-1.7921866621561489,0.8348765432098766,0.9768518518518519,0.17452839506172846,0.8311844490468502,0.55,25.181818181818183,0.0,20.0,False
env_odom_noise,0.0868421052631579,0.010414058246057912,0.14488363132100487,0.12265915215203758,0.8306454094464326,-1.5515917177653484,0.8511278195488722,0.9804511278195489,0.1943789473684211,1.1067106924951076,0.5,25.5,0.0,20.0,False
env_odom_noise,0.0868421052631579,0.010414058246057912,0.3,0.12192630227168517,0.8124648892542669,-1.2320852135109508,0.8617176128093159,0.9832605531295487,0.20777816593886467,1.2873038358986377,0.45,26.444444444444443,0.0,20.0,False
env_odom_noise,0.0868421052631579,0.02258863577297737,0.00010000000000000009,0.12448462088535445,0.9005428870742094,-0.6902475816294185,0.6802325581395349,0.8687707641196013,0.08819667774086382,0.5022235460579395,0.65,23.76923076923077,0.0,20.0,False
env_odom_noise,0.0868421052631579,0.02258863577297737,0.00020706272838739032,0.12448462128932428,0.9005653157112394,-0.7459940318224607,0.6810631229235881,0.8737541528239202,0.08238272425249171,0.5045175939798355,0.65,23.76923076923077,0.0,20.0,False
env_odom_noise,0.0868421052631579,0.02258863577297737,0.0004287497348723022,0.12448462057738932,0.9006113220104534,-0.8480405518271131,0.686046511627907,0.8803986710963455,0.07744784053156151,0.5091993510723114,0.65,23.76923076923077,0.0,20.0,False
env_odom_noise,0.0868421052631579,0.02258863577297737,0.0008877808989802905,0.12448461935248797,0.9007044351195376,-1.016420220345914,0.6918604651162791,0.8928571428571429,0.07080332225913621,0.518642534315586,0.65,23.76923076923077,0.0,20.0,False
env_odom_noise,0.0868421052631579,0.02258863577297737,0.001838263351530691,0.12448462025048038,0.895821700590033,-1.2596578966237795,0.706953642384106,0.9064569536423841,0.0722966887417219,0.5166424334049224,0.65,23.923076923076923,0.0,20.0,False
env_odom_noise,0.0868421052631579,0.02258863577297737,0.003806358250624933,0.1242733853194343,0.8945110376256231,-1.5260017942360804,0.7318481848184818,0.9323432343234324,0.07130495049504948,0.5413754753768444,0.65,24.076923076923077,0.0,20.0,False
env_odom_noise,0.0868421052631579,0.02258863577297737,0.00788154924594252,0.12386666434635803,0.8858481971400518,-1.746130926537282,0.7622549019607843,0.9591503267973857,0.08420522875816994,0.5679020807147026,0.65,24.53846153846154,0.0,20.0,False
env_odom_noise,0.0868421052631579,0.02258863577297737,0.01631975090784437,0.12399183328636303,0.8804809434298202,-1.8440319857075111,0.8203883495145631,0.9805825242718447,0.16377087378640776,0.6628015287220478,0.65,25.0,0.0,20.0,False
env_odom_noise,0.0868421052631579,0.02258863577297737,0.03379212149580846,0.12327803318519799,0.8664727373901595,-1.8147814453005946,0.8724247226624405,0.9896988906497622,0.22492361331220279,0.7587832346558571,0.6,24.916666666666668,0.0,20.0,False
env_odom_noise,0.0868421052631579,0.02258863577297737,0.0699708887492028,0.12331216776985282,0.8371128189089726,-1.6466875783523853,0.9136085626911316,0.9954128440366973,0.27182140672782884,0.9175060771405696,0.55,25.727272727272727,0.0,20.0,False
env_odom_noise,0.0868421052631579,0.02258863577297737,0.14488363132100487,0.12272055245579129,0.8243825991201899,-1.403199562017721,0.9308035714285714,0.9977678571428571,0.2913714285714285,1.186159361898899,0.5,26.2,0.0,20.0,False
env_odom_noise,0.0868421052631579,0.02258863577297737,0.3,0.12216162315409286,0.8042861582090908,-1.0769364601851208,0.93974175035868,1.0,0.30254175035868003,1.350800596922636,0.45,27.555555555555557,0.0,20.0,False
env_odom_noise,0.0868421052631579,0.04899592973540154,0.00010000000000000009,0.1240984209594388,0.8954401188833554,-1.2962908463968117,0.7922824302134647,0.9334975369458128,0.13058489326765188,0.6858712423592805,0.65,24.307692307692307,0.0,20.0,False
env_odom_noise,0.0868421052631579,0.04899592973540154,0.00020706272838739032,0.1240807393164285,0.8954576242211002,-1.3089319652433165,0.7950819672131147,0.9344262295081968,0.13245573770491803,0.6777074500918389,0.65,24.384615384615383,0.0,20.0,False
env_odom_noise,0.0868421052631579,0.04899592973540154,0.0004287497348723022,0.12408074056576689,0.8954937749051598,-1.3283189407037845,0.7967213114754098,0.9360655737704918,0.13245573770491803,0.6822463482618332,0.65,24.384615384615383,0.0,20.0,False
env_odom_noise,0.0868421052631579,0.04899592973540154,0.0008877808989802905,0.12408073847367855,0.8947243189547384,-1.3605057230131796,0.7995090016366612,0.9410801963993454,0.13022880523731584,0.6972830802202225,0.65,24.46153846153846,0.0,20.0,False
env_odom_noise,0.0868421052631579,0.04899592973540154,0.001838263351530691,0.12408073835750677,0.8930756370516525,-1.4173573847087055,0.8063725490196079,0.951797385620915,0.12637516339869292,0.6948800437152386,0.6,23.333333333333332,0.0,20.0,False
env_odom_noise,0.0868421052631579,0.04899592973540154,0.003806358250624933,0.12396828711959625,0.8902759543891899,-1.4913384254907631,0.8203252032520325,0.9617886178861789,0.14491382113821138,0.7224118024110794,0.6,23.583333333333332,0.0,20.0,False
env_odom_noise,0.0868421052631579,0.04899592973540154,0.00788154924594252,0.12380301767438187,0.881011265763053,-1.56477548133724,0.8518518518518519,0.9782608695652174,0.19291272141706928,0.7242441862821579,0.6,24.083333333333332,0.0,20.0,False
env_odom_noise,0.0868421052631579,0.04899592973540154,0.01631975090784437,0.1237604043472315,0.8658162478309337,-1.5809373915471638,0.901743264659271,0.9873217115689382,0.25186497622820925,0.7666996404528618,0.6,24.916666666666668,0.0,20.0,False
env_odom_noise,0.0868421052631579,0.04899592973540154,0.03379212149580846,0.12343820996761652,0.8518369525870442,-1.519401597105007,0.9394409937888198,0.9914596273291926,0.29370062111801243,0.8604005247354507,0.55,24.818181818181817,0.0,20.0,False
env_odom_noise,0.0868421052631579,0.04899592973540154,0.0699708887492028,0.12314853858234445,0.8379562032237912,-1.3620805524034687,0.9651515151515152,0.996969696969697,0.32492121212121217,1.0769170172512532,0.5,25.0,0.0,20.0,False
env_odom_noise,0.0868421052631579,0.04899592973540154,0.14488363132100487,0.12208950171801561,0.8145677161676979,-1.1111211657825244,0.9795620437956204,0.9978102189781022,0.3401722627737226,1.3135448694229126,0.5,27.5,0.0,20.0,False
env_odom_noise,0.0868421052631579,0.04899592973540154,0.3,0.1219973350167116,0.811926313036046,-0.7911185567176278,0.9851904090267983,1.0,0.34799040902679834,1.502858816087246,0.4,27.625,0.0,20.0,False
env_odom_noise,0.0868421052631579,0.10627472835292812,0.00010000000000000009,0.12361219993159718,0.8665710040813003,-1.2209210191064803,0.8763779527559055,0.9779527559055118,0.21713070866141726,0.876256825402379,0.6,25.25,0.0,20.0,False
env_odom_noise,0.0868421052631579,0.10627472835292812,0.00020706272838739032,0.12361219844880827,0.8665863424737643,-1.2217986934624845,0.8771653543307086,0.978740157480315,0.2187055118110236,0.8779898442327976,0.6,25.25,0.0,20.0,False
env_odom_noise,0.0868421052631579,0.10627472835292812,0.0004287497348723022,0.12361219886232941,0.8666180551523514,-1.2234911175720873,0.8779527559055118,0.978740157480315,0.21949291338582677,0.8815745480358601,0.6,25.25,0.0,20.0,False
env_odom_noise,0.0868421052631579,0.10627472835292812,0.0008877808989802905,0.1236122006661471,0.86557475074508,-1.2263026500310732,0.8773584905660378,0.9811320754716981,0.2212905660377359,0.8904777146875859,0.6,25.333333333333332,0.0,20.0,False
env_odom_noise,0.0868421052631579,0.10627472835292812,0.001838263351530691,0.12361219801653635,0.8637861602075684,-1.2317878512442977,0.8830455259026687,0.9843014128728415,0.23014693877551018,0.8976372666656971,0.6,25.416666666666668,0.0,20.0,False
env_odom_noise,0.0868421052631579,0.10627472835292812,0.003806358250624933,0.12361219918499915,0.8619866217537426,-1.2365575845555288,0.8934169278996865,0.9851097178683386,0.2413266457680251,0.9082641169428826,0.55,24.272727272727273,0.0,20.0,False
env_odom_noise,0.0868421052631579,0.10627472835292812,0.00788154924594252,0.12367427071728167,0.8591380428843965,-1.2349952707858833,0.9127725856697819,0.9890965732087228,0.26466915887850473,0.936475732922554,0.55,24.636363636363637,0.0,20.0,False
env_odom_noise,0.0868421052631579,0.10627472835292812,0.01631975090784437,0.12336542663971371,0.8521924331161919,-1.2060957771776648,0.9366306027820711,0.990726429675425,0.29015703245749613,1.0127844758331777,0.55,25.09090909090909,0.0,20.0,False
env_odom_noise,0.0868421052631579,0.10627472835292812,0.03379212149580846,0.12316409887271419,0.841913321057756,-1.1310570673593794,0.9643939393939394,0.9931818181818182,0.32037575757575754,1.108511643856764,0.55,26.272727272727273,0.0,20.0,False
env_odom_noise,0.0868421052631579,0.10627472835292812,0.0699708887492028,0.12230795737720378,0.8308887624704568,-0.9878157278224563,0.9822222222222222,0.9977777777777778,0.3428,1.3159703686833382,0.5,26.5,0.0,20.0,False
env_odom_noise,0.0868421052631579,0.10627472835292812,0.14488363132100487,0.12171695853307418,0.8102718468623293,-0.7569819835150757,0.9914285714285714,0.9978571428571429,0.35208571428571434,1.525800484418869,0.45,27.88888888888889,0.0,20.0,False
env_odom_noise,0.0868421052631579,0.10627472835292812,0.3,0.12195338013038093,0.8188406969499348,-0.4711671247402154,0.9958041958041958,1.0,0.3586041958041958,1.7187775298953056,0.35,26.857142857142858,0.0,20.0,False
env_odom_noise,0.0868421052631579,0.23051543153651136,0.00010000000000000009,0.12333609376449899,0.8403286130815597,-0.8024258810908732,0.9375,0.9909638554216867,0.29126385542168676,1.3210936702787877,0.55,26.636363636363637,0.0,20.0,False
env_odom_noise,0.0868421052631579,0.23051543153651136,0.00020706272838739032,0.12333609102704608,0.8403424185926033,-0.8019517942898532,0.9375,0.9917168674698795,0.29201686746987954,1.322477473318577,0.55,26.636363636363637,0.0,20.0,False
env_odom_noise,0.0868421052631579,0.23051543153651136,0.0004287497348723022,0.12333609133546544,0.8403710429654297,-0.8009651338601919,0.9390060240963856,0.9917168674698795,0.2935228915662651,1.325339238345623,0.55,26.636363636363637,0.0,20.0,False
env_odom_noise,0.0868421052631579,0.23051543153651136,0.0008877808989802905,0.12355347076631319,0.840429777197618,-0.7997900999012503,0.9390977443609022,0.9924812030075187,0.29437894736842096,1.3234773471951484,0.55,26.727272727272727,0.0,20.0,False
env_odom_noise,0.0868421052631579,0.23051543153651136,0.001838263351530691,0.1235534724428093,0.8405510358602323,-0.7954570285243279,0.9406015037593985,0.9924812030075187,0.2958827067669173,1.3354475319385528,0.55,26.727272727272727,0.0,20.0,False
env_odom_noise,0.0868421052631579,0.23051543153651136,0.003806358250624933,0.12297488614875199,0.8407992727520485,-0.789285662858222,0.9483532934131736,0.9925149700598802,0.30366826347305387,1.3360974870622158,0.55,27.0,0.0,20.0,False
env_odom_noise,0.0868421052631579,0.23051543153651136,0.00788154924594252,0.12283205797661526,0.8341350604783896,-0.7730000130680361,0.9577151335311572,0.9925816023738873,0.3130967359050445,1.3472644522786141,0.55,27.545454545454547,0.0,20.0,False
env_odom_noise,0.0868421052631579,0.23051543153651136,0.01631975090784437,0.12262335848597997,0.8295148550724691,-0.7364030331313005,0.9682890855457227,0.9941002949852508,0.32518938053097346,1.4086944103240966,0.55,27.90909090909091,0.0,20.0,False
env_odom_noise,0.0868421052631579,0.23051543153651136,0.03379212149580846,0.1218664754127487,0.817149020209647,-0.6653834735721657,0.9804913294797688,0.9956647398843931,0.3389560693641619,1.482101146876812,0.45,27.0,0.0,20.0,False
env_odom_noise,0.0868421052631579,0.23051543153651136,0.0699708887492028,0.12185223142941186,0.8148827428273268,-0.523280805602115,0.988795518207283,0.9978991596638656,0.3494946778711485,1.693984691798687,0.4,28.25,0.0,20.0,False
env_odom_noise,0.0868421052631579,0.23051543153651136,0.14488363132100487,0.12201037565324846,0.8144090602466402,-0.33924562571571737,0.9924242424242424,0.9986225895316805,0.3538468319559229,1.8772921904921531,0.35,28.428571428571427,0.0,20.0,False
env_odom_noise,0.0868421052631579,0.23051543153651136,0.3,0.12249268195711792,0.8169122166660845,-0.09634869043911594,0.9972602739726028,1.0,0.36006027397260276,2.043898917734623,0.35,29.0,0.0,20.0,False
env_odom_noise,0.0868421052631579,0.5,0.00010000000000000009,0.12205511502981392,0.8088623322691475,-0.23494963258553905,0.9820936639118457,0.9965564738292011,0.3414501377410468,1.9849959347397088,0.4,29.75,0.0,20.0,False
env_odom_noise,0.0868421052631579,0.5,0.00020706272838739032,0.12205511377232822,0.8088756409839553,-0.23451420291763045,0.9820936639118457,0.9965564738292011,0.3414501377410468,1.9861012171953916,0.4,29.75,0.0,20.0,False
env_odom_noise,0.0868421052631579,0.5,0.0004287497348723022,0.12205511314714194,0.8089028856141204,-0.23361426065544094,0.9820936639118457,0.9965564738292011,0.3414501377410468,1.988388193398714,0.4,29.75,0.0,20.0,False
env_odom_noise,0.0868421052631579,0.5,0.0008877808989802905,0.12205511264715067,0.8089596230825381,-0.2317571002788928,0.9820936639118457,0.9965564738292011,0.3414501377410468,1.9931145895272493,0.4,29.75,0.0,20.0,False
env_odom_noise,0.0868421052631579,0.5,0.001838263351530691,0.12205511303948535,0.8066629561801093,-0.22876810822146415,0.9821428571428571,0.9965659340659341,0.3415087912087912,1.9938536021858453,0.4,30.0,0.0,20.0,False
env_odom_noise,0.0868421052631579,0.5,0.003806358250624933,0.12205511530618722,0.8052132052519692,-0.22138153405396419,0.9828532235939643,0.9965706447187929,0.3422238683127572,2.007350768893957,0.4,30.125,0.0,20.0,False
env_odom_noise,0.0868421052631579,0.5,0.00788154924594252,0.12198536583559584,0.8039032030504217,-0.2067641489561047,0.9842681258549931,0.9965800273597811,0.34364815321477427,2.0350794579833744,0.4,30.375,0.0,20.0,False
env_odom_noise,0.0868421052631579,0.5,0.01631975090784437,0.12192796283752681,0.8050516681070101,-0.17255367060435994,0.9845637583892617,0.9973154362416108,0.3446791946308725,2.082462270371616,0.35,31.142857142857142,0.0,20.0,False
env_odom_noise,0.0868421052631579,0.5,0.03379212149580846,0.12248482198721429,0.8029411197773263,-0.11976856745419871,0.9887118193891102,0.99867197875166,0.3501837981407703,2.1704708302393554,0.35,32.285714285714285,0.0,20.0,False
env_odom_noise,0.0868421052631579,0.5,0.0699708887492028,0.1224422877846885,0.8047782221039921,-0.024036965898877827,0.9920739762219286,0.9986789960369881,0.3535529722589167,2.3310809331014752,0.3,31.833333333333332,0.0,20.0,False
env_odom_noise,0.0868421052631579,0.5,0.14488363132100487,0.12257032193329026,0.8016850574066021,0.12196360909834128,0.9947643979057592,0.9993455497382199,0.3569099476439791,2.440683278441429,0.3,33.0,0.0,20.0,False
env_odom_noise,0.0868421052631579,0.5,0.3,0.12257032165654293,0.8005610079359026,0.3297150388383203,0.9980417754569191,1.0,0.3608417754569191,2.5247258730232716,0.3,33.333333333333336,0.0,20.0,False
env_odom_noise,0.09473684210526316,0.00010000000000000009,0.00010000000000000009,0.12499573283721886,0.9529493654552549,149.54364523248773,0.12521739130434784,0.20347826086956522,1.308504347826087,0.4539966121315956,0.9,26.5,0.0,20.0,False
env_odom_noise,0.09473684210526316,0.00010000000000000009,0.00020706272838739032,0.12499573287811973,0.9529501790136831,100.96969924202483,0.13826086956521738,0.2234782608695652,1.2754608695652174,0.4543946243822575,0.9,26.5,0.0,20.0,False
env_odom_noise,0.09473684210526316,0.00010000000000000009,0.0004287497348723022,0.1249957331329466,0.9529649822108802,72.52125812693349,0.15304347826086956,0.24869565217391304,1.2354608695652174,0.4597685538232327,0.9,26.5,0.0,20.0,False
env_odom_noise,0.09473684210526316,0.00010000000000000009,0.0008877808989802905,0.12499573359686486,0.9486320625425679,57.11732373391383,0.17417677642980936,0.2920277296360485,1.170995493934142,0.4599482946097851,0.9,26.61111111111111,0.0,20.0,False
env_odom_noise,0.09473684210526316,0.00010000000000000009,0.001838263351530691,0.12480202449610352,0.9461970457000145,49.27102002631411,0.20912220309810672,0.35714285714285715,1.0709349397590362,0.4609739899635315,0.85,26.11764705882353,0.0,20.0,False
env_odom_noise,0.09473684210526316,0.00010000000000000009,0.003806358250624933,0.12480202246108343,0.9350321731033397,45.14978042045533,0.25383304940374785,0.424190800681431,0.9591761499148211,0.4737219788134098,0.85,26.470588235294116,0.0,20.0,False
env_odom_noise,0.09473684210526316,0.00010000000000000009,0.00788154924594252,0.12456108337081687,0.928190862236304,43.19666935153293,0.3220910623946037,0.5042158516020236,0.8108930860033726,0.48232932984828947,0.75,25.2,0.0,20.0,False
env_odom_noise,0.09473684210526316,0.00010000000000000009,0.01631975090784437,0.12388422883042514,0.9161351936950178,42.01984928834186,0.39403973509933776,0.5587748344370861,0.6843854304635761,0.532388211786747,0.7,25.0,0.0,20.0,False
env_odom_noise,0.09473684210526316,0.00010000000000000009,0.03379212149580846,0.12377442081888548,0.9003078511282692,41.57870903846199,0.47495961227786754,0.5856219709208401,0.5766184168012923,0.6257846295833588,0.7,26.071428571428573,0.0,20.0,False
env_odom_noise,0.09473684210526316,0.00010000000000000009,0.0699708887492028,0.12360833923189204,0.8774792150388505,40.93283757438751,0.5297339593114241,0.6032863849765259,0.50417965571205,0.7752313144505024,0.55,24.363636363636363,0.0,20.0,False
env_odom_noise,0.09473684210526316,0.00010000000000000009,0.14488363132100487,0.12327248181641634,0.8599139804129012,40.54935562520218,0.5553869499241275,0.6107738998482549,0.47103915022761755,1.0360581323504447,0.5,24.9,0.0,20.0,False
env_odom_noise,0.09473684210526316,0.00010000000000000009,0.3,0.12255799995825811,0.8481684479409316,40.15362649604845,0.56973293768546,0.6142433234421365,0.4532237388724035,1.26238062530756,0.5,26.4,0.0,20.0,False
env_odom_noise,0.09473684210526316,0.00021690521830457365,0.00010000000000000009,0.12499573283721886,0.9529493654552549,101.89294479948143,0.14695652173913043,0.2417391304347826,1.248504347826087,0.4539966121315956,0.9,26.5,0.0,20.0,False
env_odom_noise,0.09473684210526316,0.00021690521830457365,0.00020706272838739032,0.12499573286791421,0.9529504539607877,67.39118809506948,0.1608695652173913,0.2582608695652174,1.2180695652173914,0.4544839285314083,0.9,26.5,0.0,20.0,False
env_odom_noise,0.09473684210526316,0.00021690521830457365,0.0004287497348723022,0.12499573265082418,0.9529662441272636,44.45361035836597,0.17478260869565218,0.28347826086956524,1.1789391304347825,0.4601977184414864,0.9,26.5,0.0,20.0,False
env_odom_noise,0.09473684210526316,0.00021690521830457365,0.0008877808989802905,0.1249957334240181,0.9486416667608852,30.94338436117765,0.19670710571923744,0.32495667244367415,1.1155362218370883,0.46059307269752026,0.9,26.61111111111111,0.0,20.0,False
env_odom_noise,0.09473684210526316,0.00021690521830457365,0.001838263351530691,0.12480202461948002,0.9462095112158996,23.682626414028633,0.229776247848537,0.387263339070568,1.020160413080895,0.4616162598133087,0.85,26.11764705882353,0.0,20.0,False
env_odom_noise,0.09473684210526316,0.00021690521830457365,0.003806358250624933,0.12480202543713989,0.9350487485769196,19.95227172883777,0.27427597955706984,0.454855195911414,0.9080688245315162,0.47437801882624625,0.85,26.470588235294116,0.0,20.0,False
env_odom_noise,0.09473684210526316,0.00021690521830457365,0.00788154924594252,0.12456108361195933,0.9282019955446574,18.21253224804799,0.3406408094435076,0.5337268128161888,0.7628323777403035,0.48280602023005487,0.75,25.2,0.0,20.0,False
env_odom_noise,0.09473684210526316,0.00021690521830457365,0.01631975090784437,0.12388422844985963,0.9161434520916714,17.348233243908407,0.41307947019867547,0.5877483443708609,0.6363721854304636,0.5327841088175773,0.7,25.0,0.0,20.0,False
env_odom_noise,0.09473684210526316,0.00021690521830457365,0.03379212149580846,0.1237744194318641,0.900314314519535,17.082190088280885,0.49353796445880455,0.6147011308562197,0.5289609046849757,0.6261237420141696,0.7,26.071428571428573,0.0,20.0,False
env_odom_noise,0.09473684210526316,0.00021690521830457365,0.0699708887492028,0.12360833793370533,0.8759892082629118,16.839708277177163,0.55,0.6328125,0.45438749999999994,0.767200805991888,0.55,24.454545454545453,0.0,20.0,False
env_odom_noise,0.09473684210526316,0.00021690521830457365,0.14488363132100487,0.12327248254430434,0.8599173632189462,16.830855992731436,0.575113808801214,0.6396054628224582,0.4224807283763278,1.0362188011407851,0.5,24.9,0.0,20.0,False
env_odom_noise,0.09473684210526316,0.00021690521830457365,0.3,0.12255799957819988,0.8481703944167427,16.822401906291606,0.5897626112759644,0.6431750741839762,0.40426231454005934,1.2624652072787286,0.5,26.4,0.0,20.0,False
env_odom_noise,0.09473684210526316,0.00047047873727754753,0.00010000000000000009,0.12499573283721886,0.9529493654552549,65.5971867437944,0.1817391304347826,0.31217391304347825,1.143286956521739,0.4539966121315956,0.9,26.5,0.0,20.0,False
env_odom_noise,0.09473684210526316,0.00047047873727754753,0.00020706272838739032,0.12499573303056204,0.9529508620034598,45.06612774840963,0.1956521739130435,0.3208695652173913,1.1206782608695653,0.45477671921253204,0.9,26.5,0.0,20.0,False
env_odom_noise,0.09473684210526316,0.00047047873727754753,0.0004287497348723022,0.12499573289468129,0.9529700856842569,28.9473845203943,0.21304347826086956,0.34695652173913044,1.0772,0.46123346909880636,0.9,26.5,0.0,20.0,False
env_odom_noise,0.09473684210526316,0.00047047873727754753,0.0008877808989802905,0.12499573343739484,0.9486618132240867,18.174530339337448,0.2296360485268631,0.3830155979202773,1.0245483535528597,0.4619698911905289,0.9,26.61111111111111,0.0,20.0,False
env_odom_noise,0.09473684210526316,0.00047047873727754753,0.001838263351530691,0.12480202538231809,0.9445988609441465,11.82725659941983,0.25859106529209624,0.4424398625429553,0.9361690721649485,0.46471045836806296,0.85,26.176470588235293,0.0,20.0,False
env_odom_noise,0.09473684210526316,0.00047047873727754753,0.003806358250624933,0.1248020242428372,0.9350844728138563,8.475174878783957,0.30153321976149916,0.510221465076661,0.8254453151618398,0.4757910713553429,0.85,26.470588235294116,0.0,20.0,False
env_odom_noise,0.09473684210526316,0.00047047873727754753,0.00788154924594252,0.12456108229045301,0.9282261252629312,6.881551715825732,0.3684654300168634,0.5902192242833052,0.6785153456998314,0.4838354177772999,0.75,25.2,0.0,20.0,False
env_odom_noise,0.09473684210526316,0.00047047873727754753,0.01631975090784437,0.12388422897294539,0.916161257776454,6.171456134078045,0.43956953642384106,0.640728476821192,0.5569019867549669,0.5336411505937576,0.7,25.0,0.0,20.0,False
env_odom_noise,0.09473684210526316,0.00047047873727754753,0.03379212149580846,0.1237744197979414,0.9003281245417449,5.987452887884103,0.5201938610662359,0.6688206785137318,0.44818546042003227,0.6268594078719616,0.7,26.071428571428573,0.0,20.0,False
env_odom_noise,0.09473684210526316,0.00047047873727754753,0.0699708887492028,0.12360833869981368,0.8759995400142846,5.958137916122278,0.57578125,0.68515625,0.37626249999999994,0.7677588701248169,0.55,24.454545454545453,0.0,20.0,False
env_odom_noise,0.09473684210526316,0.00047047873727754753,0.14488363132100487,0.12327248187097248,0.8599246779933923,6.090491614782492,0.6016691957511381,0.6911987860394537,0.3443320182094082,1.0365677781403064,0.5,24.9,0.0,20.0,False
env_odom_noise,0.09473684210526316,0.00047047873727754753,0.3,0.12255799973458806,0.848174592335184,6.259270849598529,0.615727002967359,0.6958456973293768,0.3256272997032641,1.2626490384340285,0.5,26.4,0.0,20.0,False
env_odom_noise,0.09473684210526316,0.001020492932168466,0.00010000000000000009,0.12499573283721886,0.9529493491922782,37.95644003978526,0.2391304347826087,0.38956521739130434,1.0085043478260869,0.45404538959264756,0.9,26.5,0.0,20.0,False
env_odom_noise,0.09473684210526316,0.001020492932168466,0.00020706272838739032,0.1249957339082706,0.9529537946707385,28.076857175342017,0.24434782608695652,0.4008695652173913,0.9919826086956521,0.45591762736439706,0.9,26.5,0.0,20.0,False
env_odom_noise,0.09473684210526316,0.001020492932168466,0.0004287497348723022,0.12499573361852698,0.9529886075813293,18.621548505201826,0.2565217391304348,0.4217391304347826,0.9589391304347825,0.4640064686536789,0.9,26.5,0.0,20.0,False
env_odom_noise,0.09473684210526316,0.001020492932168466,0.0008877808989802905,0.1249957338634477,0.9487191460657479,11.156100640717767,0.2755632582322357,0.46013864818024264,0.9014980935875216,0.4653557352721691,0.9,26.61111111111111,0.0,20.0,False
env_odom_noise,0.09473684210526316,0.001020492932168466,0.001838263351530691,0.12480202328798982,0.9446798804891462,6.147938369683437,0.3006872852233677,0.5137457044673539,0.8227670103092783,0.4678574323654175,0.85,26.176470588235293,0.0,20.0,False
env_odom_noise,0.09473684210526316,0.001020492932168466,0.003806358250624933,0.12480202310873136,0.9351599038113805,3.268704306092158,0.3432708688245315,0.5792163543441227,0.7147127768313458,0.47880873531103135,0.85,26.470588235294116,0.0,20.0,False
env_odom_noise,0.09473684210526316,0.001020492932168466,0.00788154924594252,0.12456108424582214,0.9282774139341087,1.8318955569272624,0.40472175379426645,0.6534569983136593,0.5790212478920742,0.48605639711022375,0.75,25.2,0.0,20.0,False
env_odom_noise,0.09473684210526316,0.001020492932168466,0.01631975090784437,0.12388422609205284,0.916199648294242,1.2140031748108457,0.4759933774834437,0.7052980132450332,0.4559086092715231,0.5354947179555893,0.7,25.0,0.0,20.0,False
env_odom_noise,0.09473684210526316,0.001020492932168466,0.03379212149580846,0.12377441896257786,0.9003581109036792,1.0714007283515878,0.5549273021001615,0.7310177705977383,0.3512549273021002,0.6284513108432292,0.7,26.071428571428573,0.0,20.0,False
env_odom_noise,0.09473684210526316,0.001020492932168466,0.0699708887492028,0.12360833885145396,0.8760218804840275,1.137577223088079,0.61015625,0.7453125,0.28173125,0.7689676314592362,0.55,24.454545454545453,0.0,20.0,False
env_odom_noise,0.09473684210526316,0.001020492932168466,0.14488363132100487,0.12327248205964157,0.8599404101833671,1.333662927582935,0.6358118361153262,0.7503793626707133,0.2510088012139605,1.0373230323195457,0.5,24.9,0.0,20.0,False
env_odom_noise,0.09473684210526316,0.001020492932168466,0.3,0.12255800055386605,0.848183678191627,1.582744301038767,0.650593471810089,0.7537091988130564,0.2328973293768546,1.2630474030971528,0.5,26.4,0.0,20.0,False
env_odom_noise,0.09473684210526316,0.0022135024223027535,0.00010000000000000009,0.12499573346732841,0.9529631180600063,19.071800190150004,0.31130434782608696,0.5043478260869565,0.8215478260869565,0.45705081298947337,0.9,26.5,0.0,20.0,False
env_odom_noise,0.09473684210526316,0.0022135024223027535,0.00020706272838739032,0.12499573285331136,0.9530111702455307,15.294712678573477,0.3173913043478261,0.5121739130434783,0.8076347826086956,0.4625243850052357,0.9,26.5,0.0,20.0,False
env_odom_noise,0.09473684210526316,0.0022135024223027535,0.0004287497348723022,0.12499573513626712,0.9501874132816088,10.80299125355394,0.3229166666666667,0.5407986111111112,0.7734847222222221,0.4651416905224323,0.9,26.555555555555557,0.0,20.0,False
env_odom_noise,0.09473684210526316,0.0022135024223027535,0.0008877808989802905,0.12480202530691119,0.9489016413666015,6.493934653698286,0.33592400690846286,0.57426597582038,0.7270100172711571,0.441905577480793,0.85,26.0,0.0,20.0,False
env_odom_noise,0.09473684210526316,0.0022135024223027535,0.001838263351530691,0.12480202498989566,0.9430771599212172,3.107708485268448,0.3584905660377358,0.6174957118353345,0.6612137221269296,0.4646985299885273,0.85,26.235294117647058,0.0,20.0,False
env_odom_noise,0.09473684210526316,0.0022135024223027535,0.003806358250624933,0.12480202354769919,0.93531450733632,0.8738567573769285,0.3986371379897785,0.6729131175468483,0.5656497444633731,0.48516649976372717,0.85,26.470588235294116,0.0,20.0,False
env_odom_noise,0.09473684210526316,0.0022135024223027535,0.00788154924594252,0.12456108273221045,0.9283856989325571,-0.3444619643007977,0.46037099494097805,0.7453625632377741,0.4314664418212479,0.49082188606262206,0.75,25.2,0.0,20.0,False
env_odom_noise,0.09473684210526316,0.0022135024223027535,0.01631975090784437,0.12388422850228734,0.9136230804471484,-0.885119791957737,0.5305785123966942,0.7950413223140496,0.31158016528925625,0.5277081705629826,0.7,25.071428571428573,0.0,20.0,False
env_odom_noise,0.09473684210526316,0.0022135024223027535,0.03379212149580846,0.12377441891688055,0.9004229698019103,-0.9959209647894343,0.6066235864297254,0.8198707592891761,0.21070565428109855,0.6318890519440175,0.7,26.071428571428573,0.0,20.0,False
env_odom_noise,0.09473684210526316,0.0022135024223027535,0.0699708887492028,0.12360833873223219,0.8760702313559768,-0.8880148920807901,0.66015625,0.83359375,0.14344999999999997,0.7715839810669423,0.55,24.454545454545453,0.0,20.0,False
env_odom_noise,0.09473684210526316,0.0022135024223027535,0.14488363132100487,0.12327248286402409,0.859974600969124,-0.6641052794962936,0.6843702579666161,0.8399089529590288,0.11626130500758736,1.0389603577554225,0.5,24.9,0.0,20.0,False
env_odom_noise,0.09473684210526316,0.0022135024223027535,0.3,0.12255800009466543,0.8482031374290663,-0.37961522274168996,0.6988130563798219,0.8434718100890207,0.12714124629080126,1.2639105036854743,0.5,26.4,0.0,20.0,False
env_odom_noise,0.09473684210526316,0.004801202261272809,0.00010000000000000009,0.12452113851217997,0.9442345072545946,7.921975255675804,0.41337907375643224,0.6526586620926244,0.5711622641509434,0.4323159005492926,0.85,26.235294117647058,0.0,20.0,False
env_odom_noise,0.09473684210526316,0.004801202261272809,0.00020706272838739032,0.12458212665645436,0.9442790202753255,6.739506505430497,0.4152397260273973,0.663527397260274,0.5584328767123288,0.4252826113253832,0.85,26.294117647058822,0.0,20.0,False
env_odom_noise,0.09473684210526316,0.004801202261272809,0.0004287497348723022,0.12458212570752066,0.9443671476081792,5.068452556572131,0.4195205479452055,0.675513698630137,0.5421657534246576,0.43319025784730913,0.85,26.294117647058822,0.0,20.0,False
env_odom_noise,0.09473684210526316,0.004801202261272809,0.0008877808989802905,0.12458212673210807,0.941952578752275,3.0958595653846976,0.4308873720136519,0.6988054607508533,0.5075071672354948,0.4566804081201553,0.85,26.41176470588235,0.0,20.0,False
env_odom_noise,0.09473684210526316,0.004801202261272809,0.001838263351530691,0.12458212611387111,0.9381954849086975,1.1724214252808536,0.45408163265306123,0.7321428571428571,0.45097551020408166,0.4766667626798153,0.85,26.529411764705884,0.0,20.0,False
env_odom_noise,0.09473684210526316,0.004801202261272809,0.003806358250624933,0.12434439811435503,0.9321290660532511,-0.32760270771481714,0.49494097807757165,0.7790893760539629,0.36316964586846545,0.46390201449394225,0.8,26.0625,0.0,20.0,False
env_odom_noise,0.09473684210526316,0.004801202261272809,0.00788154924594252,0.12418833964790123,0.9296395743069608,-1.2359690535153969,0.5486577181208053,0.8422818791946308,0.24626040268456384,0.5011804431676865,0.75,25.4,0.0,20.0,False
env_odom_noise,0.09473684210526316,0.004801202261272809,0.01631975090784437,0.12383276423990679,0.9148302892350267,-1.670295034803568,0.6118421052631579,0.8865131578947368,0.1388447368421053,0.5392061680555343,0.7,25.285714285714285,0.0,20.0,True
env_odom_noise,0.09473684210526316,0.004801202261272809,0.03379212149580846,0.1235703250835073,0.9003036115892181,-1.7544148885988218,0.684887459807074,0.9091639871382636,0.04752347266881041,0.6406898140907288,0.65,25.307692307692307,0.0,20.0,False
env_odom_noise,0.09473684210526316,0.004801202261272809,0.0699708887492028,0.12340872288208371,0.8772339439110624,-1.630911503334353,0.7344236760124611,0.9205607476635514,0.08566292834890965,0.7964566990733146,0.55,24.636363636363637,0.0,20.0,False
env_odom_noise,0.09473684210526316,0.004801202261272809,0.14488363132100487,0.12307956254684993,0.8600461542185883,-1.3947767431726867,0.7583081570996979,0.9274924471299094,0.10261570996978853,1.0590722151100636,0.5,25.2,0.0,20.0,False
env_odom_noise,0.09473684210526316,0.004801202261272809,0.3,0.12201948569745348,0.8437772758231734,-1.0932066300431316,0.7730600292825769,0.9304538799414348,0.11440614934114213,1.2406032651662826,0.45,26.0,0.0,20.0,False
env_odom_noise,0.09473684210526316,0.010414058246057912,0.00010000000000000009,0.1242952240502432,0.9394446216195724,2.252047025633483,0.5262711864406779,0.7677966101694915,0.3431322033898305,0.47762758657336235,0.8,25.875,0.0,20.0,False
env_odom_noise,0.09473684210526316,0.010414058246057912,0.00020706272838739032,0.12429522754193888,0.939479787850294,1.9481575830741646,0.5288135593220339,0.7703389830508475,0.33804745762711863,0.48055716454982755,0.8,25.875,0.0,20.0,False
env_odom_noise,0.09473684210526316,0.010414058246057912,0.0004287497348723022,0.12429522607017655,0.9383039794217654,1.4471844682425987,0.5355329949238579,0.7800338409475466,0.32163316412859555,0.49420820251107217,0.8,25.9375,0.0,20.0,False
env_odom_noise,0.09473684210526316,0.010414058246057912,0.0008877808989802905,0.1242952246618233,0.9384636826776908,0.7178294919336616,0.544839255499154,0.7969543147208121,0.29540642978003384,0.5061382710933685,0.8,25.9375,0.0,20.0,False
env_odom_noise,0.09473684210526316,0.010414058246057912,0.001838263351530691,0.12415995351175384,0.9339710867209428,-0.15700993870794483,0.5723905723905723,0.8257575757575758,0.23905185185185185,0.4974519044160843,0.8,26.125,0.0,20.0,False
env_odom_noise,0.09473684210526316,0.010414058246057912,0.003806358250624933,0.12400507521883271,0.9293737732341252,-0.96309708541101,0.6020066889632107,0.8603678929765887,0.17482541806020058,0.4948694109916687,0.75,25.533333333333335,0.0,20.0,False
env_odom_noise,0.09473684210526316,0.010414058246057912,0.00788154924594252,0.12390378160681696,0.9267714433408067,-1.547126019388743,0.6528239202657807,0.9078073089700996,0.07656877076411961,0.5497681692242622,0.7,24.857142857142858,0.0,20.0,True
env_odom_noise,0.09473684210526316,0.010414058246057912,0.01631975090784437,0.12365321331203766,0.908614207435739,-1.8474060481440702,0.7117263843648208,0.9478827361563518,0.0356436482084691,0.5708831585943699,0.65,24.692307692307693,0.0,20.0,False
env_odom_noise,0.09473684210526316,0.010414058246057912,0.03379212149580846,0.12308159193322095,0.8986755272549507,-1.9039483246788165,0.7763578274760383,0.9664536741214057,0.10561150159744404,0.6892736375331878,0.65,25.615384615384617,0.0,20.0,False
env_odom_noise,0.09473684210526316,0.010414058246057912,0.0699708887492028,0.12323649845898413,0.8699539534361082,-1.7621139155561276,0.8240740740740741,0.9753086419753086,0.16218271604938272,0.8365535326302052,0.55,25.181818181818183,0.0,20.0,False
env_odom_noise,0.09473684210526316,0.010414058246057912,0.14488363132100487,0.12265915393726232,0.8600932973413554,-1.5365750829221119,0.8458646616541353,0.9804511278195489,0.18911578947368424,1.1112373925745487,0.5,25.5,0.0,20.0,False
env_odom_noise,0.09473684210526316,0.010414058246057912,0.3,0.12192630341176298,0.8414841545877418,-1.2204301356531204,0.8597383720930233,0.9818313953488372,0.20436976744186053,1.2908003114163875,0.45,26.555555555555557,0.0,20.0,False
env_odom_noise,0.09473684210526316,0.02258863577297737,0.00010000000000000009,0.1244846207293201,0.927531500637969,-0.2663262144686611,0.664179104477612,0.8557213930348259,0.11729950248756216,0.5018815733492374,0.65,23.846153846153847,0.0,20.0,False
env_odom_noise,0.09473684210526316,0.02258863577297737,0.00020706272838739032,0.12448462220405768,0.9275564113598945,-0.3344264327362115,0.6650082918739635,0.857379767827529,0.1148119402985075,0.5041368559002877,0.65,23.846153846153847,0.0,20.0,False
env_odom_noise,0.09473684210526316,0.02258863577297737,0.0004287497348723022,0.12448462080534452,0.9276074998214666,-0.45935269659392497,0.6716417910447762,0.8648424543946932,0.10071575456053061,0.5087398126721382,0.65,23.846153846153847,0.0,20.0,False
env_odom_noise,0.09473684210526316,0.02258863577297737,0.0008877808989802905,0.12448462203734949,0.9277109570399635,-0.6663820508592614,0.6799336650082919,0.8723051409618574,0.0849611940298507,0.5180265299975872,0.65,23.846153846153847,0.0,20.0,False
env_odom_noise,0.09473684210526316,0.02258863577297737,0.001838263351530691,0.1242733847079461,0.9251879027382589,-0.968274516160566,0.6917355371900826,0.8942148760330578,0.06932066115702484,0.526587650924921,0.65,24.0,0.0,20.0,False
env_odom_noise,0.09473684210526316,0.02258863577297737,0.003806358250624933,0.12427338465982245,0.9213669470523224,-1.3038431139383535,0.7215815485996705,0.9209225700164745,0.07245897858319605,0.539456582069397,0.65,24.153846153846153,0.0,20.0,False
env_odom_noise,0.09473684210526316,0.02258863577297737,0.00788154924594252,0.12427338339114875,0.9190060899182485,-1.5826434163611085,0.7483606557377049,0.95,0.07016065573770502,0.6138996005058288,0.65,24.384615384615383,0.0,20.0,False
env_odom_noise,0.09473684210526316,0.02258863577297737,0.01631975090784437,0.12399183396741945,0.9100495888663296,-1.7491325046807689,0.8033980582524272,0.9749190938511327,0.1411171521035599,0.6704733952879905,0.65,25.0,0.0,20.0,False
env_odom_noise,0.09473684210526316,0.02258863577297737,0.03379212149580846,0.12327803239543446,0.8960072601427053,-1.7611803617907167,0.8621236133122029,0.9873217115689382,0.21224532488114112,0.7652731344103814,0.6,24.916666666666668,0.0,20.0,False
env_odom_noise,0.09473684210526316,0.02258863577297737,0.0699708887492028,0.12331216803664935,0.8676103236038601,-1.6197446763609864,0.9065849923430321,0.9931087289433385,0.2624937212863706,0.9297045566141605,0.55,25.636363636363637,0.0,20.0,False
env_odom_noise,0.09473684210526316,0.02258863577297737,0.14488363132100487,0.12272055376523408,0.8520775131622007,-1.3881060098711753,0.9257057949479941,0.9977711738484398,0.28627696879643394,1.1816750027239322,0.5,26.3,0.0,20.0,False
env_odom_noise,0.09473684210526316,0.02258863577297737,0.3,0.12216162513277748,0.8343844292404028,-1.0696408820832701,0.9375896700143472,0.9985652797704447,0.298954949784792,1.3559434786438942,0.45,27.555555555555557,0.0,20.0,False
env_odom_noise,0.09473684210526316,0.04899592973540154,0.00010000000000000009,0.12408073923030728,0.9227792279891563,-1.0903709850091279,0.7769607843137255,0.9215686274509803,0.1271921568627452,0.6811016418039799,0.65,24.53846153846154,0.0,20.0,False
env_odom_noise,0.09473684210526316,0.04899592973540154,0.00020706272838739032,0.12408074052802719,0.9227973755464873,-1.1035193252465396,0.7777777777777778,0.9240196078431373,0.12555816993464053,0.6830502808094024,0.65,24.53846153846154,0.0,20.0,False
env_odom_noise,0.09473684210526316,0.04899592973540154,0.0004287497348723022,0.12408074033285459,0.9228348753929636,-1.1289239727082503,0.7794117647058824,0.9248366013071896,0.1263751633986928,0.6870582565665245,0.65,24.53846153846154,0.0,20.0,False
env_odom_noise,0.09473684210526316,0.04899592973540154,0.0008877808989802905,0.12396828961237076,0.9229118439895538,-1.1777496200611715,0.7862969004893964,0.9290375203915171,0.12905938009787932,0.6923967845737934,0.65,24.615384615384617,0.0,20.0,False
env_odom_noise,0.09473684210526316,0.04899592973540154,0.001838263351530691,0.12396828991170268,0.9230688723576076,-1.2516031822637996,0.7952691680261011,0.9412724306688418,0.12579673735725938,0.6995553836226464,0.6,23.416666666666668,0.0,20.0,False
env_odom_noise,0.09473684210526316,0.04899592973540154,0.003806358250624933,0.12396828720696461,0.9222076216747079,-1.3488943307848775,0.8070032573289903,0.9543973941368078,0.1244058631921825,0.7392242267727852,0.6,23.5,0.0,20.0,False
env_odom_noise,0.09473684210526316,0.04899592973540154,0.00788154924594252,0.12380301819110348,0.908934831265224,-1.4579497296008725,0.8336012861736335,0.9702572347266881,0.16665852090032163,0.7221991553902626,0.6,24.166666666666668,0.0,20.0,False
env_odom_noise,0.09473684210526316,0.04899592973540154,0.01631975090784437,0.12376040274451143,0.8969109829250271,-1.5074468820692284,0.8793650793650793,0.9833333333333333,0.22549841269841264,0.7824874997138977,0.6,24.833333333333332,0.0,20.0,False
env_odom_noise,0.09473684210526316,0.04899592973540154,0.03379212149580846,0.12343821278297469,0.878014426996857,-1.4726518139838958,0.9249226006191951,0.9907120743034056,0.27843467492260066,0.8556694686412811,0.55,25.0,0.0,20.0,False
env_odom_noise,0.09473684210526316,0.04899592973540154,0.0699708887492028,0.12314854018980144,0.8677349883098305,-1.335800458428081,0.9575757575757575,0.9939393939393939,0.31431515151515144,1.082433395832777,0.5,25.0,0.0,20.0,False
env_odom_noise,0.09473684210526316,0.04899592973540154,0.14488363132100487,0.12208487254597271,0.8444387708792767,-1.0999775091014927,0.9752186588921283,0.9978134110787172,0.3358320699708456,1.3143913239240645,0.5,27.6,0.0,20.0,False
env_odom_noise,0.09473684210526316,0.04899592973540154,0.3,0.12199733140666175,0.8439900983424163,-0.7838039393099105,0.9837799717912553,0.998589562764457,0.3451695345557123,1.5085043221712113,0.4,27.625,0.0,20.0,False
env_odom_noise,0.09473684210526316,0.10627472835292812,0.00010000000000000009,0.12361219983337784,0.8957795293269627,-1.1227836630576677,0.8569182389937107,0.9716981132075472,0.19141635220125786,0.8870818667113781,0.6,25.333333333333332,0.0,20.0,False
env_odom_noise,0.09473684210526316,0.10627472835292812,0.00020706272838739032,0.12361219817845111,0.8957955115341663,-1.1243304533146734,0.8577044025157232,0.9716981132075472,0.1922025157232704,0.8886359974741935,0.6,25.333333333333332,0.0,20.0,False
env_odom_noise,0.09473684210526316,0.10627472835292812,0.0004287497348723022,0.12361219933065432,0.8958291288512542,-1.1273664094733076,0.860062893081761,0.9724842767295597,0.19534716981132072,0.8918514132499695,0.6,25.333333333333332,0.0,20.0,False
env_odom_noise,0.09473684210526316,0.10627472835292812,0.0008877808989802905,0.12361220201529567,0.893981198199667,-1.1341858148501955,0.8634222919937206,0.9733124018838305,0.19953469387755107,0.8923151671886445,0.6,25.416666666666668,0.0,20.0,False
env_odom_noise,0.09473684210526316,0.10627472835292812,0.001838263351530691,0.12361219697479661,0.8941214813175594,-1.1434108550201931,0.8673469387755102,0.9764521193092621,0.2065990580847723,0.8977881066501141,0.55,24.181818181818183,0.0,20.0,False
env_odom_noise,0.09473684210526316,0.10627472835292812,0.003806358250624933,0.1235706411628991,0.8923013235331109,-1.1581717367495545,0.8779342723004695,0.9827856025039123,0.22351987480438185,0.9173779062926769,0.55,24.363636363636363,0.0,20.0,False
env_odom_noise,0.09473684210526316,0.10627472835292812,0.00788154924594252,0.12367427211234168,0.890920752277829,-1.1673636561026137,0.8954758190327613,0.985179407176287,0.24345522620904836,0.9522358126938343,0.55,24.545454545454547,0.0,20.0,False
env_odom_noise,0.09473684210526316,0.10627472835292812,0.01631975090784437,0.12336542891657477,0.8805748174785113,-1.1552509168397096,0.9259259259259259,0.9907407407407407,0.27946666666666664,1.0115387350320817,0.55,25.181818181818183,0.0,20.0,False
env_odom_noise,0.09473684210526316,0.10627472835292812,0.03379212149580846,0.1231640974633177,0.8720865705249545,-1.0951934035335686,0.9522727272727273,0.9916666666666667,0.306739393939394,1.1143358483910561,0.55,26.272727272727273,0.0,20.0,False
env_odom_noise,0.09473684210526316,0.10627472835292812,0.0699708887492028,0.12210222743037599,0.8611772075409286,-0.9672859904732907,0.9770710059171598,0.996301775147929,0.33617278106508874,1.3134806603193283,0.5,26.6,0.0,20.0,False
env_odom_noise,0.09473684210526316,0.10627472835292812,0.14488363132100487,0.1217169569120551,0.8476681258855092,-0.7227972549692284,0.9893917963224894,0.9978783592644979,0.3500701555869873,1.5440382748842238,0.4,27.375,0.0,20.0,False
env_odom_noise,0.09473684210526316,0.10627472835292812,0.3,0.12195337809161402,0.8515954469090229,-0.46409017979489015,0.9937062937062937,0.9986013986013986,0.35510769230769235,1.72407323718071,0.35,26.857142857142858,0.0,20.0,False
env_odom_noise,0.09473684210526316,0.23051543153651136,0.00010000000000000009,0.1235534700338403,0.8710314843126282,-0.7564994126522442,0.9263157894736842,0.9902255639097745,0.27934135338345867,1.3205584928393364,0.55,26.727272727272727,0.0,20.0,False
env_odom_noise,0.09473684210526316,0.23051543153651136,0.00020706272838739032,0.12355347127659719,0.8710468279767868,-0.7561733247455307,0.9270676691729324,0.9902255639097745,0.28009323308270684,1.32189474478364,0.55,26.727272727272727,0.0,20.0,False
env_odom_noise,0.09473684210526316,0.23051543153651136,0.0004287497348723022,0.123553471017643,0.8710783697123198,-0.7554895028779424,0.9278195488721804,0.9902255639097745,0.2808451127819549,1.3246610060334205,0.55,26.727272727272727,0.0,20.0,False
env_odom_noise,0.09473684210526316,0.23051543153651136,0.0008877808989802905,0.12355347249961934,0.8711436410866865,-0.7540377079737268,0.9293233082706767,0.9902255639097745,0.2823488721804511,1.3303857035934925,0.55,26.727272727272727,0.0,20.0,False
env_odom_noise,0.09473684210526316,0.23051543153651136,0.001838263351530691,0.12355347081897344,0.8712778727247746,-0.7508963954699117,0.9315789473684211,0.9902255639097745,0.2846045112781955,1.3422152049839498,0.55,26.727272727272727,0.0,20.0,False
env_odom_noise,0.09473684210526316,0.23051543153651136,0.003806358250624933,0.12297488320350677,0.8715526477417073,-0.7471406893269869,0.9333832335329342,0.9910179640718563,0.28720119760479046,1.3427818432450294,0.55,27.0,0.0,20.0,False
env_odom_noise,0.09473684210526316,0.23051543153651136,0.00788154924594252,0.12283205694766401,0.8664752763104604,-0.7342856481706772,0.9420505200594353,0.9918276374442794,0.29667815750371473,1.360753697901964,0.55,27.454545454545453,0.0,20.0,False
env_odom_noise,0.09473684210526316,0.23051543153651136,0.01631975090784437,0.12262335942213604,0.860126932900017,-0.7039652664246533,0.9579646017699115,0.9926253687315634,0.3133899705014749,1.414474229514599,0.55,27.90909090909091,0.0,20.0,False
env_odom_noise,0.09473684210526316,0.23051543153651136,0.03379212149580846,0.12186647474856911,0.8477808840314494,-0.6404737823664233,0.9732658959537572,0.9942196531791907,0.33028554913294794,1.4878089264035226,0.45,27.0,0.0,20.0,False
env_odom_noise,0.09473684210526316,0.23051543153651136,0.0699708887492028,0.12185223160406852,0.847575225674269,-0.5052355068461882,0.9845938375350141,0.9978991596638656,0.3452929971988796,1.69987922757864,0.4,28.25,0.0,20.0,False
env_odom_noise,0.09473684210526316,0.23051543153651136,0.14488363132100487,0.12201037700463631,0.8474579366681945,-0.32793944441190354,0.9924242424242424,0.9986225895316805,0.3538468319559229,1.8826447054743767,0.35,28.428571428571427,0.0,20.0,False
env_odom_noise,0.09473684210526316,0.23051543153651136,0.3,0.1224926821969905,0.8503020831719098,-0.08978720274086256,0.9945205479452055,0.9993150684931507,0.3566356164383562,2.0490456193685533,0.35,29.0,0.0,20.0,False
env_odom_noise,0.09473684210526316,0.5,0.00010000000000000009,0.12205511352203681,0.8402982537224014,-0.21217871267496116,0.9731774415405777,0.9951856946354883,0.3311631361760661,1.9883995808660984,0.4,29.875,0.0,20.0,False
env_odom_noise,0.09473684210526316,0.5,0.00020706272838739032,0.12205511492353317,0.8403132843158811,-0.21177353189209994,0.9731774415405777,0.9951856946354883,0.3311631361760661,1.9894732657819987,0.4,29.875,0.0,20.0,False
env_odom_noise,0.09473684210526316,0.5,0.0004287497348723022,0.12205511478090432,0.8403445813533319,-0.2109355305718786,0.9731774415405777,0.9958734525447043,0.331850894085282,1.991695948690176,0.4,29.875,0.0,20.0,False
env_odom_noise,0.09473684210526316,0.5,0.0008877808989802905,0.12205511457684207,0.8404090846832792,-0.20920530253218106,0.9731774415405777,0.9958734525447043,0.331850894085282,1.9962910108268261,0.4,29.875,0.0,20.0,False
env_odom_noise,0.09473684210526316,0.5,0.001838263351530691,0.12205511644496536,0.8388927361965604,-0.2062573622223113,0.9766483516483516,0.9958791208791209,0.3353274725274725,1.9990970198065043,0.4,30.0,0.0,20.0,False
env_odom_noise,0.09473684210526316,0.5,0.003806358250624933,0.12205511498279986,0.8391677625754169,-0.19897655676941178,0.9766483516483516,0.9958791208791209,0.3353274725274725,2.018636206537485,0.4,30.0,0.0,20.0,False
env_odom_noise,0.09473684210526316,0.5,0.00788154924594252,0.12198536924640098,0.8361093686356679,-0.18594888802565746,0.9808481532147743,0.9958960328317373,0.3395441860465116,2.03985746614635,0.4,30.375,0.0,20.0,False
env_odom_noise,0.09473684210526316,0.5,0.01631975090784437,0.12192796421135717,0.8386711559502404,-0.15234392369283428,0.9798657718120806,0.9959731543624161,0.33863892617449665,2.088212405517697,0.35,31.142857142857142,0.0,20.0,False
env_odom_noise,0.09473684210526316,0.5,0.03379212149580846,0.12248481961908084,0.8366224009196003,-0.10284639295928472,0.9853917662682603,0.99734395750332,0.34553572377158037,2.1761193349026144,0.35,32.285714285714285,0.0,20.0,False
env_odom_noise,0.09473684210526316,0.5,0.0699708887492028,0.1224422870297842,0.8387260087734228,-0.01097785271899425,0.9907529722589168,0.9986789960369881,0.35223196829590486,2.3362426217645407,0.3,31.833333333333332,0.0,20.0,False
env_odom_noise,0.09473684210526316,0.5,0.14488363132100487,0.12257032188707595,0.8356360399854976,0.1310435510144768,0.9928010471204188,0.9986910994764397,0.3542921465968586,2.4455909732729197,0.3,33.0,0.0,20.0,False
env_odom_noise,0.09473684210526316,0.5,0.3,0.12257032504323599,0.834541593684744,0.33544788209028487,0.9954308093994778,1.0,0.3582308093994778,2.529470407962799,0.3,33.333333333333336,0.0,20.0,False
env_odom_noise,0.10263157894736842,0.00010000000000000009,0.00010000000000000009,0.12499573264719654,0.9819332009597872,167.7494211294096,0.12347826086956522,0.19652173913043477,1.3172,0.4635103218257427,0.9,26.5,0.0,20.0,False
env_odom_noise,0.10263157894736842,0.00010000000000000009,0.00020706272838739032,0.12499573275741377,0.9819341128578336,110.96918800971497,0.13304347826086957,0.2165217391304348,1.2876347826086956,0.4638978078961372,0.9,26.5,0.0,20.0,False
env_odom_noise,0.10263157894736842,0.00010000000000000009,0.0004287497348723022,0.1249957333536045,0.9819515158289521,77.7219086595525,0.15130434782608695,0.2426086956521739,1.243286956521739,0.46912533044815063,0.9,26.5,0.0,20.0,False
env_odom_noise,0.10263157894736842,0.00010000000000000009,0.0008877808989802905,0.12499573280108318,0.9752858047865142,59.55818711158926,0.17098445595854922,0.2815198618307427,1.184695682210708,0.4845100663602352,0.9,26.72222222222222,0.0,20.0,False
env_odom_noise,0.10263157894736842,0.00010000000000000009,0.001838263351530691,0.12480202516910174,0.972369888655071,50.40035751916879,0.2032590051457976,0.34476843910806176,1.0891725557461407,0.47943525239825246,0.85,26.235294117647058,0.0,20.0,False
env_odom_noise,0.10263157894736842,0.00010000000000000009,0.003806358250624933,0.12480202620179962,0.9612955780522846,45.69105635872364,0.24404761904761904,0.413265306122449,0.9798870748299319,0.4712659060955048,0.85,26.529411764705884,0.0,20.0,False
env_odom_noise,0.10263157894736842,0.00010000000000000009,0.00788154924594252,0.12456108339460417,0.9564945369342511,43.42594814164865,0.30892255892255893,0.4957912457912458,0.8324861952861953,0.49926403164863586,0.75,25.266666666666666,0.0,20.0,False
env_odom_noise,0.10263157894736842,0.00010000000000000009,0.01631975090784437,0.12388422572731657,0.9468116954080196,42.23764263580548,0.37893864013267,0.5530679933665008,0.7051933665008292,0.5497645437717438,0.7,24.928571428571427,0.0,20.0,False
env_odom_noise,0.10263157894736842,0.00010000000000000009,0.03379212149580846,0.12412313598187698,0.9294775699861247,41.715524172484365,0.4659643435980551,0.5826580226904376,0.5885776337115072,0.6532667987048626,0.7,25.928571428571427,0.0,20.0,False
env_odom_noise,0.10263157894736842,0.00010000000000000009,0.0699708887492028,0.12360833936234926,0.9038084270885773,40.83666549318306,0.5249609984399376,0.6037441497659907,0.5084948517940717,0.766513442993164,0.55,24.545454545454547,0.0,20.0,False
env_odom_noise,0.10263157894736842,0.00010000000000000009,0.14488363132100487,0.12327248269427145,0.8893001219924082,40.566049281279724,0.5531107738998483,0.6107738998482549,0.47331532625189676,1.0408457279205323,0.5,24.9,0.0,20.0,False
env_odom_noise,0.10263157894736842,0.00010000000000000009,0.3,0.12255799973134152,0.8791956731240425,40.22010292700495,0.5676077265973254,0.6136701337295691,0.45592213967310546,1.2706113293766976,0.5,26.3,0.0,20.0,False
env_odom_noise,0.10263157894736842,0.00021690521830457365,0.00010000000000000009,0.12499573264719654,0.9819332009597872,116.46737025176535,0.14608695652173914,0.23565217391304347,1.2554608695652174,0.4635103218257427,0.9,26.5,0.0,20.0,False
env_odom_noise,0.10263157894736842,0.00021690521830457365,0.00020706272838739032,0.12499573275207997,0.9819344279963095,76.09090706015341,0.15478260869565216,0.2565217391304348,1.225895652173913,0.463983828574419,0.9,26.5,0.0,20.0,False
env_odom_noise,0.10263157894736842,0.00021690521830457365,0.0004287497348723022,0.12499573318606938,0.9789289206939056,49.16534731833657,0.17274305555555555,0.2777777777777778,1.1866791666666665,0.46262903362512586,0.9,26.555555555555557,0.0,20.0,False
env_odom_noise,0.10263157894736842,0.00021690521830457365,0.0008877808989802905,0.12499573354050077,0.9752980954103677,33.36403062829584,0.18998272884283246,0.31519861830742657,1.132018652849741,0.48518455438315866,0.9,26.72222222222222,0.0,20.0,False
env_odom_noise,0.10263157894736842,0.00021690521830457365,0.001838263351530691,0.12480202508221204,0.9723844272605432,24.871414370922693,0.22298456260720412,0.3765008576329331,1.0377145797598628,0.4799820721149445,0.85,26.235294117647058,0.0,20.0,False
env_odom_noise,0.10263157894736842,0.00021690521830457365,0.003806358250624933,0.12480202381168273,0.9613139113668657,20.529591546851226,0.26360544217687076,0.4447278911564626,0.9288666666666666,0.47192043215036394,0.85,26.529411764705884,0.0,20.0,False
env_odom_noise,0.10263157894736842,0.00021690521830457365,0.00788154924594252,0.12456108394961082,0.9565067095872873,18.482254929962306,0.3291245791245791,0.5252525252525253,0.7828228956228955,0.49973557591438295,0.75,25.266666666666666,0.0,20.0,False
env_odom_noise,0.10263157894736842,0.00021690521830457365,0.01631975090784437,0.12388422735992012,0.9468207012071891,17.524734359136882,0.39800995024875624,0.582089552238806,0.6571004975124377,0.5501573130488395,0.7,24.928571428571427,0.0,20.0,False
env_odom_noise,0.10263157894736842,0.00021690521830457365,0.03379212149580846,0.12412313480582786,0.929484639478174,17.18989181730557,0.4846029173419773,0.6110210696920584,0.5415760129659644,0.6536038361489773,0.7,25.928571428571427,0.0,20.0,False
env_odom_noise,0.10263157894736842,0.00021690521830457365,0.0699708887492028,0.12360833574725416,0.9038135823267572,16.84656518779066,0.5444617784711389,0.6326053042121685,0.4601329173166926,0.766768566519022,0.55,24.545454545454547,0.0,20.0,False
env_odom_noise,0.10263157894736842,0.00021690521830457365,0.14488363132100487,0.12327248166110913,0.8893037977038809,16.847544228229506,0.5728376327769348,0.6396054628224582,0.424756904400607,1.0410056695342065,0.5,24.9,0.0,20.0,False
env_odom_noise,0.10263157894736842,0.00021690521830457365,0.3,0.12255800041240449,0.8791978619778072,16.85420962831566,0.587667161961367,0.6426448736998515,0.4068879643387815,1.2706958174705505,0.5,26.3,0.0,20.0,False
env_odom_noise,0.10263157894736842,0.00047047873727754753,0.00010000000000000009,0.12499573264719654,0.9819332009597872,76.0391233454175,0.1808695652173913,0.30695652173913046,1.1493739130434784,0.4635103218257427,0.9,26.5,0.0,20.0,False
env_odom_noise,0.10263157894736842,0.00047047873727754753,0.00020706272838739032,0.12499573255636802,0.981934942772583,51.988326482146924,0.18956521739130436,0.3191304347826087,1.128504347826087,0.46426660045981405,0.9,26.5,0.0,20.0,False
env_odom_noise,0.10263157894736842,0.00047047873727754753,0.0004287497348723022,0.12499573262979895,0.9789337426119415,33.0418451109396,0.2048611111111111,0.3359375,1.0964013888888888,0.4636006630957127,0.9,26.555555555555557,0.0,20.0,False
env_odom_noise,0.10263157894736842,0.00047047873727754753,0.0008877808989802905,0.12499573338856124,0.975323897445748,20.43918164136519,0.2236614853195164,0.37219343696027635,1.0413450777202073,0.48662332370877265,0.9,26.72222222222222,0.0,20.0,False
env_odom_noise,0.10263157894736842,0.00047047873727754753,0.001838263351530691,0.12480202459214529,0.9683280568115531,12.97009852978021,0.252991452991453,0.4324786324786325,0.9517299145299145,0.46346587017178537,0.85,26.352941176470587,0.0,20.0,False
env_odom_noise,0.10263157894736842,0.00047047873727754753,0.003806358250624933,0.12480202542906804,0.9613528266770133,9.057999566862858,0.2942176870748299,0.5008503401360545,0.8421319727891157,0.4733283042907715,0.85,26.529411764705884,0.0,20.0,False
env_odom_noise,0.10263157894736842,0.00047047873727754753,0.00788154924594252,0.12456108382295875,0.9565327207737606,7.166933504484282,0.3560606060606061,0.57996632996633,0.7011730639730639,0.5007544301450253,0.75,25.266666666666666,0.0,20.0,False
env_odom_noise,0.10263157894736842,0.00047047873727754753,0.01631975090784437,0.12388422607754439,0.9468403362832308,6.328611583110863,0.4253731343283582,0.6359867330016584,0.5758401326699834,0.551007616519928,0.7,24.928571428571427,0.0,20.0,False
env_odom_noise,0.10263157894736842,0.00047047873727754753,0.03379212149580846,0.12412313658356204,0.929499721704153,6.080876238638144,0.5105348460291734,0.6636952998379254,0.46296985413290115,0.6543340623378754,0.7,25.928571428571427,0.0,20.0,False
env_odom_noise,0.10263157894736842,0.00047047873727754753,0.0699708887492028,0.1236083377508687,0.9038248819883887,5.981926862022363,0.5702028081123245,0.6848673946957878,0.38212979719188767,0.7673215568065643,0.55,24.545454545454547,0.0,20.0,False
env_odom_noise,0.10263157894736842,0.00047047873727754753,0.14488363132100487,0.12327248187026647,0.8893116910735702,6.107169578360662,0.5986342943854325,0.6911987860394537,0.3473669195751138,1.0413525812327862,0.5,24.9,0.0,20.0,False
env_odom_noise,0.10263157894736842,0.00047047873727754753,0.3,0.12255799946882166,0.8792023768461024,6.275380272211447,0.6136701337295691,0.6953937592867756,0.32813610698365525,1.2708788380026816,0.5,26.3,0.0,20.0,False
env_odom_noise,0.10263157894736842,0.001020492932168466,0.00010000000000000009,0.12499573264719654,0.9819331800007074,44.58517928863018,0.23130434782608697,0.38521739130434784,1.0206782608695653,0.46355836018919944,0.9,26.5,0.0,20.0,False
env_odom_noise,0.10263157894736842,0.001020492932168466,0.00020706272838739032,0.12499573340239543,0.9819383802407013,33.00106483381695,0.2408695652173913,0.39217391304347826,1.0041565217391304,0.46537531465291976,0.9,26.5,0.0,20.0,False
env_odom_noise,0.10263157894736842,0.001020492932168466,0.0004287497348723022,0.12499573290989618,0.9789551639744085,21.86401314359841,0.2508680555555556,0.4123263888888889,0.9740055555555555,0.4662125691771507,0.9,26.555555555555557,0.0,20.0,False
env_odom_noise,0.10263157894736842,0.001020492932168466,0.0008877808989802905,0.12474138359630463,0.9753969062286296,13.095208292496318,0.27155172413793105,0.44482758620689655,0.9208206896551724,0.479042811319232,0.9,26.77777777777778,0.0,20.0,False
env_odom_noise,0.10263157894736842,0.001020492932168466,0.001838263351530691,0.12480202426236214,0.9684235207666948,7.220659337434169,0.2914529914529915,0.5034188034188034,0.842328205128205,0.466555830091238,0.85,26.352941176470587,0.0,20.0,False
env_odom_noise,0.10263157894736842,0.001020492932168466,0.003806358250624933,0.12480202713219485,0.9614347843888921,3.833007564161994,0.33503401360544216,0.5688775510204082,0.7332884353741497,0.47633386179804804,0.85,26.529411764705884,0.0,20.0,False
env_odom_noise,0.10263157894736842,0.001020492932168466,0.00788154924594252,0.12456108409041357,0.9565884806528488,2.1187618314251235,0.39225589225589225,0.6439393939393939,0.6010047138047139,0.5029484681785107,0.75,25.266666666666666,0.0,20.0,False
env_odom_noise,0.10263157894736842,0.001020492932168466,0.01631975090784437,0.12388422718216721,0.9468823962140845,1.3612271421646223,0.46683250414593697,0.7006633499170812,0.4697041459369818,0.552845923602581,0.7,24.928571428571427,0.0,20.0,False
env_odom_noise,0.10263157894736842,0.001020492932168466,0.03379212149580846,0.12412313600428036,0.9295326826132433,1.1572155345550397,0.546191247974068,0.7260940032414911,0.36491474878444086,0.6559143930673599,0.7,25.928571428571427,0.0,20.0,False
env_odom_noise,0.10263157894736842,0.001020492932168466,0.0699708887492028,0.12360833652942725,0.903849263736831,1.1687911396160362,0.6045241809672387,0.7449297971918877,0.2877460218408736,0.7685194760560989,0.55,24.545454545454547,0.0,20.0,False
env_odom_noise,0.10263157894736842,0.001020492932168466,0.14488363132100487,0.12327248146100692,0.8893289507089933,1.3503182139903538,0.6327769347496206,0.7503793626707133,0.25404370257966613,1.0421050406992436,0.5,24.9,0.0,20.0,False
env_odom_noise,0.10263157894736842,0.001020492932168466,0.3,0.12255799985981099,0.8792123566832003,1.59189932905321,0.6485884101040119,0.7533432392273403,0.23526835066864782,1.2712762400507926,0.5,26.3,0.0,20.0,False
env_odom_noise,0.10263157894736842,0.0022135024223027535,0.00010000000000000009,0.12499573263584007,0.9819490258801875,22.833772186736695,0.30695652173913046,0.5017391304347826,0.828504347826087,0.46649016067385674,0.9,26.5,0.0,20.0,False
env_odom_noise,0.10263157894736842,0.0022135024223027535,0.00020706272838739032,0.12499573290635467,0.9789788124166544,18.35968182478826,0.3098958333333333,0.5095486111111112,0.8177555555555556,0.464906395226717,0.9,26.555555555555557,0.0,20.0,False
env_odom_noise,0.10263157894736842,0.0022135024223027535,0.0004287497348723022,0.1249957348648484,0.9776407281990558,13.155400411824148,0.317157712305026,0.5251299826689775,0.7949123050259965,0.4676194917410612,0.9,26.61111111111111,0.0,20.0,False
env_odom_noise,0.10263157894736842,0.0022135024223027535,0.0008877808989802905,0.12480202273761032,0.9738645000110931,8.041530825300795,0.3316151202749141,0.5618556701030928,0.7437292096219932,0.4638699695467949,0.85,26.176470588235293,0.0,20.0,False
env_odom_noise,0.10263157894736842,0.0022135024223027535,0.001838263351530691,0.12480202373066093,0.9686451107884815,4.041797451026851,0.34957264957264955,0.6059829059829059,0.6816444444444445,0.47361566722393034,0.85,26.352941176470587,0.0,20.0,False
env_odom_noise,0.10263157894736842,0.0022135024223027535,0.003806358250624933,0.12480202523247247,0.9616030714513805,1.3933897531882724,0.38860544217687076,0.6624149659863946,0.5861795918367346,0.4826608024537563,0.85,26.529411764705884,0.0,20.0,False
env_odom_noise,0.10263157894736842,0.0022135024223027535,0.00788154924594252,0.12456108265579831,0.9567055562131851,-0.06758450582566493,0.4478114478114478,0.7348484848484849,0.4545400673400673,0.5076400451362133,0.75,25.266666666666666,0.0,20.0,False
env_odom_noise,0.10263157894736842,0.0022135024223027535,0.01631975090784437,0.12388422602352861,0.9442485704049753,-0.7450192269497646,0.5198675496688742,0.7897350993377483,0.3275973509933775,0.5450233571231365,0.7,25.0,0.0,20.0,False
env_odom_noise,0.10263157894736842,0.0022135024223027535,0.03379212149580846,0.12377442065726871,0.92960360178746,-0.9273644533527576,0.5969305331179321,0.815831987075929,0.22443747980613893,0.6393814265727997,0.7,26.071428571428573,0.0,20.0,False
env_odom_noise,0.10263157894736842,0.0022135024223027535,0.0699708887492028,0.12360833863031198,0.9039018231379033,-0.8538448835759822,0.6544461778471139,0.8322932917316692,0.15046053042121688,0.7711123943328857,0.55,24.545454545454547,0.0,20.0,False
env_odom_noise,0.10263157894736842,0.0022135024223027535,0.14488363132100487,0.12327248079946984,0.8893661991452849,-0.6474987812169181,0.6813353566009105,0.8399089529590288,0.11595569044006071,1.043733999878168,0.5,24.9,0.0,20.0,False
env_odom_noise,0.10263157894736842,0.0022135024223027535,0.3,0.12255799854220652,0.8792339062836226,-0.3733882023282167,0.6968796433878157,0.8432392273402675,0.1254404160475483,1.2721368551254273,0.5,26.3,0.0,20.0,False
env_odom_noise,0.10263157894736842,0.004801202261272809,0.00010000000000000009,0.12458212700984402,0.9693926695455309,9.926341672453681,0.40545144804088584,0.6345826235093697,0.5971659284497445,0.4507960081100464,0.85,26.470588235294116,0.0,20.0,False
env_odom_noise,0.10263157894736842,0.004801202261272809,0.00020706272838739032,0.12458212679474517,0.9694539155345133,8.538575647040483,0.4097103918228279,0.6465076660988075,0.5809819420783646,0.45423947274684906,0.85,26.470588235294116,0.0,20.0,False
env_odom_noise,0.10263157894736842,0.004801202261272809,0.0004287497348723022,0.12458212606530415,0.9695740125278922,6.550365462037492,0.41567291311754684,0.661839863713799,0.5596872231686542,0.46090722978115084,0.85,26.470588235294116,0.0,20.0,False
env_odom_noise,0.10263157894736842,0.004801202261272809,0.0008877808989802905,0.12458212549088808,0.9697991185067506,4.191860140374695,0.4250425894378194,0.6831345826235093,0.5290228279386713,0.4734616056084633,0.85,26.470588235294116,0.0,20.0,False
env_odom_noise,0.10263157894736842,0.004801202261272809,0.001838263351530691,0.12458212530604675,0.9673018776828519,1.9125988795604016,0.44387755102040816,0.7219387755102041,0.4713836734693877,0.4743624456226826,0.8,25.75,0.0,20.0,False
env_odom_noise,0.10263157894736842,0.004801202261272809,0.003806358250624933,0.12434439804130173,0.9611728128524188,0.12210583555958442,0.4772344013490725,0.7664418212478921,0.3935237774030354,0.4728122815489769,0.8,26.0625,0.0,20.0,False
env_odom_noise,0.10263157894736842,0.004801202261272809,0.00788154924594252,0.1239752058840783,0.9580715100051348,-0.9884982656532763,0.5317725752508361,0.8319397993311036,0.27348762541806027,0.5202302217483521,0.75,25.533333333333335,0.0,20.0,False
env_odom_noise,0.10263157894736842,0.004801202261272809,0.01631975090784437,0.12383276365435952,0.9428694111251351,-1.536605210428548,0.6001642036124795,0.8817733990147784,0.15526239737274217,0.5436076819896698,0.7,25.357142857142858,0.0,20.0,False
env_odom_noise,0.10263157894736842,0.004801202261272809,0.03379212149580846,0.12357032531556351,0.9289601040916134,-1.6891837607193965,0.6744372990353698,0.9059485530546624,0.05681414790996786,0.6467697836458683,0.65,25.307692307692307,0.0,20.0,False
env_odom_noise,0.10263157894736842,0.004801202261272809,0.0699708887492028,0.12340872193751923,0.9051715021239068,-1.595953060129282,0.7278382581648523,0.9191290824261276,0.08050917573872474,0.7955848306417466,0.55,24.727272727272727,0.0,20.0,False
env_odom_noise,0.10263157894736842,0.004801202261272809,0.14488363132100487,0.1230795633637896,0.8906396493617492,-1.3805455804273428,0.7549167927382754,0.9273827534039334,0.09933403933434204,1.0681070812046527,0.5,25.1,0.0,20.0,False
env_odom_noise,0.10263157894736842,0.004801202261272809,0.3,0.12201948409480409,0.8730082858883411,-1.0810254753974091,0.7719298245614035,0.9305555555555556,0.11317426900584793,1.2451364025473595,0.45,26.11111111111111,0.0,20.0,False
env_odom_noise,0.10263157894736842,0.010414058246057912,0.00010000000000000009,0.12429522457308517,0.9674463873343476,3.2348527179217625,0.5236886632825719,0.7538071065989848,0.3597042301184433,0.4951483465731144,0.8,25.9375,0.0,20.0,False
env_odom_noise,0.10263157894736842,0.010414058246057912,0.00020706272838739032,0.12429522411696707,0.9674915284977442,2.872887292144835,0.5262267343485617,0.760575296108291,0.3503979695431473,0.4980740800499916,0.8,25.9375,0.0,20.0,False
env_odom_noise,0.10263157894736842,0.010414058246057912,0.0004287497348723022,0.12429522456176989,0.9648410093042458,2.2597272145148066,0.527027027027027,0.7660472972972973,0.34412567567567576,0.492634616792202,0.8,26.0,0.0,20.0,False
env_odom_noise,0.10263157894736842,0.010414058246057912,0.0008877808989802905,0.1242952247525234,0.9650145316469042,1.3949892309790095,0.5329391891891891,0.7820945945945946,0.3221662162162162,0.5042355380952358,0.8,26.0,0.0,20.0,False
env_odom_noise,0.10263157894736842,0.010414058246057912,0.001838263351530691,0.12415995266369438,0.96318982181269,0.3601653450830192,0.5572390572390572,0.8072390572390572,0.2727218855218856,0.49550448432564737,0.75,25.266666666666666,0.0,20.0,False
env_odom_noise,0.10263157894736842,0.010414058246057912,0.003806358250624933,0.1240050726087312,0.9620141728565693,-0.6103243506977996,0.5914429530201343,0.8489932885906041,0.19676375838926163,0.5221979558467865,0.75,25.4,0.0,20.0,False
env_odom_noise,0.10263157894736842,0.010414058246057912,0.00788154924594252,0.12406059363584321,0.9550744673757757,-1.333420780011062,0.6341059602649006,0.8990066225165563,0.10408741721854309,0.5572864577174187,0.7,25.0,0.0,20.0,True
env_odom_noise,0.10263157894736842,0.010414058246057912,0.01631975090784437,0.12365321286890964,0.9380741986213109,-1.7262079329751954,0.6938110749185668,0.9438110749185668,0.02180000000000004,0.5794581077992916,0.65,24.692307692307693,0.0,20.0,False
env_odom_noise,0.10263157894736842,0.010414058246057912,0.03379212149580846,0.12308159368216344,0.9281364196304381,-1.8400014793286472,0.7659744408945687,0.963258785942492,0.09203322683706072,0.6965258076786995,0.65,25.615384615384617,0.0,20.0,False
env_odom_noise,0.10263157894736842,0.010414058246057912,0.0699708887492028,0.12323649903413499,0.9016592969127963,-1.7319708751034373,0.8168469860896446,0.973724884080371,0.15337187017001552,0.8484930589795112,0.55,25.09090909090909,0.0,20.0,False
env_odom_noise,0.10263157894736842,0.010414058246057912,0.14488363132100487,0.12265915491747462,0.8873998324078124,-1.517859496794898,0.8430930930930931,0.9804804804804805,0.18637357357357365,1.112928719073534,0.5,25.6,0.0,20.0,False
env_odom_noise,0.10263157894736842,0.010414058246057912,0.3,0.12192630601727744,0.8730320993958727,-1.2156246485858344,0.8580786026200873,0.9818049490538574,0.2026835516739447,1.299642726033926,0.45,26.444444444444443,0.0,20.0,False
env_odom_noise,0.10263157894736842,0.02258863577297737,0.00010000000000000009,0.1244846209029246,0.959194049890007,0.2038390955319829,0.6519933554817275,0.8363787375415282,0.1488279069767442,0.5223212540149689,0.65,23.76923076923077,0.0,20.0,False
env_odom_noise,0.10263157894736842,0.02258863577297737,0.00020706272838739032,0.12448462065192012,0.957124985401319,0.11886724072385653,0.6533996683250415,0.8399668325041459,0.14383349917081256,0.513788266479969,0.65,23.846153846153847,0.0,20.0,False
env_odom_noise,0.10263157894736842,0.02258863577297737,0.0004287497348723022,0.12448462108721062,0.9571813181269588,-0.03119398627666007,0.6558872305140961,0.8441127694859039,0.1372,0.5183225594460964,0.65,23.846153846153847,0.0,20.0,False
env_odom_noise,0.10263157894736842,0.02258863577297737,0.0008877808989802905,0.12427338486051365,0.9572952354837264,-0.2863571123793085,0.6647350993377483,0.8576158940397351,0.11484900662251651,0.5304655581712723,0.65,23.923076923076923,0.0,20.0,False
env_odom_noise,0.10263157894736842,0.02258863577297737,0.001838263351530691,0.12427338603514283,0.9547394661297673,-0.6460203836121992,0.6826446280991736,0.8768595041322315,0.07769586776859494,0.5358685106039047,0.65,24.0,0.0,20.0,False
env_odom_noise,0.10263157894736842,0.02258863577297737,0.003806358250624933,0.12427338279804967,0.9491002811059637,-1.0542336024862817,0.7011494252873564,0.9047619047619048,0.06818752052545163,0.5522704862058163,0.65,24.307692307692307,0.0,20.0,False
env_odom_noise,0.10263157894736842,0.02258863577297737,0.00788154924594252,0.12427338347016925,0.9487632454305441,-1.4141724684463923,0.7368852459016394,0.9352459016393443,0.07343934426229515,0.6225725024938583,0.65,24.384615384615383,0.0,20.0,False
env_odom_noise,0.10263157894736842,0.02258863577297737,0.01631975090784437,0.12399183483576874,0.9372397878285897,-1.64785636518444,0.7867528271405493,0.9660743134087237,0.11562714054927303,0.6691912621259689,0.65,25.076923076923077,0.0,20.0,False
env_odom_noise,0.10263157894736842,0.02258863577297737,0.03379212149580846,0.12327803380543516,0.9243318597232608,-1.7016810598631562,0.8552215189873418,0.9849683544303798,0.20298987341772157,0.7653624035418034,0.6,25.0,0.0,20.0,False
env_odom_noise,0.10263157894736842,0.02258863577297737,0.0699708887492028,0.12331216935757013,0.8933400475495664,-1.5850034558816535,0.899236641221374,0.9923664122137404,0.2544030534351145,0.9235009789466858,0.55,25.818181818181817,0.0,20.0,False
env_odom_noise,0.10263157894736842,0.02258863577297737,0.14488363132100487,0.12272055268342591,0.8831325713259651,-1.374480192461797,0.9226190476190477,0.9977678571428571,0.2831869047619048,1.190246482938528,0.5,26.2,0.0,20.0,False
env_odom_noise,0.10263157894736842,0.02258863577297737,0.3,0.12208851454744536,0.8719839942361195,-1.0795233175933756,0.9358789625360231,0.9985590778097982,0.29723804034582135,1.3671584077179433,0.45,27.22222222222222,0.0,20.0,False
env_odom_noise,0.10263157894736842,0.04899592973540154,0.00010000000000000009,0.12396828903189606,0.9529251004081688,-0.8692771813000015,0.763458401305057,0.9094616639477977,0.12579673735725938,0.687257693707943,0.65,24.615384615384617,0.0,20.0,False
env_odom_noise,0.10263157894736842,0.04899592973540154,0.00020706272838739032,0.12396828959358401,0.9529451751118193,-0.8855936693447882,0.7642740619902121,0.9110929853181077,0.12498107667210445,0.689136891067028,0.65,24.615384615384617,0.0,20.0,False
env_odom_noise,0.10263157894736842,0.04899592973540154,0.0004287497348723022,0.12396829069335873,0.9529865501382874,-0.9171959306937164,0.768352365415987,0.9127243066884176,0.12742805872756935,0.693006744980812,0.65,24.615384615384617,0.0,20.0,False
env_odom_noise,0.10263157894736842,0.04899592973540154,0.0008877808989802905,0.12396828888664622,0.9530715258423936,-0.9746581640018395,0.7707993474714518,0.9159869494290375,0.12661239804241442,0.6918739795684814,0.6,23.416666666666668,0.0,20.0,False
env_odom_noise,0.10263157894736842,0.04899592973540154,0.001838263351530691,0.1239682891430786,0.9521589196375134,-1.06689034663868,0.7785016286644951,0.9250814332247557,0.1252201954397395,0.7169978186488152,0.6,23.5,0.0,20.0,False
env_odom_noise,0.10263157894736842,0.04899592973540154,0.003806358250624933,0.12396828908141803,0.9509331365736633,-1.19422498403177,0.7959349593495935,0.9422764227642276,0.12545853658536588,0.7401606753468514,0.6,23.583333333333332,0.0,20.0,False
env_odom_noise,0.10263157894736842,0.04899592973540154,0.00788154924594252,0.12380301691166606,0.9364086776062648,-1.3394011741016882,0.8181089743589743,0.9615384615384616,0.14244743589743591,0.7267888516187668,0.6,24.333333333333332,0.0,20.0,False
env_odom_noise,0.10263157894736842,0.04899592973540154,0.01631975090784437,0.1237604040594727,0.9268918420060468,-1.4266290062317735,0.8634920634920635,0.9801587301587301,0.20645079365079366,0.7901933886110782,0.6,24.833333333333332,0.0,20.0,False
env_odom_noise,0.10263157894736842,0.04899592973540154,0.03379212149580846,0.12343821376473954,0.9078675355227005,-1.4228712772275636,0.9148606811145511,0.9876160990712074,0.2652767801857585,0.8631270565092564,0.55,25.0,0.0,20.0,False
env_odom_noise,0.10263157894736842,0.04899592973540154,0.0699708887492028,0.12314854021022936,0.8977048898788004,-1.3071158394410205,0.9522727272727273,0.9924242424242424,0.3074969696969697,1.088275957852602,0.5,25.0,0.0,20.0,False
env_odom_noise,0.10263157894736842,0.04899592973540154,0.14488363132100487,0.12208486821502873,0.8755185605670475,-1.0838164244178445,0.9715743440233237,0.9978134110787172,0.3321877551020409,1.3127389617264271,0.45,26.333333333333332,0.0,20.0,False
env_odom_noise,0.10263157894736842,0.04899592973540154,0.3,0.12199733534786852,0.8762810923392476,-0.7758145083333536,0.9830747531734838,0.998589562764457,0.3444643159379408,1.5144319802522659,0.4,27.625,0.0,20.0,False
env_odom_noise,0.10263157894736842,0.10627472835292812,0.00010000000000000009,0.12361220210897603,0.9243670616386698,-1.0173095551686178,0.8469387755102041,0.9654631083202512,0.17520188383045532,0.8899124406278134,0.6,25.416666666666668,0.0,20.0,False
env_odom_noise,0.10263157894736842,0.10627472835292812,0.00020706272838739032,0.12361220070593908,0.9243845569771049,-1.0195667133633848,0.8485086342229199,0.9654631083202512,0.17677174254317107,0.8914482377469539,0.6,25.416666666666668,0.0,20.0,False
env_odom_noise,0.10263157894736842,0.10627472835292812,0.0004287497348723022,0.1236122022919273,0.924420418878166,-1.024034700022655,0.8492935635792779,0.966248037676609,0.17834160125588694,0.8946255691349506,0.6,25.416666666666668,0.0,20.0,False
env_odom_noise,0.10263157894736842,0.10627472835292812,0.0008877808989802905,0.12361220011279729,0.9244946531390726,-1.0324740679961184,0.8492935635792779,0.9686028257456829,0.1806963893249608,0.8933479391038418,0.55,24.181818181818183,0.0,20.0,False
env_odom_noise,0.10263157894736842,0.10627472835292812,0.001838263351530691,0.12361219949019533,0.9224686034550323,-1.0485495672580605,0.853448275862069,0.969435736677116,0.18568401253918498,0.8974921859800815,0.55,24.272727272727273,0.0,20.0,False
env_odom_noise,0.10263157894736842,0.10627472835292812,0.003806358250624933,0.12357063712994404,0.9228063275538863,-1.0710467616789598,0.8646322378716745,0.9741784037558685,0.20161064162754305,0.9259057000279427,0.55,24.363636363636363,0.0,20.0,False
env_odom_noise,0.10263157894736842,0.10627472835292812,0.00788154924594252,0.12367427326915781,0.9214086224510094,-1.0938574688366647,0.8798751950078003,0.982839313572543,0.22551450858034328,0.9602469384670258,0.55,24.545454545454547,0.0,20.0,False
env_odom_noise,0.10263157894736842,0.10627472835292812,0.01631975090784437,0.12336542700793789,0.9106467520863654,-1.0990689518396355,0.9143518518518519,0.9876543209876543,0.26480617283950614,1.020451618731022,0.55,25.181818181818183,0.0,20.0,False
env_odom_noise,0.10263157894736842,0.10627472835292812,0.03379212149580846,0.12316409770785679,0.9000672673951865,-1.0560753326299772,0.9402420574886535,0.9909228441754917,0.29396490166414524,1.1157856062054634,0.55,26.363636363636363,0.0,20.0,False
env_odom_noise,0.10263157894736842,0.10627472835292812,0.0699708887492028,0.12218688929344505,0.891667982018813,-0.944646482128168,0.9704579025110783,0.9940915805022157,0.32734948301329403,1.309433750808239,0.5,26.7,0.0,20.0,False
env_odom_noise,0.10263157894736842,0.10627472835292812,0.14488363132100487,0.1217169597097238,0.8801962831629385,-0.708502636041538,0.9851485148514851,0.9978783592644979,0.345826874115983,1.5501104488968849,0.4,27.375,0.0,20.0,False
env_odom_noise,0.10263157894736842,0.10627472835292812,0.3,0.12195337913613052,0.8845637172110258,-0.4563612435548872,0.993006993006993,0.9986013986013986,0.35440839160839166,1.7296008601784707,0.35,26.857142857142858,0.0,20.0,False
env_odom_noise,0.10263157894736842,0.23051543153651136,0.00010000000000000009,0.12355347005739636,0.9035458030633835,-0.7046653202175122,0.9118975903614458,0.9879518072289156,0.26264939759036143,1.3354748383164405,0.55,26.636363636363637,0.0,20.0,False
env_odom_noise,0.10263157894736842,0.23051543153651136,0.00020706272838739032,0.12355347392676302,0.903562672430223,-0.7045048334627299,0.9118975903614458,0.9879518072289156,0.26264939759036143,1.33679154291749,0.55,26.636363636363637,0.0,20.0,False
env_odom_noise,0.10263157894736842,0.23051543153651136,0.0004287497348723022,0.12355346956180592,0.9035973057237479,-0.7041597326807907,0.9126506024096386,0.9887048192771084,0.264155421686747,1.3395172990858555,0.55,26.636363636363637,0.0,20.0,False
env_odom_noise,0.10263157894736842,0.23051543153651136,0.0008877808989802905,0.12355347104158888,0.9036690177651416,-0.7033909521063029,0.9141566265060241,0.9887048192771084,0.26566144578313255,1.3451568499207496,0.55,26.636363636363637,0.0,20.0,False
env_odom_noise,0.10263157894736842,0.23051543153651136,0.001838263351530691,0.12355347117212125,0.9022034897207253,-0.7022965064142623,0.9172932330827067,0.9887218045112782,0.26881503759398495,1.3493727415800094,0.55,26.727272727272727,0.0,20.0,False
env_odom_noise,0.10263157894736842,0.23051543153651136,0.003806358250624933,0.12297488249888633,0.8966789833309285,-0.703039402461895,0.9226190476190477,0.9895833333333334,0.27500238095238105,1.3280293352901935,0.55,27.363636363636363,0.0,20.0,False
env_odom_noise,0.10263157894736842,0.23051543153651136,0.00788154924594252,0.12262336082305703,0.8952302598377685,-0.694627347566487,0.9340740740740741,0.9911111111111112,0.28798518518518523,1.3510809034109115,0.55,27.636363636363637,0.0,20.0,False
env_odom_noise,0.10263157894736842,0.23051543153651136,0.01631975090784437,0.12262336033055946,0.889063938885484,-0.668955755375572,0.9455081001472754,0.991899852724595,0.3002079528718704,1.4144016802310944,0.55,28.0,0.0,20.0,False
env_odom_noise,0.10263157894736842,0.23051543153651136,0.03379212149580846,0.12186647705222636,0.8786443500801151,-0.6132957509514672,0.9660404624277457,0.9942196531791907,0.32306011560693637,1.493939182162285,0.45,27.0,0.0,20.0,False
env_odom_noise,0.10263157894736842,0.23051543153651136,0.0699708887492028,0.12185223065967427,0.8804866785925772,-0.4855286951138024,0.9789915966386554,0.9964985994397759,0.33829019607843136,1.7060505732893945,0.4,28.25,0.0,20.0,False
env_odom_noise,0.10263157894736842,0.23051543153651136,0.14488363132100487,0.12201037595341453,0.8807148773208301,-0.3155929896504722,0.990358126721763,0.9979338842975206,0.35109201101928367,1.8882076039910316,0.35,28.428571428571427,0.0,20.0,False
env_odom_noise,0.10263157894736842,0.23051543153651136,0.3,0.12249267945125289,0.8838953931133341,-0.08262245767799394,0.9931506849315068,0.9986301369863013,0.35458082191780815,2.0543757036328314,0.35,29.0,0.0,20.0,False
env_odom_noise,0.10263157894736842,0.5,0.00010000000000000009,0.1220551146452824,0.8727381139164823,-0.18701710808125754,0.9621733149931224,0.9938101788170564,0.3187834938101788,1.9941052168607711,0.4,29.875,0.0,20.0,False
env_odom_noise,0.10263157894736842,0.5,0.00020706272838739032,0.12205511291026336,0.8727545216251148,-0.18664884711459173,0.9621733149931224,0.9938101788170564,0.3187834938101788,1.995170085504651,0.4,29.875,0.0,20.0,False
env_odom_noise,0.10263157894736842,0.5,0.0004287497348723022,0.12205511278085827,0.8727884331361834,-0.18588699406722403,0.9621733149931224,0.9944979367262724,0.31947125171939483,1.9973731730133295,0.4,29.875,0.0,20.0,False
env_odom_noise,0.10263157894736842,0.5,0.0008877808989802905,0.12205511233948824,0.8728585065994243,-0.18431225558515543,0.9628610729023384,0.9944979367262724,0.32015900962861077,2.001929847896099,0.4,29.875,0.0,20.0,False
env_odom_noise,0.10263157894736842,0.5,0.001838263351530691,0.12205511537676388,0.8713126140316774,-0.1817027948724187,0.9635989010989011,0.9945054945054945,0.32090439560439565,2.0046547137200834,0.4,30.0,0.0,20.0,False
env_odom_noise,0.10263157894736842,0.5,0.003806358250624933,0.1219853663584995,0.8716114621071248,-0.17573466531820575,0.9657064471879286,0.99519890260631,0.3237053497942387,2.0177476104348897,0.4,30.125,0.0,20.0,False
env_odom_noise,0.10263157894736842,0.5,0.00788154924594252,0.12198536675917832,0.8765469024838917,-0.1523353850466594,0.964769647696477,0.994579945799458,0.32214959349593497,2.070201337710023,0.35,30.142857142857142,0.0,20.0,False
env_odom_noise,0.10263157894736842,0.5,0.01631975090784437,0.12186146756104826,0.8724875932484693,-0.13101441603171557,0.9758713136729222,0.9953083109919572,0.3339796246648794,2.087640513293445,0.35,31.285714285714285,0.0,20.0,False
env_odom_noise,0.10263157894736842,0.5,0.03379212149580846,0.12248481884316237,0.8705006863968981,-0.08436871122980996,0.9820717131474104,0.9960159362549801,0.34088764940239047,2.18199266763404,0.35,32.285714285714285,0.0,20.0,False
env_odom_noise,0.10263157894736842,0.5,0.0699708887492028,0.12244228566505667,0.8728670333636273,0.0032785554436364954,0.988110964332893,0.9986789960369881,0.3495899603698811,2.3416006768122317,0.3,31.833333333333332,0.0,20.0,False
env_odom_noise,0.10263157894736842,0.5,0.14488363132100487,0.12257032190773089,0.8697766395260553,0.14095452215022908,0.9921465968586387,0.9986910994764397,0.35363769633507847,2.4506945252418517,0.3,33.0,0.0,20.0,False
env_odom_noise,0.10263157894736842,0.5,0.3,0.12257032416188168,0.8687139376527628,0.3417054438567171,0.9947780678851175,0.9993472584856397,0.35692532637075713,2.534412978589535,0.3,33.333333333333336,0.0,20.0,False
env_odom_noise,0.1105263157894737,0.00010000000000000009,0.00010000000000000009,0.12499573099872623,1.008821573392003,187.24505595128335,0.12391681109185441,0.18977469670710573,1.3235084922010398,0.487186661362648,0.9,26.61111111111111,0.0,20.0,False
env_odom_noise,0.1105263157894737,0.00010000000000000009,0.00020706272838739032,0.12499573094023386,1.005737616986998,121.38341808199456,0.13494809688581316,0.20847750865051903,1.293774394463668,0.48155276775360106,0.9,26.666666666666668,0.0,20.0,False
env_odom_noise,0.1105263157894737,0.00010000000000000009,0.0004287497348723022,0.12499573083016761,1.0043668428716923,83.0273544763879,0.14680483592400692,0.24006908462867013,1.2503260794473228,0.4810513909906149,0.9,26.72222222222222,0.0,20.0,False
env_odom_noise,0.1105263157894737,0.00010000000000000009,0.0008877808989802905,0.1249957320690033,1.002960771966295,62.32900425034685,0.1646551724137931,0.27844827586206894,1.194096551724138,0.5011150576174259,0.9,26.77777777777778,0.0,20.0,False
env_odom_noise,0.1105263157894737,0.00010000000000000009,0.001838263351530691,0.12480202441640768,0.9946394889855942,51.528576383726275,0.19965870307167236,0.33361774744027306,1.1039235494880546,0.4603578358888626,0.85,26.41176470588235,0.0,20.0,False
env_odom_noise,0.1105263157894737,0.00010000000000000009,0.003806358250624933,0.1248020242034705,0.9884532424041553,46.2874657083651,0.23769100169779286,0.4032258064516129,0.9962831918505942,0.47854411229491234,0.85,26.58823529411765,0.0,20.0,False
env_odom_noise,0.1105263157894737,0.00010000000000000009,0.00788154924594252,0.1245610842238583,0.9857771929747586,43.75409240422402,0.29713804713804715,0.4764309764309764,0.8636309764309764,0.5083720818161964,0.75,25.266666666666666,0.0,20.0,False
env_odom_noise,0.1105263157894737,0.00010000000000000009,0.01631975090784437,0.12388422876630623,0.972216244635339,42.24848826213348,0.3694214876033058,0.547107438016529,0.7206710743801652,0.5517345473170281,0.7,25.071428571428573,0.0,20.0,False
env_odom_noise,0.1105263157894737,0.00010000000000000009,0.03379212149580846,0.1241231351922559,0.958823576158114,41.79179067591375,0.4513776337115073,0.5826580226904376,0.603164343598055,0.660924919694662,0.7,25.928571428571427,0.0,20.0,False
env_odom_noise,0.1105263157894737,0.00010000000000000009,0.0699708887492028,0.12360833807999777,0.9331517914327777,40.87395802215725,0.517160686427457,0.6014040561622465,0.5186352574102965,0.7724915131926536,0.55,24.545454545454547,0.0,20.0,False
env_odom_noise,0.1105263157894737,0.00010000000000000009,0.14488363132100487,0.12327248158408467,0.9188620670886981,40.5841460511269,0.5500758725341427,0.6107738998482549,0.4763502276176024,1.0459106914699077,0.5,24.9,0.0,20.0,False
env_odom_noise,0.1105263157894737,0.00010000000000000009,0.3,0.1225580000299652,0.9091135225863428,40.22894798448985,0.5661218424962853,0.6129271916790491,0.45815096582466563,1.2752480447292327,0.5,26.3,0.0,20.0,False
env_odom_noise,0.1105263157894737,0.00021690521830457365,0.00010000000000000009,0.12499573099872623,1.008821573392003,132.18857149812206,0.14731369150779897,0.2244367417677643,1.2654495667244368,0.487186661362648,0.9,26.61111111111111,0.0,20.0,False
env_odom_noise,0.1105263157894737,0.00021690521830457365,0.00020706272838739032,0.12499573074440541,1.0057382705881779,85.27006448849791,0.15657439446366783,0.25,1.230625605536332,0.48163401111960413,0.9,26.666666666666668,0.0,20.0,False
env_odom_noise,0.1105263157894737,0.00021690521830457365,0.0004287497348723022,0.12499573151413645,1.0043701560707907,54.30845441632846,0.16580310880829016,0.27374784110535405,1.1976490500863557,0.4814154911786318,0.9,26.72222222222222,0.0,20.0,False
env_odom_noise,0.1105263157894737,0.00021690521830457365,0.0008877808989802905,0.12499573093446603,1.0029743148764272,36.05901948105782,0.18620689655172415,0.30948275862068964,1.1415103448275863,0.501695542037487,0.9,26.77777777777778,0.0,20.0,False
env_odom_noise,0.1105263157894737,0.00021690521830457365,0.001838263351530691,0.12480202391133675,0.9946551595663948,26.09976958700661,0.21843003412969283,0.3651877133105802,1.053582252559727,0.46089540645480154,0.85,26.41176470588235,0.0,20.0,False
env_odom_noise,0.1105263157894737,0.00021690521830457365,0.003806358250624933,0.12480202360704812,0.9884730781941987,21.161326169139468,0.2563667232597623,0.432937181663837,0.9478960950764007,0.47917402163147926,0.85,26.58823529411765,0.0,20.0,False
env_odom_noise,0.1105263157894737,0.00021690521830457365,0.00788154924594252,0.12456108309205968,0.9857903242793292,18.808642757795536,0.31565656565656564,0.5075757575757576,0.8139676767676768,0.508840461820364,0.75,25.266666666666666,0.0,20.0,False
env_odom_noise,0.1105263157894737,0.00021690521830457365,0.01631975090784437,0.12388422588461792,0.9722258740110971,17.616872733942717,0.3884297520661157,0.5760330578512397,0.6727371900826447,0.5521108716726303,0.7,25.071428571428573,0.0,20.0,False
env_odom_noise,0.1105263157894737,0.00021690521830457365,0.03379212149580846,0.12412313529071717,0.9588310712973369,17.26606358438381,0.4708265802269044,0.6110210696920584,0.5553523500810372,0.6612588115036487,0.7,25.928571428571427,0.0,20.0,False
env_odom_noise,0.1105263157894737,0.00021690521830457365,0.0699708887492028,0.12360833865221187,0.9331574106611775,16.883836641569083,0.5366614664586583,0.6302652106084243,0.47027332293291735,0.772744893282652,0.55,24.545454545454547,0.0,20.0,False
env_odom_noise,0.1105263157894737,0.00021690521830457365,0.14488363132100487,0.12327248162850864,0.9188661301153609,16.86563646512,0.5698027314112292,0.6396054628224582,0.4277918057663126,1.046070082485676,0.5,24.9,0.0,20.0,False
env_odom_noise,0.1105263157894737,0.00021690521830457365,0.3,0.12255799996237667,0.909115844984607,16.863053412411343,0.5861812778603269,0.6419019316493314,0.40911679049034166,1.2753319233655929,0.5,26.3,0.0,20.0,False
env_odom_noise,0.1105263157894737,0.00047047873727754753,0.00010000000000000009,0.12499573099872623,1.008821573392003,87.38820641216925,0.18197573656845753,0.29636048526863085,1.1588637781629116,0.487186661362648,0.9,26.61111111111111,0.0,20.0,False
env_odom_noise,0.1105263157894737,0.00047047873727754753,0.00020706272838739032,0.12499573095890101,1.0057399063856116,59.35558959122563,0.18771626297577854,0.314878892733564,1.1346048442906573,0.48190812990069387,0.9,26.666666666666668,0.0,20.0,False
env_odom_noise,0.1105263157894737,0.00047047873727754753,0.0004287497348723022,0.12499573211447927,1.004379074018568,37.55464898667164,0.19689119170984457,0.3316062176165803,1.108702590673575,0.4823076963424683,0.9,26.72222222222222,0.0,20.0,False
env_odom_noise,0.1105263157894737,0.00047047873727754753,0.0008877808989802905,0.1248020219405796,1.0030029028384633,22.874292895915318,0.21563573883161513,0.3651202749140893,1.0564439862542956,0.480629463493824,0.9,26.88888888888889,0.0,20.0,False
env_odom_noise,0.1105263157894737,0.00047047873727754753,0.001838263351530691,0.1248020241627726,0.9946886724696001,14.239962647514627,0.24744027303754265,0.4206484641638225,0.9691112627986348,0.4620493330061436,0.85,26.41176470588235,0.0,20.0,False
env_odom_noise,0.1105263157894737,0.00047047873727754753,0.003806358250624933,0.12480202544840831,0.98851556710404,9.693995105551128,0.2843803056027165,0.48896434634974534,0.8638553480475382,0.480529822409153,0.85,26.58823529411765,0.0,20.0,False
env_odom_noise,0.1105263157894737,0.00047047873727754753,0.00788154924594252,0.12456108345292866,0.9858187774325027,7.489612135639231,0.3425925925925926,0.5622895622895623,0.7323178451178451,0.5098529659211636,0.75,25.266666666666666,0.0,20.0,False
env_odom_noise,0.1105263157894737,0.00047047873727754753,0.01631975090784437,0.12388422635041653,0.9722466687923721,6.456903237243327,0.41487603305785126,0.6289256198347107,0.593398347107438,0.5529252685606479,0.7,25.071428571428573,0.0,20.0,False
env_odom_noise,0.1105263157894737,0.00047047873727754753,0.03379212149580846,0.12412313403162957,0.9588476313409662,6.156841742006909,0.4967585089141005,0.6636952998379254,0.47674619124797407,0.6619820922613144,0.7,25.928571428571427,0.0,20.0,False
env_odom_noise,0.1105263157894737,0.00047047873727754753,0.0699708887492028,0.1236083376848534,0.933169609264163,6.019148648930828,0.5624024960998439,0.6825273010920437,0.3922702028081123,0.7732952497899532,0.55,24.545454545454547,0.0,20.0,False
env_odom_noise,0.1105263157894737,0.00047047873727754753,0.14488363132100487,0.12327248220617652,0.9188746214586797,6.125250397935899,0.5955993930197269,0.6911987860394537,0.3504018209408194,1.0464152798056603,0.5,24.9,0.0,20.0,False
env_odom_noise,0.1105263157894737,0.00047047873727754753,0.3,0.12255800046028116,0.9091208021305147,6.284221419279527,0.612184249628529,0.6946508172362555,0.3303649331352154,1.2755145847797393,0.5,26.3,0.0,20.0,False
env_odom_noise,0.1105263157894737,0.001020492932168466,0.00010000000000000009,0.12499573099872623,1.0088215716670423,51.8536061942265,0.22530329289428075,0.3804159445407279,1.0314807625649913,0.48722161948680875,0.9,26.61111111111111,0.0,20.0,False
env_odom_noise,0.1105263157894737,0.001020492932168466,0.00020706272838739032,0.12499573146142647,1.005747674572741,38.285071396482024,0.2301038062283737,0.3892733564013841,1.0178228373702423,0.4830044753849506,0.9,26.666666666666668,0.0,20.0,False
env_odom_noise,0.1105263157894737,0.001020492932168466,0.0004287497348723022,0.12499573112717821,1.0044117276589697,25.465025391393773,0.24438687392055267,0.40241796200345425,0.990395164075993,0.48475279435515406,0.9,26.72222222222222,0.0,20.0,False
env_odom_noise,0.1105263157894737,0.001020492932168466,0.0008877808989802905,0.1248020220735381,0.9971299918552184,15.182184415616298,0.2658119658119658,0.43504273504273505,0.9363452991452992,0.4539803609251976,0.85,26.352941176470587,0.0,20.0,False
env_odom_noise,0.1105263157894737,0.001020492932168466,0.001838263351530691,0.12480202503752409,0.9947915788687686,8.393394974846975,0.2858361774744027,0.4906143344709898,0.8607494880546075,0.46513829231262205,0.85,26.41176470588235,0.0,20.0,False
env_odom_noise,0.1105263157894737,0.001020492932168466,0.003806358250624933,0.1248020251942291,0.9886049425679688,4.448150716165577,0.3234295415959253,0.5619694397283531,0.7518010186757216,0.48342414051294325,0.85,26.58823529411765,0.0,20.0,False
env_odom_noise,0.1105263157894737,0.001020492932168466,0.00788154924594252,0.12456108257646813,0.9858793670364931,2.4338237315425872,0.3787878787878788,0.6262626262626263,0.6321494949494949,0.512032599747181,0.75,25.266666666666666,0.0,20.0,False
env_odom_noise,0.1105263157894737,0.001020492932168466,0.01631975090784437,0.12388422688026325,0.9722915032726573,1.5041285893995964,0.45041322314049587,0.6925619834710743,0.4942247933884298,0.5546852797269821,0.7,25.071428571428573,0.0,20.0,False
env_odom_noise,0.1105263157894737,0.001020492932168466,0.03379212149580846,0.12412313433587267,0.9588833913041319,1.232741229146027,0.5324149108589952,0.7260940032414911,0.3786910858995137,0.663547732681036,0.7,25.928571428571427,0.0,20.0,False
env_odom_noise,0.1105263157894737,0.001020492932168466,0.0699708887492028,0.12360833879365161,0.933196129170705,1.2059074314218627,0.5967238689547582,0.7433697347893916,0.2971063962558502,0.7744865901768208,0.55,24.545454545454547,0.0,20.0,False
env_odom_noise,0.1105263157894737,0.001020492932168466,0.14488363132100487,0.12327248238053845,0.9188933315407172,1.3683745348267022,0.629742033383915,0.7503793626707133,0.25707860394537174,1.0471638545393944,0.5,24.9,0.0,20.0,False
env_odom_noise,0.1105263157894737,0.001020492932168466,0.3,0.12255799989043588,0.9091315084856839,1.600734627411591,0.6471025260029718,0.7526002971768202,0.237497176820208,1.2759102165699006,0.5,26.3,0.0,20.0,False
env_odom_noise,0.1105263157894737,0.0022135024223027535,0.00010000000000000009,0.12499573248287237,1.0057638400514426,26.943580845608476,0.2975778546712803,0.49480968858131485,0.8448124567474049,0.4841877318918705,0.9,26.666666666666668,0.0,20.0,False
env_odom_noise,0.1105263157894737,0.0022135024223027535,0.00020706272838739032,0.12499573202971916,1.004431030772443,21.81166070109926,0.3013816925734024,0.5008635578583766,0.834954749568221,0.4837598122656345,0.9,26.72222222222222,0.0,20.0,False
env_odom_noise,0.1105263157894737,0.0022135024223027535,0.0004287497348723022,0.12499573214728257,0.9987834739327398,15.683944354966394,0.31013745704467355,0.5128865979381443,0.8141759450171822,0.4818709038197994,0.9,26.88888888888889,0.0,20.0,False
env_odom_noise,0.1105263157894737,0.0022135024223027535,0.0008877808989802905,0.12480202506039813,0.9973695871211308,9.7211433760669,0.3264957264957265,0.5435897435897435,0.7671145299145299,0.4610347881913185,0.85,26.352941176470587,0.0,20.0,False
env_odom_noise,0.1105263157894737,0.0022135024223027535,0.001838263351530691,0.1248020255450702,0.99206093708537,5.035801590007672,0.3432708688245315,0.5911413969335605,0.702787734241908,0.46181426122784613,0.85,26.470588235294116,0.0,20.0,False
env_odom_noise,0.1105263157894737,0.0022135024223027535,0.003806358250624933,0.12480202445714747,0.988788220349531,1.9596320560825786,0.37521222410865873,0.6544991511035654,0.6074886247877759,0.489516507089138,0.85,26.58823529411765,0.0,20.0,False
env_odom_noise,0.1105263157894737,0.0022135024223027535,0.00788154924594252,0.12456108342890336,0.9832218701525937,0.22694886325265592,0.43529411764705883,0.7176470588235294,0.48425882352941174,0.5057037644088268,0.75,25.333333333333332,0.0,20.0,False
env_odom_noise,0.1105263157894737,0.0022135024223027535,0.01631975090784437,0.12388422599100717,0.9723874579569762,-0.5938548377133298,0.5049586776859504,0.7818181818181819,0.35042314049586776,0.5584750756621361,0.7,25.071428571428573,0.0,20.0,False
env_odom_noise,0.1105263157894737,0.0022135024223027535,0.03379212149580846,0.12412313573569106,0.9589603710786995,-0.8403895807820817,0.5842787682333873,0.8144246353322528,0.23849659643435983,0.6669292703270913,0.7,25.928571428571427,0.0,20.0,False
env_odom_noise,0.1105263157894737,0.0022135024223027535,0.0699708887492028,0.12360833696189952,0.9332533092199292,-0.816954431187424,0.6474258970358814,0.8307332293291732,0.15904087363494546,0.7770658880472183,0.55,24.545454545454547,0.0,20.0,False
env_odom_noise,0.1105263157894737,0.0022135024223027535,0.14488363132100487,0.12327248232959342,0.9189338132177872,-0.6294953546939386,0.6783004552352049,0.8399089529590288,0.11899059180576632,1.0487858064472675,0.5,24.9,0.0,20.0,False
env_odom_noise,0.1105263157894737,0.0022135024223027535,0.3,0.12255799961215152,0.9091546080034552,-0.3645652997743384,0.6953937592867756,0.8424962852897474,0.12469747399702824,1.2767679408192634,0.5,26.3,0.0,20.0,False
env_odom_noise,0.1105263157894737,0.004801202261272809,0.00010000000000000009,0.124582126808067,0.9986902286800863,12.053862380206876,0.40034071550255534,0.631175468483816,0.6056838160136286,0.4615409396588802,0.85,26.470588235294116,0.0,20.0,False
env_odom_noise,0.1105263157894737,0.004801202261272809,0.00020706272838739032,0.12458212610364194,0.9987575758107832,10.440611530194325,0.4028960817717206,0.6337308347529813,0.600573083475298,0.46489422768354416,0.85,26.470588235294116,0.0,20.0,False
env_odom_noise,0.1105263157894737,0.004801202261272809,0.0004287497348723022,0.12458212591019796,0.9988886709479676,8.127370914860967,0.41056218057921634,0.6499148211243612,0.5767229982964225,0.47141639441251754,0.85,26.470588235294116,0.0,20.0,False
env_odom_noise,0.1105263157894737,0.004801202261272809,0.0008877808989802905,0.1245821269367908,0.9933051716212118,5.346819929998404,0.4227504244482173,0.6723259762308998,0.5421235993208828,0.4619050621986389,0.85,26.58823529411765,0.0,20.0,False
env_odom_noise,0.1105263157894737,0.004801202261272809,0.001838263351530691,0.12458212616067843,0.9918178658129887,2.698793014121982,0.4364406779661017,0.7135593220338983,0.4872,0.47040632665157317,0.8,25.875,0.0,20.0,False
env_odom_noise,0.1105263157894737,0.004801202261272809,0.003806358250624933,0.12434439622579069,0.9903929083818834,0.6095310052339769,0.4645868465430017,0.7580101180438449,0.4146030354131534,0.47131766453385354,0.75,25.2,0.0,20.0,False
env_odom_noise,0.1105263157894737,0.004801202261272809,0.00788154924594252,0.12397520538667685,0.9837075686144563,-0.7185545930593551,0.5216666666666666,0.8191666666666667,0.29636666666666667,0.5271519124507904,0.75,25.666666666666668,0.0,20.0,False
env_odom_noise,0.1105263157894737,0.004801202261272809,0.01631975090784437,0.12383276329155493,0.9711786674665807,-1.391547197509053,0.5852459016393443,0.8713114754098361,0.18064262295081956,0.5566656336188316,0.7,25.428571428571427,0.0,20.0,False
env_odom_noise,0.1105263157894737,0.004801202261272809,0.03379212149580846,0.1232556131662507,0.956532449628463,-1.6224742215201877,0.6634615384615384,0.9046474358974359,0.06909102564102565,0.6437308415770531,0.65,25.46153846153846,0.0,20.0,False
env_odom_noise,0.1105263157894737,0.004801202261272809,0.0699708887492028,0.12340872234929107,0.9328905281116737,-1.5581684972710663,0.7212732919254659,0.9177018633540373,0.07537142857142864,0.8006097622215748,0.55,24.818181818181817,0.0,20.0,False
env_odom_noise,0.1105263157894737,0.004801202261272809,0.14488363132100487,0.12307956323583961,0.9181790048990649,-1.362335008282277,0.7530211480362538,0.9274924471299094,0.09732870090634438,1.0652639016509056,0.5,25.2,0.0,20.0,False
env_odom_noise,0.1105263157894737,0.004801202261272809,0.3,0.122019485824652,0.9045827645276215,-1.075178111217899,0.7693997071742313,0.9297218155197657,0.11147789165446564,1.2544673725962638,0.45,26.0,0.0,20.0,False
env_odom_noise,0.1105263157894737,0.010414058246057912,0.00010000000000000009,0.12429522704011403,0.9940575377837323,4.27461569393638,0.5177364864864865,0.7449324324324325,0.374531081081081,0.4942901760339737,0.8,26.0,0.0,20.0,False
env_odom_noise,0.1105263157894737,0.010414058246057912,0.00020706272838739032,0.12429522469258387,0.9941061151002043,3.8527257064531075,0.5202702702702703,0.7474662162162162,0.3694635135135135,0.49716007634997367,0.8,26.0,0.0,20.0,False
env_odom_noise,0.1105263157894737,0.010414058246057912,0.0004287497348723022,0.12429522503876161,0.9942033870975525,3.149122458861256,0.5228040540540541,0.7567567567567568,0.35763918918918913,0.5029293753206729,0.8,26.0,0.0,20.0,False
env_odom_noise,0.1105263157894737,0.010414058246057912,0.0008877808989802905,0.12429522597193231,0.9943935120889852,2.1364879745858345,0.527027027027027,0.7711148648648649,0.3390581081081081,0.5142804965376854,0.8,26.0,0.0,20.0,False
env_odom_noise,0.1105263157894737,0.010414058246057912,0.001838263351530691,0.12415995175046257,0.9925820723483233,0.9204229390012862,0.5471380471380471,0.7988215488215489,0.29124040404040397,0.5049865253269672,0.75,25.266666666666666,0.0,20.0,False
env_odom_noise,0.1105263157894737,0.010414058246057912,0.003806358250624933,0.12400507606058704,0.9908405572075979,-0.22629328681816613,0.5795644891122278,0.8341708542713567,0.22346465661641546,0.5396160885691643,0.75,25.466666666666665,0.0,20.0,False
env_odom_noise,0.1105263157894737,0.010414058246057912,0.00788154924594252,0.12406059397344726,0.9847039547303456,-1.1001499239569248,0.6208609271523179,0.8899006622516556,0.12643841059602645,0.5666106835007667,0.7,25.0,0.0,20.0,True
env_odom_noise,0.1105263157894737,0.010414058246057912,0.01631975090784437,0.12354145437246741,0.9670081932573861,-1.6005722110356553,0.6813008130081301,0.9373983739837398,0.018500813008130113,0.5858308598399162,0.65,24.76923076923077,0.0,20.0,False
env_odom_noise,0.1105263157894737,0.010414058246057912,0.03379212149580846,0.12308159259066034,0.9577716636682783,-1.7706584670134162,0.755591054313099,0.9600638977635783,0.0784549520766773,0.7040499478578568,0.65,25.615384615384617,0.0,20.0,False
env_odom_noise,0.1105263157894737,0.010414058246057912,0.0699708887492028,0.12310461422388848,0.9291153747204484,-1.701093319507471,0.8097072419106317,0.9722650231124808,0.14477226502311247,0.8413759417831898,0.55,25.272727272727273,0.0,20.0,False
env_odom_noise,0.1105263157894737,0.010414058246057912,0.14488363132100487,0.12265915498589727,0.9171833844460965,-1.5001129616768631,0.8408408408408409,0.9804804804804805,0.18412132132132142,1.1183082409203053,0.5,25.6,0.0,20.0,False
env_odom_noise,0.1105263157894737,0.010414058246057912,0.3,0.12193907213323951,0.9034463552879043,-1.2106515365509807,0.8568313953488372,0.9811046511627907,0.2007360465116279,1.2962608911097049,0.45,26.555555555555557,0.0,20.0,False
env_odom_noise,0.1105263157894737,0.02258863577297737,0.00010000000000000009,0.12427338399430554,0.9939236688647882,0.7136861198704645,0.6430948419301165,0.829450915141431,0.16465424292845254,0.5568139553070068,0.65,23.692307692307693,0.0,20.0,False
env_odom_noise,0.1105263157894737,0.02258863577297737,0.00020706272838739032,0.1242733847989562,0.9939551147371264,0.6171771958360857,0.6439267886855241,0.8302828618968386,0.16299034941763724,0.5587648764252663,0.65,23.692307692307693,0.0,20.0,False
env_odom_noise,0.1105263157894737,0.02258863577297737,0.0004287497348723022,0.1242733861866712,0.9918703707018659,0.4359822413786344,0.6461794019933554,0.8338870431893688,0.15713355481727576,0.5521581202745438,0.65,23.76923076923077,0.0,20.0,False
env_odom_noise,0.1105263157894737,0.02258863577297737,0.0008877808989802905,0.12427338626763608,0.987050315497051,0.13066580337789757,0.6531456953642384,0.8410596026490066,0.142994701986755,0.540311124920845,0.65,23.923076923076923,0.0,20.0,False
env_odom_noise,0.1105263157894737,0.02258863577297737,0.001838263351530691,0.12427338481053368,0.981130493151826,-0.29688775694132064,0.6705107084019769,0.8591433278418451,0.10754596375617798,0.543431680649519,0.65,24.153846153846153,0.0,20.0,False
env_odom_noise,0.1105263157894737,0.02258863577297737,0.003806358250624933,0.12427338323906009,0.9789009465745504,-0.7880856124318606,0.6904761904761905,0.8924466338259441,0.06982955665024637,0.5618393622338772,0.65,24.307692307692307,0.0,20.0,False
env_odom_noise,0.1105263157894737,0.02258863577297737,0.00788154924594252,0.12427338172827872,0.9786912644878407,-1.2316031745391498,0.7213114754098361,0.930327868852459,0.06278360655737714,0.6315199598670006,0.65,24.384615384615383,0.0,20.0,False
env_odom_noise,0.1105263157894737,0.02258863577297737,0.01631975090784437,0.12394829587197938,0.9647272712117212,-1.5395552980715508,0.7729468599033816,0.9629629629629629,0.09870982286634455,0.6708073999732733,0.65,25.23076923076923,0.0,20.0,False
env_odom_noise,0.1105263157894737,0.02258863577297737,0.03379212149580846,0.12327803174512514,0.9521112944343834,-1.6375065964497262,0.844391785150079,0.981042654028436,0.188234439178515,0.7577309779822826,0.55,23.818181818181817,0.0,20.0,False
env_odom_noise,0.1105263157894737,0.02258863577297737,0.0699708887492028,0.12331216849013911,0.9230011342104895,-1.5510893551271083,0.8923664122137405,0.9908396946564886,0.24600610687022906,0.9265108600258827,0.5,24.5,0.0,20.0,False
env_odom_noise,0.1105263157894737,0.02258863577297737,0.14488363132100487,0.12272055193843474,0.913060995936118,-1.3571013489875976,0.9196428571428571,0.9977678571428571,0.2802107142857142,1.1952380679547787,0.5,26.2,0.0,20.0,False
env_odom_noise,0.1105263157894737,0.02258863577297737,0.3,0.12208851670045036,0.91538888693231,-1.0460798904219095,0.9356223175965666,0.9978540772532188,0.2962763948497854,1.3999749921262263,0.4,26.375,0.0,20.0,False
env_odom_noise,0.1105263157894737,0.04899592973540154,0.00010000000000000009,0.1239682866024173,0.9807771958715387,-0.6228330484996225,0.7528455284552845,0.8910569105691057,0.13358861788617882,0.7001935124397278,0.65,24.76923076923077,0.0,20.0,False
env_odom_noise,0.1105263157894737,0.04899592973540154,0.00020706272838739032,0.12396828732385919,0.9807951655278278,-0.6428128370153582,0.7544715447154472,0.891869918699187,0.13440162601626027,0.7019756153225899,0.65,24.76923076923077,0.0,20.0,False
env_odom_noise,0.1105263157894737,0.04899592973540154,0.0004287497348723022,0.12396829080783976,0.9808324146204557,-0.6815445189802869,0.7560975609756098,0.8951219512195122,0.1327756097560976,0.6965863205492496,0.6,23.583333333333332,0.0,20.0,False
env_odom_noise,0.1105263157894737,0.04899592973540154,0.0008877808989802905,0.12396828870367485,0.9809100402519432,-0.7521162188644486,0.7601626016260162,0.9065040650406504,0.12545853658536588,0.7040189936757087,0.6,23.583333333333332,0.0,20.0,False
env_odom_noise,0.1105263157894737,0.04899592973540154,0.001838263351530691,0.12396828935648044,0.9810722056145449,-0.8675336644262586,0.7682926829268293,0.9121951219512195,0.12789756097560978,0.7190254248678685,0.6,23.583333333333332,0.0,20.0,False
env_odom_noise,0.1105263157894737,0.04899592973540154,0.003806358250624933,0.12396828877054972,0.9793414267531872,-1.0280440804221291,0.7816558441558441,0.9301948051948052,0.1232610389610389,0.7387420445680618,0.6,23.666666666666668,0.0,20.0,False
env_odom_noise,0.1105263157894737,0.04899592973540154,0.00788154924594252,0.12380301748502104,0.9637670726470852,-1.2148292858275318,0.8064,0.9512,0.127,0.7253884382545948,0.6,24.416666666666668,0.0,20.0,False
env_odom_noise,0.1105263157894737,0.04899592973540154,0.01631975090784437,0.12376040568789924,0.9551618850758343,-1.3393601983052532,0.8454833597464342,0.9746434231378764,0.18292678288431063,0.7969957485795021,0.6,24.916666666666668,0.0,20.0,False
env_odom_noise,0.1105263157894737,0.04899592973540154,0.03379212149580846,0.12327836629939636,0.9390371886502373,-1.3723590394999052,0.9047987616099071,0.9852941176470589,0.252892879256966,0.8731174264103174,0.55,25.0,0.0,20.0,False
env_odom_noise,0.1105263157894737,0.04899592973540154,0.0699708887492028,0.12282925228258025,0.9258690997632102,-1.2775775303237797,0.9478851963746223,0.9924471299093656,0.3031323262839879,1.0792310535907745,0.5,25.2,0.0,20.0,False
env_odom_noise,0.1105263157894737,0.04899592973540154,0.14488363132100487,0.12208486967463647,0.9075175138278574,-1.0693257682905382,0.9686131386861314,0.9978102189781022,0.3292233576642336,1.3221727102994918,0.45,26.22222222222222,0.0,20.0,False
env_odom_noise,0.1105263157894737,0.04899592973540154,0.3,0.12199733322338009,0.9087644851431027,-0.7671496995306143,0.9816643159379408,0.9978843441466855,0.3423486600846263,1.5206261530518532,0.4,27.625,0.0,20.0,False
env_odom_noise,0.1105263157894737,0.10627472835292812,0.00010000000000000009,0.12400858058778487,0.9597582506395186,-0.8957866487819257,0.831230283911672,0.9558359621451105,0.14986624605678245,0.9199637085199356,0.55,23.90909090909091,0.0,20.0,False
env_odom_noise,0.1105263157894737,0.10627472835292812,0.00020706272838739032,0.12361219978443601,0.9550587603361473,-0.9047216894818625,0.8328100470957613,0.9560439560439561,0.15165400313971744,0.8932608127593994,0.55,24.181818181818183,0.0,20.0,False
env_odom_noise,0.1105263157894737,0.10627472835292812,0.0004287497348723022,0.12361219840622782,0.9550977188547657,-0.9107684632603693,0.8328100470957613,0.956828885400314,0.15243893249607532,0.8962845094501972,0.55,24.181818181818183,0.0,20.0,False
env_odom_noise,0.1105263157894737,0.10627472835292812,0.0008877808989802905,0.1236122015502763,0.9551784198076992,-0.9222996025015188,0.8359497645211931,0.9583987441130298,0.15714850863422292,0.9025706149637699,0.55,24.181818181818183,0.0,20.0,False
env_odom_noise,0.1105263157894737,0.10627472835292812,0.001838263351530691,0.12326111765467496,0.9531137841944627,-0.9482095421892385,0.84140625,0.965625,0.16983125,0.9096333146095276,0.55,24.454545454545453,0.0,20.0,False
env_odom_noise,0.1105263157894737,0.10627472835292812,0.003806358250624933,0.12326111737667818,0.9534811077101377,-0.9786351589638809,0.84921875,0.96796875,0.17998750000000008,0.9347769819200039,0.55,24.454545454545453,0.0,20.0,False
env_odom_noise,0.1105263157894737,0.10627472835292812,0.00788154924594252,0.12367427018668731,0.9520661524180016,-1.0142216550692338,0.8673946957878315,0.9765990639625585,0.20679375975038994,0.9685962706804275,0.55,24.545454545454547,0.0,20.0,False
env_odom_noise,0.1105263157894737,0.10627472835292812,0.01631975090784437,0.12320582056761573,0.9411181162354858,-1.039813840862391,0.8952234206471494,0.9845916795069337,0.24261510015408316,1.0243670642375946,0.55,25.272727272727273,0.0,20.0,False
env_odom_noise,0.1105263157894737,0.10627472835292812,0.03379212149580846,0.12316409864407336,0.9264006588466193,-1.014705983000556,0.9343891402714932,0.9909502262443439,0.28813936651583716,1.1081568956375123,0.55,26.545454545454547,0.0,20.0,False
env_odom_noise,0.1105263157894737,0.10627472835292812,0.0699708887492028,0.12218688740526787,0.9275476099957253,-0.922084018571344,0.9614243323442137,0.9925816023738873,0.3168059347181009,1.3285999327898026,0.5,26.4,0.0,20.0,False
env_odom_noise,0.1105263157894737,0.10627472835292812,0.14488363132100487,0.12171695636755747,0.912918090502927,-0.6930002763294242,0.9816124469589816,0.9978783592644979,0.3422908062234795,1.5564476519823074,0.4,27.375,0.0,20.0,False
env_odom_noise,0.1105263157894737,0.10627472835292812,0.3,0.1221124908854862,0.9177140779566697,-0.45028435570860387,0.9916201117318436,0.9979050279329609,0.3523251396648045,1.7258728981018066,0.35,27.0,0.0,20.0,False
env_odom_noise,0.1105263157894737,0.23051543153651136,0.00010000000000000009,0.12355347181350558,0.9346418934717432,-0.6493400597209404,0.9006024096385542,0.9871987951807228,0.25060120481927706,1.3431108482182026,0.55,26.636363636363637,0.0,20.0,False
env_odom_noise,0.1105263157894737,0.23051543153651136,0.00020706272838739032,0.12355347339222265,0.9346602608597148,-0.649353621723249,0.9006024096385542,0.9871987951807228,0.25060120481927706,1.3444144524633885,0.55,26.636363636363637,0.0,20.0,False
env_odom_noise,0.1105263157894737,0.23051543153651136,0.0004287497348723022,0.12355347351059881,0.9346980704402494,-0.6493637767274327,0.9021084337349398,0.9871987951807228,0.2521072289156626,1.3471122592687608,0.55,26.636363636363637,0.0,20.0,False
env_odom_noise,0.1105263157894737,0.23051543153651136,0.0008877808989802905,0.1235534718211517,0.9322259910264892,-0.6504935719737707,0.9022556390977443,0.987218045112782,0.2522736842105263,1.3473592400550842,0.55,26.727272727272727,0.0,20.0,False
env_odom_noise,0.1105263157894737,0.23051543153651136,0.001838263351530691,0.12355347198401653,0.9289473205128276,-0.6510144316141618,0.9049401197604791,0.9872754491017964,0.2550155688622755,1.3427011407911777,0.55,27.0,0.0,20.0,False
env_odom_noise,0.1105263157894737,0.23051543153651136,0.003806358250624933,0.12297488420387544,0.9292993164887551,-0.6526633783125916,0.9083457526080477,0.9880774962742176,0.25922324888226533,1.342529058456421,0.55,27.272727272727273,0.0,20.0,False
env_odom_noise,0.1105263157894737,0.23051543153651136,0.00788154924594252,0.12262336088599583,0.9240671036403432,-0.6506359713833219,0.9215976331360947,0.9896449704142012,0.27404260355029586,1.349903552234173,0.55,27.727272727272727,0.0,20.0,False
env_odom_noise,0.1105263157894737,0.23051543153651136,0.01631975090784437,0.12261702306583648,0.9217543985414008,-0.631639540659969,0.9344624447717231,0.9911634756995582,0.28842592047128135,1.4210284948349,0.55,28.0,0.0,20.0,False
env_odom_noise,0.1105263157894737,0.23051543153651136,0.03379212149580846,0.12186647640462302,0.9096962906683864,-0.5838485864111914,0.9530346820809249,0.9927745664739884,0.30860924855491334,1.5004663079977036,0.45,27.0,0.0,20.0,False
env_odom_noise,0.1105263157894737,0.23051543153651136,0.0699708887492028,0.12185223169036705,0.9135845724704563,-0.46415880919863345,0.9740896358543417,0.9943977591036415,0.3312873949579832,1.7124853253364563,0.4,28.25,0.0,20.0,False
env_odom_noise,0.1105263157894737,0.23051543153651136,0.14488363132100487,0.12201037738044407,0.9141482667941087,-0.30220533969638214,0.9869146005509641,0.9979338842975206,0.34764848484848476,1.8939750045537949,0.35,28.428571428571427,0.0,20.0,False
env_odom_noise,0.1105263157894737,0.23051543153651136,0.3,0.12235000001907287,0.9176603773522226,-0.0786009684414305,0.9931693989071039,0.9986338797814208,0.3546032786885247,2.043073569238186,0.35,29.285714285714285,0.0,20.0,False
env_odom_noise,0.1105263157894737,0.5,0.00010000000000000009,0.12205511370963897,0.9053391970457393,-0.1597590562798742,0.9546079779917469,0.9931224209078404,0.31053039889958733,2.0001079846173524,0.4,29.875,0.0,20.0,False
env_odom_noise,0.1105263157894737,0.5,0.00020706272838739032,0.1220551141281046,0.9053566792131983,-0.1594310367006341,0.9559834938101788,0.9931224209078404,0.3119059147180192,2.001163959503174,0.4,29.875,0.0,20.0,False
env_odom_noise,0.1105263157894737,0.5,0.0004287497348723022,0.12205511311066973,0.9053933942717567,-0.1587514916651197,0.9559834938101788,0.9931224209078404,0.3119059147180192,2.0033478438854218,0.4,29.875,0.0,20.0,False
env_odom_noise,0.1105263157894737,0.5,0.0008877808989802905,0.12205511230742952,0.9037362680455485,-0.15800979906565266,0.9567307692307693,0.9931318681318682,0.31266263736263744,2.0011804632842543,0.4,30.0,0.0,20.0,False
env_odom_noise,0.1105263157894737,0.5,0.001838263351530691,0.12205511360081939,0.9038929744119972,-0.15510275848933253,0.9567307692307693,0.9931318681318682,0.31266263736263744,2.0105123769491913,0.4,30.0,0.0,20.0,False
env_odom_noise,0.1105263157894737,0.5,0.003806358250624933,0.12198536542570824,0.9042153647739146,-0.14983699523724864,0.958161865569273,0.9931412894375857,0.3141031550068587,2.02341484837234,0.4,30.125,0.0,20.0,False
env_odom_noise,0.1105263157894737,0.5,0.00788154924594252,0.12198536684128164,0.9105784800633655,-0.12557697529821996,0.9573170731707317,0.9932249322493225,0.3133420054200542,2.0764689866453407,0.35,30.142857142857142,0.0,20.0,False
env_odom_noise,0.1105263157894737,0.5,0.01631975090784437,0.12186146551531324,0.9064707291528844,-0.107111935859283,0.9617962466487936,0.9939678284182306,0.3185640750670242,2.0939194574952125,0.35,31.285714285714285,0.0,20.0,False
env_odom_noise,0.1105263157894737,0.5,0.03379212149580846,0.12248482157159798,0.9045457528642149,-0.06433341535193988,0.9760956175298805,0.9953519256308101,0.3342475431606906,2.1880843593738972,0.35,32.285714285714285,0.0,20.0,False
env_odom_noise,0.1105263157894737,0.5,0.0699708887492028,0.1224422854788668,0.9071709884247338,0.018733553384634317,0.9848084544253632,0.9966974900924703,0.3443059445178336,2.3471504231914877,0.3,31.833333333333332,0.0,20.0,False
env_odom_noise,0.1105263157894737,0.5,0.14488363132100487,0.1225703242166555,0.9040770452659221,0.15169724700929596,0.9914921465968587,0.9986910994764397,0.35298324607329845,2.4559852320700886,0.3,33.0,0.0,20.0,False
env_odom_noise,0.1105263157894737,0.5,0.3,0.12257032338898398,0.9030477610337527,0.3484880577899391,0.9934725848563969,0.9986945169712794,0.3549671018276763,2.5395449183881285,0.3,33.333333333333336,0.0,20.0,False
env_odom_noise,0.11842105263157895,0.00010000000000000009,0.00010000000000000009,0.124995732117663,1.0243350761510235,207.79532844975125,0.11986301369863013,0.1840753424657534,1.3332616438356164,0.47108347341418266,0.9,27.0,0.0,20.0,False
env_odom_noise,0.11842105263157895,0.00010000000000000009,0.00020706272838739032,0.12499573231677553,1.0243364199323954,132.57424593474255,0.12756849315068494,0.20205479452054795,1.3075767123287672,0.4712952017784119,0.9,27.0,0.0,20.0,False
env_odom_noise,0.11842105263157895,0.00010000000000000009,0.0004287497348723022,0.12499573149858904,1.0249348337538167,88.67838882945169,0.14150943396226415,0.23241852487135506,1.2632720411663807,0.4704552061855793,0.9,26.944444444444443,0.0,20.0,False
env_odom_noise,0.11842105263157895,0.00010000000000000009,0.0008877808989802905,0.12480202274647746,1.0234114967797474,64.91542729994823,0.15955631399317405,0.2696245733788396,1.2080191126279862,0.4585349276661873,0.9,27.11111111111111,0.0,20.0,False
env_odom_noise,0.11842105263157895,0.00010000000000000009,0.001838263351530691,0.1248020237018807,1.023920250839016,53.02468810323389,0.19283276450511946,0.3199658703071672,1.1244013651877134,0.4707820892333984,0.85,26.41176470588235,0.0,20.0,False
env_odom_noise,0.11842105263157895,0.00010000000000000009,0.003806358250624933,0.12480202345872285,1.0176827149365204,47.01641787408129,0.23089983022071306,0.3904923599320883,1.0158078098471988,0.48867943435907363,0.85,26.58823529411765,0.0,20.0,False
env_odom_noise,0.11842105263157895,0.00010000000000000009,0.00788154924594252,0.12434441031253214,1.0114601049828793,43.897904769030795,0.28726968174204354,0.4631490787269682,0.8867812395309882,0.5206918686628341,0.75,25.466666666666665,0.0,20.0,False
env_odom_noise,0.11842105263157895,0.00010000000000000009,0.01631975090784437,0.12388422656127525,1.0005487434752374,42.347730127982175,0.3580858085808581,0.5379537953795379,0.741160396039604,0.5572887264192105,0.7,25.142857142857142,0.0,20.0,False
env_odom_noise,0.11842105263157895,0.00010000000000000009,0.03379212149580846,0.12380225906483085,0.9929414457139126,41.94112292403519,0.43344155844155846,0.5762987012987013,0.6274597402597402,0.6848346561193466,0.7,25.857142857142858,0.0,20.0,False
env_odom_noise,0.11842105263157895,0.00010000000000000009,0.0699708887492028,0.12360833683328361,0.9636831238160288,40.97837582419063,0.50859375,0.59765625,0.53095,0.7924812965095043,0.55,24.454545454545453,0.0,20.0,False
env_odom_noise,0.11842105263157895,0.00010000000000000009,0.14488363132100487,0.12327248110298902,0.948591245740507,40.60364775683961,0.547040971168437,0.6107738998482549,0.4793851289833081,1.051236368715763,0.5,24.9,0.0,20.0,False
env_odom_noise,0.11842105263157895,0.00010000000000000009,0.3,0.12255800110984762,0.9392016558246731,40.23848028124558,0.5646359583952452,0.6129271916790491,0.45963684992570575,1.2801542222499847,0.5,26.3,0.0,20.0,False
env_odom_noise,0.11842105263157895,0.00021690521830457365,0.00010000000000000009,0.124995732117663,1.0243350761510235,148.92050562665847,0.1404109589041096,0.2208904109589041,1.2758986301369863,0.47108347341418266,0.9,27.0,0.0,20.0,False
env_odom_noise,0.11842105263157895,0.00021690521830457365,0.00020706272838739032,0.12499573210953888,1.024336965113242,95.24753900081542,0.1506849315068493,0.23715753424657535,1.2493575342465753,0.47133877500891685,0.9,27.0,0.0,20.0,False
env_odom_noise,0.11842105263157895,0.00021690521830457365,0.0004287497348723022,0.12499573158380625,1.0249382296460905,59.6802405246305,0.1620926243567753,0.2727272727272727,1.202380102915952,0.47078004851937294,0.9,26.944444444444443,0.0,20.0,False
env_odom_noise,0.11842105263157895,0.00021690521830457365,0.0008877808989802905,0.12480202276907082,1.0234257786730003,38.68218366023968,0.18088737201365188,0.30119453924914674,1.1551180887372015,0.4590597808361053,0.9,27.11111111111111,0.0,20.0,False
env_odom_noise,0.11842105263157895,0.00021690521830457365,0.001838263351530691,0.12480202375258434,1.0208784906021846,27.508622686269693,0.2120954003407155,0.3534923339011925,1.071612265758092,0.46108355522155764,0.85,26.470588235294116,0.0,20.0,False
env_odom_noise,0.11842105263157895,0.00021690521830457365,0.003806358250624933,0.12480202443756454,1.0177041077083444,21.882303755600297,0.25042444821731746,0.4219015280135823,0.9648740237691001,0.4893040768802166,0.85,26.58823529411765,0.0,20.0,False
env_odom_noise,0.11842105263157895,0.00021690521830457365,0.00788154924594252,0.12434441143029867,1.0114735456142165,19.059538642603098,0.3065326633165829,0.49246231155778897,0.8382050251256281,0.5211345374584198,0.75,25.466666666666665,0.0,20.0,False
env_odom_noise,0.11842105263157895,0.00021690521830457365,0.01631975090784437,0.12388422671891534,1.0005592185263357,17.756319744288714,0.37706270627062705,0.5668316831683168,0.6933056105610562,0.5576572313904762,0.7,25.142857142857142,0.0,20.0,False
env_odom_noise,0.11842105263157895,0.00021690521830457365,0.03379212149580846,0.1238022589480429,0.9929497651962176,17.372850863747466,0.45292207792207795,0.6055194805194806,0.5787584415584415,0.6851539358496666,0.7,25.857142857142858,0.0,20.0,False
env_odom_noise,0.11842105263157895,0.00021690521830457365,0.0699708887492028,0.12360833902397493,0.9636891539057086,16.950746386459272,0.528125,0.6265625,0.4825125,0.7927257314324379,0.55,24.454545454545453,0.0,20.0,False
env_odom_noise,0.11842105263157895,0.00021690521830457365,0.14488363132100487,0.1232724817360599,0.9485955940268892,16.885132598685864,0.5667678300455236,0.6396054628224582,0.4308267071320182,1.0513948410749436,0.5,24.9,0.0,20.0,False
env_odom_noise,0.11842105263157895,0.00021690521830457365,0.3,0.12255799840099052,0.939204183448668,16.872583230122427,0.5846953937592868,0.6419019316493314,0.4106026745913818,1.2802381083369254,0.5,26.3,0.0,20.0,False
env_odom_noise,0.11842105263157895,0.00047047873727754753,0.00010000000000000009,0.124995732117663,1.0243350761510235,99.51410046170746,0.175513698630137,0.2833904109589041,1.1782958904109588,0.47108347341418266,0.9,27.0,0.0,20.0,False
env_odom_noise,0.11842105263157895,0.00047047873727754753,0.00020706272838739032,0.12499573219812261,1.0243383728047077,67.41301273731085,0.1815068493150685,0.3039383561643836,1.151754794520548,0.47150236144661906,0.9,27.0,0.0,20.0,False
env_odom_noise,0.11842105263157895,0.00047047873727754753,0.0004287497348723022,0.12499573259842917,1.0249474205079754,42.27620400889219,0.19210977701543738,0.3293310463121784,1.115759176672384,0.4715851403772831,0.9,26.944444444444443,0.0,20.0,False
env_odom_noise,0.11842105263157895,0.00047047873727754753,0.0008877808989802905,0.12480202286092576,1.023455968559432,25.4151004946654,0.21075085324232082,0.3575085324232082,1.0689406143344709,0.4601773537695408,0.9,27.11111111111111,0.0,20.0,False
env_odom_noise,0.11842105263157895,0.00047047873727754753,0.001838263351530691,0.12480202286489697,1.0209153122748567,15.604825051346795,0.24190800681431004,0.4080068143100511,0.9872851788756388,0.46220340505242347,0.85,26.470588235294116,0.0,20.0,False
env_odom_noise,0.11842105263157895,0.00047047873727754753,0.003806358250624933,0.12480202385162736,1.0177500591428632,10.398558387075939,0.27843803056027167,0.47538200339558573,0.8833799660441426,0.4906476393342018,0.85,26.58823529411765,0.0,20.0,False
env_odom_noise,0.11842105263157895,0.00047047873727754753,0.00788154924594252,0.12434440896384039,1.0115024658752971,7.786551265150384,0.33500837520938026,0.5469011725293133,0.7552904522613064,0.5220908120274543,0.75,25.466666666666665,0.0,20.0,False
env_odom_noise,0.11842105263157895,0.00047047873727754753,0.01631975090784437,0.1238842276511035,1.0005817574697509,6.613819383668665,0.4034653465346535,0.6196369636963697,0.6140976897689768,0.5584550619125366,0.7,25.142857142857142,0.0,20.0,False
env_odom_noise,0.11842105263157895,0.00047047873727754753,0.03379212149580846,0.1238022598006398,0.9929677113415732,6.24483380820635,0.4788961038961039,0.6582792207792207,0.5000246753246753,0.6858460530638695,0.7,25.857142857142858,0.0,20.0,False
env_odom_noise,0.11842105263157895,0.00047047873727754753,0.0699708887492028,0.12360833859365435,0.9637021852473496,6.069028796837568,0.55390625,0.67890625,0.4043874999999999,0.7932552836835385,0.55,24.454545454545453,0.0,20.0,False
env_odom_noise,0.11842105263157895,0.00047047873727754753,0.14488363132100487,0.12327248364684226,0.9486048524325678,6.1447345350968705,0.5925644916540213,0.6911987860394537,0.353436722306525,1.0517387703061103,0.5,24.9,0.0,20.0,False
env_odom_noise,0.11842105263157895,0.00047047873727754753,0.3,0.12255800096793704,0.9392094550398592,6.293749019196987,0.6106983655274889,0.6946508172362555,0.33185081723625554,1.280420283973217,0.5,26.3,0.0,20.0,False
env_odom_noise,0.11842105263157895,0.001020492932168466,0.00010000000000000009,0.124995732117663,1.0243350371945792,59.619084366536214,0.2226027397260274,0.3758561643835616,1.038741095890411,0.471110225468874,0.9,27.0,0.0,20.0,False
env_odom_noise,0.11842105263157895,0.001020492932168466,0.00020706272838739032,0.12499573254077542,1.0243461561729157,44.076912653930265,0.22602739726027396,0.3852739726027397,1.0258986301369863,0.47226204350590706,0.9,27.0,0.0,20.0,False
env_odom_noise,0.11842105263157895,0.001020492932168466,0.0004287497348723022,0.12499573131921829,1.0249817681574518,29.229767090343472,0.23499142367066894,0.39708404802744424,1.0051245283018868,0.4737992502748966,0.9,26.944444444444443,0.0,20.0,False
env_odom_noise,0.11842105263157895,0.001020492932168466,0.0008877808989802905,0.12480202318886462,1.0235393048305998,17.45476908843885,0.25426621160409557,0.431740614334471,0.9511931740614334,0.45302030965685847,0.85,26.41176470588235,0.0,20.0,False
env_odom_noise,0.11842105263157895,0.001020492932168466,0.001838263351530691,0.12480202276049253,1.021027765685622,9.653115073099864,0.2879045996592845,0.47700170357751276,0.8722936967632027,0.4652316212654114,0.85,26.470588235294116,0.0,20.0,False
env_odom_noise,0.11842105263157895,0.001020492932168466,0.003806358250624933,0.1248020245651181,1.0173202046941565,5.116019224065915,0.3177966101694915,0.5415254237288135,0.777877966101695,0.5010655477643013,0.85,26.647058823529413,0.0,20.0,False
env_odom_noise,0.11842105263157895,0.001020492932168466,0.00788154924594252,0.1243444090343774,1.0115644821658785,2.745537337890155,0.3743718592964824,0.6113902847571189,0.6514378559463987,0.5241458989679814,0.75,25.466666666666665,0.0,20.0,False
env_odom_noise,0.11842105263157895,0.001020492932168466,0.01631975090784437,0.1238842253561543,1.0006303094146805,1.6672192425149672,0.4389438943894389,0.6831683168316832,0.5150877887788778,0.5601794295012951,0.7,25.142857142857142,0.0,20.0,False
env_odom_noise,0.11842105263157895,0.001020492932168466,0.03379212149580846,0.12380225907323579,0.9930065879083037,1.3126818344914475,0.515422077922078,0.7224025974025974,0.39937532467532466,0.6873440280556679,0.7,25.857142857142858,0.0,20.0,False
env_odom_noise,0.11842105263157895,0.001020492932168466,0.0699708887492028,0.12360833847059052,0.9637304719642493,1.248151656708273,0.58828125,0.7390625,0.30985625000000006,0.7944036461412907,0.55,24.454545454545453,0.0,20.0,False
env_odom_noise,0.11842105263157895,0.001020492932168466,0.14488363132100487,0.12327248157527457,0.9486250015720837,1.3878319119811966,0.6267071320182094,0.7503793626707133,0.26011350531107735,1.0524832993745803,0.5,24.9,0.0,20.0,False
env_odom_noise,0.11842105263157895,0.001020492932168466,0.3,0.12255800069868637,0.9392208658507887,1.6102559029006582,0.6456166419019317,0.7526002971768202,0.2389830609212481,1.2808144479990005,0.5,26.3,0.0,20.0,False
env_odom_noise,0.11842105263157895,0.0022135024223027535,0.00010000000000000009,0.12499573179279548,1.0243646441447298,31.435980973427377,0.2825342465753425,0.4863013698630137,0.8683643835616438,0.47333182469010354,0.9,27.0,0.0,20.0,False
env_odom_noise,0.11842105263157895,0.0022135024223027535,0.00020706272838739032,0.12499573195132334,1.02500362704343,25.393172530577623,0.29073756432247,0.49313893653516294,0.853323499142367,0.47302392348647115,0.9,26.944444444444443,0.0,20.0,False
env_odom_noise,0.11842105263157895,0.0022135024223027535,0.0004287497348723022,0.12474138488526319,1.0251781818287515,18.31892192696682,0.3030821917808219,0.5077054794520548,0.8264123287671232,0.4698844388127327,0.9,27.0,0.0,20.0,False
env_odom_noise,0.11842105263157895,0.0022135024223027535,0.0008877808989802905,0.1248020258706818,1.023795787103359,11.511443674934409,0.32337883959044367,0.537542662116041,0.7762784982935154,0.4600681483745575,0.85,26.41176470588235,0.0,20.0,False
env_odom_noise,0.11842105263157895,0.0022135024223027535,0.001838263351530691,0.12480202333534109,1.0212887292821724,6.136561497400086,0.33986371379897784,0.5826235093696763,0.7147127768313458,0.47217709198594093,0.85,26.470588235294116,0.0,20.0,False
env_odom_noise,0.11842105263157895,0.0022135024223027535,0.003806358250624933,0.1248020226964393,1.0175163446175934,2.5745053056056957,0.3711864406779661,0.6389830508474577,0.6270305084745762,0.5072271019220352,0.85,26.647058823529413,0.0,20.0,False
env_odom_noise,0.11842105263157895,0.0022135024223027535,0.00788154924594252,0.12434440969011698,1.0116952188080537,0.5391135682786252,0.42629815745393634,0.7035175879396985,0.5073842546063652,0.5285219952464104,0.75,25.466666666666665,0.0,20.0,False
env_odom_noise,0.11842105263157895,0.0022135024223027535,0.01631975090784437,0.1238842287370015,1.0007339630093741,-0.43139506252756704,0.4909240924092409,0.7722772277227723,0.3739986798679868,0.5638922020792961,0.7,25.142857142857142,0.0,20.0,False
env_odom_noise,0.11842105263157895,0.0022135024223027535,0.03379212149580846,0.12380225916246972,0.993090264257399,-0.7639701376484773,0.5657467532467533,0.8108766233766234,0.26057662337662335,0.690578505396843,0.7,25.857142857142858,0.0,20.0,False
env_odom_noise,0.11842105263157895,0.0022135024223027535,0.0699708887492028,0.12360833855425306,0.9626806123846298,-0.777616385443062,0.6388455538221529,0.828393135725429,0.16996131045241802,0.7895944267511368,0.55,24.545454545454547,0.0,20.0,False
env_odom_noise,0.11842105263157895,0.0022135024223027535,0.14488363132100487,0.1232724825576852,0.9486684448883316,-0.6100950106199703,0.6767830045523521,0.8399089529590288,0.12050804248861913,1.0540970750153065,0.5,24.9,0.0,20.0,False
env_odom_noise,0.11842105263157895,0.0022135024223027535,0.3,0.12255800051439898,0.939245623893002,-0.3550574530050092,0.6939078751857355,0.8424962852897474,0.12321158989598813,1.2816689670085908,0.5,26.3,0.0,20.0,False
env_odom_noise,0.11842105263157895,0.004801202261272809,0.00010000000000000009,0.12458212821033848,1.02521457634258,14.313882511077486,0.39625850340136054,0.6164965986394558,0.6244448979591837,0.4608005128800869,0.85,26.529411764705884,0.0,20.0,False
env_odom_noise,0.11842105263157895,0.004801202261272809,0.00020706272838739032,0.12458212627369838,1.0252863953348255,12.461081137794725,0.4013605442176871,0.6224489795918368,0.6133904761904762,0.46409290209412574,0.85,26.529411764705884,0.0,20.0,False
env_odom_noise,0.11842105263157895,0.004801202261272809,0.0004287497348723022,0.12458212511162606,1.025426475958556,9.802519096112405,0.40561224489795916,0.6352040816326531,0.5963836734693877,0.4705062977969646,0.85,26.529411764705884,0.0,20.0,False
env_odom_noise,0.11842105263157895,0.004801202261272809,0.0008877808989802905,0.1245821254194759,1.020681789564111,6.613672196201764,0.41694915254237286,0.6610169491525424,0.5592338983050847,0.4707228444516659,0.85,26.647058823529413,0.0,20.0,False
env_odom_noise,0.11842105263157895,0.004801202261272809,0.001838263351530691,0.12448078620857425,1.0211588154404898,3.547083588222295,0.4289340101522843,0.6928934010152284,0.5153725888324873,0.4732623197138309,0.8,25.9375,0.0,20.0,False
env_odom_noise,0.11842105263157895,0.004801202261272809,0.003806358250624933,0.12434439633622597,1.0176047859047124,1.1365474369610757,0.45714285714285713,0.7411764705882353,0.43888067226890753,0.4925780013203621,0.75,25.333333333333332,0.0,20.0,False
env_odom_noise,0.11842105263157895,0.004801202261272809,0.00788154924594252,0.12397520578535062,1.0132672893672845,-0.42453894197122716,0.5125,0.7983333333333333,0.3263666666666667,0.5363067612051964,0.75,25.666666666666668,0.0,20.0,False
env_odom_noise,0.11842105263157895,0.004801202261272809,0.01631975090784437,0.12383276435687963,1.0007827253763384,-1.2369258781747572,0.5704918032786885,0.8639344262295082,0.20277377049180323,0.5660062789916992,0.7,25.428571428571427,0.0,20.0,False
env_odom_noise,0.11842105263157895,0.004801202261272809,0.03379212149580846,0.12359728832809261,0.9861154739603033,-1.5341651246151944,0.6487138263665595,0.9011254019292605,0.08736077170418,0.6712180502712727,0.65,25.307692307692307,0.0,20.0,False
env_odom_noise,0.11842105263157895,0.004801202261272809,0.0699708887492028,0.12340872341294228,0.9625396073757302,-1.5188674387228258,0.7127329192546584,0.9161490683229814,0.06838385093167709,0.8070225276052951,0.55,24.818181818181817,0.0,20.0,False
env_odom_noise,0.11842105263157895,0.004801202261272809,0.14488363132100487,0.12307956425550645,0.9455735169064504,-1.340979037243433,0.7503770739064857,0.9276018099547512,0.09457526395173455,1.0683093830943107,0.5,25.3,0.0,20.0,False
env_odom_noise,0.11842105263157895,0.004801202261272809,0.3,0.12201948349355893,0.9350757971214056,-1.0657296707669293,0.7686676427525623,0.9297218155197657,0.11074582723279658,1.2601960644125938,0.45,26.0,0.0,20.0,False
env_odom_noise,0.11842105263157895,0.010414058246057912,0.00010000000000000009,0.12429522628557209,1.0235715091315827,5.406509188068381,0.5135135135135135,0.737331081081081,0.38635540540540547,0.5049638502299786,0.8,26.0,0.0,20.0,False
env_odom_noise,0.11842105263157895,0.010414058246057912,0.00020706272838739032,0.12429522651969187,1.0236243601449366,4.919482733781827,0.5135135135135135,0.7407094594594594,0.3829770270270271,0.5077761948108673,0.8,26.0,0.0,20.0,False
env_odom_noise,0.11842105263157895,0.010414058246057912,0.0004287497348723022,0.12429522446648787,1.02372999323914,4.1065989613156,0.5194256756756757,0.7466216216216216,0.37115270270270273,0.5134295046329498,0.8,26.0,0.0,20.0,False
env_odom_noise,0.11842105263157895,0.010414058246057912,0.0008877808989802905,0.12429522423044728,1.0239367243548145,2.934841825901118,0.5228040540540541,0.762668918918919,0.35172702702702696,0.5245541892945766,0.8,26.0,0.0,20.0,False
env_odom_noise,0.11842105263157895,0.010414058246057912,0.001838263351530691,0.12415995334896276,1.0221199256420557,1.5363787975192749,0.5428571428571428,0.7848739495798319,0.30946890756302525,0.5356059469282627,0.75,25.333333333333332,0.0,20.0,False
env_odom_noise,0.11842105263157895,0.010414058246057912,0.003806358250624933,0.1237933094480952,1.0176398575096335,0.17118787294584215,0.5701168614357263,0.8213689482470785,0.2457141903171952,0.5427281305193901,0.75,25.6,0.0,20.0,False
env_odom_noise,0.11842105263157895,0.010414058246057912,0.00788154924594252,0.12406059445936185,1.0149338825211442,-0.8479407390847501,0.6100993377483444,0.8783112582781457,0.14878940397350993,0.5733077593147755,0.65,23.923076923076923,0.0,20.0,False
env_odom_noise,0.11842105263157895,0.010414058246057912,0.01631975090784437,0.12354145196005624,0.9943133340498279,-1.4602723911423512,0.6672077922077922,0.9228896103896104,0.04710259740259737,0.5864719642326236,0.65,24.846153846153847,0.0,20.0,False
env_odom_noise,0.11842105263157895,0.010414058246057912,0.03379212149580846,0.12308159321890288,0.9847514554963442,-1.6936277756577194,0.7396496815286624,0.9593949044585988,0.06184458598726117,0.698407594114542,0.65,25.76923076923077,0.0,20.0,False
env_odom_noise,0.11842105263157895,0.010414058246057912,0.0699708887492028,0.1231046147847755,0.9587840371768154,-1.6627476873582279,0.8020030816640986,0.9722650231124808,0.13706810477657938,0.8480051435530186,0.55,25.272727272727273,0.0,20.0,False
env_odom_noise,0.11842105263157895,0.010414058246057912,0.14488363132100487,0.12265915432768777,0.9481418384681182,-1.4835083066074966,0.837593984962406,0.9804511278195489,0.18084511278195492,1.128100997954607,0.5,25.5,0.0,20.0,False
env_odom_noise,0.11842105263157895,0.010414058246057912,0.3,0.12193907499482463,0.934031055386493,-1.2012398130446176,0.8561046511627907,0.9811046511627907,0.20000930232558134,1.302320771664381,0.45,26.555555555555557,0.0,20.0,False
env_odom_noise,0.11842105263157895,0.02258863577297737,0.00010000000000000009,0.12427338488014932,1.0218636539393355,1.2637154326051312,0.6362126245847176,0.8172757475083057,0.1837116279069767,0.5753258600831032,0.65,23.76923076923077,0.0,20.0,False
env_odom_noise,0.11842105263157895,0.02258863577297737,0.00020706272838739032,0.12427338595122434,1.0218962334963944,1.1500626502286158,0.6362126245847176,0.8222591362126246,0.1787282392026578,0.5772964805364609,0.65,23.76923076923077,0.0,20.0,False
env_odom_noise,0.11842105263157895,0.02258863577297737,0.0004287497348723022,0.12427338374852819,1.0219629336117115,0.9411077080998561,0.6378737541528239,0.824750830564784,0.17457541528239207,0.581305917352438,0.65,23.76923076923077,0.0,20.0,False
env_odom_noise,0.11842105263157895,0.02258863577297737,0.0008877808989802905,0.12427338513847944,1.0199353524342152,0.5891913482823811,0.6442786069651741,0.8341625207296849,0.15875887230514096,0.5789632238447666,0.65,23.846153846153847,0.0,20.0,False
env_odom_noise,0.11842105263157895,0.02258863577297737,0.001838263351530691,0.1242733863674707,1.009945693041609,0.08258807173407225,0.6554276315789473,0.8445723684210527,0.1372,0.550108739733696,0.65,24.23076923076923,0.0,20.0,False
env_odom_noise,0.11842105263157895,0.02258863577297737,0.003806358250624933,0.12427338423130581,1.0079632675974455,-0.500063344604441,0.6754098360655738,0.8737704918032787,0.08801967213114748,0.5816159769892693,0.65,24.384615384615383,0.0,20.0,False
env_odom_noise,0.11842105263157895,0.02258863577297737,0.00788154924594252,0.12415951308490902,1.0087746177973345,-1.0391543222916957,0.707037643207856,0.9181669394435352,0.06067070376432082,0.639202056825161,0.65,24.46153846153846,0.0,20.0,False
env_odom_noise,0.11842105263157895,0.02258863577297737,0.01631975090784437,0.12363231504334543,0.9917990145804655,-1.4212159090301053,0.7604166666666666,0.9559294871794872,0.07914615384615387,0.6656264428049325,0.65,25.46153846153846,0.0,20.0,False
env_odom_noise,0.11842105263157895,0.02258863577297737,0.03379212149580846,0.12350135913165138,0.9820326086851098,-1.5717315056710879,0.8272870662460567,0.9794952681388013,0.16958233438485804,0.7642080403864384,0.55,23.90909090909091,0.0,20.0,False
env_odom_noise,0.11842105263157895,0.02258863577297737,0.0699708887492028,0.12331216882513935,0.9528213926627953,-1.5145470291681127,0.8824427480916031,0.9900763358778626,0.23531908396946566,0.933290047943592,0.5,24.5,0.0,20.0,False
env_odom_noise,0.11842105263157895,0.02258863577297737,0.14488363132100487,0.12272055193798213,0.9431496563918028,-1.3383750663032372,0.9174107142857143,0.9977678571428571,0.2779785714285714,1.2005183115601539,0.5,26.2,0.0,20.0,False
env_odom_noise,0.11842105263157895,0.02258863577297737,0.3,0.12208851650702311,0.9478112677670714,-1.0365476705068408,0.9341917024320457,0.9978540772532188,0.2948457796852646,1.4064310647547245,0.4,26.375,0.0,20.0,False
env_odom_noise,0.11842105263157895,0.04899592973540154,0.00010000000000000009,0.12396828810777878,1.0129243672820494,-0.3604304902100644,0.739413680781759,0.8794788273615635,0.13173485342019553,0.7104205444455147,0.6,23.5,0.0,20.0,False
env_odom_noise,0.11842105263157895,0.04899592973540154,0.00020706272838739032,0.12396828824401308,1.0129446351556728,-0.384099471360763,0.739413680781759,0.8802931596091205,0.13092052117263853,0.7121455520391464,0.6,23.5,0.0,20.0,False
env_odom_noise,0.11842105263157895,0.04899592973540154,0.0004287497348723022,0.12396828661357918,1.0113995661401347,-0.4303954957344556,0.7439024390243902,0.8845528455284553,0.13114959349593502,0.7062445417046547,0.6,23.583333333333332,0.0,20.0,False
env_odom_noise,0.11842105263157895,0.04899592973540154,0.0008877808989802905,0.12396828811035543,1.011485490798169,-0.5145695507760422,0.7463414634146341,0.8894308943089431,0.12871056910569112,0.7135551296174526,0.6,23.583333333333332,0.0,20.0,False
env_odom_noise,0.11842105263157895,0.04899592973540154,0.001838263351530691,0.12396828683572211,1.01166455718108,-0.6530089041366732,0.7536585365853659,0.9008130081300812,0.12464552845528465,0.7283407665789128,0.6,23.583333333333332,0.0,20.0,False
env_odom_noise,0.11842105263157895,0.04899592973540154,0.003806358250624933,0.12396829148474175,1.0099415343407525,-0.8476183704976589,0.7719155844155844,0.9212662337662337,0.1224493506493507,0.7477916523814201,0.6,23.666666666666668,0.0,20.0,False
env_odom_noise,0.11842105263157895,0.04899592973540154,0.00788154924594252,0.1238030177095119,0.9921983816952421,-1.0787863805915265,0.7971246006389776,0.9424920127795527,0.1264325878594249,0.7362125437706709,0.6,24.5,0.0,20.0,False
env_odom_noise,0.11842105263157895,0.04899592973540154,0.01631975090784437,0.12376040410046661,0.985486625827918,-1.2450086169937398,0.8296354992076069,0.9683042789223455,0.16073977812995244,0.8056986525654792,0.6,24.916666666666668,0.0,20.0,False
env_odom_noise,0.11842105263157895,0.04899592973540154,0.03379212149580846,0.12327836283134902,0.9734214600882954,-1.3155953614904132,0.8928571428571429,0.9836956521739131,0.239352795031056,0.8904719300568104,0.55,24.818181818181817,0.0,20.0,False
env_odom_noise,0.11842105263157895,0.04899592973540154,0.0699708887492028,0.1228292556901567,0.9538948720596919,-1.244699208336243,0.9358974358974359,0.9917043740573153,0.2904018099547512,1.0781671859323978,0.5,25.3,0.0,20.0,False
env_odom_noise,0.11842105263157895,0.04899592973540154,0.14488363132100487,0.12205216260770305,0.9383323702480546,-1.0541229707160116,0.967201166180758,0.9978134110787172,0.32781457725947527,1.3207460150122643,0.45,26.333333333333332,0.0,20.0,False
env_odom_noise,0.11842105263157895,0.04899592973540154,0.3,0.12199733505845123,0.9414130157066308,-0.7578091775670942,0.9809590973201693,0.9978843441466855,0.34164344146685477,1.5270730584859848,0.4,27.625,0.0,20.0,False
env_odom_noise,0.11842105263157895,0.10627472835292812,0.00010000000000000009,0.12400858136808578,0.9950563493942297,-0.7672652832423869,0.814873417721519,0.944620253164557,0.14205316455696204,0.9409853056073189,0.55,23.727272727272727,0.0,20.0,False
env_odom_noise,0.11842105263157895,0.10627472835292812,0.00020706272838739032,0.12400858103492629,0.9907098255296413,-0.7746674369559062,0.8146687697160884,0.945583596214511,0.14088517350157737,0.9308337613940239,0.55,23.90909090909091,0.0,20.0,False
env_odom_noise,0.11842105263157895,0.10627472835292812,0.0004287497348723022,0.12400858081982394,0.9907473482101381,-0.7824636342911913,0.8170347003154574,0.9463722397476341,0.1424624605678234,0.9338218398392201,0.55,23.90909090909091,0.0,20.0,False
env_odom_noise,0.11842105263157895,0.10627472835292812,0.0008877808989802905,0.12348303323589782,0.979796717664236,-0.8121373292575975,0.8183229813664596,0.9487577639751553,0.14136521739130437,0.8855242900550365,0.5,23.4,0.0,20.0,False
env_odom_noise,0.11842105263157895,0.10627472835292812,0.001838263351530691,0.12348303269852365,0.9799876206927006,-0.8383064225450823,0.8260869565217391,0.9541925465838509,0.1436944099378883,0.8972785990685225,0.5,23.4,0.0,20.0,False
env_odom_noise,0.11842105263157895,0.10627472835292812,0.003806358250624933,0.12326111785213933,0.9843048966832603,-0.8771577305793603,0.8328125,0.96328125,0.15889374999999994,0.943967954069376,0.55,24.454545454545453,0.0,20.0,False
env_odom_noise,0.11842105263157895,0.10627472835292812,0.00788154924594252,0.12336542752406429,0.9784439562377661,-0.9332081859983913,0.8540372670807453,0.9704968944099379,0.18733416149068327,0.9670927062630653,0.55,24.818181818181817,0.0,20.0,False
env_odom_noise,0.11842105263157895,0.10627472835292812,0.01631975090784437,0.12342646654661642,0.9717397473890018,-0.9758248160484585,0.88,0.9815384615384616,0.2243384615384616,1.0245137356221676,0.55,25.363636363636363,0.0,20.0,False
env_odom_noise,0.11842105263157895,0.10627472835292812,0.03379212149580846,0.12316409854060406,0.9582883383912284,-0.9696661929430005,0.9229607250755287,0.9886706948640483,0.2744314199395771,1.1220963463187217,0.55,26.454545454545453,0.0,20.0,False
env_odom_noise,0.11842105263157895,0.10627472835292812,0.0699708887492028,0.12218688826733003,0.9583996680499571,-0.8935563729163508,0.9562314540059347,0.9918397626112759,0.3108712166172106,1.334484612941742,0.5,26.4,0.0,20.0,False
env_odom_noise,0.11842105263157895,0.10627472835292812,0.14488363132100487,0.12171695830817583,0.9458055711597764,-0.6762893855459905,0.9787835926449788,0.9978783592644979,0.3394619519094767,1.5630350217223168,0.4,27.375,0.0,20.0,False
env_odom_noise,0.11842105263157895,0.10627472835292812,0.3,0.12211249164510586,0.9510205455944555,-0.44126272043417003,0.9909217877094972,0.9979050279329609,0.3516268156424581,1.731836174428463,0.35,27.0,0.0,20.0,False
env_odom_noise,0.11842105263157895,0.23051543153651136,0.00010000000000000009,0.12355347386989217,0.9576320638679316,-0.5932836566316116,0.8856502242152466,0.9850523168908819,0.23350254110612856,1.321616757288575,0.55,27.09090909090909,0.0,20.0,False
env_odom_noise,0.11842105263157895,0.23051543153651136,0.00020706272838739032,0.12355347053253868,0.9576525130545639,-0.5934734807055226,0.8856502242152466,0.9850523168908819,0.23350254110612856,1.3228855274617672,0.55,27.09090909090909,0.0,20.0,False
env_odom_noise,0.11842105263157895,0.23051543153651136,0.0004287497348723022,0.12355347166583022,0.9576953215705851,-0.593843333156987,0.8863976083707026,0.9850523168908819,0.2342499252615845,1.3255098149180413,0.55,27.09090909090909,0.0,20.0,False
env_odom_noise,0.11842105263157895,0.23051543153651136,0.0008877808989802905,0.12355347298908116,0.9577836980484097,-0.5945158765007182,0.8871449925261584,0.9850523168908819,0.23499730941704033,1.3309315629303455,0.55,27.09090909090909,0.0,20.0,False
env_odom_noise,0.11842105263157895,0.23051543153651136,0.001838263351530691,0.12355347393330196,0.9579662428295977,-0.595544103433854,0.8901345291479821,0.9850523168908819,0.237986846038864,1.3421033389866353,0.55,27.09090909090909,0.0,20.0,False
env_odom_noise,0.11842105263157895,0.23051543153651136,0.003806358250624933,0.12308607582558856,0.9561576175037361,-0.6000772718717785,0.8950892857142857,0.9866071428571429,0.24449642857142861,1.34144946038723,0.55,27.363636363636363,0.0,20.0,False
env_odom_noise,0.11842105263157895,0.23051543153651136,0.00788154924594252,0.1226233572935268,0.9527516372015056,-0.6034285098908991,0.9047267355982275,0.9881831610044313,0.25570989660265875,1.3503953851759434,0.55,27.818181818181817,0.0,20.0,False
env_odom_noise,0.11842105263157895,0.23051543153651136,0.01631975090784437,0.12250299365525934,0.9508289266131618,-0.5926967854863928,0.9243759177679882,0.9897209985315712,0.2768969162995595,1.4129093624651432,0.55,28.181818181818183,0.0,20.0,False
env_odom_noise,0.11842105263157895,0.23051543153651136,0.03379212149580846,0.12180866646675322,0.9388719573864261,-0.5555434550579983,0.943884892086331,0.9913669064748202,0.29805179856115116,1.4829847007989883,0.45,27.333333333333332,0.0,20.0,False
env_odom_noise,0.11842105263157895,0.23051543153651136,0.0699708887492028,0.1218522308099863,0.9448814810399854,-0.44183161855949504,0.965034965034965,0.9944055944055944,0.3222405594405594,1.7116390511393547,0.4,28.375,0.0,20.0,False
env_odom_noise,0.11842105263157895,0.23051543153651136,0.14488363132100487,0.12201037394187589,0.9457833623481604,-0.2882333284491047,0.984181568088033,0.9979367262723521,0.3449182943603851,1.892891888320446,0.35,28.571428571428573,0.0,20.0,False
env_odom_noise,0.11842105263157895,0.23051543153651136,0.3,0.12235000351233385,0.9496176769371482,-0.07038066193590087,0.9924965893587995,0.9979536152796725,0.353250204638472,2.042571747303009,0.35,29.428571428571427,0.0,20.0,False
env_odom_noise,0.11842105263157895,0.5,0.00010000000000000009,0.12205511453851906,0.9380789411583051,-0.13040300658292936,0.9456671251719395,0.9931224209078404,0.30158954607977995,2.0063965477049353,0.4,29.875,0.0,20.0,False
env_odom_noise,0.11842105263157895,0.5,0.00020706272838739032,0.1220551117618496,0.9380978418795,-0.130117992635318,0.9456671251719395,0.9931224209078404,0.30158954607977995,2.007443020492792,0.4,29.875,0.0,20.0,False
env_odom_noise,0.11842105263157895,0.5,0.0004287497348723022,0.12205511398708813,0.9381370077478622,-0.12952746601144297,0.9456671251719395,0.9931224209078404,0.30158954607977995,2.00960906483233,0.4,29.875,0.0,20.0,False
env_odom_noise,0.11842105263157895,0.5,0.0008877808989802905,0.12205511473263195,0.9364436436929414,-0.1289968072592334,0.9464285714285714,0.9931318681318682,0.30236043956043956,2.007403976470232,0.4,30.0,0.0,20.0,False
env_odom_noise,0.11842105263157895,0.5,0.001838263351530691,0.12198536646499201,0.9366116032499333,-0.1272195543672129,0.9465020576131687,0.9931412894375857,0.3024433470507545,2.010346081852913,0.4,30.125,0.0,20.0,False
env_odom_noise,0.11842105263157895,0.5,0.003806358250624933,0.12198536576107767,0.9478715990450359,-0.10500386143086472,0.9449728260869565,0.9911684782608695,0.29894130434782606,2.0625723868608477,0.35,29.857142857142858,0.0,20.0,False
env_odom_noise,0.11842105263157895,0.5,0.00788154924594252,0.12198536650861079,0.9447548177265662,-0.09673018432245352,0.9471544715447154,0.9925474254742548,0.30250189701897023,2.083002532273531,0.35,30.142857142857142,0.0,20.0,False
env_odom_noise,0.11842105263157895,0.5,0.01631975090784437,0.12186146722685039,0.9405975927059466,-0.08134582431361333,0.9564343163538874,0.9926273458445041,0.3118616621983915,2.1004511954262854,0.35,31.285714285714285,0.0,20.0,False
env_odom_noise,0.11842105263157895,0.5,0.03379212149580846,0.12254284172486819,0.9387340900537533,-0.043574534749147874,0.9675066312997348,0.9946949602122016,0.3250015915119364,2.197721754014492,0.35,32.42857142857143,0.0,20.0,False
env_odom_noise,0.11842105263157895,0.5,0.0699708887492028,0.12244228427403175,0.9416147871272951,0.035388163692639675,0.9782034346103038,0.9960369881109643,0.3370404227212681,2.3528849756345154,0.3,31.833333333333332,0.0,20.0,False
env_odom_noise,0.11842105263157895,0.5,0.14488363132100487,0.12257032139080425,0.9385144946169529,0.1632722191248611,0.9908376963350786,0.9980366492146597,0.3516743455497383,2.4614572033286093,0.3,33.0,0.0,20.0,False
env_odom_noise,0.11842105263157895,0.5,0.3,0.12257032174211908,0.9375206477511376,0.3557960330200129,0.9928198433420365,0.9986945169712794,0.354314360313316,2.5448567874729635,0.3,33.333333333333336,0.0,20.0,False
env_odom_noise,0.12631578947368421,0.00010000000000000009,0.00010000000000000009,0.12499573491603776,1.053779119547635,230.52648354000007,0.11815068493150685,0.17722602739726026,1.3418232876712328,0.48276358395814895,0.9,27.0,0.0,20.0,False
env_odom_noise,0.12631578947368421,0.00010000000000000009,0.00020706272838739032,0.1249957349128384,1.0537805178856605,145.0564359922571,0.1267123287671233,0.19606164383561644,1.31442602739726,0.4829565465450287,0.9,27.0,0.0,20.0,False
env_odom_noise,0.12631578947368421,0.00010000000000000009,0.0004287497348723022,0.12499573486604698,1.0538216434854102,95.08549610282076,0.13527397260273974,0.22773972602739725,1.274186301369863,0.48645781725645065,0.9,27.0,0.0,20.0,False
env_odom_noise,0.12631578947368421,0.00010000000000000009,0.0008877808989802905,0.12480202565492653,1.0523215679798812,68.0838506856047,0.15076660988074958,0.26405451448040884,1.2223788756388416,0.465104641020298,0.85,26.470588235294116,0.0,20.0,False
env_odom_noise,0.12631578947368421,0.00010000000000000009,0.001838263351530691,0.12480202626560037,1.047776032201186,54.360265567428556,0.18590831918505943,0.3081494057724958,1.143142275042445,0.47666254416108134,0.85,26.58823529411765,0.0,20.0,False
env_odom_noise,0.12631578947368421,0.00010000000000000009,0.003806358250624933,0.12480202431108992,1.0465927108973367,47.72222857757564,0.22372881355932203,0.3788135593220339,1.0346576271186438,0.5066540203988552,0.85,26.647058823529413,0.0,20.0,False
env_odom_noise,0.12631578947368421,0.00010000000000000009,0.00788154924594252,0.12434441114591115,1.0410042690470953,44.27561178022826,0.2747068676716918,0.45226130653266333,0.9102318257956448,0.530537961423397,0.75,25.466666666666665,0.0,20.0,False
env_odom_noise,0.12631578947368421,0.00010000000000000009,0.01631975090784437,0.12388422549099269,1.0301302509622106,42.5300697985021,0.3457095709570957,0.5264026402640264,0.7650877887788778,0.5666876673698426,0.7,25.142857142857142,0.0,20.0,False
env_odom_noise,0.12631578947368421,0.00010000000000000009,0.03379212149580846,0.12380226060316624,1.018616674028166,41.887860029816764,0.4190938511326861,0.5736245954692557,0.6444815533980581,0.678421501815319,0.7,26.0,0.0,20.0,False
env_odom_noise,0.12631578947368421,0.00010000000000000009,0.0699708887492028,0.12360834012918649,0.993324656715233,41.02146572285183,0.49765625,0.5953125,0.5442312499999999,0.7990572832524776,0.55,24.454545454545453,0.0,20.0,False
env_odom_noise,0.12631578947368421,0.00010000000000000009,0.14488363132100487,0.1232724822242798,0.9760673654043939,40.56303814345562,0.543939393939394,0.6068181818181818,0.48644242424242423,1.0551470391452313,0.5,25.0,0.0,20.0,False
env_odom_noise,0.12631578947368421,0.00010000000000000009,0.3,0.12220135218039797,0.9671675380228116,40.10956583270866,0.5606508875739645,0.6131656804733728,0.4633834319526626,1.2519824177026748,0.45,25.22222222222222,0.0,20.0,False
env_odom_noise,0.12631578947368421,0.00021690521830457365,0.00010000000000000009,0.12499573491603776,1.053779119547635,167.12580414589286,0.1386986301369863,0.21232876712328766,1.2861726027397262,0.48276358395814895,0.9,27.0,0.0,20.0,False
env_odom_noise,0.12631578947368421,0.00021690521830457365,0.00020706272838739032,0.12499573528552307,1.0537810991004692,106.10994649393642,0.14726027397260275,0.2303082191780822,1.2596315068493151,0.4829964593052864,0.9,27.0,0.0,20.0,False
env_odom_noise,0.12631578947368421,0.00021690521830457365,0.0004287497348723022,0.12499573351169925,1.0538254739351218,65.6356183297154,0.1541095890410959,0.2628424657534247,1.2202479452054795,0.4867898836731911,0.9,27.0,0.0,20.0,False
env_odom_noise,0.12631578947368421,0.00021690521830457365,0.0008877808989802905,0.1248020253982935,1.0523373488661096,41.75772222234895,0.1695059625212947,0.29557069846678025,1.1721233390119252,0.4656290948390961,0.85,26.470588235294116,0.0,20.0,False
env_odom_noise,0.12631578947368421,0.00021690521830457365,0.001838263351530691,0.12480202597557001,1.047794630808945,28.99322155863978,0.20543293718166383,0.3404074702886248,1.0913595925297115,0.47718332558870313,0.85,26.58823529411765,0.0,20.0,False
env_odom_noise,0.12631578947368421,0.00021690521830457365,0.003806358250624933,0.12480202481268801,1.0466155520242915,22.6221523358788,0.2423728813559322,0.40932203389830507,0.9855050847457627,0.5072868958115577,0.85,26.647058823529413,0.0,20.0,False
env_odom_noise,0.12631578947368421,0.00021690521830457365,0.00788154924594252,0.12434441113005357,1.0410186307186295,19.435218883191073,0.2948073701842546,0.4815745393634841,0.8608180904522613,0.5309780776500702,0.75,25.466666666666665,0.0,20.0,False
env_odom_noise,0.12631578947368421,0.00021690521830457365,0.01631975090784437,0.12388422839458516,1.0301414377886735,17.938185802380254,0.36468646864686466,0.5552805280528053,0.71723300330033,0.5670544296503067,0.7,25.142857142857142,0.0,20.0,False
env_odom_noise,0.12631578947368421,0.00021690521830457365,0.03379212149580846,0.12380225837023714,1.0186254553970118,17.398986167298247,0.4393203883495146,0.6027508090614887,0.5951288025889967,0.6787102811038495,0.7,26.0,0.0,20.0,False
env_odom_noise,0.12631578947368421,0.00021690521830457365,0.0699708887492028,0.12360833733245224,0.9933310800323315,16.993807169757805,0.5171875,0.62421875,0.4957937499999999,0.7993006378412246,0.55,24.454545454545453,0.0,20.0,False
env_odom_noise,0.12631578947368421,0.00021690521830457365,0.14488363132100487,0.12327248291036853,0.9760717932761362,16.880453865583608,0.5636363636363636,0.6356060606060606,0.43795757575757577,1.0553029231727122,0.5,25.0,0.0,20.0,False
env_odom_noise,0.12631578947368421,0.00021690521830457365,0.3,0.12220135252833514,0.9671699999817825,16.813612192926925,0.5813609467455622,0.6420118343195266,0.41382721893491126,1.2520664237439632,0.45,25.22222222222222,0.0,20.0,False
env_odom_noise,0.12631578947368421,0.00047047873727754753,0.00010000000000000009,0.12499573491603776,1.053779119547635,112.56755659229682,0.1720890410958904,0.2782534246575342,1.1868575342465753,0.48276358395814895,0.9,27.0,0.0,20.0,False
env_odom_noise,0.12631578947368421,0.00047047873727754753,0.00020706272838739032,0.12499573485772425,1.0537825783028967,76.0600207815812,0.1780821917808219,0.2945205479452055,1.1645972602739727,0.4831498235464096,0.9,27.0,0.0,20.0,False
env_odom_noise,0.12631578947368421,0.00047047873727754753,0.0004287497348723022,0.12499573490232065,1.0538359197386966,47.458149007776534,0.18493150684931506,0.3261986301369863,1.1260698630136987,0.4876124396920204,0.9,27.0,0.0,20.0,False
env_odom_noise,0.12631578947368421,0.00047047873727754753,0.0008877808989802905,0.1248020264328777,1.052370512626142,28.264485583425838,0.2018739352640545,0.35178875638841567,1.08353730834753,0.4667473673820496,0.85,26.470588235294116,0.0,20.0,False
env_odom_noise,0.12631578947368421,0.00047047873727754753,0.001838263351530691,0.1248020264337845,1.0478341432692475,17.060931194340785,0.23429541595925296,0.39558573853989815,1.007318845500849,0.47829930707812307,0.85,26.58823529411765,0.0,20.0,False
env_odom_noise,0.12631578947368421,0.00047047873727754753,0.003806358250624933,0.12480202410388616,1.0466643227979269,11.14024828356472,0.27033898305084747,0.4635593220338983,0.9033016949152541,0.5086475342512131,0.85,26.647058823529413,0.0,20.0,False
env_odom_noise,0.12631578947368421,0.00047047873727754753,0.00788154924594252,0.12434441045050712,1.0410501101806864,8.157955162692357,0.3224455611390285,0.5368509212730318,0.7779035175879396,0.5319285467267036,0.75,25.466666666666665,0.0,20.0,False
env_odom_noise,0.12631578947368421,0.00047047873727754753,0.01631975090784437,0.12388422609046282,1.0301656880575336,6.794667578668567,0.3919141914191419,0.6089108910891089,0.6363749174917492,0.5678483054041863,0.7,25.142857142857142,0.0,20.0,False
env_odom_noise,0.12631578947368421,0.00047047873727754753,0.03379212149580846,0.12380225859579985,1.0186444310098721,6.306745919198798,0.46601941747572817,0.6553398058252428,0.5158407766990291,0.6793373554944993,0.7,26.0,0.0,20.0,False
env_odom_noise,0.12631578947368421,0.00047047873727754753,0.0699708887492028,0.12360833815529093,0.9933452028467149,6.112033345812218,0.54296875,0.6765625,0.41766875000000003,0.7998285226523876,0.55,24.454545454545453,0.0,20.0,False
env_odom_noise,0.12631578947368421,0.00047047873727754753,0.14488363132100487,0.1232724832776712,0.9760815304385694,6.156316053679021,0.5893939393939394,0.6871212121212121,0.3606848484848485,1.055641797184944,0.5,25.0,0.0,20.0,False
env_odom_noise,0.12631578947368421,0.00047047873727754753,0.3,0.12220135280223157,0.9671756166144879,6.267396624200705,0.6079881656804734,0.6945266272189349,0.3346852071005917,1.2522483080625535,0.45,25.22222222222222,0.0,20.0,False
env_odom_noise,0.12631578947368421,0.001020492932168466,0.00010000000000000009,0.12499573491603776,1.0537790776886202,67.91580646642215,0.2166095890410959,0.3681506849315068,1.0524397260273972,0.4827878400683403,0.9,27.0,0.0,20.0,False
env_odom_noise,0.12631578947368421,0.001020492932168466,0.00020706272838739032,0.1249957346286656,1.0537909104354213,50.23305381638871,0.2208904109589041,0.3801369863013699,1.036172602739726,0.48387991935014724,0.9,27.0,0.0,20.0,False
env_odom_noise,0.12631578947368421,0.001020492932168466,0.0004287497348723022,0.12499573361912614,1.0538743099129488,33.34643099232127,0.2285958904109589,0.3938356164383562,1.0147684931506848,0.48987387120723724,0.9,27.0,0.0,20.0,False
env_odom_noise,0.12631578947368421,0.001020492932168466,0.0008877808989802905,0.1248020264804405,1.0524616548566543,19.922958846947665,0.2453151618398637,0.42163543441226575,0.9702494037478705,0.469485305249691,0.85,26.470588235294116,0.0,20.0,False
env_odom_noise,0.12631578947368421,0.001020492932168466,0.001838263351530691,0.12480202566849916,1.0479545067210956,11.005793306132315,0.2775891341256367,0.46519524617996605,0.8944156196943973,0.48131742104887965,0.85,26.58823529411765,0.0,20.0,False
env_odom_noise,0.12631578947368421,0.001020492932168466,0.003806358250624933,0.12480202503243756,1.0467672842392444,5.836870289236513,0.3101694915254237,0.535593220338983,0.7914372881355932,0.5115497790277004,0.85,26.647058823529413,0.0,20.0,False
env_odom_noise,0.12631578947368421,0.001020492932168466,0.00788154924594252,0.1243444087804417,1.0411173359207961,3.108158278781354,0.36180904522613067,0.6030150753768844,0.672375879396985,0.5339714325964451,0.75,25.466666666666665,0.0,20.0,False
env_odom_noise,0.12631578947368421,0.001020492932168466,0.01631975090784437,0.12388422832257187,1.028101792289,1.8400458417574612,0.42915980230642503,0.6746293245469522,0.5334108731466227,0.559442301094532,0.7,25.214285714285715,0.0,20.0,False
env_odom_noise,0.12631578947368421,0.001020492932168466,0.03379212149580846,0.12380225787029198,1.0186854474762637,1.3900502186110766,0.5032362459546925,0.7176375404530745,0.416326213592233,0.6806959867477417,0.7,26.0,0.0,20.0,False
env_odom_noise,0.12631578947368421,0.001020492932168466,0.0699708887492028,0.12360833890929288,0.9933754633859861,1.2910339443797763,0.57734375,0.73671875,0.32313749999999997,0.8009723342955113,0.55,24.454545454545453,0.0,20.0,False
env_odom_noise,0.12631578947368421,0.001020492932168466,0.14488363132100487,0.12327248257832138,0.9761025524370059,1.406593346717283,0.6234848484848485,0.7462121212121212,0.26750303030303024,1.0563756763935088,0.5,25.0,0.0,20.0,False
env_odom_noise,0.12631578947368421,0.001020492932168466,0.3,0.1222013515323968,0.96718778475982,1.5993126275519973,0.6427514792899408,0.7529585798816568,0.24148994082840236,1.2526433162391186,0.45,25.22222222222222,0.0,20.0,False
env_odom_noise,0.12631578947368421,0.0022135024223027535,0.00010000000000000009,0.12499573474129579,1.0538108306742433,36.15202260403894,0.2782534246575342,0.4811643835616438,0.877782191780822,0.48493861556053164,0.9,27.0,0.0,20.0,False
env_odom_noise,0.12631578947368421,0.0022135024223027535,0.00020706272838739032,0.12499573494155737,1.0538982872928373,29.32919569762054,0.2833904109589041,0.4905821917808219,0.863227397260274,0.4890848517417908,0.9,27.0,0.0,20.0,False
env_odom_noise,0.12631578947368421,0.0022135024223027535,0.0004287497348723022,0.12480202344105368,1.052385170094673,21.186436900297856,0.2921635434412266,0.5008517887563884,0.844184667802385,0.4636335909366608,0.85,26.470588235294116,0.0,20.0,False
env_odom_noise,0.12631578947368421,0.0022135024223027535,0.0008877808989802905,0.12480202587495551,1.0527406911977513,13.46174064870295,0.313458262350937,0.5298126064735945,0.7939291311754685,0.4767050832509995,0.85,26.470588235294116,0.0,20.0,False
env_odom_noise,0.12631578947368421,0.0022135024223027535,0.001838263351530691,0.12480202508156198,1.0482337940373776,7.306778351932411,0.3378607809847199,0.567062818336163,0.7322764006791171,0.4882408656179905,0.85,26.58823529411765,0.0,20.0,False
env_odom_noise,0.12631578947368421,0.0022135024223027535,0.003806358250624933,0.12466306240357218,1.0439834470050235,3.2094962083105227,0.3657094594594595,0.6300675675675675,0.641422972972973,0.4963294893503189,0.85,26.764705882352942,0.0,20.0,False
env_odom_noise,0.12631578947368421,0.0022135024223027535,0.00788154924594252,0.12418781031523343,1.041258667151035,0.8753315143720629,0.41638795986622074,0.6939799331103679,0.5268321070234114,0.526509690284729,0.75,25.533333333333335,0.0,20.0,False
env_odom_noise,0.12631578947368421,0.0022135024223027535,0.01631975090784437,0.12404218732779546,1.0282149797090148,-0.2584184076206546,0.48273026315789475,0.7631578947368421,0.3913118421052631,0.5529481127858162,0.7,25.285714285714285,0.0,20.0,False
env_odom_noise,0.12631578947368421,0.0022135024223027535,0.03379212149580846,0.12380226204183734,1.0187741513365296,-0.6809450967156729,0.5550161812297735,0.8066343042071198,0.2755495145631067,0.6775424525141716,0.65,25.0,0.0,20.0,False
env_odom_noise,0.12631578947368421,0.0022135024223027535,0.0699708887492028,0.1236083386943921,0.9934411272943903,-0.73549621999728,0.62734375,0.82421875,0.1856375,0.8034472860395908,0.55,24.454545454545453,0.0,20.0,False
env_odom_noise,0.12631578947368421,0.0022135024223027535,0.14488363132100487,0.12327248107158538,0.9738806596480847,-0.5892602754372656,0.6724659606656581,0.8358547655068078,0.12887927382753406,1.0505835920572282,0.5,25.1,0.0,20.0,False
env_odom_noise,0.12631578947368421,0.0022135024223027535,0.3,0.12220135155774407,0.9672142488651437,-0.3585322949241645,0.6908284023668639,0.8431952662721893,0.11943313609467465,1.2534992486238479,0.45,25.22222222222222,0.0,20.0,False
env_odom_noise,0.12631578947368421,0.004801202261272809,0.00010000000000000009,0.12458212887996006,1.0522846023060966,16.824851257978416,0.3906779661016949,0.6093220338983051,0.6372,0.47646491825580595,0.85,26.647058823529413,0.0,20.0,False
env_odom_noise,0.12631578947368421,0.004801202261272809,0.00020706272838739032,0.12458212837040346,1.049234379278675,14.65902399204079,0.39086294416243655,0.6150592216582065,0.631277834179357,0.4698638044297695,0.85,26.705882352941178,0.0,20.0,False
env_odom_noise,0.12631578947368421,0.004801202261272809,0.0004287497348723022,0.12458212544623364,1.0493905732603264,11.610720960573506,0.3976311336717428,0.6235194585448393,0.616049407783418,0.4761214219033718,0.85,26.705882352941178,0.0,20.0,False
env_odom_noise,0.12631578947368421,0.004801202261272809,0.0008877808989802905,0.12458212540927742,1.0496818900080784,7.990484677889414,0.4086294416243655,0.6480541455160744,0.5805164128595601,0.4880237139761448,0.85,26.705882352941178,0.0,20.0,False
env_odom_noise,0.12631578947368421,0.004801202261272809,0.001838263351530691,0.12448078733118845,1.0501866428488726,4.473786432659635,0.4248310810810811,0.6841216216216216,0.5282472972972974,0.491174241900444,0.8,26.0,0.0,20.0,False
env_odom_noise,0.12631578947368421,0.004801202261272809,0.003806358250624933,0.12434439559892783,1.044227800506361,1.6908835136871287,0.4563758389261745,0.7298657718120806,0.4509583892617449,0.49161825850605967,0.75,25.4,0.0,20.0,False
env_odom_noise,0.12631578947368421,0.004801202261272809,0.00788154924594252,0.12397520744234615,1.042948621369502,-0.1093735510210314,0.5033333333333333,0.7883333333333333,0.34553333333333336,0.5459591895341873,0.75,25.666666666666668,0.0,20.0,False
env_odom_noise,0.12631578947368421,0.004801202261272809,0.01631975090784437,0.1237200096757457,1.027335314014514,-1.0797761004508786,0.5629084967320261,0.8545751633986928,0.21971633986928107,0.5638803899288177,0.7,25.571428571428573,0.0,20.0,False
env_odom_noise,0.12631578947368421,0.004801202261272809,0.03379212149580846,0.12359728796264327,1.015824762046775,-1.45011275294388,0.6342443729903537,0.8954983922829582,0.107457234726688,0.6792697213590145,0.65,25.307692307692307,0.0,20.0,False
env_odom_noise,0.12631578947368421,0.004801202261272809,0.0699708887492028,0.12327583634418654,0.992315041422936,-1.4816074682654214,0.7023255813953488,0.9124031007751938,0.06172248062015506,0.8064096920192242,0.55,24.90909090909091,0.0,20.0,False
env_odom_noise,0.12631578947368421,0.004801202261272809,0.14488363132100487,0.12307956250594455,0.9754500665208956,-1.3203238612407346,0.7458521870286576,0.9230769230769231,0.09457526395173455,1.074072113633156,0.5,25.3,0.0,20.0,False
env_odom_noise,0.12631578947368421,0.004801202261272809,0.3,0.12201948458276234,0.9657072260139566,-1.0555988989876177,0.7657393850658858,0.9297218155197657,0.1078175695461201,1.266149787604809,0.45,26.0,0.0,20.0,False
env_odom_noise,0.12631578947368421,0.010414058246057912,0.00010000000000000009,0.12429522653488562,1.0527825337325756,6.658453432000994,0.5092748735244519,0.7259696458684655,0.40195548060708264,0.522787606716156,0.8,26.0625,0.0,20.0,False
env_odom_noise,0.12631578947368421,0.010414058246057912,0.00020706272838739032,0.12429522510869291,1.0528378462583377,6.094575154847481,0.5109612141652614,0.7293423271500843,0.3968964586846543,0.525643527507782,0.8,26.0625,0.0,20.0,False
env_odom_noise,0.12631578947368421,0.010414058246057912,0.0004287497348723022,0.12429522520646291,1.052948475393918,5.155286166008468,0.5143338954468802,0.7386172006745363,0.38424890387858346,0.5313771009445191,0.8,26.0625,0.0,20.0,False
env_odom_noise,0.12631578947368421,0.010414058246057912,0.0008877808989802905,0.12415995301189763,1.048546823101822,3.7809442390791625,0.5201342281879194,0.75,0.36706577181208055,0.5161571577191353,0.75,25.4,0.0,20.0,False
env_odom_noise,0.12631578947368421,0.010414058246057912,0.001838263351530691,0.12415995382481156,1.048908124057959,2.174894788580745,0.5335570469798657,0.7751677852348994,0.3284751677852349,0.5346942506730556,0.75,25.4,0.0,20.0,False
env_odom_noise,0.12631578947368421,0.010414058246057912,0.003806358250624933,0.12379330671533123,1.0466076812181402,0.6113815577921525,0.56,0.81,0.2671999999999999,0.5618964344263077,0.75,25.666666666666668,0.0,20.0,False
env_odom_noise,0.12631578947368421,0.010414058246057912,0.00788154924594252,0.12406059385482573,1.0419192961139598,-0.5835785141424848,0.5991735537190083,0.8603305785123967,0.17769586776859503,0.57192847058177,0.65,24.0,0.0,20.0,False
env_odom_noise,0.12631578947368421,0.010414058246057912,0.01631975090784437,0.12318254832408412,1.0288325639522966,-1.3155663864775426,0.6566558441558441,0.9188311688311688,0.06171298701298711,0.6187936384230852,0.65,24.846153846153847,0.0,20.0,False
env_odom_noise,0.12631578947368421,0.010414058246057912,0.03379212149580846,0.12308159456543415,1.0141515776507328,-1.614061510874253,0.7253184713375797,0.9546178343949044,0.0427363057324841,0.7205219157040119,0.65,25.76923076923077,0.0,20.0,False
env_odom_noise,0.12631578947368421,0.010414058246057912,0.0699708887492028,0.12310461618643743,0.9865919033124235,-1.6215984223145243,0.79,0.9669230769230769,0.11972307692307693,0.8460625506937504,0.55,25.363636363636363,0.0,20.0,False
env_odom_noise,0.12631578947368421,0.010414058246057912,0.14488363132100487,0.12265915244815352,0.9759716474555111,-1.4625324629959149,0.8333333333333334,0.975975975975976,0.17210930930930934,1.1248834893107413,0.5,25.6,0.0,20.0,False
env_odom_noise,0.12631578947368421,0.010414058246057912,0.3,0.121939074631995,0.9788040402334724,-1.1610550222894929,0.8537463976945245,0.9812680115273775,0.19781440922190208,1.3355802424252032,0.4,25.75,0.0,20.0,False
env_odom_noise,0.12631578947368421,0.02258863577297737,0.00010000000000000009,0.12427338375897473,1.0519042079022218,1.847821289687798,0.6287375415282392,0.8006644518272426,0.2077980066445182,0.5860595993697644,0.65,23.76923076923077,0.0,20.0,False
env_odom_noise,0.12631578947368421,0.02258863577297737,0.00020706272838739032,0.12427338408611004,1.0508675169233965,1.7253585342649518,0.6293532338308457,0.8043117744610282,0.20353499170812606,0.5850745424628258,0.65,23.846153846153847,0.0,20.0,False
env_odom_noise,0.12631578947368421,0.02258863577297737,0.0004287497348723022,0.12427338435878658,1.0509393076033025,1.483782127013735,0.6310116086235489,0.8109452736318408,0.19524311774461034,0.5889292411506176,0.65,23.846153846153847,0.0,20.0,False
env_odom_noise,0.12631578947368421,0.02258863577297737,0.0008877808989802905,0.12427338646751095,1.0459542477221062,1.0691497020443974,0.6347107438016529,0.8198347107438017,0.1826545454545454,0.57533700466156,0.65,24.0,0.0,20.0,False
env_odom_noise,0.12631578947368421,0.02258863577297737,0.001838263351530691,0.12427338583495234,1.0454627428821517,0.49520505089770706,0.6427392739273927,0.834983498349835,0.15947722772277229,0.6008119523525238,0.65,24.076923076923077,0.0,20.0,False
env_odom_noise,0.12631578947368421,0.02258863577297737,0.003806358250624933,0.12427338325947314,1.0394136278602866,-0.19509579897589147,0.6691297208538588,0.8620689655172413,0.10600131362889986,0.602263766527176,0.65,24.307692307692307,0.0,20.0,False
env_odom_noise,0.12631578947368421,0.02258863577297737,0.00788154924594252,0.12415951542621119,1.0368297425050228,-0.8302789835546657,0.6977124183006536,0.9052287581699346,0.06428366013071896,0.6385442733764648,0.65,24.53846153846154,0.0,20.0,False
env_odom_noise,0.12631578947368421,0.02258863577297737,0.01631975090784437,0.12363231284857845,1.0201303504532466,-1.2920255786677315,0.7416,0.948,0.06540000000000012,0.6812599033117295,0.65,25.53846153846154,0.0,20.0,False
env_odom_noise,0.12631578947368421,0.02258863577297737,0.03379212149580846,0.12334025124930963,1.0104283244499683,-1.5010104509891629,0.8073899371069182,0.97562893081761,0.14581886792452825,0.766524650901556,0.55,24.09090909090909,0.0,20.0,False
env_odom_noise,0.12631578947368421,0.02258863577297737,0.0699708887492028,0.12324505563107375,0.9827691193100291,-1.481515771025415,0.8721461187214612,0.989345509893455,0.22429162861491625,0.9251106560230256,0.5,24.7,0.0,20.0,False
env_odom_noise,0.12631578947368421,0.02258863577297737,0.14488363132100487,0.12272055186825975,0.9733659581059267,-1.318301274776206,0.9129464285714286,0.9933035714285714,0.26905,1.20607246235013,0.5,26.2,0.0,20.0,False
env_odom_noise,0.12631578947368421,0.02258863577297737,0.3,0.12208851581148246,0.9817567679856494,-1.029286543753403,0.9305157593123209,0.9978510028653295,0.29116676217765036,1.4164309285581111,0.4,26.25,0.0,20.0,False
env_odom_noise,0.12631578947368421,0.04899592973540154,0.00010000000000000009,0.12396828686392053,1.0416212493555612,-0.0816003802985518,0.732520325203252,0.8642276422764228,0.1400926829268293,0.7256788879632949,0.6,23.583333333333332,0.0,20.0,False
env_odom_noise,0.12631578947368421,0.04899592973540154,0.00020706272838739032,0.12396828844651839,1.04164313770805,-0.1092422557794385,0.732520325203252,0.8642276422764228,0.1400926829268293,0.7273366749286652,0.6,23.583333333333332,0.0,20.0,False
env_odom_noise,0.12631578947368421,0.04899592973540154,0.0004287497348723022,0.123968291461846,1.039543882952686,-0.16553454091488934,0.7329545454545454,0.8660714285714286,0.13868311688311685,0.7203705221414566,0.6,23.666666666666668,0.0,20.0,False
env_odom_noise,0.12631578947368421,0.04899592973540154,0.0008877808989802905,0.12396828894964611,1.0380808902797067,-0.26429424654294764,0.7358184764991896,0.8727714748784441,0.1348470016207456,0.7181272737681865,0.6,23.75,0.0,20.0,False
env_odom_noise,0.12631578947368421,0.04899592973540154,0.001838263351530691,0.123968286897459,1.035738004672346,-0.43014305296255734,0.7427184466019418,0.8883495145631068,0.12616893203883495,0.72386384755373,0.6,23.833333333333332,0.0,20.0,False
env_odom_noise,0.12631578947368421,0.04899592973540154,0.003806358250624933,0.12420404842581309,1.0361563523873265,-0.6614798074897891,0.7592891760904685,0.9054927302100162,0.12559644588045238,0.7417860064655543,0.6,23.916666666666668,0.0,20.0,False
env_odom_noise,0.12631578947368421,0.04899592973540154,0.00788154924594252,0.12380302003806583,1.0226760042532295,-0.9320707928124409,0.7859424920127795,0.9376996805111821,0.12004281150159746,0.7457420334219933,0.6,24.5,0.0,20.0,False
env_odom_noise,0.12631578947368421,0.04899592973540154,0.01631975090784437,0.12376040413850768,1.0159366896462234,-1.1438865047870876,0.8185419968304279,0.9587955625990491,0.14013755942947703,0.814622025936842,0.6,24.916666666666668,0.0,20.0,False
env_odom_noise,0.12631578947368421,0.04899592973540154,0.03379212149580846,0.1232783659593272,0.9976422992509087,-1.2519762659932816,0.8757716049382716,0.9807098765432098,0.2192814814814814,0.8773484632372857,0.55,25.181818181818183,0.0,20.0,False
env_odom_noise,0.12631578947368421,0.04899592973540154,0.0699708887492028,0.12282925306712505,0.9817764465693738,-1.2080328698501495,0.9299698795180723,0.990210843373494,0.2829807228915663,1.082797608524561,0.5,25.4,0.0,20.0,False
env_odom_noise,0.12631578947368421,0.04899592973540154,0.14488363132100487,0.12205216134372882,0.982216960936487,-1.008288931271357,0.961038961038961,0.9942279942279942,0.3180669552669553,1.3513357222080231,0.4,25.625,0.0,20.0,False
env_odom_noise,0.12631578947368421,0.04899592973540154,0.3,0.12199733270862195,0.9741959649737862,-0.7477927156220759,0.9781382228490832,0.9978843441466855,0.33882256699576874,1.5337545722723007,0.4,27.625,0.0,20.0,False
env_odom_noise,0.12631578947368421,0.10627472835292812,0.00010000000000000009,0.12387506576096546,1.0220092695853225,-0.6407663394412374,0.8032915360501567,0.9341692789968652,0.14092225705329153,0.9328470136970282,0.5,22.8,0.0,20.0,False
env_odom_noise,0.12631578947368421,0.10627472835292812,0.00020706272838739032,0.12387506216273919,1.0220290107108527,-0.6455750553689346,0.8040752351097179,0.9341692789968652,0.14170595611285275,0.9341192096471786,0.5,22.8,0.0,20.0,False
env_odom_noise,0.12631578947368421,0.10627472835292812,0.0004287497348723022,0.12387506369185422,1.0220702016705283,-0.6551810321222049,0.8040752351097179,0.9341692789968652,0.14170595611285275,0.9367457747459411,0.5,22.8,0.0,20.0,False
env_odom_noise,0.12631578947368421,0.10627472835292812,0.0008877808989802905,0.12387506254608023,1.0221549538552845,-0.6736894639086976,0.8056426332288401,0.9380877742946708,0.13935485893416932,0.9422155182808638,0.5,22.8,0.0,20.0,False
env_odom_noise,0.12631578947368421,0.10627472835292812,0.001838263351530691,0.12348303369801483,1.0108490053539887,-0.7185322119923123,0.8113354037267081,0.9440993788819876,0.13903602484472055,0.9063360955566168,0.5,23.4,0.0,20.0,False
env_odom_noise,0.12631578947368421,0.10627472835292812,0.003806358250624933,0.12326112049755297,1.0152555660630733,-0.7684395897783955,0.82265625,0.9546875,0.14014375,0.9534588374197484,0.55,24.454545454545453,0.0,20.0,False
env_odom_noise,0.12631578947368421,0.10627472835292812,0.00788154924594252,0.12336542727230496,1.0092614150406027,-0.8416879146375071,0.8369565217391305,0.9658385093167702,0.16559503105590068,0.9763408027589321,0.55,24.818181818181817,0.0,20.0,False
env_odom_noise,0.12631578947368421,0.10627472835292812,0.01631975090784437,0.12342646643594118,1.0024895042994764,-0.9055582933759514,0.8684615384615385,0.9784615384615385,0.209723076923077,1.0325252160429954,0.55,25.363636363636363,0.0,20.0,False
env_odom_noise,0.12631578947368421,0.10627472835292812,0.03379212149580846,0.12316409741082943,0.988967093467853,-0.9208995533266313,0.9116314199395771,0.9871601208459214,0.2615915407854985,1.1298327550292016,0.55,26.454545454545453,0.0,20.0,False
env_odom_noise,0.12631578947368421,0.10627472835292812,0.0699708887492028,0.12218688883463233,0.9871220372709593,-0.8641347407111923,0.9503703703703704,0.9918518518518519,0.3050222222222223,1.331348578631878,0.5,26.5,0.0,20.0,False
env_odom_noise,0.12631578947368421,0.10627472835292812,0.14488363132100487,0.12171695713381855,0.9788318069861899,-0.6583695055005709,0.9752475247524752,0.9964639321074965,0.33451145685997175,1.5698593199253081,0.4,27.375,0.0,20.0,False
env_odom_noise,0.12631578947368421,0.10627472835292812,0.3,0.12211249060516767,0.9844590871543236,-0.4315888996435403,0.9909217877094972,0.9979050279329609,0.3516268156424581,1.7380066722631455,0.35,27.0,0.0,20.0,False
env_odom_noise,0.12631578947368421,0.23051543153651136,0.00010000000000000009,0.12333976819699398,0.9847399621909952,-0.5334071871733337,0.8742559523809523,0.9806547619047619,0.2177107142857142,1.3074637375772,0.55,27.363636363636363,0.0,20.0,False
env_odom_noise,0.12631578947368421,0.23051543153651136,0.00020706272838739032,0.12333977066638152,0.9847614385502867,-0.5337875592947185,0.8742559523809523,0.9813988095238095,0.21845476190476187,1.3087209731340408,0.55,27.363636363636363,0.0,20.0,False
env_odom_noise,0.12631578947368421,0.23051543153651136,0.0004287497348723022,0.12333976861410094,0.9848055965720378,-0.5345476087277905,0.875,0.9813988095238095,0.21919880952380955,1.3113210216164588,0.55,27.363636363636363,0.0,20.0,False
env_odom_noise,0.12631578947368421,0.23051543153651136,0.0008877808989802905,0.12333976865662653,0.9848974777506433,-0.5360060326140267,0.8772321428571429,0.9821428571428571,0.222175,1.3167064175009728,0.55,27.363636363636363,0.0,20.0,False
env_odom_noise,0.12631578947368421,0.23051543153651136,0.001838263351530691,0.12333976855550163,0.9850872792352035,-0.5385762606045852,0.8794642857142857,0.9828869047619048,0.22515119047619048,1.3278155319392682,0.55,27.363636363636363,0.0,20.0,False
env_odom_noise,0.12631578947368421,0.23051543153651136,0.003806358250624933,0.12307820164898041,0.9854784727397105,-0.544968953091031,0.8835311572700296,0.9844213649851632,0.23075252225519283,1.3369915410876274,0.55,27.545454545454547,0.0,20.0,False
env_odom_noise,0.12631578947368421,0.23051543153651136,0.00788154924594252,0.12261702324106477,0.9839694880900365,-0.5528489212590965,0.8923303834808259,0.9867256637168141,0.2418560471976401,1.3516238130629064,0.55,27.90909090909091,0.0,20.0,False
env_odom_noise,0.12631578947368421,0.23051543153651136,0.01631975090784437,0.12250299302438691,0.9836778318011106,-0.5484111190099137,0.9139705882352941,0.9882352941176471,0.2650058823529412,1.4243174180388452,0.5,27.0,0.0,20.0,False
env_odom_noise,0.12631578947368421,0.23051543153651136,0.03379212149580846,0.12182160313666865,0.9680178790092927,-0.5240796996549709,0.9390243902439024,0.9913916786226685,0.2932160688665709,1.47672458589077,0.45,27.555555555555557,0.0,20.0,False
env_odom_noise,0.12631578947368421,0.23051543153651136,0.0699708887492028,0.12185223159071319,0.9782119596952035,-0.41716195155907737,0.9601398601398602,0.993006993006993,0.3159468531468532,1.7185970336198806,0.4,28.375,0.0,20.0,False
env_odom_noise,0.12631578947368421,0.23051543153651136,0.14488363132100487,0.12201037687994082,0.9794300033177262,-0.27277953190056914,0.9800550206327373,0.9979367262723521,0.3407917469050894,1.8990834333002566,0.35,28.571428571428573,0.0,20.0,False
env_odom_noise,0.12631578947368421,0.23051543153651136,0.3,0.12235000266368909,0.9835870116266261,-0.0614385547445241,0.9918144611186903,0.9979536152796725,0.35256807639836285,2.0484549321234224,0.35,29.428571428571427,0.0,20.0,False
env_odom_noise,0.12631578947368421,0.5,0.00010000000000000009,0.12205511442005584,0.9709400584039652,-0.09894710325979796,0.9325997248968363,0.9910591471801926,0.2864588720770289,2.0129599500447513,0.4,29.875,0.0,20.0,False
env_odom_noise,0.12631578947368421,0.5,0.00020706272838739032,0.12198536505595724,0.9691434415782862,-0.10023481800604844,0.9327846364883402,0.9910836762688614,0.2866683127572016,2.000999256595969,0.4,30.125,0.0,20.0,False
env_odom_noise,0.12631578947368421,0.5,0.0004287497348723022,0.1219853652187385,0.9691854222578924,-0.09974022389619798,0.934156378600823,0.9917695473251029,0.28872592592592594,2.003143519535661,0.4,30.125,0.0,20.0,False
env_odom_noise,0.12631578947368421,0.5,0.0008877808989802905,0.12198536637315369,0.9692721613694729,-0.09871185774214862,0.9355281207133059,0.9924554183813443,0.29078353909465027,2.0075780928134916,0.4,30.125,0.0,20.0,False
env_odom_noise,0.12631578947368421,0.5,0.001838263351530691,0.12198536675477142,0.9818099290997759,-0.07543535688454901,0.9320652173913043,0.9898097826086957,0.284675,2.053584951162338,0.35,29.857142857142858,0.0,20.0,False
env_odom_noise,0.12631578947368421,0.5,0.003806358250624933,0.12198536692216815,0.9822240583745488,-0.07215340635223691,0.9347826086956522,0.9904891304347826,0.2880717391304348,2.0694245897233485,0.35,29.857142857142858,0.0,20.0,False
env_odom_noise,0.12631578947368421,0.5,0.00788154924594252,0.121985368026623,0.9790581883308026,-0.06579229691867265,0.940379403794038,0.9911924119241192,0.2943718157181572,2.089791863039136,0.35,30.142857142857142,0.0,20.0,False
env_odom_noise,0.12631578947368421,0.5,0.01631975090784437,0.12186146863277092,0.9729458763968151,-0.05435789011801573,0.9444444444444444,0.9926372155287818,0.29988165997322624,2.1010475205257535,0.35,31.428571428571427,0.0,20.0,False
env_odom_noise,0.12631578947368421,0.5,0.03379212149580846,0.12254284382861928,0.9730477788085222,-0.020450010420674253,0.9595490716180372,0.9946949602122016,0.31704403183023877,2.2041869673877956,0.35,32.42857142857143,0.0,20.0,False
env_odom_noise,0.12631578947368421,0.5,0.0699708887492028,0.12244228613005244,0.976180525758415,0.05324321864104684,0.9735799207397622,0.9953764861294584,0.3317564068692206,2.3587997199967505,0.3,31.833333333333332,0.0,20.0,False
env_odom_noise,0.12631578947368421,0.5,0.14488363132100487,0.12257032341418499,0.9689840955847584,0.1748573364595833,0.9869451697127938,0.9980417754569191,0.34778694516971287,2.456510389596224,0.3,33.333333333333336,0.0,20.0,False
env_odom_noise,0.12631578947368421,0.5,0.3,0.12257032355444275,0.9721145743760241,0.36362953050067115,0.9928198433420365,0.9986945169712794,0.354314360313316,2.5503436528146266,0.3,33.333333333333336,0.0,20.0,False
env_odom_noise,0.13421052631578947,0.00010000000000000009,0.00010000000000000009,0.12499573366899243,1.0833267432577403,254.78027776495048,0.11472602739726027,0.17465753424657535,1.3478164383561644,0.49448986947536466,0.9,27.0,0.0,20.0,False
env_odom_noise,0.13421052631578947,0.00010000000000000009,0.00020706272838739032,0.12499573340081173,1.0833282074873463,158.37642345428068,0.12243150684931507,0.1892123287671233,1.3255561643835616,0.4946649193763733,0.9,27.0,0.0,20.0,False
env_odom_noise,0.13421052631578947,0.00010000000000000009,0.0004287497348723022,0.12499573440808846,1.081658628135459,101.87421298920486,0.13162393162393163,0.2222222222222222,1.283353846153846,0.4974867716431618,0.9,27.055555555555557,0.0,20.0,False
env_odom_noise,0.13421052631578947,0.00010000000000000009,0.0008877808989802905,0.12480202505480902,1.0818796791741139,71.55139590995927,0.14735945485519591,0.2555366269165247,1.2343039182282793,0.47648615688085555,0.85,26.470588235294116,0.0,20.0,False
env_odom_noise,0.13421052631578947,0.00010000000000000009,0.001838263351530691,0.12480202473967304,1.0772612741836374,56.06718649659654,0.1808149405772496,0.299660441426146,1.1567246179966044,0.48778068870306013,0.85,26.58823529411765,0.0,20.0,False
env_odom_noise,0.13421052631578947,0.00010000000000000009,0.003806358250624933,0.12480202561478529,1.0746727988814488,48.4750517596583,0.2182741116751269,0.36717428087986465,1.0517516074450084,0.5238562114536762,0.85,26.705882352941178,0.0,20.0,False
env_odom_noise,0.13421052631578947,0.00010000000000000009,0.00788154924594252,0.12434440958587002,1.070649234566669,44.678748767036865,0.26716917922948075,0.43634840871021774,0.9336824120603016,0.5405972808599472,0.75,25.466666666666665,0.0,20.0,False
env_odom_noise,0.13421052631578947,0.00010000000000000009,0.01631975090784437,0.12379115691331602,1.0506813778470443,42.66879957085296,0.33035714285714285,0.5178571428571429,0.7889857142857142,0.533769435621798,0.65,24.846153846153847,0.0,20.0,False
env_odom_noise,0.13421052631578947,0.00010000000000000009,0.03379212149580846,0.12380225746282854,1.0483378573211628,41.98186945364644,0.4045307443365696,0.5671521035598706,0.6655171521035599,0.6805671937763691,0.65,25.0,0.0,20.0,False
env_odom_noise,0.13421052631578947,0.00010000000000000009,0.0699708887492028,0.12360833895361475,1.023069163300625,41.0674490770326,0.4890625,0.59296875,0.55516875,0.8058403827250004,0.55,24.454545454545453,0.0,20.0,False
env_odom_noise,0.13421052631578947,0.00010000000000000009,0.14488363132100487,0.12327248110127959,1.0036695240064062,40.52212866182453,0.5393343419062028,0.6074130105900152,0.49045264750378204,1.0538836531341076,0.5,25.1,0.0,20.0,False
env_odom_noise,0.13421052631578947,0.00010000000000000009,0.3,0.12220135138256288,0.9974523658405685,40.12042635569042,0.5576923076923077,0.6131656804733728,0.46634201183431945,1.2575300000607967,0.45,25.22222222222222,0.0,20.0,False
env_odom_noise,0.13421052631578947,0.00021690521830457365,0.00010000000000000009,0.12499573366899243,1.0833267432577403,186.54716629283834,0.136986301369863,0.2106164383561644,1.2895972602739727,0.49448986947536466,0.9,27.0,0.0,20.0,False
env_odom_noise,0.13421052631578947,0.00021690521830457365,0.00020706272838739032,0.12499573349248497,1.0833288109368853,117.69985709338792,0.1446917808219178,0.22174657534246575,1.2707616438356164,0.4947013586759567,0.9,27.0,0.0,20.0,False
env_odom_noise,0.13421052631578947,0.00021690521830457365,0.0004287497348723022,0.12499573375315247,1.0816628136781647,71.94024546997925,0.152991452991453,0.2564102564102564,1.2277982905982907,0.49777803272008897,0.9,27.055555555555557,0.0,20.0,False
env_odom_noise,0.13421052631578947,0.00021690521830457365,0.0008877808989802905,0.12480202455851977,1.081896375590872,45.078510149688164,0.16609880749574105,0.28534923339011925,1.1857519591141399,0.47700400799512865,0.85,26.470588235294116,0.0,20.0,False
env_odom_noise,0.13421052631578947,0.00021690521830457365,0.001838263351530691,0.12480202467358747,1.0772808748742244,30.662697757267303,0.200339558573854,0.33191850594227507,1.104941935483871,0.4882962703704834,0.85,26.58823529411765,0.0,20.0,False
env_odom_noise,0.13421052631578947,0.00021690521830457365,0.003806358250624933,0.12480202580266413,1.0746960769404437,23.40831256718617,0.2377326565143824,0.3976311336717428,1.001836209813875,0.5245025113224984,0.85,26.705882352941178,0.0,20.0,False
env_odom_noise,0.13421052631578947,0.00021690521830457365,0.00788154924594252,0.12434440916389249,1.0706649059535782,19.836193358136935,0.2864321608040201,0.46733668341708545,0.8834311557788944,0.5410349294543266,0.75,25.466666666666665,0.0,20.0,False
env_odom_noise,0.13421052631578947,0.00021690521830457365,0.01631975090784437,0.12379115578214189,1.0506933832769019,18.102756499712562,0.35064935064935066,0.5478896103896104,0.738661038961039,0.5341025346890091,0.65,24.846153846153847,0.0,20.0,False
env_odom_noise,0.13421052631578947,0.00021690521830457365,0.03379212149580846,0.1238022591550386,1.0483471782825073,17.492879706524413,0.42394822006472493,0.5962783171521036,0.6169734627831716,0.6808532066643238,0.65,25.0,0.0,20.0,False
env_odom_noise,0.13421052631578947,0.00021690521830457365,0.0699708887492028,0.12360833762194953,1.02307622857167,17.039763246808473,0.50859375,0.621875,0.5067312500000001,0.8060830600559712,0.55,24.454545454545453,0.0,20.0,False
env_odom_noise,0.13421052631578947,0.00021690521830457365,0.14488363132100487,0.12327248315303617,1.0036742962928378,16.875368082426874,0.5590015128593041,0.6361573373676248,0.4420411497730711,1.054039604961872,0.5,25.1,0.0,20.0,False
env_odom_noise,0.13421052631578947,0.00021690521830457365,0.3,0.122201351375477,0.9974551421990929,16.824471598917725,0.5784023668639053,0.6420118343195266,0.4167857988165681,1.2576133884489535,0.45,25.22222222222222,0.0,20.0,False
env_odom_noise,0.13421052631578947,0.00047047873727754753,0.00010000000000000009,0.12499573366899243,1.0833267432577403,126.49036336214883,0.17123287671232876,0.2722602739726027,1.1937068493150687,0.49448986947536466,0.9,27.0,0.0,20.0,False
env_odom_noise,0.13421052631578947,0.00047047873727754753,0.00020706272838739032,0.1249957333855893,1.0833303798298388,85.28452382374563,0.175513698630137,0.2851027397260274,1.1765835616438356,0.494845612347126,0.9,27.0,0.0,20.0,False
env_odom_noise,0.13421052631578947,0.00047047873727754753,0.0004287497348723022,0.12499573391290521,1.0816742620045963,52.93805844234008,0.1829059829059829,0.3162393162393162,1.1380547008547008,0.49850745052099227,0.9,27.055555555555557,0.0,20.0,False
env_odom_noise,0.13421052631578947,0.00047047873727754753,0.0008877808989802905,0.12480202482506364,1.0819318185308542,31.320045052950274,0.19591141396933562,0.3441226575809199,1.0971659284497446,0.4781079590320587,0.85,26.470588235294116,0.0,20.0,False
env_odom_noise,0.13421052631578947,0.00047047873727754753,0.001838263351530691,0.1248020246242298,1.0773228178706393,18.65698140668744,0.23089983022071306,0.3904923599320883,1.0158078098471988,0.4894035361707211,0.85,26.58823529411765,0.0,20.0,False
env_odom_noise,0.13421052631578947,0.00047047873727754753,0.003806358250624933,0.12480202537423674,1.0732420026889826,11.914027853353389,0.2643581081081081,0.4501689189189189,0.9226729729729729,0.5328418008983136,0.85,26.764705882352942,0.0,20.0,False
env_odom_noise,0.13421052631578947,0.00047047873727754753,0.00788154924594252,0.1243444094671276,1.0706986333743,8.554358616428955,0.3157453936348409,0.5217755443886097,0.7996790619765494,0.541980454325676,0.75,25.466666666666665,0.0,20.0,False
env_odom_noise,0.13421052631578947,0.00047047873727754753,0.01631975090784437,0.12379115847127109,1.050719846129659,6.970306159434773,0.37662337662337664,0.601461038961039,0.6591155844155844,0.5348262486979365,0.65,24.846153846153847,0.0,20.0,False
env_odom_noise,0.13421052631578947,0.00047047873727754753,0.03379212149580846,0.12380225886645979,1.0483675446317828,6.4003845447740115,0.44983818770226536,0.6496763754045307,0.5376854368932039,0.6814735606312752,0.65,25.0,0.0,20.0,False
env_odom_noise,0.13421052631578947,0.00047047873727754753,0.0699708887492028,0.1236083370252913,1.0230910945360279,6.157928415275452,0.534375,0.67421875,0.42860624999999997,0.8066083014011383,0.55,24.454545454545453,0.0,20.0,False
env_odom_noise,0.13421052631578947,0.00047047873727754753,0.14488363132100487,0.12327248319582564,1.0036846091617149,6.167441448873676,0.5847201210287444,0.6875945537065052,0.36488532526475037,1.0543776988983153,0.5,25.1,0.0,20.0,False
env_odom_noise,0.13421052631578947,0.00047047873727754753,0.3,0.12220135050676402,0.9974611285884071,6.278252753386654,0.6050295857988166,0.6945266272189349,0.3376437869822485,1.25779462531209,0.45,25.22222222222222,0.0,20.0,False
env_odom_noise,0.13421052631578947,0.001020492932168466,0.00010000000000000009,0.12499573366899243,1.083326697215504,76.7637605225592,0.2148972602739726,0.3587328767123288,1.0635698630136985,0.49451165199279784,0.9,27.0,0.0,20.0,False
env_odom_noise,0.13421052631578947,0.001020492932168466,0.00020706272838739032,0.12499573450599362,1.0833392719734394,56.79912833581531,0.2191780821917808,0.3741438356164384,1.0438780821917808,0.4955484107136726,0.9,27.0,0.0,20.0,False
env_odom_noise,0.13421052631578947,0.001020492932168466,0.0004287497348723022,0.12480202463370844,1.0817159613706209,37.55986948904174,0.22572402044293016,0.39437819420783643,1.0170977853492333,0.4782352685928345,0.9,27.166666666666668,0.0,20.0,False
env_odom_noise,0.13421052631578947,0.001020492932168466,0.0008877808989802905,0.12480202460839161,1.080023922261037,22.530784650203774,0.23639455782312926,0.41581632653061223,0.9849891156462586,0.48058205395936965,0.85,26.529411764705884,0.0,20.0,False
env_odom_noise,0.13421052631578947,0.001020492932168466,0.001838263351530691,0.12480202299457205,1.0743472353898678,12.442538001304854,0.27203389830508473,0.45847457627118643,0.9066915254237289,0.48081478402018546,0.85,26.647058823529413,0.0,20.0,False
env_odom_noise,0.13421052631578947,0.001020492932168466,0.003806358250624933,0.12466306432491091,1.0711608430414228,6.5611804028324805,0.3047138047138047,0.5210437710437711,0.8114424242424242,0.505058541148901,0.8,26.125,0.0,20.0,False
env_odom_noise,0.13421052631578947,0.001020492932168466,0.00788154924594252,0.12418781059157621,1.070770908698468,3.4829785481156526,0.35451505016722407,0.5894648829431438,0.6932200668896321,0.5322003915905953,0.75,25.533333333333335,0.0,20.0,False
env_odom_noise,0.13421052631578947,0.001020492932168466,0.01631975090784437,0.12379115584290944,1.050776313149975,2.024716105665508,0.41233766233766234,0.663961038961039,0.5609012987012987,0.5363908873870968,0.65,24.846153846153847,0.0,20.0,False
env_odom_noise,0.13421052631578947,0.001020492932168466,0.03379212149580846,0.12380225755378327,1.0484114334957888,1.4831437542510642,0.48624595469255666,0.7127831715210357,0.4381708737864077,0.6828176692128182,0.65,25.0,0.0,20.0,False
env_odom_noise,0.13421052631578947,0.001020492932168466,0.0699708887492028,0.1234739050243186,1.0231236336380074,1.329252186273194,0.5686427457098284,0.734009360374415,0.33454789391575657,0.8007084749639034,0.55,24.545454545454547,0.0,20.0,False
env_odom_noise,0.13421052631578947,0.001020492932168466,0.14488363132100487,0.12327248224753631,1.0037069878211144,1.4248768106362566,0.6187594553706506,0.7465960665658093,0.27184447806354006,1.0551095128059387,0.5,25.1,0.0,20.0,False
env_odom_noise,0.13421052631578947,0.001020492932168466,0.3,0.12220135099690686,0.9974740199800924,1.6101619098627196,0.639792899408284,0.7529585798816568,0.24444852071005918,1.258188034594059,0.45,25.22222222222222,0.0,20.0,False
env_odom_noise,0.13421052631578947,0.0022135024223027535,0.00010000000000000009,0.12499573424931276,1.0816498984529879,41.17600887041118,0.2743589743589744,0.47606837606837604,0.8867726495726496,0.4962539553642273,0.9,27.055555555555557,0.0,20.0,False
env_odom_noise,0.13421052631578947,0.0022135024223027535,0.00020706272838739032,0.12474138366182902,1.0817419334403535,33.393876704710465,0.2764505119453925,0.4872013651877133,0.8735481228668942,0.48891339898109437,0.9,27.11111111111111,0.0,20.0,False
env_odom_noise,0.13421052631578947,0.0022135024223027535,0.0004287497348723022,0.12480202322092841,1.0819472315205074,24.27153530314045,0.2836456558773424,0.4991482112436116,0.854406132879046,0.4751128062605858,0.85,26.470588235294116,0.0,20.0,False
env_odom_noise,0.13421052631578947,0.0022135024223027535,0.0008877808989802905,0.12480202437380401,1.0771129346716541,15.484369112042552,0.300509337860781,0.5220713073005093,0.8146193548387097,0.4777772918343544,0.85,26.58823529411765,0.0,20.0,False
env_odom_noise,0.13421052631578947,0.0022135024223027535,0.001838263351530691,0.12480202600914675,1.0746458077152288,8.543463133346572,0.3305084745762712,0.5550847457627118,0.751606779661017,0.48775355741381643,0.85,26.647058823529413,0.0,20.0,False
env_odom_noise,0.13421052631578947,0.0022135024223027535,0.003806358250624933,0.12456108527934229,1.071357546424759,3.894699556839987,0.3588235294117647,0.6201680672268908,0.6582084033613445,0.4919176630675793,0.75,25.333333333333332,0.0,20.0,False
env_odom_noise,0.13421052631578947,0.0022135024223027535,0.00788154924594252,0.12418780829754582,1.0709229128676403,1.2434792647289608,0.4080267558528428,0.6822742474916388,0.5468989966555184,0.5365257143974305,0.75,25.533333333333335,0.0,20.0,False
env_odom_noise,0.13421052631578947,0.0022135024223027535,0.01631975090784437,0.12379115782039227,1.0508970456706306,-0.08091507134343373,0.4659090909090909,0.7548701298701299,0.4164207792207792,0.5397639764472842,0.65,24.846153846153847,0.0,20.0,False
env_odom_noise,0.13421052631578947,0.0022135024223027535,0.03379212149580846,0.12380226159477588,1.048506122860933,-0.588999924363436,0.5372168284789643,0.8009708737864077,0.2990122977346279,0.6857286773622036,0.65,25.0,0.0,20.0,False
env_odom_noise,0.13421052631578947,0.0022135024223027535,0.0699708887492028,0.1234739042515732,1.023193851841339,-0.6960353283427455,0.6185647425897036,0.8221528861154446,0.1964823712948518,0.803157202899456,0.55,24.545454545454547,0.0,20.0,False
env_odom_noise,0.13421052631578947,0.0022135024223027535,0.14488363132100487,0.12327248389158174,1.0037554895286858,-0.5671236499841549,0.6671709531013615,0.8358547655068078,0.13417428139183063,1.056696094572544,0.5,25.1,0.0,20.0,False
env_odom_noise,0.13421052631578947,0.0022135024223027535,0.3,0.12220135121104221,0.9975019485477075,-0.34769833717403037,0.6878698224852071,0.8431952662721893,0.11647455621301783,1.2590404950082301,0.45,25.22222222222222,0.0,20.0,False
env_odom_noise,0.13421052631578947,0.004801202261272809,0.00010000000000000009,0.1245821269758888,1.0787370716169675,19.403529442705064,0.3824027072758037,0.6049069373942471,0.6498903553299492,0.4784345641732216,0.85,26.705882352941178,0.0,20.0,False
env_odom_noise,0.13421052631578947,0.004801202261272809,0.00020706272838739032,0.12458212600662362,1.0788215943237547,16.994989306939974,0.3866328257191201,0.61082910321489,0.6397380710659899,0.48149740844964983,0.85,26.705882352941178,0.0,20.0,False
env_odom_noise,0.13421052631578947,0.004801202261272809,0.0004287497348723022,0.12458212704860011,1.0789865578155629,13.546291053988085,0.38917089678510997,0.616751269035533,0.631277834179357,0.4875346958637238,0.85,26.705882352941178,0.0,20.0,False
env_odom_noise,0.13421052631578947,0.004801202261272809,0.0008877808989802905,0.12458212829643579,1.076185936018716,9.424208505574416,0.40371621621621623,0.6368243243243243,0.5966594594594594,0.4877001494169235,0.85,26.764705882352942,0.0,20.0,False
env_odom_noise,0.13421052631578947,0.004801202261272809,0.001838263351530691,0.12448078753649332,1.0767288731612803,5.44213341617192,0.42158516020236086,0.6720067453625632,0.5436080944350759,0.4907655715942383,0.8,26.0625,0.0,20.0,False
env_odom_noise,0.13421052631578947,0.004801202261272809,0.003806358250624933,0.12412998197761757,1.073222180847506,2.2785741097499566,0.4498327759197324,0.7232441471571907,0.4641230769230769,0.5170587256550789,0.75,25.533333333333335,0.0,20.0,False
env_odom_noise,0.13421052631578947,0.004801202261272809,0.00788154924594252,0.12408543637768445,1.0727308661595574,0.22189377463475718,0.4891846921797005,0.7795341098169717,0.3684811980033278,0.5504287704825401,0.7,24.785714285714285,0.0,20.0,False
env_odom_noise,0.13421052631578947,0.004801202261272809,0.01631975090784437,0.12358625910983428,1.052655925818525,-0.9019355362422182,0.5477346278317152,0.8446601941747572,0.24480517799352752,0.5583726435899734,0.65,25.0,0.0,20.0,False
env_odom_noise,0.13421052631578947,0.004801202261272809,0.03379212149580846,0.12359728831346371,1.0412235673444565,-1.3577004077101504,0.6152,0.8936,0.12840000000000007,0.6838811844587326,0.65,25.53846153846154,0.0,20.0,False
env_odom_noise,0.13421052631578947,0.004801202261272809,0.0699708887492028,0.12327583434123374,1.0232549715727515,-1.4384122630561107,0.6933229813664596,0.9099378881987578,0.055185093167701926,0.8206173300743103,0.55,24.818181818181817,0.0,20.0,False
env_odom_noise,0.13421052631578947,0.004801202261272809,0.14488363132100487,0.12282507398995346,1.0054289984694698,-1.30405978952904,0.7409638554216867,0.9231927710843374,0.0895710843373494,1.0712045423686505,0.5,25.4,0.0,20.0,False
env_odom_noise,0.13421052631578947,0.004801202261272809,0.3,0.122032041401012,1.0108264650788674,-1.016498699734542,0.76410998552822,0.9305354558610709,0.10537452966714911,1.290238757431507,0.4,25.375,0.0,20.0,False
env_odom_noise,0.13421052631578947,0.010414058246057912,0.00010000000000000009,0.12429522600351674,1.0794884048965787,7.93622213245568,0.5084175084175084,0.7146464646464646,0.4141360269360269,0.5226176671683789,0.8,26.125,0.0,20.0,False
env_odom_noise,0.13421052631578947,0.010414058246057912,0.00020706272838739032,0.12429522529239102,1.0795482869146813,7.298206109223328,0.5092592592592593,0.7213804713804713,0.40656026936026934,0.5254294894635677,0.8,26.125,0.0,20.0,False
env_odom_noise,0.13421052631578947,0.010414058246057912,0.0004287497348723022,0.12429522585937144,1.078125503129075,6.240733541153101,0.5109243697478991,0.726890756302521,0.3993848739495799,0.5269551910459995,0.75,25.333333333333332,0.0,20.0,False
env_odom_noise,0.13421052631578947,0.010414058246057912,0.0008877808989802905,0.12415995424798822,1.0783301898650726,4.692220134291227,0.5159395973154363,0.7424496644295302,0.37881073825503353,0.5269216507673263,0.75,25.4,0.0,20.0,False
env_odom_noise,0.13421052631578947,0.010414058246057912,0.001838263351530691,0.1239469184817438,1.0781375939418658,2.857415142194091,0.5275919732441472,0.7650501672240803,0.34455785953177254,0.5601250395178795,0.75,25.533333333333335,0.0,20.0,False
env_odom_noise,0.13421052631578947,0.010414058246057912,0.003806358250624933,0.12379330647682144,1.0765063128411738,1.0796634242942034,0.5558333333333333,0.7975,0.2838666666666667,0.5719452925026417,0.75,25.666666666666668,0.0,20.0,False
env_odom_noise,0.13421052631578947,0.010414058246057912,0.00788154924594252,0.12406059391352164,1.0718828497344774,-0.2965872112256316,0.5859504132231405,0.8462809917355372,0.20496859504132237,0.5821190483868122,0.65,24.0,0.0,20.0,False
env_odom_noise,0.13421052631578947,0.010414058246057912,0.01631975090784437,0.12340995483380979,1.0543769127056328,-1.1450395807472278,0.6443548387096775,0.9048387096774193,0.08800645161290321,0.6085081350058317,0.6,24.0,0.0,20.0,False
env_odom_noise,0.13421052631578947,0.010414058246057912,0.03379212149580846,0.12330706756025837,1.041950419618716,-1.529947279508775,0.707936507936508,0.95,0.02973650793650806,0.7143989101052284,0.65,25.923076923076923,0.0,20.0,False
env_odom_noise,0.13421052631578947,0.010414058246057912,0.0699708887492028,0.12310461393890688,1.016428977636986,-1.5777724857858462,0.7830769230769231,0.9646153846153847,0.11049230769230778,0.8510074123740197,0.5,24.0,0.0,20.0,False
env_odom_noise,0.13421052631578947,0.010414058246057912,0.14488363132100487,0.12265915368919304,1.0040007284523582,-1.4409613571089783,0.8290854572713643,0.9760119940029985,0.16789745127436284,1.1194764502346515,0.5,25.7,0.0,20.0,False
env_odom_noise,0.13421052631578947,0.010414058246057912,0.3,0.12196085624656301,1.0112511195200744,-1.153841200362803,0.8503597122302158,0.981294964028777,0.19445467625899282,1.3322894640266896,0.4,25.875,0.0,20.0,False
env_odom_noise,0.13421052631578947,0.02258863577297737,0.00010000000000000009,0.12427338493161062,1.080395958374914,2.4969758034627985,0.6225165562913907,0.7889072847682119,0.22577615894039738,0.6037807643413544,0.65,23.923076923076923,0.0,20.0,False
env_odom_noise,0.13421052631578947,0.02258863577297737,0.00020706272838739032,0.12427338493133266,1.0804244635500917,2.3454438659684826,0.6233443708609272,0.793046357615894,0.22080927152317875,0.6056836619973183,0.65,23.923076923076923,0.0,20.0,False
env_odom_noise,0.13421052631578947,0.02258863577297737,0.0004287497348723022,0.12427338594469249,1.0804837587163134,2.0670043179584465,0.6274834437086093,0.7988410596026491,0.21087549668874161,0.6095547705888749,0.65,23.923076923076923,0.0,20.0,False
env_odom_noise,0.13421052631578947,0.02258863577297737,0.0008877808989802905,0.12427338310550622,1.077591796497287,1.5949326800629582,0.6297520661157024,0.8066115702479338,0.2008363636363637,0.6063051663339138,0.65,24.0,0.0,20.0,False
env_odom_noise,0.13421052631578947,0.02258863577297737,0.001838263351530691,0.12427338497088819,1.075655927120305,0.9256007281280827,0.636963696369637,0.8226072607260726,0.17762904290429038,0.6114833980798722,0.65,24.076923076923077,0.0,20.0,False
env_odom_noise,0.13421052631578947,0.02258863577297737,0.003806358250624933,0.12415951543920997,1.0696183718101904,0.12605580057773408,0.6573770491803279,0.85,0.1298229508196721,0.6125621497631073,0.65,24.384615384615383,0.0,20.0,False
env_odom_noise,0.13421052631578947,0.02258863577297737,0.00788154924594252,0.1241595160169308,1.0602363023989478,-0.6070795865275447,0.6866883116883117,0.8936688311688312,0.0648194805194805,0.6547243632376194,0.65,24.846153846153847,0.0,20.0,False
env_odom_noise,0.13421052631578947,0.02258863577297737,0.01631975090784437,0.12363231342213374,1.0504181339137297,-1.1540273513313384,0.7312,0.9392,0.06379999999999997,0.6909541368484498,0.65,25.53846153846154,0.0,20.0,False
env_odom_noise,0.13421052631578947,0.02258863577297737,0.03379212149580846,0.12334025232496032,1.040722714370761,-1.4230169143173061,0.7908805031446541,0.9724842767295597,0.12616477987421382,0.7739103756844997,0.55,24.09090909090909,0.0,20.0,False
env_odom_noise,0.13421052631578947,0.02258863577297737,0.0699708887492028,0.12324505707545044,1.0128216476965215,-1.4398450923993593,0.8637747336377474,0.9832572298325722,0.20983196347031963,0.9326705731451511,0.5,24.7,0.0,20.0,False
env_odom_noise,0.13421052631578947,0.02258863577297737,0.14488363132100487,0.12272055438024862,1.0036867745178146,-1.2968798100186807,0.9084821428571429,0.9933035714285714,0.2645857142857143,1.2118866585195065,0.5,26.2,0.0,20.0,False
env_odom_noise,0.13421052631578947,0.02258863577297737,0.3,0.12208851295171418,1.0144577474153884,-1.0183644238996576,0.9276504297994269,0.9978510028653295,0.2883014326647564,1.4231912657618522,0.4,26.25,0.0,20.0,False
env_odom_noise,0.13421052631578947,0.04899592973540154,0.00010000000000000009,0.12396828854292963,1.0676267744386068,0.21060763319842596,0.7236628849270664,0.8557536466774717,0.1397092382495948,0.717025832273066,0.6,23.75,0.0,20.0,False
env_odom_noise,0.13421052631578947,0.04899592973540154,0.00020706272838739032,0.12396829072576732,1.0676518844202763,0.1788095510117688,0.7252836304700162,0.8565640194489466,0.1405196110210697,0.7186478277668357,0.6,23.75,0.0,20.0,False
env_odom_noise,0.13421052631578947,0.04899592973540154,0.0004287497348723022,0.12396828878902456,1.067704147552278,0.11694901878821506,0.7260940032414911,0.859805510534846,0.13808849270664514,0.7219921857118606,0.6,23.75,0.0,20.0,False
env_odom_noise,0.13421052631578947,0.04899592973540154,0.0008877808989802905,0.12396828953829207,1.0662654204589892,0.002942737042007643,0.7289644012944984,0.8632686084142395,0.13749579288025893,0.7197715424001216,0.6,23.833333333333332,0.0,20.0,False
env_odom_noise,0.13421052631578947,0.04899592973540154,0.001838263351530691,0.12396829051994993,1.0664848974943322,-0.185542531996786,0.7338187702265372,0.8737864077669902,0.131832362459547,0.7338236246258021,0.6,23.833333333333332,0.0,20.0,False
env_odom_noise,0.13421052631578947,0.04899592973540154,0.003806358250624933,0.1242040452827145,1.0660953966164695,-0.4545297284016644,0.7475806451612903,0.8935483870967742,0.12583225806451614,0.7587067492306232,0.6,24.0,0.0,20.0,False
env_odom_noise,0.13421052631578947,0.04899592973540154,0.00788154924594252,0.12367066167646464,1.049019282389333,-0.7817196708253258,0.7729430379746836,0.9272151898734177,0.11752784810126593,0.7393902201205492,0.55,23.727272727272727,0.0,20.0,False
env_odom_noise,0.13421052631578947,0.04899592973540154,0.01631975090784437,0.12344715379425329,1.046491130610945,-1.039116846238409,0.8069620253164557,0.9525316455696202,0.12623037974683549,0.8237538374960423,0.6,25.0,0.0,20.0,False
env_odom_noise,0.13421052631578947,0.04899592973540154,0.03379212149580846,0.12327836794378716,1.027954158887326,-1.1851864512889307,0.8580246913580247,0.9760802469135802,0.19690493827160493,0.8843928318470716,0.55,25.181818181818183,0.0,20.0,False
env_odom_noise,0.13421052631578947,0.04899592973540154,0.0699708887492028,0.12282925339768459,1.0121777393012543,-1.1699307162396888,0.9179216867469879,0.9879518072289156,0.26867349397590357,1.0902775466442107,0.5,25.4,0.0,20.0,False
env_odom_noise,0.13421052631578947,0.04899592973540154,0.14488363132100487,0.12205216222658147,1.0161749314751916,-0.9892949065156655,0.958092485549133,0.9934971098265896,0.31438959537572253,1.3619611904025077,0.4,25.5,0.0,20.0,False
env_odom_noise,0.13421052631578947,0.04899592973540154,0.3,0.12199733415192512,1.0070456066863478,-0.7371017060924104,0.9746121297602257,0.9978843441466855,0.3352964739069112,1.540575060248375,0.4,27.625,0.0,20.0,False
env_odom_noise,0.13421052631578947,0.10627472835292812,0.00010000000000000009,0.12387506602926678,1.0531385847013481,-0.4984351806600185,0.7891849529780565,0.9263322884012539,0.13465266457680258,0.941805786639452,0.5,22.8,0.0,20.0,False
env_odom_noise,0.13421052631578947,0.10627472835292812,0.00020706272838739032,0.12387506304278173,1.0531600804035286,-0.5042043719921468,0.7899686520376176,0.9278996865203761,0.13386896551724148,0.9430587448179721,0.5,22.8,0.0,20.0,False
env_odom_noise,0.13421052631578947,0.10627472835292812,0.0004287497348723022,0.12387506524560168,1.0532044558704343,-0.5157460758915514,0.7899686520376176,0.9286833855799373,0.13308526645768026,0.9456466421484947,0.5,22.8,0.0,20.0,False
env_odom_noise,0.13421052631578947,0.10627472835292812,0.0008877808989802905,0.12387506306359056,1.0532955072021954,-0.5380461285554787,0.7931034482758621,0.932601880877743,0.13230156739811916,0.9511030983179808,0.5,22.8,0.1,20.0,False
env_odom_noise,0.13421052631578947,0.10627472835292812,0.001838263351530691,0.12348303265188187,1.043678408313696,-0.5896737217732699,0.8001555209953344,0.9362363919129082,0.13571912908242623,0.9250715710222721,0.5,23.3,0.0,20.0,False
env_odom_noise,0.13421052631578947,0.10627472835292812,0.003806358250624933,0.12348303202370477,1.0376598123156608,-0.6582786085024489,0.8095975232198143,0.945046439628483,0.1363510835913313,0.9309424262493848,0.5,23.6,0.0,20.0,False
env_odom_noise,0.13421052631578947,0.10627472835292812,0.00788154924594252,0.12320582041422287,1.0384184980247255,-0.7470725911351456,0.8258513931888545,0.9558823529411765,0.144533746130031,0.9814070105552674,0.55,25.0,0.0,20.0,False
env_odom_noise,0.13421052631578947,0.10627472835292812,0.01631975090784437,0.1234264679994439,1.0254301553449536,-0.8316226213665815,0.851145038167939,0.9740458015267176,0.18799083969465658,1.012950375303626,0.55,25.818181818181817,0.0,20.0,False
env_odom_noise,0.13421052631578947,0.10627472835292812,0.03379212149580846,0.12316409936801022,1.0197569456290931,-0.8688756890491225,0.8965256797583081,0.9833836858006042,0.24270936555891232,1.1378268107771874,0.55,26.454545454545453,0.0,20.0,False
env_odom_noise,0.13421052631578947,0.10627472835292812,0.0699708887492028,0.12218198021039545,1.0137501422567194,-0.831998772316125,0.943952802359882,0.9911504424778761,0.2979032448377581,1.3261030435562133,0.5,26.8,0.0,20.0,False
env_odom_noise,0.13421052631578947,0.10627472835292812,0.14488363132100487,0.12164588979977528,1.011960178041462,-0.6414401556963971,0.9717514124293786,0.9943502824858758,0.32890169491525434,1.5677629306912422,0.4,27.5,0.0,20.0,False
env_odom_noise,0.13421052631578947,0.10627472835292812,0.3,0.12211248801388865,1.0180101183585635,-0.42126275252934553,0.9853351955307262,0.9979050279329609,0.3460402234636871,1.7443764060735703,0.35,27.0,0.0,20.0,False
env_odom_noise,0.13421052631578947,0.23051543153651136,0.00010000000000000009,0.12333105575017833,1.017460730399319,-0.46653386960797766,0.8630952380952381,0.9739583333333334,0.19985357142857152,1.3162681944668293,0.55,27.363636363636363,0.09090909090909091,20.0,False
env_odom_noise,0.13421052631578947,0.23051543153651136,0.00020706272838739032,0.12333105682100665,1.0174835569503367,-0.46712899963781496,0.8630952380952381,0.9739583333333334,0.19985357142857152,1.3175106167793273,0.55,27.363636363636363,0.09090909090909091,20.0,False
env_odom_noise,0.13421052631578947,0.23051543153651136,0.0004287497348723022,0.12333105536937494,1.017530559143066,-0.4683279008003007,0.8638392857142857,0.9747023809523809,0.20134166666666664,1.3200801759958267,0.55,27.363636363636363,0.09090909090909091,20.0,False
env_odom_noise,0.13421052631578947,0.23051543153651136,0.0008877808989802905,0.12333105547678021,1.016214587543657,-0.47130043519185133,0.8647845468053492,0.9762258543833581,0.2038104011887073,1.3188934087753297,0.55,27.454545454545453,0.0,20.0,False
env_odom_noise,0.13421052631578947,0.23051543153651136,0.001838263351530691,0.12333105604057562,1.0164157865049523,-0.47557798589689865,0.8677563150074294,0.9777117384843982,0.20826805349182764,1.3298694230616093,0.55,27.454545454545453,0.0,20.0,False
env_odom_noise,0.13421052631578947,0.23051543153651136,0.003806358250624933,0.12307820251125437,1.0168298452781428,-0.48392412802410134,0.8738872403560831,0.9821958456973294,0.21888308605341256,1.34568894803524,0.55,27.545454545454547,0.0,20.0,False
env_odom_noise,0.13421052631578947,0.23051543153651136,0.00788154924594252,0.12261702505338243,1.0153030617572463,-0.4975908786838917,0.8842182890855457,0.9837758112094396,0.23079410029498526,1.3599982649087905,0.55,27.90909090909091,0.0,20.0,False
env_odom_noise,0.13421052631578947,0.23051543153651136,0.01631975090784437,0.12250299431313655,1.0150661458550676,-0.5014216584241397,0.8977941176470589,0.986764705882353,0.24735882352941185,1.424074539542198,0.45,25.666666666666668,0.0,20.0,False
env_odom_noise,0.13421052631578947,0.23051543153651136,0.03379212149580846,0.12182159984598441,0.9993101133014463,-0.4880817669169991,0.9282639885222381,0.990674318507891,0.28173830703012914,1.484450240433216,0.45,27.555555555555557,0.0,20.0,False
env_odom_noise,0.13421052631578947,0.23051543153651136,0.0699708887492028,0.12185223073190916,1.0116635826869336,-0.39082874979696636,0.9496503496503497,0.9923076923076923,0.304758041958042,1.725783508270979,0.4,28.375,0.0,20.0,False
env_odom_noise,0.13421052631578947,0.23051543153651136,0.14488363132100487,0.12231633110235902,1.0131897059813704,-0.2577973218375913,0.9759615384615384,0.9958791208791209,0.33464065934065934,1.8972577258944512,0.35,28.714285714285715,0.0,20.0,False
env_odom_noise,0.13421052631578947,0.23051543153651136,0.3,0.12235000139133503,1.013798135394367,-0.05273212708826082,0.9877551020408163,0.9979591836734694,0.34851428571428567,2.042045037448406,0.35,29.714285714285715,0.0,20.0,False
env_odom_noise,0.13421052631578947,0.5,0.00010000000000000009,0.12198536693032032,1.0158528532620565,-0.0408234370367125,0.923233695652174,0.9870923913043478,0.27312608695652174,2.046781453490257,0.35,29.857142857142858,0.0,20.0,False
env_odom_noise,0.13421052631578947,0.5,0.00020706272838739032,0.12198536760266641,1.0158772183570202,-0.04074068492388467,0.923233695652174,0.9870923913043478,0.27312608695652174,2.0476449254900215,0.35,29.857142857142858,0.0,20.0,False
env_odom_noise,0.13421052631578947,0.5,0.0004287497348723022,0.12198536886637092,1.0159277032441836,-0.040563687184835294,0.923233695652174,0.9877717391304348,0.27380543478260877,2.0494319405406713,0.35,29.857142857142858,0.0,20.0,False
env_odom_noise,0.13421052631578947,0.5,0.0008877808989802905,0.12198536991343469,1.0160319113104803,-0.04017450177197803,0.9239130434782609,0.9877717391304348,0.2744847826086957,2.0531290587037803,0.35,29.857142857142858,0.0,20.0,False
env_odom_noise,0.13421052631578947,0.5,0.001838263351530691,0.12198536974967078,1.0162472297955234,-0.039276739194190495,0.9239130434782609,0.9877717391304348,0.2744847826086957,2.0607703190296887,0.35,29.857142857142858,0.0,20.0,False
env_odom_noise,0.13421052631578947,0.5,0.003806358250624933,0.12198536831448574,1.0166897147837062,-0.03707889705617475,0.9239130434782609,0.9877717391304348,0.2744847826086957,2.076525865867734,0.35,29.857142857142858,0.0,20.0,False
env_odom_noise,0.13421052631578947,0.5,0.00788154924594252,0.12184442440714324,1.0134737932234623,-0.03451977003152834,0.9304054054054054,0.9898648648648649,0.2830702702702703,2.0835653468966484,0.35,30.428571428571427,0.0,20.0,False
env_odom_noise,0.13421052631578947,0.5,0.01631975090784437,0.12192198959825994,1.0072469525151273,-0.025760643608665975,0.9405080213903744,0.9919786096256684,0.2952866310160428,2.1136220283806324,0.35,31.571428571428573,0.0,20.0,False
env_odom_noise,0.13421052631578947,0.5,0.03379212149580846,0.12254284027778294,1.0074717867443743,0.004234201363593198,0.9489389920424404,0.9927055702917772,0.30444456233421757,2.2108504727482794,0.35,32.42857142857143,0.0,20.0,False
env_odom_noise,0.13421052631578947,0.5,0.0699708887492028,0.12244228650075528,1.0108534440480026,0.07229927672337493,0.9689564068692206,0.9947159841479525,0.32647239101717307,2.3648894334211947,0.3,31.833333333333332,0.0,20.0,False
env_odom_noise,0.13421052631578947,0.5,0.14488363132100487,0.12257032175086098,1.0034908983000186,0.18806612117116833,0.9817232375979112,0.9973890339425587,0.34191227154047,2.462301132827997,0.3,33.333333333333336,0.0,20.0,False
env_odom_noise,0.13421052631578947,0.5,0.3,0.12257032294282974,1.0052128991830442,0.37169657285180874,0.9928292046936115,0.9980443285528031,0.3536735332464146,2.5510297007858753,0.3,33.5,0.0,20.0,False
env_odom_noise,0.14210526315789473,0.00010000000000000009,0.00010000000000000009,0.1249957339581446,1.1059989207741951,279.49879602450136,0.11073253833049404,0.17291311754684838,1.3535543441226576,0.494796222448349,0.9,27.166666666666668,0.0,20.0,False
env_odom_noise,0.14210526315789473,0.00010000000000000009,0.00020706272838739032,0.12499573398441317,1.1060003152508187,171.82833048515843,0.11839863713798977,0.18568994889267462,1.3331114139693354,0.49494612738490107,0.9,27.166666666666668,0.0,20.0,False
env_odom_noise,0.14210526315789473,0.00010000000000000009,0.0004287497348723022,0.12480202458278518,1.1060471312775069,108.6860161791459,0.1307300509337861,0.21222410865874364,1.2942458404074704,0.47535895854234694,0.9,27.27777777777778,0.0,20.0,False
env_odom_noise,0.14210526315789473,0.00010000000000000009,0.0008877808989802905,0.12480202492577787,1.1030111628410397,74.85794603641159,0.1423728813559322,0.25084745762711863,1.2439796610169491,0.4670298479497433,0.85,26.647058823529413,0.0,20.0,False
env_odom_noise,0.14210526315789473,0.00010000000000000009,0.001838263351530691,0.12480202482639262,1.10330892575632,57.69671489058258,0.17089678510998307,0.2910321489001692,1.1752710659898478,0.4942398309707642,0.85,26.705882352941178,0.0,20.0,False
env_odom_noise,0.14210526315789473,0.00010000000000000009,0.003806358250624933,0.12466306277020582,1.102817325134442,49.249358023888725,0.20994940978077573,0.3566610455311973,1.0705895446880271,0.5209711804986,0.8,26.0625,0.0,20.0,False
env_odom_noise,0.14210526315789473,0.00010000000000000009,0.00788154924594252,0.12418781020636842,1.1003809731784127,45.0691904172518,0.25585284280936454,0.42642140468227424,0.9549257525083612,0.5390329033136367,0.75,25.533333333333335,0.0,20.0,False
env_odom_noise,0.14210526315789473,0.00010000000000000009,0.01631975090784437,0.1237911569309498,1.0803189024727757,42.875286107067055,0.31737012987012986,0.5097402597402597,0.8100896103896105,0.5431745707988739,0.65,24.846153846153847,0.0,20.0,False
env_odom_noise,0.14210526315789473,0.00010000000000000009,0.03379212149580846,0.12380225810327503,1.0781480020658005,42.08181548579344,0.39563106796116504,0.5622977346278317,0.6792711974110033,0.6890273869037629,0.65,25.0,0.0,20.0,False
env_odom_noise,0.14210526315789473,0.00010000000000000009,0.0699708887492028,0.12347390223769819,1.052902484176218,41.09173715477946,0.4836193447737909,0.5897035881435257,0.5638770670826834,0.8058892361819744,0.55,24.545454545454547,0.0,20.0,False
env_odom_noise,0.14210526315789473,0.00010000000000000009,0.14488363132100487,0.12327248319955585,1.033625998970732,40.54578373228496,0.5310136157337367,0.6059001512859304,0.5002862329803328,1.0602041646838187,0.5,25.1,0.0,20.0,False
env_odom_noise,0.14210526315789473,0.00010000000000000009,0.3,0.12221341061086281,1.0278289407305625,40.176341090583655,0.5539143279172821,0.6122599704579025,0.4710257016248154,1.2566375732421875,0.45,25.333333333333332,0.0,20.0,False
env_odom_noise,0.14210526315789473,0.00021690521830457365,0.00010000000000000009,0.1249957339581446,1.1059989207741951,206.46497399772218,0.13458262350936967,0.20954003407155025,1.29307734241908,0.494796222448349,0.9,27.166666666666668,0.0,20.0,False
env_odom_noise,0.14210526315789473,0.00021690521830457365,0.00020706272838739032,0.12499573379866172,1.1060008649322581,129.51883601310595,0.141396933560477,0.22061328790459966,1.2751897785349233,0.4949735000729561,0.9,27.166666666666668,0.0,20.0,False
env_odom_noise,0.14210526315789473,0.00021690521830457365,0.0004287497348723022,0.12480202516837689,1.1060516154594704,78.287324115638,0.1494057724957555,0.24533106960950765,1.2424631578947367,0.47562941536307335,0.9,27.27777777777778,0.0,20.0,False
env_odom_noise,0.14210526315789473,0.00021690521830457365,0.0008877808989802905,0.12480202456335578,1.1030290182129432,48.36378570481893,0.16186440677966102,0.2830508474576271,1.192284745762712,0.46750818714499476,0.85,26.647058823529413,0.0,20.0,False
env_odom_noise,0.14210526315789473,0.00021690521830457365,0.001838263351530691,0.12480202555601527,1.1033281190285709,32.338393966945695,0.19204737732656516,0.32148900169204736,1.1236636209813873,0.49477277621626853,0.85,26.705882352941178,0.0,20.0,False
env_odom_noise,0.14210526315789473,0.00021690521830457365,0.003806358250624933,0.12466306511920973,1.1028406360040413,24.225604117349864,0.22849915682967958,0.38701517706576727,1.021685666104553,0.5215488165616989,0.8,26.0625,0.0,20.0,False
env_odom_noise,0.14210526315789473,0.00021690521830457365,0.00788154924594252,0.12418781186918271,1.1003977502849778,20.238762975814446,0.27508361204013376,0.45568561872909696,0.9064307692307693,0.5394682809710503,0.75,25.533333333333335,0.0,20.0,False
env_odom_noise,0.14210526315789473,0.00021690521830457365,0.01631975090784437,0.12379115772606505,1.0803320547872828,18.308698147231578,0.33766233766233766,0.538961038961039,0.7605766233766234,0.5435070641338825,0.65,24.846153846153847,0.0,20.0,False
env_odom_noise,0.14210526315789473,0.00021690521830457365,0.03379212149580846,0.12380225953642592,1.0781579834788275,17.592699369902654,0.41504854368932037,0.5914239482200647,0.630727508090615,0.6893132872879505,0.65,25.0,0.0,20.0,False
env_odom_noise,0.14210526315789473,0.00021690521830457365,0.0699708887492028,0.12347390633006133,1.052909830913553,17.073654065888135,0.5031201248049922,0.6185647425897036,0.5155151326053041,0.8061290323734284,0.55,24.545454545454547,0.0,20.0,False
env_odom_noise,0.14210526315789473,0.00021690521830457365,0.14488363132100487,0.123272482087352,1.0336311327450032,16.89901457250838,0.5506807866868382,0.6346444780635401,0.45187473524962174,1.060359312593937,0.5,25.1,0.0,20.0,False
env_odom_noise,0.14210526315789473,0.00021690521830457365,0.3,0.1222134119757601,1.0278317714032927,16.852743616517994,0.5745937961595273,0.6410635155096012,0.4215426883308715,1.2567199066281318,0.45,25.333333333333332,0.0,20.0,False
env_odom_noise,0.14210526315789473,0.00047047873727754753,0.00010000000000000009,0.1249957339581446,1.1059989207741951,140.84058997239492,0.16695059625212946,0.2666098807495741,1.2036395229982964,0.494796222448349,0.9,27.166666666666668,0.0,20.0,False
env_odom_noise,0.14210526315789473,0.00047047873727754753,0.00020706272838739032,0.12499573330258228,1.1060022369775704,94.74861879304565,0.17206132879045996,0.2776831345826235,1.1874555366269166,0.4950843535363674,0.9,27.166666666666668,0.0,20.0,False
env_odom_noise,0.14210526315789473,0.00047047873727754753,0.0004287497348723022,0.12480202457045729,1.1060636401404607,58.462789238531734,0.1808149405772496,0.3064516129032258,1.1499334465195246,0.4763090007007122,0.9,27.27777777777778,0.0,20.0,False
env_odom_noise,0.14210526315789473,0.00047047873727754753,0.0008877808989802905,0.12480202531906814,1.1030666675609389,34.3935390954962,0.19152542372881357,0.3423728813559322,1.1033016949152543,0.46852811947464945,0.85,26.647058823529413,0.0,20.0,False
env_odom_noise,0.14210526315789473,0.00047047873727754753,0.001838263351530691,0.12480202494902022,1.1033687557996215,20.295238807614577,0.21912013536379019,0.383248730964467,1.0348311336717428,0.49591688737273215,0.85,26.705882352941178,0.0,20.0,False
env_odom_noise,0.14210526315789473,0.00047047873727754753,0.003806358250624933,0.12456108447347705,1.102890316068255,12.730976013706927,0.2558922558922559,0.44191919191919193,0.9393885521885521,0.5162493877112866,0.8,26.125,0.0,20.0,False
env_odom_noise,0.14210526315789473,0.00047047873727754753,0.00788154924594252,0.12418780838724192,1.1004339609308444,8.95913340463002,0.30267558528428096,0.5108695652173914,0.8236548494983277,0.5404086634516716,0.75,25.533333333333335,0.0,20.0,False
env_odom_noise,0.14210526315789473,0.00047047873727754753,0.01631975090784437,0.12379115529430303,1.0803598986404463,7.175077148733427,0.36444805194805197,0.5925324675324676,0.6802194805194804,0.5442272659391165,0.65,24.846153846153847,0.0,20.0,False
env_odom_noise,0.14210526315789473,0.00047047873727754753,0.03379212149580846,0.12380225746859273,1.0781795963305438,6.499932795492701,0.441747572815534,0.6448220064724919,0.5506304207119741,0.6899343207478523,0.65,25.0,0.0,20.0,False
env_odom_noise,0.14210526315789473,0.00047047873727754753,0.0699708887492028,0.12347390402379556,1.0529256711158599,6.196539641935849,0.5288611544461779,0.671606864274571,0.43673198127925117,0.8066484332084656,0.55,24.545454545454547,0.0,20.0,False
env_odom_noise,0.14210526315789473,0.00047047873727754753,0.14488363132100487,0.12327248366344855,1.0336420669037216,6.1910734194712695,0.5763993948562783,0.6860816944024206,0.37471891074130104,1.0606957167387008,0.5,25.1,0.0,20.0,False
env_odom_noise,0.14210526315789473,0.00047047873727754753,0.3,0.12221341171362264,1.0278380182955766,6.294107602073997,0.6011816838995568,0.6935007385524372,0.34251757754800594,1.2568985864520072,0.45,25.333333333333332,0.0,20.0,False
env_odom_noise,0.14210526315789473,0.001020492932168466,0.00010000000000000009,0.1249957339581446,1.105998875429546,85.92452465755444,0.21294718909710392,0.35093696763202725,1.073315843270869,0.49481561183929446,0.9,27.166666666666668,0.0,20.0,False
env_odom_noise,0.14210526315789473,0.001020492932168466,0.00020706272838739032,0.12499573387566738,1.1060117014723443,63.56867451014995,0.21805792163543442,0.3645655877342419,1.0545764906303237,0.4956466108560562,0.9,27.166666666666668,0.0,20.0,False
env_odom_noise,0.14210526315789473,0.001020492932168466,0.0004287497348723022,0.12480202369300564,1.1061078178682218,42.07602767004212,0.22241086587436332,0.38794567062818336,1.0268434634974533,0.4782190442085266,0.9,27.27777777777778,0.0,20.0,False
env_odom_noise,0.14210526315789473,0.001020492932168466,0.0008877808989802905,0.12480202419344759,1.103170434620214,25.229269616248867,0.23135593220338982,0.40932203389830507,0.9965220338983051,0.4710392355918884,0.85,26.647058823529413,0.0,20.0,False
env_odom_noise,0.14210526315789473,0.001020492932168466,0.001838263351530691,0.12480202476910182,1.1034960646793663,13.989396552223837,0.2614213197969543,0.4500846023688663,0.9256940778341793,0.49900598302483556,0.85,26.705882352941178,0.0,20.0,False
env_odom_noise,0.14210526315789473,0.001020492932168466,0.003806358250624933,0.1245610847089316,1.1029948361094062,7.3743200625401295,0.29545454545454547,0.5058922558922558,0.8358531986531987,0.5071090005338192,0.75,25.266666666666666,0.0,20.0,False
env_odom_noise,0.14210526315789473,0.001020492932168466,0.00788154924594252,0.12418780844733937,1.1005111253688904,3.8936932593835674,0.3419732441471572,0.5794314381270903,0.7157953177257526,0.5424292221665382,0.75,25.533333333333335,0.0,20.0,False
env_odom_noise,0.14210526315789473,0.001020492932168466,0.01631975090784437,0.12379115699222697,1.0804202035540849,2.227022667875009,0.40016233766233766,0.6558441558441559,0.5811935064935064,0.5457828216254711,0.65,24.846153846153847,0.0,20.0,False
env_odom_noise,0.14210526315789473,0.001020492932168466,0.03379212149580846,0.12380226002931966,1.0782263984655072,1.5821124645099731,0.47815533980582525,0.7071197411003236,0.45192491909385113,0.6912801787257195,0.65,25.0,0.0,20.0,False
env_odom_noise,0.14210526315789473,0.001020492932168466,0.0699708887492028,0.12347390410201989,1.0529602335143655,1.3778227442426916,0.5639625585023401,0.7316692667706708,0.3415681747269891,0.8077750869095326,0.55,24.545454545454547,0.0,20.0,False
env_odom_noise,0.14210526315789473,0.001020492932168466,0.14488363132100487,0.12327248396213525,1.0336657625401502,1.448476619252859,0.6104387291981845,0.7450832072617246,0.28167806354009084,1.0614243119955062,0.5,25.1,0.0,20.0,False
env_odom_noise,0.14210526315789473,0.001020492932168466,0.3,0.12221341058891716,1.0278517026167735,1.6206158462237672,0.6358936484490398,0.7518463810930576,0.24945997045790258,1.2572856172919273,0.45,25.333333333333332,0.0,20.0,False
env_odom_noise,0.14210526315789473,0.0022135024223027535,0.00010000000000000009,0.12474138339248524,1.106034323114162,46.31867217806783,0.272108843537415,0.4736394557823129,0.891451700680272,0.4855197034776211,0.9,27.22222222222222,0.0,20.0,False
env_odom_noise,0.14210526315789473,0.0022135024223027535,0.00020706272838739032,0.12480202348575518,1.1061348401748463,37.624813542268356,0.27504244482173174,0.48217317487266553,0.8799843803056027,0.4777385607361794,0.9,27.27777777777778,0.0,20.0,False
env_odom_noise,0.14210526315789473,0.0022135024223027535,0.0004287497348723022,0.12480202573638302,1.1030805063864764,27.41910643731801,0.27796610169491526,0.49745762711864405,0.8617762711864407,0.4660596430301666,0.85,26.647058823529413,0.0,20.0,False
env_odom_noise,0.14210526315789473,0.0022135024223027535,0.0008877808989802905,0.12480202340568981,1.1034882055349522,17.645385504083052,0.29067796610169494,0.5152542372881356,0.8312677966101695,0.4777562007308006,0.85,26.647058823529413,0.0,20.0,False
env_odom_noise,0.14210526315789473,0.0022135024223027535,0.001838263351530691,0.1248020261299114,1.1037944392254349,9.876897161313355,0.3197969543147208,0.5482233502538071,0.769179695431472,0.50615945905447,0.85,26.705882352941178,0.0,20.0,False
env_odom_noise,0.14210526315789473,0.0022135024223027535,0.003806358250624933,0.12456108515080098,1.1032092393792046,4.649140510342523,0.3543771043771044,0.6043771043771043,0.6784457912457913,0.5123816557228565,0.75,25.266666666666666,0.0,20.0,False
env_odom_noise,0.14210526315789473,0.0022135024223027535,0.00788154924594252,0.12418781102418514,1.100673992143791,1.6348039667517165,0.3963210702341137,0.6705685618729097,0.5703103678929766,0.546734119951725,0.75,25.533333333333335,0.0,20.0,False
env_odom_noise,0.14210526315789473,0.0022135024223027535,0.01631975090784437,0.12379115484892875,1.0805494324759632,0.11634764372135004,0.45616883116883117,0.7459415584415584,0.4350896103896104,0.5491424456238747,0.65,24.846153846153847,0.0,20.0,False
env_odom_noise,0.14210526315789473,0.0022135024223027535,0.03379212149580846,0.12380225772593946,1.0783271938133798,-0.4912536453799932,0.5283171521035599,0.7953074433656958,0.3135754045307443,0.6941939070820808,0.65,25.0,0.0,20.0,False
env_odom_noise,0.14210526315789473,0.0022135024223027535,0.0699708887492028,0.12347390642985022,1.0530349712777571,-0.647761510363382,0.6146645865834633,0.8198127925117005,0.20272262090483617,0.8102126538753509,0.55,24.545454545454547,0.0,20.0,False
env_odom_noise,0.14210526315789473,0.0022135024223027535,0.14488363132100487,0.12327248278433205,1.0337171851870197,-0.5435933591123991,0.659606656580938,0.8343419062027232,0.14325143721633882,1.0630029559135437,0.5,25.1,0.0,20.0,False
env_odom_noise,0.14210526315789473,0.0022135024223027535,0.3,0.12221341144579301,1.027881274107986,-0.33941761331045406,0.6838995568685377,0.8426883308714919,0.11301122599704583,1.2581250831484794,0.45,25.333333333333332,0.0,20.0,False
env_odom_noise,0.14210526315789473,0.004801202261272809,0.00010000000000000009,0.12458212695940757,1.105207823777882,22.136634871061215,0.37584459459459457,0.6013513513513513,0.6600040540540542,0.47863508984446523,0.85,26.764705882352942,0.0,20.0,False
env_odom_noise,0.14210526315789473,0.004801202261272809,0.00020706272838739032,0.12458212771030377,1.10529848709863,19.436786238226137,0.37922297297297297,0.606418918918919,0.6515581081081081,0.48166231587529185,0.85,26.764705882352942,0.0,20.0,False
env_odom_noise,0.14210526315789473,0.004801202261272809,0.0004287497348723022,0.12458212828541275,1.1054748563815142,15.569467414065407,0.3842905405405405,0.612331081081081,0.6405783783783785,0.48761278986930845,0.85,26.764705882352942,0.0,20.0,False
env_odom_noise,0.14210526315789473,0.004801202261272809,0.0008877808989802905,0.12448078741869306,1.1054723771208999,10.955578255945905,0.3956228956228956,0.6296296296296297,0.6119474747474747,0.49958368614315984,0.85,26.88235294117647,0.0,20.0,False
env_odom_noise,0.14210526315789473,0.004801202261272809,0.001838263351530691,0.12448078824515768,1.1044880140687168,6.493557347512213,0.4134453781512605,0.6588235294117647,0.5649310924369748,0.5068592265248298,0.75,25.333333333333332,0.0,20.0,False
env_odom_noise,0.14210526315789473,0.004801202261272809,0.003806358250624933,0.1241299811936887,1.1029905278646808,2.914755534334436,0.4423076923076923,0.709866220735786,0.4850260869565217,0.5276410169899464,0.75,25.533333333333335,0.0,20.0,False
env_odom_noise,0.14210526315789473,0.004801202261272809,0.00788154924594252,0.12408543515863688,1.1015501549515356,0.579271264444447,0.4808970099667774,0.7682724252491694,0.3880305647840532,0.5584775060415268,0.7,24.857142857142858,0.0,20.0,False
env_odom_noise,0.14210526315789473,0.004801202261272809,0.01631975090784437,0.12358625999783086,1.0824215562532262,-0.7141446452117735,0.5347896440129449,0.8398058252427184,0.26260453074433665,0.5676101461052895,0.65,25.0,0.0,20.0,False
env_odom_noise,0.14210526315789473,0.004801202261272809,0.03379212149580846,0.12359728845790331,1.0688830082654526,-1.2620528439766872,0.6070287539936102,0.8865814696485623,0.14358977635782744,0.6859777107834816,0.65,25.615384615384617,0.0,20.0,False
env_odom_noise,0.14210526315789473,0.004801202261272809,0.0699708887492028,0.12327583754893752,1.0479287523480654,-1.3924544636725715,0.6888544891640866,0.9071207430340558,0.053533746130030924,0.8114597432315349,0.5,23.6,0.0,20.0,False
env_odom_noise,0.14210526315789473,0.004801202261272809,0.14488363132100487,0.12282507164145608,1.0331460378382014,-1.2804728083605492,0.7338345864661654,0.9218045112781955,0.08383007518796992,1.0686872765421866,0.5,25.5,0.0,20.0,False
env_odom_noise,0.14210526315789473,0.004801202261272809,0.3,0.12203204254878097,1.043279377357228,-1.004803490446162,0.7612156295224313,0.9305354558610709,0.10248017366136042,1.2974001362919807,0.4,25.375,0.0,20.0,False
env_odom_noise,0.14210526315789473,0.010414058246057912,0.00010000000000000009,0.12429522573642973,1.1074684373147379,9.365506949382379,0.4983221476510067,0.7013422818791947,0.43753557046979863,0.5384054027497769,0.75,25.4,0.0,20.0,False
env_odom_noise,0.14210526315789473,0.010414058246057912,0.00020706272838739032,0.12429522578954248,1.1075102606993596,8.638077702597846,0.5016778523489933,0.7063758389261745,0.42914630872483217,0.5409658774733543,0.75,25.4,0.0,20.0,False
env_odom_noise,0.14210526315789473,0.010414058246057912,0.0004287497348723022,0.12415995383949757,1.1075956510269918,7.408882565249665,0.5041876046901173,0.7185929648241206,0.41441943048576213,0.5363931328058242,0.75,25.466666666666665,0.0,20.0,False
env_odom_noise,0.14210526315789473,0.010414058246057912,0.0008877808989802905,0.12394691682215615,1.1077662835834847,5.656069998152417,0.5108695652173914,0.7290969899665551,0.3972334448160535,0.5526973009109497,0.75,25.533333333333335,0.0,20.0,False
env_odom_noise,0.14210526315789473,0.010414058246057912,0.001838263351530691,0.12379330864891959,1.1081000077678655,3.576688487218536,0.5267111853088481,0.7537562604340567,0.35673255425709516,0.5593781836330891,0.75,25.6,0.0,20.0,False
env_odom_noise,0.14210526315789473,0.010414058246057912,0.003806358250624933,0.12406059682584827,1.1064946241940652,1.5610589297737256,0.5498338870431894,0.7940199335548173,0.29334617940199337,0.5604979626834392,0.65,23.76923076923077,0.0,20.0,False
env_odom_noise,0.14210526315789473,0.010414058246057912,0.00788154924594252,0.12394706326695965,1.0969420870316209,-0.00476170193814518,0.5789473684210527,0.8363486842105263,0.221903947368421,0.5745052688755095,0.65,24.23076923076923,0.0,20.0,False
env_odom_noise,0.14210526315789473,0.010414058246057912,0.01631975090784437,0.12340995529034458,1.0843601387469126,-0.9732618870987857,0.632258064516129,0.9008064516129032,0.10413548387096783,0.6176094599068165,0.6,24.0,0.0,20.0,False
env_odom_noise,0.14210526315789473,0.010414058246057912,0.03379212149580846,0.12314553208347764,1.0702648681242342,-1.4427474570361187,0.6977848101265823,0.944620253164557,0.024964556962025375,0.7194589719176292,0.65,26.076923076923077,0.0,20.0,False
env_odom_noise,0.14210526315789473,0.010414058246057912,0.0699708887492028,0.12310461421083392,1.0463525547521606,-1.531192119802998,0.7776923076923077,0.9615384615384616,0.10203076923076926,0.858148604631424,0.5,24.0,0.0,20.0,False
env_odom_noise,0.14210526315789473,0.010414058246057912,0.14488363132100487,0.12265915496251946,1.0341426251109942,-1.4177290694549658,0.820839580209895,0.974512743628186,0.15815232383808098,1.1257013000547886,0.5,25.7,0.0,20.0,False
env_odom_noise,0.14210526315789473,0.010414058246057912,0.3,0.1218881440002182,1.0438020825862944,-1.1464299271847913,0.8477011494252874,0.9813218390804598,0.1918229885057472,1.3286672741174699,0.4,26.0,0.0,20.0,False
env_odom_noise,0.14210526315789473,0.02258863577297737,0.00010000000000000009,0.12427338650111958,1.1107167299505203,3.161353451091194,0.6134105960264901,0.7822847682119205,0.24150463576158943,0.6149411588907242,0.65,23.923076923076923,0.0,20.0,False
env_odom_noise,0.14210526315789473,0.02258863577297737,0.00020706272838739032,0.12427338350625527,1.1107482957283115,2.9901821808223534,0.6150662251655629,0.7822847682119205,0.23984900662251663,0.6168160110712051,0.65,23.923076923076923,0.0,20.0,False
env_odom_noise,0.14210526315789473,0.02258863577297737,0.0004287497348723022,0.12427338662772136,1.107743332387958,2.6656630323129895,0.6198347107438017,0.7867768595041322,0.23058842975206606,0.6096276007592678,0.65,24.0,0.0,20.0,False
env_odom_noise,0.14210526315789473,0.02258863577297737,0.0008877808989802905,0.12427338417726828,1.1078781492763794,2.1416561058808625,0.6247933884297521,0.7975206611570248,0.21488595041322311,0.6172765724360942,0.65,24.0,0.0,20.0,False
env_odom_noise,0.14210526315789473,0.02258863577297737,0.001838263351530691,0.1241595142892183,1.1059366214364048,1.3745344691079275,0.6309719934102141,0.8154859967051071,0.1907420098846787,0.6225820869207382,0.65,24.153846153846153,0.0,20.0,False
env_odom_noise,0.14210526315789473,0.02258863577297737,0.003806358250624933,0.12415951208535003,1.0998688597325523,0.4729477419046078,0.6475409836065574,0.8385245901639344,0.15113442622950812,0.6246862377040088,0.65,24.384615384615383,0.0,20.0,False
env_odom_noise,0.14210526315789473,0.02258863577297737,0.00788154924594252,0.12415951211334948,1.0906805562655193,-0.36853766131436905,0.6785714285714286,0.8831168831168831,0.07551168831168831,0.6650787621736527,0.65,24.846153846153847,0.0,20.0,False
env_odom_noise,0.14210526315789473,0.02258863577297737,0.01631975090784437,0.1236323151421539,1.0819710536455311,-1.0088019041538836,0.7251602564102564,0.9326923076923077,0.06426794871794872,0.7103559292852879,0.65,25.46153846153846,0.0,20.0,False
env_odom_noise,0.14210526315789473,0.02258863577297737,0.03379212149580846,0.12334025146871046,1.0711091679956755,-1.3401085515946958,0.7806603773584906,0.9677672955974843,0.11122767295597491,0.781646890193224,0.55,24.09090909090909,0.0,20.0,False
env_odom_noise,0.14210526315789473,0.02258863577297737,0.0699708887492028,0.12331190154245733,1.0429643004031905,-1.3984989072039842,0.8563829787234043,0.9810030395136778,0.20018601823708215,0.9341172736138106,0.5,24.8,0.0,20.0,False
env_odom_noise,0.14210526315789473,0.02258863577297737,0.14488363132100487,0.1225055439031183,1.0276905256149063,-1.275632957432247,0.9017725258493353,0.9926144756277696,0.25718700147710494,1.1949818462133408,0.5,26.7,0.0,20.0,False
env_odom_noise,0.14210526315789473,0.02258863577297737,0.3,0.12208851516553415,1.0472615370022158,-1.006750942289732,0.9247851002865329,0.9978510028653295,0.2854361031518624,1.4301536083221436,0.4,26.25,0.0,20.0,False
env_odom_noise,0.14210526315789473,0.04899592973540154,0.00010000000000000009,0.12396829005797838,1.0984309751295793,0.5280643184909466,0.7139384116693679,0.853322528363047,0.13241588330632093,0.7272950477898121,0.6,23.75,0.0,20.0,False
env_odom_noise,0.14210526315789473,0.04899592973540154,0.00020706272838739032,0.12396828698773517,1.0984582070236266,0.4917465531366943,0.7155591572123177,0.8541329011345219,0.1332262560777958,0.7289234768599272,0.6,23.75,0.0,20.0,False
env_odom_noise,0.14210526315789473,0.04899592973540154,0.0004287497348723022,0.12396829092249399,1.0985145714037865,0.4210460491922549,0.7179902755267423,0.8541329011345219,0.13565737439222048,0.7322757504880428,0.6,23.75,0.0,20.0,False
env_odom_noise,0.14210526315789473,0.04899592973540154,0.0008877808989802905,0.12396829112587389,1.0970846530806422,0.29061146776822516,0.7200647249190939,0.8559870550161812,0.13587766990291272,0.730217806994915,0.6,23.833333333333332,0.0,20.0,False
env_odom_noise,0.14210526315789473,0.04899592973540154,0.001838263351530691,0.12396828845619795,1.096585731323323,0.0770564610610558,0.7261712439418416,0.8626817447495961,0.13528949919224553,0.7522332735359669,0.6,23.916666666666668,0.0,20.0,False
env_odom_noise,0.14210526315789473,0.04899592973540154,0.003806358250624933,0.12420404653029747,1.0970228954418613,-0.23598873036937904,0.7362903225806452,0.8838709677419355,0.12421935483870972,0.7688470035791397,0.6,24.0,0.0,20.0,False
env_odom_noise,0.14210526315789473,0.04899592973540154,0.00788154924594252,0.1240672390963234,1.0832989518591538,-0.6065865271121391,0.7563492063492063,0.9174603174603174,0.11068888888888895,0.7720997080206871,0.55,23.545454545454547,0.09090909090909091,20.0,False
env_odom_noise,0.14210526315789473,0.04899592973540154,0.01631975090784437,0.12344715664096216,1.077131729998398,-0.9246530929335166,0.7966772151898734,0.946993670886076,0.12148354430379749,0.8276315450668335,0.55,23.727272727272727,0.0,20.0,False
env_odom_noise,0.14210526315789473,0.04899592973540154,0.03379212149580846,0.12327836467047514,1.058357659672409,-1.1142104120529204,0.841820987654321,0.9722222222222222,0.17684320987654323,0.8918360270559788,0.55,25.181818181818183,0.0,20.0,False
env_odom_noise,0.14210526315789473,0.04899592973540154,0.0699708887492028,0.12282925399134986,1.0436301785497542,-1.1309009386145021,0.9072398190045249,0.9856711915535445,0.25571101055806944,1.103456235677004,0.5,25.3,0.0,20.0,False
env_odom_noise,0.14210526315789473,0.04899592973540154,0.14488363132100487,0.12206453643761146,1.048973004024594,-0.9698164793194908,0.9516594516594516,0.9927849927849928,0.30724444444444443,1.363036285340786,0.4,25.625,0.0,20.0,False
env_odom_noise,0.14210526315789473,0.04899592973540154,0.3,0.12199733309726889,1.0399847485236433,-0.7257349913016422,0.9710860366713682,0.9978843441466855,0.33177038081805366,1.547600269317627,0.4,27.625,0.0,20.0,False
env_odom_noise,0.14210526315789473,0.10627472835292812,0.00010000000000000009,0.12387506215448597,1.0791871401864492,-0.35249461030974283,0.78359375,0.9171875,0.13820624999999997,0.9481887675821781,0.5,23.0,0.0,20.0,False
env_odom_noise,0.14210526315789473,0.10627472835292812,0.00020706272838739032,0.12387506437256075,1.0792098324634056,-0.3592600361975833,0.784375,0.91875,0.13742500000000013,0.9493987366557122,0.5,23.0,0.0,20.0,False
env_odom_noise,0.14210526315789473,0.10627472835292812,0.0004287497348723022,0.12387506550255392,1.0792567358714757,-0.3728077214608151,0.784375,0.91953125,0.13664375000000006,0.9519046235829591,0.5,23.0,0.0,20.0,False
env_odom_noise,0.14210526315789473,0.10627472835292812,0.0008877808989802905,0.12387506182621007,1.0793526520140222,-0.39903710484872557,0.7859375,0.92109375,0.13664374999999995,0.9572220813483,0.5,23.0,0.1,20.0,False
env_odom_noise,0.14210526315789473,0.10627472835292812,0.001838263351530691,0.12387506468795137,1.0772428641706027,-0.44871355762477877,0.7901716068642746,0.9274570982839313,0.1345145085803433,0.9608220834285021,0.5,23.1,0.1,20.0,False
env_odom_noise,0.14210526315789473,0.10627472835292812,0.003806358250624933,0.12332304077240563,1.0643261809296585,-0.5414366136254162,0.800462249614792,0.9352850539291218,0.13697719568567024,0.9363654752261936,0.5,23.9,0.0,20.0,False
env_odom_noise,0.14210526315789473,0.10627472835292812,0.00788154924594252,0.12342646279240324,1.0604044284786824,-0.6489856085425915,0.8151840490797546,0.9493865030674846,0.13759754601227003,0.9585731696337462,0.5,24.2,0.0,20.0,False
env_odom_noise,0.14210526315789473,0.10627472835292812,0.01631975090784437,0.1234264651287028,1.053713331850155,-0.753045636257945,0.8399390243902439,0.9679878048780488,0.17072682926829275,1.0200231589376927,0.55,25.90909090909091,0.0,20.0,False
env_odom_noise,0.14210526315789473,0.10627472835292812,0.03379212149580846,0.12316409940195094,1.050643288680546,-0.8135960218089107,0.879154078549849,0.9811178247734139,0.22307190332326288,1.1460623741149902,0.55,26.454545454545453,0.0,20.0,False
env_odom_noise,0.14210526315789473,0.10627472835292812,0.0699708887492028,0.12218197980489835,1.0448552242475917,-0.7975014677544247,0.9292035398230089,0.9904129793510325,0.2824165191740413,1.333207879960537,0.5,26.8,0.0,20.0,False
env_odom_noise,0.14210526315789473,0.10627472835292812,0.14488363132100487,0.12164589101328101,1.0451503270850444,-0.621134625947134,0.9653954802259888,0.9929378531073446,0.3211333333333334,1.5748920485377311,0.4,27.5,0.0,20.0,False
env_odom_noise,0.14210526315789473,0.10627472835292812,0.3,0.12211248742278218,1.0516581117029336,-0.4102842201489434,0.9825418994413407,0.9979050279329609,0.3432469273743016,1.7509383618831635,0.35,27.0,0.0,20.0,False
env_odom_noise,0.14210526315789473,0.23051543153651136,0.00010000000000000009,0.12333105426574151,1.0488828608227856,-0.3947400050459774,0.8519345238095238,0.9642857142857143,0.17902023809523815,1.3253206737339496,0.55,27.363636363636363,0.09090909090909091,20.0,False
env_odom_noise,0.14210526315789473,0.23051543153651136,0.00020706272838739032,0.12333105397649383,1.048906956762969,-0.39556001969222276,0.8519345238095238,0.9650297619047619,0.1797642857142857,1.3265520751476287,0.55,27.363636363636363,0.09090909090909091,20.0,False
env_odom_noise,0.14210526315789473,0.23051543153651136,0.0004287497348723022,0.12333105692873879,1.0489568223750458,-0.39721833912496796,0.8526785714285714,0.9650297619047619,0.18050833333333327,1.329099690169096,0.55,27.363636363636363,0.09090909090909091,20.0,False
env_odom_noise,0.14210526315789473,0.23051543153651136,0.0008877808989802905,0.12333105451456998,1.0490599297050582,-0.400488453430324,0.8526785714285714,0.9665178571428571,0.1819964285714285,1.3343642868101597,0.55,27.363636363636363,0.09090909090909091,20.0,False
env_odom_noise,0.14210526315789473,0.23051543153651136,0.001838263351530691,0.12333105449365966,1.0492727892671547,-0.4066161475749977,0.8549107142857143,0.9672619047619048,0.18497261904761908,1.345217450708151,0.55,27.363636363636363,0.09090909090909091,20.0,False
env_odom_noise,0.14210526315789473,0.23051543153651136,0.003806358250624933,0.12307820218076687,1.0497109762143308,-0.4185188450471525,0.8603268945022289,0.974739970282318,0.19786686478454685,1.3609996363520622,0.55,27.454545454545453,0.09090909090909091,20.0,False
env_odom_noise,0.14210526315789473,0.23051543153651136,0.00788154924594252,0.1226170234724602,1.0467388937587727,-0.43888201154873757,0.8702064896755162,0.9800884955752213,0.21309498525073745,1.368719457834959,0.55,27.90909090909091,0.0,20.0,False
env_odom_noise,0.14210526315789473,0.23051543153651136,0.01631975090784437,0.12250299400229057,1.0465551962470248,-0.4514979223854533,0.8845588235294117,0.9852941176470589,0.23265294117647062,1.4321596801280976,0.45,25.666666666666668,0.0,20.0,False
env_odom_noise,0.14210526315789473,0.23051543153651136,0.03379212149580846,0.12182160009429657,1.0306991012564404,-0.44983381786817883,0.9167862266857962,0.9899569583931134,0.2695431850789096,1.4924540221691132,0.45,27.555555555555557,0.0,20.0,False
env_odom_noise,0.14210526315789473,0.23051543153651136,0.0699708887492028,0.12185223193931667,1.045220866031622,-0.36283189967799584,0.9433566433566434,0.9916083916083916,0.29776503496503504,1.7331878192722798,0.4,28.375,0.0,20.0,False
env_odom_noise,0.14210526315789473,0.23051543153651136,0.14488363132100487,0.12247154132996002,1.047048446891468,-0.24187782410517145,0.9698216735253772,0.9945130315500685,0.32713470507544573,1.8955329351127148,0.35,28.857142857142858,0.0,20.0,False
env_odom_noise,0.14210526315789473,0.23051543153651136,0.3,0.12235000128299256,1.0478625498581975,-0.042600382463112235,0.9870748299319728,0.9979591836734694,0.3478340136054422,2.048556353151798,0.35,29.714285714285715,0.0,20.0,False
env_odom_noise,0.14210526315789473,0.5,0.00010000000000000009,0.12198536663353476,1.0503649655550196,-0.0012537739349365452,0.9150815217391305,0.9850543478260869,0.2629358695652174,2.05429494343698,0.35,29.857142857142858,0.0,20.0,False
env_odom_noise,0.14210526315789473,0.5,0.00020706272838739032,0.12198536623809597,1.0503909606037711,-0.0012425588728146007,0.9150815217391305,0.9850543478260869,0.2629358695652174,2.0551527108997107,0.35,29.857142857142858,0.0,20.0,False
env_odom_noise,0.14210526315789473,0.5,0.0004287497348723022,0.1219853670570907,1.0504446479952259,-0.0012126568412046932,0.9150815217391305,0.9850543478260869,0.2629358695652174,2.0569285094738006,0.35,29.857142857142858,0.0,20.0,False
env_odom_noise,0.14210526315789473,0.5,0.0008877808989802905,0.12198536785801117,1.05055564094977,-0.0011224194050172178,0.9150815217391305,0.985733695652174,0.26361521739130445,2.0606033593416213,0.35,29.857142857142858,0.0,20.0,False
env_odom_noise,0.14210526315789473,0.5,0.001838263351530691,0.12198536759645358,1.0507846524092497,-0.0008224948234024884,0.9164402173913043,0.985733695652174,0.2649739130434783,2.068199371919036,0.35,29.857142857142858,0.0,20.0,False
env_odom_noise,0.14210526315789473,0.5,0.003806358250624933,0.12204641686308898,1.0512555602071187,-0.0006917335684713775,0.9185888738127544,0.9871099050203528,0.26849877883310724,2.0901383481919766,0.35,30.0,0.0,20.0,False
env_odom_noise,0.14210526315789473,0.5,0.00788154924594252,0.12190553185471112,1.0479888520501854,-0.0003978911286959584,0.9230769230769231,0.9878542510121457,0.2737311740890689,2.0968809477984904,0.35,30.571428571428573,0.0,20.0,False
env_odom_noise,0.14210526315789473,0.5,0.01631975090784437,0.12192198969045287,1.041645961799392,0.005526698684600202,0.9298128342245989,0.9906417112299465,0.2832545454545454,2.1208457641303537,0.35,31.571428571428573,0.0,20.0,False
env_odom_noise,0.14210526315789473,0.5,0.03379212149580846,0.1225428432817077,1.0419935442263604,0.030478843890780122,0.9442970822281167,0.9920424403183024,0.29913952254641907,2.217707895115018,0.35,32.42857142857143,0.0,20.0,False
env_odom_noise,0.14210526315789473,0.5,0.0699708887492028,0.12261675786091,1.043208068419257,0.08969936247148712,0.9631578947368421,0.9947368421052631,0.32069473684210525,2.3518121218308807,0.3,32.333333333333336,0.0,20.0,False
env_odom_noise,0.14210526315789473,0.5,0.14488363132100487,0.12257032236965809,1.0380924752112135,0.20210612164670488,0.9784595300261096,0.9967362924281984,0.33799582245430804,2.46825543679297,0.3,33.333333333333336,0.0,20.0,False
env_odom_noise,0.14210526315789473,0.5,0.3,0.12257032258487811,1.0399611915829512,0.3805761963192654,0.9908735332464146,0.9980443285528031,0.3517178617992177,2.556848558038473,0.3,33.5,0.0,20.0,False
env_odom_noise,0.15,0.00010000000000000009,0.00010000000000000009,0.12480202525382586,1.1344246753564053,305.54829110233135,0.11101694915254237,0.17203389830508475,1.354149152542373,0.49293935522437093,0.9,27.333333333333332,0.0,20.0,False
env_odom_noise,0.15,0.00010000000000000009,0.00020706272838739032,0.12480202527540527,1.1344250878574074,186.0925766506278,0.11694915254237288,0.17966101694915254,1.3405898305084745,0.4929896630346775,0.9,27.333333333333332,0.0,20.0,False
env_odom_noise,0.15,0.00010000000000000009,0.0004287497348723022,0.1248020236982487,1.1344669392470812,116.28074749293505,0.1288135593220339,0.20508474576271185,1.3033016949152543,0.4953360088169575,0.9,27.333333333333332,0.0,20.0,False
env_odom_noise,0.15,0.00010000000000000009,0.0008877808989802905,0.12480202484880949,1.134697423082229,78.77006126528214,0.13898305084745763,0.2440677966101695,1.254149152542373,0.49557731971144675,0.85,26.647058823529413,0.0,20.0,False
env_odom_noise,0.15,0.00010000000000000009,0.001838263351530691,0.1248020248925419,1.1352670801584654,59.707617037025294,0.16440677966101694,0.28728813559322036,1.1855050847457629,0.5166501730680466,0.85,26.647058823529413,0.0,20.0,False
env_odom_noise,0.15,0.00010000000000000009,0.003806358250624933,0.1243444094546775,1.132541333114342,50.09641020936951,0.2042016806722689,0.34705882352941175,1.0859394957983193,0.5201702393591404,0.75,25.333333333333332,0.0,20.0,False
env_odom_noise,0.15,0.00010000000000000009,0.00788154924594252,0.12418780939109376,1.1301890234991392,45.5224028166988,0.24832775919732442,0.4180602006688963,0.9708120401337792,0.5494447603821755,0.75,25.533333333333335,0.0,20.0,False
env_odom_noise,0.15,0.00010000000000000009,0.01631975090784437,0.12379115582649117,1.1100383516650698,43.093998161449505,0.3125,0.5008116883116883,0.8238883116883117,0.5528918910771609,0.65,24.846153846153847,0.0,20.0,False
env_odom_noise,0.15,0.00010000000000000009,0.03379212149580846,0.1238624057304858,1.1037246940892136,42.22066327388285,0.38263665594855306,0.5594855305466238,0.6950778135048232,0.6834850333631038,0.65,25.307692307692307,0.0,20.0,False
env_odom_noise,0.15,0.00010000000000000009,0.0699708887492028,0.12347390693102131,1.08281304993996,41.14343394832943,0.4703588143525741,0.5889235569422777,0.5779176287051482,0.8124884195625782,0.5,23.1,0.0,20.0,False
env_odom_noise,0.15,0.00010000000000000009,0.14488363132100487,0.1232724840479485,1.0612512295238485,40.50779737510644,0.5279456193353474,0.6064954682779456,0.5027589123867069,1.0577024444937706,0.5,25.2,0.0,20.0,False
env_odom_noise,0.15,0.00010000000000000009,0.3,0.1222134086707691,1.0591575385793222,40.2467100760496,0.5517751479289941,0.6116863905325444,0.47373846153846155,1.2663364261388779,0.45,25.22222222222222,0.0,20.0,False
env_odom_noise,0.15,0.00021690521830457365,0.00010000000000000009,0.12480202525382586,1.1344246753564053,227.39694867764769,0.13050847457627118,0.20508474576271185,1.3016067796610171,0.49293935522437093,0.9,27.333333333333332,0.0,20.0,False
env_odom_noise,0.15,0.00021690521830457365,0.00020706272838739032,0.12480202504792895,1.134425515440564,141.96686047226467,0.13983050847457626,0.21610169491525424,1.2812677966101695,0.49300371408462523,0.9,27.333333333333332,0.0,20.0,False
env_odom_noise,0.15,0.00021690521830457365,0.0004287497348723022,0.1248020242475474,1.1344712760211972,85.33725633894501,0.14915254237288136,0.24067796610169492,1.2473694915254239,0.4955949239432812,0.9,27.333333333333332,0.0,20.0,False
env_odom_noise,0.15,0.00021690521830457365,0.0008877808989802905,0.12480202568805882,1.134715751429968,52.111502309721075,0.1576271186440678,0.2754237288135593,1.2041491525423729,0.49606541693210604,0.85,26.647058823529413,0.0,20.0,False
env_odom_noise,0.15,0.00021690521830457365,0.001838263351530691,0.12480202596102083,1.1352875247208687,34.26429549706999,0.1847457627118644,0.3177966101694915,1.1346576271186442,0.5171740911900997,0.85,26.647058823529413,0.0,20.0,False
env_odom_noise,0.15,0.00021690521830457365,0.003806358250624933,0.12434440870023515,1.132566101342736,25.089994258438907,0.2235294117647059,0.37815126050420167,1.0355193277310923,0.5207155607640743,0.75,25.333333333333332,0.0,20.0,False
env_odom_noise,0.15,0.00021690521830457365,0.00788154924594252,0.12418780753276912,1.1302070279145933,20.689537958179606,0.2683946488294314,0.44732441471571904,0.9214809364548495,0.5498785227537155,0.75,25.533333333333335,0.0,20.0,False
env_odom_noise,0.15,0.00021690521830457365,0.01631975090784437,0.12379115801799016,1.1100521261304697,18.52683155958004,0.3327922077922078,0.5300324675324676,0.7743753246753247,0.5532219342887401,0.65,24.846153846153847,0.0,20.0,False
env_odom_noise,0.15,0.00021690521830457365,0.03379212149580846,0.12386240676568976,1.1037350186791106,17.709627022640205,0.40273311897106107,0.5892282958199357,0.6452385852090032,0.6837333761155605,0.65,25.307692307692307,0.0,20.0,False
env_odom_noise,0.15,0.00021690521830457365,0.0699708887492028,0.12347390390016244,1.0828208494518468,17.12531581342913,0.48985959438377535,0.6177847113884556,0.529555694227769,0.8127202272415162,0.5,23.1,0.0,20.0,False
env_odom_noise,0.15,0.00021690521830457365,0.14488363132100487,0.12327248265268384,1.061256446774286,16.896740863206123,0.547583081570997,0.6351963746223565,0.45442054380664654,1.057857757806778,0.5,25.2,0.0,20.0,False
env_odom_noise,0.15,0.00021690521830457365,0.3,0.12221341100640024,1.0591605996905789,16.88860962675846,0.5724852071005917,0.6405325443786982,0.42418224852071007,1.266418682038784,0.45,25.22222222222222,0.0,20.0,False
env_odom_noise,0.15,0.00047047873727754753,0.00010000000000000009,0.12480202525382586,1.1344246753564053,155.9262173303533,0.1652542372881356,0.26440677966101694,1.2075389830508474,0.49293935522437093,0.9,27.333333333333332,0.0,20.0,False
env_odom_noise,0.15,0.00047047873727754753,0.00020706272838739032,0.1248020257557562,1.1344265555827628,104.69114744094409,0.1694915254237288,0.2745762711864407,1.1931322033898306,0.4930818475782871,0.9,27.333333333333332,0.0,20.0,False
env_odom_noise,0.15,0.00047047873727754753,0.0004287497348723022,0.12480202515556944,1.1344833925186475,64.59235626011677,0.17711864406779662,0.3,1.1600813559322034,0.49624958261847496,0.9,27.333333333333332,0.0,20.0,False
env_odom_noise,0.15,0.00047047873727754753,0.0008877808989802905,0.1248020254989062,1.1347544557645173,37.84424878176855,0.1864406779661017,0.3347457627118644,1.116013559322034,0.49710584729909896,0.85,26.647058823529413,0.0,20.0,False
env_odom_noise,0.15,0.00047047873727754753,0.001838263351530691,0.12480202467939283,1.1353308007476224,22.118362203129937,0.21271186440677967,0.3771186440677966,1.0473694915254237,0.5182986572384835,0.85,26.647058823529413,0.0,20.0,False
env_odom_noise,0.15,0.00047047873727754753,0.003806358250624933,0.12434440912208218,1.1326192561300463,13.606222918720977,0.25126050420168067,0.4327731092436975,0.9531663865546218,0.521887382119894,0.75,25.333333333333332,0.0,20.0,False
env_odom_noise,0.15,0.00047047873727754753,0.00788154924594252,0.12418781027392069,1.130245481457162,9.404757805783305,0.2968227424749164,0.5016722408026756,0.8387050167224079,0.5508145779371262,0.75,25.533333333333335,0.0,20.0,False
env_odom_noise,0.15,0.00047047873727754753,0.01631975090784437,0.1237911576929964,1.1100819372311113,7.391972415681694,0.3587662337662338,0.5836038961038961,0.6948298701298701,0.5539370816200971,0.65,24.846153846153847,0.0,20.0,False
env_odom_noise,0.15,0.00047047873727754753,0.03379212149580846,0.12386240696331248,1.1037574832548567,6.606603849079947,0.4284565916398714,0.6414790996784566,0.567264308681672,0.6842723987996578,0.65,25.307692307692307,0.0,20.0,False
env_odom_noise,0.15,0.00047047873727754753,0.0699708887492028,0.1234739046520894,1.0828378292227279,6.248133989415882,0.516380655226209,0.6708268330733229,0.44999251170046806,0.8132229313254357,0.5,23.1,0.0,20.0,False
env_odom_noise,0.15,0.00047047873727754753,0.14488363132100487,0.12327248259544288,1.061267968590845,6.20496001774258,0.573262839879154,0.6865558912386707,0.37738126888217527,1.0581939682364463,0.5,25.2,0.0,20.0,False
env_odom_noise,0.15,0.00047047873727754753,0.3,0.12221340962067329,1.0591673300969089,6.314350397455088,0.599112426035503,0.6930473372781065,0.3450402366863905,1.2665971249341965,0.45,25.22222222222222,0.0,20.0,False
env_odom_noise,0.15,0.001020492932168466,0.00010000000000000009,0.12480202525382586,1.1344244679000617,95.58570131890812,0.20847457627118643,0.3474576271186441,1.0812677966101694,0.49293663427233697,0.9,27.333333333333332,0.0,20.0,False
env_odom_noise,0.15,0.001020492932168466,0.00020706272838739032,0.12480202472146822,1.134434937507157,70.68391887748784,0.211864406779661,0.35677966101694913,1.06855593220339,0.49356972202658655,0.9,27.333333333333332,0.0,20.0,False
env_odom_noise,0.15,0.001020492932168466,0.0004287497348723022,0.12480202504055093,1.134527598933205,46.94402307653051,0.21694915254237288,0.3805084745762712,1.039742372881356,0.4885737232863903,0.85,26.647058823529413,0.0,20.0,False
env_odom_noise,0.15,0.001020492932168466,0.0008877808989802905,0.12480202577917311,1.1348612583310687,28.209260292060232,0.2305084745762712,0.40847457627118644,0.9982169491525423,0.49966819360852244,0.85,26.647058823529413,0.0,20.0,False
env_odom_noise,0.15,0.001020492932168466,0.001838263351530691,0.12480202525103677,1.1354666956215476,15.654280519180222,0.2542372881355932,0.4457627118644068,0.9371999999999999,0.521346140652895,0.85,26.647058823529413,0.0,20.0,False
env_odom_noise,0.15,0.001020492932168466,0.003806358250624933,0.12434440838677294,1.132731020776612,8.214956616367822,0.28991596638655465,0.49831932773109244,0.8489647058823528,0.5243788056075573,0.75,25.333333333333332,0.0,20.0,False
env_odom_noise,0.15,0.001020492932168466,0.00788154924594252,0.1241878104244874,1.1303278953654818,4.3287434891464045,0.33444816053511706,0.5668896321070234,0.7358622073578596,0.5528266787528991,0.75,25.533333333333335,0.0,20.0,False
env_odom_noise,0.15,0.001020492932168466,0.01631975090784437,0.12379115734832075,1.1101461003186028,2.4413046161193908,0.3944805194805195,0.6469155844155844,0.5958038961038961,0.5554822120815516,0.65,24.846153846153847,0.0,20.0,False
env_odom_noise,0.15,0.001020492932168466,0.03379212149580846,0.1238624071286916,1.103806202752592,1.6836579540856889,0.4646302250803859,0.7033762057877814,0.46919356913183274,0.6854410208761692,0.65,25.307692307692307,0.0,20.0,False
env_odom_noise,0.15,0.001020492932168466,0.0699708887492028,0.12347390654895637,1.080410706489155,1.423569854251403,0.5529595015576324,0.7313084112149533,0.3529320872274143,0.8113025382161141,0.5,23.2,0.0,20.0,False
env_odom_noise,0.15,0.001020492932168466,0.14488363132100487,0.12327248240728685,1.0612931263224605,1.4694959825354321,0.6072507552870091,0.7454682779456193,0.28448096676737156,1.058922825753689,0.5,25.2,0.0,20.0,False
env_odom_noise,0.15,0.001020492932168466,0.3,0.12221341050397093,1.0591817107233326,1.6339371363783135,0.6338757396449705,0.7514792899408284,0.2518449704142012,1.2669832706451416,0.45,25.22222222222222,0.0,20.0,False
env_odom_noise,0.15,0.0022135024223027535,0.00010000000000000009,0.12480202496892705,1.1344594665964445,51.94739303084931,0.27033898305084747,0.46864406779661016,0.8982169491525424,0.4945088870823383,0.9,27.333333333333332,0.0,20.0,False
env_odom_noise,0.15,0.0022135024223027535,0.00020706272838739032,0.12480202552066358,1.1345610991686284,42.29013825104917,0.27288135593220336,0.47711864406779664,0.8872,0.48821266293525695,0.85,26.647058823529413,0.0,20.0,False
env_odom_noise,0.15,0.0022135024223027535,0.0004287497348723022,0.12480202583431284,1.1347803953114775,30.93391817247543,0.2754237288135593,0.4923728813559322,0.8694033898305085,0.4946195028722286,0.85,26.647058823529413,0.0,20.0,False
env_odom_noise,0.15,0.0022135024223027535,0.0008877808989802905,0.1248020240615987,1.1351749188925075,19.9963194205073,0.288135593220339,0.5076271186440678,0.8414372881355932,0.5066173166036606,0.85,26.647058823529413,0.0,20.0,False
env_odom_noise,0.15,0.0022135024223027535,0.001838263351530691,0.12480202535012512,1.135783650223697,11.303364385848967,0.31271186440677967,0.5423728813559322,0.7821152542372881,0.528329572826624,0.85,26.647058823529413,0.0,20.0,False
env_odom_noise,0.15,0.0022135024223027535,0.003806358250624933,0.12434441199044954,1.1329601301715604,5.420553180105935,0.34705882352941175,0.5907563025210084,0.6993848739495798,0.5295831158757209,0.75,25.333333333333332,0.0,20.0,False
env_odom_noise,0.15,0.0022135024223027535,0.00788154924594252,0.1241878098277974,1.1305013592863438,2.0492930429802803,0.3887959866220736,0.6622073578595318,0.5861966555183946,0.5571125760674477,0.75,25.533333333333335,0.0,20.0,False
env_odom_noise,0.15,0.0022135024223027535,0.01631975090784437,0.12379115687826166,1.1102833912627923,0.3252812630227236,0.4472402597402597,0.737012987012987,0.45294675324675326,0.5588089685887099,0.65,24.846153846153847,0.0,20.0,False
env_odom_noise,0.15,0.0022135024223027535,0.03379212149580846,0.12386240713104123,1.1039109559421514,-0.3929752457002315,0.5160771704180064,0.792604501607717,0.3285183279742766,0.6879731975495815,0.65,25.307692307692307,0.0,20.0,False
env_odom_noise,0.15,0.0022135024223027535,0.0699708887492028,0.12347390451332371,1.080489773818673,-0.5991582153623826,0.6035825545171339,0.8193146417445483,0.21430280373831778,0.8136355236172677,0.5,23.2,0.0,20.0,False
env_odom_noise,0.15,0.0022135024223027535,0.14488363132100487,0.12327248095580857,1.06134734261933,-0.5196325426702227,0.6555891238670695,0.8345921450151057,0.14701873111782482,1.0605018705129623,0.5,25.2,0.0,20.0,False
env_odom_noise,0.15,0.0022135024223027535,0.3,0.1222134100471474,1.0592128453448812,-0.32901384236827885,0.6819526627218935,0.8424556213017751,0.11279171597633142,1.267819620668888,0.45,25.22222222222222,0.0,20.0,False
env_odom_noise,0.15,0.004801202261272809,0.00010000000000000009,0.12458212742846318,1.1346951614027814,25.164898471790917,0.3676222596964587,0.5961214165261383,0.673456323777403,0.4968195028603077,0.85,26.823529411764707,0.0,20.0,False
env_odom_noise,0.15,0.004801202261272809,0.00020706272838739032,0.12458212672445228,1.1347852963056986,22.123055821205366,0.37099494097807756,0.5994940978077572,0.6667109612141653,0.49989872723817824,0.85,26.823529411764707,0.0,20.0,False
env_odom_noise,0.15,0.004801202261272809,0.0004287497348723022,0.12458212646225555,1.1349437067431487,17.77709328453645,0.3777403035413153,0.606239460370995,0.6532202360876898,0.5060333803296089,0.85,26.823529411764707,0.0,20.0,False
env_odom_noise,0.15,0.004801202261272809,0.0008877808989802905,0.12448078566130948,1.1338618275725616,12.601974170806987,0.3873949579831933,0.6210084033613446,0.6287966386554622,0.5209164477884769,0.85,26.941176470588236,0.0,20.0,False
env_odom_noise,0.15,0.004801202261272809,0.001838263351530691,0.12448078690917426,1.1343021619618538,7.59945753831773,0.40672268907563025,0.6504201680672269,0.5800571428571428,0.5180974036455155,0.75,25.333333333333332,0.0,20.0,False
env_odom_noise,0.15,0.004801202261272809,0.003806358250624933,0.12412997895471774,1.1328378861955841,3.588448175245089,0.43478260869565216,0.6981605351170569,0.5042568561872909,0.5383473448455334,0.75,25.533333333333335,0.0,20.0,False
env_odom_noise,0.15,0.004801202261272809,0.00788154924594252,0.12408543724652638,1.1264153705769333,0.9480612089690303,0.4735099337748344,0.7591059602649006,0.40458410596026495,0.550905211828649,0.7,25.0,0.0,20.0,False
env_odom_noise,0.15,0.004801202261272809,0.01631975090784437,0.12358626015060903,1.112269300068477,-0.515252109562398,0.5250809061488673,0.8276699029126213,0.2844491909385114,0.5771244961768389,0.65,25.0,0.0,20.0,False
env_odom_noise,0.15,0.004801202261272809,0.03379212149580846,0.12365840700052919,1.1058687746749156,-1.1680592674316594,0.5961538461538461,0.8798076923076923,0.16123846153846155,0.706629590690136,0.65,25.46153846153846,0.0,20.0,False
env_odom_noise,0.15,0.004801202261272809,0.0699708887492028,0.12327583649187743,1.0777834077729314,-1.3420519867565277,0.6780185758513931,0.9063467492260062,0.05283467492260063,0.8187777571380138,0.5,23.6,0.0,20.0,False
env_odom_noise,0.15,0.004801202261272809,0.14488363132100487,0.12282507327941904,1.063223425468981,-1.2557217860880334,0.7293233082706767,0.9218045112781955,0.07931879699248123,1.0753495551645755,0.5,25.5,0.0,20.0,False
env_odom_noise,0.15,0.004801202261272809,0.3,0.12203204002805224,1.0758244407307664,-0.9924110618096801,0.7597684515195369,0.9305354558610709,0.10103299565846602,1.3047285467386245,0.4,25.375,0.0,20.0,False
env_odom_noise,0.15,0.010414058246057912,0.00010000000000000009,0.12408097959686255,1.1374550874573175,10.801750651796436,0.4932998324958124,0.6943048576214406,0.44959530988274704,0.5565423391759395,0.75,25.466666666666665,0.0,20.0,False
env_odom_noise,0.15,0.010414058246057912,0.00020706272838739032,0.1239469180284955,1.137500680545086,9.966573876629225,0.49581939799331104,0.6998327759197325,0.4415478260869565,0.5493607342243194,0.75,25.533333333333335,0.0,20.0,False
env_odom_noise,0.15,0.010414058246057912,0.0004287497348723022,0.1239469169871756,1.1375938834244717,8.618912399995853,0.4983277591973244,0.705685618729097,0.4331866220735786,0.5542748488485814,0.75,25.533333333333335,0.0,20.0,False
env_odom_noise,0.15,0.010414058246057912,0.0008877808989802905,0.1239469164429825,1.1377800761394632,6.680119599367536,0.5066889632107023,0.7224080267558528,0.40810301003344485,0.5637943059206009,0.75,25.533333333333335,0.0,20.0,False
env_odom_noise,0.15,0.010414058246057912,0.001838263351530691,0.12379330818676605,1.1381437571782826,4.3507256657555216,0.5208681135225376,0.7454090150250418,0.37092287145242064,0.5701577208936215,0.75,25.6,0.0,20.0,False
env_odom_noise,0.15,0.010414058246057912,0.003806358250624933,0.12406059459330514,1.1355526935847022,2.0885076271964005,0.5422885572139303,0.785240464344942,0.3096709784411277,0.5690269432961941,0.65,23.846153846153847,0.0,20.0,False
env_odom_noise,0.15,0.010414058246057912,0.00788154924594252,0.12394706329086044,1.1263262025150014,0.3175759435682602,0.5714285714285714,0.8284072249589491,0.23736420361247945,0.591559848934412,0.65,24.307692307692307,0.0,20.0,False
env_odom_noise,0.15,0.010414058246057912,0.01631975090784437,0.12340995703094584,1.1144245876533174,-0.7913475468088695,0.6209677419354839,0.8927419354838709,0.12349032258064518,0.6270291052758694,0.6,24.0,0.0,20.0,False
env_odom_noise,0.15,0.010414058246057912,0.03379212149580846,0.12348304141490822,1.100475893759212,-1.337457561351461,0.6888888888888889,0.9396825396825397,0.02100634920634925,0.7417734593153,0.6,24.833333333333332,0.0,20.0,False
env_odom_noise,0.15,0.010414058246057912,0.0699708887492028,0.12298450156708891,1.0763519528405858,-1.4860421183118055,0.7672811059907834,0.9608294930875576,0.09091059907834098,0.8565807633101941,0.5,24.1,0.0,20.0,False
env_odom_noise,0.15,0.010414058246057912,0.14488363132100487,0.12265915396251555,1.0643617221548756,-1.393121346374804,0.8170914542728636,0.974512743628186,0.15440419790104953,1.132123313099146,0.5,25.7,0.0,20.0,False
env_odom_noise,0.15,0.010414058246057912,0.3,0.12188814119491102,1.0764455588543809,-1.1340952919243492,0.8462643678160919,0.9813218390804598,0.19038620689655172,1.3359657146036625,0.4,26.0,0.0,20.0,False
env_odom_noise,0.15,0.02258863577297737,0.00010000000000000009,0.1242733850015062,1.139465715182462,3.849070679027242,0.6125827814569537,0.7806291390728477,0.24398807947019863,0.6228596039116383,0.65,23.923076923076923,0.0,20.0,False
env_odom_noise,0.15,0.02258863577297737,0.00020706272838739032,0.1242733856470054,1.1395004542273013,3.6575765540486787,0.6134105960264901,0.7831125827814569,0.24067682119205303,0.6247029095888138,0.65,23.923076923076923,0.0,20.0,False
env_odom_noise,0.15,0.02258863577297737,0.0004287497348723022,0.12393216648421476,1.1307669822734345,3.2527502263346313,0.6149425287356322,0.7857142857142857,0.23654318555008214,0.6241263553500176,0.65,24.307692307692307,0.0,20.0,False
env_odom_noise,0.15,0.02258863577297737,0.0008877808989802905,0.12393216687783988,1.1258306947756584,2.6559829216683175,0.6178396072013094,0.7913256955810147,0.22803469721767589,0.614149521663785,0.65,24.46153846153846,0.0,20.0,False
env_odom_noise,0.15,0.02258863577297737,0.001838263351530691,0.12415951389228794,1.1254680099269712,1.8314476568441198,0.6252045826513911,0.8060556464811784,0.20593977086743043,0.6150019596330821,0.65,24.46153846153846,0.0,20.0,False
env_odom_noise,0.15,0.02258863577297737,0.003806358250624933,0.1241595132205325,1.131778680848801,0.8420145034542399,0.6412151067323482,0.825944170771757,0.17004072249589486,0.6427322180941701,0.65,24.307692307692307,0.0,20.0,False
env_odom_noise,0.15,0.02258863577297737,0.00788154924594252,0.12415951512522591,1.1212028247679036,-0.1159393766298147,0.6696428571428571,0.8636363636363636,0.10392077922077925,0.6757374722510576,0.65,24.846153846153847,0.0,20.0,False
env_odom_noise,0.15,0.02258863577297737,0.01631975090784437,0.12363231494905215,1.112403539177065,-0.8535635794095143,0.7123397435897436,0.9246794871794872,0.05946025641025643,0.72059972807765,0.65,25.46153846153846,0.0,20.0,False
env_odom_noise,0.15,0.02258863577297737,0.03379212149580846,0.12334025130565689,1.0973979771308773,-1.2458730391312525,0.770735524256651,0.9608763693270735,0.0944118935837246,0.7722392037510872,0.55,24.363636363636363,0.0,20.0,False
env_odom_noise,0.15,0.02258863577297737,0.0699708887492028,0.12331189841418161,1.0706572945914314,-1.3522075057055427,0.8490136570561456,0.9795144157814871,0.19132807283763276,0.9362002361565829,0.5,24.9,0.0,20.0,False
env_odom_noise,0.15,0.02258863577297737,0.14488363132100487,0.12250554097624236,1.059033566096533,-1.2539576689357985,0.8979289940828402,0.9918639053254438,0.252592899408284,1.2052936553955078,0.5,26.6,0.0,20.0,False
env_odom_noise,0.15,0.02258863577297737,0.3,0.12208851631373964,1.0814510034493134,-0.997246932734068,0.9232424677187948,0.9978479196556671,0.2838903873744619,1.4407916754484176,0.4,26.125,0.125,20.0,False
env_odom_noise,0.15,0.04899592973540154,0.00010000000000000009,0.12396828869291424,1.1293165196684631,0.8641117538134018,0.7025931928687196,0.8419773095623987,0.13241588330632093,0.7379294950515032,0.6,23.75,0.0,20.0,False
env_odom_noise,0.15,0.04899592973540154,0.00020706272838739032,0.12396828822716943,1.1293458689181146,0.8230113989863312,0.7034035656401945,0.8419773095623987,0.1332262560777958,0.7395485587418079,0.6,23.75,0.0,20.0,False
env_odom_noise,0.15,0.04899592973540154,0.0004287497348723022,0.12396829224312195,1.1294063689188598,0.7429535662083996,0.7090761750405187,0.8460291734197731,0.1348470016207456,0.742880143597722,0.6,23.75,0.0,20.0,False
env_odom_noise,0.15,0.04899592973540154,0.0008877808989802905,0.12396829063042838,1.1288793808906945,0.6004732800812294,0.7103559870550162,0.848705501618123,0.1334504854368933,0.7581321034580469,0.6,23.833333333333332,0.0,20.0,False
env_odom_noise,0.15,0.04899592973540154,0.001838263351530691,0.12396828989025346,1.1275617806375169,0.3524926672474518,0.7172859450726979,0.8529886914378029,0.1360972536348951,0.7628473199903965,0.6,23.916666666666668,0.0,20.0,False
env_odom_noise,0.15,0.04899592973540154,0.003806358250624933,0.12420404591306483,1.1250136578047094,-0.009008123978791057,0.7286634460547504,0.8703703703703703,0.1300930756843801,0.7726239301264286,0.6,24.083333333333332,0.0,20.0,False
env_odom_noise,0.15,0.04899592973540154,0.00788154924594252,0.12406724125791617,1.1140936387171847,-0.4303084668054679,0.7476190476190476,0.903968253968254,0.11545079365079369,0.7814887933433056,0.55,23.545454545454547,0.09090909090909091,20.0,False
env_odom_noise,0.15,0.04899592973540154,0.01631975090784437,0.1232851538112622,1.1053189125367928,-0.8081917222715417,0.7902208201892744,0.943217665615142,0.11880315457413249,0.836034358292818,0.55,23.90909090909091,0.0,20.0,False
env_odom_noise,0.15,0.04899592973540154,0.03379212149580846,0.12327836516019795,1.0862354501228821,-1.040517410538507,0.8320493066255779,0.9668721109399075,0.16172141756548541,0.8959838315844536,0.55,25.272727272727273,0.0,20.0,False
env_odom_noise,0.15,0.04899592973540154,0.0699708887492028,0.1228292564535308,1.0741945773359864,-1.0880205360682962,0.9019607843137255,0.9819004524886877,0.24666123680241325,1.1112474977970124,0.5,25.3,0.0,20.0,False
env_odom_noise,0.15,0.04899592973540154,0.14488363132100487,0.122064538410699,1.0818672788828851,-0.946326233167628,0.9458874458874459,0.9927849927849928,0.30147243867243867,1.3706128291785717,0.4,25.625,0.0,20.0,False
env_odom_noise,0.15,0.04899592973540154,0.3,0.12199733189305868,1.0865463895890648,-0.7345687753953789,0.9700854700854701,0.9978632478632479,0.33074871794871796,1.5819847092032433,0.4,26.75,0.125,20.0,False
env_odom_noise,0.15,0.10627472835292812,0.00010000000000000009,0.12387506337864554,1.1090919322388872,-0.19619727222199035,0.77265625,0.90390625,0.14055000000000006,0.9583571560680866,0.5,23.0,0.0,20.0,False
env_odom_noise,0.15,0.10627472835292812,0.00020706272838739032,0.1237132514952696,1.1072980756851627,-0.20853461483982536,0.7733644859813084,0.9049844236760125,0.1401800623052959,0.9608956031501293,0.5,23.2,0.0,20.0,False
env_odom_noise,0.15,0.10627472835292812,0.0004287497348723022,0.12371325356000266,1.106267601655406,-0.22334326880229707,0.7737169517884914,0.9074650077760498,0.1380519440124417,0.9555811069905757,0.5,23.3,0.1,20.0,False
env_odom_noise,0.15,0.10627472835292812,0.0008877808989802905,0.12371325405637297,1.1063664466206813,-0.25366495513167225,0.7752721617418351,0.911353032659409,0.13571912908242612,0.9601863201707601,0.5,23.3,0.1,20.0,False
env_odom_noise,0.15,0.10627472835292812,0.001838263351530691,0.12371325318561954,1.1065711087902852,-0.3089107842845884,0.7791601866251944,0.9175738724727839,0.13338631415241053,0.9696690574288368,0.5,23.3,0.1,20.0,False
env_odom_noise,0.15,0.10627472835292812,0.003806358250624933,0.12342646467084399,1.097077039147509,-0.4137514391646796,0.7919876733436055,0.9306625577812019,0.1331251155624037,0.9349151004105807,0.5,23.9,0.0,20.0,False
env_odom_noise,0.15,0.10627472835292812,0.00788154924594252,0.12342646587311588,1.0913154444352602,-0.5397813710892814,0.8067484662576687,0.9440184049079755,0.13453006134969325,0.9660003978759051,0.5,24.2,0.0,20.0,False
env_odom_noise,0.15,0.10627472835292812,0.01631975090784437,0.12342646586237298,1.0846123596778807,-0.668825325136862,0.8277439024390244,0.9596036585365854,0.15014756097560977,1.0291569069027902,0.55,25.90909090909091,0.0,20.0,False
env_odom_noise,0.15,0.10627472835292812,0.03379212149580846,0.12316409750100225,1.0816168395476848,-0.755060653061852,0.8731117824773413,0.9803625377643505,0.2162743202416918,1.1542328238487243,0.5,25.2,0.0,20.0,False
env_odom_noise,0.15,0.10627472835292812,0.0699708887492028,0.12218198003275317,1.0773708964416726,-0.7618935366719131,0.9224519940915805,0.9867060561299852,0.2719580502215657,1.3455085813999177,0.5,26.7,0.1,20.0,False
env_odom_noise,0.15,0.10627472835292812,0.14488363132100487,0.12175157480253747,1.0784211926656824,-0.6017770366037025,0.9590973201692524,0.9929478138222849,0.31484513399153735,1.5725690990686416,0.4,27.625,0.0,20.0,False
env_odom_noise,0.15,0.10627472835292812,0.3,0.12211248609806742,1.0853900801550558,-0.3986534440016669,0.9797486033519553,0.9979050279329609,0.34045363128491624,1.7576846316456796,0.35,27.0,0.0,20.0,False
env_odom_noise,0.15,0.23051543153651136,0.00010000000000000009,0.12333105571895349,1.080396168659904,-0.31872553515558844,0.8467261904761905,0.9635416666666666,0.1730678571428571,1.3367519117891788,0.5,26.2,0.1,20.0,False
env_odom_noise,0.15,0.23051543153651136,0.00020706272838739032,0.12333105740677809,1.0804216441149883,-0.31978373017342393,0.8467261904761905,0.9635416666666666,0.1730678571428571,1.3379530690610408,0.5,26.2,0.1,20.0,False
env_odom_noise,0.15,0.23051543153651136,0.0004287497348723022,0.12333105498982282,1.0804742878345317,-0.3219287501029082,0.8474702380952381,0.9635416666666666,0.17381190476190478,1.3404364548623562,0.5,26.2,0.1,20.0,False
env_odom_noise,0.15,0.23051543153651136,0.0008877808989802905,0.1233310563545771,1.0805835121051104,-0.3261793479177336,0.8482142857142857,0.9635416666666666,0.17455595238095234,1.3455609507858752,0.5,26.2,0.1,20.0,False
env_odom_noise,0.15,0.23051543153651136,0.001838263351530691,0.1233310562453816,1.0808086252456484,-0.3342320554939691,0.8511904761904762,0.9635416666666666,0.1775321428571428,1.356104462593794,0.5,26.2,0.1,20.0,False
env_odom_noise,0.15,0.23051543153651136,0.003806358250624933,0.12293504549658632,1.0812719001679698,-0.351469582888928,0.8516320474777448,0.9658753709198813,0.1803074183976261,1.3640695735812187,0.5,26.4,0.1,20.0,False
env_odom_noise,0.15,0.23051543153651136,0.00788154924594252,0.12261702101663033,1.079694491616313,-0.3762855325456451,0.8604135893648449,0.9734121122599705,0.1966257016248154,1.3836825780570507,0.5,26.7,0.1,20.0,False
env_odom_noise,0.15,0.23051543153651136,0.01631975090784437,0.12223985593220289,1.0781340634383774,-0.400205473813981,0.8795888399412628,0.9809104258443465,0.22329926578560932,1.4339273244142532,0.45,25.77777777777778,0.0,20.0,False
env_odom_noise,0.15,0.23051543153651136,0.03379212149580846,0.1218216027552871,1.0578628390282196,-0.4100806010519383,0.9041487839771102,0.9878397711015737,0.2547885550786839,1.48786755874753,0.45,27.77777777777778,0.0,20.0,False
env_odom_noise,0.15,0.23051543153651136,0.0699708887492028,0.12185223263229518,1.0788415993855294,-0.33317610337105213,0.9370629370629371,0.9916083916083916,0.29147132867132874,1.7407575972378253,0.4,28.375,0.0,20.0,False
env_odom_noise,0.15,0.23051543153651136,0.14488363132100487,0.122471540082752,1.0809942358443454,-0.22335179942284455,0.9657064471879286,0.9931412894375857,0.3216477366255144,1.9022596813738346,0.35,28.857142857142858,0.0,20.0,False
env_odom_noise,0.15,0.23051543153651136,0.3,0.12235000244151231,1.0820132995180016,-0.03186734234558812,0.9850340136054422,0.9979591836734694,0.34579319727891156,2.0552285730838777,0.35,29.714285714285715,0.0,20.0,False
env_odom_noise,0.15,0.5,0.00010000000000000009,0.12204641794422044,1.0849668951277502,0.03971361327256964,0.9043419267299865,0.9837177747625508,0.25085970149253733,2.0685096636414526,0.35,30.0,0.0,20.0,False
env_odom_noise,0.15,0.5,0.00020706272838739032,0.12204642025290924,1.0849942726050406,0.03964871503342802,0.9043419267299865,0.9837177747625508,0.25085970149253733,2.069356417655945,0.35,30.0,0.0,20.0,False
env_odom_noise,0.15,0.5,0.0004287497348723022,0.12204642131230067,1.0850513175498133,0.03952293542082705,0.9043419267299865,0.9837177747625508,0.25085970149253733,2.071108476817608,0.35,30.0,0.0,20.0,False
env_odom_noise,0.15,0.5,0.0008877808989802905,0.1220464187371228,1.0851689805387585,0.03929616543912359,0.9043419267299865,0.9837177747625508,0.25085970149253733,2.074734767526388,0.35,30.0,0.0,20.0,False
env_odom_noise,0.15,0.5,0.001838263351530691,0.12204642013259226,1.0854117390780895,0.038962429296773196,0.9043419267299865,0.9837177747625508,0.25085970149253733,2.082232070714235,0.35,30.0,0.0,20.0,False
env_odom_noise,0.15,0.5,0.003806358250624933,0.12204641853379139,1.0859107640164813,0.03878255153673349,0.9077340569877883,0.9843962008141113,0.2549302578018996,2.0977029755711554,0.35,30.0,0.0,20.0,False
env_odom_noise,0.15,0.5,0.00788154924594252,0.12190553167881504,1.0825926095345888,0.03667304941615625,0.9156545209176788,0.9858299595141701,0.26428448043184893,2.104370269179344,0.35,30.571428571428573,0.0,20.0,False
env_odom_noise,0.15,0.5,0.01631975090784437,0.12207081525996832,1.076132146827295,0.037741253264510104,0.9212283044058746,0.9873164218958611,0.2713447263017357,2.121734739094973,0.35,31.714285714285715,0.0,20.0,False
env_odom_noise,0.15,0.5,0.03379212149580846,0.12246277743682855,1.0766017795588312,0.057301021213622155,0.9357615894039735,0.9920529801324504,0.29061456953642384,2.21941097676754,0.35,32.57142857142857,0.0,20.0,False
env_odom_noise,0.15,0.5,0.0699708887492028,0.12257032194740937,1.0761053594994092,0.10984791488091897,0.9566929133858267,0.9940944881889764,0.31358740157480314,2.3478768749162553,0.3,32.666666666666664,0.0,20.0,False
env_odom_noise,0.15,0.5,0.14488363132100487,0.12257032226860809,1.072777890199285,0.21697729922498127,0.9751958224543081,0.9947780678851175,0.3327738903394256,2.4743691585958003,0.3,33.333333333333336,0.0,20.0,False
env_odom_noise,0.15,0.5,0.3,0.12257032172634187,1.0747927839841216,0.3899810872325529,0.9876140808344198,0.9980443285528031,0.34845840938722294,2.5628218971192838,0.3,33.5,0.0,20.0,False
