sweep_param,sweep_value,sigma_visible,odom_noise,mean_err_visible,mean_err_occluded,calibration_nll,coverage_1sigma,coverage_2sigma,coverage_deviation,mean_final_dist,advance_rate,mean_steps_to_advance,false_advance_rate,n_episodes,viable
baseline,,0.00010000000000000009,0.00010000000000000009,0.1257966824127758,0.7363287370548944,71.60997764630068,0.14365671641791045,0.23818407960199006,1.2553592039800994,0.4048876350124677,0.9333333333333333,24.857142857142858,0.0,30.0,False
baseline,,0.00010000000000000009,0.00020706272838739032,0.12579668304693886,0.7363296465366891,58.08188674130461,0.16417910447761194,0.27549751243781095,1.197523383084577,0.40576653778553007,0.9333333333333333,24.857142857142858,0.0,30.0,False
baseline,,0.00010000000000000009,0.0004287497348723022,0.12579668273575945,0.7363447713905946,50.101665391873794,0.19154228855721392,0.32960199004975127,1.1160557213930349,0.41534342914819716,0.9333333333333333,24.857142857142858,0.0,30.0,False
baseline,,0.00010000000000000009,0.0008877808989802905,0.12557073187959553,0.7357095506963552,45.75879272234709,0.23759305210918114,0.3901985111662531,1.009408436724566,0.4278356430431207,0.9333333333333333,24.928571428571427,0.0,30.0,False
baseline,,0.00010000000000000009,0.001838263351530691,0.12528524058994078,0.7305462822874368,43.50759435586955,0.29545454545454547,0.4668304668304668,0.8749149877149878,0.41467844968040785,0.9,24.703703703703702,0.0,30.0,False
baseline,,0.00010000000000000009,0.003806358250624933,0.12515087066761196,0.7239559259900938,42.31823966508333,0.35992691839220464,0.5310596833130329,0.7462133982947625,0.43059148147391774,0.9,24.962962962962962,0.0,30.0,False
baseline,,0.00010000000000000009,0.00788154924594252,0.12530529194849152,0.712939322511218,42.08274701891207,0.43779904306220097,0.5819377990430622,0.6174631578947368,0.4150026310235262,0.8,23.833333333333332,0.0,30.0,False
baseline,,0.00010000000000000009,0.01631975090784437,0.1250710163491265,0.7022935524313809,41.74600009142787,0.5058548009367682,0.6036299765807962,0.5277152224824356,0.4707110042373339,0.8,24.583333333333332,0.0,30.0,False
baseline,,0.00010000000000000009,0.03379212149580846,0.12500929797287824,0.6837496051725755,41.3024407198656,0.5546697038724373,0.6133257403189066,0.46920455580865605,0.5781125321984291,0.7666666666666667,25.0,0.0,30.0,False
baseline,,0.00010000000000000009,0.0699708887492028,0.12492449833986785,0.6568282615936724,40.93195008278282,0.5770065075921909,0.6203904555314533,0.4398030368763558,0.7074966723720233,0.7,25.761904761904763,0.0,30.0,False
baseline,,0.00010000000000000009,0.14488363132100487,0.12400409347689063,0.637602058511192,40.258716638814185,0.5882045929018789,0.6268267223382046,0.42216868475991653,0.9070902879039446,0.6333333333333333,26.263157894736842,0.0,30.0,False
baseline,,0.00010000000000000009,0.3,0.12409596760523066,0.6262514989063512,40.56985631629328,0.5904471544715447,0.6280487804878049,0.4187040650406504,1.07375827729702,0.5666666666666667,26.294117647058822,0.0,30.0,False
baseline,,0.00021690521830457365,0.00010000000000000009,0.1257966824127758,0.7363287370548944,39.528572834685114,0.16977611940298507,0.27798507462686567,1.1894388059701493,0.4048876350124677,0.9333333333333333,24.857142857142858,0.0,30.0,False
baseline,,0.00021690521830457365,0.00020706272838739032,0.12579668286393964,0.7363299879984774,30.145723402615786,0.18781094527363185,0.31343283582089554,1.1359562189054726,0.4059644634524981,0.9333333333333333,24.857142857142858,0.0,30.0,False
baseline,,0.00021690521830457365,0.0004287497348723022,0.12579668231189373,0.7363459034960342,23.87443086371245,0.21517412935323382,0.3656716417910448,1.0563542288557215,0.4160331398248672,0.9333333333333333,24.857142857142858,0.0,30.0,False
baseline,,0.00021690521830457365,0.0008877808989802905,0.12557073194433996,0.7357148202021494,20.171930711681195,0.25744416873449133,0.4249379652605459,0.9548178660049627,0.4287026746819417,0.9333333333333333,24.928571428571427,0.0,30.0,False
baseline,,0.00021690521830457365,0.001838263351530691,0.12528524077516592,0.7305526678373019,18.197226797072997,0.3132678132678133,0.49692874692874694,0.8270034398034398,0.41547306030988695,0.9,24.703703703703702,0.0,30.0,False
baseline,,0.00021690521830457365,0.003806358250624933,0.12515087269844777,0.7239636638483152,17.248110435506508,0.37758830694275275,0.5609013398294762,0.698710353227771,0.431482091297706,0.9,24.962962962962962,0.0,30.0,False
baseline,,0.00021690521830457365,0.00788154924594252,0.1253052923924564,0.7129449019064308,17.022542926883233,0.4557416267942584,0.611244019138756,0.5702143540669855,0.4156588990241289,0.8,23.833333333333332,0.0,30.0,False
baseline,,0.00021690521830457365,0.01631975090784437,0.12507101901215326,0.7022977481366383,16.90736630553307,0.5240046838407494,0.6323185011709602,0.4808768149882904,0.4711679548025131,0.8,24.583333333333332,0.0,30.0,False
baseline,,0.00021690521830457365,0.03379212149580846,0.1250092992294821,0.6837528612750535,16.835260409965006,0.5728929384965832,0.6417995444191344,0.42250751708428236,0.5784624084830284,0.7666666666666667,25.0,0.0,30.0,False
baseline,,0.00021690521830457365,0.0699708887492028,0.12492449944924626,0.656830811472598,16.834384401843153,0.5949023861171366,0.648590021691974,0.39370759219088935,0.707751194636027,0.7,25.761904761904763,0.0,30.0,False
baseline,,0.00021690521830457365,0.14488363132100487,0.12400409359043282,0.6376038983524013,16.718615519834042,0.6064718162839249,0.6555323590814196,0.3751958246346555,0.9072428007920583,0.6333333333333333,26.263157894736842,0.0,30.0,False
baseline,,0.00021690521830457365,0.3,0.12409596854144707,0.6262526180407905,17.056624203087946,0.608739837398374,0.6570121951219512,0.3714479674796748,1.0738386968771616,0.5666666666666667,26.294117647058822,0.0,30.0,False
baseline,,0.00047047873727754753,0.00010000000000000009,0.1257966824127758,0.7363287370548944,20.921964698010935,0.2064676616915423,0.3420398009950249,1.0886925373134329,0.4048876350124677,0.9333333333333333,24.857142857142858,0.0,30.0,False
baseline,,0.00047047873727754753,0.00020706272838739032,0.12579668278086684,0.7363308047601067,15.434712300276674,0.22388059701492538,0.3781094527363184,1.0352099502487562,0.40654998024304706,0.9333333333333333,24.857142857142858,0.0,30.0,False
baseline,,0.00047047873727754753,0.0004287497348723022,0.12579668255634815,0.7363490745536778,11.149347678969791,0.2493781094527363,0.4253731343283582,0.9624487562189055,0.41766042610009513,0.9333333333333333,24.857142857142858,0.0,30.0,False
baseline,,0.00047047873727754753,0.0008877808989802905,0.12557073254588874,0.7357260615063534,8.297957920842352,0.2866004962779156,0.4801488833746898,0.8704506203473945,0.43055129051208496,0.9333333333333333,24.928571428571427,0.0,30.0,False
baseline,,0.00047047873727754753,0.001838263351530691,0.1252852396655601,0.7305663173344501,6.652843008280857,0.343980343980344,0.547911547911548,0.7453081081081081,0.4171762297550837,0.9,24.703703703703702,0.0,30.0,False
baseline,,0.00047047873727754753,0.003806358250624933,0.12515087172446576,0.7239802428609623,5.871546625108419,0.4043848964677223,0.6138855054811205,0.6189295980511571,0.4334057140474518,0.9,24.962962962962962,0.0,30.0,False
baseline,,0.00047047873727754753,0.00788154924594252,0.12530529070470303,0.7129570629021961,5.663706120030059,0.48145933014354064,0.659688995215311,0.49605167464114835,0.4170753758400679,0.8,23.833333333333332,0.0,30.0,False
baseline,,0.00047047873727754753,0.01631975090784437,0.1250710150972582,0.7023068309619624,5.652466419336558,0.5491803278688525,0.680327868852459,0.4076918032786885,0.472157321870327,0.8,24.583333333333332,0.0,30.0,False
baseline,,0.00047047873727754753,0.03379212149580846,0.12500929924434043,0.6837599063034397,5.749207526414634,0.5979498861047836,0.6896355353075171,0.3496145785876993,0.5792195980747541,0.7666666666666667,25.0,0.0,30.0,False
baseline,,0.00047047873727754753,0.0699708887492028,0.1249245001280512,0.6568362448880829,5.916062193384725,0.6198481561822126,0.6952277657266811,0.3221240780911063,0.7083027939001719,0.7,25.761904761904763,0.0,30.0,False
baseline,,0.00047047873727754753,0.14488363132100487,0.1240040948013168,0.6376078958979285,6.054737391264633,0.6315240083507306,0.7009394572025052,0.3047365344467642,0.907573155562083,0.6333333333333333,26.263157894736842,0.0,30.0,False
baseline,,0.00047047873727754753,0.3,0.12409596656592982,0.6262549612782462,6.40428506099395,0.633130081300813,0.7027439024390244,0.30132601626016253,1.074012902379036,0.5666666666666667,26.294117647058822,0.0,30.0,False
baseline,,0.001020492932168466,0.00010000000000000009,0.12579668246822717,0.7363287323296576,9.606534689286997,0.2605721393034826,0.44092039800995025,0.9357074626865671,0.4049823184808095,0.9333333333333333,24.857142857142858,0.0,30.0,False
baseline,,0.001020492932168466,0.00020706272838739032,0.12579668295061963,0.7363339895247044,6.993801026154585,0.27549751243781095,0.47201492537313433,0.8896875621890548,0.40855733106533687,0.9333333333333333,24.857142857142858,0.0,30.0,False
baseline,,0.001020492932168466,0.0004287497348723022,0.12579668222615945,0.7356594695334138,4.546021747632084,0.2925465838509317,0.5099378881987577,0.8347155279503106,0.4190698412557443,0.9333333333333333,24.892857142857142,0.0,30.0,False
baseline,,0.001020492932168466,0.0008877808989802905,0.12557073234499594,0.7357570448522739,2.642748082446907,0.33002481389578164,0.5570719602977667,0.7501032258064516,0.4350138472393155,0.9333333333333333,24.928571428571427,0.0,30.0,False
baseline,,0.001020492932168466,0.001838263351530691,0.1252852392888206,0.7295758442729968,1.408113855639026,0.38466257668711656,0.6214723926380368,0.6310650306748466,0.4142267492910226,0.9,24.74074074074074,0.0,30.0,False
baseline,,0.001020492932168466,0.003806358250624933,0.12515087144968456,0.7225079037864951,0.788928827570674,0.4440389294403893,0.6818734793187348,0.5112875912408759,0.429821546189487,0.9,25.0,0.0,30.0,False
baseline,,0.001020492932168466,0.00788154924594252,0.1253052896249199,0.712983031354515,0.6199738764314408,0.5167464114832536,0.7254784688995215,0.39497511961722487,0.4201169550418854,0.8,23.833333333333332,0.0,30.0,False
baseline,,0.001020492932168466,0.01631975090784437,0.12507101510528995,0.7010011054552411,0.6565887445086399,0.583625730994152,0.7432748538011696,0.3102994152046783,0.4671912223100662,0.8,24.625,0.0,30.0,False
baseline,,0.001020492932168466,0.03379212149580846,0.1250092997927452,0.6837751605726924,0.8329914442145085,0.6309794988610479,0.7505694760820045,0.2556510250569476,0.5808584118882815,0.7666666666666667,25.0,0.0,30.0,False
baseline,,0.001020492932168466,0.0699708887492028,0.1249244981756481,0.6568480477337871,1.0742332019252157,0.6518438177874186,0.7543383947939263,0.23101778741865509,0.7094980359077454,0.7,25.761904761904763,0.0,30.0,False
baseline,,0.001020492932168466,0.14488363132100487,0.12400409380533879,0.6376167118814313,1.3274429867991306,0.6638830897703549,0.7593945720250522,0.21392233820459283,0.9082893028855323,0.6333333333333333,26.263157894736842,0.0,30.0,False
baseline,,0.001020492932168466,0.3,0.12409596636382526,0.6262599468748419,1.6813404738747364,0.6666666666666666,0.7596544715447154,0.21087886178861792,1.074390592177709,0.5666666666666667,26.294117647058822,0.0,30.0,False
baseline,,0.0022135024223027535,0.00010000000000000009,0.12579668255081097,0.7363392361697421,2.984586053108441,0.3314676616915423,0.5802238805970149,0.7255084577114428,0.4100203365087509,0.9333333333333333,24.857142857142858,0.0,30.0,False
baseline,,0.0022135024223027535,0.00020706272838739032,0.12579668273423528,0.7356672301914626,2.013369555615299,0.3416149068322981,0.6006211180124224,0.6949639751552795,0.4162114582955837,0.9333333333333333,24.892857142857142,0.0,30.0,False
baseline,,0.0022135024223027535,0.0004287497348723022,0.12557073269603278,0.735731115747897,0.8696158104187836,0.36724565756823824,0.6265508684863523,0.6434034739454094,0.42230359551807245,0.9333333333333333,24.928571428571427,0.0,30.0,False
baseline,,0.0022135024223027535,0.0008877808989802905,0.12543567634761182,0.7327433110351111,-0.19205892273016906,0.39555006180469715,0.6749072929542645,0.5667426452410382,0.4235188902976612,0.9333333333333333,25.035714285714285,0.0,30.0,False
baseline,,0.0022135024223027535,0.001838263351530691,0.1252852412636721,0.7285304529754378,-0.9658441426928559,0.44362745098039214,0.7248774509803921,0.4686950980392157,0.41736731405059496,0.9,24.77777777777778,0.0,30.0,False
baseline,,0.0022135024223027535,0.003806358250624933,0.12515087151766374,0.7213579868066662,-1.395987694255581,0.5,0.7776427703523694,0.3595572296476306,0.4309660233557224,0.9,25.037037037037038,0.0,30.0,False
baseline,,0.0022135024223027535,0.00788154924594252,0.12530528901752544,0.7130377737216306,-1.5140339259891504,0.5699760765550239,0.8139952153110048,0.25322870813397125,0.42657983178893727,0.8,23.833333333333332,0.0,30.0,False
baseline,,0.0022135024223027535,0.01631975090784437,0.1250710179567793,0.7010433262718876,-1.44355462579023,0.6333333333333333,0.8280701754385965,0.17579649122807017,0.4718085373441378,0.8,24.625,0.0,30.0,False
baseline,,0.0022135024223027535,0.03379212149580846,0.1250093005574346,0.683807894332711,-1.2371801899280468,0.6799544419134397,0.835990888382688,0.12125466970387233,0.5843945513168971,0.7666666666666667,25.0,0.0,30.0,False
baseline,,0.0022135024223027535,0.0699708887492028,0.12471396793565692,0.656873533769862,-0.9704266276712517,0.699349945828819,0.8391115926327194,0.1320383531960997,0.6980299450457096,0.6666666666666666,25.15,0.0,30.0,False
baseline,,0.0022135024223027535,0.14488363132100487,0.12400409386217694,0.6376356002063239,-0.6623656666794432,0.7092901878914405,0.8434237995824635,0.13766638830897704,0.9098402544856071,0.6333333333333333,26.263157894736842,0.0,30.0,False
baseline,,0.0022135024223027535,0.3,0.124095968336655,0.6262708488119294,-0.3076963047899786,0.7113821138211383,0.8429878048780488,0.14019430894308949,1.0752091348171233,0.5666666666666667,26.294117647058822,0.0,30.0,False
baseline,,0.004801202261272809,0.00010000000000000009,0.12508488974652276,0.7327012480700184,-0.4541117146351113,0.45571955719557194,0.7380073800738007,0.4434730627306273,0.40551022787888846,0.9,24.666666666666668,0.0,30.0,False
baseline,,0.004801202261272809,0.00020706272838739032,0.1250848912966203,0.7327286207905964,-0.7494138540925418,0.46494464944649444,0.7490774907749077,0.42317785977859784,0.41167814765746397,0.9,24.666666666666668,0.0,30.0,False
baseline,,0.004801202261272809,0.0004287497348723022,0.12508489151834387,0.7312522581225349,-1.1614486276990428,0.4834152334152334,0.769041769041769,0.38474299754299757,0.41654728321979445,0.9,24.703703703703702,0.0,30.0,False
baseline,,0.004801202261272809,0.0008877808989802905,0.12512206878312493,0.725861987883448,-1.6202261869433532,0.5066991473812423,0.7959805115712546,0.33452034104750306,0.4005796144406001,0.9,24.962962962962962,0.0,30.0,False
baseline,,0.004801202261272809,0.001838263351530691,0.1253000371687639,0.7248790483174447,-2.0090493978655064,0.5413122721749696,0.8383961117861483,0.25749161603888215,0.4198719710111618,0.9,25.037037037037038,0.0,30.0,False
baseline,,0.004801202261272809,0.003806358250624933,0.1255512273629225,0.7177576203442706,-2.2485845502199093,0.5901442307692307,0.8798076923076923,0.16724807692307697,0.40216251810391745,0.8333333333333334,24.28,0.0,30.0,False
baseline,,0.004801202261272809,0.00788154924594252,0.12489971443813612,0.7108457792512262,-2.3160790737460264,0.657396449704142,0.9071005917159763,0.07270295857988163,0.41338161105910937,0.8,24.208333333333332,0.0,30.0,False
baseline,,0.004801202261272809,0.01631975090784437,0.12491417026985432,0.6977554658948681,-2.2160110931042687,0.7133720930232558,0.9174418604651163,0.06773023255813948,0.4823180094361305,0.8,24.833333333333332,0.0,30.0,False
baseline,,0.004801202261272809,0.03379212149580846,0.12478243778157319,0.6811697731587748,-1.998518193128533,0.754524886877828,0.9242081447963801,0.10211674208144794,0.58991606036822,0.7666666666666667,25.26086956521739,0.0,30.0,False
baseline,,0.004801202261272809,0.0699708887492028,0.12430785917339411,0.6554341518372113,-1.7208844248087871,0.7704741379310345,0.9256465517241379,0.11662758620689662,0.7118042573332787,0.6666666666666666,25.4,0.0,30.0,False
baseline,,0.004801202261272809,0.14488363132100487,0.12431383302329285,0.6330080780666764,-1.3873289105743354,0.7789256198347108,0.9287190082644629,0.12200661157024795,0.8969846869508425,0.6,26.11111111111111,0.0,30.0,False
baseline,,0.004801202261272809,0.3,0.1237457257774249,0.623146306566304,-1.0390715659171683,0.7815338042381433,0.929364278506559,0.12396952573158437,1.0829480250676473,0.5666666666666667,26.705882352941178,0.0,30.0,False
baseline,,0.010414058246057912,0.00010000000000000009,0.12513630886324953,0.7246647030911605,-1.9170244635306137,0.597457627118644,0.8710653753026635,0.16867699757869248,0.42498920286695163,0.8666666666666667,24.615384615384617,0.0,30.0,False
baseline,,0.010414058246057912,0.00020706272838739032,0.12513630819191124,0.7246837754058633,-1.9859517120355579,0.6029055690072639,0.8765133171912833,0.15778111380145277,0.4294854658345381,0.8666666666666667,24.615384615384617,0.0,30.0,False
baseline,,0.010414058246057912,0.0004287497348723022,0.1250040207118148,0.7247220463162573,-2.098347339288457,0.619105199516324,0.8845223700120919,0.13357243047158407,0.4319354010125001,0.8666666666666667,24.653846153846153,0.0,30.0,False
baseline,,0.010414058246057912,0.0008877808989802905,0.12492957808435326,0.72215462009276,-2.247244700213736,0.6367469879518072,0.9066265060240963,0.09382650602409648,0.42638541882236797,0.8666666666666667,24.76923076923077,0.0,30.0,False
baseline,,0.010414058246057912,0.001838263351530691,0.1252033579748197,0.7179623721586207,-2.390549010710591,0.6608851674641149,0.9342105263157895,0.042104306220095644,0.4102552242577076,0.8333333333333334,24.44,0.0,30.0,False
baseline,,0.010414058246057912,0.003806358250624933,0.12506603053423393,0.7151102195461017,-2.4822768694390063,0.7078384798099763,0.9572446555819477,0.027883135391923997,0.42479244569937386,0.8,24.083333333333332,0.0,30.0,False
baseline,,0.010414058246057912,0.00788154924594252,0.1247658598482599,0.7061260349547739,-2.474764668055132,0.7567567567567568,0.9688601645123385,0.08841692126909528,0.46509881801903247,0.8,24.458333333333332,0.0,30.0,False
baseline,,0.010414058246057912,0.01631975090784437,0.12489216693793852,0.6955771994829278,-2.356635521031739,0.807514450867052,0.9757225433526011,0.1460369942196531,0.5274973317980767,0.7666666666666667,24.434782608695652,0.0,30.0,False
baseline,,0.010414058246057912,0.03379212149580846,0.12475466243285008,0.6761583133264154,-2.143351435971486,0.8430493273542601,0.9798206278026906,0.18566995515695073,0.6138443226615588,0.7333333333333333,25.0,0.0,30.0,False
baseline,,0.010414058246057912,0.0699708887492028,0.12418354168386968,0.6510044029707217,-1.8586860294514294,0.8566844919786096,0.9807486631016042,0.2002331550802139,0.7551044662793477,0.6666666666666666,25.75,0.0,30.0,False
baseline,,0.010414058246057912,0.14488363132100487,0.12406119960378081,0.6315340447887388,-1.537354229292082,0.8624229979466119,0.9820328542094456,0.20725585215605757,0.9343752488493919,0.5666666666666667,25.705882352941178,0.0,30.0,False
baseline,,0.010414058246057912,0.3,0.12391861145078308,0.6213881798493722,-1.1890095349288183,0.8633633633633634,0.9819819819819819,0.20814534534534535,1.1154567961891493,0.5666666666666667,27.176470588235293,0.0,30.0,False
baseline,,0.02258863577297737,0.00010000000000000009,0.12521900191809646,0.716905743931145,-2.284369772951014,0.7494061757719715,0.9566508313539193,0.06885700712589082,0.4645419587691625,0.7666666666666667,23.434782608695652,0.0,30.0,False
baseline,,0.02258863577297737,0.00020706272838739032,0.1252190008711693,0.7157339361397855,-2.295753672131344,0.7544483985765125,0.9590747330960854,0.07632313167259785,0.4612252004444599,0.7666666666666667,23.47826086956522,0.0,30.0,False
baseline,,0.02258863577297737,0.0004287497348723022,0.12521900279520662,0.7157635956786275,-2.3138189256487545,0.758600237247924,0.9638196915776986,0.08521992882562268,0.46884206086397173,0.7666666666666667,23.47826086956522,0.0,30.0,False
baseline,,0.02258863577297737,0.0008877808989802905,0.12532963338087635,0.7139179206693252,-2.339658951550572,0.7671394799054374,0.9710401891252955,0.10097966903073297,0.4670659688611825,0.7666666666666667,23.608695652173914,0.0,30.0,False
baseline,,0.02258863577297737,0.001838263351530691,0.12532963395793692,0.7129630468297898,-2.3642458427316577,0.7892561983471075,0.9787485242030697,0.13080472255017717,0.4862906988710165,0.7666666666666667,23.652173913043477,0.0,30.0,False
baseline,,0.02258863577297737,0.003806358250624933,0.12532963384040902,0.7081246664464786,-2.366872052377415,0.8166862514688602,0.9888366627497063,0.1683229142185665,0.5100124600032966,0.7666666666666667,23.82608695652174,0.0,30.0,False
baseline,,0.02258863577297737,0.00788154924594252,0.12480218392796594,0.7019695863550593,-2.31825085073038,0.8593023255813953,0.9918604651162791,0.21396279069767443,0.5390985424319903,0.7333333333333333,23.545454545454547,0.0,30.0,False
baseline,,0.02258863577297737,0.01631975090784437,0.12532435572464432,0.6906502582521886,-2.1907951916185797,0.9005714285714286,0.9954285714285714,0.25880000000000003,0.5958353459835053,0.7333333333333333,24.227272727272727,0.0,30.0,False
baseline,,0.02258863577297737,0.03379212149580846,0.12467508873256127,0.6710638229286613,-1.9838022064225005,0.9229490022172949,0.9977827050997783,0.2835317073170732,0.6818813333908716,0.7,24.80952380952381,0.0,30.0,False
baseline,,0.02258863577297737,0.0699708887492028,0.12466060198343606,0.645682397045394,-1.7149846552793209,0.9329461457233369,0.9984160506863781,0.29416219640971497,0.8135015149911244,0.6666666666666666,26.35,0.0,30.0,False
baseline,,0.02258863577297737,0.14488363132100487,0.12428538867873513,0.6295950281339614,-1.4085402392824313,0.9389002036659878,0.9994908350305499,0.30119103869653774,1.0122049505511919,0.5666666666666667,26.176470588235293,0.0,30.0,False
baseline,,0.02258863577297737,0.3,0.12420465975742563,0.6173661832704916,-1.0624416260030576,0.9397828232971372,0.9995064165844028,0.30208923988154,1.1650020758310953,0.5333333333333333,27.3125,0.0,30.0,False
baseline,,0.04899592973540154,0.00010000000000000009,0.124937951727801,0.702074235059792,-2.0812470180545186,0.8836805555555556,0.9890046296296297,0.23548518518518524,0.5891010699172815,0.7333333333333333,23.727272727272727,0.0,30.0,False
baseline,,0.04899592973540154,0.00020706272838739032,0.12493795382968419,0.7020869243631063,-2.080612338215806,0.8854166666666666,0.9895833333333334,0.2378,0.5916106820106506,0.7333333333333333,23.727272727272727,0.0,30.0,False
baseline,,0.04899592973540154,0.0004287497348723022,0.12493795336313111,0.7021129847465887,-2.079003114110398,0.8888888888888888,0.9901620370370371,0.24185092592592594,0.5968098893761635,0.7333333333333333,23.727272727272727,0.0,30.0,False
baseline,,0.04899592973540154,0.0008877808989802905,0.12493795211229694,0.7021663955593238,-2.0746590864587016,0.8929398148148148,0.9907407407407407,0.24648055555555548,0.6075777339438597,0.7333333333333333,23.727272727272727,0.0,30.0,False
baseline,,0.04899592973540154,0.001838263351530691,0.124937952387959,0.7013685249613345,-2.0629385163031047,0.9,0.9930635838150289,0.25586358381502894,0.624068196117878,0.7333333333333333,23.772727272727273,0.0,30.0,False
baseline,,0.04899592973540154,0.003806358250624933,0.12479625486046533,0.6965391666288612,-2.039465927551062,0.9266895761741123,0.9942726231386025,0.28376219931271485,0.6125592355926831,0.7333333333333333,24.136363636363637,0.0,30.0,False
baseline,,0.04899592973540154,0.00788154924594252,0.12496419459162754,0.6902811143917275,-1.9758088206989872,0.9505681818181818,0.9954545454545455,0.3088227272727273,0.642924772699674,0.7,23.761904761904763,0.0,30.0,False
baseline,,0.04899592973540154,0.01631975090784437,0.12483509975124303,0.6761157672213942,-1.8587866360155778,0.967670011148272,0.9972129319955407,0.32768294314381274,0.6802677835027376,0.7,24.571428571428573,0.0,30.0,False
baseline,,0.04899592973540154,0.03379212149580846,0.12509998980582754,0.6623521675682685,-1.6783862302463777,0.9788503253796096,0.9983731019522777,0.3400234273318873,0.768004429837068,0.6666666666666666,25.1,0.0,30.0,False
baseline,,0.04899592973540154,0.0699708887492028,0.12449857322521468,0.6391236818029055,-1.4282663743608652,0.9828482328482329,0.9994802494802495,0.34512848232848237,0.9281778186559677,0.6,25.77777777777778,0.0,30.0,False
baseline,,0.04899592973540154,0.14488363132100487,0.12407719791449393,0.6215503888999773,-1.1318291702583272,0.9865,1.0,0.34930000000000005,1.1197448859612147,0.5666666666666667,27.235294117647058,0.0,30.0,False
baseline,,0.04899592973540154,0.3,0.12422166839109738,0.6176528545095928,-0.8159647374989549,0.9873046875,1.0,0.3501046875,1.2805708279212316,0.5333333333333333,28.0,0.0,30.0,False
baseline,,0.10627472835292812,0.00010000000000000009,0.1252973334294791,0.6778039317596911,-1.6118771185183356,0.963495575221239,0.995575221238938,0.321870796460177,0.7542163858811061,0.7,24.904761904761905,0.0,30.0,False
baseline,,0.10627472835292812,0.00020706272838739032,0.12529733251061595,0.6778153176239348,-1.6102131932119121,0.9646017699115044,0.9961283185840708,0.3235300884955752,0.7561730136473973,0.7,24.904761904761905,0.0,30.0,False
baseline,,0.10627472835292812,0.0004287497348723022,0.12529733028923337,0.6778387372760013,-1.6067766406231025,0.9651548672566371,0.9961283185840708,0.32408318584070794,0.7602175598343214,0.7,24.904761904761905,0.0,30.0,False
baseline,,0.10627472835292812,0.0008877808989802905,0.1252973330323729,0.6768243742008123,-1.6001538386345862,0.9668508287292817,0.9961325966850829,0.32578342541436467,0.7624505569537481,0.7,24.952380952380953,0.0,30.0,False
baseline,,0.10627472835292812,0.001838263351530691,0.12529733154565684,0.6769224702013059,-1.5856408065361725,0.9707182320441989,0.9961325966850829,0.32965082872928186,0.7795538961887359,0.7,24.952380952380953,0.0,30.0,False
baseline,,0.10627472835292812,0.003806358250624933,0.12529733294824894,0.6735511362429147,-1.5584417865044367,0.9757709251101322,0.9966960352422908,0.335266960352423,0.7950764487187068,0.7,25.095238095238095,0.0,30.0,False
baseline,,0.10627472835292812,0.00788154924594252,0.12556049517989806,0.6673151145556004,-1.505256171019264,0.9847328244274809,0.9978189749182116,0.3453517993456925,0.8054122358560563,0.6666666666666666,24.85,0.0,30.0,False
baseline,,0.10627472835292812,0.01631975090784437,0.12544838679361836,0.6598415784993371,-1.4113626130880546,0.9908503767491926,0.9989235737351991,0.3525739504843918,0.8629737521211306,0.6666666666666666,25.45,0.0,30.0,False
baseline,,0.10627472835292812,0.03379212149580846,0.1254406531857881,0.6457946894613772,-1.2576009329319782,0.9936974789915967,0.9989495798319328,0.35544705882352945,0.9692064185937246,0.6666666666666666,26.6,0.0,30.0,False
baseline,,0.10627472835292812,0.0699708887492028,0.12395748261873041,0.6338532225099286,-1.0586768236764972,0.9959432048681541,1.0,0.35874320486815414,1.1351613481839498,0.6,27.11111111111111,0.0,30.0,False
baseline,,0.10627472835292812,0.14488363132100487,0.12421496475958786,0.6185232524376648,-0.7949829792561842,0.998046875,1.0,0.360846875,1.29713487525781,0.5333333333333333,28.0,0.0,30.0,False
baseline,,0.10627472835292812,0.3,0.12417972917252457,0.6168187090878907,-0.47687065190743066,0.998567335243553,1.0,0.361367335243553,1.454142368833224,0.4,26.25,0.0,30.0,False
baseline,,0.23051543153651136,0.00010000000000000009,0.12591384851808365,0.6463445962890911,-1.0101843524394465,0.991675338189386,0.9989594172736732,0.35343475546305925,1.0911177381873132,0.6333333333333333,26.42105263157895,0.0,30.0,False
baseline,,0.23051543153651136,0.00020706272838739032,0.12591384983872583,0.6463547757082292,-1.0090458904258106,0.9921956295525495,0.9989594172736732,0.3539550468262227,1.0927246049046517,0.6333333333333333,26.42105263157895,0.0,30.0,False
baseline,,0.23051543153651136,0.0004287497348723022,0.12569487773683236,0.6463758315388791,-1.0071770211050595,0.9927234927234927,0.998960498960499,0.3544839916839917,1.0918747027715048,0.6333333333333333,26.473684210526315,0.0,30.0,False
baseline,,0.23051543153651136,0.0008877808989802905,0.12569487819312894,0.6464192936864916,-1.0023727731957577,0.9932432432432432,0.998960498960499,0.3550037422037422,1.0986208140850067,0.6333333333333333,26.473684210526315,0.0,30.0,False
baseline,,0.23051543153651136,0.001838263351530691,0.1254544831657832,0.6465087808120451,-0.993581914510913,0.9932572614107884,0.9989626556016598,0.35501991701244817,1.1013747741778692,0.6333333333333333,26.57894736842105,0.0,30.0,False
baseline,,0.23051543153651136,0.003806358250624933,0.1254183694491899,0.6458183450922295,-0.9753332531648244,0.9932781799379524,0.9989658738366081,0.3550440537745605,1.1130532816052436,0.6333333333333333,26.736842105263158,0.0,30.0,False
baseline,,0.23051543153651136,0.00788154924594252,0.12523956460838562,0.6437570124933575,-0.9414595328329939,0.9948822927328557,0.9989764585465711,0.3566587512794268,1.1182269339760145,0.6333333333333333,27.263157894736842,0.0,30.0,False
baseline,,0.23051543153651136,0.01631975090784437,0.12548143928446942,0.6354800339779866,-0.8767758113385961,0.9949392712550608,0.9994939271255061,0.3572331983805669,1.1684869562586149,0.6,27.22222222222222,0.0,30.0,False
baseline,,0.23051543153651136,0.03379212149580846,0.1239983687118194,0.6263938460105932,-0.7727114052567962,0.9960435212660732,0.9995054401582592,0.35834896142433237,1.2430385207136472,0.5,26.4,0.0,30.0,False
baseline,,0.23051543153651136,0.0699708887492028,0.12425500541520786,0.6182341544995744,-0.6100945088355985,0.9975845410628019,1.0,0.36038454106280193,1.4343652218580245,0.4666666666666667,27.214285714285715,0.0,30.0,False
baseline,,0.23051543153651136,0.14488363132100487,0.12455905506875807,0.6152931860459817,-0.3812071137869788,0.9990592662276576,1.0,0.3618592662276576,1.6093146204948425,0.4,27.583333333333332,0.0,30.0,False
baseline,,0.23051543153651136,0.3,0.12486929514602128,0.6155272038242533,-0.10580641199964844,0.999532273152479,1.0,0.36233227315247896,1.7663831243912378,0.36666666666666664,27.09090909090909,0.0,30.0,False
baseline,,0.5,0.00010000000000000009,0.12439103095249517,0.615671878570664,-0.351512487633189,0.9966949952785646,1.0,0.35949499527856466,1.6878985791156689,0.43333333333333335,28.153846153846153,0.0,30.0,False
baseline,,0.5,0.00020706272838739032,0.1243910288808847,0.6156820121081938,-0.3508977225378168,0.9966949952785646,1.0,0.35949499527856466,1.689183326313893,0.43333333333333335,28.153846153846153,0.0,30.0,False
baseline,,0.5,0.0004287497348723022,0.12439102943610011,0.6157029895990069,-0.34962832066288024,0.9966949952785646,1.0,0.35949499527856466,1.6918400349716345,0.43333333333333335,28.153846153846153,0.0,30.0,False
baseline,,0.5,0.0008877808989802905,0.12439103123351943,0.6157464311927262,-0.34701508072411447,0.9971671388101983,1.0,0.35996713881019826,1.6973278520007928,0.43333333333333335,28.153846153846153,0.0,30.0,False
baseline,,0.5,0.001838263351530691,0.12439102947555236,0.6158360477590391,-0.3416679606688319,0.9971671388101983,1.0,0.35996713881019826,1.708631670102477,0.43333333333333335,28.153846153846153,0.0,30.0,False
baseline,,0.5,0.003806358250624933,0.12439102929587073,0.6151335242800869,-0.33118463374298657,0.9971698113207547,1.0,0.3599698113207547,1.7273417960852384,0.43333333333333335,28.23076923076923,0.0,30.0,False
baseline,,0.5,0.00788154924594252,0.12433745064263241,0.6141972983948205,-0.31064155642074387,0.9971777986829727,1.0,0.35997779868297275,1.7618933260440826,0.43333333333333335,28.46153846153846,0.0,30.0,False
baseline,,0.5,0.01631975090784437,0.12456188788954163,0.6114276085120277,-0.272213460112602,0.9976679104477612,1.0,0.36046791044776116,1.8195466364423434,0.43333333333333335,29.153846153846153,0.0,30.0,False
baseline,,0.5,0.03379212149580846,0.12483479971349702,0.606843963618574,-0.20122831111928544,0.9981735159817352,1.0,0.3609735159817352,1.9092383290330568,0.36666666666666664,29.454545454545453,0.0,30.0,False
baseline,,0.5,0.0699708887492028,0.12441358430774128,0.6060132311553191,-0.085710039132291,0.9990958408679927,1.0,0.36189584086799276,2.04995304197073,0.3333333333333333,29.6,0.0,30.0,False
baseline,,0.5,0.14488363132100487,0.12449148028830802,0.6044143180863548,0.08644600099915026,0.9991031390134529,1.0,0.36190313901345295,2.16432907084624,0.3333333333333333,30.5,0.0,30.0,False
baseline,,0.5,0.3,0.12449148105164808,0.602257258557587,0.318094485490221,1.0,1.0,0.3628,2.237756548821926,0.3333333333333333,31.0,0.0,30.0,False
env_odom_noise,0.0,0.00010000000000000009,0.00010000000000000009,0.12555179060250735,0.6486119702556625,51.477644197621,0.17643391521197008,0.29052369077306733,1.1702423940149624,0.39802043586969377,0.9333333333333333,24.785714285714285,0.0,30.0,False
env_odom_noise,0.0,0.00010000000000000009,0.00020706272838739032,0.12555179087316284,0.6486119680128423,46.86897209310114,0.20698254364089774,0.34600997506234416,1.0842074812967581,0.3988527461886406,0.9333333333333333,24.785714285714285,0.0,30.0,False
env_odom_noise,0.0,0.00010000000000000009,0.0004287497348723022,0.12555179054853846,0.6475367900217115,44.0126463673584,0.24719800747198006,0.412826899128269,0.977175093399751,0.40095552454392114,0.9333333333333333,24.821428571428573,0.0,30.0,False
env_odom_noise,0.0,0.00010000000000000009,0.0008877808989802905,0.12559776318275861,0.6462657047278413,42.71762282812855,0.30916976456009915,0.48141263940520446,0.8466175960346964,0.39754940221707025,0.9333333333333333,24.964285714285715,0.0,30.0,False
env_odom_noise,0.0,0.00010000000000000009,0.001838263351530691,0.12526741448338483,0.6424007073186324,41.90301662443468,0.37761377613776137,0.543050430504305,0.7165357933579336,0.4014241504172484,0.9333333333333333,25.178571428571427,0.0,30.0,False
env_odom_noise,0.0,0.00010000000000000009,0.003806358250624933,0.12515086993949265,0.6351329662905865,41.53124364145832,0.44775212636695016,0.5820170109356014,0.6074308626974484,0.40155223309993743,0.9,25.037037037037038,0.0,30.0,False
env_odom_noise,0.0,0.00010000000000000009,0.00788154924594252,0.12530529004844693,0.6253686141116818,41.75290242404967,0.5149521531100478,0.604066985645933,0.5181808612440192,0.408963871995608,0.8333333333333334,24.44,0.0,30.0,False
env_odom_noise,0.0,0.00010000000000000009,0.01631975090784437,0.1250576689875058,0.6133442112916571,41.44239467100125,0.5522914218566393,0.6116333725029377,0.473275205640423,0.4757407560944557,0.8,24.458333333333332,0.0,30.0,False
env_odom_noise,0.0,0.00010000000000000009,0.03379212149580846,0.12500929995335494,0.5908255993184186,41.08247374682368,0.576049943246311,0.6163450624290578,0.44480499432463116,0.5526515121261278,0.7666666666666667,25.130434782608695,0.0,30.0,False
env_odom_noise,0.0,0.00010000000000000009,0.0699708887492028,0.12478118640227528,0.559921297684343,40.55580385159908,0.5871905274488698,0.6248654467168999,0.4251440258342303,0.6709588607152303,0.7,26.095238095238095,0.0,30.0,False
env_odom_noise,0.0,0.00010000000000000009,0.14488363132100487,0.12395819462836569,0.5426262651368514,40.10161579137942,0.5912408759124088,0.6282586027111574,0.41770052137643376,0.8984883924325308,0.6,25.61111111111111,0.0,30.0,False
env_odom_noise,0.0,0.00010000000000000009,0.3,0.12409596865148392,0.5289861008132746,40.43872944697387,0.5927051671732523,0.6291793313069909,0.4153155015197568,1.0571552882591884,0.5666666666666667,26.470588235294116,0.0,30.0,False
env_odom_noise,0.0,0.00021690521830457365,0.00010000000000000009,0.12555179060250735,0.6486119702556625,23.44998495184395,0.20199501246882792,0.3335411471321696,1.1016638403990027,0.39802043586969377,0.9333333333333333,24.785714285714285,0.0,30.0,False
env_odom_noise,0.0,0.00021690521830457365,0.00020706272838739032,0.12555179082745077,0.6486119680635919,20.534444234561402,0.22880299251870323,0.3859102244389027,1.022486783042394,0.39904797871907555,0.9333333333333333,24.785714285714285,0.0,30.0,False
env_odom_noise,0.0,0.00021690521830457365,0.0004287497348723022,0.1255517912323699,0.6475367838355935,18.48019196281577,0.26774595267745954,0.4539227895392279,0.9155312577833126,0.40167351961135866,0.9333333333333333,24.821428571428573,0.0,30.0,False
env_odom_noise,0.0,0.00021690521830457365,0.0008877808989802905,0.12559776288527677,0.6462656409277249,17.37430443388731,0.32837670384138784,0.5154894671623296,0.7933338289962826,0.39860762854417164,0.9333333333333333,24.964285714285715,0.0,30.0,False
env_odom_noise,0.0,0.00021690521830457365,0.001838263351530691,0.12526741501233127,0.6424006216076587,16.752319053845834,0.3972939729397294,0.5744157441574416,0.6654902829028291,0.4023936323821545,0.9333333333333333,25.178571428571427,0.0,30.0,False
env_odom_noise,0.0,0.00021690521830457365,0.003806358250624933,0.12515087191461993,0.6338792367922962,16.504012348142655,0.4654126213592233,0.6134708737864077,0.558316504854369,0.3948254903157552,0.9,25.074074074074073,0.0,30.0,False
env_odom_noise,0.0,0.00021690521830457365,0.00788154924594252,0.12530529148594413,0.6253686522053684,16.69443499166972,0.5328947368421053,0.6333732057416268,0.47093205741626787,0.4096402764320374,0.8333333333333334,24.44,0.0,30.0,False
env_odom_noise,0.0,0.00021690521830457365,0.01631975090784437,0.1250576703235983,0.6133442107787238,16.68730256036509,0.5705052878965923,0.6404230317273796,0.42627168037602814,0.47623574088017145,0.8,24.458333333333332,0.0,30.0,False
env_odom_noise,0.0,0.00021690521830457365,0.03379212149580846,0.1250092998554218,0.5908256538217872,16.698702212358203,0.5930760499432464,0.64472190692395,0.3994020431328036,0.553011924525102,0.7666666666666667,25.130434782608695,0.0,30.0,False
env_odom_noise,0.0,0.00021690521830457365,0.0699708887492028,0.12478118428936492,0.5599212548200774,16.655429827522116,0.6054897739504844,0.6528525296017222,0.3788576964477933,0.6712167819341024,0.7,26.095238095238095,0.0,30.0,False
env_odom_noise,0.0,0.00021690521830457365,0.14488363132100487,0.12395819366649213,0.5426262785893937,16.643392463251484,0.6094890510948905,0.656934306569343,0.37077664233576646,0.8986411988735199,0.6,25.61111111111111,0.0,30.0,False
env_odom_noise,0.0,0.00021690521830457365,0.3,0.12409596777252256,0.5289860713611144,16.996966801126696,0.6109422492401215,0.6580547112462006,0.36820303951367783,1.0572364240884782,0.5666666666666667,26.470588235294116,0.0,30.0,False
env_odom_noise,0.0,0.00047047873727754753,0.00010000000000000009,0.12555179060250735,0.6486119702556625,9.337779951465148,0.24251870324189526,0.4096009975062344,0.9850802992518704,0.39802043586969377,0.9333333333333333,24.785714285714285,0.0,30.0,False
env_odom_noise,0.0,0.00047047873727754753,0.00020706272838739032,0.12555179133190053,0.6486119683137341,7.800348877578057,0.2674563591022444,0.45947630922693267,0.910267331670823,0.39963650008042656,0.9333333333333333,24.785714285714285,0.0,30.0,False
env_odom_noise,0.0,0.00047047873727754753,0.0004287497348723022,0.12555179038509265,0.6475367938380496,6.552530578402505,0.30323785803237857,0.5136986301369864,0.8202635118306351,0.40338219155867894,0.9333333333333333,24.821428571428573,0.0,30.0,False
env_odom_noise,0.0,0.00047047873727754753,0.0008877808989802905,0.12559776302793238,0.646265631840691,5.767161473082567,0.36059479553903345,0.5743494423791822,0.7022557620817844,0.4008607899149259,0.9333333333333333,24.964285714285715,0.0,30.0,False
env_odom_noise,0.0,0.00047047873727754753,0.001838263351530691,0.12526741575931277,0.6424006675062183,5.324208543010018,0.4274292742927429,0.6303813038130381,0.5793894218942189,0.4044713832437992,0.9333333333333333,25.178571428571427,0.0,30.0,False
env_odom_noise,0.0,0.00047047873727754753,0.003806358250624933,0.12515087039522657,0.6338793097582512,5.183866404443402,0.4945388349514563,0.6632281553398058,0.47943300970873787,0.39683733383814496,0.9,25.074074074074073,0.0,30.0,False
env_odom_noise,0.0,0.00047047873727754753,0.00788154924594252,0.12530529081231273,0.6253686119964988,5.339262729762579,0.5598086124401914,0.6824162679425837,0.39497511961722487,0.41109934250513713,0.8333333333333334,24.44,0.0,30.0,False
env_odom_noise,0.0,0.00047047873727754753,0.01631975090784437,0.12505767067531318,0.6133442297020528,5.470826789588234,0.5963572267920094,0.6886016451233843,0.3522411280846063,0.4773066118359566,0.8,24.458333333333332,0.0,30.0,False
env_odom_noise,0.0,0.00047047873727754753,0.03379212149580846,0.12500929830571664,0.5908256258398406,5.650600884340844,0.6180476730987514,0.6923950056753689,0.32675732122587964,0.5537935708959897,0.7666666666666667,25.130434782608695,0.0,30.0,False
env_odom_noise,0.0,0.00047047873727754753,0.0699708887492028,0.12478118445489211,0.5599213012397116,5.826618006923704,0.6302475780409041,0.6991388589881593,0.30781356297093654,0.6717763250072797,0.7,26.095238095238095,0.0,30.0,False
env_odom_noise,0.0,0.00047047873727754753,0.14488363132100487,0.12395819361154425,0.5426262485164923,6.016639515391717,0.6345151199165797,0.7022940563086548,0.30039082377476545,0.8989725361267725,0.6,25.61111111111111,0.0,30.0,False
env_odom_noise,0.0,0.00047047873727754753,0.3,0.1240959674917932,0.5289860697987212,6.377009190102633,0.6352583586626139,0.7036474164133738,0.29829422492401225,1.057412259777387,0.5666666666666667,26.470588235294116,0.0,30.0,False
env_odom_noise,0.0,0.001020492932168466,0.00010000000000000009,0.12555179069088807,0.6486119685666898,2.1862033545627577,0.3011221945137157,0.523067331670823,0.8130104738154613,0.3981081505616506,0.9333333333333333,24.785714285714285,0.0,30.0,False
env_odom_noise,0.0,0.001020492932168466,0.00020706272838739032,0.12555179072797787,0.6486119613977726,1.530659296789742,0.32356608478802995,0.5673316708229427,0.7463022443890274,0.4016929790377617,0.9333333333333333,24.785714285714285,0.0,30.0,False
env_odom_noise,0.0,0.001020492932168466,0.0004287497348723022,0.12566813011565328,0.6475367710243045,0.9223369177470455,0.3513681592039801,0.6050995024875622,0.6807323383084577,0.3999057133992513,0.9333333333333333,24.857142857142858,0.0,30.0,False
env_odom_noise,0.0,0.001020492932168466,0.0008877808989802905,0.1255977614197632,0.6462656652613358,0.4693811633516608,0.40892193308550184,0.6505576208178439,0.5777204460966543,0.40624590615431466,0.9333333333333333,24.964285714285715,0.0,30.0,False
env_odom_noise,0.0,0.001020492932168466,0.001838263351530691,0.12526741606319688,0.6424006260371975,0.20971726992958245,0.4698646986469865,0.6998769987699877,0.46745830258302584,0.40243083660801254,0.9,24.666666666666668,0.0,30.0,False
env_odom_noise,0.0,0.001020492932168466,0.003806358250624933,0.12484201647524472,0.6325595333628586,0.1411391981434704,0.5375302663438256,0.7294188861985472,0.37025084745762715,0.38674530188242595,0.9,25.14814814814815,0.0,30.0,False
env_odom_noise,0.0,0.001020492932168466,0.00788154924594252,0.12530529003251634,0.6253686419350711,0.3030460712236009,0.5962918660287081,0.7452153110047847,0.29569282296650723,0.4067478795846303,0.8,23.833333333333332,0.0,30.0,False
env_odom_noise,0.0,0.001020492932168466,0.01631975090784437,0.12505766917372102,0.6133442049020978,0.49748658877921786,0.6298472385428907,0.7508813160987075,0.25647144535840183,0.47961737314860026,0.8,24.458333333333332,0.0,30.0,False
env_odom_noise,0.0,0.001020492932168466,0.03379212149580846,0.12500929895606416,0.5908256385593122,0.7515566529048462,0.6503972758229285,0.7531214528944381,0.23368127128263338,0.5554846078157425,0.7666666666666667,25.130434782608695,0.0,30.0,False
env_odom_noise,0.0,0.001020492932168466,0.0699708887492028,0.12478118587921021,0.5599212767801898,1.024697109423837,0.6620021528525296,0.7578040904198062,0.21739375672766414,0.6729880218704541,0.7,26.095238095238095,0.0,30.0,False
env_odom_noise,0.0,0.001020492932168466,0.14488363132100487,0.12395819442058983,0.5426262278652311,1.3058483601908804,0.6668404588112617,0.7606882168925965,0.20967132429614177,0.8996906240781148,0.6,25.61111111111111,0.0,30.0,False
env_odom_noise,0.0,0.001020492932168466,0.3,0.12409596767099725,0.5289860627995067,1.6684271430323405,0.668693009118541,0.7603850050658562,0.20812198581560282,1.057793386777242,0.5666666666666667,26.470588235294116,0.0,30.0,False
env_odom_noise,0.0,0.0022135024223027535,0.00010000000000000009,0.12555178977790676,0.6486119391975728,-1.2625743052345506,0.39089775561097256,0.6957605985037406,0.5505416458852868,0.40330502490202585,0.9333333333333333,24.785714285714285,0.0,30.0,False
env_odom_noise,0.0,0.0022135024223027535,0.00020706272838739032,0.1256681301024635,0.6475367482691635,-1.4744821205640695,0.40422885572139305,0.7014925373134329,0.531478606965174,0.39657021015882493,0.9333333333333333,24.857142857142858,0.0,30.0,False
env_odom_noise,0.0,0.0022135024223027535,0.0004287497348723022,0.12559776405604323,0.6462656771888762,-1.7083180650701704,0.4318463444857497,0.7230483271375465,0.48230532837670376,0.3908683384458224,0.9333333333333333,24.964285714285715,0.0,30.0,False
env_odom_noise,0.0,0.0022135024223027535,0.0008877808989802905,0.12546192825586464,0.6448859420755751,-1.8995567116609016,0.4826946847960445,0.7589616810877626,0.39554363411619287,0.40450602223475773,0.9333333333333333,25.035714285714285,0.0,30.0,False
env_odom_noise,0.0,0.0022135024223027535,0.001838263351530691,0.1253105120146111,0.6424006294927374,-1.9914920296760967,0.535012285012285,0.7972972972972973,0.3048904176904177,0.4068407672146956,0.9,24.703703703703702,0.0,30.0,False
env_odom_noise,0.0,0.0022135024223027535,0.003806358250624933,0.12484201691419076,0.6325595539213771,-1.97873459654927,0.5950363196125908,0.8202179176755447,0.2219457627118644,0.39569297482570015,0.9,25.14814814814815,0.0,30.0,False
env_odom_noise,0.0,0.0022135024223027535,0.00788154924594252,0.1253052920803723,0.6253686908921742,-1.8163737019214272,0.6489234449760766,0.8313397129186603,0.15693684210526315,0.4134147956967354,0.8,23.833333333333332,0.0,30.0,False
env_odom_noise,0.0,0.0022135024223027535,0.01631975090784437,0.12522721384137855,0.6133441982275846,-1.5916433807000918,0.6781946072684643,0.8352872215709262,0.12371817116060957,0.46916256348292035,0.8,24.541666666666668,0.0,30.0,False
env_odom_noise,0.0,0.0022135024223027535,0.03379212149580846,0.12500929856395038,0.5908256024963624,-1.3106576096281701,0.6986379114642451,0.8382519863791147,0.1321859250851305,0.5591315507888794,0.7666666666666667,25.130434782608695,0.0,30.0,False
env_odom_noise,0.0,0.0022135024223027535,0.0699708887492028,0.12457099252223187,0.5599212839104948,-1.002758108353256,0.7096774193548387,0.8413978494623656,0.14007956989247317,0.6684465631842613,0.7,26.142857142857142,0.0,30.0,False
env_odom_noise,0.0,0.0022135024223027535,0.14488363132100487,0.12395819439311781,0.542626240842238,-0.6769431469164753,0.7122002085505735,0.8441084462982273,0.13989176225234623,0.9012454986572266,0.6,25.61111111111111,0.0,30.0,False
env_odom_noise,0.0,0.0022135024223027535,0.3,0.1240959661714875,0.5289860361168458,-0.3145487625332134,0.713272543059777,0.8434650455927052,0.1416074974670719,1.0586197098096213,0.5666666666666667,26.470588235294116,0.0,30.0,False
env_odom_noise,0.0,0.004801202261272809,0.00010000000000000009,0.12505919634833082,0.6448859434397146,-2.7021629123400976,0.5325953259532595,0.8277982779827798,0.2768063960639606,0.3886880780259768,0.9,24.666666666666668,0.0,30.0,False
env_odom_noise,0.0,0.004801202261272809,0.00020706272838739032,0.12505919645693578,0.6437849706000501,-2.747622205958254,0.5436117936117936,0.8445945945945946,0.2489936117936118,0.38862417836984,0.9,24.703703703703702,0.0,30.0,False
env_odom_noise,0.0,0.004801202261272809,0.0004287497348723022,0.1250591956584091,0.642491667377423,-2.801652114017537,0.5742331288343558,0.8613496932515338,0.20161717791411038,0.39445637663205463,0.9,24.74074074074074,0.0,30.0,False
env_odom_noise,0.0,0.004801202261272809,0.0008877808989802905,0.12509660085171187,0.6424916406881974,-2.838458995037043,0.609547123623011,0.8873929008567931,0.14025997552019587,0.40372156649827956,0.9,24.814814814814813,0.0,30.0,False
env_odom_noise,0.0,0.004801202261272809,0.001838263351530691,0.12530003637860926,0.6355869198008164,-2.8265257789161353,0.6393939393939394,0.906060606060606,0.09174545454545457,0.3870222871502241,0.9,25.11111111111111,0.0,30.0,False
env_odom_noise,0.0,0.004801202261272809,0.003806358250624933,0.12524526973699182,0.6305922759426961,-2.7449947598063376,0.6866746698679472,0.9153661464585834,0.043108523409363886,0.3821852554877599,0.8333333333333334,24.32,0.0,30.0,False
env_odom_noise,0.0,0.004801202261272809,0.00788154924594252,0.12489971220988974,0.6225411770371977,-2.593134861631002,0.729585798816568,0.921301775147929,0.08008402366863909,0.39937564978996914,0.8,24.208333333333332,0.0,30.0,False
env_odom_noise,0.0,0.004801202261272809,0.01631975090784437,0.12506919822154172,0.6054902227119324,-2.356761398718368,0.759860788863109,0.9245939675174014,0.10706682134570766,0.4566786100467046,0.8,24.916666666666668,0.0,30.0,False
env_odom_noise,0.0,0.004801202261272809,0.03379212149580846,0.12478243769663594,0.587111694618558,-2.0678211770473327,0.7736486486486487,0.9262387387387387,0.11920990990990998,0.5581060434381168,0.7666666666666667,25.434782608695652,0.0,30.0,False
env_odom_noise,0.0,0.004801202261272809,0.0699708887492028,0.12442461645950378,0.5589602273249179,-1.745386100284526,0.7797427652733119,0.9271168274383709,0.12442593783494105,0.685396358370781,0.6666666666666666,25.65,0.0,30.0,False
env_odom_noise,0.0,0.004801202261272809,0.14488363132100487,0.12408633305132029,0.5409726291416298,-1.4069480739233768,0.781282316442606,0.9286452947259566,0.1244370217166495,0.896673313776652,0.6,26.055555555555557,0.0,30.0,False
env_odom_noise,0.0,0.004801202261272809,0.3,0.12374572542462033,0.5268249844702406,-1.046220894345484,0.7829808660624371,0.9295065458207452,0.12527432024169194,1.0703398823738097,0.5666666666666667,26.823529411764707,0.0,30.0,False
env_odom_noise,0.0,0.010414058246057912,0.00010000000000000009,0.12513630965385936,0.636878784509496,-3.040250211990743,0.7203389830508474,0.9491525423728814,0.04298644067796609,0.4029693951209386,0.8666666666666667,24.615384615384617,0.0,30.0,False
env_odom_noise,0.0,0.010414058246057912,0.00020706272838739032,0.12513631082861465,0.6368787768810659,-3.0404602210392992,0.7227602905569007,0.9539951573849879,0.040565133171912904,0.40836245914300284,0.8666666666666667,24.615384615384617,0.0,30.0,False
env_odom_noise,0.0,0.010414058246057912,0.0004287497348723022,0.12513630924579933,0.6355295097444879,-3.036965902946042,0.7267230955259976,0.9655380894800484,0.055061185006045954,0.41154700666666033,0.8666666666666667,24.653846153846153,0.0,30.0,False
env_odom_noise,0.0,0.010414058246057912,0.0008877808989802905,0.12500402033839744,0.630704077131799,-3.022266002463376,0.7331730769230769,0.9717548076923077,0.06772788461538459,0.39581293960412345,0.8666666666666667,24.846153846153847,0.0,30.0,False
env_odom_noise,0.0,0.010414058246057912,0.001838263351530691,0.12486914066177911,0.6283496104071978,-2.973317508752822,0.7598802395209581,0.9760479041916168,0.09872814371257488,0.4027721434831619,0.8333333333333334,24.4,0.0,30.0,False
env_odom_noise,0.0,0.010414058246057912,0.003806358250624933,0.12476586055446585,0.6260680336176109,-2.8768609058437313,0.7953736654804271,0.9792408066429419,0.137414472123369,0.400485830505689,0.8,24.125,0.0,30.0,False
env_odom_noise,0.0,0.010414058246057912,0.00788154924594252,0.12476585981748677,0.6185145521995041,-2.711888941236838,0.8288235294117647,0.9805882352941176,0.1722117647058824,0.4571334516008695,0.8,24.416666666666668,0.0,30.0,False
env_odom_noise,0.0,0.010414058246057912,0.01631975090784437,0.12489216610763632,0.6048369842544248,-2.4884741414695055,0.8493071593533488,0.98094688221709,0.19305404157043882,0.5078850860397021,0.7666666666666667,24.47826086956522,0.0,30.0,False
env_odom_noise,0.0,0.010414058246057912,0.03379212149580846,0.12483708732299874,0.5832259580551582,-2.2035974550824227,0.8585011185682326,0.9815436241610739,0.20284474272930653,0.597180713713169,0.7333333333333333,25.09090909090909,0.0,30.0,False
env_odom_noise,0.0,0.010414058246057912,0.0699708887492028,0.1242997354890917,0.556360551711213,-1.8849966342951832,0.8639274279615795,0.9818569903948773,0.2085844183564568,0.74058741380771,0.6333333333333333,25.157894736842106,0.0,30.0,False
env_odom_noise,0.0,0.010414058246057912,0.14488363132100487,0.12406120016888475,0.5359449310489575,-1.5511968827654368,0.8642418032786885,0.9820696721311475,0.209111475409836,0.9275259971618652,0.6,26.555555555555557,0.0,30.0,False
env_odom_noise,0.0,0.010414058246057912,0.3,0.12394580368648973,0.5247283968164247,-1.191471748845478,0.8645,0.982,0.20930000000000004,1.1082507972915967,0.5666666666666667,27.235294117647058,0.0,30.0,False
env_odom_noise,0.0,0.02258863577297737,0.00010000000000000009,0.12521900267937885,0.6253092325408773,-2.828858804623022,0.8524881516587678,0.9994075829383886,0.2146957345971564,0.43448501427968345,0.7666666666666667,23.52173913043478,0.0,30.0,False
env_odom_noise,0.0,0.02258863577297737,0.00020706272838739032,0.12521900261629096,0.6242945360800033,-2.8228130037074797,0.8603550295857988,0.9994082840236687,0.22256331360946746,0.43158785899480184,0.7666666666666667,23.565217391304348,0.0,30.0,False
env_odom_noise,0.0,0.02258863577297737,0.0004287497348723022,0.12521900280206336,0.6242945004855234,-2.8096677569368698,0.8662721893491124,0.9994082840236687,0.2284804733727811,0.43957590162754057,0.7666666666666667,23.565217391304348,0.0,30.0,False
env_odom_noise,0.0,0.02258863577297737,0.0008877808989802905,0.12521900190130705,0.6231142325369081,-2.7835681303130273,0.8764775413711584,0.9994089834515366,0.23868652482269503,0.44827743619680405,0.7666666666666667,23.608695652173914,0.0,30.0,False
env_odom_noise,0.0,0.02258863577297737,0.001838263351530691,0.124919197955171,0.6196173003881364,-2.7346653038187085,0.8864705882352941,0.9994117647058823,0.24868235294117647,0.4502842456102371,0.7666666666666667,23.782608695652176,0.0,30.0,False
env_odom_noise,0.0,0.02258863577297737,0.003806358250624933,0.12503030066818563,0.615369509346211,-2.6451989560571056,0.9099415204678363,0.9994152046783625,0.2721567251461988,0.47075382322072984,0.7666666666666667,24.0,0.0,30.0,False
env_odom_noise,0.0,0.02258863577297737,0.00788154924594252,0.124956169368298,0.6106446466782207,-2.5046240194394436,0.9226744186046512,0.9994186046511628,0.284893023255814,0.5235047141710917,0.7333333333333333,23.545454545454547,0.0,30.0,False
env_odom_noise,0.0,0.02258863577297737,0.01631975090784437,0.1251560620014618,0.5964860523594735,-2.30433951251888,0.9315849486887116,0.999429874572406,0.2938148232611175,0.5705463111400604,0.7333333333333333,24.318181818181817,0.0,30.0,False
env_odom_noise,0.0,0.02258863577297737,0.03379212149580846,0.12475672524019196,0.5737194086352269,-2.0395144606271893,0.9366041896361632,0.9994487320837927,0.2988529217199559,0.647840624054273,0.7,25.047619047619047,0.0,30.0,False
env_odom_noise,0.0,0.02258863577297737,0.0699708887492028,0.12466060130131033,0.5519720802535297,-1.7457675792916447,0.938753959873284,0.9994720168954594,0.30102597676874343,0.8082642783721288,0.6333333333333333,25.68421052631579,0.0,30.0,False
env_odom_noise,0.0,0.02258863577297737,0.14488363132100487,0.12428538726900579,0.5330121102124112,-1.4201123775973645,0.9405487804878049,0.9994918699186992,0.3028406504065041,1.0094254712263744,0.6,27.0,0.0,30.0,False
env_odom_noise,0.0,0.02258863577297737,0.3,0.12419040618747776,0.522649031664217,-1.07207125945946,0.9405351833498513,0.9995044598612488,0.30283964321110013,1.1793603032827378,0.5333333333333333,27.0625,0.0,30.0,False
env_odom_noise,0.0,0.04899592973540154,0.00010000000000000009,0.12464324564671189,0.6086495586338179,-2.3476209185901644,0.9618937644341802,1.0,0.3246937644341802,0.5572177534302075,0.7333333333333333,23.818181818181817,0.0,30.0,False
env_odom_noise,0.0,0.04899592973540154,0.00020706272838739032,0.1246432478839338,0.6077043389335328,-2.343325592477462,0.9619377162629758,1.0,0.32473771626297576,0.5535793294509251,0.7333333333333333,23.863636363636363,0.0,30.0,False
env_odom_noise,0.0,0.04899592973540154,0.0004287497348723022,0.1246432468334866,0.6066165294738376,-2.3343236020164175,0.9660138248847926,1.0,0.3288138248847926,0.5526045545935631,0.7333333333333333,23.90909090909091,0.0,30.0,False
env_odom_noise,0.0,0.04899592973540154,0.0008877808989802905,0.12464324676208276,0.6066165581612366,-2.315281473076625,0.9752304147465438,1.0,0.33803041474654383,0.5646737436453502,0.7333333333333333,23.90909090909091,0.0,30.0,False
env_odom_noise,0.0,0.04899592973540154,0.001838263351530691,0.12464324681155695,0.6055286240298411,-2.279393219818142,0.979861910241657,1.0,0.34266191024165704,0.5816771820187568,0.7333333333333333,23.954545454545453,0.0,30.0,False
env_odom_noise,0.0,0.04899592973540154,0.003806358250624933,0.12479625467065748,0.6031180769677601,-2.2166340266958153,0.9834096109839817,1.0,0.34620961098398173,0.5927407572666804,0.7333333333333333,24.181818181818183,0.0,30.0,False
env_odom_noise,0.0,0.04899592973540154,0.00788154924594252,0.12496419325655223,0.5932887615706877,-2.1104727012620885,0.9864253393665159,1.0,0.3492253393665159,0.6039806991815567,0.7,23.952380952380953,0.0,30.0,False
env_odom_noise,0.0,0.04899592973540154,0.01631975090784437,0.12491732190362947,0.5799354204943293,-1.9477022561756705,0.9877641824249166,1.0,0.3505641824249166,0.655343097448349,0.7,24.666666666666668,0.0,30.0,False
env_odom_noise,0.0,0.04899592973540154,0.03379212149580846,0.12488469193050428,0.5617362368514005,-1.720681757573389,0.9881337648327939,1.0,0.3509337648327939,0.7428596849242847,0.6666666666666666,25.35,0.0,30.0,False
env_odom_noise,0.0,0.04899592973540154,0.0699708887492028,0.12449857316011519,0.5428047588553954,-1.4596072158426225,0.9880581516095535,1.0,0.35085815160955347,0.9195585946242014,0.6333333333333333,26.526315789473685,0.0,30.0,False
env_odom_noise,0.0,0.04899592973540154,0.14488363132100487,0.12407719867695345,0.5256345184399949,-1.1508501108240927,0.988,1.0,0.3508,1.1128799845774968,0.5666666666666667,27.235294117647058,0.0,30.0,False
env_odom_noise,0.0,0.04899592973540154,0.3,0.12422166836994916,0.5207497567764151,-0.8297063628810638,0.9882583170254403,1.0,0.3510583170254403,1.2814097394545874,0.5333333333333333,27.875,0.0,30.0,False
env_odom_noise,0.0,0.10627472835292812,0.00010000000000000009,0.12529733490450615,0.5811915393520157,-1.7405796509866898,0.9994475138121547,1.0,0.3622475138121547,0.7330068975687027,0.7,24.952380952380953,0.0,30.0,False
env_odom_noise,0.0,0.10627472835292812,0.00020706272838739032,0.12529733341822585,0.5811915287945301,-1.7379480879433613,0.9994475138121547,1.0,0.3622475138121547,0.7351634283860524,0.7,24.952380952380953,0.0,30.0,False
env_odom_noise,0.0,0.10627472835292812,0.0004287497348723022,0.1252973315252606,0.5811915715532084,-1.7325655964723239,0.9994475138121547,1.0,0.3622475138121547,0.7395997047424316,0.7,24.952380952380953,0.0,30.0,False
env_odom_noise,0.0,0.10627472835292812,0.0008877808989802905,0.12529733285038372,0.5811915499603915,-1.7216945823672989,0.9994475138121547,1.0,0.3622475138121547,0.7486658334732056,0.7,24.952380952380953,0.0,30.0,False
env_odom_noise,0.0,0.10627472835292812,0.001838263351530691,0.1252973324205005,0.5792007930069496,-1.701174500153272,0.9994487320837927,1.0,0.3622487320837927,0.7542915691932043,0.7,25.047619047619047,0.0,30.0,False
env_odom_noise,0.0,0.10627472835292812,0.003806358250624933,0.12529733167357276,0.5741988638053039,-1.6619074335096504,0.9994517543859649,1.0,0.3622517543859649,0.7598868399858475,0.7,25.285714285714285,0.0,30.0,False
env_odom_noise,0.0,0.10627472835292812,0.00788154924594252,0.12549079862450008,0.5686955411733124,-1.5897463094140354,0.999455930359086,1.0,0.362255930359086,0.7902482862273852,0.7,25.61904761904762,0.0,30.0,False
env_odom_noise,0.0,0.10627472835292812,0.01631975090784437,0.12527822849270004,0.5596790004136227,-1.473614033768372,0.9994640943193998,1.0,0.36226409431939977,0.8336404999097188,0.6666666666666666,25.65,0.0,30.0,False
env_odom_noise,0.0,0.10627472835292812,0.03379212149580846,0.1253204583564473,0.5453753715789986,-1.301741227948993,0.9994786235662148,1.0,0.36227862356621476,0.9255489399035771,0.6333333333333333,26.31578947368421,0.0,30.0,False
env_odom_noise,0.0,0.10627472835292812,0.0699708887492028,0.12395748191580593,0.5333739191420094,-1.0841921721832417,0.9994944388270981,1.0,0.3622944388270981,1.1172141750653586,0.6,27.27777777777778,0.0,30.0,False
env_odom_noise,0.0,0.10627472835292812,0.14488363132100487,0.12421496446733171,0.5200584275390479,-0.8127589379853012,0.9995112414467253,1.0,0.36231124144672533,1.2947534402211507,0.5333333333333333,27.9375,0.0,30.0,False
env_odom_noise,0.0,0.10627472835292812,0.3,0.12417972889299402,0.5141964005781795,-0.49819942721900784,0.9995196926032661,1.0,0.36231969260326613,1.4531790971755982,0.43333333333333335,26.76923076923077,0.0,30.0,False
env_odom_noise,0.0,0.23051543153651136,0.00010000000000000009,0.12596626941916123,0.5450826183883737,-1.0745166936479822,1.0,1.0,0.3628,1.068810024857521,0.6,25.77777777777778,0.0,30.0,False
env_odom_noise,0.0,0.23051543153651136,0.00020706272838739032,0.1259662718675072,0.5450826357734485,-1.0731352668675063,1.0,1.0,0.3628,1.0704937289158503,0.6,25.77777777777778,0.0,30.0,False
env_odom_noise,0.0,0.23051543153651136,0.0004287497348723022,0.12596627036447605,0.5450826041092641,-1.0702936416692939,1.0,1.0,0.3628,1.073968568444252,0.6,25.77777777777778,0.0,30.0,False
env_odom_noise,0.0,0.23051543153651136,0.0008877808989802905,0.12578165041535902,0.5450825885269696,-1.0649016069987431,1.0,1.0,0.3628,1.0754813541968664,0.6,25.833333333333332,0.0,30.0,False
env_odom_noise,0.0,0.23051543153651136,0.001838263351530691,0.1257816499119145,0.5435147461131677,-1.053750723897462,1.0,1.0,0.3628,1.0794618705908456,0.6,25.944444444444443,0.0,30.0,False
env_odom_noise,0.0,0.23051543153651136,0.003806358250624933,0.12527062242286302,0.5419245437003966,-1.032350270652966,1.0,1.0,0.3628,1.0822820996244749,0.6,26.22222222222222,0.0,30.0,False
env_odom_noise,0.0,0.23051543153651136,0.00788154924594252,0.12542744463792752,0.5398327841993527,-0.9917354145665477,1.0,1.0,0.3628,1.0991247475147248,0.6,26.666666666666668,0.0,30.0,False
env_odom_noise,0.0,0.23051543153651136,0.01631975090784437,0.12547809220015818,0.5337746655542585,-0.9193323286731219,1.0,1.0,0.3628,1.1511393283804259,0.6,27.333333333333332,0.0,30.0,False
env_odom_noise,0.0,0.23051543153651136,0.03379212149580846,0.12414349938546974,0.5259050872495072,-0.8043184005522083,1.0,1.0,0.3628,1.2464165071646371,0.5333333333333333,27.125,0.0,30.0,False
env_odom_noise,0.0,0.23051543153651136,0.0699708887492028,0.12428169817663541,0.5157357986316948,-0.6315398660031832,1.0,1.0,0.3628,1.4343003749847412,0.4666666666666667,27.142857142857142,0.0,30.0,False
env_odom_noise,0.0,0.23051543153651136,0.14488363132100487,0.12455905501374345,0.5101790401639212,-0.40546333505718923,1.0,1.0,0.3628,1.613209380209446,0.43333333333333335,27.923076923076923,0.0,30.0,False
env_odom_noise,0.0,0.23051543153651136,0.3,0.12486929583156897,0.5058834310657193,-0.12379320898524321,1.0,1.0,0.3628,1.7628611107667287,0.4,27.75,0.0,30.0,False
env_odom_noise,0.0,0.5,0.00010000000000000009,0.12439103077810536,0.5074092011118388,-0.384462570299305,1.0,1.0,0.3628,1.6928758502006531,0.43333333333333335,27.923076923076923,0.0,30.0,False
env_odom_noise,0.0,0.5,0.00020706272838739032,0.12439103158728694,0.507409204426319,-0.383795520767024,1.0,1.0,0.3628,1.6941716422637303,0.43333333333333335,27.923076923076923,0.0,30.0,False
env_odom_noise,0.0,0.5,0.0004287497348723022,0.12439103132471939,0.5074092735987663,-0.38241866106536,1.0,1.0,0.3628,1.6968503455320993,0.43333333333333335,27.923076923076923,0.0,30.0,False
env_odom_noise,0.0,0.5,0.0008877808989802905,0.12439103165667628,0.5074092058839741,-0.3795862983623689,1.0,1.0,0.3628,1.7023827900489172,0.43333333333333335,27.923076923076923,0.0,30.0,False
env_odom_noise,0.0,0.5,0.001838263351530691,0.12439102996906676,0.5074091961848,-0.3737992234504291,1.0,1.0,0.3628,1.713770005106926,0.43333333333333335,27.923076923076923,0.0,30.0,False
env_odom_noise,0.0,0.5,0.003806358250624933,0.12439103077093164,0.5046186523332147,-0.36313195489547007,1.0,1.0,0.3628,1.719996264576912,0.43333333333333335,28.23076923076923,0.0,30.0,False
env_odom_noise,0.0,0.5,0.00788154924594252,0.12439103018776104,0.5039062455556156,-0.34020777709229694,1.0,1.0,0.3628,1.7633705198764802,0.43333333333333335,28.307692307692307,0.0,30.0,False
env_odom_noise,0.0,0.5,0.01631975090784437,0.1245618855488951,0.5002299497532189,-0.2996137512632754,1.0,1.0,0.3628,1.8124555637439093,0.43333333333333335,29.153846153846153,0.0,30.0,False
env_odom_noise,0.0,0.5,0.03379212149580846,0.12483479862059926,0.493767205135813,-0.2273377392222872,1.0,1.0,0.3628,1.9084475268920262,0.4,29.833333333333332,0.0,30.0,False
env_odom_noise,0.0,0.5,0.0699708887492028,0.12441358315226653,0.490025451705529,-0.10643197269829721,1.0,1.0,0.3628,2.0530925651391345,0.36666666666666664,30.09090909090909,0.0,30.0,False
env_odom_noise,0.0,0.5,0.14488363132100487,0.12455010723119878,0.4856550159596197,0.06926861421205391,1.0,1.0,0.3628,2.154606267809868,0.36666666666666664,31.272727272727273,0.0,30.0,False
env_odom_noise,0.0,0.5,0.3,0.12455010695404452,0.48345552523829016,0.30414159857436474,1.0,1.0,0.3628,2.231093043088913,0.36666666666666664,31.636363636363637,0.0,30.0,False
env_odom_noise,0.0375,0.00010000000000000009,0.00010000000000000009,0.12568159507044968,0.6980180996885635,61.318518611780966,0.1569115815691158,0.2646326276463263,1.2156557907845578,0.40375199615955354,0.9333333333333333,24.821428571428573,0.0,30.0,False
env_odom_noise,0.0375,0.00010000000000000009,0.00020706272838739032,0.1256815950827409,0.6980189812786893,52.40222370853867,0.17621419676214198,0.3026151930261519,1.1583706102117062,0.4046793232361476,0.9333333333333333,24.821428571428573,0.0,30.0,False
env_odom_noise,0.0375,0.00010000000000000009,0.0004287497348723022,0.12568159516031538,0.6980297828948441,47.09862076844598,0.2191780821917808,0.36114570361145704,1.056876214196762,0.41458716938893,0.9333333333333333,24.821428571428573,0.0,30.0,False
env_odom_noise,0.0375,0.00010000000000000009,0.0008877808989802905,0.12557073214919642,0.6980727966957719,44.36035850373672,0.2639751552795031,0.43167701863354035,0.9415478260869565,0.42513037274281185,0.9333333333333333,24.892857142857142,0.0,30.0,False
env_odom_noise,0.0375,0.00010000000000000009,0.001838263351530691,0.1252423000419194,0.6933700668002103,42.794537671603116,0.3232758620689655,0.49938423645320196,0.8145399014778325,0.4122751576205095,0.9,24.62962962962963,0.0,30.0,False
env_odom_noise,0.0375,0.00010000000000000009,0.003806358250624933,0.12515086983558474,0.682994383569068,41.85997487395747,0.3997569866342649,0.5589307411907655,0.6785122721749697,0.40866776018713913,0.9,25.037037037037038,0.0,30.0,False
env_odom_noise,0.0375,0.00010000000000000009,0.00788154924594252,0.12530529048677252,0.6740531089106587,41.913716101320844,0.4706937799043062,0.5915071770334929,0.574999043062201,0.41549707427620886,0.8333333333333334,24.44,0.0,30.0,False
env_odom_noise,0.0375,0.00010000000000000009,0.01631975090784437,0.12505766917210578,0.6640389707513252,41.571789603950265,0.5311764705882352,0.6088235294117647,0.4972000000000001,0.48807732164859774,0.8,24.416666666666668,0.0,30.0,False
env_odom_noise,0.0375,0.00010000000000000009,0.03379212149580846,0.12500929844448108,0.6446616984842233,41.26285261964367,0.5643507972665148,0.6138952164009112,0.458953986332574,0.5720313956340154,0.7666666666666667,25.0,0.0,30.0,False
env_odom_noise,0.0375,0.00010000000000000009,0.0699708887492028,0.12504383358610355,0.6156885388013895,40.847000216645874,0.5823401950162513,0.6224268689057422,0.4324329360780065,0.6990086068709691,0.7,25.80952380952381,0.0,30.0,False
env_odom_noise,0.0375,0.00010000000000000009,0.14488363132100487,0.1240040940818098,0.5973605968269147,40.2493101463955,0.5887265135699373,0.6268267223382046,0.4216467640918581,0.9009164477388064,0.6,25.555555555555557,0.0,30.0,False
env_odom_noise,0.0375,0.00010000000000000009,0.3,0.12409596687624393,0.5834820725393852,40.48366804832683,0.592292089249493,0.6288032454361054,0.4161046653144016,1.0626920223236085,0.5666666666666667,26.41176470588235,0.0,30.0,False
env_odom_noise,0.0375,0.00021690521830457365,0.00010000000000000009,0.12568159507044968,0.6980180996885635,31.260856991973025,0.18119551681195517,0.3069738480697385,1.1490306351183064,0.40375199615955354,0.9333333333333333,24.821428571428573,0.0,30.0,False
env_odom_noise,0.0375,0.00021690521830457365,0.00020706272838739032,0.12568159531159248,0.698019288348275,25.228962208616696,0.19987546699875466,0.34059775840597756,1.0967267745952678,0.4048861707250277,0.9333333333333333,24.821428571428573,0.0,30.0,False
env_odom_noise,0.0375,0.00021690521830457365,0.0004287497348723022,0.1256815953459053,0.6980305520447999,21.151312916433007,0.24283935242839352,0.39476961394769616,0.9995910336239103,0.415295746922493,0.9333333333333333,24.821428571428573,0.0,30.0,False
env_odom_noise,0.0375,0.00021690521830457365,0.0008877808989802905,0.1255707328173502,0.6980762371018349,18.801490842690907,0.2819875776397516,0.4652173913043478,0.8899950310559006,0.4261432056625684,0.9333333333333333,24.892857142857142,0.0,30.0,False
env_odom_noise,0.0375,0.00021690521830457365,0.001838263351530691,0.12524230244006113,0.6933743507207372,17.50286529625269,0.34236453201970446,0.5301724137931034,0.7646630541871922,0.4132028954724471,0.9,24.62962962962963,0.0,30.0,False
env_odom_noise,0.0375,0.00021690521830457365,0.003806358250624933,0.12515087038896583,0.6829994232255593,16.854500457969205,0.41676792223572295,0.5893074119076549,0.6311246658566221,0.40955210908626516,0.9,25.037037037037038,0.0,30.0,False
env_odom_noise,0.0375,0.00021690521830457365,0.00788154924594252,0.1253052924617995,0.674057002708077,16.854399821396576,0.4880382775119617,0.6214114832535885,0.5277502392344497,0.4161637133608262,0.8333333333333334,24.44,0.0,30.0,False
env_odom_noise,0.0375,0.00021690521830457365,0.01631975090784437,0.12505766861597975,0.6640419442596486,16.787371705707045,0.548235294117647,0.6376470588235295,0.4513176470588235,0.4885615234573682,0.8,24.416666666666668,0.0,30.0,False
env_odom_noise,0.0375,0.00021690521830457365,0.03379212149580846,0.12500929858032003,0.6446639680502524,16.79571946643083,0.5814350797266514,0.642369020501139,0.4133958997722096,0.5723853841423988,0.7666666666666667,25.0,0.0,30.0,False
env_odom_noise,0.0375,0.00021690521830457365,0.0699708887492028,0.12504383279002865,0.6156902734546885,16.790999771624207,0.600216684723727,0.6505958829902492,0.3863874322860238,0.6992650672793388,0.7,25.80952380952381,0.0,30.0,False
env_odom_noise,0.0375,0.00021690521830457365,0.14488363132100487,0.12400409373100843,0.5973618786680351,16.709211338986186,0.6069937369519833,0.6555323590814196,0.37467390396659705,0.901069342593352,0.6,25.555555555555557,0.0,30.0,False
env_odom_noise,0.0375,0.00021690521830457365,0.3,0.12409596763617534,0.5834827604630493,17.01813133981587,0.6105476673427992,0.657707910750507,0.36894442190669374,1.0627730379501978,0.5666666666666667,26.41176470588235,0.0,30.0,False
env_odom_noise,0.0375,0.00047047873727754753,0.00010000000000000009,0.12568159507044968,0.6980180996885635,14.938665799794805,0.21668742216687423,0.37484433374844334,1.0456682440846823,0.40375199615955354,0.9333333333333333,24.821428571428573,0.0,30.0,False
env_odom_noise,0.0375,0.00047047873727754753,0.00020706272838739032,0.1256815946531775,0.6980200083274797,11.506943650385352,0.23785803237858033,0.410958904109589,0.9883830635118307,0.40549608767032624,0.9333333333333333,24.821428571428573,0.0,30.0,False
env_odom_noise,0.0375,0.00047047873727754753,0.0004287497348723022,0.125681594831243,0.6980325908643582,8.801182143367413,0.2777085927770859,0.45952677459526775,0.8999646326276463,0.41696573197841647,0.9333333333333333,24.821428571428573,0.0,30.0,False
env_odom_noise,0.0375,0.00047047873727754753,0.0008877808989802905,0.1255707315739836,0.6966604166678159,7.00737258367746,0.31389578163771714,0.5210918114143921,0.8022124069478908,0.42083788514137266,0.9333333333333333,24.928571428571427,0.0,30.0,False
env_odom_noise,0.0375,0.00047047873727754753,0.001838263351530691,0.12528524037189548,0.6933834454932468,5.999130721216597,0.3714637146371464,0.5799507995079951,0.6857854858548584,0.4077181190252304,0.9,24.666666666666668,0.0,30.0,False
env_odom_noise,0.0375,0.00047047873727754753,0.003806358250624933,0.1251508720282097,0.6830104074495238,5.5132577563561,0.44471445929526127,0.6397326852976913,0.5527528554070473,0.4114714089160164,0.9,25.037037037037038,0.0,30.0,False
env_odom_noise,0.0375,0.00047047873727754753,0.00788154924594252,0.1253052920577144,0.6740651223111755,5.497434386841687,0.5143540669856459,0.6710526315789473,0.45179330143540675,0.41014867201447486,0.8,23.833333333333332,0.0,30.0,False
env_odom_noise,0.0375,0.00047047873727754753,0.01631975090784437,0.1252272139423257,0.6640481395472688,5.589663639255599,0.5727699530516432,0.6848591549295775,0.37957089201877925,0.4742212474346161,0.8,24.5,0.0,30.0,False
env_odom_noise,0.0375,0.00047047873727754753,0.03379212149580846,0.12500929887905954,0.6446689626579464,5.709769351067674,0.606492027334852,0.6902050113895216,0.3405029612756264,0.5731525013844172,0.7666666666666667,25.0,0.0,30.0,False
env_odom_noise,0.0375,0.00047047873727754753,0.0699708887492028,0.1250438327060763,0.61569402915634,5.891201185380865,0.6251354279523293,0.6971830985915493,0.3148814734561214,0.6998206948240598,0.7,25.80952380952381,0.0,30.0,False
env_odom_noise,0.0375,0.00047047873727754753,0.14488363132100487,0.1240040936926105,0.5973646051115187,6.045338623463162,0.6320459290187892,0.7009394572025052,0.3042146137787056,0.901400684316953,0.6,25.555555555555557,0.0,30.0,False
env_odom_noise,0.0375,0.00047047873727754753,0.3,0.12409596650361224,0.5834843242599073,6.387401383564109,0.6348884381338742,0.7033468559837728,0.298964705882353,1.0629484047492346,0.5666666666666667,26.41176470588235,0.0,30.0,False
env_odom_noise,0.0375,0.001020492932168466,0.00010000000000000009,0.12568159506724927,0.6980181018818227,5.757297503348674,0.2764632627646326,0.4763387297633873,0.88439800747198,0.40385339309771856,0.9333333333333333,24.821428571428573,0.0,30.0,False
env_odom_noise,0.0375,0.001020492932168466,0.00020706272838739032,0.12568159506075474,0.6980222442705838,4.170676061582918,0.298879202988792,0.5049813200498132,0.8333394769613948,0.4075747107466062,0.9333333333333333,24.821428571428573,0.0,30.0,False
env_odom_noise,0.0375,0.001020492932168466,0.0004287497348723022,0.12579668450914597,0.6980397845547109,2.681901386770158,0.3252487562189055,0.5447761194029851,0.7671751243781094,0.4133161500096321,0.9333333333333333,24.857142857142858,0.0,30.0,False
env_odom_noise,0.0375,0.001020492932168466,0.0008877808989802905,0.12557073068493133,0.6966807179907315,1.523266434133958,0.3598014888337469,0.5992555831265509,0.6781429280397022,0.42599585751692454,0.9333333333333333,24.928571428571427,0.0,30.0,False
env_odom_noise,0.0375,0.001020492932168466,0.001838263351530691,0.1252852397168478,0.6934101910219932,0.8024747028445797,0.4138991389913899,0.6531365313653137,0.5701643296432963,0.4128512019912402,0.9,24.666666666666668,0.0,30.0,False
env_odom_noise,0.0375,0.001020492932168466,0.003806358250624933,0.12515087210722903,0.6830334983778136,0.4643251158971906,0.4823815309842041,0.7083839611178615,0.4464345078979344,0.41560795437544584,0.9,25.037037037037038,0.0,30.0,False
env_odom_noise,0.0375,0.001020492932168466,0.00788154924594252,0.12530529101037466,0.6740828639733631,0.45754078778270457,0.5496411483253588,0.7344497607655502,0.35310909090909093,0.41324591760834056,0.8,23.833333333333332,0.0,30.0,False
env_odom_noise,0.0375,0.001020492932168466,0.01631975090784437,0.125227214013025,0.6626637400773207,0.5842356301646958,0.608440797186401,0.7473622508792497,0.2813969519343493,0.4692997763554255,0.8,24.541666666666668,0.0,30.0,False
env_odom_noise,0.0375,0.001020492932168466,0.03379212149580846,0.12500929818537557,0.643627426478409,0.7923866085921534,0.6399317406143344,0.7514220705346986,0.24584618885096698,0.5707701643308004,0.7666666666666667,25.043478260869566,0.0,30.0,False
env_odom_noise,0.0375,0.001020492932168466,0.0699708887492028,0.12504383157887167,0.6157021360680075,1.0572950888750552,0.6570964247020585,0.7562296858071506,0.2238738894907909,0.701024217903614,0.7,25.80952380952381,0.0,30.0,False
env_odom_noise,0.0375,0.001020492932168466,0.14488363132100487,0.12400409311604096,0.5973705269741476,1.3180564622145405,0.6644050104384134,0.7593945720250522,0.21340041753653438,0.9021193300684293,0.6,25.555555555555557,0.0,30.0,False
env_odom_noise,0.0375,0.001020492932168466,0.3,0.12409596784659867,0.5834877728517958,1.6740408337335966,0.6683569979716024,0.7601419878296146,0.20870101419878295,1.0633295486370722,0.5666666666666667,26.41176470588235,0.0,30.0,False
env_odom_noise,0.0375,0.0022135024223027535,0.00010000000000000009,0.1256815934292903,0.6980251764446064,0.7722752386393924,0.36114570361145704,0.6176836861768369,0.6583706102117061,0.4090605532129606,0.9333333333333333,24.821428571428573,0.0,30.0,False
env_odom_noise,0.0375,0.0022135024223027535,0.00020706272838739032,0.12579668486566636,0.6980446335192716,0.19606052421523504,0.3737562189054726,0.6380597014925373,0.62538407960199,0.40985093315442406,0.9333333333333333,24.857142857142858,0.0,30.0,False
env_odom_noise,0.0375,0.0022135024223027535,0.0004287497348723022,0.12557073309647426,0.6980866245110732,-0.46705707242106753,0.3937888198757764,0.6695652173913044,0.5738459627329192,0.418424957493941,0.9333333333333333,24.892857142857142,0.0,30.0,False
env_odom_noise,0.0375,0.0022135024223027535,0.0008877808989802905,0.12543567627583255,0.6948080113971823,-1.0688716235403846,0.430778739184178,0.7064276885043264,0.49999357231149566,0.4165459822242459,0.9333333333333333,25.035714285714285,0.0,30.0,False
env_odom_noise,0.0375,0.0022135024223027535,0.001838263351530691,0.12528524051349724,0.6885558700498979,-1.4992733299515755,0.48164014687882495,0.7576499388004896,0.39790991432068545,0.39442862421274183,0.9,24.814814814814813,0.0,30.0,False
env_odom_noise,0.0375,0.0022135024223027535,0.003806358250624933,0.12515087198748848,0.681665540830094,-1.693071926594024,0.5418689320388349,0.8003640776699029,0.29496699029126217,0.4165903065353632,0.9,25.074074074074073,0.0,30.0,False
env_odom_noise,0.0375,0.0022135024223027535,0.00788154924594252,0.12530529024670378,0.6732776368026404,-1.6695192900711533,0.6027479091995221,0.8207885304659498,0.21366356033452805,0.4130047505100568,0.8,23.875,0.0,30.0,False
env_odom_noise,0.0375,0.0022135024223027535,0.01631975090784437,0.12522721340558227,0.661402170888039,-1.5202384667240614,0.6592505854800936,0.832552693208431,0.1453967213114754,0.46702872415383656,0.8,24.583333333333332,0.0,30.0,False
env_odom_noise,0.0375,0.0022135024223027535,0.03379212149580846,0.12500929784495493,0.6436505275768594,-1.2749662466071794,0.6882821387940842,0.8367463026166098,0.12333583617747446,0.5743540167808533,0.7666666666666667,25.043478260869566,0.0,30.0,False
env_odom_noise,0.0375,0.0022135024223027535,0.0699708887492028,0.12457099273974048,0.615719520979823,-0.9897564741117645,0.7048648648648649,0.8405405405405405,0.13612432432432442,0.6886731510361036,0.7,25.904761904761905,0.0,30.0,False
env_odom_noise,0.0375,0.0022135024223027535,0.14488363132100487,0.12400409521541673,0.5973835304663546,-0.671725861757994,0.7098121085594989,0.8434237995824635,0.1381883089770355,0.9036754926045736,0.6,25.555555555555557,0.0,30.0,False
env_odom_noise,0.0375,0.0022135024223027535,0.3,0.12409596753619723,0.583495208445059,-0.31095296971011677,0.7129817444219066,0.8433062880324543,0.14147545638945236,1.0641551484664282,0.5666666666666667,26.41176470588235,0.0,30.0,False
env_odom_noise,0.0375,0.004801202261272809,0.00010000000000000009,0.12508489023754807,0.6964401752416407,-1.627058710514699,0.4907521578298397,0.7836004932182491,0.3628473489519112,0.41134022225936256,0.9,24.59259259259259,0.0,30.0,False
env_odom_noise,0.0375,0.004801202261272809,0.00020706272838739032,0.12508489177390975,0.6928602638537564,-1.7878451765971335,0.49938574938574937,0.797911547911548,0.3399027027027027,0.39602286828060945,0.9,24.703703703703702,0.0,30.0,False
env_odom_noise,0.0375,0.004801202261272809,0.0004287497348723022,0.1250848904303117,0.6915010172407413,-2.0107294946753456,0.5177914110429448,0.8104294478527607,0.3089791411042945,0.4013315702478091,0.9,24.74074074074074,0.0,30.0,False
env_odom_noise,0.0375,0.004801202261272809,0.0008877808989802905,0.12512206738339257,0.6882256646045655,-2.2497481003945383,0.5426829268292683,0.8378048780487805,0.2567121951219512,0.38955276931325594,0.9,24.925925925925927,0.0,30.0,False
env_odom_noise,0.0375,0.004801202261272809,0.001838263351530691,0.12530003625442837,0.683652626176788,-2.4323086398281717,0.5818181818181818,0.8696969696969697,0.18568484848484845,0.3975548838575681,0.9,25.11111111111111,0.0,30.0,False
env_odom_noise,0.0375,0.004801202261272809,0.003806358250624933,0.12555122765474427,0.6790763557971872,-2.502260323488003,0.6310096153846154,0.8984375,0.10775288461538457,0.395271302262942,0.8333333333333334,24.28,0.0,30.0,False
env_odom_noise,0.0375,0.004801202261272809,0.00788154924594252,0.1248997123033265,0.6736922025102886,-2.458311033592585,0.6856465005931198,0.9145907473309609,0.04285575326215896,0.41942961638172466,0.8,24.125,0.0,30.0,False
env_odom_noise,0.0375,0.004801202261272809,0.01631975090784437,0.12491416973910027,0.658609507384331,-2.2911225718968176,0.7401162790697674,0.9226744186046512,0.08924186046511629,0.4741479232907295,0.8,24.833333333333332,0.0,30.0,False
env_odom_noise,0.0375,0.004801202261272809,0.03379212149580846,0.12478243743722003,0.6407368945646204,-2.0341708638435416,0.7632768361581921,0.9248587570621469,0.1102180790960452,0.5800642063220341,0.7666666666666667,25.304347826086957,0.0,30.0,False
env_odom_noise,0.0375,0.004801202261272809,0.0699708887492028,0.12442461755300795,0.6154150398286555,-1.7343368156457772,0.775323275862069,0.9267241379310345,0.12039913793103452,0.7092373877763748,0.6666666666666666,25.4,0.0,30.0,False
env_odom_noise,0.0375,0.004801202261272809,0.14488363132100487,0.1243138349888639,0.5948733591037513,-1.3978340839157979,0.7789855072463768,0.9285714285714286,0.12221407867494827,0.9047060539325078,0.6,26.0,0.0,30.0,False
env_odom_noise,0.0375,0.004801202261272809,0.3,0.12374572332383181,0.5830524334819219,-1.0462895692307783,0.7823232323232323,0.9292929292929293,0.12483030303030307,1.0826200733582179,0.5666666666666667,26.647058823529413,0.0,30.0,False
env_odom_noise,0.0375,0.010414058246057912,0.00010000000000000009,0.1251363100628619,0.6855233676082158,-2.503323780173174,0.6404358353510896,0.9098062953995157,0.08695786924939464,0.40966949264208474,0.8666666666666667,24.615384615384617,0.0,30.0,False
env_odom_noise,0.0375,0.010414058246057912,0.00020706272838739032,0.12513630789749916,0.6855362623766325,-2.5353330717617326,0.6434624697336562,0.9152542372881356,0.07848329297820822,0.41501566469669343,0.8666666666666667,24.615384615384617,0.0,30.0,False
env_odom_noise,0.0375,0.010414058246057912,0.0004287497348723022,0.12500401984912723,0.6843141657725414,-2.5873611104901357,0.6533816425120773,0.9239130434782609,0.059905314009661814,0.4115106612443924,0.8666666666666667,24.692307692307693,0.0,30.0,False
env_odom_noise,0.0375,0.010414058246057912,0.0008877808989802905,0.1250040215573906,0.6809550227894346,-2.64633165538839,0.6726835138387485,0.9380264741275571,0.026490012033694388,0.41158242473999657,0.8666666666666667,24.807692307692307,0.0,30.0,False
env_odom_noise,0.0375,0.010414058246057912,0.001838263351530691,0.12479522776095807,0.6787781877374899,-2.6919531873062694,0.7065868263473054,0.9550898203592815,0.02447664670658689,0.40832021571695803,0.8333333333333334,24.4,0.0,30.0,False
env_odom_noise,0.0375,0.010414058246057912,0.003806358250624933,0.12506603021377175,0.6752657070770949,-2.685223982280322,0.7428741092636579,0.9679334916864608,0.07360760095011876,0.4138452331225077,0.8,24.083333333333332,0.0,30.0,False
env_odom_noise,0.0375,0.010414058246057912,0.00788154924594252,0.12476585996661316,0.6678162550981636,-2.59809202142111,0.7905882352941176,0.9741176470588235,0.12750588235294114,0.4621750627954801,0.8,24.416666666666668,0.0,30.0,False
env_odom_noise,0.0375,0.010414058246057912,0.01631975090784437,0.12489216971997304,0.6573195226244161,-2.4253797007644917,0.8304398148148148,0.9791666666666666,0.1724064814814814,0.5263674154877662,0.7666666666666667,24.391304347826086,0.0,30.0,False
env_odom_noise,0.0375,0.010414058246057912,0.03379212149580846,0.12483708924442406,0.6340529066057968,-2.1723826341044488,0.8501118568232662,0.9804250559284117,0.19333691275167786,0.5985232646266619,0.7333333333333333,25.09090909090909,0.0,30.0,False
env_odom_noise,0.0375,0.010414058246057912,0.0699708887492028,0.12418354266773994,0.6111321409277684,-1.8754847430723056,0.8609625668449198,0.9818181818181818,0.2055807486631016,0.7531114141146342,0.6666666666666666,25.75,0.0,30.0,False
env_odom_noise,0.0375,0.010414058246057912,0.14488363132100487,0.1240611995999987,0.5900983069707665,-1.5446185887208597,0.8630769230769231,0.982051282051282,0.2079282051282051,0.9327986339728037,0.6,26.5,0.0,30.0,False
env_odom_noise,0.0375,0.010414058246057912,0.3,0.12391861192052,0.5788081246775786,-1.1880965197411817,0.8646353646353646,0.9820179820179821,0.2094533466533467,1.1068646376331648,0.5666666666666667,27.294117647058822,0.0,30.0,False
env_odom_noise,0.0375,0.02258863577297737,0.00010000000000000009,0.1252190028400052,0.6774326707903852,-2.5670562025942405,0.8016627078384798,0.9780285035629454,0.14249121140142518,0.4561273418366909,0.7666666666666667,23.434782608695652,0.0,30.0,False
env_odom_noise,0.0375,0.02258863577297737,0.00020706272838739032,0.12521900099328437,0.6774430190522014,-2.5686284601353226,0.8052256532066508,0.9792161520190024,0.14724180522565322,0.4599993293484052,0.7666666666666667,23.434782608695652,0.0,30.0,False
env_odom_noise,0.0375,0.02258863577297737,0.0004287497348723022,0.1252190035087711,0.6762679794000673,-2.570809622239096,0.8096085409252669,0.9810201660735468,0.15342870699881372,0.4606160374979178,0.7666666666666667,23.47826086956522,0.0,30.0,False
env_odom_noise,0.0375,0.02258863577297737,0.0008877808989802905,0.12521900243912745,0.6751634867593187,-2.569416426319826,0.8175355450236966,0.9845971563981043,0.16493270142180094,0.46897338330745697,0.7666666666666667,23.52173913043478,0.0,30.0,False
env_odom_noise,0.0375,0.02258863577297737,0.001838263351530691,0.1253296322221238,0.6731519982758761,-2.5550702278755493,0.8317591499409681,0.9917355371900827,0.1862946871310508,0.47773881256580353,0.7666666666666667,23.652173913043477,0.0,30.0,False
env_odom_noise,0.0375,0.02258863577297737,0.003806358250624933,0.1253296353552496,0.6685871629203933,-2.509551038649081,0.8613396004700352,0.9941245593419507,0.21826415981198588,0.503294205913941,0.7666666666666667,23.82608695652174,0.0,30.0,False
env_odom_noise,0.0375,0.02258863577297737,0.00788154924594252,0.12480218472013446,0.6615023251562836,-2.4132808688006717,0.8902439024390244,0.9953542392566783,0.24839814169570273,0.5256846581896146,0.7333333333333333,23.59090909090909,0.0,30.0,False
env_odom_noise,0.0375,0.02258863577297737,0.01631975090784437,0.12532435440605247,0.6478033939742338,-2.2470394796711592,0.9174259681093394,0.9977220956719818,0.2779480637813212,0.5722119276722272,0.7333333333333333,24.363636363636363,0.0,30.0,False
env_odom_noise,0.0375,0.02258863577297737,0.03379212149580846,0.12467508818625489,0.6309390288143163,-2.017831929296985,0.9301552106430155,0.9983370288248337,0.2912922394678492,0.6751760651667913,0.7,24.80952380952381,0.0,30.0,False
env_odom_noise,0.0375,0.02258863577297737,0.0699708887492028,0.12466060142903668,0.6040839895263103,-1.7298314273068502,0.9367755532139094,0.9994731296101159,0.2990486828240253,0.8009087592363358,0.6666666666666666,26.45,0.0,30.0,False
env_odom_noise,0.0375,0.02258863577297737,0.14488363132100487,0.12428538960798977,0.5887794831642331,-1.4152939477273698,0.9394093686354379,0.9994908350305499,0.3017002036659878,1.0135648146271705,0.5666666666666667,26.176470588235293,0.0,30.0,False
env_odom_noise,0.0375,0.02258863577297737,0.3,0.12419040693198846,0.5766680728294832,-1.0649714379763628,0.9405940594059405,0.9995049504950495,0.30289900990099006,1.1788102865219117,0.5333333333333333,27.125,0.0,30.0,False
env_odom_noise,0.0375,0.04899592973540154,0.00010000000000000009,0.12493795222120099,0.6613075320822759,-2.2192211616179947,0.9265046296296297,0.9942129629629629,0.28351759259259257,0.5782594179113706,0.7333333333333333,23.727272727272727,0.0,30.0,False
env_odom_noise,0.0375,0.04899592973540154,0.00020706272838739032,0.1249379523142592,0.6613162712879161,-2.216423346626019,0.9276620370370371,0.9942129629629629,0.284675,0.5810970554749171,0.7333333333333333,23.727272727272727,0.0,30.0,False
env_odom_noise,0.0375,0.04899592973540154,0.0004287497348723022,0.12493795286696793,0.6604345308821019,-2.210789861100069,0.9289017341040462,0.9942196531791907,0.2859213872832369,0.5802495901783308,0.7333333333333333,23.772727272727273,0.0,30.0,False
env_odom_noise,0.0375,0.04899592973540154,0.0008877808989802905,0.12493795256074451,0.6604712505300607,-2.198705294613191,0.9335260115606936,0.9953757225433526,0.2917017341040462,0.5919109364350637,0.7333333333333333,23.772727272727273,0.0,30.0,False
env_odom_noise,0.0375,0.04899592973540154,0.001838263351530691,0.12464324865911205,0.6597086639361436,-2.1747856872134066,0.9440599769319492,0.9953863898500577,0.3022463667820069,0.6022856379548709,0.7333333333333333,23.863636363636363,0.0,30.0,False
env_odom_noise,0.0375,0.04899592973540154,0.003806358250624933,0.12479625496049745,0.6551161244572271,-2.1304718758995276,0.9559496567505721,0.9965675057208238,0.31531716247139585,0.5993952319025994,0.7333333333333333,24.181818181818183,0.0,30.0,False
env_odom_noise,0.0375,0.04899592973540154,0.00788154924594252,0.12496419605279102,0.6501435356880679,-2.043943708247857,0.96875,0.9988636363636364,0.3304136363636364,0.6365620019535224,0.7,23.761904761904763,0.0,30.0,False
env_odom_noise,0.0375,0.04899592973540154,0.01631975090784437,0.1248351019587391,0.63463850179293,-1.9055279667546519,0.9782850779510023,0.9988864142538976,0.33997149220489986,0.667351562778155,0.7,24.61904761904762,0.0,30.0,False
env_odom_noise,0.0375,0.04899592973540154,0.03379212149580846,0.12477266352427971,0.6210876156374313,-1.703244742584194,0.9831704668838219,0.999457111834962,0.34542757871878393,0.7724024598797162,0.6666666666666666,25.05,0.0,30.0,False
env_odom_noise,0.0375,0.04899592973540154,0.0699708887492028,0.12449857156481603,0.599249280065524,-1.4452348457073674,0.9864724245577523,1.0,0.3492724245577523,0.9328674584627151,0.6333333333333333,26.42105263157895,0.0,30.0,False
env_odom_noise,0.0375,0.04899592973540154,0.14488363132100487,0.12407719780746392,0.5811149558885593,-1.1424990686831251,0.986986986986987,1.0,0.34978698698698696,1.119372523824374,0.5666666666666667,27.176470588235293,0.0,30.0,False
env_odom_noise,0.0375,0.04899592973540154,0.3,0.12422167017166243,0.5766370801069124,-0.8227814500576517,0.9882697947214076,1.0,0.35106979472140765,1.2806092530488968,0.5333333333333333,27.9375,0.0,30.0,False
env_odom_noise,0.0375,0.10627472835292812,0.00010000000000000009,0.12529733364764606,0.6382909487390839,-1.676986670118501,0.9817073170731707,0.9983370288248337,0.3428443458980044,0.7574909791350365,0.7,24.80952380952381,0.0,30.0,False
env_odom_noise,0.0375,0.10627472835292812,0.00020706272838739032,0.1252973316583805,0.6374616846042996,-1.6751528895371177,0.982281284606866,0.9983388704318937,0.3434201550387598,0.7553910439213117,0.7,24.857142857142858,0.0,30.0,False
env_odom_noise,0.0375,0.10627472835292812,0.0004287497348723022,0.12529733111587027,0.6364774566760406,-1.671214801994881,0.9834070796460177,0.9983407079646017,0.34454778761061944,0.7530667468905449,0.7,24.904761904761905,0.0,30.0,False
env_odom_noise,0.0375,0.10627472835292812,0.0008877808989802905,0.12529733478438126,0.6357759536597442,-1.662350495014061,0.9839779005524862,0.9988950276243094,0.3456729281767956,0.7555343901117643,0.7,24.952380952380953,0.0,30.0,False
env_odom_noise,0.0375,0.10627472835292812,0.001838263351530691,0.1252973312362025,0.634859135753666,-1.644584891385706,0.9873068432671082,0.9988962472406181,0.34900309050772627,0.7668131699164709,0.7,25.0,0.0,30.0,False
env_odom_noise,0.0375,0.10627472835292812,0.003806358250624933,0.12529733213909403,0.6315946388136208,-1.6108195115017678,0.988998899889989,0.9988998899889989,0.35069878987898795,0.7835544154047966,0.7,25.142857142857142,0.0,30.0,False
env_odom_noise,0.0375,0.10627472835292812,0.00788154924594252,0.1254907998534012,0.6259273906384437,-1.5481995641395758,0.9929039301310044,0.9994541484716157,0.35515807860262016,0.8061504264672598,0.6666666666666666,24.8,0.0,30.0,False
env_odom_noise,0.0375,0.10627472835292812,0.01631975090784437,0.12544838770219058,0.6198948984003707,-1.4438726263883703,0.9946120689655172,0.9994612068965517,0.35687327586206896,0.8639062017202377,0.6666666666666666,25.4,0.0,30.0,False
env_odom_noise,0.0375,0.10627472835292812,0.03379212149580846,0.1252511150206217,0.6018762418784329,-1.2795594036786915,0.9963427377220481,1.0,0.3591427377220481,0.9431739886601765,0.6666666666666666,26.85,0.0,30.0,False
env_odom_noise,0.0375,0.10627472835292812,0.0699708887492028,0.12395748370876901,0.5909466895429817,-1.071690243751944,0.9984802431610942,1.0,0.3612802431610942,1.128417549530665,0.6,27.166666666666668,0.0,30.0,False
env_odom_noise,0.0375,0.10627472835292812,0.14488363132100487,0.12421496524572001,0.5762326858177266,-0.802997666176009,0.9990234375,1.0,0.3618234375,1.2940764596064886,0.5333333333333333,28.0,0.0,30.0,False
env_odom_noise,0.0375,0.10627472835292812,0.3,0.12417972946101967,0.5737769613472529,-0.4901070890930766,0.9995196926032661,1.0,0.36231969260326613,1.4593997860948245,0.43333333333333335,26.76923076923077,0.0,30.0,False
env_odom_noise,0.0375,0.23051543153651136,0.00010000000000000009,0.12591385023502955,0.6045203975233887,-1.0424044031226347,0.9953125,1.0,0.35811250000000006,1.0909272382656734,0.6333333333333333,26.36842105263158,0.0,30.0,False
env_odom_noise,0.0375,0.23051543153651136,0.00020706272838739032,0.12591384911366424,0.604527748915455,-1.0411478854568288,0.9953125,1.0,0.35811250000000006,1.0925535514950753,0.6333333333333333,26.36842105263158,0.0,30.0,False
env_odom_noise,0.0375,0.23051543153651136,0.0004287497348723022,0.12591384872603467,0.6045430682770345,-1.0385611327472464,0.9953125,1.0,0.35811250000000006,1.0959130272269249,0.6333333333333333,26.36842105263158,0.0,30.0,False
env_odom_noise,0.0375,0.23051543153651136,0.0008877808989802905,0.1256719119977681,0.6045745992872315,-1.034143362396019,0.9958419958419958,1.0,0.35864199584199585,1.09165658056736,0.6333333333333333,26.473684210526315,0.0,30.0,False
env_odom_noise,0.0375,0.23051543153651136,0.001838263351530691,0.12545448128065775,0.6046393701473909,-1.0239228290293392,0.995846313603323,1.0,0.358646313603323,1.1010081435243289,0.6333333333333333,26.526315789473685,0.0,30.0,False
env_odom_noise,0.0375,0.23051543153651136,0.003806358250624933,0.12527062163145367,0.6026468560358792,-1.003568941416,0.9958634953464323,1.0,0.35866349534643227,1.1084079379836718,0.6333333333333333,26.736842105263158,0.0,30.0,False
env_odom_noise,0.0375,0.23051543153651136,0.00788154924594252,0.12531418175982248,0.6021598564233407,-0.9663474730855439,0.9969199178644764,1.0,0.35971991786447644,1.1285857453942298,0.6333333333333333,27.105263157894736,0.0,30.0,False
env_odom_noise,0.0375,0.23051543153651136,0.01631975090784437,0.1254814385671537,0.5951552139193157,-0.8975279432998011,0.9974619289340102,1.0,0.3602619289340102,1.1786367977658907,0.6,27.055555555555557,0.0,30.0,False
env_odom_noise,0.0375,0.23051543153651136,0.03379212149580846,0.12399836723948562,0.5846760543173585,-0.7887445367653529,0.999009900990099,1.0,0.361809900990099,1.249830540517966,0.5333333333333333,27.125,0.0,30.0,False
env_odom_noise,0.0375,0.23051543153651136,0.0699708887492028,0.12425500688177199,0.5749591918023225,-0.6221488389656002,0.9990338164251208,1.0,0.3618338164251208,1.4297698756059012,0.4666666666666667,27.214285714285715,0.0,30.0,False
env_odom_noise,0.0375,0.23051543153651136,0.14488363132100487,0.12455905581430834,0.5695434404477782,-0.39176863494810704,1.0,1.0,0.3628,1.602300027012825,0.43333333333333335,28.307692307692307,0.0,30.0,False
env_odom_noise,0.0375,0.23051543153651136,0.3,0.12486929495576918,0.5690566130526039,-0.11001113742344598,1.0,1.0,0.3628,1.7609067728122076,0.36666666666666664,27.09090909090909,0.0,30.0,False
env_odom_noise,0.0375,0.5,0.00010000000000000009,0.12439103049652148,0.5712615292823827,-0.36789955516044187,0.9985808893093662,1.0,0.3613808893093662,1.6917085096240043,0.43333333333333335,28.0,0.0,30.0,False
env_odom_noise,0.0375,0.5,0.00020706272838739032,0.1243910304337921,0.5712684535193117,-0.36725940787965444,0.9985808893093662,1.0,0.3613808893093662,1.69300188322862,0.43333333333333335,28.0,0.0,30.0,False
env_odom_noise,0.0375,0.5,0.0004287497348723022,0.12439103198229076,0.5712827239118459,-0.36593788502810193,0.9985808893093662,1.0,0.3613808893093662,1.6956762447953224,0.43333333333333335,28.0,0.0,30.0,False
env_odom_noise,0.0375,0.5,0.0008877808989802905,0.12439102978504218,0.5706596761795669,-0.36346756343474174,0.999054820415879,1.0,0.361854820415879,1.6970126395424208,0.43333333333333335,28.076923076923077,0.0,30.0,False
env_odom_noise,0.0375,0.5,0.001838263351530691,0.12439103041956202,0.5707220613517539,-0.3578841311058175,0.999054820415879,1.0,0.361854820415879,1.708421424527963,0.43333333333333335,28.076923076923077,0.0,30.0,False
env_odom_noise,0.0375,0.5,0.003806358250624933,0.1243910299938185,0.5699972599949149,-0.3469305933966407,0.9990557129367328,1.0,0.3618557129367328,1.7273271262645722,0.43333333333333335,28.153846153846153,0.0,30.0,False
env_odom_noise,0.0375,0.5,0.00788154924594252,0.12439103082792856,0.5680678365461621,-0.3253100124675746,0.9990583804143126,1.0,0.3618583804143126,1.762183061738809,0.43333333333333335,28.384615384615383,0.0,30.0,False
env_odom_noise,0.0375,0.5,0.01631975090784437,0.12456188629658409,0.5661087024174903,-0.2856499551123263,0.9995331465919701,1.0,0.36233314659197013,1.819750609000524,0.43333333333333335,29.076923076923077,0.0,30.0,False
env_odom_noise,0.0375,0.5,0.03379212149580846,0.12483480107387883,0.5603106206943452,-0.2127195680695028,0.9995429616087751,1.0,0.3623429616087751,1.9072637125849723,0.36666666666666664,29.363636363636363,0.0,30.0,False
env_odom_noise,0.0375,0.5,0.0699708887492028,0.12441358473669856,0.5583065056340881,-0.0946262869959356,0.9995479204339964,1.0,0.36234792043399644,2.044760468353828,0.3333333333333333,29.6,0.0,30.0,False
env_odom_noise,0.0375,0.5,0.14488363132100487,0.12449148108240353,0.5558310284501808,0.080773686977054,1.0,1.0,0.3628,2.1566477100054424,0.3333333333333333,30.6,0.0,30.0,False
env_odom_noise,0.0375,0.5,0.3,0.12449148202006567,0.5536166303211613,0.31503434448188833,1.0,1.0,0.3628,2.230257804195086,0.3333333333333333,31.1,0.0,30.0,False
env_odom_noise,0.075,0.00010000000000000009,0.00010000000000000009,0.1256606875269414,0.8194503720335496,102.29680625013773,0.13613861386138615,0.21349009900990099,1.2875712871287128,0.4201522655785084,0.9333333333333333,25.0,0.0,30.0,False
env_odom_noise,0.075,0.00010000000000000009,0.00020706272838739032,0.12566068758012935,0.8194514035274161,74.75539942368934,0.14913366336633663,0.2332920792079208,1.2547742574257426,0.42084815924366314,0.9333333333333333,25.0,0.0,30.0,False
env_odom_noise,0.075,0.00010000000000000009,0.0004287497348723022,0.12566068749148762,0.8194763444715449,58.65311046310915,0.16955445544554457,0.2728960396039604,1.194749504950495,0.42829593643546104,0.9333333333333333,25.0,0.0,30.0,False
env_odom_noise,0.075,0.00010000000000000009,0.0008877808989802905,0.1254356766379234,0.8195945581015888,50.0020306251198,0.19406674907292953,0.33436341161928307,1.1087698393077874,0.4410060070455074,0.9333333333333333,25.035714285714285,0.0,30.0,False
env_odom_noise,0.075,0.00010000000000000009,0.001838263351530691,0.12528524019885554,0.8135769902417913,45.52799691309841,0.2350061199510404,0.397796817625459,1.0043970624235006,0.4158046399553617,0.9,24.814814814814813,0.0,30.0,False
env_odom_noise,0.075,0.00010000000000000009,0.003806358250624933,0.12515087110697726,0.8072591490739339,43.21210673407965,0.3015776699029126,0.47572815533980584,0.8598941747572815,0.4493453656633695,0.9,25.074074074074073,0.0,30.0,False
env_odom_noise,0.075,0.00010000000000000009,0.00788154924594252,0.12553600345972504,0.8015545619758059,42.705539992240354,0.37005988023952097,0.5473053892215569,0.7198347305389221,0.44976616899172467,0.8,23.791666666666668,0.0,30.0,False
env_odom_noise,0.075,0.00010000000000000009,0.01631975090784437,0.12507101858854025,0.7853277930051015,41.83751097274702,0.45215869311551926,0.5921820303383898,0.5928592765460909,0.48040570070346195,0.8,24.708333333333332,0.0,30.0,False
env_odom_noise,0.075,0.00010000000000000009,0.03379212149580846,0.12500929993567145,0.7695149251827015,41.37170281232423,0.5267349260523322,0.608646188850967,0.5018188850967008,0.5878094186385473,0.7666666666666667,25.043478260869566,0.0,30.0,False
env_odom_noise,0.075,0.00010000000000000009,0.0699708887492028,0.1247139678532553,0.7438787780229443,40.94060084520269,0.5650054171180932,0.6191765980498375,0.45301798483206934,0.7034857874115308,0.6666666666666666,25.15,0.0,30.0,False
env_odom_noise,0.075,0.00010000000000000009,0.14488363132100487,0.12403463127884459,0.725415817987092,40.3585058139729,0.5828125,0.6244791666666667,0.42990833333333334,0.8960521747668584,0.6,25.666666666666668,0.0,30.0,False
env_odom_noise,0.075,0.00010000000000000009,0.3,0.12406801133030085,0.716294890510319,40.59756948011265,0.5893401015228427,0.6274111675126903,0.420448730964467,1.082054030895233,0.6,27.055555555555557,0.05555555555555555,30.0,False
env_odom_noise,0.075,0.00021690521830457365,0.00010000000000000009,0.1256606875269414,0.8194503720335496,64.41115454892888,0.1577970297029703,0.25,1.2294029702970297,0.4201522655785084,0.9333333333333333,25.0,0.0,30.0,False
env_odom_noise,0.075,0.00021690521830457365,0.00020706272838739032,0.12566068761131274,0.819451849611332,44.82012061512152,0.16955445544554457,0.26732673267326734,1.200318811881188,0.42099531268080076,0.9333333333333333,25.0,0.0,30.0,False
env_odom_noise,0.075,0.00021690521830457365,0.0004287497348723022,0.12566068704310163,0.8194785076971809,31.883664117888863,0.18997524752475248,0.3069306930693069,1.1402940594059405,0.4288393480082353,0.9333333333333333,25.0,0.0,30.0,False
env_odom_noise,0.075,0.00021690521830457365,0.0008877808989802905,0.12543567595768165,0.8196037688721837,24.31246865096439,0.21322620519159455,0.36711990111248455,1.056853893695921,0.4418255920211474,0.9333333333333333,25.035714285714285,0.0,30.0,False
env_odom_noise,0.075,0.00021690521830457365,0.001838263351530691,0.12528524067442406,0.8135877248580885,20.262893738565577,0.2533659730722154,0.42962056303549573,0.9542134638922888,0.4165239247183005,0.9,24.814814814814813,0.0,30.0,False
env_odom_noise,0.075,0.00021690521830457365,0.003806358250624933,0.12515087081685747,0.8072722830542841,18.22191719799904,0.31856796116504854,0.5066747572815534,0.811957281553398,0.45004555260141693,0.9,25.074074074074073,0.0,30.0,False
env_odom_noise,0.075,0.00021690521830457365,0.00788154924594252,0.12553600384955602,0.8015643885998229,17.583200966359897,0.38802395209580837,0.5766467065868264,0.6725293413173652,0.45032801032066344,0.8,23.791666666666668,0.0,30.0,False
env_odom_noise,0.075,0.00021690521830457365,0.01631975090784437,0.12507101605337498,0.7853346023480525,17.08520750020071,0.47024504084014,0.6207701283547258,0.5461848308051342,0.4808033195634683,0.8,24.708333333333332,0.0,30.0,False
env_odom_noise,0.075,0.00021690521830457365,0.03379212149580846,0.12500929767323016,0.7695201337029004,16.932213512012574,0.5437997724687145,0.6370875995449374,0.4563126279863481,0.5881463284293811,0.7666666666666667,25.043478260869566,0.0,30.0,False
env_odom_noise,0.075,0.00021690521830457365,0.0699708887492028,0.1247139661287738,0.7438828276116204,16.866190762857723,0.5828819068255688,0.6484290357529794,0.40588905742145176,0.7037313637634118,0.6666666666666666,25.15,0.0,30.0,False
env_odom_noise,0.075,0.00021690521830457365,0.14488363132100487,0.12403463072318913,0.7254186714449223,16.7730674062975,0.6010416666666667,0.653125,0.38303333333333334,0.8962033207217852,0.6,25.666666666666668,0.0,30.0,False
env_odom_noise,0.075,0.00021690521830457365,0.3,0.12406800941339252,0.7162966236577956,17.07486721357926,0.6076142131979695,0.6563451776649746,0.3732406091370559,1.082133795817693,0.6,27.055555555555557,0.05555555555555555,30.0,False
env_odom_noise,0.075,0.00047047873727754753,0.00010000000000000009,0.1256606875269414,0.8194503720335496,39.04190263207168,0.19245049504950495,0.31064356435643564,1.1341059405940594,0.4201522655785084,0.9333333333333333,25.0,0.0,30.0,False
env_odom_noise,0.075,0.00047047873727754753,0.00020706272838739032,0.12566068709563663,0.8194528833667393,27.26308990718814,0.20173267326732675,0.3254950495049505,1.1099722772277227,0.42143347337841985,0.9333333333333333,25.0,0.0,30.0,False
env_odom_noise,0.075,0.00047047873727754753,0.0004287497348723022,0.12566068768049252,0.819484382517422,18.165709426862133,0.22215346534653466,0.3657178217821782,1.049328712871287,0.43012794901927315,0.9333333333333333,25.0,0.0,30.0,False
env_odom_noise,0.075,0.00047047873727754753,0.0008877808989802905,0.12543567610916262,0.8196234684832931,12.149327804714808,0.24351050679851668,0.4252163164400494,0.9684731767614339,0.44357116768757504,0.9333333333333333,25.035714285714285,0.0,30.0,False
env_odom_noise,0.075,0.00047047873727754753,0.001838263351530691,0.1252852404735178,0.8136105945228641,8.667697842224175,0.2821297429620563,0.48531211750305997,0.8697581395348837,0.4180688417206208,0.9,24.814814814814813,0.0,30.0,False
env_odom_noise,0.075,0.00047047873727754753,0.003806358250624933,0.12515087030497252,0.8073001284258353,6.863469975240037,0.34648058252427183,0.5564320388349514,0.7342873786407768,0.45155242110292115,0.9,25.074074074074073,0.0,30.0,False
env_odom_noise,0.075,0.00047047873727754753,0.00788154924594252,0.12553600391529496,0.8015853144215076,6.191495549908375,0.4149700598802395,0.6269461077844312,0.5952838323353293,0.4515409862001737,0.8,23.791666666666668,0.0,30.0,False
env_odom_noise,0.075,0.00047047873727754753,0.01631975090784437,0.1250710175817871,0.7853494691213657,5.868386929776931,0.4959159859976663,0.6686114352392065,0.4726725787631272,0.4816655290623506,0.8,24.708333333333332,0.0,30.0,False
env_odom_noise,0.075,0.00047047873727754753,0.03379212149580846,0.12500929699832528,0.769531547513526,5.858465130760483,0.5688282138794084,0.6848691695108078,0.3835026166097838,0.5888767530520757,0.7666666666666667,25.043478260869566,0.0,30.0,False
env_odom_noise,0.075,0.00047047873727754753,0.0699708887492028,0.12471396823161095,0.743891531144245,5.958733078127672,0.6078006500541712,0.6950162513542795,0.33438309859154935,0.7042645280559857,0.6666666666666666,25.15,0.0,30.0,False
env_odom_noise,0.075,0.00047047873727754753,0.14488363132100487,0.12403462939636802,0.7254250601771485,6.088751336798373,0.6260416666666667,0.6984375,0.3127208333333332,0.8965309754014015,0.6,25.666666666666668,0.0,30.0,False
env_odom_noise,0.075,0.00047047873727754753,0.3,0.1240680113141008,0.7163004503544693,6.418392678873202,0.631979695431472,0.7020304568527919,0.3031898477157361,1.0823068499565125,0.6,27.055555555555557,0.05555555555555555,30.0,False
env_odom_noise,0.075,0.001020492932168466,0.00010000000000000009,0.12566068753967646,0.8194503524122931,21.324920618705438,0.2400990099009901,0.3978960396039604,0.9992049504950494,0.4202345443268617,0.9333333333333333,25.0,0.0,30.0,False
env_odom_noise,0.075,0.001020492932168466,0.00020706272838739032,0.12566068727007187,0.8194581917982505,15.547699140384017,0.25123762376237624,0.4176980198019802,0.9682643564356436,0.422991635153691,0.9333333333333333,25.0,0.0,30.0,False
env_odom_noise,0.075,0.001020492932168466,0.0004287497348723022,0.12566068685644524,0.819505900883157,10.163705457211853,0.2667079207920792,0.4542079207920792,0.9162841584158417,0.4334641434252262,0.9333333333333333,25.0,0.0,30.0,False
env_odom_noise,0.075,0.001020492932168466,0.0008877808989802905,0.1254356752190971,0.8179390921004285,5.9825599905581335,0.2820987654320988,0.5,0.8551012345679012,0.44129840383927027,0.9333333333333333,25.071428571428573,0.0,30.0,False
env_odom_noise,0.075,0.001020492932168466,0.001838263351530691,0.1252852426858154,0.8125883206483135,3.2716236857699283,0.3215158924205379,0.55440097799511,0.7612831295843521,0.41859905074040094,0.9,24.85185185185185,0.0,30.0,False
env_odom_noise,0.075,0.001020492932168466,0.003806358250624933,0.1255654146158382,0.807359551114325,1.7986781860238064,0.3842424242424242,0.6236363636363637,0.6293212121212122,0.4469262999792894,0.9,25.11111111111111,0.0,30.0,False
env_odom_noise,0.075,0.001020492932168466,0.00788154924594252,0.12553600549128657,0.8016302502358438,1.1237756791089193,0.45209580838323354,0.6910179640718563,0.4940862275449101,0.4541480133930842,0.8,23.791666666666668,0.0,30.0,False
env_odom_noise,0.075,0.001020492932168466,0.01631975090784437,0.12507101782799604,0.7853816263542474,0.8913574375311035,0.5320886814469078,0.7316219369894983,0.3734893815635939,0.4835329994559288,0.8,24.708333333333332,0.0,30.0,False
env_odom_noise,0.075,0.001020492932168466,0.03379212149580846,0.12500929663892266,0.7695563082020594,0.9471837521449276,0.6012514220705347,0.7457337883959044,0.29021478953356084,0.5904578308264414,0.7666666666666667,25.043478260869566,0.0,30.0,False
env_odom_noise,0.075,0.001020492932168466,0.0699708887492028,0.12471396817443306,0.7439107056522796,1.1220349217945749,0.6408450704225352,0.7540628385698809,0.24229209100758387,0.7054189838469028,0.6666666666666666,25.15,0.0,30.0,False
env_odom_noise,0.075,0.001020492932168466,0.14488363132100487,0.12403463060388124,0.725438869710919,1.352484591798574,0.6583333333333333,0.7567708333333333,0.22209583333333338,0.8972407380739847,0.6,25.666666666666668,0.0,30.0,False
env_odom_noise,0.075,0.001020492932168466,0.3,0.1240680102501376,0.7163085128653787,1.6937668954706813,0.6654822335025381,0.7588832487309645,0.21283451776649742,1.082681766152382,0.6,27.055555555555557,0.05555555555555555,30.0,False
env_odom_noise,0.075,0.0022135024223027535,0.00010000000000000009,0.12566068756898016,0.8194686052116144,9.750460905888854,0.3125,0.5278465346534653,0.7968534653465347,0.42418042918046317,0.9333333333333333,25.0,0.0,30.0,False
env_odom_noise,0.075,0.0022135024223027535,0.00020706272838739032,0.12543567615493537,0.8195200328357304,7.477479772264942,0.3195302843016069,0.546353522867738,0.7713161928306551,0.42328138699134193,0.9333333333333333,25.035714285714285,0.0,30.0,False
env_odom_noise,0.075,0.0022135024223027535,0.0004287497348723022,0.12543567531384453,0.8196314423060541,4.897688323843231,0.32818294190358466,0.5648949320148331,0.7441221260815822,0.43612595374385515,0.9333333333333333,25.035714285714285,0.0,30.0,False
env_odom_noise,0.075,0.0022135024223027535,0.0008877808989802905,0.12524230163960604,0.8168598402930823,2.4759403025674027,0.34686346863468637,0.6039360393603936,0.68640049200492,0.42991750687360764,0.9333333333333333,25.178571428571427,0.0,30.0,False
env_odom_noise,0.075,0.0022135024223027535,0.001838263351530691,0.1252852426131033,0.8113786841588434,0.6453502817872109,0.38522588522588525,0.6575091575091575,0.5944649572649572,0.4206007099399964,0.9,24.88888888888889,0.0,30.0,False
env_odom_noise,0.075,0.0022135024223027535,0.003806358250624933,0.12574224831535408,0.8064534525024428,-0.4800841734606176,0.44014510278113667,0.717049576783555,0.48000532043530836,0.43894634346167244,0.9,25.185185185185187,0.0,30.0,False
env_odom_noise,0.075,0.0022135024223027535,0.00788154924594252,0.12553600221452324,0.7996122736307048,-1.0399307478460906,0.5065710872162486,0.7795698924731183,0.3510590203106332,0.4530504532158375,0.8,23.875,0.0,30.0,False
env_odom_noise,0.075,0.0022135024223027535,0.01631975090784437,0.12507101827232991,0.7854505374233592,-1.2096052490371423,0.5828471411901983,0.8168028004667445,0.2375500583430572,0.48756716027855873,0.8,24.708333333333332,0.0,30.0,False
env_odom_noise,0.075,0.0022135024223027535,0.03379212149580846,0.12500929933523694,0.7696094232359204,-1.1220191663911971,0.6496018202502845,0.8316268486916951,0.1559713310580204,0.5938723435004553,0.7666666666666667,25.043478260869566,0.0,30.0,False
env_odom_noise,0.075,0.0022135024223027535,0.0699708887492028,0.12445333752724584,0.7439521097321931,-0.9205906582739751,0.6883116883116883,0.8387445887445888,0.12136709956709957,0.7000727362930774,0.6666666666666666,25.2,0.0,30.0,False
env_odom_noise,0.075,0.0022135024223027535,0.14488363132100487,0.12403463129357635,0.7254686692632051,-0.6410418037663416,0.7036458333333333,0.8411458333333334,0.13429999999999997,0.8987784673770268,0.6,25.666666666666668,0.0,30.0,False
env_odom_noise,0.075,0.0022135024223027535,0.3,0.12406801017933589,0.7163261221041894,-0.29582742661610867,0.7101522842639594,0.8431472081218274,0.138805076142132,1.083494139711062,0.6,27.055555555555557,0.05555555555555555,30.0,False
env_odom_noise,0.075,0.004801202261272809,0.00010000000000000009,0.12508488886620947,0.8158001678843598,3.115473045795843,0.41973039215686275,0.6764705882352942,0.5409990196078431,0.42284413004914917,0.9,24.77777777777778,0.0,30.0,False
env_odom_noise,0.075,0.004801202261272809,0.00020706272838739032,0.12508489069384038,0.8147627828150322,2.4097900206657,0.4228886168910649,0.682374541003672,0.531936842105263,0.42455907439192136,0.9,24.814814814814813,0.0,30.0,False
env_odom_noise,0.075,0.004801202261272809,0.0004287497348723022,0.1251220702922827,0.8148490325669117,1.4125285812237887,0.43040293040293043,0.7045177045177046,0.502279365079365,0.41975528076291085,0.9,24.88888888888889,0.0,30.0,False
env_odom_noise,0.075,0.004801202261272809,0.0008877808989802905,0.12512206800276357,0.812477219930828,0.2927686999119831,0.45066991473812423,0.728380024360536,0.4581500609013398,0.42467542154093585,0.9,24.962962962962962,0.0,30.0,False
env_odom_noise,0.075,0.004801202261272809,0.001838263351530691,0.12516665707154398,0.8080837673740451,-0.7407070571715593,0.4836759371221282,0.7702539298669892,0.38327013301088264,0.4236972772826751,0.9,25.185185185185187,0.0,30.0,False
env_odom_noise,0.075,0.004801202261272809,0.003806358250624933,0.1255512264412724,0.8051720296686877,-1.4774329748153243,0.5240384615384616,0.8239182692307693,0.28924326923076915,0.43505264619986217,0.8333333333333334,24.28,0.0,30.0,False
env_odom_noise,0.075,0.004801202261272809,0.00788154924594252,0.12520097233491304,0.7961434083907216,-1.8819001413635015,0.5868794326241135,0.8782505910165485,0.17206997635933807,0.4453329508503278,0.8,24.25,0.0,30.0,False
env_odom_noise,0.075,0.004801202261272809,0.01631975090784437,0.12491417093035753,0.7820791012296185,-1.9877737997994034,0.6628041714947857,0.9078794901506373,0.06651633835457704,0.4894088173906008,0.7666666666666667,24.347826086956523,0.0,30.0,False
env_odom_noise,0.075,0.004801202261272809,0.03379212149580846,0.12469974465947631,0.7671313814095247,-1.8892281929263863,0.7240406320541761,0.9198645598194131,0.0759760722347631,0.5948572556177775,0.7666666666666667,25.347826086956523,0.0,30.0,False
env_odom_noise,0.075,0.004801202261272809,0.0699708887492028,0.12430785810998904,0.7448968056399256,-1.6685912508049696,0.7591792656587473,0.9249460043196545,0.10603326133909285,0.7296717450022697,0.6666666666666666,25.3,0.0,30.0,False
env_odom_noise,0.075,0.004801202261272809,0.14488363132100487,0.1243138321760386,0.7264808574052738,-1.3686231907411248,0.773104880581516,0.9273104880581516,0.11759439252336445,0.9205316210786502,0.6,25.833333333333332,0.0,30.0,False
env_odom_noise,0.075,0.004801202261272809,0.3,0.12361230519359144,0.7156579582317162,-1.0350919529264762,0.7800201816347124,0.929364278506559,0.12245590312815346,1.0872544532020887,0.5666666666666667,26.705882352941178,0.0,30.0,False
env_odom_noise,0.075,0.010414058246057912,0.00010000000000000009,0.12506134030389954,0.8098584641282132,-0.14120042915175424,0.5476477683956574,0.8009650180940893,0.2885872135102533,0.4358355658749739,0.8666666666666667,24.73076923076923,0.0,30.0,False
env_odom_noise,0.075,0.010414058246057912,0.00020706272838739032,0.12492957976112821,0.8082146173941585,-0.33187009980148685,0.5511432009626955,0.805655836341757,0.2804009626955475,0.4262085302422444,0.8666666666666667,24.807692307692307,0.0,30.0,False
env_odom_noise,0.075,0.010414058246057912,0.0004287497348723022,0.12492957803816103,0.8082762437830944,-0.625774697200228,0.5577617328519856,0.8146811070998796,0.26475716004813477,0.43318381334344547,0.8666666666666667,24.807692307692307,0.0,30.0,False
env_odom_noise,0.075,0.010414058246057912,0.0008877808989802905,0.1249295788573458,0.8059484345054092,-1.033508746538079,0.5738295318127251,0.8313325330132053,0.23203793517406957,0.4329831787695487,0.8666666666666667,24.884615384615383,0.0,30.0,False
env_odom_noise,0.075,0.010414058246057912,0.001838263351530691,0.1252033596637984,0.8044313614011575,-1.4849810031561532,0.5919952210274791,0.8667861409796893,0.17841863799283153,0.4400557880600294,0.8333333333333334,24.48,0.0,30.0,False
env_odom_noise,0.075,0.010414058246057912,0.003806358250624933,0.12506602849109,0.8022266929735181,-1.878183932771971,0.6365795724465558,0.9067695961995249,0.09385083135391925,0.4479010008275509,0.8,24.083333333333332,0.0,30.0,False
env_odom_noise,0.075,0.010414058246057912,0.00788154924594252,0.12506602830717412,0.796926808648185,-2.0989948824271143,0.6898584905660378,0.9451650943396226,0.016493396226415213,0.5097427641352018,0.8,24.333333333333332,0.0,30.0,False
env_odom_noise,0.075,0.010414058246057912,0.01631975090784437,0.1248921668453245,0.7815524651172424,-2.147179931695973,0.7549019607843137,0.9688581314878892,0.08656009227220296,0.5368762786189715,0.7333333333333333,23.863636363636363,0.0,30.0,False
env_odom_noise,0.075,0.010414058246057912,0.03379212149580846,0.12475466318353372,0.7634181152849588,-2.0351948950439116,0.8167040358744395,0.9753363228699552,0.15484035874439472,0.628959838549296,0.7333333333333333,25.0,0.0,30.0,False
env_odom_noise,0.075,0.010414058246057912,0.0699708887492028,0.12418354244264938,0.7392913240129333,-1.8060602596155797,0.8452890792291221,0.9801927194860813,0.18828179871520345,0.768188202381134,0.6666666666666666,25.7,0.0,30.0,False
env_odom_noise,0.075,0.010414058246057912,0.14488363132100487,0.12406119891097744,0.7217906956732912,-1.5143399847188392,0.8575102880658436,0.9809670781893004,0.20127736625514403,0.9523654108246168,0.6,26.333333333333332,0.05555555555555555,30.0,False
env_odom_noise,0.075,0.010414058246057912,0.3,0.12380658623449735,0.7114862503850548,-1.1808335809930417,0.8624127617148555,0.9820538384845464,0.2072666001994019,1.105025335152944,0.5333333333333333,26.6875,0.0,30.0,False
env_odom_noise,0.075,0.02258863577297737,0.00010000000000000009,0.12532963486110343,0.8054348455403355,-1.4263050611502033,0.6886120996441281,0.895017793594306,0.0653943060498221,0.4877406246960163,0.7666666666666667,23.47826086956522,0.0,30.0,False
env_odom_noise,0.075,0.02258863577297737,0.00020706272838739032,0.12532963359363902,0.8043586187881022,-1.4648291901467936,0.6907582938388626,0.8963270142180095,0.06623127962085307,0.4872742772102356,0.7666666666666667,23.52173913043478,0.0,30.0,False
env_odom_noise,0.075,0.02258863577297737,0.0004287497348723022,0.12532963183253454,0.804404773051734,-1.5337789421640322,0.6943127962085308,0.9052132701421801,0.06089952606635074,0.49305543129642804,0.7666666666666667,23.52173913043478,0.0,30.0,False
env_odom_noise,0.075,0.02258863577297737,0.0008877808989802905,0.12532963408706752,0.8011258079326284,-1.6437371249946933,0.6995277449822904,0.911452184179457,0.059875560802833516,0.48974993576606113,0.7666666666666667,23.652173913043477,0.0,30.0,False
env_odom_noise,0.075,0.02258863577297737,0.001838263351530691,0.12532963336918354,0.7986206831899955,-1.7868497732595288,0.721764705882353,0.9270588235294117,0.0665058823529413,0.5014384823540846,0.7333333333333333,23.09090909090909,0.0,30.0,False
env_odom_noise,0.075,0.02258863577297737,0.003806358250624933,0.12517395766452982,0.793678817055662,-1.9360496763960056,0.743859649122807,0.9555555555555556,0.06221520467836261,0.5174245439469815,0.7333333333333333,23.318181818181817,0.0,30.0,False
env_odom_noise,0.075,0.02258863577297737,0.00788154924594252,0.12480218213731563,0.7861159175588701,-2.0267316897186145,0.7934027777777778,0.9774305555555556,0.13363333333333338,0.5442020282149315,0.7333333333333333,23.727272727272727,0.0,30.0,False
env_odom_noise,0.075,0.02258863577297737,0.01631975090784437,0.12532435595453625,0.7800446517015347,-2.011678371467601,0.8451428571428572,0.9897142857142858,0.19765714285714298,0.6198664471507073,0.7333333333333333,24.227272727272727,0.0,30.0,False
env_odom_noise,0.075,0.02258863577297737,0.03379212149580846,0.12444753496113173,0.7611929911368643,-1.8901969466550101,0.897891231964484,0.9938956714761377,0.2545869034406216,0.6985494881868363,0.7,24.761904761904763,0.0,30.0,False
env_odom_noise,0.075,0.02258863577297737,0.0699708887492028,0.12466060174442829,0.7358424716073474,-1.6687964106348254,0.9226694915254238,0.9978813559322034,0.2833508474576272,0.8327358548839887,0.6666666666666666,26.2,0.05,30.0,False
env_odom_noise,0.075,0.02258863577297737,0.14488363132100487,0.12428538889961534,0.7201981431142029,-1.3827447944714173,0.9342507645259939,0.9984709480122325,0.29552171253822634,1.0260317583878835,0.5666666666666667,26.11764705882353,0.0,30.0,False
env_odom_noise,0.075,0.02258863577297737,0.3,0.12420465997051343,0.7077819466604761,-1.0472459932849658,0.9393491124260355,0.9995069033530573,0.30165601577909273,1.1722351998090743,0.5333333333333333,27.375,0.0,30.0,False
env_odom_noise,0.075,0.04899592973540154,0.00010000000000000009,0.12493795241749443,0.7948784200208513,-1.6635381424810514,0.8056844547563805,0.9559164733178654,0.12440092807424596,0.6275761552155018,0.7333333333333333,23.636363636363637,0.0,30.0,False
env_odom_noise,0.075,0.04899592973540154,0.00020706272838739032,0.12493795244256045,0.7948979680638629,-1.6695241763710738,0.8068445475638051,0.9576566125290024,0.12730116009280745,0.6297468267381191,0.7333333333333333,23.636363636363637,0.0,30.0,False
env_odom_noise,0.075,0.04899592973540154,0.0004287497348723022,0.12493795326649139,0.7934411435391083,-1.6821640857032203,0.8088064889918888,0.9577056778679026,0.1293121668597914,0.6272919987638791,0.7333333333333333,23.681818181818183,0.0,30.0,False
env_odom_noise,0.075,0.04899592973540154,0.0008877808989802905,0.12492310849555083,0.7911125718790478,-1.704252950607694,0.8140877598152425,0.964203233256351,0.14109099307159356,0.620862161119779,0.7333333333333333,23.818181818181817,0.0,30.0,False
env_odom_noise,0.075,0.04899592973540154,0.001838263351530691,0.12492311102717123,0.7899869298802971,-1.7321966155763648,0.8246828143021915,0.972318339100346,0.15980115340253753,0.633863540738821,0.7333333333333333,23.863636363636363,0.0,30.0,False
env_odom_noise,0.075,0.04899592973540154,0.003806358250624933,0.12479625462619012,0.7861926238366327,-1.7628490780608272,0.847254004576659,0.9816933638443935,0.19174736842105256,0.6305226296186447,0.7,23.476190476190474,0.0,30.0,False
env_odom_noise,0.075,0.04899592973540154,0.00788154924594252,0.1248825528419999,0.7792279968710295,-1.7710985185796846,0.8850509626274066,0.9892412231030577,0.2370921857304643,0.6492871681849162,0.7,23.904761904761905,0.0,30.0,False
env_odom_noise,0.075,0.04899592973540154,0.01631975090784437,0.12480199049724408,0.765278579748796,-1.7209804470014873,0.9242761692650334,0.9927616926503341,0.2798378619153675,0.6946273490786552,0.7,24.61904761904762,0.0,30.0,False
env_odom_noise,0.075,0.04899592973540154,0.03379212149580846,0.12509999078819897,0.7475661191010357,-1.5929113876894716,0.9578378378378378,0.9951351351351352,0.315772972972973,0.7651408836245537,0.6666666666666666,25.25,0.0,30.0,False
env_odom_noise,0.075,0.04899592973540154,0.0699708887492028,0.12434732956008476,0.7304001532384984,-1.387318617183293,0.9766355140186916,0.9984423676012462,0.3378778816199378,0.9310838907957077,0.6333333333333333,26.526315789473685,0.0,30.0,False
env_odom_noise,0.075,0.04899592973540154,0.14488363132100487,0.12392900136895042,0.7162922517486086,-1.1129220294244169,0.9829659318637275,0.998997995991984,0.3447639278557115,1.1342066397269568,0.5666666666666667,27.11764705882353,0.0,30.0,False
env_odom_noise,0.075,0.04899592973540154,0.3,0.12422166743738532,0.7097314900972745,-0.8001344743110286,0.9868292682926829,1.0,0.3496292682926829,1.2873597353696824,0.5333333333333333,28.0625,0.0,30.0,False
env_odom_noise,0.075,0.10627472835292812,0.00010000000000000009,0.1252973323126101,0.7658694371350345,-1.4147776563695682,0.8941565600882029,0.9895259095920618,0.24648246968026466,0.7569275009135406,0.7,25.047619047619047,0.0,30.0,False
env_odom_noise,0.075,0.10627472835292812,0.00020706272838739032,0.12529733091932632,0.7658867973109349,-1.4145980548572037,0.8947078280044102,0.9895259095920618,0.24703373759647196,0.7587984931965669,0.7,25.047619047619047,0.0,30.0,False
env_odom_noise,0.075,0.10627472835292812,0.0004287497348723022,0.12529733158145204,0.7659223266607272,-1.4141431864925535,0.896361631753032,0.9900771775082691,0.24923880926130104,0.762665705382824,0.7,25.047619047619047,0.0,30.0,False
env_odom_noise,0.075,0.10627472835292812,0.0008877808989802905,0.12529733232258639,0.7659956994009,-1.4128796817271583,0.898566703417861,0.9911797133406836,0.2525464167585446,0.7706373314062754,0.7,25.047619047619047,0.0,30.0,False
env_odom_noise,0.075,0.10627472835292812,0.001838263351530691,0.12529733268695337,0.7637953921279247,-1.4104081458599491,0.9053905390539054,0.9911991199119912,0.2593896589658966,0.7759395415584246,0.7,25.142857142857142,0.0,30.0,False
env_odom_noise,0.075,0.10627472835292812,0.003806358250624933,0.1252973319254071,0.7609575884343219,-1.4003714121725936,0.9216008771929824,0.9917763157894737,0.27617719298245613,0.7895814831058184,0.6666666666666666,24.6,0.0,30.0,False
env_odom_noise,0.075,0.10627472835292812,0.00788154924594252,0.12552629780053165,0.7566595443261216,-1.3747474341207304,0.9396082698585418,0.9934711643090316,0.29587943416757345,0.8149359772602717,0.6666666666666666,24.95,0.0,30.0,False
env_odom_noise,0.075,0.10627472835292812,0.01631975090784437,0.12569667478752444,0.751087266450426,-1.3096647766338165,0.9622437971952535,0.9951456310679612,0.3201894282632147,0.8899910047650337,0.6666666666666666,25.35,0.0,30.0,False
env_odom_noise,0.075,0.10627472835292812,0.03379212149580846,0.12536607973312983,0.738419974253154,-1.1938877063704458,0.9805672268907563,0.9968487394957983,0.3402159663865546,0.9808758929371834,0.6666666666666666,26.6,0.05,30.0,False
env_odom_noise,0.075,0.10627472835292812,0.0699708887492028,0.12395748261362223,0.7262438696033322,-1.0175218314229786,0.9903651115618661,0.9984787018255578,0.3516438133874239,1.1389481211702028,0.5666666666666667,26.41176470588235,0.0,30.0,False
env_odom_noise,0.075,0.10627472835292812,0.14488363132100487,0.12402000035363138,0.7118303457288294,-0.7712913133280822,0.9946341463414634,0.9990243902439024,0.35645853658536586,1.30193423529466,0.5333333333333333,28.0625,0.0,30.0,False
env_odom_noise,0.075,0.10627472835292812,0.3,0.12417972795230195,0.7155871473023158,-0.4641856648023332,0.9980897803247374,1.0,0.3608897803247374,1.4670275449752808,0.4,26.25,0.0,30.0,False
env_odom_noise,0.075,0.23051543153651136,0.00010000000000000009,0.12557894854423662,0.7417622457254311,-0.9134162166551358,0.9583333333333334,0.9953125,0.3164458333333334,1.1136778424183527,0.6333333333333333,26.36842105263158,0.05263157894736842,30.0,False
env_odom_noise,0.075,0.23051543153651136,0.00020706272838739032,0.12557894794017269,0.741776915568151,-0.9126420794855067,0.9588541666666667,0.9953125,0.31696666666666673,1.1151880001028378,0.6333333333333333,26.36842105263158,0.05263157894736842,30.0,False
env_odom_noise,0.075,0.23051543153651136,0.0004287497348723022,0.1255789451734232,0.7418072478127021,-0.9110398427326458,0.9598958333333333,0.9953125,0.31800833333333334,1.1183106462160746,0.6333333333333333,26.36842105263158,0.05263157894736842,30.0,False
env_odom_noise,0.075,0.23051543153651136,0.0008877808989802905,0.1255789495538105,0.7418696156474432,-0.9077260941738283,0.9609375,0.9953125,0.31905000000000006,1.1247579405705135,0.6333333333333333,26.36842105263158,0.05263157894736842,30.0,False
env_odom_noise,0.075,0.23051543153651136,0.001838263351530691,0.12572666838105587,0.7408547818151937,-0.9014085864977085,0.9626168224299065,0.9953271028037384,0.3207439252336449,1.1223290408651034,0.6333333333333333,26.526315789473685,0.0,30.0,False
env_odom_noise,0.075,0.23051543153651136,0.003806358250624933,0.12546336495077678,0.7400589574379021,-0.8904800464075816,0.9674922600619195,0.9958720330237358,0.3261642930856553,1.1172772993644078,0.6333333333333333,26.842105263157894,0.05263157894736842,30.0,False
env_odom_noise,0.075,0.23051543153651136,0.00788154924594252,0.1252395629527773,0.7383923917428565,-0.8642326122663675,0.9754098360655737,0.9964139344262295,0.33462377049180325,1.138114612797896,0.6333333333333333,27.210526315789473,0.0,30.0,False
env_odom_noise,0.075,0.23051543153651136,0.01631975090784437,0.12548143800622863,0.7313651918431088,-0.8120001142039863,0.9822515212981744,0.9969574036511156,0.34200892494929,1.1945492734511693,0.6333333333333333,27.736842105263158,0.0,30.0,False
env_odom_noise,0.075,0.23051543153651136,0.03379212149580846,0.12399107316912449,0.7184142043921947,-0.7249533955182262,0.9906311637080868,0.9985207100591716,0.35195187376725845,1.241093680759271,0.5,26.6,0.0,30.0,False
env_odom_noise,0.075,0.23051543153651136,0.0699708887492028,0.12425500434701557,0.7140546393318974,-0.575567629012015,0.9942028985507246,0.9990338164251208,0.35603671497584544,1.446273645758629,0.4666666666666667,27.214285714285715,0.0,30.0,False
env_odom_noise,0.075,0.23051543153651136,0.14488363132100487,0.12455905546289153,0.7150894098467548,-0.35959077570204606,0.995766698024459,0.9995296331138288,0.35809633113828787,1.6223421027263005,0.4,27.583333333333332,0.0,30.0,False
env_odom_noise,0.075,0.23051543153651136,0.3,0.12486929544452914,0.7170883762157921,-0.09420587287463912,0.9985955056179775,1.0,0.3613955056179775,1.7821257164080937,0.36666666666666664,27.0,0.0,30.0,False
env_odom_noise,0.075,0.5,0.00010000000000000009,0.12439103059046502,0.7156609518153879,-0.300977969077159,0.9853497164461248,0.9985822306238186,0.34673194706994337,1.7116301141679287,0.43333333333333335,28.076923076923077,0.0,30.0,False
env_odom_noise,0.075,0.5,0.00020706272838739032,0.12439103088437721,0.7156763565758523,-0.3004522606481186,0.9853497164461248,0.9985822306238186,0.34673194706994337,1.7128613404929638,0.43333333333333335,28.076923076923077,0.0,30.0,False
env_odom_noise,0.075,0.5,0.0004287497348723022,0.12439103220401469,0.715708119583688,-0.2993660351734579,0.9853497164461248,0.9985822306238186,0.34673194706994337,1.715407728900512,0.43333333333333335,28.076923076923077,0.0,30.0,False
env_odom_noise,0.075,0.5,0.0008877808989802905,0.12439103033761535,0.7157739145618064,-0.2971263639826577,0.9858223062381852,0.9985822306238186,0.3472045368620038,1.7206683543821175,0.43333333333333335,28.076923076923077,0.0,30.0,False
env_odom_noise,0.075,0.5,0.001838263351530691,0.12439103058473362,0.7159096012347121,-0.29252967835263066,0.9858223062381852,0.999054820415879,0.34767712665406425,1.7315063993136088,0.43333333333333335,28.076923076923077,0.0,30.0,False
env_odom_noise,0.075,0.5,0.003806358250624933,0.12439103039521263,0.7141581371657999,-0.28380491265245983,0.9863207547169811,0.9990566037735849,0.34817735849056597,1.7450865204135577,0.43333333333333335,28.23076923076923,0.0,30.0,False
env_odom_noise,0.075,0.5,0.00788154924594252,0.12433745360491436,0.7127828077877534,-0.26594131388512526,0.9882518796992481,0.9990601503759399,0.350112030075188,1.7756798694531122,0.43333333333333335,28.53846153846154,0.0,30.0,False
env_odom_noise,0.075,0.5,0.01631975090784437,0.12455139942117413,0.7133461062726058,-0.22762164879537747,0.9902597402597403,0.9990723562152134,0.3521320964749537,1.8421435231963794,0.4,28.833333333333332,0.0,30.0,False
env_odom_noise,0.075,0.5,0.03379212149580846,0.12483479870377213,0.708763410968618,-0.16634870485838568,0.9936131386861314,0.9990875912408759,0.3555007299270073,1.9207052843024333,0.36666666666666664,29.545454545454547,0.0,30.0,False
env_odom_noise,0.075,0.5,0.0699708887492028,0.12441358583901148,0.7092358071581097,-0.05922042823333144,0.9959312839059674,0.9995479204339964,0.35827920433996385,2.0627356864511968,0.3333333333333333,29.6,0.0,30.0,False
env_odom_noise,0.075,0.5,0.14488363132100487,0.124527474597577,0.7085756203198657,0.10353882145400518,0.9964125560538116,1.0,0.35921255605381164,2.1763568627337615,0.3333333333333333,30.5,0.0,30.0,False
env_odom_noise,0.075,0.5,0.3,0.12452747469379657,0.7073045753127701,0.3272698490449099,0.9986595174262735,1.0,0.36145951742627347,2.2502172966798146,0.3,30.0,0.0,30.0,False
env_odom_noise,0.11249999999999999,0.00010000000000000009,0.00010000000000000009,0.12543567529446958,0.9520415883483058,174.517634313705,0.11916461916461916,0.18243243243243243,1.3356029484029484,0.46375784228245415,0.9333333333333333,25.214285714285715,0.0,30.0,False
env_odom_noise,0.11249999999999999,0.00010000000000000009,0.00020706272838739032,0.12543567529406185,0.952042612612115,114.11907886127001,0.13022113022113022,0.20208845208845208,1.3048904176904177,0.4642187828818957,0.9333333333333333,25.214285714285715,0.0,30.0,False
env_odom_noise,0.11249999999999999,0.00010000000000000009,0.0004287497348723022,0.12543567561189,0.9512530473866566,78.94501694410518,0.14294478527607363,0.23742331288343557,1.2568319018404908,0.4660295168558756,0.9333333333333333,25.25,0.0,30.0,False
env_odom_noise,0.11249999999999999,0.00010000000000000009,0.0008877808989802905,0.12542876142673207,0.9478021957199546,59.90456462105837,0.16361416361416362,0.27472527472527475,1.1988605616605617,0.46671632627646126,0.9333333333333333,25.392857142857142,0.0,30.0,False
env_odom_noise,0.11249999999999999,0.00010000000000000009,0.001838263351530691,0.12528524145838343,0.9409523894713162,50.02429581062276,0.19806763285024154,0.3285024154589372,1.1106299516908211,0.457221815486749,0.9,25.22222222222222,0.0,30.0,False
env_odom_noise,0.11249999999999999,0.00010000000000000009,0.003806358250624933,0.12556541696506807,0.9362561776788364,45.638187598042975,0.23860911270983212,0.40827338129496404,0.9903175059952039,0.47043957312901813,0.9,25.444444444444443,0.0,30.0,False
env_odom_noise,0.11249999999999999,0.00010000000000000009,0.00788154924594252,0.12553600542037832,0.9321588800126493,43.480470638897614,0.298932384341637,0.4816132858837485,0.8566543297746145,0.4845661103725433,0.8,24.125,0.0,30.0,False
env_odom_noise,0.11249999999999999,0.00010000000000000009,0.01631975090784437,0.12507101654505035,0.9234998245612971,42.36185029231133,0.377039627039627,0.5553613053613053,0.7047990675990676,0.5209778030713399,0.7666666666666667,24.130434782608695,0.0,30.0,False
env_odom_noise,0.11249999999999999,0.00010000000000000009,0.03379212149580846,0.1251827697922436,0.9086087888495168,41.73234044819019,0.4629418472063854,0.5957810718358039,0.5784770809578107,0.6372124676903089,0.7666666666666667,24.956521739130434,0.043478260869565216,30.0,False
env_odom_noise,0.11249999999999999,0.00010000000000000009,0.0699708887492028,0.12445333521476772,0.8825547711833502,41.01957284402068,0.5324675324675324,0.6136363636363636,0.4910961038961039,0.7152377285063267,0.6666666666666666,25.2,0.05,30.0,False
env_odom_noise,0.11249999999999999,0.00010000000000000009,0.14488363132100487,0.12403462966317383,0.8672791267900297,40.589734140401404,0.5685146443514645,0.622907949790795,0.4457774058577405,0.9277885675430297,0.6,25.444444444444443,0.05555555555555555,30.0,False
env_odom_noise,0.11249999999999999,0.00010000000000000009,0.3,0.1240602664429196,0.8609046074338398,40.97262195796758,0.5797546012269938,0.6221881390593047,0.43525725971370144,1.1189537703990937,0.6,26.666666666666668,0.05555555555555555,30.0,False
env_odom_noise,0.11249999999999999,0.00021690521830457365,0.00010000000000000009,0.12543567529446958,0.9520415883483058,122.8202415677348,0.14004914004914004,0.21867321867321868,1.2784776412776413,0.46375784228245415,0.9333333333333333,25.214285714285715,0.0,30.0,False
env_odom_noise,0.11249999999999999,0.00021690521830457365,0.00020706272838739032,0.1254356751496253,0.9520433301285088,79.34840736329039,0.14926289926289926,0.24201474201474202,1.2459223587223587,0.4643183216452599,0.9333333333333333,25.214285714285715,0.0,30.0,False
env_odom_noise,0.11249999999999999,0.00021690521830457365,0.0004287497348723022,0.12543567487287216,0.9512562289328524,50.828365108683556,0.1607361963190184,0.27116564417177913,1.2052981595092025,0.4664254724979401,0.9333333333333333,25.25,0.0,30.0,False
env_odom_noise,0.11249999999999999,0.00021690521830457365,0.0008877808989802905,0.12547132964159194,0.9478170199404621,34.050024063165026,0.18170731707317073,0.3048780487804878,1.1506146341463415,0.45985300838947296,0.9333333333333333,25.428571428571427,0.0,30.0,False
env_odom_noise,0.11249999999999999,0.00021690521830457365,0.001838263351530691,0.12528524221833515,0.9409692704097706,24.985456894566937,0.21678743961352656,0.3611111111111111,1.0593014492753623,0.4577503283818563,0.9,25.22222222222222,0.0,30.0,False
env_odom_noise,0.11249999999999999,0.00021690521830457365,0.003806358250624933,0.12556541513561686,0.9362765226092213,20.656234179368706,0.25539568345323743,0.43764988009592326,0.9441544364508392,0.4632766137520472,0.8666666666666667,24.923076923076923,0.0,30.0,False
env_odom_noise,0.11249999999999999,0.00021690521830457365,0.00788154924594252,0.1255360044023421,0.9321730193022807,18.590280204803346,0.3155397390272835,0.5118623962040332,0.8097978647686833,0.48498687595129014,0.8,24.125,0.0,30.0,False
env_odom_noise,0.11249999999999999,0.00021690521830457365,0.01631975090784437,0.12507101617121757,0.9235104329180585,17.636943332015775,0.3951048951048951,0.5856643356643356,0.6564307692307693,0.5213481242458026,0.7666666666666667,24.130434782608695,0.0,30.0,False
env_odom_noise,0.11249999999999999,0.00021690521830457365,0.03379212149580846,0.12518277096132335,0.9086167121641453,17.247777225183338,0.4806157354618016,0.6237172177879133,0.5328670467502851,0.6375196516513825,0.7666666666666667,24.956521739130434,0.043478260869565216,30.0,False
env_odom_noise,0.11249999999999999,0.00021690521830457365,0.0699708887492028,0.1244533363376484,0.8825607645505097,16.97138979658141,0.5508658008658008,0.6428571428571429,0.44347705627705625,0.7154776851336161,0.6666666666666666,25.2,0.05,30.0,False
env_odom_noise,0.11249999999999999,0.00021690521830457365,0.14488363132100487,0.12403463050599027,0.8672835438279751,16.905594594781736,0.5868200836820083,0.6516736401673641,0.3987062761506276,0.9279364352424939,0.6,25.444444444444443,0.05555555555555555,30.0,False
env_odom_noise,0.11249999999999999,0.00021690521830457365,0.3,0.12406026541459367,0.8609072671794115,17.24225325759331,0.598159509202454,0.651840490797546,0.3872,1.119032554825147,0.6,26.666666666666668,0.05555555555555555,30.0,False
env_odom_noise,0.11249999999999999,0.00047047873727754753,0.00010000000000000009,0.12543567529446958,0.9520415883483058,81.50673208393377,0.17506142506142505,0.28378378378378377,1.1783547911547911,0.46375784228245415,0.9333333333333333,25.214285714285715,0.0,30.0,False
env_odom_noise,0.11249999999999999,0.00047047873727754753,0.00020706272838739032,0.12543567556559912,0.9520451735299377,55.024445619797916,0.18058968058968058,0.3046683046683047,1.1519420147420147,0.46462852706511815,0.9333333333333333,25.214285714285715,0.0,30.0,False
env_odom_noise,0.11249999999999999,0.00047047873727754753,0.0004287497348723022,0.12543567523367194,0.9512649459658512,34.719783540139,0.19141104294478528,0.3245398773006135,1.1212490797546013,0.46738261034091316,0.9333333333333333,25.25,0.0,30.0,False
env_odom_noise,0.11249999999999999,0.00047047873727754753,0.0008877808989802905,0.12528524252099307,0.9478482584180162,21.185130838285403,0.21193666260657734,0.3587088915956151,1.0665544457978076,0.4538065791130066,0.9333333333333333,25.464285714285715,0.0,30.0,False
env_odom_noise,0.11249999999999999,0.00047047873727754753,0.001838263351530691,0.12528524074721542,0.941005443428657,13.330067580086435,0.2463768115942029,0.411231884057971,0.979591304347826,0.45888435492912927,0.9,25.22222222222222,0.0,30.0,False
env_odom_noise,0.11249999999999999,0.00047047873727754753,0.003806358250624933,0.12556541566868382,0.9363202017190307,9.257848057138503,0.28117505995203834,0.48741007194244607,0.8686148681055156,0.464499036471049,0.8666666666666667,24.923076923076923,0.0,30.0,False
env_odom_noise,0.11249999999999999,0.00047047873727754753,0.00788154924594252,0.12553600344101382,0.932203376313295,7.293463410165469,0.3416370106761566,0.5622775800711743,0.733285409252669,0.48589609215656915,0.8,24.125,0.0,30.0,False
env_odom_noise,0.11249999999999999,0.00047047873727754753,0.01631975090784437,0.1250710180400302,0.9235331914368049,6.430083883052638,0.42132867132867136,0.6334498834498834,0.5824214452214452,0.5221501951416333,0.7666666666666667,24.130434782608695,0.0,30.0,False
env_odom_noise,0.11249999999999999,0.00047047873727754753,0.03379212149580846,0.12518276852808327,0.9086342165942859,6.152643675029454,0.5051311288483467,0.6710376282782212,0.4610312428734321,0.6381855497757594,0.7666666666666667,24.956521739130434,0.043478260869565216,30.0,False
env_odom_noise,0.11249999999999999,0.00047047873727754753,0.0699708887492028,0.12445333391741281,0.8825737479467819,6.076132967875153,0.5757575757575758,0.6893939393939394,0.37204848484848474,0.7159981777270635,0.6666666666666666,25.2,0.05,30.0,False
env_odom_noise,0.11249999999999999,0.00047047873727754753,0.14488363132100487,0.12403463142487865,0.8672930011579068,6.1765347136264985,0.6119246861924686,0.6971757322175732,0.3280995815899581,0.9282572577397029,0.6,25.444444444444443,0.05555555555555555,30.0,False
env_odom_noise,0.11249999999999999,0.00047047873727754753,0.3,0.12406026641843097,0.8609125759890498,6.491804145617612,0.6232106339468303,0.6978527607361963,0.3161366053169734,1.119203221797943,0.6,26.666666666666668,0.05555555555555555,30.0,False
env_odom_noise,0.11249999999999999,0.001020492932168466,0.00010000000000000009,0.12543567532397493,0.9520414052979151,48.77435645697239,0.214987714987715,0.36977886977886976,1.0524334152334154,0.4638062998652458,0.9333333333333333,25.214285714285715,0.0,30.0,False
env_odom_noise,0.11249999999999999,0.001020492932168466,0.00020706272838739032,0.1254356752573846,0.95205363487361,35.59257788228389,0.22051597051597052,0.3796068796068796,1.0370771498771498,0.4657790174086889,0.9333333333333333,25.214285714285715,0.0,30.0,False
env_odom_noise,0.11249999999999999,0.001020492932168466,0.0004287497348723022,0.12543567510553116,0.9512985983979464,23.399634473778512,0.23374233128834357,0.3987730061349693,1.004684662576687,0.46998352160056434,0.9333333333333333,25.25,0.0,30.0,False
env_odom_noise,0.11249999999999999,0.001020492932168466,0.0008877808989802905,0.12528524117576356,0.9468679286764784,13.852399044176678,0.2572992700729927,0.4276155717761557,0.9522851581508516,0.4489446217815081,0.9,25.0,0.0,30.0,False
env_odom_noise,0.11249999999999999,0.001020492932168466,0.001838263351530691,0.12528524060666427,0.9411141670960881,7.627789866797823,0.28200483091787437,0.48128019323671495,0.8739149758454107,0.4618557627002398,0.9,25.22222222222222,0.0,30.0,False
env_odom_noise,0.11249999999999999,0.001020492932168466,0.003806358250624933,0.1255654165266397,0.936412347143504,4.053995161791496,0.3183453237410072,0.5557553956834532,0.7630992805755396,0.46710541397333144,0.8666666666666667,24.923076923076923,0.0,30.0,False
env_odom_noise,0.11249999999999999,0.001020492932168466,0.00788154924594252,0.12553600458720848,0.9322681560656478,2.2467213562882495,0.37722419928825623,0.6263345195729537,0.63364128113879,0.4878524959087372,0.8,24.125,0.0,30.0,False
env_odom_noise,0.11249999999999999,0.001020492932168466,0.01631975090784437,0.12507101868786363,0.9235822154745447,1.452292376102478,0.4551282051282051,0.6963869463869464,0.48568484848484844,0.5238838151097298,0.7666666666666667,24.130434782608695,0.0,30.0,False
env_odom_noise,0.11249999999999999,0.001020492932168466,0.03379212149580846,0.12518277050593157,0.9086717445991036,1.2302543252809206,0.5387685290763968,0.7320410490307868,0.36639042189281634,0.6396283358335495,0.7666666666666667,24.956521739130434,0.043478260869565216,30.0,False
env_odom_noise,0.11249999999999999,0.001020492932168466,0.0699708887492028,0.12445333483281192,0.8826022178030113,1.245017239835437,0.6087662337662337,0.7483766233766234,0.2800571428571429,0.7171256157259146,0.6666666666666666,25.2,0.05,30.0,False
env_odom_noise,0.11249999999999999,0.001020492932168466,0.14488363132100487,0.12403463062029524,0.8673134946925295,1.4203642295244467,0.6448744769874477,0.7557531380753139,0.23657238493723842,0.9289527441064517,0.6,25.444444444444443,0.05555555555555555,30.0,False
env_odom_noise,0.11249999999999999,0.001020492932168466,0.3,0.12406026506365779,0.8609244783680786,1.725611543938998,0.6569529652351738,0.7551124744376279,0.22513456032719836,1.1195740948120754,0.6,26.666666666666668,0.05555555555555555,30.0,False
env_odom_noise,0.11249999999999999,0.0022135024223027535,0.00010000000000000009,0.1254356765758692,0.9512412675014513,25.6511302121282,0.2822085889570552,0.47914110429447854,0.8758503067484662,0.46352572192748387,0.9333333333333333,25.25,0.0,30.0,False
env_odom_noise,0.11249999999999999,0.0022135024223027535,0.00020706272838739032,0.12543567653351928,0.9486281298761061,20.389509950003056,0.2894736842105263,0.488984088127295,0.8587422276621787,0.45689839298526447,0.9333333333333333,25.321428571428573,0.0,30.0,False
env_odom_noise,0.11249999999999999,0.0022135024223027535,0.0004287497348723022,0.12542876111595558,0.9478595508181279,14.391086748575862,0.2979242979242979,0.5048840048840049,0.8343916971916971,0.4637841035922368,0.9333333333333333,25.392857142857142,0.0,30.0,False
env_odom_noise,0.11249999999999999,0.0022135024223027535,0.0008877808989802905,0.12528523927512766,0.946093262522861,8.745040254864103,0.3195625759416768,0.5340218712029161,0.7836155528554071,0.460413484275341,0.9,25.037037037037038,0.0,30.0,False
env_odom_noise,0.11249999999999999,0.0022135024223027535,0.001838263351530691,0.12528524184744752,0.9394420603452246,4.424353686350267,0.33715319662243665,0.5820265379975874,0.7180202653799759,0.46165432085593544,0.9,25.25925925925926,0.0,30.0,False
env_odom_noise,0.11249999999999999,0.0022135024223027535,0.003806358250624933,0.12574224982438326,0.9366015162875044,1.608814014329599,0.36766467065868264,0.6497005988023952,0.6198347305389222,0.4647212788462639,0.8666666666666667,24.96153846153846,0.0,30.0,False
env_odom_noise,0.11249999999999999,0.0022135024223027535,0.00788154924594252,0.1255360034431638,0.9324049307446276,0.052447953448784904,0.42823250296559906,0.7170818505338078,0.49188564650059313,0.4920304208993912,0.8,24.125,0.0,30.0,False
env_odom_noise,0.11249999999999999,0.0022135024223027535,0.01631975090784437,0.12507101659052938,0.923037029008424,-0.6596117276014569,0.5052386495925495,0.7823050058207218,0.3496563445867287,0.5251203685998916,0.7666666666666667,24.17391304347826,0.0,30.0,False
env_odom_noise,0.11249999999999999,0.0022135024223027535,0.03379212149580846,0.12494838031184909,0.9058766712754562,-0.8553851445339319,0.5880681818181818,0.81875,0.23038181818181824,0.627860323091348,0.7666666666666667,25.08695652173913,0.043478260869565216,30.0,False
env_odom_noise,0.11249999999999999,0.0022135024223027535,0.0699708887492028,0.12445333643266317,0.8826634548753358,-0.7898277012587964,0.6563852813852814,0.8327922077922078,0.14802251082251083,0.7195654705166816,0.6666666666666666,25.2,0.05,30.0,False
env_odom_noise,0.11249999999999999,0.0022135024223027535,0.14488363132100487,0.12403463162084573,0.8673578969140887,-0.5816894344220305,0.6903765690376569,0.8404811715481172,0.12169539748953973,0.9304591914017996,0.6,25.444444444444443,0.05555555555555555,30.0,False
env_odom_noise,0.11249999999999999,0.0022135024223027535,0.3,0.12406026518957762,0.860950130903564,-0.281405314416961,0.7019427402862985,0.8399795501022495,0.13376319018404914,1.120377109448115,0.6,26.666666666666668,0.05555555555555555,30.0,False
env_odom_noise,0.11249999999999999,0.004801202261272809,0.00010000000000000009,0.12512206823618438,0.9469012708185112,11.542889693775273,0.38922518159806296,0.6156174334140436,0.6323573849878934,0.45952917337417604,0.9,25.14814814814815,0.0,30.0,False
env_odom_noise,0.11249999999999999,0.004801202261272809,0.00020706272838739032,0.12512207048756965,0.9451143222848923,9.835568290699971,0.3905683192261185,0.6239419588875453,0.6226897218863361,0.4556847602128983,0.9,25.185185185185187,0.0,30.0,False
env_odom_noise,0.11249999999999999,0.004801202261272809,0.0004287497348723022,0.12512206886464988,0.9452492023073803,7.484083245503119,0.39903264812575573,0.6396614268440145,0.5985059250302298,0.4632103145122528,0.9,25.185185185185187,0.0,30.0,False
env_odom_noise,0.11249999999999999,0.004801202261272809,0.0008877808989802905,0.12512206981074334,0.9406319049009332,4.791117291089718,0.4091456077015644,0.6588447653429603,0.5692096269554753,0.4662599921226501,0.9,25.333333333333332,0.0,30.0,False
env_odom_noise,0.11249999999999999,0.004801202261272809,0.001838263351530691,0.12514086493184587,0.9387587259867322,2.2417431879586096,0.4270334928229665,0.6985645933014354,0.5116019138755981,0.4605694651603699,0.8666666666666667,25.0,0.0,30.0,False
env_odom_noise,0.11249999999999999,0.004801202261272809,0.003806358250624933,0.12537403752305684,0.938161054676141,0.3187530748697732,0.45595238095238094,0.7535714285714286,0.4276761904761905,0.45594522009293237,0.8,24.0,0.0,30.0,False
env_odom_noise,0.11249999999999999,0.004801202261272809,0.00788154924594252,0.12496701123713647,0.9333167653091424,-0.8794356027832112,0.5129564193168433,0.8133097762073027,0.31093380447585395,0.5091183736920357,0.8,24.375,0.0,30.0,False
env_odom_noise,0.11249999999999999,0.004801202261272809,0.01631975090784437,0.12502500954012535,0.920939128724564,-1.4607378479276778,0.584971098265896,0.8745664739884393,0.17766242774566465,0.5316137224435806,0.7666666666666667,24.434782608695652,0.0,30.0,False
env_odom_noise,0.11249999999999999,0.004801202261272809,0.03379212149580846,0.12435563643454732,0.9048713108794264,-1.6350407693741247,0.6644144144144144,0.9082207207207207,0.0645648648648649,0.6181129927436511,0.7333333333333333,24.818181818181817,0.045454545454545456,30.0,False
env_odom_noise,0.11249999999999999,0.004801202261272809,0.0699708887492028,0.12430785807966623,0.8829949317118759,-1.538195272621949,0.727076591154261,0.9196332254584682,0.07924336569579293,0.7480016301075617,0.6666666666666666,25.35,0.05,30.0,False
env_odom_noise,0.11249999999999999,0.004801202261272809,0.14488363132100487,0.12431383229308329,0.8661581291995536,-1.3122526447983862,0.7606659729448492,0.9266389177939646,0.10582705515088464,0.9408604552348455,0.6,25.72222222222222,0.05555555555555555,30.0,False
env_odom_noise,0.11249999999999999,0.004801202261272809,0.3,0.12345783533531678,0.8580435607427163,-1.0162689369310987,0.7739656912209889,0.9278506559031282,0.11791503531786074,1.104434392352899,0.5666666666666667,26.705882352941178,0.058823529411764705,30.0,False
env_odom_noise,0.11249999999999999,0.010414058246057912,0.00010000000000000009,0.12492957950598203,0.9409089366546288,4.051916848559391,0.49821002386634844,0.7315035799522673,0.4074863961813842,0.48564380407333374,0.8666666666666667,25.076923076923077,0.0,30.0,False
env_odom_noise,0.11249999999999999,0.010414058246057912,0.00020706272838739032,0.12492957780888996,0.9409578445094283,3.5998501010590633,0.5017899761336515,0.7344868735083532,0.4009231503579953,0.48833507895469663,0.8666666666666667,25.076923076923077,0.0,30.0,False
env_odom_noise,0.11249999999999999,0.010414058246057912,0.0004287497348723022,0.12492957817380064,0.9410564694434636,2.8618227950499633,0.5077565632458234,0.7410501193317423,0.3883933174224343,0.49371840606133144,0.8666666666666667,25.076923076923077,0.0,30.0,False
env_odom_noise,0.11249999999999999,0.010414058246057912,0.0008877808989802905,0.1253384013372987,0.9412506300238395,1.8284307615990596,0.5131108462455304,0.7592371871275327,0.36485196662693686,0.4892151450117429,0.8333333333333334,24.56,0.0,30.0,False
env_odom_noise,0.11249999999999999,0.010414058246057912,0.001838263351530691,0.12510319143945603,0.9405950409919719,0.6391748681103311,0.5356294536817102,0.7891923990498813,0.3123781472684085,0.48943757911523184,0.8,24.083333333333332,0.0,30.0,False
env_odom_noise,0.11249999999999999,0.010414058246057912,0.003806358250624933,0.12498864635526714,0.9395752477788244,-0.4453366228327115,0.5662721893491124,0.829585798816568,0.24134201183431958,0.5135883212089538,0.8,24.208333333333332,0.0,30.0,False
env_odom_noise,0.11249999999999999,0.010414058246057912,0.00788154924594252,0.12502163436024238,0.9349335304870224,-1.2364931496838742,0.6096131301289566,0.8851113716295428,0.14247549824150063,0.5545134390393893,0.7666666666666667,23.91304347826087,0.0,30.0,False
env_odom_noise,0.11249999999999999,0.010414058246057912,0.01631975090784437,0.1248081868163402,0.9178259298618812,-1.667093154784998,0.677382319173364,0.939150401836969,0.020667278989667026,0.56936644166708,0.7333333333333333,24.045454545454547,0.045454545454545456,30.0,False
env_odom_noise,0.11249999999999999,0.010414058246057912,0.03379212149580846,0.12441194865982132,0.9048110653869321,-1.7887320845490102,0.7525195968645016,0.9652855543113102,0.0806051511758119,0.6592739835381508,0.7333333333333333,25.045454545454547,0.045454545454545456,30.0,False
env_odom_noise,0.11249999999999999,0.010414058246057912,0.0699708887492028,0.12408765425947671,0.8777380198647028,-1.684290329611982,0.8146367521367521,0.9748931623931624,0.1523299145299145,0.7801334922512372,0.6666666666666666,25.8,0.05,30.0,False
env_odom_noise,0.11249999999999999,0.010414058246057912,0.14488363132100487,0.12406119905770498,0.8651929951708106,-1.4623549800948785,0.8453981385729059,0.9803516028955532,0.18854974146845915,0.9873984788854917,0.6,26.055555555555557,0.05555555555555555,30.0,False
env_odom_noise,0.11249999999999999,0.010414058246057912,0.3,0.12405793239038425,0.8557317552645156,-1.155995242208993,0.8560756972111554,0.9800796812749004,0.19895537848605582,1.1205209399263063,0.5666666666666667,27.470588235294116,0.058823529411764705,30.0,False
env_odom_noise,0.11249999999999999,0.02258863577297737,0.00010000000000000009,0.12517395743782564,0.9426436319967262,0.6021700071259886,0.6283863368669023,0.8162544169611308,0.19255924617196696,0.5396000380317371,0.7333333333333333,23.045454545454547,0.0,30.0,False
env_odom_noise,0.11249999999999999,0.02258863577297737,0.00020706272838739032,0.1251739591051227,0.9426785636911753,0.497441890345216,0.6295641931684335,0.8191990577149588,0.18843674911660768,0.5414882324635982,0.7333333333333333,23.045454545454547,0.0,30.0,False
env_odom_noise,0.11249999999999999,0.02258863577297737,0.0004287497348723022,0.12517395700976416,0.9427503690290799,0.3072300397204432,0.6319199057714959,0.8250883392226148,0.18019175500588924,0.5453325308859348,0.7333333333333333,23.045454545454547,0.0,30.0,False
env_odom_noise,0.11249999999999999,0.02258863577297737,0.0008877808989802905,0.12517395718551752,0.9365490456140997,-0.015310731793072293,0.638335287221571,0.8329425556858148,0.16592215709261426,0.5254692705969016,0.7333333333333333,23.227272727272727,0.0,30.0,False
env_odom_noise,0.11249999999999999,0.02258863577297737,0.001838263351530691,0.12517395784122656,0.9347196893851986,-0.44334917460795975,0.6538011695906433,0.8520467836257309,0.13135204678362578,0.5398005649447442,0.7333333333333333,23.318181818181817,0.0,30.0,False
env_odom_noise,0.11249999999999999,0.02258863577297737,0.003806358250624933,0.12509947274723246,0.9317790154342902,-0.9251820189625413,0.6744186046511628,0.8872093023255814,0.07557209302325585,0.5662098636229833,0.7333333333333333,23.545454545454547,0.045454545454545456,30.0,False
env_odom_noise,0.11249999999999999,0.02258863577297737,0.00788154924594252,0.12518160878922596,0.9326814465409019,-1.3446829779543659,0.712630359212051,0.9275782155272306,0.05685214368482039,0.6077356455226739,0.7333333333333333,23.681818181818183,0.045454545454545456,30.0,False
env_odom_noise,0.11249999999999999,0.02258863577297737,0.01631975090784437,0.12520564126410913,0.9150121289403085,-1.601557814457008,0.7692743764172335,0.9648526077097506,0.09692698412698408,0.6269254555304845,0.7333333333333333,24.545454545454547,0.045454545454545456,30.0,False
env_odom_noise,0.11249999999999999,0.02258863577297737,0.03379212149580846,0.12449365826982117,0.9016566156250946,-1.6607306178798282,0.8357300884955752,0.9856194690265486,0.1841495575221238,0.7087799017628034,0.6666666666666666,24.2,0.05,30.0,False
env_odom_noise,0.11249999999999999,0.02258863577297737,0.0699708887492028,0.12466060019887962,0.8742147813935216,-1.5455576916606617,0.8920634920634921,0.9931216931216931,0.2479851851851852,0.8517217909296354,0.6333333333333333,25.57894736842105,0.05263157894736842,30.0,False
env_odom_noise,0.11249999999999999,0.02258863577297737,0.14488363132100487,0.12421527726926884,0.8630282089688625,-1.328267653560586,0.9236680327868853,0.9979508196721312,0.28441885245901644,1.059689249098301,0.6,26.555555555555557,0.05555555555555555,30.0,False
env_odom_noise,0.11249999999999999,0.02258863577297737,0.3,0.12414892038077385,0.8670518558020556,-1.0095104892821651,0.9345472440944882,0.9980314960629921,0.29537874015748034,1.2204806829492252,0.5333333333333333,27.5,0.0625,30.0,False
env_odom_noise,0.11249999999999999,0.04899592973540154,0.00010000000000000009,0.12484087309284408,0.9339244344917921,-0.6933344036439117,0.7396551724137931,0.8862068965517241,0.125248275862069,0.6567202811439832,0.7333333333333333,24.0,0.045454545454545456,30.0,False
env_odom_noise,0.11249999999999999,0.04899592973540154,0.00020706272838739032,0.124840872218718,0.933948154313474,-0.7150328350337766,0.7413793103448276,0.8873563218390804,0.12582298850574725,0.6523638178904851,0.7,23.285714285714285,0.047619047619047616,30.0,False
env_odom_noise,0.11249999999999999,0.04899592973540154,0.0004287497348723022,0.1248408730499347,0.9339969798046964,-0.7568197733679562,0.7425287356321839,0.8913793103448275,0.12294942528735642,0.6557891075809796,0.7,23.285714285714285,0.047619047619047616,30.0,False
env_odom_noise,0.11249999999999999,0.04899592973540154,0.0008877808989802905,0.12484087098516516,0.9340979418996247,-0.8320048118363763,0.7471264367816092,0.8977011494252873,0.12122528735632188,0.6628239646553993,0.7,23.285714285714285,0.047619047619047616,30.0,False
env_odom_noise,0.11249999999999999,0.04899592973540154,0.001838263351530691,0.12500653236456075,0.9343061352820023,-0.9563779925639884,0.7580275229357798,0.908256880733945,0.12157064220183489,0.6636421856780846,0.7,23.38095238095238,0.047619047619047616,30.0,False
env_odom_noise,0.11249999999999999,0.04899592973540154,0.003806358250624933,0.12500653310017887,0.9308512368468843,-1.1179473895508747,0.7697142857142857,0.9262857142857143,0.11522857142857146,0.6794211735328038,0.7,23.523809523809526,0.047619047619047616,30.0,False
env_odom_noise,0.11249999999999999,0.04899592973540154,0.00788154924594252,0.12488255206609579,0.9184196319405067,-1.2899559305596515,0.8002257336343115,0.9503386004514672,0.1216871331828443,0.6823815708359082,0.7,24.047619047619047,0.047619047619047616,30.0,False
env_odom_noise,0.11249999999999999,0.04899592973540154,0.01631975090784437,0.12480199271433036,0.9059806939738632,-1.3946950077116804,0.8420467185761957,0.9771968854282537,0.1820436040044494,0.730730461080869,0.7,24.666666666666668,0.047619047619047616,30.0,False
env_odom_noise,0.11249999999999999,0.04899592973540154,0.03379212149580846,0.12490396345573519,0.8886376915816011,-1.3982169503375506,0.8991370010787486,0.988673139158576,0.25061014023732464,0.791366811345021,0.6666666666666666,25.35,0.05,30.0,False
env_odom_noise,0.11249999999999999,0.04899592973540154,0.0699708887492028,0.12411965328938815,0.8731126437247598,-1.2824203601431836,0.9495317377731529,0.9942767950052029,0.30660853277835587,0.9581204811731975,0.6333333333333333,26.42105263157895,0.05263157894736842,30.0,False
env_odom_noise,0.11249999999999999,0.04899592973540154,0.14488363132100487,0.12392169839017694,0.8603597246341764,-1.0530290736424803,0.972,0.9985,0.33330000000000004,1.148538421591123,0.5666666666666667,27.235294117647058,0.058823529411764705,30.0,False
env_odom_noise,0.11249999999999999,0.04899592973540154,0.3,0.12422166833788421,0.8644263690002851,-0.7495449908699579,0.9825581395348837,0.998546511627907,0.3439046511627907,1.318488100171089,0.5,27.8,0.0,30.0,False
env_odom_noise,0.11249999999999999,0.10627472835292812,0.00010000000000000009,0.1255844734603121,0.9131843758234057,-0.9482613398708237,0.8202433628318584,0.952433628318584,0.1396097345132744,0.8206350391109785,0.6666666666666666,24.2,0.05,30.0,False
env_odom_noise,0.11249999999999999,0.10627472835292812,0.00020706272838739032,0.12558447479337798,0.9132060499602517,-0.9516221712166255,0.8207964601769911,0.952433628318584,0.14016283185840717,0.8221886803706487,0.6666666666666666,24.2,0.05,30.0,False
env_odom_noise,0.11249999999999999,0.10627472835292812,0.0004287497348723022,0.12529733424418596,0.9101976304674618,-0.9621819174838078,0.8235942668136714,0.9531422271223815,0.14225203969128997,0.8066879014174143,0.6666666666666666,24.35,0.05,30.0,False
env_odom_noise,0.11249999999999999,0.10627472835292812,0.0008877808989802905,0.12529733325463865,0.908760106849768,-0.9758251330216922,0.8254405286343612,0.9537444933920705,0.14349603524229082,0.8100350340207417,0.6666666666666666,24.4,0.05,30.0,False
env_odom_noise,0.11249999999999999,0.10627472835292812,0.001838263351530691,0.12503788096190147,0.9070475484417667,-1.0002648803513459,0.8305921052631579,0.9610745614035088,0.15446666666666664,0.8153685679038366,0.6666666666666666,24.6,0.05,30.0,False
env_odom_noise,0.11249999999999999,0.10627472835292812,0.003806358250624933,0.12503788157390824,0.9074796748907628,-1.031389105811381,0.8404605263157895,0.9654605263157895,0.168721052631579,0.8422541007399559,0.6666666666666666,24.6,0.05,30.0,False
env_odom_noise,0.11249999999999999,0.10627472835292812,0.00788154924594252,0.12552629799925605,0.9027687980135061,-1.0675843508974852,0.8625954198473282,0.97546346782988,0.20085888767720828,0.8623739649852117,0.6666666666666666,24.85,0.05,30.0,False
env_odom_noise,0.11249999999999999,0.10627472835292812,0.01631975090784437,0.12539341803269277,0.8917453670625706,-1.084047193343394,0.8879957127545552,0.9887459807073955,0.23954169346195076,0.8993932922681173,0.6666666666666666,25.65,0.05,30.0,False
env_odom_noise,0.11249999999999999,0.10627472835292812,0.03379212149580846,0.125366080609828,0.880185347224719,-1.037712533764256,0.9312696747114375,0.9931794333683106,0.28724910807974813,1.0033674880862236,0.6666666666666666,26.65,0.05,30.0,False
env_odom_noise,0.11249999999999999,0.10627472835292812,0.0699708887492028,0.12374932921401893,0.8732729518933252,-0.9289624770405769,0.966024340770791,0.9949290060851927,0.3237533468559838,1.1515293553471566,0.6,27.11111111111111,0.05555555555555555,30.0,False
env_odom_noise,0.11249999999999999,0.10627472835292812,0.14488363132100487,0.12401999910562686,0.8685173670046836,-0.700195674819071,0.98545101842871,0.998545101842871,0.346796120271581,1.339330992102623,0.5,27.733333333333334,0.0,30.0,False
env_odom_noise,0.11249999999999999,0.10627472835292812,0.3,0.1242860268679697,0.8707950233472214,-0.4349707193763586,0.9937977099236641,0.9985687022900763,0.35516641221374046,1.4847170919179917,0.4,26.333333333333332,0.0,30.0,False
env_odom_noise,0.11249999999999999,0.23051543153651136,0.00010000000000000009,0.12580835589454026,0.8903813667286543,-0.6913154829795299,0.893970893970894,0.985966735966736,0.24273762993763004,1.1376319646835327,0.6333333333333333,26.473684210526315,0.05263157894736842,30.0,False
env_odom_noise,0.11249999999999999,0.23051543153651136,0.00020706272838739032,0.12580835383068548,0.8904024337309752,-0.6913553944617693,0.893970893970894,0.985966735966736,0.24273762993763004,1.1389983783165614,0.6333333333333333,26.473684210526315,0.05263157894736842,30.0,False
env_odom_noise,0.11249999999999999,0.23051543153651136,0.0004287497348723022,0.1258083536897531,0.8887946998381229,-0.6922025634628053,0.8940809968847352,0.9865005192107996,0.24338151609553482,1.1383400335907936,0.6333333333333333,26.526315789473685,0.05263157894736842,30.0,False
env_odom_noise,0.11249999999999999,0.23051543153651136,0.0008877808989802905,0.12580835481987923,0.8868040125717506,-0.6927202830936604,0.8954451345755694,0.9870600414078675,0.24530517598343693,1.1334794946014881,0.6333333333333333,26.68421052631579,0.05263157894736842,30.0,False
env_odom_noise,0.11249999999999999,0.23051543153651136,0.001838263351530691,0.12580835340585858,0.8869953552218135,-0.6923505617652455,0.8980331262939959,0.9880952380952381,0.24892836438923405,1.1454344754417738,0.6333333333333333,26.68421052631579,0.05263157894736842,30.0,False
env_odom_noise,0.11249999999999999,0.23051543153651136,0.003806358250624933,0.12534472459352056,0.8865962143470673,-0.6935825104179822,0.9011328527291452,0.9897013388259527,0.2536341915550979,1.144540430108706,0.6333333333333333,26.94736842105263,0.05263157894736842,30.0,False
env_odom_noise,0.11249999999999999,0.23051543153651136,0.00788154924594252,0.12532979922900278,0.8810335570681095,-0.6906622767436483,0.9141981613891726,0.991317671092952,0.26831583248212465,1.152348344027996,0.6333333333333333,27.36842105263158,0.05263157894736842,30.0,False
env_odom_noise,0.11249999999999999,0.23051543153651136,0.01631975090784437,0.12523362352088138,0.8785687931229986,-0.6674215322671305,0.9295131845841785,0.9939148073022313,0.2862279918864098,1.2200833211342494,0.6333333333333333,27.736842105263158,0.05263157894736842,30.0,False
env_odom_noise,0.11249999999999999,0.23051543153651136,0.03379212149580846,0.12399107159013316,0.864715973446255,-0.612106796595392,0.9512795275590551,0.9945866141732284,0.30866614173228346,1.2571785171826682,0.5,26.733333333333334,0.06666666666666667,30.0,False
env_odom_noise,0.11249999999999999,0.23051543153651136,0.0699708887492028,0.12425500657328167,0.8706549923157869,-0.4857716287648904,0.9746168582375478,0.9961685823754789,0.33358544061302675,1.470040421684583,0.43333333333333335,27.0,0.0,30.0,False
env_odom_noise,0.11249999999999999,0.23051543153651136,0.14488363132100487,0.12454854162418105,0.8713238138590874,-0.30864546522400776,0.9905926622765757,0.9985888993414863,0.35198156161806204,1.6450043176611264,0.4,27.583333333333332,0.0,30.0,False
env_odom_noise,0.11249999999999999,0.23051543153651136,0.3,0.12475985598144199,0.8739921168680069,-0.06667413334916758,0.9948741845293569,0.9990680335507922,0.35674221808014916,1.7857765356699626,0.36666666666666664,27.454545454545453,0.0,30.0,False
env_odom_noise,0.11249999999999999,0.5,0.00010000000000000009,0.12481353715160487,0.8722446959239949,-0.18263918537006327,0.9469194312796209,0.9947867298578199,0.3045061611374408,1.7562936233977477,0.43333333333333335,27.846153846153847,0.0,30.0,False
env_odom_noise,0.11249999999999999,0.5,0.00020706272838739032,0.12439103247314462,0.8712112907873211,-0.18462336125682705,0.9471698113207547,0.994811320754717,0.30478113207547175,1.7361128434538842,0.43333333333333335,28.23076923076923,0.0,30.0,False
env_odom_noise,0.11249999999999999,0.5,0.0004287497348723022,0.12439103122539649,0.8712595568746678,-0.1839432893194463,0.9471698113207547,0.994811320754717,0.30478113207547175,1.738522716363271,0.43333333333333335,28.23076923076923,0.0,30.0,False
env_odom_noise,0.11249999999999999,0.5,0.0008877808989802905,0.124391029440593,0.8702527078889283,-0.18296278256161633,0.9481621112158342,0.9948162111215834,0.30577832233741753,1.7390475528935592,0.43333333333333335,28.307692307692307,0.0,30.0,False
env_odom_noise,0.11249999999999999,0.5,0.001838263351530691,0.12439103193370878,0.8704582838860854,-0.18003134064158446,0.9500471253534402,0.9948162111215834,0.30766333647502353,1.7493289654453597,0.43333333333333335,28.307692307692307,0.0,30.0,False
env_odom_noise,0.11249999999999999,0.5,0.003806358250624933,0.12433745375595875,0.8705377418237213,-0.17444168450156944,0.951552210724365,0.9952963311382879,0.3096485418626529,1.7630732109149296,0.43333333333333335,28.46153846153846,0.0,30.0,False
env_odom_noise,0.11249999999999999,0.5,0.00788154924594252,0.12433745227484447,0.8748931691583437,-0.15328794798778156,0.9515828677839852,0.9953445065176909,0.3097273743016761,1.8089774665733178,0.4,28.5,0.0,30.0,False
env_odom_noise,0.11249999999999999,0.5,0.01631975090784437,0.1242750562265445,0.8726989158634442,-0.13242498035578218,0.9589861751152073,0.995852534562212,0.31763870967741936,1.844908456504345,0.4,29.416666666666668,0.0,30.0,False
env_odom_noise,0.11249999999999999,0.5,0.03379212149580846,0.12457165299262922,0.8698827973542588,-0.08677249185830997,0.9713114754098361,0.9968123861566485,0.33092386156648457,1.9416049631312489,0.36666666666666664,29.727272727272727,0.0,30.0,False
env_odom_noise,0.11249999999999999,0.5,0.0699708887492028,0.12444994959866974,0.8713876643595608,0.0013846882660726507,0.982836495031617,0.9977416440831075,0.3433781391147245,2.084232640514771,0.3333333333333333,29.7,0.0,30.0,False
env_odom_noise,0.11249999999999999,0.5,0.14488363132100487,0.12452747406748155,0.8697564804150616,0.145411035089414,0.9932855863921217,0.999104744852283,0.3551903312444047,2.1929285787045956,0.3,29.77777777777778,0.0,30.0,False
env_odom_noise,0.11249999999999999,0.5,0.3,0.1245274737612328,0.8703468924028567,0.3533868576086754,0.9955317247542449,0.9991063449508489,0.35743806970509384,2.273394918938478,0.3,30.0,0.0,30.0,False
env_odom_noise,0.15,0.00010000000000000009,0.00010000000000000009,0.125285241300451,1.0797729413398294,277.117711896042,0.1095066185318893,0.1690734055354994,1.3586199759326112,0.49737778057654697,0.9333333333333333,25.821428571428573,0.0,30.0,False
env_odom_noise,0.15,0.00010000000000000009,0.00020706272838739032,0.12528524122771292,1.0797719144919748,169.79448598981222,0.11793020457280386,0.17809867629362214,1.3411711191335738,0.49763044665257133,0.9333333333333333,25.821428571428573,0.0,30.0,False
env_odom_noise,0.15,0.00010000000000000009,0.0004287497348723022,0.12528524030319083,1.0797963550107772,107.44353228077787,0.12936221419975932,0.20517448856799037,1.3026632972322503,0.5008196299274762,0.9333333333333333,25.821428571428573,0.0,30.0,False
env_odom_noise,0.15,0.00010000000000000009,0.0008877808989802905,0.12528524217915762,1.0788375575853169,73.9649752261694,0.14122596153846154,0.24158653846153846,1.2543875,0.5003775159517924,0.9,25.37037037037037,0.0,30.0,False
env_odom_noise,0.15,0.00010000000000000009,0.001838263351530691,0.12570050626982424,1.0793708767915302,57.45927869759862,0.16866746698679472,0.2851140456182473,1.1834184873949578,0.5145787581801414,0.9,25.40740740740741,0.0,30.0,False
env_odom_noise,0.15,0.00010000000000000009,0.003806358250624933,0.12522656579663047,1.076934120107396,48.92947452102857,0.20535714285714285,0.3523809523809524,1.0794619047619047,0.5180748581886292,0.8,24.0,0.0,30.0,False
env_odom_noise,0.15,0.00010000000000000009,0.00788154924594252,0.1252605511083331,1.0757908865866699,45.07829789188023,0.25,0.42671394799054374,0.9604860520094562,0.5354520003000895,0.8,24.25,0.0,30.0,False
env_odom_noise,0.15,0.00010000000000000009,0.01631975090784437,0.12498900569863934,1.0607383824839418,43.098866384958555,0.3193325661680092,0.5074798619102416,0.8103875719217492,0.5480065755546093,0.7333333333333333,23.954545454545453,0.045454545454545456,30.0,False
env_odom_noise,0.15,0.00010000000000000009,0.03379212149580846,0.12487047811579594,1.0483035408431238,42.02831409735462,0.39819004524886875,0.5723981900452488,0.6666117647058825,0.65547746270895,0.7333333333333333,24.636363636363637,0.045454545454545456,30.0,False
env_odom_noise,0.15,0.00010000000000000009,0.0699708887492028,0.12435613995657137,1.0248548437716696,41.280447217751075,0.4826652221018418,0.6034669555796316,0.5510678223185266,0.7510517795880636,0.6333333333333333,24.42105263157895,0.05263157894736842,30.0,False
env_odom_noise,0.15,0.00010000000000000009,0.14488363132100487,0.12403463169234648,1.0045325791451805,40.55121172419601,0.5474452554744526,0.6199165797705943,0.4698381647549531,0.9401008645693462,0.6,25.61111111111111,0.05555555555555555,30.0,False
env_odom_noise,0.15,0.00010000000000000009,0.3,0.12359708775234639,1.0050797179157926,40.943953236413165,0.5687372708757638,0.6211812627291242,0.447281466395112,1.1118535101413727,0.5666666666666667,26.176470588235293,0.058823529411764705,30.0,False
env_odom_noise,0.15,0.00021690521830457365,0.00010000000000000009,0.125285241300451,1.0797729413398294,206.1606820729401,0.12876052948255115,0.20156438026474127,1.3068750902527078,0.49737778057654697,0.9333333333333333,25.821428571428573,0.0,30.0,False
env_odom_noise,0.15,0.00021690521830457365,0.00020706272838739032,0.12528524099892824,1.079772337857206,128.4165133577784,0.13778580024067388,0.21299638989169675,1.2864178098676293,0.4976755976676941,0.9333333333333333,25.821428571428573,0.0,30.0,False
env_odom_noise,0.15,0.00021690521830457365,0.0004287497348723022,0.12528524074440409,1.0797983320376399,77.53160887984384,0.1486161251504212,0.2388688327316486,1.2497150421179302,0.5011096075177193,0.9333333333333333,25.821428571428573,0.0,30.0,False
env_odom_noise,0.15,0.00021690521830457365,0.0008877808989802905,0.12528524167965055,1.0788548974429237,47.827319348461394,0.1580528846153846,0.2722355769230769,1.2069115384615383,0.5008762930830319,0.9,25.37037037037037,0.0,30.0,False
env_odom_noise,0.15,0.00021690521830457365,0.001838263351530691,0.12570050646545658,1.0793913825713464,32.15066128034379,0.1872749099639856,0.31452581032412963,1.1353992797118848,0.515088428556919,0.9,25.40740740740741,0.0,30.0,False
env_odom_noise,0.15,0.00021690521830457365,0.003806358250624933,0.12522656581715538,1.07695856553721,24.025822151607912,0.2226190476190476,0.3821428571428571,1.0324380952380952,0.5185819998383522,0.8,24.0,0.0,30.0,False
env_odom_noise,0.15,0.00021690521830457365,0.00788154924594252,0.12526054872830433,1.075809304641554,20.236694985906293,0.26891252955082745,0.45567375886524825,0.9126137115839243,0.5358506344258785,0.8,24.25,0.0,30.0,False
env_odom_noise,0.15,0.00021690521830457365,0.01631975090784437,0.12498900634414144,1.060752135089952,18.42052287582988,0.3377445339470656,0.5362485615650172,0.7632069044879172,0.54831799219052,0.7333333333333333,23.954545454545453,0.045454545454545456,30.0,False
env_odom_noise,0.15,0.00021690521830457365,0.03379212149580846,0.12487047902439513,1.0483140006364349,17.59174854839704,0.416289592760181,0.6018099547511312,0.6191004524886878,0.6557148143649101,0.7333333333333333,24.636363636363637,0.045454545454545456,30.0,False
env_odom_noise,0.15,0.00021690521830457365,0.0699708887492028,0.12435613671753831,1.0248625773748126,17.18675131051872,0.5010834236186349,0.6327193932827736,0.5033971830985915,0.7512723485628764,0.6333333333333333,24.42105263157895,0.05263157894736842,30.0,False
env_odom_noise,0.15,0.00021690521830457365,0.14488363132100487,0.12403463165774797,1.0045382254578719,16.941136304651163,0.5656934306569343,0.64859228362878,0.4229142857142857,0.940246265133222,0.6,25.61111111111111,0.05555555555555555,30.0,False
env_odom_noise,0.15,0.00021690521830457365,0.3,0.12359708956413784,1.0050830517125764,17.242686150362694,0.5880855397148677,0.6512219959266803,0.39789246435845205,1.111930818359057,0.5666666666666667,26.176470588235293,0.058823529411764705,30.0,False
env_odom_noise,0.15,0.00047047873727754753,0.00010000000000000009,0.125285241300451,1.0797729413398294,142.3529938802454,0.16125150421179302,0.2563176895306859,1.2196308062575212,0.49737778057654697,0.9333333333333333,25.821428571428573,0.0,30.0,False
env_odom_noise,0.15,0.00047047873727754753,0.00020706272838739032,0.1252852416939704,1.0797733838895687,94.64636254684802,0.16726835138387486,0.26594464500601683,1.2039870036101084,0.4978257988890012,0.9333333333333333,25.821428571428573,0.0,30.0,False
env_odom_noise,0.15,0.00047047873727754753,0.0004287497348723022,0.12528524112575598,1.0798050421373284,58.13208371066262,0.17509025270758122,0.2918170878459687,1.1702926594464502,0.5018253018458684,0.9333333333333333,25.821428571428573,0.0,30.0,False
env_odom_noise,0.15,0.00047047873727754753,0.0008877808989802905,0.12528524166906543,1.078891297262878,34.07534090790185,0.18509615384615385,0.32572115384615385,1.1263826923076923,0.5019388551513354,0.9,25.37037037037037,0.0,30.0,False
env_odom_noise,0.15,0.00047047873727754753,0.001838263351530691,0.12570050556569273,1.079434902163823,20.140304777787787,0.21428571428571427,0.36914765906362546,1.0537666266506602,0.5161817242701848,0.9,25.40740740740741,0.0,30.0,False
env_odom_noise,0.15,0.00047047873727754753,0.003806358250624933,0.125226564636387,1.077010899988897,12.604107420739599,0.2488095238095238,0.43333333333333335,0.9550571428571428,0.5196714878082276,0.8,24.0,0.0,30.0,False
env_odom_noise,0.15,0.00047047873727754753,0.00788154924594252,0.12526055175444098,1.075848869792869,8.947872319451749,0.29609929078014185,0.5047281323877069,0.8363725768321513,0.536711457123359,0.8,24.25,0.0,30.0,False
env_odom_noise,0.15,0.00047047873727754753,0.01631975090784437,0.12498900599800987,1.0607818316974316,7.231412393195987,0.3624856156501726,0.5851553509781358,0.6895590333716917,0.5489930840830008,0.7333333333333333,23.954545454545453,0.045454545454545456,30.0,False
env_odom_noise,0.15,0.00047047873727754753,0.03379212149580846,0.1248704783374283,1.0483366227227695,6.518287224160287,0.4406108597285068,0.6487556561085973,0.5478334841628959,0.6562301571170489,0.7333333333333333,24.636363636363637,0.045454545454545456,30.0,False
env_odom_noise,0.15,0.00047047873727754753,0.0699708887492028,0.12435613738136968,1.0248793496953776,6.270983052989815,0.5265438786565547,0.6798483206933911,0.4308078006500542,0.7517511457204819,0.6333333333333333,24.42105263157895,0.05263157894736842,30.0,False
env_odom_noise,0.15,0.00047047873727754753,0.14488363132100487,0.1240346314446456,1.004550713726192,6.245585887273245,0.5907194994786236,0.6939520333680917,0.3525284671532847,0.9405609120925268,0.6,25.61111111111111,0.05555555555555555,30.0,False
env_odom_noise,0.15,0.00047047873727754753,0.3,0.12359708860286858,1.00509035562374,6.506568490910935,0.6135437881873728,0.6970468431771895,0.32660936863543777,1.1120986809333167,0.5666666666666667,26.176470588235293,0.058823529411764705,30.0,False
env_odom_noise,0.15,0.001020492932168466,0.00010000000000000009,0.1252852412412505,1.079772440592137,88.26816430882204,0.20397111913357402,0.3369434416365824,1.0962854392298436,0.49740250657002133,0.9333333333333333,25.821428571428573,0.0,30.0,False
env_odom_noise,0.15,0.001020492932168466,0.00020706272838739032,0.12528524076306238,1.079779008218855,64.32007738504807,0.20637785800240674,0.3483754512635379,1.0824466907340553,0.49846569647391636,0.9333333333333333,25.821428571428573,0.0,30.0,False
env_odom_noise,0.15,0.001020492932168466,0.0004287497348723022,0.1252852413234045,1.0798370260885306,42.18795541860718,0.21299638989169675,0.3700361010830325,1.0541675090252707,0.4974276761213938,0.9,25.333333333333332,0.0,30.0,False
env_odom_noise,0.15,0.001020492932168466,0.0008877808989802905,0.125285242553042,1.0789938823039198,25.106946337746464,0.22596153846153846,0.39903846153846156,1.0122,0.5045323679844539,0.9,25.37037037037037,0.0,30.0,False
env_odom_noise,0.15,0.001020492932168466,0.001838263351530691,0.12570050628333285,1.0795692405171848,13.874362723357049,0.251500600240096,0.4387755102040816,0.9469238895558223,0.5190875803430876,0.9,25.40740740740741,0.0,30.0,False
env_odom_noise,0.15,0.001020492932168466,0.003806358250624933,0.1252265653707686,1.0771214245990932,7.275363127789032,0.2845238095238095,0.4976190476190476,0.8550571428571428,0.5219780797759692,0.8,24.0,0.0,30.0,False
env_odom_noise,0.15,0.001020492932168466,0.00788154924594252,0.12526055086095483,1.0759335161758095,3.875199674114977,0.3309692671394799,0.5691489361702128,0.7370817966903074,0.5385636642575264,0.8,24.25,0.0,30.0,False
env_odom_noise,0.15,0.001020492932168466,0.01631975090784437,0.12498900694485088,1.0608458167470942,2.2540771918286007,0.39643268124280784,0.6472957422324511,0.593471576524741,0.5504529488583406,0.7333333333333333,23.954545454545453,0.045454545454545456,30.0,False
env_odom_noise,0.15,0.001020492932168466,0.03379212149580846,0.12487047804624765,1.0483858914883888,1.604508900775211,0.4745475113122172,0.709841628959276,0.45281085972850676,0.6573479359348615,0.7333333333333333,24.636363636363637,0.045454545454545456,30.0,False
env_odom_noise,0.15,0.001020492932168466,0.0699708887492028,0.1243561396815835,1.0233481321138413,1.4266996136610524,0.5611471861471862,0.7391774891774892,0.33687532467532466,0.7507818763454756,0.6333333333333333,24.473684210526315,0.05263157894736842,30.0,False
env_odom_noise,0.15,0.001020492932168466,0.14488363132100487,0.12403463057898843,1.0045777888322844,1.504178466372093,0.6230448383733055,0.7523461939520334,0.2618089676746611,0.9412432571252187,0.6,25.61111111111111,0.05555555555555555,30.0,False
env_odom_noise,0.15,0.001020492932168466,0.3,0.12359709012899196,1.0051060942186867,1.7478871441531885,0.6476578411405295,0.754582484725051,0.23495967413441954,1.1124618818362555,0.5666666666666667,26.176470588235293,0.058823529411764705,30.0,False
env_odom_noise,0.15,0.0022135024223027535,0.00010000000000000009,0.12528524243567338,1.0797958654250652,48.50606364225205,0.26233453670276774,0.45126353790613716,0.9236019253910951,0.499324328203996,0.9333333333333333,25.821428571428573,0.0,30.0,False
env_odom_noise,0.15,0.0022135024223027535,0.00020706272838739032,0.12528524160690413,1.079880167984956,38.88023565045027,0.26594464500601683,0.46269554753309267,0.9085598074608905,0.49662177364031473,0.9,25.333333333333332,0.0,30.0,False
env_odom_noise,0.15,0.0022135024223027535,0.0004287497348723022,0.12528524159444832,1.0789412655231894,27.928333062895263,0.2704326923076923,0.47836538461538464,0.8884019230769231,0.49865345607201256,0.9,25.37037037037037,0.0,30.0,False
env_odom_noise,0.15,0.0022135024223027535,0.0008877808989802905,0.12528524043374145,1.079301037151142,17.727563481288414,0.28185096153846156,0.4969951923076923,0.8583538461538461,0.511376344660918,0.9,25.37037037037037,0.0,30.0,False
env_odom_noise,0.15,0.0022135024223027535,0.001838263351530691,0.12570050651961598,1.0798813660129738,9.825219602377162,0.3055222088835534,0.5330132052821128,0.7986645858343338,0.5256767670313517,0.9,25.40740740740741,0.0,30.0,False
env_odom_noise,0.15,0.0022135024223027535,0.003806358250624933,0.1254029144522203,1.0773491271785245,4.571830368398359,0.3376932223543401,0.5868014268727705,0.7127053507728894,0.5189182097713153,0.8,24.041666666666668,0.0,30.0,False
env_odom_noise,0.15,0.0022135024223027535,0.00788154924594252,0.12526055135881906,1.076111883630363,1.6121485645622184,0.3829787234042553,0.6589834515366431,0.5952378250591016,0.5425180067618688,0.8,24.25,0.0,30.0,False
env_odom_noise,0.15,0.0022135024223027535,0.01631975090784437,0.12498900663918527,1.0609828218795343,0.1267713535935998,0.44591484464902187,0.733601841196778,0.45768331415420016,0.5536018344263236,0.7333333333333333,23.954545454545453,0.045454545454545456,30.0,False
env_odom_noise,0.15,0.0022135024223027535,0.03379212149580846,0.1248704794999997,1.0484916436561902,-0.4717140395383832,0.5226244343891403,0.7980769230769231,0.31649864253393656,0.6597732394933701,0.7333333333333333,24.636363636363637,0.045454545454545456,30.0,False
env_odom_noise,0.15,0.0022135024223027535,0.0699708887492028,0.12435613799506326,1.0234265286399786,-0.6103836524186371,0.6087662337662337,0.8241341991341992,0.2042995670995671,0.7530106847484906,0.6333333333333333,24.473684210526315,0.05263157894736842,30.0,False
env_odom_noise,0.15,0.0022135024223027535,0.14488363132100487,0.12403462925648817,1.0046362778846119,-0.491861103248893,0.6684045881126173,0.8368091762252347,0.13198623566214807,0.9427214572827022,0.6,25.61111111111111,0.05555555555555555,30.0,False
env_odom_noise,0.15,0.0022135024223027535,0.3,0.1235970899741631,1.0051401298837044,-0.2547899449583937,0.6924643584521385,0.840122199592668,0.12414215885947055,1.1132490773995718,0.5666666666666667,26.176470588235293,0.058823529411764705,30.0,False
env_odom_noise,0.15,0.004801202261272809,0.00010000000000000009,0.12512207023421174,1.0795218594399512,23.66843325450391,0.35748502994011977,0.5802395209580838,0.6994754491017964,0.509600912531217,0.9,25.48148148148148,0.0,30.0,False
env_odom_noise,0.15,0.004801202261272809,0.00020706272838739032,0.12512206945746218,1.0796026448366998,20.536724302467924,0.36047904191616764,0.5856287425149701,0.6910922155688622,0.5128520458936692,0.9,25.48148148148148,0.0,30.0,False
env_odom_noise,0.15,0.004801202261272809,0.0004287497348723022,0.1251220694442814,1.0797495695114747,16.19369048674043,0.36706586826347304,0.5934131736526946,0.6767209580838323,0.5191990355650584,0.9,25.48148148148148,0.0,30.0,False
env_odom_noise,0.15,0.004801202261272809,0.0008877808989802905,0.12545925623016851,1.0791975893876493,11.197374276136994,0.37828162291169454,0.6127684964200477,0.6461498806682577,0.5254775042335192,0.9,25.59259259259259,0.0,30.0,False
env_odom_noise,0.15,0.004801202261272809,0.001838263351530691,0.1254753982264119,1.0796454273118112,6.4991781284633765,0.39595719381688466,0.6414982164090368,0.5997445897740785,0.5032921686768532,0.8,24.041666666666668,0.0,30.0,False
env_odom_noise,0.15,0.004801202261272809,0.003806358250624933,0.12521589563757513,1.0776559801160608,2.887570115741081,0.4237588652482269,0.692080378250591,0.5213607565011821,0.5242285102605819,0.8,24.25,0.0,30.0,False
env_odom_noise,0.15,0.004801202261272809,0.00788154924594252,0.12504444960409386,1.0741698998561025,0.5525547613590017,0.46483001172332944,0.757327080890973,0.41504290738569755,0.5413572506358226,0.7666666666666667,23.91304347826087,0.0,30.0,False
env_odom_noise,0.15,0.004801202261272809,0.01631975090784437,0.12483448291191021,1.0613359455756863,-0.7113375947050177,0.5212155963302753,0.8251146788990825,0.2908697247706422,0.5696656696498394,0.7333333333333333,24.09090909090909,0.09090909090909091,30.0,False
env_odom_noise,0.15,0.004801202261272809,0.03379212149580846,0.12464627377139612,1.0488885476219296,-1.2505648239671316,0.6002252252252253,0.8851351351351351,0.15183963963963965,0.6691611657540003,0.7333333333333333,24.818181818181817,0.045454545454545456,30.0,False
env_odom_noise,0.15,0.004801202261272809,0.0699708887492028,0.12421145580206244,1.022352504204055,-1.3587973630119516,0.6808396124865447,0.9106566200215285,0.04570376749192684,0.7661502023537954,0.6333333333333333,24.736842105263158,0.05263157894736842,30.0,False
env_odom_noise,0.15,0.004801202261272809,0.14488363132100487,0.12413131445304196,1.0065937916323542,-1.2248139258941115,0.7383177570093458,0.9226375908618899,0.0874801661474559,0.9575581694642703,0.6,25.833333333333332,0.05555555555555555,30.0,False
env_odom_noise,0.15,0.004801202261272809,0.3,0.12346347125724422,1.0141055921484692,-0.9498085412181063,0.7667332667332667,0.9285714285714286,0.10996183816183813,1.140082448720932,0.5333333333333333,26.5625,0.0625,30.0,False
env_odom_noise,0.15,0.010414058246057912,0.00010000000000000009,0.12518034986387583,1.0807206550023272,10.10849607235639,0.47692307692307695,0.6816568047337278,0.47862011834319523,0.527185496687889,0.8,24.208333333333332,0.0,30.0,False
env_odom_noise,0.15,0.010414058246057912,0.00020706272838739032,0.12508024237084764,1.0807693745803924,9.240445797052496,0.4793144208037825,0.6861702127659575,0.47171536643026,0.52311748812596,0.8,24.25,0.0,30.0,False
env_odom_noise,0.15,0.010414058246057912,0.0004287497348723022,0.12508024063250794,1.0808691012141038,7.853447073186959,0.48226950354609927,0.6962174940898345,0.45871300236406626,0.5278349255522092,0.8,24.25,0.0,30.0,False
env_odom_noise,0.15,0.010414058246057912,0.0008877808989802905,0.12494652158783753,1.0799500529468575,5.9015689517671035,0.49056603773584906,0.7099056603773585,0.43672830188679246,0.5310694920519988,0.8,24.333333333333332,0.0,30.0,False
env_odom_noise,0.15,0.010414058246057912,0.001838263351530691,0.12483265776451435,1.0803149954809854,3.664924515533624,0.5041224970553593,0.7332155477031802,0.3998619552414605,0.5404410223166148,0.8,24.375,0.0,30.0,False
env_odom_noise,0.15,0.010414058246057912,0.003806358250624933,0.12502163358562668,1.079026604775944,1.5743365313451747,0.5269636576787807,0.7766705744431418,0.33356576787807746,0.5485744759440422,0.7333333333333333,23.227272727272727,0.0,30.0,False
env_odom_noise,0.15,0.010414058246057912,0.00788154924594252,0.12493670667750695,1.0737143197392593,-0.008465932465538072,0.5611175785797439,0.8271245634458673,0.24895785797438885,0.5810872301459312,0.7333333333333333,23.5,0.045454545454545456,30.0,False
env_odom_noise,0.15,0.010414058246057912,0.01631975090784437,0.12470340603558755,1.0638451826738424,-0.9735833888040369,0.6149885583524027,0.8890160183066361,0.13319542334096113,0.622906219959259,0.7,23.476190476190474,0.09523809523809523,30.0,False
env_odom_noise,0.15,0.010414058246057912,0.03379212149580846,0.12470118477844942,1.044906304114011,-1.4232760780038844,0.6919642857142857,0.9436383928571429,0.020125892857142835,0.6980588043729464,0.7,24.523809523809526,0.047619047619047616,30.0,False
env_odom_noise,0.15,0.010414058246057912,0.0699708887492028,0.12400306800284655,1.0208959313788324,-1.5116202004863561,0.7676282051282052,0.9658119658119658,0.09624017094017101,0.7992017363508542,0.6333333333333333,25.105263157894736,0.05263157894736842,30.0,False
env_odom_noise,0.15,0.010414058246057912,0.14488363132100487,0.12417883917968735,1.0069825276372022,-1.3765795676682129,0.8217975206611571,0.9762396694214877,0.16083719008264474,0.9991564398010572,0.6,26.11111111111111,0.05555555555555555,30.0,False
env_odom_noise,0.15,0.010414058246057912,0.3,0.12401298276052773,1.0159190292397253,-1.1040274207186906,0.8478691774033696,0.9801783944499505,0.19084757185332013,1.1612665683031083,0.5333333333333333,27.0625,0.0625,30.0,False
env_odom_noise,0.15,0.02258863577297737,0.00010000000000000009,0.12517395778317977,1.0829119827702478,3.5298544803699823,0.5936768149882904,0.7646370023419203,0.27888618266978926,0.5989458645383517,0.7333333333333333,23.272727272727273,0.045454545454545456,30.0,False
env_odom_noise,0.15,0.02258863577297737,0.00020706272838739032,0.12517395933565195,1.0829481915864692,3.325911469334816,0.594847775175644,0.7669789227166276,0.27537330210772837,0.6007534871498744,0.7333333333333333,23.272727272727273,0.045454545454545456,30.0,False
env_odom_noise,0.15,0.02258863577297737,0.0004287497348723022,0.12492096866965705,1.0773069238254154,2.9201608028325317,0.5983701979045402,0.7718277066356228,0.267002095459837,0.6015409519275029,0.7333333333333333,23.5,0.045454545454545456,30.0,False
env_odom_noise,0.15,0.02258863577297737,0.0008877808989802905,0.1249209692357242,1.0741739549570244,2.3092285909463035,0.6010452961672473,0.7787456445993032,0.2574090592334495,0.5971924521028995,0.7333333333333333,23.59090909090909,0.045454545454545456,30.0,False
env_odom_noise,0.15,0.02258863577297737,0.001838263351530691,0.12508886233762354,1.0741506270810277,1.479270787921841,0.6091753774680604,0.7979094076655052,0.23011521486643438,0.6021236361935735,0.7333333333333333,23.59090909090909,0.045454545454545456,30.0,False
env_odom_noise,0.15,0.02258863577297737,0.003806358250624933,0.12501476995119856,1.0785232311577648,0.5185590903779235,0.6267441860465116,0.8220930232558139,0.18836279069767448,0.6222642378260692,0.7333333333333333,23.545454545454547,0.045454545454545456,30.0,False
env_odom_noise,0.15,0.02258863577297737,0.00788154924594252,0.12518161049000984,1.0708411387758872,-0.36861967655548544,0.6574712643678161,0.8637931034482759,0.11593563218390801,0.6492819917698701,0.7333333333333333,24.0,0.09090909090909091,30.0,False
env_odom_noise,0.15,0.02258863577297737,0.01631975090784437,0.12471102432148079,1.0568182658928045,-1.0184067662967111,0.7068771138669673,0.9222096956031567,0.05646741826381063,0.6654872968792915,0.7333333333333333,24.772727272727273,0.045454545454545456,30.0,False
env_odom_noise,0.15,0.02258863577297737,0.03379212149580846,0.12430016966075177,1.0417695418780615,-1.330798046727867,0.7733260153677278,0.9654226125137212,0.10154862788144903,0.7276530315478643,0.6666666666666666,24.55,0.05,30.0,False
env_odom_noise,0.15,0.02258863577297737,0.0699708887492028,0.12454108042847643,1.0175670072549108,-1.382792178364513,0.8459915611814346,0.984704641350211,0.19349620253164557,0.8659574406842391,0.6333333333333333,25.736842105263158,0.05263157894736842,30.0,False
env_odom_noise,0.15,0.02258863577297737,0.14488363132100487,0.12405671529145453,1.004395889366265,-1.2434393882004402,0.9014300306435138,0.9938712972420838,0.2581013278855976,1.076016860206922,0.6,26.72222222222222,0.05555555555555555,30.0,False
env_odom_noise,0.15,0.02258863577297737,0.3,0.12414892094519368,1.02128547438585,-0.9785417384549191,0.9252475247524753,0.998019801980198,0.2860673267326733,1.2643378734588624,0.5333333333333333,27.125,0.125,30.0,False
env_odom_noise,0.15,0.04899592973540154,0.00010000000000000009,0.12500653073596996,1.077848096643367,0.6842721430501129,0.6933638443935927,0.8375286041189931,0.1276352402745996,0.6829545949896176,0.7,23.476190476190474,0.047619047619047616,30.0,False
env_odom_noise,0.15,0.04899592973540154,0.00020706272838739032,0.12500652979438034,1.077880450633307,0.6404280183692593,0.6945080091533181,0.8375286041189931,0.12877940503432506,0.684630361944437,0.7,23.476190476190474,0.047619047619047616,30.0,False
env_odom_noise,0.15,0.04899592973540154,0.0004287497348723022,0.12500653446064663,1.0779470997657974,0.5556085486199706,0.6990846681922197,0.8409610983981693,0.1299235697940504,0.6880877479910851,0.7,23.476190476190474,0.047619047619047616,30.0,False
env_odom_noise,0.15,0.04899592973540154,0.0008877808989802905,0.12500653202644618,1.0777419809561974,0.4051667755534676,0.7,0.8457142857142858,0.12608571428571425,0.7008140993614992,0.7,23.523809523809526,0.047619047619047616,30.0,False
env_odom_noise,0.15,0.04899592973540154,0.001838263351530691,0.12500653291670052,1.0754798457045192,0.15028062077909593,0.7069555302166477,0.8529076396807298,0.12584789053591794,0.7096152206261953,0.7,23.61904761904762,0.047619047619047616,30.0,False
env_odom_noise,0.15,0.04899592973540154,0.003806358250624933,0.12517355702213753,1.0723887891360795,-0.20527287293339233,0.71875,0.8698863636363636,0.12066363636363642,0.7233939602971077,0.7,23.761904761904763,0.09523809523809523,30.0,False
env_odom_noise,0.15,0.04899592973540154,0.00788154924594252,0.12506790712543317,1.0657731935437647,-0.5971342827872506,0.7401574803149606,0.9021372328458943,0.10982024746906638,0.745905372997125,0.6666666666666666,23.45,0.15,30.0,False
env_odom_noise,0.15,0.04899592973540154,0.01631975090784437,0.12434271200427731,1.0501793482652084,-0.9351067559739429,0.7851605758582503,0.9413067552602437,0.11565382059800666,0.7734046270449956,0.6666666666666666,24.15,0.05,30.0,False
env_odom_noise,0.15,0.04899592973540154,0.03379212149580846,0.1250234807308112,1.032449430897338,-1.116487667163095,0.8333333333333334,0.9725806451612903,0.16871397849462366,0.8148619090517362,0.6666666666666666,25.5,0.05,30.0,False
env_odom_noise,0.15,0.04899592973540154,0.0699708887492028,0.12411965579725344,1.014643763864116,-1.12465934823423,0.8996881496881497,0.987006237006237,0.24949438669438673,0.9841688965757688,0.6333333333333333,26.473684210526315,0.05263157894736842,30.0,False
env_odom_noise,0.15,0.04899592973540154,0.14488363132100487,0.12414570372838583,1.0200125900492343,-0.9617721134189366,0.9502982107355865,0.9950298210735586,0.30812803180914516,1.189297320942084,0.5333333333333333,26.875,0.0625,30.0,False
env_odom_noise,0.15,0.04899592973540154,0.3,0.12422166716830622,1.0283416575403226,-0.7223459237890323,0.9736070381231672,0.998533724340176,0.33494076246334314,1.3737394611040752,0.5333333333333333,27.9375,0.125,30.0,False
env_odom_noise,0.15,0.10627472835292812,0.00010000000000000009,0.12547765805874278,1.0556978098576613,-0.2967005717898471,0.7639956092206367,0.9017563117453348,0.13403929747530197,0.8594753036896388,0.6333333333333333,23.789473684210527,0.05263157894736842,30.0,False
env_odom_noise,0.15,0.10627472835292812,0.00020706272838739032,0.12535786228779824,1.0545764833346114,-0.3080143039815713,0.764512595837897,0.9025191675794085,0.1337934282584885,0.8616162632902463,0.6333333333333333,23.894736842105264,0.05263157894736842,30.0,False
env_odom_noise,0.15,0.10627472835292812,0.0004287497348723022,0.12535786382002784,1.0539907412864458,-0.3239808569497432,0.7647702407002188,0.9048140043763676,0.13175623632385125,0.8590099106232325,0.6333333333333333,23.94736842105263,0.10526315789473684,30.0,False
env_odom_noise,0.15,0.10627472835292812,0.0008877808989802905,0.12535786414754357,1.0540994167308442,-0.3560375129981849,0.7658643326039387,0.9086433260393874,0.1290210065645514,0.864050006121397,0.6333333333333333,23.94736842105263,0.10526315789473684,30.0,False
env_odom_noise,0.15,0.10627472835292812,0.001838263351530691,0.12535786363678852,1.0544319436397518,-0.41016517771205935,0.7699453551912568,0.914207650273224,0.12753770491803285,0.8710565527280172,0.6333333333333333,24.0,0.10526315789473684,30.0,False
env_odom_noise,0.15,0.10627472835292812,0.003806358250624933,0.1251441389829347,1.04735444781463,-0.5123689075220637,0.7830802603036876,0.9267895878524945,0.1280906724511931,0.8554269937177499,0.6333333333333333,24.36842105263158,0.05263157894736842,30.0,False
env_odom_noise,0.15,0.10627472835292812,0.00788154924594252,0.12539342066313894,1.042376602379079,-0.6399390864689596,0.8019375672766416,0.9407965554359526,0.13294101184068896,0.8745590758820375,0.6333333333333333,24.736842105263158,0.05263157894736842,30.0,False
env_odom_noise,0.15,0.10627472835292812,0.01631975090784437,0.12531532156229802,1.0340293238874794,-0.7562819001989729,0.8283582089552238,0.9610874200426439,0.15224562899786775,0.9271552150448163,0.6666666666666666,25.9,0.05,30.0,False
env_odom_noise,0.15,0.10627472835292812,0.03379212149580846,0.12536608074662528,1.0285530527711972,-0.8139741450270168,0.8711882229232387,0.9826498422712934,0.2166380651945321,1.0511821458737056,0.6333333333333333,25.894736842105264,0.05263157894736842,30.0,False
env_odom_noise,0.15,0.10627472835292812,0.0699708887492028,0.12363148055807072,1.0189778099143048,-0.7980162604969852,0.9213995943204868,0.9903651115618661,0.27456470588235293,1.1773416926463445,0.6,27.11111111111111,0.1111111111111111,30.0,False
env_odom_noise,0.15,0.10627472835292812,0.14488363132100487,0.12403424099692639,1.0240258132263313,-0.6214002169312633,0.9642166344294004,0.995164410058027,0.32218104448742746,1.3553485820690792,0.5,27.933333333333334,0.0,30.0,False
env_odom_noise,0.15,0.10627472835292812,0.3,0.12428602375283813,1.0300293140863845,-0.3932915531193197,0.9851816443594646,0.998565965583174,0.34654760994263867,1.5182709266742072,0.4,26.166666666666668,0.0,30.0,False
env_odom_noise,0.15,0.23051543153651136,0.00010000000000000009,0.1256426512128686,1.0357484992969306,-0.378409169645239,0.8424586776859504,0.9576446280991735,0.1629033057851239,1.1569546267390252,0.6,26.11111111111111,0.1111111111111111,30.0,False
env_odom_noise,0.15,0.23051543153651136,0.00020706272838739032,0.1256426530995008,1.0357756634817403,-0.3795774545424529,0.8424586776859504,0.9576446280991735,0.1629033057851239,1.1582260782519975,0.6,26.11111111111111,0.1111111111111111,30.0,False
env_odom_noise,0.15,0.23051543153651136,0.0004287497348723022,0.12564265165863822,1.035831778735415,-0.3819387591631297,0.8429752066115702,0.9576446280991735,0.16341983471074373,1.16085654348135,0.6,26.11111111111111,0.1111111111111111,30.0,False
env_odom_noise,0.15,0.23051543153651136,0.0008877808989802905,0.1256426521297921,1.0359480912239516,-0.3865903907900971,0.84349173553719,0.9581611570247934,0.16445289256198348,1.1662927895784378,0.6,26.11111111111111,0.1111111111111111,30.0,False
env_odom_noise,0.15,0.23051543153651136,0.001838263351530691,0.1256426511409536,1.0361878010848606,-0.3952944754501735,0.8471074380165289,0.9591942148760331,0.16910165289256196,1.1775057519475618,0.6,26.11111111111111,0.1111111111111111,30.0,False
env_odom_noise,0.15,0.23051543153651136,0.003806358250624933,0.12531158530585115,1.033597923703112,-0.41507315476112727,0.8499486125385406,0.9624871531346352,0.17523576567317578,1.1756563186645508,0.6,26.38888888888889,0.1111111111111111,30.0,False
env_odom_noise,0.15,0.23051543153651136,0.00788154924594252,0.1253193813548813,1.0327628070914567,-0.43717279265471876,0.8605720122574055,0.9703779366700716,0.1937499489274771,1.1926362469792366,0.6,26.72222222222222,0.1111111111111111,30.0,False
env_odom_noise,0.15,0.23051543153651136,0.01631975090784437,0.12493725927375429,1.0303780088685008,-0.457864076803163,0.8788032454361054,0.9807302231237323,0.2223334685598377,1.2492234786351522,0.5666666666666667,26.41176470588235,0.058823529411764705,30.0,False
env_odom_noise,0.15,0.23051543153651136,0.03379212149580846,0.12394619707108938,1.0097033384985952,-0.45936078410328596,0.9013738959764475,0.9911678115799804,0.2553417075564278,1.275614213446776,0.5,26.933333333333334,0.06666666666666667,30.0,False
env_odom_noise,0.15,0.23051543153651136,0.0699708887492028,0.12425500681414782,1.0294066289487454,-0.3721821098819406,0.9376797698945349,0.9937679769894535,0.29424774688398847,1.5038342411319414,0.43333333333333335,26.923076923076923,0.0,30.0,False
env_odom_noise,0.15,0.23051543153651136,0.14488363132100487,0.12485946232407208,1.0312720540775098,-0.23869924137230705,0.9704502814258912,0.9953095684803002,0.32855984990619136,1.6621979569395384,0.4,27.833333333333332,0.0,30.0,False
env_odom_noise,0.15,0.23051543153651136,0.3,0.12475985490181504,1.0332376869379762,-0.026139896600654397,0.9893023255813953,0.9986046511627907,0.35070697674418605,1.8072938650846482,0.36666666666666664,27.636363636363637,0.0,30.0,False
env_odom_noise,0.15,0.5,0.00010000000000000009,0.1246768025655126,1.0425345827707575,0.004016173801090905,0.899624765478424,0.9817073170731707,0.2441320825515947,1.813234073917071,0.4,27.833333333333332,0.0,30.0,False
env_odom_noise,0.15,0.5,0.00020706272838739032,0.12467680465931225,1.0425676028836628,0.00395714652033254,0.899624765478424,0.9817073170731707,0.2441320825515947,1.8142290145158768,0.4,27.833333333333332,0.0,30.0,False
env_odom_noise,0.15,0.5,0.0004287497348723022,0.12467680549401063,1.0426363174888975,0.0038439032683932205,0.899624765478424,0.9817073170731707,0.2441320825515947,1.8162873307863872,0.4,27.833333333333332,0.08333333333333333,30.0,False
env_odom_noise,0.15,0.5,0.0008877808989802905,0.12467680256880964,1.0427780823215254,0.003644589961328917,0.899624765478424,0.9817073170731707,0.2441320825515947,1.820543847978115,0.4,27.833333333333332,0.08333333333333333,30.0,False
env_odom_noise,0.15,0.5,0.001838263351530691,0.12467680417514955,1.0420764735946864,0.003163785400501357,0.9002808988764045,0.9822097378277154,0.24529063670411988,1.8255962267518044,0.4,28.0,0.08333333333333333,30.0,False
env_odom_noise,0.15,0.5,0.003806358250624933,0.12425805340964485,1.0414908093352524,0.00019302205716979415,0.9035414725069898,0.9841565703634669,0.25049804287045674,1.8232713957627615,0.4,28.416666666666668,0.0,30.0,False
env_odom_noise,0.15,0.5,0.00788154924594252,0.12416704727719896,1.039068867499189,-0.0016989857753135938,0.9101851851851852,0.9861111111111112,0.2590962962962964,1.8306409786144893,0.4,29.0,0.0,30.0,False
env_odom_noise,0.15,0.5,0.01631975090784437,0.1242640856806833,1.034527459468593,0.0026914091912355357,0.9160550458715596,0.9889908256880734,0.267845871559633,1.869025647143523,0.4,29.833333333333332,0.0,30.0,False
env_odom_noise,0.15,0.5,0.03379212149580846,0.12461117585887546,1.0325470199593296,0.024914039429815002,0.9333030852994555,0.9945553539019963,0.29065843920145185,1.9653699239095053,0.36666666666666664,30.09090909090909,0.0,30.0,False
env_odom_noise,0.15,0.5,0.0699708887492028,0.12452747507700292,1.0338071456618565,0.08527249781973795,0.9554856115107914,0.9959532374100719,0.3142388489208633,2.094056060786049,0.3333333333333333,30.2,0.0,30.0,False
env_odom_noise,0.15,0.5,0.14488363132100487,0.1245274736107878,1.032375676687998,0.20418240009763555,0.9745308310991957,0.9964253798033958,0.33375621090259155,2.2150724535187085,0.3,30.0,0.0,30.0,False
env_odom_noise,0.15,0.5,0.3,0.12443561162957854,1.0353147937387932,0.3892140812623071,0.9910793933987511,0.9986619090098127,0.35254130240856374,2.2938970640301704,0.3,30.22222222222222,0.0,30.0,False
