sweep_param,sweep_value,sigma_visible,odom_noise,mean_err_visible,mean_err_occluded,calibration_nll,coverage_1sigma,coverage_2sigma,coverage_deviation,mean_final_dist,advance_rate,mean_steps_to_advance,false_advance_rate,n_episodes,viable
baseline,,0.010000000000000004,0.0010000000000000002,0.12429522565094535,0.7785293770568293,-2.105331854778172,0.638135593220339,0.902542372881356,0.09652203389830505,0.42320546619594096,0.8,25.875,0.0,20.0,True
baseline,,0.010000000000000004,0.001411698658795815,0.12429522511980386,0.7768634516085549,-2.1946402513434453,0.649746192893401,0.9137055837563451,0.07374822335025388,0.425180797255598,0.8,25.9375,0.0,20.0,True
baseline,,0.010000000000000004,0.0019928931032459026,0.12429522645968069,0.7769180617800732,-2.2777031087741206,0.6666666666666666,0.9272419627749577,0.04329137055837562,0.44451003763824704,0.8,25.9375,0.0,20.0,True
baseline,,0.010000000000000004,0.00281336452097567,0.12415995262774933,0.7751255755327935,-2.350400870103074,0.6804384485666105,0.9367622259696459,0.01999932546374361,0.45024639926850796,0.8,26.0625,0.0,20.0,True
baseline,,0.010000000000000004,0.00397162292096508,0.12411520153582696,0.7739243542778513,-2.403161459296656,0.7072147651006712,0.9488255033557047,0.0301892617449665,0.4455987839028239,0.75,25.4,0.0,20.0,True
baseline,,0.010000000000000004,0.00560673475076912,0.12411520299378861,0.7698994890068503,-2.4301365333404368,0.7207357859531772,0.9581939799331104,0.04172976588628763,0.4659818772226572,0.75,25.533333333333335,0.0,20.0,True
baseline,,0.010000000000000004,0.007915019927884653,0.12370483430091148,0.7625800497486187,-2.4337635860037805,0.7446102819237148,0.9618573797678275,0.0692676616915423,0.4716857818886638,0.75,25.866666666666667,0.0,20.0,True
baseline,,0.010000000000000004,0.011173623016536903,0.12349554507882791,0.7583137387762457,-2.4111891984538056,0.7714521452145214,0.9661716171617162,0.10042376237623762,0.5058859378099442,0.75,26.066666666666666,0.0,20.0,True
baseline,,0.010000000000000004,0.015773788626335192,0.1236532144799391,0.753297443181302,-2.3559972244552743,0.7975409836065573,0.9688524590163935,0.12919344262295085,0.5392526611685753,0.7,25.428571428571427,0.0,20.0,True
baseline,,0.010000000000000004,0.02226783624792608,0.12365321180245469,0.7509632740426353,-2.273229192513137,0.8202614379084967,0.9738562091503268,0.1569176470588235,0.6185886397957802,0.65,24.53846153846154,0.0,20.0,False
baseline,,0.010000000000000004,0.03143547456548206,0.12350443040848606,0.7381816508333153,-2.1826867499629907,0.8386837881219904,0.9751203852327448,0.17660417335473522,0.6419455945491791,0.65,25.384615384615383,0.0,20.0,False
baseline,,0.010000000000000004,0.044377417282700976,0.12330706712033632,0.7317270915852532,-2.075945603367416,0.8444444444444444,0.9753968253968254,0.18264126984126983,0.7312831804156303,0.65,25.923076923076923,0.0,20.0,False
baseline,,0.010000000000000004,0.06264754045881119,0.12339726539257463,0.7167567882038255,-1.9442218335322672,0.8489096573208723,0.9766355140186916,0.18834517133956397,0.7863889962434769,0.55,24.636363636363637,0.0,20.0,False
baseline,,0.010000000000000004,0.08843944884256029,0.12303863913724045,0.706901610697098,-1.8119591730319267,0.8545176110260337,0.9785604900459418,0.19587810107197556,0.8985880047082901,0.55,25.636363636363637,0.0,20.0,False
baseline,,0.010000000000000004,0.12484985131568332,0.12287006907521619,0.7001503188120556,-1.663120434043391,0.859304084720121,0.9788199697428139,0.20092405446293493,1.0375406309962272,0.5,25.1,0.0,20.0,False
baseline,,0.010000000000000004,0.17625036765320706,0.12251642612729924,0.6870005264071254,-1.5035990121808904,0.8610698365527489,0.9791976225854383,0.20306745913818725,1.1415827989578247,0.5,26.3,0.0,20.0,False
baseline,,0.010000000000000004,0.24881240762830165,0.1222490390407858,0.6799354938899937,-1.3302877885877877,0.8632352941176471,0.9794117647058823,0.20544705882352943,1.2566531911492347,0.5,27.0,0.0,20.0,False
baseline,,0.010000000000000004,0.351248142140631,0.12194819662716351,0.6698572972652915,-1.1697935127369274,0.8643578643578643,0.9797979797979798,0.20695584415584412,1.2873446732759475,0.45,27.11111111111111,0.0,20.0,False
baseline,,0.010000000000000004,0.4958565311644505,0.1218881452214691,0.6699004863549604,-1.0084035415938613,0.8649425287356322,0.9798850574712644,0.20762758620689659,1.3625023782253265,0.45,27.444444444444443,0.0,20.0,False
baseline,,0.010000000000000004,0.7,0.12188814471686968,0.670549975929586,-0.8417735623195518,0.8649425287356322,0.9798850574712644,0.20762758620689659,1.4164843276143073,0.45,27.444444444444443,0.0,20.0,False
baseline,,0.014270914972418185,0.0010000000000000002,0.12451089385101494,0.7750384276375174,-2.2279000515546623,0.6913996627318718,0.9359190556492412,0.027280607082630692,0.4577666962519288,0.8,26.0625,0.0,20.0,True
baseline,,0.014270914972418185,0.001411698658795815,0.12437534389889429,0.7750753324727877,-2.2801748413070184,0.696969696969697,0.9452861952861953,0.023483501683501773,0.46210079081356525,0.8,26.125,0.0,20.0,True
baseline,,0.014270914972418185,0.0019928931032459026,0.12432926764581412,0.7715130836150654,-2.3321347170215936,0.7123745819397993,0.9540133779264214,0.030161204013377962,0.4424247156828642,0.8,26.375,0.0,20.0,True
baseline,,0.014270914972418185,0.00281336452097567,0.12432926684346636,0.7703021918000211,-2.369107931495111,0.7312186978297162,0.9607679465776294,0.0547866444073456,0.4498546475544572,0.75,25.6,0.0,20.0,True
baseline,,0.014270914972418185,0.00397162292096508,0.12432926388820466,0.7704015247870525,-2.3943538112093194,0.7479131886477463,0.9674457429048414,0.07815893155258768,0.4771775042638183,0.75,25.6,0.0,20.0,True
baseline,,0.014270914972418185,0.00560673475076912,0.12432926434812244,0.7666692004742077,-2.4038585685384324,0.7587354409317804,0.9758735440931781,0.09740898502495843,0.49678868129849435,0.75,25.733333333333334,0.0,20.0,True
baseline,,0.014270914972418185,0.007915019927884653,0.12407579342776727,0.7608025156817445,-2.398604530174539,0.7821782178217822,0.9793729372937293,0.12435115511551154,0.49765296615660193,0.75,26.066666666666666,0.0,20.0,True
baseline,,0.014270914972418185,0.011173623016536903,0.12386666477420379,0.7589288914784053,-2.3678345797239433,0.805921052631579,0.9827302631578947,0.15145131578947368,0.524714395403862,0.65,24.23076923076923,0.0,20.0,False
baseline,,0.014270914972418185,0.015773788626335192,0.12386666515935232,0.7524478628531489,-2.3077142640686668,0.8325163398692811,0.9844771241830066,0.1797934640522877,0.5730758629739284,0.65,24.53846153846154,0.0,20.0,False
baseline,,0.014270914972418185,0.02226783624792608,0.12410436059925153,0.7420170019129123,-2.2275584475268566,0.8546042003231018,0.9886914378029079,0.20609563812600973,0.6074507378041745,0.65,25.076923076923077,0.0,20.0,False
baseline,,0.014270914972418185,0.03143547456548206,0.12360541398249773,0.7370305154454163,-2.142228913694645,0.8682108626198083,0.9896166134185304,0.22062747603833865,0.6694535620510578,0.65,25.615384615384617,0.0,20.0,False
baseline,,0.014270914972418185,0.044377417282700976,0.12350135890650499,0.7289215945244352,-2.0351520423828005,0.8738170347003155,0.9897476340694006,0.22636466876971606,0.7358234502375126,0.6,25.166666666666668,0.0,20.0,False
baseline,,0.014270914972418185,0.06264754045881119,0.12344429778891514,0.7139817098882382,-1.9067010388696086,0.8777089783281734,0.9907120743034056,0.231221052631579,0.8048914410173893,0.55,25.0,0.0,20.0,False
baseline,,0.014270914972418185,0.08843944884256029,0.1232450546189308,0.7040033507506483,-1.7699540617627096,0.8833841463414634,0.9923780487804879,0.23856219512195131,0.9282550871372223,0.55,25.90909090909091,0.0,20.0,False
baseline,,0.014270914972418185,0.12484985131568332,0.12311645253098036,0.6953507231968822,-1.6219616355937734,0.8888888888888888,0.9924924924924925,0.24418138138138135,1.0583366386592388,0.5,25.6,0.0,20.0,False
baseline,,0.014270914972418185,0.17625036765320706,0.12272055149216658,0.6860906815665562,-1.468128809749448,0.8903703703703704,0.9925925925925926,0.24576296296296296,1.1717340745031835,0.5,26.5,0.0,20.0,False
baseline,,0.014270914972418185,0.24881240762830165,0.1223060114750859,0.6788241528440321,-1.2992026753553232,0.8923865300146413,0.9926793557833089,0.24786588579795021,1.2763865046203136,0.5,27.3,0.0,20.0,False
baseline,,0.014270914972418185,0.351248142140631,0.12214963169738591,0.6693655436839091,-1.132067468128196,0.8942446043165467,0.9928057553956835,0.24985035971223024,1.3204927906394004,0.45,27.333333333333332,0.0,20.0,False
baseline,,0.014270914972418185,0.4958565311644505,0.1220885169121032,0.6704698586608449,-0.9753642236847607,0.8952654232424677,0.9928263988522238,0.2508918220946915,1.3987778581678867,0.45,27.555555555555557,0.0,20.0,False
baseline,,0.014270914972418185,0.7,0.12214907409011835,0.6711215435334374,-0.8174244244214476,0.8948497854077253,0.9928469241773963,0.2504967095851216,1.4301020346581936,0.45,27.77777777777778,0.0,20.0,False
baseline,,0.02036590141499896,0.0010000000000000002,0.12432926757950906,0.7740752833190495,-2.2576135517088756,0.7537688442211056,0.9623115577889447,0.07888040201005031,0.4864220529794693,0.7,24.5,0.0,20.0,True
baseline,,0.02036590141499896,0.001411698658795815,0.12432926550308389,0.770983095174375,-2.2799484458940746,0.7612687813021702,0.9649415692821369,0.08901035058430717,0.48403222430497406,0.7,24.642857142857142,0.0,20.0,True
baseline,,0.02036590141499896,0.0019928931032459026,0.12432926524845622,0.7710330386035126,-2.30143742295128,0.7779632721202003,0.9724540901502504,0.11321736227045076,0.49767950642853975,0.7,24.642857142857142,0.0,20.0,True
baseline,,0.02036590141499896,0.00281336452097567,0.12448462042372856,0.7693646913892267,-2.319774450010412,0.7911813643926788,0.9767054908485857,0.13068685524126455,0.49842460434883834,0.7,24.785714285714285,0.0,20.0,True
baseline,,0.02036590141499896,0.00397162292096508,0.12448462044203794,0.7648929100592916,-2.3311952358181625,0.8018242122719734,0.9859038142620232,0.15052802653399666,0.5056191805750132,0.7,24.928571428571427,0.0,20.0,False
baseline,,0.02036590141499896,0.00560673475076912,0.12407579273239927,0.7613928091758521,-2.329486070018621,0.8184818481848185,0.9892739273927392,0.17055577557755774,0.5171695083379746,0.7,25.142857142857142,0.0,20.0,False
baseline,,0.02036590141499896,0.007915019927884653,0.12386666383659727,0.7615710012718298,-2.3107546147432854,0.8360790774299836,0.9892915980230642,0.18817067545304778,0.5480197861790657,0.65,24.153846153846153,0.0,20.0,False
baseline,,0.02036590141499896,0.011173623016536903,0.12386666551650441,0.754124443565371,-2.2730949036713772,0.8608837970540099,0.9909983633387889,0.21468216039279875,0.5720499768853188,0.65,24.46153846153846,0.0,20.0,False
baseline,,0.02036590141499896,0.015773788626335192,0.12386666478630518,0.7477655126833325,-2.2115332818264233,0.8829268292682927,0.9926829268292683,0.238409756097561,0.6174970448017121,0.65,24.76923076923077,0.0,20.0,False
baseline,,0.02036590141499896,0.02226783624792608,0.12410436098981385,0.7374690526701464,-2.1342101922399896,0.9027331189710611,0.997588424437299,0.26312154340836014,0.6487200640141964,0.65,25.307692307692307,0.0,20.0,False
baseline,,0.02036590141499896,0.03143547456548206,0.12358967504167254,0.7344812068052173,-2.05127269800011,0.910174880763116,0.9976152623211447,0.27059014308426077,0.7103936724364758,0.65,25.846153846153847,0.0,20.0,False
baseline,,0.02036590141499896,0.044377417282700976,0.1235013617004742,0.7275595379270308,-1.9452317172296394,0.9149606299212598,0.9976377952755906,0.2753984251968504,0.7875672720372677,0.55,24.0,0.0,20.0,False
baseline,,0.02036590141499896,0.06264754045881119,0.12344430107702653,0.7111714634295215,-1.8188229854614884,0.9205246913580247,0.9984567901234568,0.2817814814814815,0.8575999736785889,0.55,25.181818181818183,0.0,20.0,False
baseline,,0.02036590141499896,0.08843944884256029,0.12324505569323176,0.7017419370469637,-1.6845275801185986,0.9240121580547113,1.0,0.2868121580547113,0.9742526486515999,0.5,24.8,0.0,20.0,False
baseline,,0.02036590141499896,0.12484985131568332,0.12286347854651573,0.6930853515232351,-1.5429025115062756,0.929745889387145,1.0,0.292545889387145,1.097612065821886,0.5,25.9,0.0,20.0,False
baseline,,0.02036590141499896,0.17625036765320706,0.12245336499557875,0.6825487279655408,-1.3840260632321368,0.930780559646539,1.0,0.29358055964653906,1.2096709109842778,0.5,26.9,0.0,20.0,False
baseline,,0.02036590141499896,0.24881240762830165,0.12206677825979165,0.6698656739613356,-1.2120773241626206,0.9327062228654125,1.0,0.2955062228654125,1.2837042033672332,0.45,26.88888888888889,0.0,20.0,False
baseline,,0.02036590141499896,0.351248142140631,0.12208851812447481,0.670061045856982,-1.063712393503063,0.9340028694404591,1.0,0.2968028694404591,1.358004843443632,0.45,27.555555555555557,0.0,20.0,False
baseline,,0.02036590141499896,0.4958565311644505,0.12214907334990222,0.6711588353862957,-0.9074440429187894,0.9349070100143062,1.0,0.2977070100143062,1.4339592903852463,0.45,27.77777777777778,0.0,20.0,False
baseline,,0.02036590141499896,0.7,0.12214907104742588,0.6718122758472853,-0.7425148693579156,0.9349070100143062,1.0,0.2977070100143062,1.4876284435391427,0.45,27.77777777777778,0.0,20.0,False
baseline,,0.029064004743010123,0.0010000000000000002,0.12448462271113798,0.7677542653922932,-2.202188489001319,0.8255813953488372,0.9750830564784053,0.16346445182724256,0.5428000314161181,0.7,24.857142857142858,0.0,20.0,False
baseline,,0.029064004743010123,0.001411698658795815,0.12448462049647756,0.765438744806344,-2.211708437958271,0.8308457711442786,0.9792703150912107,0.17291608623548926,0.5438422657549381,0.7,24.928571428571427,0.0,20.0,False
baseline,,0.029064004743010123,0.0019928931032459026,0.12448462290837296,0.7633770907825822,-2.219150091031517,0.8402317880794702,0.9817880794701986,0.18481986754966884,0.5409987945109606,0.65,23.923076923076923,0.0,20.0,False
baseline,,0.029064004743010123,0.00281336452097567,0.12448462138375298,0.7634348242814096,-2.2210758911262714,0.8460264900662252,0.9859271523178808,0.19475364238410597,0.561359541863203,0.65,23.923076923076923,0.0,20.0,False
baseline,,0.029064004743010123,0.00397162292096508,0.12427338612105002,0.7621828642204878,-2.217668245587255,0.8523102310231023,0.9892739273927392,0.20438415841584157,0.5738429505378008,0.65,24.076923076923077,0.0,20.0,False
baseline,,0.029064004743010123,0.00560673475076912,0.12386666804994496,0.7600509441108729,-2.2074026178131176,0.8758223684210527,0.9893092105263158,0.22793157894736849,0.5869442172348499,0.65,24.23076923076923,0.0,20.0,False
baseline,,0.029064004743010123,0.007915019927884653,0.12386666543177301,0.756765068036092,-2.181305011487964,0.8918032786885246,0.990983606557377,0.24558688524590166,0.6145477674901485,0.65,24.384615384615383,0.0,20.0,False
baseline,,0.029064004743010123,0.011173623016536903,0.12386666472898243,0.7503251624097631,-2.138348620058911,0.9144951140065146,0.992671009771987,0.2699661237785016,0.6380482651293278,0.65,24.692307692307693,0.0,20.0,False
baseline,,0.029064004743010123,0.015773788626335192,0.12410436602435831,0.7429931541391841,-2.0828784091836052,0.9273021001615509,0.994345718901454,0.28444781906300487,0.6662861689925194,0.65,25.076923076923077,0.0,20.0,False
baseline,,0.029064004743010123,0.02226783624792608,0.1239312988927528,0.7384126205963133,-2.011638399261131,0.9408,0.9976,0.3012,0.7149552524089813,0.65,25.53846153846154,0.0,20.0,False
baseline,,0.029064004743010123,0.03143547456548206,0.12358967571891895,0.7317378023429896,-1.9252140007172283,0.945324881141046,0.9976228209191759,0.30574770206022184,0.767406090348959,0.6,24.916666666666668,0.0,20.0,False
baseline,,0.029064004743010123,0.044377417282700976,0.12360522222278911,0.7216525948591938,-1.8238251805131256,0.95,0.9984375,0.31123749999999994,0.8253231845796108,0.55,24.454545454545453,0.0,20.0,False
baseline,,0.029064004743010123,0.06264754045881119,0.12344430200022377,0.7079113407959047,-1.6983410143532465,0.9539170506912442,0.9984639016897081,0.31518095238095234,0.9191084921360015,0.55,25.454545454545453,0.0,20.0,False
baseline,,0.029064004743010123,0.08843944884256029,0.12299105261050791,0.7026223145310753,-1.5766660604967537,0.956060606060606,1.0,0.31886060606060607,1.0360747434198856,0.5,25.0,0.0,20.0,False
baseline,,0.029064004743010123,0.12484985131568332,0.12272055194463184,0.6910238965158346,-1.4334871197461472,0.9613095238095238,1.0,0.32410952380952385,1.1521820276975632,0.5,26.2,0.0,20.0,False
baseline,,0.029064004743010123,0.17625036765320706,0.12245336662541265,0.6742516563191837,-1.2595300965005714,0.962043795620438,1.0,0.32484379562043797,1.2565976202487945,0.5,27.5,0.0,20.0,False
baseline,,0.029064004743010123,0.24881240762830165,0.12206223501185821,0.6696575537925518,-1.1064461618672288,0.9632034632034632,1.0,0.3260034632034632,1.3481871336698532,0.45,27.11111111111111,0.0,20.0,False
baseline,,0.029064004743010123,0.351248142140631,0.1220885196540976,0.6709087679564792,-0.95927765095896,0.9641319942611191,1.0,0.3269319942611191,1.429092101752758,0.45,27.555555555555557,0.0,20.0,False
baseline,,0.029064004743010123,0.4958565311644505,0.12214907515473326,0.6719937300276957,-0.8037675356661073,0.9649499284692418,1.0,0.3277499284692418,1.5034571602940558,0.45,27.77777777777778,0.0,20.0,False
baseline,,0.029064004743010123,0.7,0.12231101147877121,0.6714784217650849,-0.6384974852810505,0.9643366619115549,1.0,0.3271366619115549,1.5422846272587776,0.45,28.0,0.0,20.0,False
baseline,,0.04147699404454563,0.0010000000000000002,0.12427338469657324,0.7609524097649335,-2.0832315608856535,0.8764415156507414,0.985172981878089,0.22441449752883036,0.6177103325724602,0.65,24.153846153846153,0.0,20.0,False
baseline,,0.04147699404454563,0.001411698658795815,0.12427338261911698,0.7583364527269072,-2.0816696308401355,0.8817733990147784,0.9860426929392446,0.230616091954023,0.613884324207902,0.65,24.307692307692307,0.0,20.0,False
baseline,,0.04147699404454563,0.0019928931032459026,0.12427338268199617,0.758381165440903,-2.0788652751526997,0.8866995073891626,0.9876847290640394,0.23718423645320197,0.6261021390557289,0.65,24.307692307692307,0.0,20.0,False
baseline,,0.04147699404454563,0.00281336452097567,0.12386666383958643,0.7562181768714566,-2.0759991177468557,0.8936170212765957,0.9901800327332242,0.2465970540098199,0.6233922459185124,0.65,24.46153846153846,0.0,20.0,False
baseline,,0.04147699404454563,0.00397162292096508,0.12386666607362849,0.7563062089644804,-2.064183117598351,0.9058919803600655,0.9901800327332242,0.25887201309328967,0.6482087023556232,0.65,24.46153846153846,0.0,20.0,False
baseline,,0.04147699404454563,0.00560673475076912,0.12386666494151621,0.7543778685261446,-2.0456486054675547,0.9158496732026143,0.9901960784313726,0.26884575163398694,0.6712523378431797,0.65,24.53846153846154,0.0,20.0,False
baseline,,0.04147699404454563,0.007915019927884653,0.12384976967517984,0.7491019060373355,-2.018883119658065,0.9293831168831169,0.9926948051948052,0.2848779220779222,0.6771719999611377,0.65,24.846153846153847,0.0,20.0,False
baseline,,0.04147699404454563,0.011173623016536903,0.12408672641453573,0.7438512462395188,-1.9787693880232606,0.942741935483871,0.9935483870967742,0.29909032258064516,0.6886034533381462,0.6,24.0,0.0,20.0,False
baseline,,0.04147699404454563,0.015773788626335192,0.1239746313270355,0.7410676934302466,-1.922402075741795,0.9518459069020867,0.9959871589085072,0.3106330658105939,0.738667331635952,0.6,24.25,0.0,20.0,False
baseline,,0.04147699404454563,0.02226783624792608,0.12393129918452075,0.7323152933142207,-1.8545499121100957,0.9618441971383148,0.9976152623211447,0.32225945945945955,0.7759599253535271,0.6,24.75,0.0,20.0,False
baseline,,0.04147699404454563,0.03143547456548206,0.12327803515480695,0.7289874534452416,-1.7722170177765233,0.9668769716088328,0.9976340694006309,0.32731104100946373,0.841270911693573,0.55,23.90909090909091,0.0,20.0,False
baseline,,0.04147699404454563,0.044377417282700976,0.1236052238438713,0.7148931931018221,-1.672453961849445,0.9697674418604652,0.9984496124031008,0.331017054263566,0.8897757813334465,0.55,24.90909090909091,0.0,20.0,False
baseline,,0.04147699404454563,0.06264754045881119,0.12344430237173454,0.7025111728396733,-1.5543131394678584,0.9732824427480916,0.9984732824427481,0.33455572519083976,0.9906298913061619,0.55,25.818181818181817,0.0,20.0,False
baseline,,0.04147699404454563,0.08843944884256029,0.12299105077206166,0.6988131993346556,-1.4337433611260042,0.9773755656108597,1.0,0.3401755656108597,1.117780504375696,0.5,25.3,0.0,20.0,False
baseline,,0.04147699404454563,0.12484985131568332,0.12272055132397278,0.68872047427744,-1.2955851247662997,0.9799703264094956,1.0,0.34277032640949556,1.2388184770941735,0.5,26.4,0.0,20.0,False
baseline,,0.04147699404454563,0.17625036765320706,0.12209963604804344,0.6737139846025709,-1.1345641687241221,0.9803779069767442,1.0,0.3431779069767442,1.3279173582792283,0.5,27.8,0.0,20.0,False
baseline,,0.04147699404454563,0.24881240762830165,0.12214053883514327,0.6707070959588225,-0.9858434002972084,0.981294964028777,1.0,0.34409496402877704,1.4200417801737786,0.45,27.333333333333332,0.0,20.0,False
baseline,,0.04147699404454563,0.351248142140631,0.12214907381526767,0.6719445056728545,-0.8402391449674969,0.9821173104434907,1.0,0.3449173104434907,1.4940697342157363,0.45,27.77777777777778,0.0,20.0,False
baseline,,0.04147699404454563,0.4958565311644505,0.12214907563301046,0.6701572288741765,-0.6717204292026446,0.9828815977175464,1.0,0.34568159771754636,1.578968159854412,0.45,28.0,0.0,20.0,False
baseline,,0.04147699404454563,0.7,0.1225853746038505,0.670816905501039,-0.517968332480391,0.9829545454545454,1.0,0.3457545454545454,1.5908960066735744,0.4,27.0,0.0,20.0,False
baseline,,0.05919146553212061,0.0010000000000000002,0.12367741847437401,0.7533475529399349,-1.9119496574772434,0.9170731707317074,0.9910569105691057,0.2709300813008131,0.6918089993298053,0.6,23.583333333333332,0.0,20.0,False
baseline,,0.05919146553212061,0.001411698658795815,0.12367741818473084,0.7514330148879294,-1.9087815992453052,0.922077922077922,0.9918831168831169,0.276761038961039,0.6906693853437901,0.6,23.666666666666668,0.0,20.0,False
baseline,,0.05919146553212061,0.0019928931032459026,0.12367741765669939,0.7514757454290638,-1.9021962582850054,0.924512987012987,0.9918831168831169,0.27919610389610394,0.7031178116798401,0.6,23.666666666666668,0.0,20.0,False
baseline,,0.05919146553212061,0.00281336452097567,0.12391415625828645,0.7515356294513985,-1.8932642409911307,0.9294975688816856,0.9918962722852512,0.2841938411669368,0.7099517069756984,0.6,23.75,0.0,20.0,False
baseline,,0.05919146553212061,0.00397162292096508,0.12391415487270992,0.7504408799439909,-1.8779367006641816,0.9385113268608414,0.9919093851132686,0.29322071197411004,0.7264260970056057,0.6,23.833333333333332,0.0,20.0,False
baseline,,0.05919146553212061,0.00560673475076912,0.12380301695259158,0.7464448435721589,-1.8605384580137985,0.9452495974235104,0.9927536231884058,0.3008032206119162,0.7292936414480209,0.6,24.083333333333332,0.0,20.0,False
baseline,,0.05919146553212061,0.007915019927884653,0.12380301864006686,0.7452126955019786,-1.829819071486228,0.9541800643086816,0.9935691318327974,0.310549196141479,0.7648038804531098,0.6,24.166666666666668,0.0,20.0,False
baseline,,0.05919146553212061,0.011173623016536903,0.12380301594172899,0.7379230058047389,-1.792172855218321,0.9616613418530351,0.994408945686901,0.31887028753993607,0.7769768416881562,0.6,24.5,0.0,20.0,False
baseline,,0.05919146553212061,0.015773788626335192,0.12380301933020477,0.7312238981994539,-1.7382837430846483,0.9706349206349206,0.996031746031746,0.3294666666666667,0.8126320883631706,0.6,24.833333333333332,0.0,20.0,False
baseline,,0.05919146553212061,0.02226783624792608,0.12342105116359439,0.7265959336151778,-1.675506458130623,0.9772012578616353,0.9976415094339622,0.3376427672955975,0.8514086119830608,0.6,25.333333333333332,0.0,20.0,False
baseline,,0.05919146553212061,0.03143547456548206,0.12321614733288504,0.720261344790708,-1.596941200493292,0.9813084112149533,0.9984423676012462,0.34255077881619944,0.9055671021342278,0.55,24.636363636363637,0.0,20.0,False
baseline,,0.05919146553212061,0.044377417282700976,0.12343820859733236,0.7090283515974862,-1.5041216977808214,0.9831029185867896,0.9984639016897081,0.3443668202764977,0.9720616824924946,0.55,25.454545454545453,0.0,20.0,False
baseline,,0.05919146553212061,0.06264754045881119,0.12314720612746534,0.7006803356969239,-1.3935642769198466,0.9863429438543247,0.9984825493171472,0.34762549317147196,1.0881687313318253,0.55,26.181818181818183,0.0,20.0,False
baseline,,0.05919146553212061,0.08843944884256029,0.12287146976893865,0.6935880611397847,-1.274903261018934,0.9887892376681614,1.0,0.3515892376681614,1.2036181822419167,0.5,25.9,0.0,20.0,False
baseline,,0.05919146553212061,0.12484985131568332,0.12229584211393552,0.6765918550962495,-1.131118972394275,0.9912408759124087,1.0,0.35404087591240874,1.2896027877926826,0.5,27.5,0.0,20.0,False
baseline,,0.05919146553212061,0.17625036765320706,0.12190790996176397,0.6722225104511708,-0.9907651663390733,0.9913419913419913,1.0,0.3541419913419913,1.4015730515122413,0.45,27.11111111111111,0.0,20.0,False
baseline,,0.05919146553212061,0.24881240762830165,0.12199733257075528,0.6703125873978629,-0.8530086780705533,0.9921540656205421,1.0,0.3549540656205421,1.4738427877426148,0.45,28.0,0.0,20.0,False
baseline,,0.05919146553212061,0.351248142140631,0.12199733656351318,0.670372114380651,-0.6949514164014625,0.9928774928774928,1.0,0.35567749287749284,1.5807583436369896,0.45,28.11111111111111,0.0,20.0,False
baseline,,0.05919146553212061,0.4958565311644505,0.12243369447716827,0.671407114251344,-0.5448557783499733,0.9936170212765958,1.0,0.3564170212765958,1.6295938909053802,0.4,27.125,0.0,20.0,False
baseline,,0.05919146553212061,0.7,0.1222716529886549,0.6699939540122084,-0.3743757016704963,0.9936530324400564,1.0,0.35645303244005644,1.6621961042284965,0.4,27.625,0.0,20.0,False
baseline,,0.08447163717017145,0.0010000000000000002,0.12372066298756167,0.7440976728226879,-1.699939428991035,0.948,0.992,0.30279999999999996,0.799025970697403,0.6,24.416666666666668,0.0,20.0,False
baseline,,0.08447163717017145,0.001411698658795815,0.12372066433006661,0.7441252118057592,-1.6945899149849,0.952,0.992,0.30679999999999996,0.8068742379546165,0.6,24.416666666666668,0.0,20.0,False
baseline,,0.08447163717017145,0.0019928931032459026,0.12372066266829286,0.7421697853499644,-1.6881030487708273,0.9568690095846646,0.9928115015974441,0.31248051118210873,0.8079546250402927,0.6,24.5,0.0,20.0,False
baseline,,0.08447163717017145,0.00281336452097567,0.12372066066162549,0.739105404157151,-1.678263626750837,0.9617834394904459,0.9936305732484076,0.3182140127388535,0.809440053999424,0.6,24.666666666666668,0.0,20.0,False
baseline,,0.08447163717017145,0.00397162292096508,0.12372066426423295,0.7391858738240099,-1.6631065737679864,0.9625796178343949,0.9936305732484076,0.3190101910828026,0.8287425205111504,0.6,24.666666666666668,0.0,20.0,False
baseline,,0.08447163717017145,0.00560673475076912,0.12372066496387461,0.732254927189233,-1.645226633700414,0.9651898734177216,0.9944620253164557,0.32245189873417723,0.81759642213583,0.6,25.0,0.0,20.0,False
baseline,,0.08447163717017145,0.007915019927884653,0.12372066189852317,0.7293844870930989,-1.616679213297964,0.973186119873817,0.9952681388012619,0.33125425867507885,0.8403872214257717,0.6,25.166666666666668,0.0,20.0,False
baseline,,0.08447163717017145,0.011173623016536903,0.12372066158507164,0.729615764889802,-1.5785288574108074,0.9787066246056783,0.9960567823343849,0.33756340694006315,0.8893833830952644,0.6,25.166666666666668,0.0,20.0,False
baseline,,0.08447163717017145,0.015773788626335192,0.12378222399160572,0.7210766533322084,-1.533924169106544,0.985179407176287,0.9976599063962559,0.34563931357254296,0.8856312990188598,0.55,24.545454545454547,0.0,20.0,False
baseline,,0.08447163717017145,0.02226783624792608,0.12313898934047293,0.7214950512468628,-1.4766209870145386,0.9891304347826086,0.9984472049689441,0.3503776397515528,0.9464332059025764,0.55,24.818181818181817,0.0,20.0,False
baseline,,0.08447163717017145,0.03143547456548206,0.12335985377691319,0.7135968167785105,-1.403784849669554,0.9892307692307692,0.9984615384615385,0.35049230769230777,1.0060311146080494,0.55,25.363636363636363,0.0,20.0,False
baseline,,0.08447163717017145,0.044377417282700976,0.12320130439405248,0.701452824098939,-1.3167376524313072,0.9916666666666667,0.9984848484848485,0.35295151515151524,1.0684812925755978,0.55,26.272727272727273,0.0,20.0,False
baseline,,0.08447163717017145,0.06264754045881119,0.12307330521132297,0.697656799261995,-1.2194436132881683,0.9932533733133433,0.9992503748125937,0.355303748125937,1.175715057551861,0.5,25.7,0.0,20.0,False
baseline,,0.08447163717017145,0.08843944884256029,0.12249134550451511,0.6901522478945222,-1.1076662234386763,0.9963072378138847,1.0,0.35910723781388476,1.2923115745186806,0.5,26.7,0.0,20.0,False
baseline,,0.08447163717017145,0.12484985131568332,0.12202258632473477,0.6752298154098864,-0.9698979594183168,0.9978260869565218,1.0,0.36062608695652176,1.3885178744792939,0.45,26.77777777777778,0.0,20.0,False
baseline,,0.08447163717017145,0.17625036765320706,0.1218118289585989,0.6705127430299638,-0.8362145535065734,0.9978540772532188,1.0,0.36065407725321885,1.4908955797553063,0.45,27.77777777777778,0.0,20.0,False
baseline,,0.08447163717017145,0.24881240762830165,0.12193282194386232,0.6707753637957955,-0.6975112029503666,0.9985795454545454,1.0,0.3613795454545454,1.5842642500996589,0.45,28.333333333333332,0.0,20.0,False
baseline,,0.08447163717017145,0.351248142140631,0.1221162386894987,0.6698866033164986,-0.5411467593762842,0.9992947813822285,1.0,0.3620947813822285,1.6512210249900818,0.4,27.625,0.0,20.0,False
baseline,,0.08447163717017145,0.4958565311644505,0.1222062657117533,0.6710198897360101,-0.37482240021880314,1.0,1.0,0.3628,1.7178082302212716,0.35,26.857142857142858,0.0,20.0,False
baseline,,0.08447163717017145,0.7,0.12217704662527809,0.6699974395200092,-0.21704269729017375,1.0,1.0,0.3628,1.7434086307883263,0.35,27.285714285714285,0.0,20.0,False
baseline,,0.12054875516364763,0.0010000000000000002,0.12361219802600494,0.7307399024343126,-1.454718799003775,0.9692913385826771,0.9960629921259843,0.3281543307086614,0.9536023899912834,0.6,25.25,0.0,20.0,False
baseline,,0.12054875516364763,0.001411698658795815,0.12361219975271798,0.7307686532495645,-1.4495448118683163,0.9700787401574803,0.9960629921259843,0.32894173228346457,0.9605592101812362,0.6,25.25,0.0,20.0,False
baseline,,0.12054875516364763,0.0019928931032459026,0.12361220044617496,0.7289262611737163,-1.443245642524469,0.9709119496855346,0.9960691823899371,0.3297811320754718,0.9518374010920525,0.55,24.09090909090909,0.0,20.0,False
baseline,,0.12054875516364763,0.00281336452097567,0.12361220103816832,0.7259068659765461,-1.4340515848159994,0.9733542319749217,0.9960815047021944,0.33223573667711603,0.9506306655704975,0.55,24.272727272727273,0.0,20.0,False
baseline,,0.12054875516364763,0.00397162292096508,0.12371603653286041,0.7224744249411901,-1.422578533885825,0.9765990639625585,0.9960998439937597,0.3354989079563182,0.9411816760897637,0.55,24.545454545454547,0.0,20.0,False
baseline,,0.12054875516364763,0.00560673475076912,0.1237160389299999,0.7210584180862517,-1.4038913080604498,0.9797507788161994,0.9961059190031153,0.33865669781931473,0.9581421196460724,0.55,24.636363636363637,0.0,20.0,False
baseline,,0.12054875516364763,0.007915019927884653,0.12367427304643426,0.7194247015625224,-1.3800022657174658,0.9813664596273292,0.9968944099378882,0.3410608695652174,0.9775307416915894,0.55,24.818181818181817,0.0,20.0,False
baseline,,0.12054875516364763,0.011173623016536903,0.1236742759196583,0.719646419359408,-1.346199943176,0.985248447204969,0.9984472049689441,0.3464956521739131,1.02407448887825,0.55,24.818181818181817,0.0,20.0,False
baseline,,0.12054875516364763,0.015773788626335192,0.1233399337743122,0.7149234458938546,-1.3063122210251215,0.9892141756548536,0.9984591679506933,0.35047334360554694,1.0429405070841313,0.55,25.272727272727273,0.0,20.0,False
baseline,,0.12054875516364763,0.02226783624792608,0.12325468823841709,0.7119554709702172,-1.254404573421241,0.9900459418070444,0.998468606431853,0.3513145482388974,1.0926678374409675,0.55,25.636363636363637,0.0,20.0,False
baseline,,0.12054875516364763,0.03143547456548206,0.12316410003373446,0.7023315890499865,-1.1910757392134075,0.9916918429003021,0.9984894259818731,0.3529812688821752,1.1268666416406632,0.55,26.454545454545453,0.0,20.0,False
baseline,,0.12054875516364763,0.044377417282700976,0.1230350026295038,0.6971279321253581,-1.1125241707575586,0.9932533733133433,0.9992503748125937,0.355303748125937,1.2245968550443649,0.55,26.90909090909091,0.0,20.0,False
baseline,,0.12054875516364763,0.06264754045881119,0.12230795848873259,0.6929099818839131,-1.0239960160255621,0.9940828402366864,1.0,0.35688284023668637,1.315260960161686,0.5,26.6,0.0,20.0,False
baseline,,0.12054875516364763,0.08843944884256029,0.12192556692783499,0.6774358477126597,-0.9107516919639047,0.9971014492753624,1.0,0.3599014492753624,1.3989954620599747,0.45,26.77777777777778,0.0,20.0,False
baseline,,0.12054875516364763,0.12484985131568332,0.1217169609368496,0.6728397278607631,-0.7941866974136442,0.9978540772532188,1.0,0.36065407725321885,1.5128251507878303,0.45,27.77777777777778,0.0,20.0,False
baseline,,0.12054875516364763,0.17625036765320706,0.12183873912060127,0.6714588469835844,-0.6692672363414085,0.997872340425532,1.0,0.360672340425532,1.6194100476801396,0.45,28.444444444444443,0.0,20.0,False
baseline,,0.12054875516364763,0.24881240762830165,0.12202217190780204,0.6692219176382214,-0.5096937399914006,0.9986013986013986,1.0,0.36140139860139864,1.703318302333355,0.35,26.857142857142858,0.0,20.0,False
baseline,,0.12054875516364763,0.351248142140631,0.12208392099255767,0.670340216213582,-0.3716176893471987,1.0,1.0,0.3628,1.758837951719761,0.35,27.428571428571427,0.0,20.0,False
baseline,,0.12054875516364763,0.4958565311644505,0.12244671298954882,0.6695286380711408,-0.22081488182966202,1.0,1.0,0.3628,1.8074395447969436,0.35,27.857142857142858,0.0,20.0,False
baseline,,0.12054875516364763,0.7,0.12244671025848282,0.6701913151276704,-0.06420556549499679,1.0,1.0,0.3628,1.855942104756832,0.35,27.857142857142858,0.0,20.0,False
baseline,,0.17203410349712728,0.0010000000000000002,0.12369373992655189,0.7135203091889764,-1.1893952000876518,0.9807987711213517,0.9969278033794163,0.34052657450076806,1.112022764980793,0.55,25.454545454545453,0.0,20.0,False
baseline,,0.17203410349712728,0.001411698658795815,0.12369373972866117,0.7135475958592953,-1.1849392848837568,0.9823348694316436,0.9969278033794163,0.34206267281105995,1.118100880086422,0.55,25.454545454545453,0.0,20.0,False
baseline,,0.17203410349712728,0.0019928931032459026,0.12369373860171695,0.7135859612080963,-1.1787373299060966,0.9831029185867896,0.9969278033794163,0.3428307219662059,1.1266486927866937,0.55,25.454545454545453,0.0,20.0,False
baseline,,0.17203410349712728,0.00281336452097567,0.1236937393985316,0.7119005676504608,-1.1709098706022096,0.9838957055214724,0.9976993865030674,0.3443950920245399,1.129813352227211,0.55,25.545454545454547,0.0,20.0,False
baseline,,0.17203410349712728,0.00397162292096508,0.12369373992680044,0.710326817018877,-1.1597149971608007,0.9854517611026034,0.9977029096477795,0.3459546707503829,1.1380145311355592,0.55,25.636363636363637,0.0,20.0,False
baseline,,0.17203410349712728,0.00560673475076912,0.12369374132175363,0.7086688944668934,-1.1441828518926127,0.9862385321100917,0.9984709480122325,0.3475094801223242,1.1528072848916053,0.55,25.727272727272727,0.0,20.0,False
baseline,,0.17203410349712728,0.007915019927884653,0.12336145172249931,0.7069836513191441,-1.1248588822336116,0.9878234398782344,0.9984779299847792,0.34910136986301366,1.1591620832681655,0.55,26.0,0.0,20.0,False
baseline,,0.17203410349712728,0.011173623016536903,0.12312486806590013,0.7057154367679367,-1.0982848897938473,0.9901515151515151,0.9984848484848485,0.35143636363636366,1.1795303218066693,0.55,26.272727272727273,0.0,20.0,False
baseline,,0.17203410349712728,0.015773788626335192,0.12334292885408125,0.7060016079630851,-1.0618557944188067,0.9909228441754917,0.9984871406959153,0.352209984871407,1.2285353258252143,0.55,26.363636363636363,0.0,20.0,False
baseline,,0.17203410349712728,0.02226783624792608,0.12322740903088111,0.6993569246318859,-1.018835880111137,0.9910179640718563,0.9985029940119761,0.35232095808383235,1.2502761006355285,0.55,27.0,0.0,20.0,False
baseline,,0.17203410349712728,0.03143547456548206,0.12283205722387038,0.6958083393989444,-0.9638502492397605,0.9933135215453195,0.9992570579494799,0.35537057949479944,1.3116121895611286,0.55,27.454545454545453,0.0,20.0,False
baseline,,0.17203410349712728,0.044377417282700976,0.1223352196359437,0.6865020961286051,-0.8938621263076081,0.9941434846266471,0.9992679355783309,0.3562114202049781,1.365675550699234,0.5,27.3,0.0,20.0,False
baseline,,0.17203410349712728,0.06264754045881119,0.12195495618850416,0.6773687283705917,-0.8088979322241163,0.9949494949494949,1.0,0.35774949494949493,1.4493699580430985,0.45,27.11111111111111,0.0,20.0,False
baseline,,0.17203410349712728,0.08843944884256029,0.12177814759591898,0.6726187851699388,-0.7123306390777787,0.9978601997146933,1.0,0.3606601997146933,1.5646701753139496,0.45,28.0,0.0,20.0,False
baseline,,0.17203410349712728,0.12484985131568332,0.12184645349265473,0.6694118191919024,-0.6040560612981943,0.9978813559322034,1.0,0.3606813559322034,1.675356164574623,0.45,28.77777777777778,0.0,20.0,False
baseline,,0.17203410349712728,0.17625036765320706,0.12202181004156334,0.6672915452430639,-0.46963524089751174,0.9986130374479889,1.0,0.3614130374479889,1.7465040400624274,0.35,27.714285714285715,0.0,20.0,False
baseline,,0.17203410349712728,0.24881240762830165,0.1221669547796986,0.6685541531400446,-0.3424845817782766,0.9986187845303868,1.0,0.3614187845303868,1.8251455754041672,0.35,28.142857142857142,0.0,20.0,False
baseline,,0.17203410349712728,0.351248142140631,0.12249267963794952,0.6695813382042756,-0.20600736750432408,1.0,1.0,0.3628,1.8946377515792847,0.35,28.428571428571427,0.0,20.0,False
baseline,,0.17203410349712728,0.4958565311644505,0.12249267744189246,0.6688367536327348,-0.05954630961377573,1.0,1.0,0.3628,1.9462557479739189,0.35,28.571428571428573,0.0,20.0,False
baseline,,0.17203410349712728,0.7,0.12249267833072684,0.6694903736812403,0.09303010274767937,1.0,1.0,0.3628,1.984737491607666,0.3,26.833333333333332,0.0,20.0,False
baseline,,0.24550840633636933,0.0010000000000000002,0.12291231633555984,0.7002883107550731,-0.9055125043021508,0.9902548725637181,0.9985007496251874,0.35155562218890557,1.3547617107629777,0.55,26.90909090909091,0.0,20.0,False
baseline,,0.24550840633636933,0.001411698658795815,0.12275774155621874,0.7003144160263385,-0.9027118154189996,0.9910179640718563,0.9985029940119761,0.35232095808383235,1.3522013999521731,0.55,27.0,0.0,20.0,False
baseline,,0.24550840633636933,0.0019928931032459026,0.12297488649773211,0.6986107163926049,-0.8990790853008399,0.991044776119403,0.9985074626865672,0.3523522388059702,1.3437847010791302,0.55,27.181818181818183,0.0,20.0,False
baseline,,0.24550840633636933,0.00281336452097567,0.12283206056291072,0.6986618183415277,-0.8929765891271594,0.9910581222056631,0.9985096870342772,0.3523678092399404,1.3477124892175198,0.55,27.272727272727273,0.0,20.0,False
baseline,,0.24550840633636933,0.00397162292096508,0.12283205942383482,0.6987339834630991,-0.8835490757844762,0.9910581222056631,0.9992548435171386,0.3531129657228017,1.3627459563314914,0.55,27.272727272727273,0.0,20.0,False
baseline,,0.24550840633636933,0.00560673475076912,0.12283205849509252,0.6978416159814826,-0.8710702775855375,0.9925595238095238,0.9992559523809523,0.3546154761904762,1.3758993215858937,0.55,27.363636363636363,0.0,20.0,False
baseline,,0.24550840633636933,0.007915019927884653,0.12283205815123495,0.691754078276275,-0.8553836914458401,0.992603550295858,0.9992603550295858,0.3546639053254438,1.374825468659401,0.55,27.727272727272727,0.0,20.0,False
baseline,,0.24550840633636933,0.011173623016536903,0.12283205784345559,0.6902205759841923,-0.8325477374931299,0.9926144756277696,0.9992614475627769,0.3546759231905465,1.4059856504201889,0.55,27.818181818181817,0.0,20.0,False
baseline,,0.24550840633636933,0.015773788626335192,0.122832060934106,0.6833990616438239,-0.8025788574110843,0.9926686217008798,0.999266862170088,0.35473548387096776,1.424180006980896,0.55,28.272727272727273,0.0,20.0,False
baseline,,0.24550840633636933,0.02226783624792608,0.12224496167533991,0.6823558201179442,-0.7655910495460604,0.9934402332361516,0.999271137026239,0.35551137026239066,1.4592687994241715,0.5,27.6,0.0,20.0,False
baseline,,0.24550840633636933,0.03143547456548206,0.12187036837862086,0.6794274506109489,-0.7173389076378972,0.9942112879884226,0.9992764109985528,0.35628769898697543,1.5117258578538895,0.45,26.88888888888889,0.0,20.0,False
baseline,,0.24550840633636933,0.044377417282700976,0.12176511826818845,0.6735525839408719,-0.658279250173465,0.9942857142857143,1.0,0.35708571428571434,1.5755280375480651,0.45,27.88888888888889,0.0,20.0,False
baseline,,0.24550840633636933,0.06264754045881119,0.12185223008694318,0.6687632999459582,-0.5854085170279647,0.9964639321074965,1.0,0.3592639321074965,1.6761785432696343,0.45,28.666666666666668,0.0,20.0,False
baseline,,0.24550840633636933,0.08843944884256029,0.12202181425186262,0.6637590302661416,-0.4882158354821494,0.9979281767955801,1.0,0.3607281767955801,1.7446481168270112,0.35,28.142857142857142,0.0,20.0,False
baseline,,0.24550840633636933,0.12484985131568332,0.12203300697745971,0.6650507768920524,-0.3901615539981732,0.9986244841815681,1.0,0.36142448418156814,1.8543414399027824,0.35,28.571428571428573,0.0,20.0,False
baseline,,0.24550840633636933,0.17625036765320706,0.12249267944509447,0.6647988309681512,-0.28036354010644376,0.9986301369863013,1.0,0.36143013698630133,1.9386053651571273,0.35,29.0,0.0,20.0,False
baseline,,0.24550840633636933,0.24881240762830165,0.12249268235933934,0.6646122779509667,-0.15717723964734656,0.9986320109439124,1.0,0.3614320109439124,2.0234472513198853,0.35,29.142857142857142,0.0,20.0,False
baseline,,0.24550840633636933,0.351248142140631,0.12235000457363719,0.6654926106794038,-0.02742603004684292,1.0,1.0,0.3628,2.068837657570839,0.3,27.833333333333332,0.0,20.0,False
baseline,,0.24550840633636933,0.4958565311644505,0.12235000453554316,0.6645836185030822,0.11393668699256203,1.0,1.0,0.3628,2.1095256209373474,0.3,28.0,0.0,20.0,False
baseline,,0.24550840633636933,0.7,0.12235000214103742,0.6623236277420067,0.2646962028032733,1.0,1.0,0.3628,2.1479332610964774,0.3,28.333333333333332,0.0,20.0,False
baseline,,0.35036295918402205,0.0010000000000000002,0.12205002984773183,0.6751002374439202,-0.613880372337652,0.992816091954023,0.9992816091954023,0.3548977011494253,1.5936164572834968,0.5,28.6,0.0,20.0,False
baseline,,0.35036295918402205,0.001411698658795815,0.12205003233781811,0.675125640623572,-0.6111087777323098,0.992816091954023,0.9992816091954023,0.3548977011494253,1.5986251339316369,0.5,28.6,0.0,20.0,False
baseline,,0.35036295918402205,0.0019928931032459026,0.12206233389934174,0.6751618257960631,-0.6078365373296621,0.9928263988522238,0.9992826398852224,0.35490903873744617,1.598375415802002,0.5,28.7,0.0,20.0,False
baseline,,0.35036295918402205,0.00281336452097567,0.12206233296618356,0.6752123989656027,-0.6024522284310101,0.9928263988522238,0.9992826398852224,0.35490903873744617,1.6082410849630833,0.5,28.7,0.0,20.0,False
baseline,,0.35036295918402205,0.00397162292096508,0.12206233627422682,0.6752833263476614,-0.5949961874537772,0.9928263988522238,0.9992826398852224,0.35490903873744617,1.6220421366393567,0.5,28.7,0.0,20.0,False
baseline,,0.35036295918402205,0.00560673475076912,0.1220623347890768,0.6740075965750831,-0.5852927366552583,0.9928366762177651,0.9992836676217765,0.3549203438395415,1.628146480023861,0.45,27.666666666666668,0.0,20.0,False
baseline,,0.35036295918402205,0.007915019927884653,0.12206233413129337,0.6728404748965405,-0.5715546919664201,0.9928469241773963,0.9992846924177397,0.35493161659513595,1.6475899793207645,0.45,27.77777777777778,0.0,20.0,False
baseline,,0.35036295918402205,0.011173623016536903,0.12204721920897794,0.6719071465823788,-0.5540392291571706,0.9943019943019943,1.0,0.3571019943019943,1.6631218180060388,0.45,28.11111111111111,0.0,20.0,False
baseline,,0.35036295918402205,0.015773788626335192,0.12188342500175836,0.6708045427573757,-0.5315995388359368,0.9943342776203966,1.0,0.3571342776203966,1.684698510169983,0.45,28.555555555555557,0.0,20.0,False
baseline,,0.35036295918402205,0.02226783624792608,0.12188342281780205,0.6670453122917576,-0.4989751150030514,0.9943582510578279,1.0,0.35715825105782795,1.7345756597816944,0.45,28.88888888888889,0.0,20.0,False
baseline,,0.35036295918402205,0.03143547456548206,0.1221999000838006,0.6651274956797446,-0.45919577057243394,0.9950980392156863,1.0,0.3578980392156863,1.7860594153404237,0.4,28.25,0.0,20.0,False
baseline,,0.35036295918402205,0.044377417282700976,0.12209208694802305,0.6598784638524359,-0.4081819029112194,0.9958448753462604,1.0,0.35864487534626044,1.853356047719717,0.4,29.25,0.0,20.0,False
baseline,,0.35036295918402205,0.06264754045881119,0.12210080697710383,0.6566354326149133,-0.33721803174176873,0.9965940054495913,1.0,0.3593940054495913,1.9359769538044929,0.35,29.571428571428573,0.0,20.0,False
baseline,,0.35036295918402205,0.08843944884256029,0.12249268231651649,0.6549997180426823,-0.2626520425863151,0.9986468200270636,1.0,0.36144682002706363,2.0161689311265945,0.35,30.285714285714285,0.0,20.0,False
baseline,,0.35036295918402205,0.12484985131568332,0.12235000192582703,0.6548768721958821,-0.17420564955167922,0.9986522911051213,1.0,0.36145229110512134,2.100827878713608,0.35,30.714285714285715,0.0,20.0,False
baseline,,0.35036295918402205,0.17625036765320706,0.12249801517047645,0.6534838276707677,-0.07169726443661922,0.9986577181208054,1.0,0.3614577181208054,2.1638813823461533,0.3,29.833333333333332,0.0,20.0,False
baseline,,0.35036295918402205,0.24881240762830165,0.12249801434891168,0.653005285141661,0.04401530929803397,0.9993297587131368,1.0,0.3621297587131368,2.2310261487960816,0.3,30.0,0.0,20.0,False
baseline,,0.35036295918402205,0.351248142140631,0.12249801708314327,0.6524158016453198,0.17112319341428997,1.0,1.0,0.3628,2.2846284836530684,0.3,30.166666666666668,0.0,20.0,False
baseline,,0.35036295918402205,0.4958565311644505,0.12259428973597179,0.6516630916310715,0.30127908977379225,1.0,1.0,0.3628,2.294785937666893,0.3,30.833333333333332,0.0,20.0,False
baseline,,0.35036295918402205,0.7,0.12259428749661544,0.6521423238863124,0.44501480831432805,1.0,1.0,0.3628,2.3300039798021315,0.3,30.833333333333332,0.0,20.0,False
baseline,,0.5,0.0010000000000000002,0.12205511168394814,0.6625326205472933,-0.3102658664728477,0.9958677685950413,1.0,0.35866776859504135,1.9662353787571192,0.4,29.75,0.0,20.0,False
baseline,,0.5,0.001411698658795815,0.12205511299982964,0.6625595878646913,-0.30816873125775796,0.9958677685950413,1.0,0.35866776859504135,1.9707493843510746,0.4,29.75,0.0,20.0,False
baseline,,0.5,0.0019928931032459026,0.12205511100282646,0.6625981118731256,-0.3052311766847579,0.9958677685950413,1.0,0.35866776859504135,1.9771026933565736,0.4,29.75,0.0,20.0,False
baseline,,0.5,0.00281336452097567,0.12205511153409057,0.6612202864602503,-0.301647099552189,0.9958734525447043,1.0,0.3586734525447043,1.9793686872348188,0.4,29.875,0.0,20.0,False
baseline,,0.5,0.00397162292096508,0.12205511241223477,0.6612970534748294,-0.2959483311298804,0.9958734525447043,1.0,0.3586734525447043,1.9918904446065426,0.4,29.875,0.0,20.0,False
baseline,,0.5,0.00560673475076912,0.1220551151449145,0.6598903265983588,-0.28858932181093844,0.9958791208791209,1.0,0.3586791208791209,2.0028094153851272,0.4,30.0,0.0,20.0,False
baseline,,0.5,0.007915019927884653,0.12198536482528821,0.660042953770088,-0.2783344578607666,0.9958847736625515,1.0,0.35868477366255147,2.021083838865161,0.4,30.125,0.0,20.0,False
baseline,,0.5,0.011173623016536903,0.12198536526983103,0.6560186104885087,-0.26437351447691165,0.9965846994535519,1.0,0.3593846994535519,2.037689134478569,0.4,30.5,0.0,20.0,False
baseline,,0.5,0.015773788626335192,0.12209089276931367,0.6563439949219324,-0.24618071019836077,0.9965986394557823,1.0,0.3593986394557823,2.0667240735143424,0.4,30.875,0.0,20.0,False
baseline,,0.5,0.02226783624792608,0.12188420384943316,0.6541268106447737,-0.2185834307715681,0.9966487935656837,1.0,0.3594487935656837,2.0981750309467317,0.35,31.285714285714285,0.0,20.0,False
baseline,,0.5,0.03143547456548206,0.12248481917357301,0.652383387983718,-0.18638423596181114,0.9966711051930759,1.0,0.3594711051930759,2.1401697501540182,0.35,32.0,0.0,20.0,False
baseline,,0.5,0.044377417282700976,0.12248482035770841,0.6509624615833365,-0.14219779896091095,0.99734395750332,1.0,0.36014395750332007,2.217505631968379,0.35,32.285714285714285,0.0,20.0,False
baseline,,0.5,0.06264754045881119,0.12238431036531253,0.6505557617269693,-0.0885830621445121,0.9986772486772487,1.0,0.36147724867724873,2.285430996119976,0.3,31.666666666666668,0.0,20.0,False
baseline,,0.5,0.08843944884256029,0.12233814434446473,0.6514186285392282,-0.022374866197172563,0.9986789960369881,1.0,0.3614789960369881,2.3644313089549542,0.3,31.833333333333332,0.0,20.0,False
baseline,,0.5,0.12484985131568332,0.1225132085629992,0.649763001356361,0.05472914218135149,0.9986859395532195,1.0,0.3614859395532195,2.4135933592915535,0.3,32.5,0.0,20.0,False
baseline,,0.5,0.17625036765320706,0.12251320823196084,0.6480606355547751,0.1453784738430706,0.9986893840104849,1.0,0.3614893840104849,2.4575696773827076,0.3,32.833333333333336,0.0,20.0,False
baseline,,0.5,0.24881240762830165,0.12251320940773366,0.6462334302248373,0.2501996126083008,0.9993464052287582,1.0,0.3621464052287582,2.496346190571785,0.3,33.166666666666664,0.0,20.0,False
baseline,,0.5,0.351248142140631,0.12251320989156436,0.6453635932038764,0.36674620721450973,1.0,1.0,0.3628,2.5184514582157136,0.3,33.333333333333336,0.0,20.0,False
baseline,,0.5,0.4958565311644505,0.12257032235922598,0.6458258319992697,0.49259690939494777,1.0,1.0,0.3628,2.54793219640851,0.3,33.5,0.0,20.0,False
baseline,,0.5,0.7,0.12257032225925091,0.6458386825249305,0.6292801957164241,1.0,1.0,0.3628,2.5488648042082787,0.3,33.5,0.0,20.0,False
env_obs_noise,0.02,0.010000000000000004,0.0010000000000000002,0.02491642311309087,0.7567540368383662,-2.68366424801416,0.8239795918367347,0.9413265306122449,0.15445306122448987,0.43259827271103857,0.8,25.75,0.0,20.0,False
env_obs_noise,0.02,0.010000000000000004,0.001411698658795815,0.024916421588369816,0.7568235194403529,-2.7617357069077935,0.8350340136054422,0.9506802721088435,0.15615374149659866,0.4453306845854968,0.8,25.75,0.0,20.0,False
env_obs_noise,0.02,0.010000000000000004,0.0019928931032459026,0.02491642140322126,0.7569167101029164,-2.8325105214568933,0.8494897959183674,0.9549319727891157,0.16722176870748306,0.4544335909187794,0.75,24.866666666666667,0.0,20.0,False
env_obs_noise,0.02,0.010000000000000004,0.00281336452097567,0.024916421048778392,0.755334415910586,-2.8882401994748492,0.8616298811544991,0.967741935483871,0.19217181663837013,0.4596816886216402,0.7,23.928571428571427,0.0,20.0,False
env_obs_noise,0.02,0.010000000000000004,0.00397162292096508,0.024884826673299523,0.7517231315664165,-2.9283041020290934,0.8842905405405406,0.9771959459459459,0.22428648648648652,0.46074626222252846,0.7,24.142857142857142,0.0,20.0,False
env_obs_noise,0.02,0.010000000000000004,0.00560673475076912,0.024864738890309362,0.7505885777411431,-2.9415084767149553,0.9099326599326599,0.9814814814814815,0.25421414141414145,0.48357284665107725,0.7,24.285714285714285,0.0,20.0,False
env_obs_noise,0.02,0.010000000000000004,0.007915019927884653,0.024777157517295464,0.7485959820411601,-2.938033757141559,0.9331103678929766,0.9849498327759197,0.2808602006688964,0.49657260477542875,0.7,24.571428571428573,0.0,20.0,False
env_obs_noise,0.02,0.010000000000000004,0.011173623016536903,0.02477715708785354,0.7394236128939853,-2.895024422941643,0.9502487562189055,0.9900497512437811,0.30309850746268663,0.5080040588974952,0.65,23.846153846153847,0.0,20.0,False
env_obs_noise,0.02,0.010000000000000004,0.015773788626335192,0.024735031715297336,0.7344290383032773,-2.831479388735143,0.9686985172981878,0.9917627677100495,0.32326128500823725,0.5540649734437466,0.65,24.153846153846153,0.0,20.0,False
env_obs_noise,0.02,0.010000000000000004,0.02226783624792608,0.024814437377946644,0.7294349494104313,-2.746585037398561,0.9738562091503268,0.9959150326797386,0.33257124183006537,0.6067865699529648,0.65,24.53846153846154,0.0,20.0,False
env_obs_noise,0.02,0.010000000000000004,0.03143547456548206,0.024736207537588772,0.7197806657541541,-2.641131337453055,0.9790660225442834,0.9975845410628019,0.33945056360708536,0.6561991423368454,0.65,25.23076923076923,0.0,20.0,False
env_obs_noise,0.02,0.010000000000000004,0.044377417282700976,0.024714117281456897,0.71121979790549,-2.5341641082212574,0.9857369255150554,0.9976228209191759,0.3461597464342313,0.7125241965055465,0.65,26.0,0.0,20.0,False
env_obs_noise,0.02,0.010000000000000004,0.06264754045881119,0.024714117734362308,0.6988087871686878,-2.391307145602059,0.9913928012519562,0.9976525821596244,0.35184538341158056,0.8057770118117332,0.55,24.363636363636363,0.0,20.0,False
env_obs_noise,0.02,0.010000000000000004,0.08843944884256029,0.024665871162216385,0.6856717942933469,-2.241946433881456,0.9930875576036866,0.9984639016897081,0.35435145929339473,0.917640034854412,0.55,25.454545454545453,0.0,20.0,False
env_obs_noise,0.02,0.010000000000000004,0.12484985131568332,0.024594000015218265,0.6780592988638264,-2.0897501969937546,0.9977272727272727,1.0,0.3605272727272727,1.0400466293096542,0.5,25.0,0.0,20.0,False
env_obs_noise,0.02,0.010000000000000004,0.17625036765320706,0.024565013034824678,0.6692441381792212,-1.926611789713097,0.9977611940298508,1.0,0.36056119402985076,1.1608834505081176,0.5,26.0,0.0,20.0,False
env_obs_noise,0.02,0.010000000000000004,0.24881240762830165,0.02444077669326969,0.6615377168094416,-1.7537588704248044,0.9977941176470588,1.0,0.36059411764705884,1.254449425637722,0.5,27.0,0.0,20.0,False
env_obs_noise,0.02,0.010000000000000004,0.351248142140631,0.024417247474944195,0.6585512264104754,-1.5971373380367326,0.9985443959243085,1.0,0.36134439592430856,1.3329763203859328,0.5,27.7,0.0,20.0,False
env_obs_noise,0.02,0.010000000000000004,0.4958565311644505,0.024423982068694793,0.6590171501008847,-1.4355432665616055,1.0,1.0,0.3628,1.3976489692926406,0.45,26.77777777777778,0.0,20.0,False
env_obs_noise,0.02,0.010000000000000004,0.7,0.024430510804628963,0.6538434894788712,-1.2582633530225409,1.0,1.0,0.3628,1.411903178691864,0.45,27.444444444444443,0.0,20.0,False
env_obs_noise,0.02,0.014270914972418185,0.0010000000000000002,0.024884827250797402,0.7555495059681383,-2.6391530588971777,0.8440677966101695,0.9559322033898305,0.16280000000000006,0.4686755232512951,0.75,25.0,0.0,20.0,False
env_obs_noise,0.02,0.014270914972418185,0.001411698658795815,0.024884826897176936,0.7538725480160413,-2.6813535273722935,0.8527918781725888,0.961082910321489,0.1766747884940778,0.4618660964071751,0.7,24.071428571428573,0.0,20.0,False
env_obs_noise,0.02,0.014270914972418185,0.0019928931032459026,0.024864739492179502,0.7539550343657814,-2.72265620534843,0.8648648648648649,0.9679054054054054,0.1955702702702703,0.469672629609704,0.7,24.142857142857142,0.0,20.0,False
env_obs_noise,0.02,0.014270914972418185,0.00281336452097567,0.02486473908256647,0.7523793934318452,-2.7521237233629123,0.8802698145025295,0.9780775716694773,0.2211473861720068,0.4841914728283882,0.7,24.214285714285715,0.0,20.0,False
env_obs_noise,0.02,0.014270914972418185,0.00397162292096508,0.024886696356930645,0.7525249166111615,-2.7713997572004723,0.8998316498316499,0.9797979797979798,0.24242962962962966,0.5071517013013362,0.7,24.285714285714285,0.0,20.0,False
env_obs_noise,0.02,0.014270914972418185,0.00560673475076912,0.024859639033928498,0.7513830610266903,-2.771569692826629,0.9194630872483222,0.9840604026845637,0.2663234899328859,0.5276009805500508,0.7,24.428571428571427,0.0,20.0,False
env_obs_noise,0.02,0.014270914972418185,0.007915019927884653,0.024777158437104787,0.7455420656382972,-2.753930451244464,0.9391666666666667,0.9891666666666666,0.29113333333333336,0.5328040152788163,0.65,23.615384615384617,0.0,20.0,False
env_obs_noise,0.02,0.014270914972418185,0.011173623016536903,0.024777158299668853,0.7380378925383466,-2.711700327150374,0.9536423841059603,0.9908940397350994,0.30733642384105964,0.556448970735073,0.65,23.923076923076923,0.0,20.0,False
env_obs_noise,0.02,0.014270914972418185,0.015773788626335192,0.024766550034911274,0.7333069897142019,-2.6497357450600765,0.9688013136288999,0.9917898193760263,0.32339113300492617,0.5905956350266933,0.65,24.307692307692307,0.0,20.0,False
env_obs_noise,0.02,0.014270914972418185,0.02226783624792608,0.02481443869787491,0.7244520397494892,-2.5634895239045052,0.9739837398373984,0.9967479674796748,0.33353170731707316,0.6348631128668785,0.65,24.76923076923077,0.0,20.0,False
env_obs_noise,0.02,0.014270914972418185,0.03143547456548206,0.0247329782324685,0.7165955956975437,-2.465401820387243,0.9791666666666666,0.9975961538461539,0.3395628205128205,0.6797938391566276,0.65,25.46153846153846,0.0,20.0,False
env_obs_noise,0.02,0.014270914972418185,0.044377417282700976,0.024714118054749226,0.7119471074952723,-2.3581107723060852,0.9873217115689382,0.9976228209191759,0.3477445324881141,0.7677730679512024,0.65,26.0,0.0,20.0,False
env_obs_noise,0.02,0.014270914972418185,0.06264754045881119,0.02471411842686089,0.6930495709672976,-2.2127493234194255,0.9914463452566097,0.9976671850699844,0.3519135303265941,0.8293316110968589,0.55,24.727272727272727,0.0,20.0,False
env_obs_noise,0.02,0.014270914972418185,0.08843944884256029,0.024641701860572626,0.683448015247084,-2.0745804867514273,0.9931192660550459,0.9984709480122325,0.35439021406727833,0.9428567573428154,0.55,25.727272727272727,0.0,20.0,False
env_obs_noise,0.02,0.014270914972418185,0.12484985131568332,0.024607547365296203,0.6743418668852961,-1.9176034057898803,0.9977409638554217,1.0,0.36054096385542167,1.0704090937972068,0.5,25.4,0.0,20.0,False
env_obs_noise,0.02,0.014270914972418185,0.17625036765320706,0.02456501368124456,0.6699397604747009,-1.763373334102952,0.9977611940298508,1.0,0.36056119402985076,1.2114915996789932,0.5,26.0,0.0,20.0,False
env_obs_noise,0.02,0.014270914972418185,0.24881240762830165,0.024440777441643458,0.6608934907907281,-1.5885674842617397,0.9977973568281938,1.0,0.3605973568281938,1.2993881225585937,0.5,27.1,0.0,20.0,False
env_obs_noise,0.02,0.014270914972418185,0.351248142140631,0.024417250051699254,0.6583912642423381,-1.4314753609168733,0.998546511627907,1.0,0.361346511627907,1.3665314480662345,0.45,26.555555555555557,0.0,20.0,False
env_obs_noise,0.02,0.014270914972418185,0.4958565311644505,0.024430511914196772,0.653760116035521,-1.2650890674410762,1.0,1.0,0.3628,1.40555250197649,0.45,27.444444444444443,0.0,20.0,False
env_obs_noise,0.02,0.014270914972418185,0.7,0.024421534074732073,0.654512669724342,-1.1028852484197151,1.0,1.0,0.3628,1.4483277037739755,0.45,27.555555555555557,0.0,20.0,False
env_obs_noise,0.02,0.02036590141499896,0.0010000000000000002,0.02489274219522602,0.7548392442668564,-2.5508510057436538,0.8697478991596639,0.9680672268907563,0.2006151260504202,0.4948598872870207,0.7,24.357142857142858,0.0,20.0,False
env_obs_noise,0.02,0.02036590141499896,0.001411698658795815,0.024892741690251872,0.7532051715455665,-2.569490438154947,0.875,0.9731543624161074,0.21095436241610743,0.4973652116954327,0.7,24.428571428571427,0.0,20.0,False
env_obs_noise,0.02,0.02036590141499896,0.0019928931032459026,0.02489274230632775,0.7532786474571339,-2.5860192821978396,0.8825503355704698,0.9790268456375839,0.22437718120805372,0.5146444931626319,0.7,24.428571428571427,0.0,20.0,False
env_obs_noise,0.02,0.02036590141499896,0.00281336452097567,0.024892741403645335,0.7501440245049623,-2.596059648060432,0.8971571906354515,0.9816053511705686,0.2415625418060201,0.5196956913918257,0.7,24.571428571428573,0.0,20.0,False
env_obs_noise,0.02,0.02036590141499896,0.00397162292096508,0.024865849179543792,0.7502830027655988,-2.5998483412038023,0.9131886477462438,0.9816360601001669,0.25762470784641067,0.5381956595927477,0.7,24.642857142857142,0.0,20.0,False
env_obs_noise,0.02,0.02036590141499896,0.00560673475076912,0.024783911444655037,0.7462603403641177,-2.5928595442517146,0.9318936877076412,0.9883720930232558,0.28306578073089705,0.538371392339468,0.65,23.76923076923077,0.0,20.0,False
env_obs_noise,0.02,0.02036590141499896,0.007915019927884653,0.024815154709024373,0.7388081518858253,-2.5692351983615596,0.9456342668863262,0.9901153212520593,0.2985495881383855,0.536614115536213,0.65,24.153846153846153,0.0,20.0,False
env_obs_noise,0.02,0.02036590141499896,0.011173623016536903,0.02477333011907105,0.737090039914241,-2.5272300624507094,0.9556650246305419,0.9909688013136289,0.3094338259441708,0.5798232570290566,0.65,24.307692307692307,0.0,20.0,False
env_obs_noise,0.02,0.02036590141499896,0.015773788626335192,0.024773330676828107,0.7303584498583836,-2.460713821648334,0.9714518760195758,0.9918433931484503,0.3260952691680261,0.6222629606723785,0.65,24.615384615384617,0.0,20.0,False
env_obs_noise,0.02,0.02036590141499896,0.02226783624792608,0.024820871073998253,0.7224758676372077,-2.374639188277192,0.9765751211631664,0.9975767366720517,0.3369518578352181,0.6711171105504036,0.65,25.076923076923077,0.0,20.0,False
env_obs_noise,0.02,0.02036590141499896,0.03143547456548206,0.024717931914371206,0.7175039914825625,-2.287772555909908,0.9800637958532695,0.9976076555023924,0.3404714513556619,0.7207530602812767,0.65,25.692307692307693,0.0,20.0,False
env_obs_noise,0.02,0.02036590141499896,0.044377417282700976,0.024721044111419538,0.7060722105797239,-2.1760262439478018,0.9874411302982732,0.9976452119309263,0.34788634222919945,0.7606365479528904,0.55,24.181818181818183,0.0,20.0,False
env_obs_noise,0.02,0.02036590141499896,0.06264754045881119,0.02472104259274247,0.6903899140996897,-2.042269545373912,0.9922720247295209,0.9976816074188563,0.3527536321483772,0.8562780603766441,0.55,25.09090909090909,0.0,20.0,False
env_obs_noise,0.02,0.02036590141499896,0.08843944884256029,0.02464900862912484,0.6825892941967544,-1.9065095394153304,0.9931506849315068,0.9984779299847792,0.3544286149162861,0.9718266233801842,0.5,24.7,0.0,20.0,False
env_obs_noise,0.02,0.02036590141499896,0.12484985131568332,0.02462328811928787,0.6751941627532467,-1.7584777572977779,0.9977511244377811,1.0,0.36055112443778115,1.1068040400743484,0.5,25.7,0.0,20.0,False
env_obs_noise,0.02,0.02036590141499896,0.17625036765320706,0.024518997063636964,0.665515346566194,-1.5948379709410248,0.9977843426883308,1.0,0.36058434268833084,1.2199103072285653,0.5,26.7,0.0,20.0,False
env_obs_noise,0.02,0.02036590141499896,0.24881240762830165,0.02441899502813679,0.6585685701342004,-1.434633309315372,0.9978165938864629,1.0,0.36061659388646294,1.309182958304882,0.5,27.7,0.0,20.0,False
env_obs_noise,0.02,0.02036590141499896,0.351248142140631,0.024428108559834204,0.6532976480261923,-1.2633356284942425,0.9985611510791367,1.0,0.3613611510791367,1.3754239052534103,0.45,27.333333333333332,0.0,20.0,False
env_obs_noise,0.02,0.02036590141499896,0.4958565311644505,0.024429817047598227,0.654567178016337,-1.1145441246699577,1.0,1.0,0.3628,1.4296923875808716,0.45,27.77777777777778,0.0,20.0,False
env_obs_noise,0.02,0.02036590141499896,0.7,0.02442981550182214,0.655319802261137,-0.9491427601999168,1.0,1.0,0.3628,1.4835691794753074,0.45,27.77777777777778,0.0,20.0,False
env_obs_noise,0.02,0.029064004743010123,0.0010000000000000002,0.02489692144569646,0.749205503882138,-2.4104871527522165,0.8843594009983361,0.980865224625624,0.2280246256239601,0.536330709606409,0.65,23.692307692307693,0.0,20.0,False
env_obs_noise,0.02,0.029064004743010123,0.001411698658795815,0.024896921518834565,0.7492550564872347,-2.415487468564947,0.891846921797005,0.9833610648918469,0.23800798668885192,0.5473948273807764,0.65,23.692307692307693,0.0,20.0,False
env_obs_noise,0.02,0.029064004743010123,0.0019928931032459026,0.024896921707774432,0.7451830134103108,-2.4208436207243853,0.9029850746268657,0.9850746268656716,0.25085970149253733,0.5423502661287785,0.65,23.846153846153847,0.0,20.0,False
env_obs_noise,0.02,0.029064004743010123,0.00281336452097567,0.024896922075095782,0.7452703067504821,-2.41928320657113,0.917910447761194,0.9859038142620232,0.26661426202321725,0.5627979010343551,0.65,23.846153846153847,0.0,20.0,False
env_obs_noise,0.02,0.029064004743010123,0.00397162292096508,0.024896920525705378,0.7453895478457498,-2.4108147325765423,0.9311774461028193,0.9875621890547264,0.28153963515754565,0.5900592386722565,0.65,23.846153846153847,0.0,20.0,False
env_obs_noise,0.02,0.029064004743010123,0.00560673475076912,0.024815156381837525,0.7397563367252867,-2.3958883891684732,0.9415156507413509,0.9901153212520593,0.2944309719934102,0.5875379163771868,0.65,24.153846153846153,0.0,20.0,False
env_obs_noise,0.02,0.029064004743010123,0.007915019927884653,0.024773330592469466,0.7362323894903972,-2.3675157708990087,0.95,0.990983606557377,0.303783606557377,0.6053767204284668,0.65,24.384615384615383,0.0,20.0,False
env_obs_noise,0.02,0.029064004743010123,0.011173623016536903,0.02477332997115053,0.7352784422610832,-2.319859442616479,0.9607201309328969,0.9918166939443536,0.31533682487725045,0.6589987017214298,0.65,24.46153846153846,0.0,20.0,False
env_obs_noise,0.02,0.029064004743010123,0.015773788626335192,0.024817342393630107,0.7264303101575998,-2.2606565509823238,0.9724919093851133,0.9943365695792881,0.3296284789644014,0.6691001877188683,0.65,25.0,0.0,20.0,False
env_obs_noise,0.02,0.029064004743010123,0.02226783624792608,0.024817343184029873,0.7214521643966774,-2.1800345562729473,0.9774557165861514,0.9975845410628019,0.3378402576489533,0.738794282078743,0.65,25.23076923076923,0.0,20.0,False
env_obs_noise,0.02,0.029064004743010123,0.03143547456548206,0.024655604934166808,0.714046076220807,-2.0943245355448448,0.9833597464342314,0.9976228209191759,0.3437825673534073,0.7612660318613053,0.6,24.916666666666668,0.0,20.0,False
env_obs_noise,0.02,0.029064004743010123,0.044377417282700976,0.02472104372043742,0.7071918909658319,-1.9879486727242253,0.9882260596546311,0.9976452119309263,0.34867127158555733,0.8466658353805542,0.55,24.181818181818183,0.0,20.0,False
env_obs_noise,0.02,0.029064004743010123,0.06264754045881119,0.02468885898349507,0.688457664463755,-1.8607343306147344,0.9923076923076923,0.9976923076923077,0.3528,0.9179544523358345,0.55,25.363636363636363,0.0,20.0,False
env_obs_noise,0.02,0.029064004743010123,0.08843944884256029,0.02464900943730379,0.6809126596297864,-1.725370851543031,0.9931714719271624,0.9984825493171472,0.3544540212443096,1.0414659336209298,0.5,24.9,0.0,20.0,False
env_obs_noise,0.02,0.029064004743010123,0.12484985131568332,0.024623288423185064,0.6749113642661524,-1.5824397909312677,0.9977544910179641,1.0,0.3605544910179641,1.1809624835848809,0.5,25.8,0.0,20.0,False
env_obs_noise,0.02,0.029064004743010123,0.17625036765320706,0.024449172315957255,0.6609318802798817,-1.4214654638672746,0.9978038067349927,1.0,0.3606038067349927,1.2578663393855094,0.5,27.3,0.0,20.0,False
env_obs_noise,0.02,0.029064004743010123,0.24881240762830165,0.02441244694413128,0.6528358986407422,-1.2524482828141223,0.9978354978354979,1.0,0.36063549783549786,1.344209572672844,0.45,27.11111111111111,0.0,20.0,False
env_obs_noise,0.02,0.029064004743010123,0.351248142140631,0.024453405670761985,0.6542937283374463,-1.1050515849955558,0.9985652797704447,1.0,0.36136527977044475,1.424771398305893,0.45,27.555555555555557,0.0,20.0,False
env_obs_noise,0.02,0.029064004743010123,0.4958565311644505,0.024429815532195934,0.6546074241571789,-0.9448606796935091,1.0,1.0,0.3628,1.496190956234932,0.45,27.88888888888889,0.0,20.0,False
env_obs_noise,0.02,0.029064004743010123,0.7,0.024462204607412327,0.6553627107486296,-0.7839287760376165,1.0,1.0,0.3628,1.5387573167681694,0.45,28.0,0.0,20.0,False
env_obs_noise,0.02,0.04147699404454563,0.0010000000000000002,0.024896922750506693,0.7448397001728785,-2.2267397577869974,0.9147350993377483,0.9859271523178808,0.2634622516556291,0.6396831877529621,0.65,23.923076923076923,0.0,20.0,False
env_obs_noise,0.02,0.04147699404454563,0.001411698658795815,0.02489692145460989,0.7426310580070326,-2.226028806120768,0.9223140495867769,0.9867768595041322,0.27189090909090907,0.6392533361911774,0.65,24.0,0.0,20.0,False
env_obs_noise,0.02,0.04147699404454563,0.0019928931032459026,0.024854673047112284,0.7426866743349709,-2.2231122404972536,0.9282178217821783,0.9867986798679867,0.277816501650165,0.6449818074703216,0.65,24.076923076923077,0.0,20.0,False
env_obs_noise,0.02,0.04147699404454563,0.00281336452097567,0.02485467337551426,0.7414338045316704,-2.2141449121071743,0.9365733113673805,0.9884678747940692,0.2878411861614497,0.6560330621898174,0.65,24.153846153846153,0.0,20.0,False
env_obs_noise,0.02,0.04147699404454563,0.00397162292096508,0.024769950475419182,0.7393647604175595,-2.2046110991697563,0.940983606557377,0.9901639344262295,0.29394754098360654,0.6496321201324463,0.65,24.384615384615383,0.0,20.0,False
env_obs_noise,0.02,0.04147699404454563,0.00560673475076912,0.024769950570273532,0.7395256851682193,-2.182568883067105,0.9491803278688524,0.9901639344262295,0.30214426229508196,0.6828507959842682,0.65,24.384615384615383,0.0,20.0,False
env_obs_noise,0.02,0.04147699404454563,0.007915019927884653,0.024769951835770465,0.73472868317625,-2.150503395054729,0.9575856443719413,0.9918433931484503,0.31222903752039155,0.6980606660246849,0.65,24.615384615384617,0.0,20.0,False
env_obs_noise,0.02,0.04147699404454563,0.011173623016536903,0.02481734314149082,0.7252812786201185,-2.1093965772789387,0.9668820678513732,0.9927302100161551,0.32241227786752835,0.6969736978411675,0.65,25.076923076923077,0.0,20.0,False
env_obs_noise,0.02,0.04147699404454563,0.015773788626335192,0.024817343229297063,0.7227378893766385,-2.048154409627085,0.9782608695652174,0.9951690821256038,0.33622995169082126,0.7440791517496109,0.6,24.083333333333332,0.0,20.0,False
env_obs_noise,0.02,0.04147699404454563,0.02226783624792608,0.024786258329718903,0.7146869877792638,-1.9760514362081856,0.981687898089172,0.9976114649681529,0.3420993630573249,0.7800070859491826,0.6,24.666666666666668,0.0,20.0,False
env_obs_noise,0.02,0.04147699404454563,0.03143547456548206,0.024676593119847292,0.7095238760724699,-1.892711101197087,0.9850393700787402,0.9976377952755906,0.3454771653543308,0.8341742157936096,0.6,25.25,0.0,20.0,False
env_obs_noise,0.02,0.04147699404454563,0.044377417282700976,0.02472104368714746,0.6968244260096801,-1.789982894146448,0.9906832298136646,0.9976708074534162,0.35115403726708083,0.8919569492340088,0.55,24.818181818181817,0.0,20.0,False
env_obs_noise,0.02,0.04147699404454563,0.06264754045881119,0.024662432504493362,0.6855053628955895,-1.6708546478970834,0.9923547400611621,0.9984709480122325,0.35362568807339456,0.9931015387177468,0.55,25.727272727272727,0.0,20.0,False
env_obs_noise,0.02,0.04147699404454563,0.08843944884256029,0.024662378120968564,0.6788748192872541,-1.5438682051122168,0.9947129909365559,0.9992447129909365,0.3567577039274924,1.11800597012043,0.5,25.2,0.0,20.0,False
env_obs_noise,0.02,0.04147699404454563,0.12484985131568332,0.02457269410002563,0.669686593018303,-1.4027057068821538,0.9977711738484398,1.0,0.36057117384843984,1.2396346479654312,0.5,26.3,0.0,20.0,False
env_obs_noise,0.02,0.04147699404454563,0.17625036765320706,0.02444917478485783,0.6622204153842334,-1.2486756008349225,0.9978038067349927,1.0,0.3606038067349927,1.3510143369436265,0.5,27.3,0.0,20.0,False
env_obs_noise,0.02,0.04147699404454563,0.24881240762830165,0.024428108354214422,0.6540751697532173,-1.0892848969243165,0.9978417266187051,1.0,0.3606417266187051,1.416982813179493,0.45,27.333333333333332,0.0,20.0,False
env_obs_noise,0.02,0.04147699404454563,0.351248142140631,0.024429815306187184,0.654572722088842,-0.9393103100801559,0.9985714285714286,1.0,0.36137142857142857,1.4867764800786971,0.45,27.88888888888889,0.0,20.0,False
env_obs_noise,0.02,0.04147699404454563,0.4958565311644505,0.02449931572315754,0.6557963304380255,-0.7813580023577046,1.0,1.0,0.3628,1.5695528760552406,0.45,28.0,0.0,20.0,False
env_obs_noise,0.02,0.04147699404454563,0.7,0.02449864835167807,0.6565492163555319,-0.6251666570636103,1.0,1.0,0.3628,1.6013731211423874,0.45,28.22222222222222,0.0,20.0,False
env_obs_noise,0.02,0.05919146553212061,0.0010000000000000002,0.02480491748943153,0.7385344161713226,-2.011741114122739,0.9396411092985318,0.9893964110929854,0.2918375203915172,0.7059987671673298,0.6,23.416666666666668,0.0,20.0,False
env_obs_noise,0.02,0.05919146553212061,0.001411698658795815,0.024724561468877946,0.7341737191513062,-2.0105045990188994,0.9423701298701299,0.989448051948052,0.2946181818181819,0.6844009190797806,0.6,23.666666666666668,0.0,20.0,False
env_obs_noise,0.02,0.05919146553212061,0.0019928931032459026,0.02472456142728579,0.7342299404740366,-2.0029629391553834,0.9488636363636364,0.9910714285714286,0.30273506493506497,0.696818970143795,0.6,23.666666666666668,0.0,20.0,False
env_obs_noise,0.02,0.05919146553212061,0.00281336452097567,0.024771785848102724,0.734307831497618,-1.9931929140781464,0.9521880064829822,0.9910858995137763,0.30607390599675854,0.7034960880875587,0.6,23.75,0.0,20.0,False
env_obs_noise,0.02,0.05919146553212061,0.00397162292096508,0.02477178559552046,0.7344155581832263,-1.9771173687714851,0.9570502431118314,0.9910858995137763,0.31093614262560776,0.7265887841582298,0.6,23.75,0.0,20.0,False
env_obs_noise,0.02,0.05919146553212061,0.00560673475076912,0.02477178721177453,0.7270231125235087,-1.9566676720868748,0.961352657004831,0.9927536231884058,0.31690628019323674,0.7206333346664906,0.6,24.083333333333332,0.0,20.0,False
env_obs_noise,0.02,0.05919146553212061,0.007915019927884653,0.024771787163293594,0.7272355547749111,-1.9248604217729066,0.9694041867954911,0.9935587761674718,0.3257629629629629,0.761094120144844,0.6,24.083333333333332,0.0,20.0,False
env_obs_noise,0.02,0.05919146553212061,0.011173623016536903,0.02474967173170662,0.7223256700595302,-1.8843448668424636,0.9792,0.9944,0.3363999999999999,0.7811438545584679,0.6,24.416666666666668,0.0,20.0,False
env_obs_noise,0.02,0.05919146553212061,0.015773788626335192,0.02474967037075581,0.7118759141561292,-1.8291070603047268,0.9809825673534073,0.9960380348652932,0.3398206022187005,0.7977116160094738,0.6,24.916666666666668,0.0,20.0,False
env_obs_noise,0.02,0.05919146553212061,0.02226783624792608,0.024746522342711245,0.7105247128536352,-1.764410213789504,0.984251968503937,0.9976377952755906,0.34468976377952765,0.8539697714149952,0.6,25.25,0.0,20.0,False
env_obs_noise,0.02,0.05919146553212061,0.03143547456548206,0.024677164849716028,0.7045367008988002,-1.6860322295218364,0.9883177570093458,0.9976635514018691,0.3487813084112149,0.8974236384034157,0.55,24.636363636363637,0.0,20.0,False
env_obs_noise,0.02,0.05919146553212061,0.044377417282700976,0.024677164654422278,0.6935009235976536,-1.5897172427067618,0.9915254237288136,0.99768875192604,0.3520141756548536,0.98144690990448,0.55,25.272727272727273,0.0,20.0,False
env_obs_noise,0.02,0.05919146553212061,0.06264754045881119,0.024619220057344234,0.6823343912788901,-1.4778629192470962,0.992412746585736,0.9984825493171472,0.3536952959028832,1.078986147046089,0.55,26.181818181818183,0.0,20.0,False
env_obs_noise,0.02,0.05919146553212061,0.08843944884256029,0.024564413934939876,0.6760819678594375,-1.3576313332718308,0.9955156950672646,0.9992526158445441,0.35756831091180863,1.192829078435898,0.5,25.9,0.0,20.0,False
env_obs_noise,0.02,0.05919146553212061,0.12484985131568332,0.024461341892534638,0.6652822149322521,-1.2195107277389081,0.9978005865102639,1.0,0.36060058651026394,1.2945655643939973,0.5,27.2,0.0,20.0,False
env_obs_noise,0.02,0.05919146553212061,0.17625036765320706,0.024378935101012803,0.655563993696503,-1.0648130311226536,0.9978354978354979,1.0,0.36063549783549786,1.3949314415454865,0.45,27.11111111111111,0.0,20.0,False
env_obs_noise,0.02,0.05919146553212061,0.24881240762830165,0.0244006591845066,0.6555961790125469,-0.9270145764244213,0.9978540772532188,1.0,0.36065407725321885,1.4843810945749283,0.45,27.77777777777778,0.0,20.0,False
env_obs_noise,0.02,0.05919146553212061,0.351248142140631,0.024459745913664267,0.6560620528093561,-0.7768859373805405,0.9985775248933144,1.0,0.36137752489331443,1.561349068582058,0.45,28.22222222222222,0.0,20.0,False
env_obs_noise,0.02,0.05919146553212061,0.4958565311644505,0.02445932302412283,0.6558734640258073,-0.6207560517699937,1.0,1.0,0.3628,1.625490802526474,0.45,28.555555555555557,0.0,20.0,False
env_obs_noise,0.02,0.05919146553212061,0.7,0.024445356039846516,0.655096076467759,-0.4406626175586062,1.0,1.0,0.3628,1.6492474034428597,0.4,28.0,0.0,20.0,False
env_obs_noise,0.02,0.08447163717017145,0.0010000000000000002,0.02474412884021099,0.726656129764199,-1.7711439427157136,0.9591346153846154,0.9919871794871795,0.31392179487179495,0.8042366690933704,0.6,24.333333333333332,0.0,20.0,False
env_obs_noise,0.02,0.08447163717017145,0.001411698658795815,0.024744127589137268,0.7266917576632943,-1.7654023416467537,0.9599358974358975,0.9919871794871795,0.314723076923077,0.8120011389255524,0.6,24.333333333333332,0.0,20.0,False
env_obs_noise,0.02,0.08447163717017145,0.0019928931032459026,0.024744128802412477,0.7233741725571277,-1.7586757699398152,0.9624600638977636,0.9920127795527156,0.31727284345047924,0.803881099820137,0.6,24.5,0.0,20.0,False
env_obs_noise,0.02,0.08447163717017145,0.00281336452097567,0.024744128458556648,0.7216581560725575,-1.7481740952407157,0.9665071770334929,0.9936204146730463,0.3229275917065392,0.8091036453843117,0.6,24.583333333333332,0.0,20.0,False
env_obs_noise,0.02,0.08447163717017145,0.00397162292096508,0.024744128595886247,0.7217625534519034,-1.7323465875971498,0.9688995215311005,0.9936204146730463,0.3253199362041468,0.8297276824712754,0.6,24.583333333333332,0.0,20.0,False
env_obs_noise,0.02,0.08447163717017145,0.00560673475076912,0.02474412925003179,0.7168441079044048,-1.7118647971055354,0.973015873015873,0.9944444444444445,0.3302603174603175,0.8326833643019199,0.6,24.833333333333332,0.0,20.0,False
env_obs_noise,0.02,0.08447163717017145,0.007915019927884653,0.02474412923856314,0.7152760057583203,-1.6828670833015955,0.9793977812995246,0.9952456418383518,0.33744342313787645,0.8600979089736939,0.6,24.916666666666668,0.0,20.0,False
env_obs_noise,0.02,0.08447163717017145,0.011173623016536903,0.02476489394913713,0.7126892938352999,-1.6442330361911661,0.9818611987381703,0.9960567823343849,0.34071798107255524,0.8853632196784019,0.6,25.166666666666668,0.0,20.0,False
env_obs_noise,0.02,0.08447163717017145,0.015773788626335192,0.02475644115444524,0.7059373663793211,-1.5960670978742646,0.9827856025039123,0.9976525821596244,0.3432381846635367,0.9008915171027183,0.55,24.363636363636363,0.0,20.0,False
env_obs_noise,0.02,0.08447163717017145,0.02226783624792608,0.02462779434664078,0.7027407065092571,-1.5385234277157904,0.9891304347826086,0.9976708074534162,0.34960124223602485,0.9422829821705818,0.55,24.818181818181817,0.0,20.0,False
env_obs_noise,0.02,0.08447163717017145,0.03143547456548206,0.024671968241936654,0.6963505328040881,-1.46535952929815,0.9907550077041603,0.99768875192604,0.35124375963020027,1.0105947226285934,0.55,25.272727272727273,0.0,20.0,False
env_obs_noise,0.02,0.08447163717017145,0.044377417282700976,0.02467196767691946,0.6846032660429793,-1.3754731207210997,0.9916286149162862,0.9984779299847792,0.35290654490106543,1.0848683759570121,0.55,26.0,0.0,20.0,False
env_obs_noise,0.02,0.08447163717017145,0.06264754045881119,0.024614656206338584,0.6797050125391266,-1.2787509486249866,0.9924924924924925,0.9984984984984985,0.353790990990991,1.1749805003404616,0.5,25.6,0.0,20.0,False
env_obs_noise,0.02,0.08447163717017145,0.08843944884256029,0.024526435911045384,0.6719333146643323,-1.161780631170959,0.996301775147929,1.0,0.35910177514792896,1.2972442895174026,0.5,26.6,0.0,20.0,False
env_obs_noise,0.02,0.08447163717017145,0.12484985131568332,0.024404514663298585,0.6571715048925595,-1.021153195290722,0.9978292329956585,1.0,0.3606292329956585,1.3911373689770699,0.5,28.1,0.0,20.0,False
env_obs_noise,0.02,0.08447163717017145,0.17625036765320706,0.024383529878842996,0.6558423287361673,-0.893966205180716,0.9978540772532188,1.0,0.36065407725321885,1.4825508385896682,0.45,27.77777777777778,0.0,20.0,False
env_obs_noise,0.02,0.08447163717017145,0.24881240762830165,0.024455560060381836,0.6551851020539852,-0.7520017161582301,0.997872340425532,1.0,0.360672340425532,1.5711570218205453,0.45,28.444444444444443,0.0,20.0,False
env_obs_noise,0.02,0.08447163717017145,0.351248142140631,0.0244232478564968,0.6550083395347878,-0.5850733839582805,0.9985935302390999,1.0,0.3613935302390999,1.6487574487924577,0.4,27.875,0.0,20.0,False
env_obs_noise,0.02,0.08447163717017145,0.4958565311644505,0.024476888928460738,0.6571900235461235,-0.4285423709976606,1.0,1.0,0.3628,1.7065993160009385,0.35,27.0,0.0,20.0,False
env_obs_noise,0.02,0.08447163717017145,0.7,0.02447688962296379,0.6579368068907027,-0.26837647303426965,1.0,1.0,0.3628,1.7565619125962257,0.35,27.0,0.0,20.0,False
env_obs_noise,0.02,0.12054875516364763,0.0010000000000000002,0.024775751540952518,0.7108439479249006,-1.5070241483258453,0.9741379310344828,0.9945141065830722,0.33145203761755493,0.9240653946995735,0.6,25.5,0.0,20.0,False
env_obs_noise,0.02,0.12054875516364763,0.001411698658795815,0.0247757520772072,0.710880435423632,-1.5016297033952914,0.9749216300940439,0.9952978056426333,0.33301943573667714,0.9309727154672146,0.6,25.5,0.0,20.0,False
env_obs_noise,0.02,0.12054875516364763,0.0019928931032459026,0.024775751594138654,0.7091076269187964,-1.494955549677986,0.9773082942097027,0.9953051643192489,0.33541345852895155,0.931267986446619,0.6,25.583333333333332,0.0,20.0,False
env_obs_noise,0.02,0.12054875516364763,0.00281336452097567,0.024775751550092078,0.7091827770322238,-1.4845441853645782,0.9780907668231612,0.9953051643192489,0.3361959311424101,0.9354268334805965,0.55,24.363636363636363,0.0,20.0,False
env_obs_noise,0.02,0.12054875516364763,0.00397162292096508,0.024775751076048406,0.709287497210173,-1.4702540106050346,0.9820031298904538,0.9953051643192489,0.3401082942097027,0.9540501266717911,0.55,24.363636363636363,0.0,20.0,False
env_obs_noise,0.02,0.12054875516364763,0.00560673475076912,0.02477575137877126,0.7080822635677855,-1.4506235716242017,0.98515625,0.9953125,0.34326875,0.9732542991638183,0.55,24.454545454545453,0.0,20.0,False
env_obs_noise,0.02,0.12054875516364763,0.007915019927884653,0.024775751138247166,0.7046492905948115,-1.4256660889923682,0.985202492211838,0.9961059190031153,0.3441084112149533,0.9894975870847702,0.55,24.636363636363637,0.0,20.0,False
env_obs_noise,0.02,0.12054875516364763,0.011173623016536903,0.02476731853938485,0.7011913931055745,-1.394229647752657,0.9868217054263566,0.9976744186046511,0.34729612403100774,1.0126737713813783,0.55,24.90909090909091,0.0,20.0,False
env_obs_noise,0.02,0.12054875516364763,0.015773788626335192,0.02463940408179963,0.7015763815975863,-1.353630500816988,0.9884259259259259,0.9976851851851852,0.34891111111111117,1.0490652590990066,0.55,25.181818181818183,0.0,20.0,False
env_obs_noise,0.02,0.12054875516364763,0.02226783624792608,0.024683253628562093,0.6936387805613677,-1.2999963499722946,0.9900611620795107,0.9984709480122325,0.35133211009174314,1.0797604501247406,0.55,25.727272727272727,0.0,20.0,False
env_obs_noise,0.02,0.12054875516364763,0.03143547456548206,0.024683253440656097,0.6878456056730328,-1.2337275901557385,0.9916413373860182,0.9984802431610942,0.3529215805471124,1.1516397833824157,0.55,26.09090909090909,0.0,20.0,False
env_obs_noise,0.02,0.12054875516364763,0.044377417282700976,0.02463914650547128,0.678028025635126,-1.1564736924968524,0.9917664670658682,0.9985029940119761,0.3530694610778443,1.2109368368983269,0.55,27.0,0.0,20.0,False
env_obs_noise,0.02,0.12054875516364763,0.06264754045881119,0.024571444456491443,0.6730366763613259,-1.063768346503568,0.9933431952662722,0.9985207100591716,0.3546639053254439,1.3108591198921205,0.5,26.6,0.0,20.0,False
env_obs_noise,0.02,0.12054875516364763,0.08843944884256029,0.02441704918681837,0.6604585735614269,-0.9519498565834116,0.9963820549927641,1.0,0.3591820549927641,1.3953431323170662,0.5,28.1,0.0,20.0,False
env_obs_noise,0.02,0.12054875516364763,0.12484985131568332,0.024381255674780018,0.6582646386262779,-0.8349168645423775,0.9978510028653295,1.0,0.3606510028653295,1.5126556903123856,0.45,27.666666666666668,0.0,20.0,False
env_obs_noise,0.02,0.12054875516364763,0.17625036765320706,0.024477859780861793,0.6560008815917006,-0.706985522180349,0.997872340425532,1.0,0.360672340425532,1.6162478744983673,0.45,28.444444444444443,0.0,20.0,False
env_obs_noise,0.02,0.12054875516364763,0.24881240762830165,0.02447090523499976,0.6570954398255191,-0.5536767824105304,0.9979050279329609,1.0,0.3607050279329609,1.6874294698238372,0.35,27.0,0.0,20.0,False
env_obs_noise,0.02,0.12054875516364763,0.351248142140631,0.02448846281274625,0.6583487880935394,-0.41117193082316733,0.9986072423398329,1.0,0.3614072423398329,1.7622167989611626,0.35,27.285714285714285,0.0,20.0,False
env_obs_noise,0.02,0.12054875516364763,0.4958565311644505,0.02445833416440813,0.6579890970257687,-0.260507520073412,1.0,1.0,0.3628,1.8110578760504723,0.35,27.714285714285715,0.0,20.0,False
env_obs_noise,0.02,0.12054875516364763,0.7,0.024519359684670398,0.658728316730311,-0.10658686917646838,1.0,1.0,0.3628,1.84083741158247,0.3,26.0,0.0,20.0,False
env_obs_noise,0.02,0.17203410349712728,0.0010000000000000002,0.024738744575208478,0.698756028367761,-1.2225881207462068,0.9861325115562404,0.9961479198767335,0.34508043143297384,1.1268074586987495,0.55,25.272727272727273,0.0,20.0,False
env_obs_noise,0.02,0.17203410349712728,0.001411698658795815,0.024738745319943408,0.6987914939624035,-1.2180460581605916,0.9861325115562404,0.9969183359013868,0.3458508474576272,1.1328231796622277,0.55,25.272727272727273,0.0,20.0,False
env_obs_noise,0.02,0.17203410349712728,0.0019928931032459026,0.02473874676530475,0.6971288355444578,-1.2124529262444215,0.9861538461538462,0.9969230769230769,0.3458769230769231,1.132457484304905,0.55,25.363636363636363,0.0,20.0,False
env_obs_noise,0.02,0.17203410349712728,0.00281336452097567,0.024738745583665123,0.6971999034151828,-1.2037034942077036,0.9869230769230769,0.9976923076923077,0.34741538461538457,1.1443431586027146,0.55,25.363636363636363,0.0,20.0,False
env_obs_noise,0.02,0.17203410349712728,0.00397162292096508,0.02473874555966263,0.6955443024789364,-1.1924655877959613,0.9869431643625192,0.9976958525345622,0.34743901689708134,1.15200285166502,0.55,25.454545454545453,0.0,20.0,False
env_obs_noise,0.02,0.17203410349712728,0.00560673475076912,0.024738746351904404,0.6939480470650364,-1.1766988875556958,0.9877300613496932,0.9984662576687117,0.3489963190184049,1.167563471198082,0.55,25.545454545454547,0.0,20.0,False
env_obs_noise,0.02,0.17203410349712728,0.007915019927884653,0.02466243101977015,0.692334744121742,-1.157066845409775,0.9877862595419847,0.9984732824427481,0.3490595419847329,1.1754258438944816,0.55,25.818181818181817,0.0,20.0,False
env_obs_noise,0.02,0.17203410349712728,0.011173623016536903,0.02461152527676071,0.6909592798894808,-1.1293705743210627,0.9885844748858448,0.9984779299847792,0.34986240487062403,1.2007967427372932,0.55,26.0,0.0,20.0,False
env_obs_noise,0.02,0.17203410349712728,0.015773788626335192,0.024655322865369745,0.6846130884554789,-1.0944495664534115,0.9909365558912386,0.9984894259818731,0.3522259818731117,1.2170216277241708,0.55,26.454545454545453,0.0,20.0,False
env_obs_noise,0.02,0.17203410349712728,0.02226783624792608,0.024637293122950484,0.6821088298866569,-1.0500236183663805,0.990990990990991,0.9984984984984985,0.35228948948948946,1.260514509677887,0.55,26.818181818181817,0.0,20.0,False
env_obs_noise,0.02,0.17203410349712728,0.03143547456548206,0.024645480979844078,0.6755868142458142,-0.9921579401404518,0.9925595238095238,0.9985119047619048,0.3538714285714286,1.3174789398908615,0.55,27.363636363636363,0.0,20.0,False
env_obs_noise,0.02,0.17203410349712728,0.044377417282700976,0.024515703759091526,0.6716427094468436,-0.925183655284176,0.9933823529411765,0.9985294117647059,0.3547117647058824,1.3807893127202988,0.5,27.0,0.0,20.0,False
env_obs_noise,0.02,0.17203410349712728,0.06264754045881119,0.02439098990931432,0.6621764092046895,-0.8354695071305825,0.9942196531791907,0.9992774566473989,0.3562971098265896,1.4672546669840814,0.5,28.2,0.0,20.0,False
env_obs_noise,0.02,0.17203410349712728,0.08843944884256029,0.02435562704941765,0.6567172695866772,-0.7405723833222413,0.9978601997146933,1.0,0.3606601997146933,1.562529094517231,0.45,28.0,0.0,20.0,False
env_obs_noise,0.02,0.17203410349712728,0.12484985131568332,0.024488067366841802,0.6557198691680294,-0.6352621684023816,0.9978813559322034,1.0,0.3606813559322034,1.6680157035589218,0.45,28.77777777777778,0.0,20.0,False
env_obs_noise,0.02,0.17203410349712728,0.17625036765320706,0.024445621284102798,0.6555639151259495,-0.4970522859115981,0.997913769123783,1.0,0.36071376912378306,1.7588482558727265,0.35,27.428571428571427,0.0,20.0,False
env_obs_noise,0.02,0.17203410349712728,0.24881240762830165,0.02443338961521024,0.6569665855647799,-0.3715391994538065,0.9986168741355463,1.0,0.36141687413554635,1.8289281517267226,0.35,28.0,0.0,20.0,False
env_obs_noise,0.02,0.17203410349712728,0.351248142140631,0.02443338920943071,0.6567053403389015,-0.22795889110629977,0.9986187845303868,1.0,0.3614187845303868,1.9078098952770233,0.35,28.142857142857142,0.0,20.0,False
env_obs_noise,0.02,0.17203410349712728,0.4958565311644505,0.024494305648900885,0.6575864174881468,-0.08255962550730435,1.0,1.0,0.3628,1.9506737664341927,0.3,26.5,0.0,20.0,False
env_obs_noise,0.02,0.17203410349712728,0.7,0.024477274189346223,0.6567212675018551,0.06506539485243251,1.0,1.0,0.3628,1.975770364701748,0.3,27.0,0.0,20.0,False
env_obs_noise,0.02,0.24550840633636933,0.0010000000000000002,0.024633251923061192,0.6811119060150308,-0.9292881391992567,0.9887556221889056,0.9985007496251874,0.350056371814093,1.3531611949205398,0.55,26.90909090909091,0.0,20.0,False
env_obs_noise,0.02,0.24550840633636933,0.001411698658795815,0.024676697693512065,0.681145749079857,-0.9263912080166437,0.9887724550898204,0.9985029940119761,0.35007544910179644,1.3507183074951172,0.55,27.0,0.0,20.0,False
env_obs_noise,0.02,0.24550840633636933,0.0019928931032459026,0.024676696954840337,0.6811934644931098,-0.9213681993705601,0.9887724550898204,0.9985029940119761,0.35007544910179644,1.3584128618240356,0.55,27.0,0.0,20.0,False
env_obs_noise,0.02,0.24550840633636933,0.00281336452097567,0.024676697516305548,0.6812604117491322,-0.914400685095309,0.9902694610778443,0.9985029940119761,0.3515724550898204,1.3691908538341522,0.55,27.0,0.0,20.0,False
env_obs_noise,0.02,0.24550840633636933,0.00397162292096508,0.024676696035158187,0.6795715558469387,-0.9054693590159316,0.9902840059790733,0.9985052316890882,0.3515892376681615,1.3759715303778648,0.55,27.09090909090909,0.0,20.0,False
env_obs_noise,0.02,0.24550840633636933,0.00560673475076912,0.024594975696935875,0.6781001621248551,-0.8942394165954222,0.9903273809523809,0.9985119047619048,0.3516392857142857,1.3734327003359794,0.55,27.363636363636363,0.0,20.0,False
env_obs_noise,0.02,0.24550840633636933,0.007915019927884653,0.024594974514352448,0.6751984910979194,-0.8778074953031113,0.9910979228486647,0.9985163204747775,0.3524142433234422,1.385928028821945,0.55,27.545454545454547,0.0,20.0,False
env_obs_noise,0.02,0.24550840633636933,0.011173623016536903,0.024594973829931983,0.6741936470053932,-0.8546804248351432,0.9918518518518519,0.9985185185185185,0.35317037037037036,1.4179798305034637,0.55,27.636363636363637,0.0,20.0,False
env_obs_noise,0.02,0.24550840633636933,0.015773788626335192,0.024524670399967412,0.6686201475848766,-0.8264126464573105,0.9919236417033774,0.9985315712187959,0.3532552129221733,1.4262007042765616,0.55,28.181818181818183,0.0,20.0,False
env_obs_noise,0.02,0.24550840633636933,0.02226783624792608,0.024448991247379082,0.6633141722240823,-0.7879299119185007,0.992721979621543,0.9985443959243085,0.3540663755458515,1.4550103425979615,0.55,28.727272727272727,0.0,20.0,False
env_obs_noise,0.02,0.24550840633636933,0.03143547456548206,0.02443435334620882,0.6623393337729059,-0.7391480702177547,0.9942112879884226,0.9992764109985528,0.35628769898697543,1.5183856725692748,0.5,28.1,0.0,20.0,False
env_obs_noise,0.02,0.24550840633636933,0.044377417282700976,0.024353021491221167,0.6588046269093302,-0.6786785465980028,0.994277539341917,0.9992846924177397,0.35636223175965664,1.581208561360836,0.45,27.77777777777778,0.0,20.0,False
env_obs_noise,0.02,0.24550840633636933,0.06264754045881119,0.024376683761333184,0.6537585808943445,-0.6030426901974597,0.9964589235127479,1.0,0.3592589235127479,1.6861758783459664,0.45,28.555555555555557,0.0,20.0,False
env_obs_noise,0.02,0.24550840633636933,0.08843944884256029,0.0244143088226714,0.6518867724459187,-0.5071951528396713,0.9979195561719834,1.0,0.36071955617198337,1.7643143489956856,0.35,27.714285714285715,0.0,20.0,False
env_obs_noise,0.02,0.24550840633636933,0.12484985131568332,0.024415660322475642,0.651982166443553,-0.4069671328322991,0.9979310344827587,1.0,0.3607310344827587,1.8668809518218041,0.35,28.285714285714285,0.0,20.0,False
env_obs_noise,0.02,0.24550840633636933,0.17625036765320706,0.02443780983925429,0.6518213401917137,-0.2981436616017855,0.9979423868312757,1.0,0.3607423868312757,1.9471406146883965,0.35,28.857142857142858,0.0,20.0,False
env_obs_noise,0.02,0.24550840633636933,0.24881240762830165,0.02447727454054618,0.6516058996171878,-0.17775830768828713,0.9986338797814208,1.0,0.36143387978142083,2.0077103465795516,0.3,27.666666666666668,0.0,20.0,False
env_obs_noise,0.02,0.24550840633636933,0.351248142140631,0.024469998657249442,0.6497093780000632,-0.04421999484062797,0.9993197278911564,1.0,0.36211972789115643,2.0608328714966775,0.3,28.166666666666668,0.0,20.0,False
env_obs_noise,0.02,0.24550840633636933,0.4958565311644505,0.024469998881411704,0.6503867751131935,0.09775819430478402,1.0,1.0,0.3628,2.1071135133504866,0.3,28.166666666666668,0.0,20.0,False
env_obs_noise,0.02,0.24550840633636933,0.7,0.024458416303071814,0.6495154034943601,0.24455210978946182,1.0,1.0,0.3628,2.1404727384448052,0.3,28.5,0.0,20.0,False
env_obs_noise,0.02,0.35036295918402205,0.0010000000000000002,0.0244100047402101,0.6582342582783236,-0.630526658152774,0.992816091954023,0.9992816091954023,0.3548977011494253,1.5906134851276874,0.5,28.6,0.0,20.0,False
env_obs_noise,0.02,0.35036295918402205,0.001411698658795815,0.02441000488987217,0.6582667970575782,-0.6277297856718768,0.992816091954023,0.9992816091954023,0.3548977011494253,1.5956687562167644,0.5,28.6,0.0,20.0,False
env_obs_noise,0.02,0.35036295918402205,0.0019928931032459026,0.02441000549684367,0.65831245003378,-0.6238219336282217,0.992816091954023,0.9992816091954023,0.3548977011494253,1.6027677603065968,0.5,28.6,0.0,20.0,False
env_obs_noise,0.02,0.35036295918402205,0.00281336452097567,0.024410004702790138,0.6583764363445687,-0.6183824733435832,0.992816091954023,0.9992816091954023,0.3548977011494253,1.6127184487879276,0.5,28.6,0.0,20.0,False
env_obs_noise,0.02,0.35036295918402205,0.00397162292096508,0.02443360650401463,0.6570758819941557,-0.6126443256064283,0.9928469241773963,0.9992846924177397,0.35493161659513595,1.6047310933470726,0.5,28.9,0.0,20.0,False
env_obs_noise,0.02,0.35036295918402205,0.00560673475076912,0.024433606218770377,0.6571971171697731,-0.6023174708751229,0.9928469241773963,0.9992846924177397,0.35493161659513595,1.6240619540214538,0.5,28.9,0.0,20.0,False
env_obs_noise,0.02,0.35036295918402205,0.007915019927884653,0.02443360579977378,0.6563025592440763,-0.5884136928189366,0.9928571428571429,0.9992857142857143,0.3549428571428572,1.6371173098683358,0.45,27.88888888888889,0.0,20.0,False
env_obs_noise,0.02,0.35036295918402205,0.011173623016536903,0.02442609562559112,0.6556535103407196,-0.5707174345917025,0.9943100995732574,0.9992887624466572,0.35639886201991466,1.6531705796718597,0.45,28.22222222222222,0.0,20.0,False
env_obs_noise,0.02,0.35036295918402205,0.015773788626335192,0.024436813817931835,0.6559828043260003,-0.546108344800885,0.9943181818181818,0.9992897727272727,0.3564079545454545,1.6968154720962048,0.45,28.333333333333332,0.0,20.0,False
env_obs_noise,0.02,0.35036295918402205,0.02226783624792608,0.024481977592647582,0.6510538230598777,-0.5156936830432293,0.9943741209563994,0.9992967651195499,0.35647088607594934,1.7179720416665076,0.45,29.11111111111111,0.0,20.0,False
env_obs_noise,0.02,0.35036295918402205,0.03143547456548206,0.024407809752360086,0.6479961693185361,-0.4754838842048735,0.9951117318435754,1.0,0.3579117318435754,1.7695938885211944,0.4,28.5,0.0,20.0,False
env_obs_noise,0.02,0.35036295918402205,0.044377417282700976,0.024414309239122654,0.6438964819088829,-0.4200582548629141,0.9958563535911602,1.0,0.3586563535911602,1.8491512686014175,0.4,29.5,0.0,20.0,False
env_obs_noise,0.02,0.35036295918402205,0.06264754045881119,0.024420159749494883,0.6434062897620425,-0.35158604609792027,0.9965940054495913,1.0,0.3593940054495913,1.9360556930303574,0.35,29.571428571428573,0.0,20.0,False
env_obs_noise,0.02,0.35036295918402205,0.08843944884256029,0.024416666806863378,0.6432511098616979,-0.276390673804262,0.9979674796747967,1.0,0.3607674796747967,2.0237831212580204,0.35,30.142857142857142,0.0,20.0,False
env_obs_noise,0.02,0.35036295918402205,0.12484985131568332,0.024469997896561874,0.641549555874844,-0.1881655189268623,0.9979784366576819,1.0,0.36077843665768194,2.1016660556197166,0.35,30.714285714285715,0.0,20.0,False
env_obs_noise,0.02,0.35036295918402205,0.17625036765320706,0.0244996009377988,0.6412584183080152,-0.08580253889298955,0.9986559139784946,1.0,0.36145591397849464,2.168767715990543,0.3,29.666666666666668,0.0,20.0,False
env_obs_noise,0.02,0.35036295918402205,0.24881240762830165,0.02448796638173638,0.6407664906136353,0.028576754188228654,0.9986595174262735,1.0,0.36145951742627347,2.2285186052322388,0.3,30.0,0.0,20.0,False
env_obs_noise,0.02,0.35036295918402205,0.351248142140631,0.024491305582282345,0.6403434749835529,0.15079948315023664,0.9993333333333333,1.0,0.3621333333333333,2.265930524468422,0.3,30.666666666666668,0.0,20.0,False
env_obs_noise,0.02,0.35036295918402205,0.4958565311644505,0.024491304208829893,0.6394890368027567,0.2871913366612332,1.0,1.0,0.3628,2.2978941783308984,0.3,30.833333333333332,0.0,20.0,False
env_obs_noise,0.02,0.35036295918402205,0.7,0.02449130630274283,0.6400057017650553,0.43086493299003076,1.0,1.0,0.3628,2.3332752898335456,0.3,30.833333333333332,0.0,20.0,False
env_obs_noise,0.02,0.5,0.0010000000000000002,0.02442159443290818,0.6492737800586165,-0.32040816406536354,0.9951590594744122,1.0,0.3579590594744122,1.9825730092823506,0.4,29.375,0.0,20.0,False
env_obs_noise,0.02,0.5,0.001411698658795815,0.024421594472714157,0.6493049130910347,-0.3183190615371482,0.9951590594744122,1.0,0.3579590594744122,1.9870759822428226,0.4,29.375,0.0,20.0,False
env_obs_noise,0.02,0.5,0.0019928931032459026,0.02440024705655513,0.6493488378928157,-0.31591406537009903,0.9951657458563536,1.0,0.35796574585635366,1.9867285698652268,0.4,29.5,0.0,20.0,False
env_obs_noise,0.02,0.5,0.00281336452097567,0.024400246439997133,0.6494105214303285,-0.3118335201491692,0.9951657458563536,1.0,0.35796574585635366,1.9956249713897705,0.4,29.5,0.0,20.0,False
env_obs_noise,0.02,0.5,0.00397162292096508,0.024400246263163183,0.6480949507437623,-0.30666726497363234,0.9951724137931034,1.0,0.3579724137931034,2.0014107510447503,0.4,29.625,0.0,20.0,False
env_obs_noise,0.02,0.5,0.00560673475076912,0.024400245668537282,0.6468907788307835,-0.2991102700115082,0.9951790633608816,1.0,0.3579790633608816,2.012735190242529,0.4,29.75,0.0,20.0,False
env_obs_noise,0.02,0.5,0.007915019927884653,0.024400247059879355,0.6470685365294266,-0.2882753890729221,0.9951790633608816,1.0,0.3579790633608816,2.037182204425335,0.4,29.75,0.0,20.0,False
env_obs_noise,0.02,0.5,0.011173623016536903,0.024389768615726542,0.6433481090899841,-0.27516235089319346,0.9952054794520548,1.0,0.35800547945205485,2.046863304823637,0.4,30.25,0.0,20.0,False
env_obs_noise,0.02,0.5,0.015773788626335192,0.024381471076905015,0.6423753566011028,-0.2570652667471051,0.9959128065395095,1.0,0.35871280653950954,2.0684835076332093,0.4,30.75,0.0,20.0,False
env_obs_noise,0.02,0.5,0.02226783624792608,0.024390111655523836,0.6429177187972795,-0.2278683541058291,0.9959623149394348,1.0,0.3587623149394348,2.1168721385300158,0.35,30.857142857142858,0.0,20.0,False
env_obs_noise,0.02,0.5,0.03143547456548206,0.024407681323358375,0.6387721621643436,-0.19558020992333888,0.9959946595460614,1.0,0.3587946595460614,2.153654470294714,0.35,31.714285714285715,0.0,20.0,False
env_obs_noise,0.02,0.5,0.044377417282700976,0.02448093659846062,0.6383427119844305,-0.15342996327562236,0.9966799468791501,1.0,0.3594799468791501,2.209962213039398,0.3,31.166666666666668,0.0,20.0,False
env_obs_noise,0.02,0.5,0.06264754045881119,0.024465458082074787,0.6368741374630138,-0.09966422466133996,0.9980184940554822,1.0,0.36081849405548216,2.2787774577736855,0.3,31.833333333333332,0.0,20.0,False
env_obs_noise,0.02,0.5,0.08843944884256029,0.024511922319432333,0.6363921942392691,-0.034043289384766556,0.9986824769433466,1.0,0.36148247694334656,2.3505394153296946,0.3,32.166666666666664,0.0,20.0,False
env_obs_noise,0.02,0.5,0.12484985131568332,0.024511922379383346,0.6330968459788457,0.04433821622103053,0.9986876640419947,1.0,0.3614876640419947,2.406119793653488,0.3,32.666666666666664,0.0,20.0,False
env_obs_noise,0.02,0.5,0.17625036765320706,0.02451192280988389,0.6325565164990206,0.1362467167390203,0.9986893840104849,1.0,0.3614893840104849,2.457506350427866,0.3,32.833333333333336,0.0,20.0,False
env_obs_noise,0.02,0.5,0.24881240762830165,0.02450264224442592,0.6332008286176559,0.23983661554414004,0.9986910994764397,1.0,0.36149109947643976,2.4996498458087446,0.3,33.0,0.0,20.0,False
env_obs_noise,0.02,0.5,0.351248142140631,0.024502642969083603,0.6322430611627542,0.3560568472933699,1.0,1.0,0.3628,2.5210196137428285,0.3,33.166666666666664,0.0,20.0,False
env_obs_noise,0.02,0.5,0.4958565311644505,0.024502643546175065,0.6288496330456521,0.4847055751087775,1.0,1.0,0.3628,2.5425921455025673,0.3,33.666666666666664,0.0,20.0,False
env_obs_noise,0.02,0.5,0.7,0.02450264274409237,0.6288631023635849,0.622025375538109,1.0,1.0,0.3628,2.54356150329113,0.3,33.666666666666664,0.0,20.0,False
env_obs_noise,0.029447134003606944,0.010000000000000004,0.0010000000000000002,0.036685863468284716,0.7574555688909367,-2.66508460286413,0.8205782312925171,0.939625850340136,0.15275238095238108,0.4333013541996479,0.8,25.75,0.0,20.0,False
env_obs_noise,0.029447134003606944,0.010000000000000004,0.001411698658795815,0.03668586336937155,0.7575220319742958,-2.74278838063257,0.83078231292517,0.9472789115646258,0.1553034013605442,0.4459564593154937,0.8,25.75,0.0,20.0,False
env_obs_noise,0.029447134003606944,0.010000000000000004,0.0019928931032459026,0.03668586403015973,0.757611363895795,-2.8131386188182717,0.8460884353741497,0.9566326530612245,0.16552108843537416,0.4656673964112997,0.8,25.75,0.0,20.0,False
env_obs_noise,0.029447134003606944,0.010000000000000004,0.00281336452097567,0.036685864087908054,0.7542700311722089,-2.86813070433674,0.8627118644067797,0.9694915254237289,0.19500338983050858,0.46078708581626415,0.75,25.0,0.0,20.0,False
env_obs_noise,0.029447134003606944,0.010000000000000004,0.00397162292096508,0.036639343762520114,0.7523461969016025,-2.9082958918133777,0.8834459459459459,0.9788851351351351,0.22513108108108104,0.46142490953207016,0.7,24.142857142857142,0.0,20.0,False
env_obs_noise,0.029447134003606944,0.010000000000000004,0.00560673475076912,0.03664209676026034,0.7512140974061168,-2.9237159257116074,0.9092436974789916,0.9815126050420168,0.25355630252100836,0.475501399859786,0.7,24.357142857142858,0.0,20.0,False
env_obs_noise,0.029447134003606944,0.010000000000000004,0.007915019927884653,0.0364808161599173,0.749210113598604,-2.9172187497952615,0.9280936454849499,0.9857859531772575,0.27667959866220737,0.49718000218272207,0.7,24.571428571428573,0.0,20.0,False
env_obs_noise,0.029447134003606944,0.010000000000000004,0.011173623016536903,0.036480816773744575,0.7400988163276622,-2.8740100664348622,0.9461028192371476,0.9908789386401327,0.29978175787728023,0.5086099117994308,0.65,23.846153846153847,0.0,20.0,False
env_obs_noise,0.029447134003606944,0.010000000000000004,0.015773788626335192,0.0364187922344527,0.7350765506929257,-2.8103885654663108,0.9654036243822076,0.9917627677100495,0.3199663920922571,0.554473752528429,0.65,24.153846153846153,0.0,20.0,False
env_obs_noise,0.029447134003606944,0.010000000000000004,0.02226783624792608,0.03653570551233477,0.7300596877974496,-2.725276366601796,0.9738562091503268,0.9959150326797386,0.33257124183006537,0.6071732714772224,0.65,24.53846153846154,0.0,20.0,False
env_obs_noise,0.029447134003606944,0.010000000000000004,0.03143547456548206,0.03642052414627285,0.7204140288658298,-2.6198996575284688,0.9790660225442834,0.9975845410628019,0.33945056360708536,0.6564706951379776,0.65,25.23076923076923,0.0,20.0,False
env_obs_noise,0.029447134003606944,0.010000000000000004,0.044377417282700976,0.03635717661206054,0.7118440780923525,-2.509702890308043,0.9873015873015873,0.9976190476190476,0.347720634920635,0.7242810904979706,0.65,25.923076923076923,0.0,20.0,False
env_obs_noise,0.029447134003606944,0.010000000000000004,0.06264754045881119,0.0363879984008042,0.6994732803801738,-2.370100163497478,0.9913928012519562,0.9976525821596244,0.35184538341158056,0.8060937017202378,0.55,24.363636363636363,0.0,20.0,False
env_obs_noise,0.029447134003606944,0.010000000000000004,0.08843944884256029,0.036316964656918395,0.6863995378797174,-2.2209614956283117,0.9930875576036866,0.9984639016897081,0.35435145929339473,0.9179995477199554,0.55,25.454545454545453,0.0,20.0,False
env_obs_noise,0.029447134003606944,0.010000000000000004,0.12484985131568332,0.03621114412710833,0.6786965774228656,-2.0689575026935225,0.9977272727272727,1.0,0.3605272727272727,1.04026640355587,0.5,25.0,0.0,20.0,False
env_obs_noise,0.029447134003606944,0.010000000000000004,0.17625036765320706,0.03616846389784519,0.6697681781724828,-1.9059917437741216,0.9977611940298508,1.0,0.36056119402985076,1.1609968721866608,0.5,26.0,0.0,20.0,False
env_obs_noise,0.029447134003606944,0.010000000000000004,0.24881240762830165,0.03604699640245634,0.6619322609170856,-1.7292029248181175,0.9977908689248896,1.0,0.36059086892488956,1.2599359452724457,0.5,26.9,0.0,20.0,False
env_obs_noise,0.029447134003606944,0.010000000000000004,0.351248142140631,0.03595090090277048,0.6588685604932814,-1.5768193790089093,0.9985443959243085,1.0,0.36134439592430856,1.3215897366404534,0.45,26.444444444444443,0.0,20.0,False
env_obs_noise,0.029447134003606944,0.010000000000000004,0.4958565311644505,0.03596081095297037,0.6592989730240213,-1.415205261617539,1.0,1.0,0.3628,1.397591045498848,0.45,26.77777777777778,0.0,20.0,False
env_obs_noise,0.029447134003606944,0.010000000000000004,0.7,0.03597042340251761,0.6540357758740817,-1.2379872350115009,1.0,1.0,0.3628,1.4118458688259126,0.45,27.444444444444443,0.0,20.0,False
env_obs_noise,0.029447134003606944,0.014270914972418185,0.0010000000000000002,0.036685866396953044,0.7561891666647292,-2.6238784696880306,0.8412563667232598,0.9558573853989814,0.15991375212224113,0.48064031526446344,0.75,24.933333333333334,0.0,20.0,False
env_obs_noise,0.029447134003606944,0.014270914972418185,0.001411698658795815,0.0366097703493696,0.7545081927655165,-2.671222503980275,0.8505067567567568,0.9628378378378378,0.17614459459459464,0.4515155743807554,0.7,24.142857142857142,0.0,20.0,False
env_obs_noise,0.029447134003606944,0.014270914972418185,0.0019928931032459026,0.036609770420476466,0.7545871548830193,-2.7096281803081026,0.8631756756756757,0.9704391891891891,0.1964148648648648,0.47019554041326045,0.7,24.142857142857142,0.0,20.0,False
env_obs_noise,0.029447134003606944,0.014270914972418185,0.00281336452097567,0.03660976961963131,0.7529927392792547,-2.7388268813672294,0.8760539629005059,0.9780775716694773,0.21693153456998315,0.48470333516597747,0.7,24.214285714285715,0.0,20.0,False
env_obs_noise,0.029447134003606944,0.014270914972418185,0.00397162292096508,0.03664209837797389,0.7518018220159044,-2.7560705103858014,0.8966386554621849,0.9798319327731092,0.23927058823529412,0.4988681463524699,0.7,24.357142857142858,0.0,20.0,False
env_obs_noise,0.029447134003606944,0.014270914972418185,0.00560673475076912,0.03660226179985544,0.7519936761507596,-2.757552725419928,0.9177852348993288,0.9848993288590604,0.26548456375838925,0.5281249843537807,0.7,24.428571428571427,0.0,20.0,False
env_obs_noise,0.029447134003606944,0.014270914972418185,0.007915019927884653,0.03648081760510842,0.7439443613563129,-2.740470916759634,0.9359400998336106,0.9891846921797005,0.2879247920133111,0.5225109405815601,0.65,23.692307692307693,0.0,20.0,False
env_obs_noise,0.029447134003606944,0.014270914972418185,0.011173623016536903,0.03648081718439094,0.7386749360283312,-2.6972596829676374,0.9519867549668874,0.9908940397350994,0.30568079470198684,0.55695975497365,0.65,23.923076923076923,0.0,20.0,False
env_obs_noise,0.029447134003606944,0.014270914972418185,0.015773788626335192,0.036465200212667775,0.7338995257358699,-2.635155908496808,0.9696223316912972,0.9917898193760263,0.3242121510673235,0.5909554995596409,0.65,24.307692307692307,0.0,20.0,False
env_obs_noise,0.029447134003606944,0.014270914972418185,0.02226783624792608,0.03653570627676235,0.7271691235417109,-2.5475819637854755,0.9747557003257329,0.996742671009772,0.3342983713355049,0.6457285210490227,0.65,24.692307692307693,0.0,20.0,False
env_obs_noise,0.029447134003606944,0.014270914972418185,0.03143547456548206,0.03642052494453364,0.7172045435897848,-2.4478339476443995,0.9791332263242376,0.9975922953451043,0.3395255216693419,0.691317580640316,0.65,25.384615384615383,0.0,20.0,False
env_obs_noise,0.029447134003606944,0.014270914972418185,0.044377417282700976,0.03638799982623263,0.7125589123423216,-2.343247278211878,0.9873217115689382,0.9976228209191759,0.3477445324881141,0.7680438980460167,0.65,26.0,0.0,20.0,False
env_obs_noise,0.029447134003606944,0.014270914972418185,0.06264754045881119,0.036387999827433494,0.6953669377176499,-2.2007310903489765,0.9914330218068536,0.9976635514018691,0.3518965732087227,0.8351637721061707,0.55,24.636363636363637,0.0,20.0,False
env_obs_noise,0.029447134003606944,0.014270914972418185,0.08843944884256029,0.03628137960558455,0.684158190080357,-2.059924325539889,0.9931192660550459,0.9984709480122325,0.35439021406727833,0.943155238032341,0.55,25.727272727272727,0.0,20.0,False
env_obs_noise,0.029447134003606944,0.014270914972418185,0.12484985131568332,0.03623109204137593,0.6749108939200761,-1.9030718472092536,0.9977409638554217,1.0,0.36054096385542167,1.0706184804439545,0.5,25.4,0.0,20.0,False
env_obs_noise,0.029447134003606944,0.014270914972418185,0.17625036765320706,0.036168465329412314,0.670455481369637,-1.7489230963255509,0.9977611940298508,1.0,0.36056119402985076,1.2116033241152764,0.5,26.0,0.0,20.0,False
env_obs_noise,0.029447134003606944,0.014270914972418185,0.24881240762830165,0.03598554376870309,0.6612507174161056,-1.574331098436723,0.9977973568281938,1.0,0.3605973568281938,1.2995186775922776,0.5,27.1,0.0,20.0,False
env_obs_noise,0.029447134003606944,0.014270914972418185,0.351248142140631,0.03595090212145522,0.6586777945586239,-1.4172594364187787,0.998546511627907,1.0,0.361346511627907,1.3665582165122032,0.45,26.555555555555557,0.0,20.0,False
env_obs_noise,0.029447134003606944,0.014270914972418185,0.4958565311644505,0.03597042575830545,0.653952235041561,-1.2508810152723904,1.0,1.0,0.3628,1.40549543350935,0.45,27.444444444444443,0.0,20.0,False
env_obs_noise,0.029447134003606944,0.014270914972418185,0.7,0.03595720647731293,0.6546991539066024,-1.0886705308203473,1.0,1.0,0.3628,1.4482889741659164,0.45,27.555555555555557,0.0,20.0,False
env_obs_noise,0.029447134003606944,0.02036590141499896,0.0010000000000000002,0.03665099906315975,0.7554564181870242,-2.542159349260808,0.8672268907563025,0.9697478991596639,0.19977478991596642,0.4952976480126381,0.7,24.357142857142858,0.0,20.0,False
env_obs_noise,0.029447134003606944,0.02036590141499896,0.001411698658795815,0.03665099883298377,0.7538056648465947,-2.5607217365034063,0.87248322147651,0.9748322147651006,0.21011543624161066,0.497791999578476,0.7,24.428571428571427,0.0,20.0,False
env_obs_noise,0.029447134003606944,0.02036590141499896,0.0019928931032459026,0.03665099918827683,0.7538762683582844,-2.577088043264042,0.8825503355704698,0.9781879194630873,0.22353825503355707,0.515071128308773,0.7,24.428571428571427,0.0,20.0,False
env_obs_noise,0.029447134003606944,0.02036590141499896,0.00281336452097567,0.03661140562802368,0.7507708259349506,-2.589041482277086,0.8956594323873122,0.9808013355592654,0.23926076794657758,0.509086406417191,0.7,24.642857142857142,0.0,20.0,False
env_obs_noise,0.029447134003606944,0.02036590141499896,0.00397162292096508,0.036611405626079396,0.7509045006732072,-2.590467518062406,0.9123539232053423,0.9849749582637729,0.26012888146911517,0.5386809132993221,0.7,24.642857142857142,0.0,20.0,False
env_obs_noise,0.029447134003606944,0.02036590141499896,0.00560673475076912,0.036490761922800825,0.7468977836932464,-2.583261824152491,0.9285714285714286,0.9883720930232558,0.2797435215946844,0.5388780824840069,0.65,23.76923076923077,0.0,20.0,False
env_obs_noise,0.029447134003606944,0.02036590141499896,0.007915019927884653,0.0365367651023849,0.7393962413800039,-2.5595155050568628,0.943163097199341,0.9901153212520593,0.29607841845140026,0.5370492115616798,0.65,24.153846153846153,0.0,20.0,False
env_obs_noise,0.029447134003606944,0.02036590141499896,0.011173623016536903,0.03647518249400279,0.7376683257291394,-2.517316594886157,0.9573070607553367,0.9909688013136289,0.31107586206896554,0.5801739484071732,0.65,24.307692307692307,0.0,20.0,False
env_obs_noise,0.029447134003606944,0.02036590141499896,0.015773788626335192,0.03647518193394062,0.7309349096384218,-2.4506758487773848,0.9706362153344209,0.9918433931484503,0.3252796084828712,0.6225368693470955,0.65,24.615384615384617,0.0,20.0,False
env_obs_noise,0.029447134003606944,0.02036590141499896,0.02226783624792608,0.036545178243057225,0.7230877444558352,-2.364445552612754,0.9773828756058158,0.9975767366720517,0.33775961227786755,0.6712973400950432,0.65,25.076923076923077,0.0,20.0,False
env_obs_noise,0.029447134003606944,0.02036590141499896,0.03143547456548206,0.03639361734018527,0.7180978683948906,-2.277496108245192,0.9800637958532695,0.9976076555023924,0.3404714513556619,0.7210116311907768,0.65,25.692307692307693,0.0,20.0,False
env_obs_noise,0.029447134003606944,0.02036590141499896,0.044377417282700976,0.03639819654486791,0.7066104293762043,-2.165731085089613,0.9882260596546311,0.9976452119309263,0.34867127158555733,0.7608694456517696,0.55,24.181818181818183,0.0,20.0,False
env_obs_noise,0.029447134003606944,0.02036590141499896,0.06264754045881119,0.036398195127201674,0.6910921849540115,-2.031916299649096,0.9922720247295209,0.9976816074188563,0.3527536321483772,0.8565640538930893,0.55,25.09090909090909,0.0,20.0,False
env_obs_noise,0.029447134003606944,0.02036590141499896,0.08843944884256029,0.036292137347314776,0.6832770424093654,-1.8962206838461093,0.9931506849315068,0.9984779299847792,0.3544286149162861,0.9722173795104027,0.5,24.7,0.0,20.0,False
env_obs_noise,0.029447134003606944,0.02036590141499896,0.12484985131568332,0.03625426951813671,0.6757510768533024,-1.7482431390995945,0.9977511244377811,1.0,0.36055112443778115,1.1070036962628365,0.5,25.7,0.0,20.0,False
env_obs_noise,0.029447134003606944,0.02036590141499896,0.17625036765320706,0.036100710226182255,0.6659518863894746,-1.5847507757446173,0.9977843426883308,1.0,0.36058434268833084,1.2200320452451705,0.5,26.7,0.0,20.0,False
env_obs_noise,0.029447134003606944,0.02036590141499896,0.24881240762830165,0.035953472765010944,0.6588843569333726,-1.4246460048422276,0.9978165938864629,1.0,0.36061659388646294,1.309253641963005,0.5,27.7,0.0,20.0,False
env_obs_noise,0.029447134003606944,0.02036590141499896,0.351248142140631,0.03596688908434588,0.6534922169664287,-1.2533841699302868,0.9985611510791367,1.0,0.3613611510791367,1.375310255587101,0.45,27.333333333333332,0.0,20.0,False
env_obs_noise,0.029447134003606944,0.02036590141499896,0.4958565311644505,0.03596940085069122,0.6547523804319232,-1.1045471283397181,1.0,1.0,0.3628,1.4296696022152902,0.45,27.77777777777778,0.0,20.0,False
env_obs_noise,0.029447134003606944,0.02036590141499896,0.7,0.03596940079214347,0.6554996776432199,-0.9391456478396011,1.0,1.0,0.3628,1.4835552111268044,0.45,27.77777777777778,0.0,20.0,False
env_obs_noise,0.029447134003606944,0.029064004743010123,0.0010000000000000002,0.03665715308548134,0.749772512086393,-2.4045363638911965,0.8835274542429284,0.9825291181364393,0.22885657237936774,0.536808050610125,0.65,23.692307692307693,0.0,20.0,False
env_obs_noise,0.029447134003606944,0.029064004743010123,0.001411698658795815,0.03665715334470604,0.7456829603895133,-2.4120953214310314,0.8905472636815921,0.9842454394693201,0.2375927031509122,0.5276540122926235,0.65,23.846153846153847,0.0,20.0,False
env_obs_noise,0.029447134003606944,0.029064004743010123,0.0019928931032459026,0.03665715330081763,0.7457441711733386,-2.414743503150459,0.9013266998341625,0.9850746268656716,0.24920132669983408,0.5427572458982468,0.65,23.846153846153847,0.0,20.0,False
env_obs_noise,0.029447134003606944,0.029064004743010123,0.00281336452097567,0.03665715353534811,0.7458283725630039,-2.4130800171469025,0.9154228855721394,0.9859038142620232,0.2641266998341626,0.5632137797772885,0.65,23.846153846153847,0.0,20.0,False
env_obs_noise,0.029447134003606944,0.029064004743010123,0.00397162292096508,0.03665715338895825,0.7437070069232546,-2.4057441973265252,0.929635761589404,0.9884105960264901,0.28084635761589405,0.5797441214323044,0.65,23.923076923076923,0.0,20.0,False
env_obs_noise,0.029447134003606944,0.029064004743010123,0.00560673475076912,0.03647518321717405,0.740330922761562,-2.39130756303195,0.9383223684210527,0.9901315789473685,0.29125394736842114,0.5798894245177507,0.65,24.23076923076923,0.0,20.0,False
env_obs_noise,0.029447134003606944,0.029064004743010123,0.007915019927884653,0.036475182853726806,0.7367752690580751,-2.360946369822102,0.9491803278688524,0.990983606557377,0.3029639344262295,0.6055954702198505,0.65,24.384615384615383,0.0,20.0,False
env_obs_noise,0.029447134003606944,0.029064004743010123,0.011173623016536903,0.036475182692039844,0.7358238781401678,-2.3131237361130794,0.9623567921440261,0.9918166939443536,0.3169734860883797,0.6591797806322575,0.65,24.46153846153846,0.0,20.0,False
env_obs_noise,0.029447134003606944,0.029064004743010123,0.015773788626335192,0.036539983993521916,0.7270275130296248,-2.2537424753984237,0.9733009708737864,0.9943365695792881,0.3304375404530745,0.6692316398024559,0.65,25.0,0.0,20.0,False
env_obs_noise,0.029447134003606944,0.029064004743010123,0.02226783624792608,0.03653998442320685,0.7220275713907877,-2.1730212229772143,0.9782608695652174,0.9975845410628019,0.33864541062801934,0.7389623403549195,0.65,25.23076923076923,0.0,20.0,False
env_obs_noise,0.029447134003606944,0.029064004743010123,0.03143547456548206,0.03639361717002658,0.7126714617294118,-2.084073164795887,0.9849445324881141,0.9976228209191759,0.34536735340728997,0.7614020824432373,0.6,24.916666666666668,0.0,20.0,False
env_obs_noise,0.029447134003606944,0.029064004743010123,0.044377417282700976,0.036398196431986704,0.7077077381153196,-1.980809288080105,0.9897959183673469,0.9976452119309263,0.3502411302982732,0.8468534678220749,0.55,24.181818181818183,0.0,20.0,False
env_obs_noise,0.029447134003606944,0.029064004743010123,0.06264754045881119,0.03635080879256913,0.6891194985557803,-1.8535395874874114,0.9923076923076923,0.9984615384615385,0.35356923076923086,0.9181185722351074,0.55,25.363636363636363,0.0,20.0,False
env_obs_noise,0.029447134003606944,0.029064004743010123,0.08843944884256029,0.03629213765223127,0.6815348184074245,-1.718198802604127,0.9931714719271624,0.9984825493171472,0.3544540212443096,1.0417097091674805,0.5,24.9,0.0,20.0,False
env_obs_noise,0.029447134003606944,0.029064004743010123,0.12484985131568332,0.03617977389471047,0.6754452299840511,-1.578214972096477,0.9977578475336323,1.0,0.3605578475336323,1.1706908538937568,0.5,25.9,0.0,20.0,False
env_obs_noise,0.029447134003606944,0.029064004743010123,0.17625036765320706,0.035997907042558744,0.6629590675511968,-1.4170624166960182,0.9978005865102639,1.0,0.36060058651026394,1.2619284242391586,0.5,27.2,0.0,20.0,False
env_obs_noise,0.029447134003606944,0.029064004743010123,0.24881240762830165,0.0359438302528189,0.6530331886810632,-1.2455005659197884,0.9978354978354979,1.0,0.36063549783549786,1.344180952012539,0.45,27.11111111111111,0.0,20.0,False
env_obs_noise,0.029447134003606944,0.029064004743010123,0.351248142140631,0.03600413417425234,0.6544797429996121,-1.0980528334538406,0.9985652797704447,1.0,0.36136527977044475,1.4247057139873505,0.45,27.555555555555557,0.0,20.0,False
env_obs_noise,0.029447134003606944,0.029064004743010123,0.4958565311644505,0.035969401075142064,0.6547608422919191,-0.9378669736064111,1.0,1.0,0.3628,1.4961256384849548,0.45,27.88888888888889,0.0,20.0,False
env_obs_noise,0.029447134003606944,0.029064004743010123,0.7,0.03601708642453141,0.6555105416354229,-0.776909434480104,1.0,1.0,0.3628,1.5387111485004425,0.45,28.0,0.0,20.0,False
env_obs_noise,0.029447134003606944,0.04147699404454563,0.0010000000000000002,0.036657151583726455,0.7431254253219063,-2.2241110391393413,0.9132231404958677,0.9867768595041322,0.2627999999999999,0.629344991594553,0.65,24.0,0.0,20.0,False
env_obs_noise,0.029447134003606944,0.04147699404454563,0.001411698658795815,0.036594948601225454,0.7431641117554453,-2.223512085098888,0.91996699669967,0.9867986798679867,0.26956567656765673,0.6315004736185074,0.65,24.076923076923077,0.0,20.0,False
env_obs_noise,0.029447134003606944,0.04147699404454563,0.0019928931032459026,0.03659494997140306,0.7432180910949692,-2.218974492378594,0.9298679867986799,0.9867986798679867,0.27946666666666664,0.6451360955834389,0.65,24.076923076923077,0.0,20.0,False
env_obs_noise,0.029447134003606944,0.04147699404454563,0.00281336452097567,0.036594949497355256,0.7419682618427637,-2.2099404487520977,0.9332784184514004,0.9884678747940692,0.28454629324546954,0.6561178300529719,0.65,24.153846153846153,0.0,20.0,False
env_obs_noise,0.029447134003606944,0.04147699404454563,0.00397162292096508,0.0364702077092806,0.7398946010040253,-2.2003390814605512,0.9401639344262295,0.9901639344262295,0.293127868852459,0.6497655540704728,0.65,24.384615384615383,0.0,20.0,False
env_obs_noise,0.029447134003606944,0.04147699404454563,0.00560673475076912,0.03647020749132418,0.7386054206539941,-2.1777205949113614,0.9468085106382979,0.9901800327332242,0.29978854337152205,0.6744842164218425,0.65,24.46153846153846,0.0,20.0,False
env_obs_noise,0.029447134003606944,0.04147699404454563,0.007915019927884653,0.03647020705307783,0.7352663006577418,-2.14602650610296,0.9567699836867863,0.9918433931484503,0.3114133768352366,0.6983150646090508,0.65,24.615384615384617,0.0,20.0,False
env_obs_noise,0.029447134003606944,0.04147699404454563,0.011173623016536903,0.036539982914492564,0.725834116692514,-2.104801148812581,0.9709208400646203,0.9935379644588045,0.3272588045234248,0.6971195220947266,0.65,25.076923076923077,0.0,20.0,False
env_obs_noise,0.029447134003606944,0.04147699404454563,0.015773788626335192,0.03653998336262792,0.7232497151472679,-2.0435044276351575,0.9798711755233495,0.9951690821256038,0.3378402576489533,0.7442276477813721,0.6,24.083333333333332,0.0,20.0,False
env_obs_noise,0.029447134003606944,0.04147699404454563,0.02226783624792608,0.036494215021089536,0.7152253763564462,-1.9712957690429176,0.982484076433121,0.9976114649681529,0.3428955414012739,0.7801777049899101,0.6,24.666666666666668,0.0,20.0,False
env_obs_noise,0.029447134003606944,0.04147699404454563,0.03143547456548206,0.03633274981934467,0.7100411644806507,-1.8878803234247257,0.9858267716535433,0.9976377952755906,0.3462645669291339,0.8343448430299759,0.6,25.25,0.0,20.0,False
env_obs_noise,0.029447134003606944,0.04147699404454563,0.044377417282700976,0.0363981948271763,0.6973817002441881,-1.7850362207857842,0.9914596273291926,0.9976708074534162,0.35193043478260877,0.892025251686573,0.55,24.818181818181817,0.0,20.0,False
env_obs_noise,0.029447134003606944,0.04147699404454563,0.06264754045881119,0.03631189823043293,0.6844945143153308,-1.6659923143982185,0.9923664122137404,0.9984732824427481,0.3536396946564886,0.9836519114673138,0.55,25.818181818181817,0.0,20.0,False
env_obs_noise,0.029447134003606944,0.04147699404454563,0.08843944884256029,0.036311820365898924,0.6794858774490514,-1.5388605775717294,0.9947129909365559,0.9992447129909365,0.3567577039274924,1.1182580396533013,0.5,25.2,0.0,20.0,False
env_obs_noise,0.029447134003606944,0.04147699404454563,0.12484985131568332,0.03617977282347584,0.6701753425206707,-1.3977351410865866,0.9977711738484398,1.0,0.36057117384843984,1.2397178336977959,0.5,26.3,0.0,20.0,False
env_obs_noise,0.029447134003606944,0.04147699404454563,0.17625036765320706,0.03599790551825075,0.6564871913909149,-1.231385105229789,0.9978165938864629,1.0,0.36061659388646294,1.3340325832366944,0.5,27.7,0.0,20.0,False
env_obs_noise,0.029447134003606944,0.04147699404454563,0.24881240762830165,0.03596688888302975,0.6542616705021443,-1.0844054360367557,0.9978417266187051,1.0,0.3606417266187051,1.4168677911162377,0.45,27.333333333333332,0.0,20.0,False
env_obs_noise,0.029447134003606944,0.04147699404454563,0.351248142140631,0.03596940153343676,0.6547248362009724,-0.9344131766601937,0.9985714285714286,1.0,0.36137142857142857,1.4867122516036033,0.45,27.88888888888889,0.0,20.0,False
env_obs_noise,0.029447134003606944,0.04147699404454563,0.4958565311644505,0.036071730075314695,0.6559396473429647,-0.7764216401157952,1.0,1.0,0.3628,1.5695232152938843,0.45,28.0,0.0,20.0,False
env_obs_noise,0.029447134003606944,0.04147699404454563,0.7,0.03611895556540082,0.6566871326365208,-0.6165719496086857,1.0,1.0,0.3628,1.6118910968303681,0.45,28.11111111111111,0.0,20.0,False
env_obs_noise,0.029447134003606944,0.05919146553212061,0.0010000000000000002,0.03652168908443742,0.7367442754461564,-2.010250924967045,0.9389250814332247,0.989413680781759,0.2911387622149837,0.695872537046671,0.6,23.5,0.0,20.0,False
env_obs_noise,0.029447134003606944,0.05919146553212061,0.001411698658795815,0.03640337869684137,0.7346384029350933,-2.0077397834322412,0.9431818181818182,0.989448051948052,0.2954298701298702,0.6845556527376175,0.6,23.666666666666668,0.0,20.0,False
env_obs_noise,0.029447134003606944,0.05919146553212061,0.0019928931032459026,0.03640337872346108,0.7346930348477831,-2.0001763559680183,0.9472402597402597,0.9910714285714286,0.30111168831168833,0.6969836205244064,0.6,23.666666666666668,0.0,20.0,False
env_obs_noise,0.029447134003606944,0.05919146553212061,0.00281336452097567,0.03647291016283353,0.7347689435279665,-1.9903560133996432,0.953808752025932,0.9910858995137763,0.3076946515397083,0.703678485006094,0.6,23.75,0.0,20.0,False
env_obs_noise,0.029447134003606944,0.05919146553212061,0.00397162292096508,0.03647291025881221,0.7327038714428977,-1.9752163535397442,0.9563106796116505,0.9911003236245954,0.31021100323624595,0.7166176706552505,0.6,23.833333333333332,0.0,20.0,False
env_obs_noise,0.029447134003606944,0.05919146553212061,0.00560673475076912,0.03647291008566098,0.7275183624043706,-1.953731624241383,0.9629629629629629,0.9927536231884058,0.3185165861513687,0.7206962518393993,0.6,24.083333333333332,0.0,20.0,False
env_obs_noise,0.029447134003606944,0.05919146553212061,0.007915019927884653,0.03647291057468532,0.727725610981758,-1.9218595812521284,0.9710144927536232,0.9935587761674718,0.327373268921095,0.7612013131380081,0.6,24.083333333333332,0.0,20.0,False
env_obs_noise,0.029447134003606944,0.05919146553212061,0.011173623016536903,0.036440347885932874,0.7228244345467516,-1.8812694907617944,0.9784,0.9944,0.3356,0.7812644302845001,0.6,24.416666666666668,0.0,20.0,False
env_obs_noise,0.029447134003606944,0.05919146553212061,0.015773788626335192,0.03644034805378416,0.7123863590192171,-1.8259630658137318,0.9809825673534073,0.9960380348652932,0.3398206022187005,0.7977801844477653,0.6,24.916666666666668,0.0,20.0,False
env_obs_noise,0.029447134003606944,0.05919146553212061,0.02226783624792608,0.03643571157595662,0.7110304474830772,-1.7611741402117922,0.984251968503937,0.9976377952755906,0.34468976377952765,0.8540657058358192,0.6,25.25,0.0,20.0,False
env_obs_noise,0.029447134003606944,0.05919146553212061,0.03143547456548206,0.036333591355319564,0.7049757718496119,-1.6827529847309162,0.9898753894080997,0.9976635514018691,0.35033894080996886,0.8973952189087868,0.55,24.636363636363637,0.0,20.0,False
env_obs_noise,0.029447134003606944,0.05919146553212061,0.044377417282700976,0.03633359218668884,0.6940600676841451,-1.5863167484206298,0.9915254237288136,0.99768875192604,0.3520141756548536,0.9815801486372948,0.55,25.272727272727273,0.0,20.0,False
env_obs_noise,0.029447134003606944,0.05919146553212061,0.06264754045881119,0.036248279544561654,0.6829504671085657,-1.4744003444214624,0.992412746585736,0.9984825493171472,0.3536952959028832,1.07908775806427,0.55,26.181818181818183,0.0,20.0,False
env_obs_noise,0.029447134003606944,0.05919146553212061,0.08843944884256029,0.03616758510007813,0.6766131612655627,-1.3541603125644488,0.9955156950672646,0.9992526158445441,0.35756831091180863,1.1930205285549165,0.5,25.9,0.0,20.0,False
env_obs_noise,0.029447134003606944,0.05919146553212061,0.12484985131568332,0.03593827471128826,0.6656456782437536,-1.2184355034724688,0.9978038067349927,1.0,0.3606038067349927,1.2845878541469573,0.5,27.3,0.0,20.0,False
env_obs_noise,0.029447134003606944,0.05919146553212061,0.17625036765320706,0.03589449278255695,0.6557468089299533,-1.0614160761195466,0.9978354978354979,1.0,0.36063549783549786,1.3948902577161788,0.45,27.11111111111111,0.0,20.0,False
env_obs_noise,0.029447134003606944,0.05919146553212061,0.24881240762830165,0.03592647448437642,0.6557695211656214,-0.923591277382683,0.9978540772532188,1.0,0.36065407725321885,1.4843116596341133,0.45,27.77777777777778,0.0,20.0,False
env_obs_noise,0.029447134003606944,0.05919146553212061,0.351248142140631,0.036013471371806625,0.6548012428940272,-0.7698647016674179,0.9985795454545454,1.0,0.3613795454545454,1.5570015177130698,0.45,28.333333333333332,0.0,20.0,False
env_obs_noise,0.029447134003606944,0.05919146553212061,0.4958565311644505,0.03601284843869698,0.6559727119714821,-0.6172950181218959,1.0,1.0,0.3628,1.6254151463508606,0.45,28.555555555555557,0.0,20.0,False
env_obs_noise,0.029447134003606944,0.05919146553212061,0.7,0.03599228569593856,0.6550882164357151,-0.4372255237425099,1.0,1.0,0.3628,1.6489314630627632,0.4,28.0,0.0,20.0,False
env_obs_noise,0.029447134003606944,0.08447163717017145,0.0010000000000000002,0.036432187217101564,0.7271140749340371,-1.7692338744349128,0.9591346153846154,0.9919871794871795,0.31392179487179495,0.8042290955781937,0.6,24.333333333333332,0.0,20.0,False
env_obs_noise,0.029447134003606944,0.08447163717017145,0.001411698658795815,0.036432187512546524,0.7271485892726712,-1.7634850026781628,0.9607371794871795,0.9919871794871795,0.31552435897435904,0.8120034076273441,0.6,24.333333333333332,0.0,20.0,False
env_obs_noise,0.029447134003606944,0.08447163717017145,0.0019928931032459026,0.0364321875284696,0.7252453160559252,-1.7563743739715427,0.9624,0.992,0.31720000000000004,0.8129566170275211,0.6,24.416666666666668,0.0,20.0,False
env_obs_noise,0.029447134003606944,0.08447163717017145,0.00281336452097567,0.0364321875542529,0.7220741224343656,-1.746289427196594,0.9665071770334929,0.9936204146730463,0.3229275917065392,0.8090353518724441,0.6,24.583333333333332,0.0,20.0,False
env_obs_noise,0.029447134003606944,0.08447163717017145,0.00397162292096508,0.036432187324132406,0.7207528781603265,-1.7302451052862262,0.9689490445859873,0.9936305732484076,0.32537961783439495,0.825122844427824,0.6,24.666666666666668,0.0,20.0,False
env_obs_noise,0.029447134003606944,0.08447163717017145,0.00560673475076912,0.03643218788566711,0.7172751788987058,-1.7099145854123174,0.9753968253968254,0.9944444444444445,0.33264126984126985,0.8326054617762566,0.6,24.833333333333332,0.0,20.0,False
env_obs_noise,0.029447134003606944,0.08447163717017145,0.007915019927884653,0.036432188165535534,0.7142150620557454,-1.6809841408729056,0.9786392405063291,0.995253164556962,0.3366924050632911,0.8510448813438416,0.6,25.0,0.0,20.0,False
env_obs_noise,0.029447134003606944,0.08447163717017145,0.011173623016536903,0.03646276108108201,0.711313485614891,-1.6427534495734495,0.9818897637795275,0.9960629921259843,0.3407527559055118,0.875801981985569,0.6,25.25,0.0,20.0,False
env_obs_noise,0.029447134003606944,0.08447163717017145,0.015773788626335192,0.03645031519309952,0.7063585078397332,-1.5939766091330427,0.9843505477308294,0.9976525821596244,0.3448031298904538,0.9008419990539551,0.55,24.363636363636363,0.0,20.0,False
env_obs_noise,0.029447134003606944,0.08447163717017145,0.02226783624792608,0.03626090228678294,0.7032075997063448,-1.5363623012367533,0.9899068322981367,0.9976708074534162,0.3503776397515529,0.942318032681942,0.55,24.818181818181817,0.0,20.0,False
env_obs_noise,0.029447134003606944,0.08447163717017145,0.03143547456548206,0.03632594132775076,0.6968048151934171,-1.4631396059792092,0.9907550077041603,0.99768875192604,0.35124375963020027,1.0105405852198601,0.55,25.272727272727273,0.0,20.0,False
env_obs_noise,0.029447134003606944,0.08447163717017145,0.044377417282700976,0.036279252174946,0.6851731014950398,-1.3747922410688023,0.9916413373860182,0.9984802431610942,0.3529215805471124,1.0779564678668976,0.55,26.09090909090909,0.0,20.0,False
env_obs_noise,0.029447134003606944,0.08447163717017145,0.06264754045881119,0.03624156093975586,0.6802910759494726,-1.2763551793583727,0.9924924924924925,0.9984984984984985,0.353790990990991,1.1752793550491334,0.5,25.6,0.0,20.0,False
env_obs_noise,0.029447134003606944,0.08447163717017145,0.08843944884256029,0.03611166382207746,0.6723589982973514,-1.1593867886679012,0.996301775147929,1.0,0.35910177514792896,1.2972996637225152,0.5,26.6,0.0,20.0,False
env_obs_noise,0.029447134003606944,0.08447163717017145,0.12484985131568332,0.03593215528268979,0.657389826912436,-1.0187947114769977,0.9978292329956585,1.0,0.3606292329956585,1.3911012321710587,0.5,28.1,0.0,20.0,False
env_obs_noise,0.029447134003606944,0.08447163717017145,0.17625036765320706,0.035901256650159676,0.6560125656720086,-0.8915879359614585,0.9978540772532188,1.0,0.36065407725321885,1.4824527725577354,0.45,27.77777777777778,0.0,20.0,False
env_obs_noise,0.029447134003606944,0.08447163717017145,0.24881240762830165,0.036007309156818934,0.6552871085432068,-0.7495953808180127,0.997872340425532,1.0,0.360672340425532,1.5711241751909255,0.45,28.444444444444443,0.0,20.0,False
env_obs_noise,0.029447134003606944,0.08447163717017145,0.351248142140631,0.03595973330874486,0.6549989453683995,-0.5826829388781549,0.9985935302390999,1.0,0.3613935302390999,1.6484336525201797,0.4,27.875,0.0,20.0,False
env_obs_noise,0.029447134003606944,0.08447163717017145,0.4958565311644505,0.03603871200691995,0.657131478752235,-0.42613688863266674,1.0,1.0,0.3628,1.706297291815281,0.35,27.0,0.0,20.0,False
env_obs_noise,0.029447134003606944,0.08447163717017145,0.7,0.036038712151363214,0.6578736216091049,-0.2659673608845686,1.0,1.0,0.3628,1.7562502473592758,0.35,27.0,0.0,20.0,False
env_obs_noise,0.029447134003606944,0.12054875516364763,0.0010000000000000002,0.03647874853168857,0.7112118282473189,-1.5057683446232264,0.9764890282131662,0.9945141065830722,0.33380313479623835,0.9237928971648216,0.6,25.5,0.0,20.0,False
env_obs_noise,0.029447134003606944,0.12054875516364763,0.001411698658795815,0.03647874851753788,0.7112473286739607,-1.5003693769881523,0.9780564263322884,0.9952978056426333,0.33615423197492167,0.9307114385068417,0.6,25.5,0.0,20.0,False
env_obs_noise,0.029447134003606944,0.12054875516364763,0.0019928931032459026,0.03647874852703585,0.7094730267779799,-1.493690252256913,0.9788732394366197,0.9953051643192489,0.3369784037558686,0.9310228057205677,0.6,25.583333333333332,0.0,20.0,False
env_obs_noise,0.029447134003606944,0.12054875516364763,0.00281336452097567,0.03647874909940729,0.7095465886826942,-1.4832695200677777,0.9804381846635368,0.9953051643192489,0.3385433489827857,0.9352156594395638,0.55,24.363636363636363,0.0,20.0,False
env_obs_noise,0.029447134003606944,0.12054875516364763,0.00397162292096508,0.03647874844449866,0.7083100082847428,-1.4688993677641584,0.98203125,0.9953125,0.3401437500000001,0.9480906948447227,0.55,24.454545454545453,0.0,20.0,False
env_obs_noise,0.029447134003606944,0.12054875516364763,0.00560673475076912,0.03647874896438405,0.7084516843704007,-1.4493129894080687,0.9859375,0.9953125,0.3440500000000001,0.9730375319719314,0.55,24.454545454545453,0.0,20.0,False
env_obs_noise,0.029447134003606944,0.12054875516364763,0.007915019927884653,0.03647874920230304,0.7031847233626513,-1.4252716016966942,0.9860031104199067,0.9961119751166407,0.3449150855365475,0.9798142924904824,0.55,24.727272727272727,0.0,20.0,False
env_obs_noise,0.029447134003606944,0.12054875516364763,0.011173623016536903,0.036466333462235954,0.7034560327771343,-1.39190281918667,0.9868012422360248,0.9976708074534162,0.34727204968944103,1.0201125159859656,0.55,24.818181818181817,0.0,20.0,False
env_obs_noise,0.029447134003606944,0.12054875516364763,0.015773788626335192,0.036277997966292705,0.7005262192255105,-1.3520795512266988,0.9884437596302003,0.99768875192604,0.3489325115562403,1.0410786852240563,0.55,25.272727272727273,0.0,20.0,False
env_obs_noise,0.029447134003606944,0.12054875516364763,0.02226783624792608,0.0363425588924544,0.6941662215695755,-1.2982969081732492,0.9908256880733946,0.9984709480122325,0.352096636085627,1.079936710000038,0.55,25.727272727272727,0.0,20.0,False
env_obs_noise,0.029447134003606944,0.12054875516364763,0.03143547456548206,0.036342558666299166,0.6883349049915782,-1.2321925561975386,0.9916413373860182,0.9984802431610942,0.3529215805471124,1.1516608536243438,0.55,26.09090909090909,0.0,20.0,False
env_obs_noise,0.029447134003606944,0.12054875516364763,0.044377417282700976,0.03627761668391675,0.6785701640566485,-1.1548613757197257,0.9917664670658682,0.9985029940119761,0.3530694610778443,1.2110173895955085,0.55,27.0,0.0,20.0,False
env_obs_noise,0.029447134003606944,0.12054875516364763,0.06264754045881119,0.0361046231551472,0.6734621934666375,-1.0636942424293971,0.9940915805022157,0.9992614475627769,0.3561530280649926,1.3018433317542075,0.5,26.7,0.0,20.0,False
env_obs_noise,0.029447134003606944,0.12054875516364763,0.08843944884256029,0.03595061034481604,0.6606866543941801,-0.9503292131042269,0.9963820549927641,1.0,0.3591820549927641,1.3953303128480912,0.5,28.1,0.0,20.0,False
env_obs_noise,0.029447134003606944,0.12054875516364763,0.12484985131568332,0.03589791041814451,0.6584250625031928,-0.8332795825843632,0.9978510028653295,1.0,0.3606510028653295,1.5125279054045677,0.45,27.666666666666668,0.0,20.0,False
env_obs_noise,0.029447134003606944,0.12054875516364763,0.17625036765320706,0.036040140597911344,0.65609502288326,-0.7053184801663419,0.997872340425532,1.0,0.360672340425532,1.6161642149090767,0.45,28.444444444444443,0.0,20.0,False
env_obs_noise,0.029447134003606944,0.12054875516364763,0.24881240762830165,0.03602990301084332,0.6570352432284422,-0.5520144362567106,0.9979050279329609,1.0,0.3607050279329609,1.6871288508176803,0.35,27.0,0.0,20.0,False
env_obs_noise,0.029447134003606944,0.12054875516364763,0.351248142140631,0.036055754731090094,0.6568697205784481,-0.4064087792738522,0.9986091794158554,1.0,0.3614091794158554,1.7575907394289971,0.35,27.428571428571427,0.0,20.0,False
env_obs_noise,0.029447134003606944,0.12054875516364763,0.4958565311644505,0.03601139441455776,0.6578837134287199,-0.25882289993090407,1.0,1.0,0.3628,1.8107353746891022,0.35,27.714285714285715,0.0,20.0,False
env_obs_noise,0.029447134003606944,0.12054875516364763,0.7,0.0361012430635408,0.6586183778344923,-0.10488654230091939,1.0,1.0,0.3628,1.840539701282978,0.3,26.0,0.0,20.0,False
env_obs_noise,0.029447134003606944,0.17203410349712728,0.0010000000000000002,0.03642426132840017,0.6991321834959099,-1.2217323938253268,0.9861325115562404,0.9961479198767335,0.34508043143297384,1.1266725808382034,0.55,25.272727272727273,0.0,20.0,False
env_obs_noise,0.029447134003606944,0.17203410349712728,0.001411698658795815,0.0364242615472744,0.6991667233875142,-1.217187898557155,0.9861325115562404,0.9969183359013868,0.3458508474576272,1.1326958313584328,0.55,25.272727272727273,0.0,20.0,False
env_obs_noise,0.029447134003606944,0.17203410349712728,0.0019928931032459026,0.0364242616092746,0.6992152470256214,-1.2108671529825998,0.9861325115562404,0.9969183359013868,0.3458508474576272,1.1411701753735541,0.55,25.272727272727273,0.0,20.0,False
env_obs_noise,0.029447134003606944,0.17203410349712728,0.00281336452097567,0.03642426232229672,0.6958517433941307,-1.2035988211676014,0.9869431643625192,0.9976958525345622,0.34743901689708134,1.1353119894862176,0.55,25.454545454545453,0.0,20.0,False
env_obs_noise,0.029447134003606944,0.17203410349712728,0.00397162292096508,0.03642426226029654,0.695946640843301,-1.1915842486144765,0.9877112135176651,0.9976958525345622,0.3482070660522273,1.1519355922937393,0.55,25.454545454545453,0.0,20.0,False
env_obs_noise,0.029447134003606944,0.17203410349712728,0.00560673475076912,0.03642426257762283,0.6943144038598639,-1.1758162131372252,0.9877300613496932,0.9984662576687117,0.3489963190184049,1.1673865482211112,0.55,25.545454545454547,0.0,20.0,False
env_obs_noise,0.029447134003606944,0.17203410349712728,0.007915019927884653,0.036311899329954114,0.6927177753596158,-1.1561687011748478,0.9877862595419847,0.9984732824427481,0.3490595419847329,1.1753022834658622,0.55,25.818181818181817,0.0,20.0,False
env_obs_noise,0.029447134003606944,0.17203410349712728,0.011173623016536903,0.03623694791706563,0.689822370665957,-1.1285854457053062,0.9886018237082067,0.9984802431610942,0.3498820668693009,1.1927824571728707,0.55,26.09090909090909,0.0,20.0,False
env_obs_noise,0.029447134003606944,0.17203410349712728,0.015773788626335192,0.03630143259016542,0.6850137419701154,-1.0935077457505975,0.9909365558912386,0.9984894259818731,0.3522259818731117,1.2169474169611931,0.55,26.454545454545453,0.0,20.0,False
env_obs_noise,0.029447134003606944,0.17203410349712728,0.02226783624792608,0.03627488722359294,0.6813072163132173,-1.0495499833428155,0.9910044977511244,0.9985007496251874,0.35230524737631186,1.2524256065487862,0.55,26.90909090909091,0.0,20.0,False
env_obs_noise,0.029447134003606944,0.17203410349712728,0.03143547456548206,0.036286942639684336,0.6760625097425401,-0.9910976497449349,0.9925595238095238,0.9985119047619048,0.3538714285714286,1.3175672799348832,0.55,27.363636363636363,0.0,20.0,False
env_obs_noise,0.029447134003606944,0.17203410349712728,0.044377417282700976,0.03605470520191202,0.6720393784344094,-0.9253303774540089,0.9941262848751835,0.9992657856093979,0.35619207048458146,1.371913281083107,0.5,27.1,0.0,20.0,False
env_obs_noise,0.029447134003606944,0.17203410349712728,0.06264754045881119,0.035912242185056974,0.6623524712511945,-0.8343943058411641,0.9942196531791907,0.9992774566473989,0.3562971098265896,1.4671820387244225,0.5,28.2,0.0,20.0,False
env_obs_noise,0.029447134003606944,0.17203410349712728,0.08843944884256029,0.03586017603363383,0.6568488301627081,-0.7394752044769839,0.9978601997146933,1.0,0.3606601997146933,1.5623704984784126,0.45,28.0,0.0,20.0,False
env_obs_noise,0.029447134003606944,0.17203410349712728,0.12484985131568332,0.036055170815406434,0.6558155436188624,-0.6341264514758205,0.9978813559322034,1.0,0.3606813559322034,1.6679336547851562,0.45,28.77777777777778,0.0,20.0,False
env_obs_noise,0.029447134003606944,0.17203410349712728,0.17625036765320706,0.03599267907467962,0.6554735697896672,-0.49592232240624623,0.997913769123783,1.0,0.36071376912378306,1.7585288882255554,0.35,27.428571428571427,0.0,20.0,False
env_obs_noise,0.029447134003606944,0.17203410349712728,0.24881240762830165,0.03597466809258026,0.6554314507993764,-0.36775087156482433,0.9986187845303868,1.0,0.3614187845303868,1.8243323311209678,0.35,28.142857142857142,0.0,20.0,False
env_obs_noise,0.029447134003606944,0.17203410349712728,0.351248142140631,0.03597466744897644,0.6565684570228747,-0.22679674183985932,0.9986187845303868,1.0,0.3614187845303868,1.9074585512280464,0.35,28.142857142857142,0.0,20.0,False
env_obs_noise,0.029447134003606944,0.17203410349712728,0.4958565311644505,0.036064359188989,0.6574446724252863,-0.0813815540155644,1.0,1.0,0.3628,1.9503433272242545,0.3,26.5,0.0,20.0,False
env_obs_noise,0.029447134003606944,0.17203410349712728,0.7,0.03603928157465529,0.6565838541182217,0.06624863053726064,1.0,1.0,0.3628,1.9754157349467278,0.3,27.0,0.0,20.0,False
env_obs_noise,0.029447134003606944,0.24550840633636933,0.0010000000000000002,0.03626893681754637,0.6814250560986344,-0.9287170012596004,0.9895052473763118,0.9985007496251874,0.3508059970014993,1.3530599921941757,0.55,26.90909090909091,0.0,20.0,False
env_obs_noise,0.029447134003606944,0.24550840633636933,0.001411698658795815,0.036268937246081594,0.6814581654037539,-0.9251063031886286,0.9895052473763118,0.9985007496251874,0.3508059970014993,1.358576188981533,0.55,26.90909090909091,0.0,20.0,False
env_obs_noise,0.029447134003606944,0.24550840633636933,0.0019928931032459026,0.036332903528132975,0.6815045879013231,-0.9207892443364005,0.9895209580838323,0.9985029940119761,0.3508239520958084,1.3582770705223084,0.55,27.0,0.0,20.0,False
env_obs_noise,0.029447134003606944,0.24550840633636933,0.00281336452097567,0.03633290383557216,0.6815699013927274,-0.9138188553906662,0.9902694610778443,0.9985029940119761,0.3515724550898204,1.3690636903047562,0.55,27.0,0.0,20.0,False
env_obs_noise,0.029447134003606944,0.24550840633636933,0.00397162292096508,0.03633290393218676,0.6816615370619573,-0.9042128234449188,0.9902694610778443,0.9985029940119761,0.3515724550898204,1.384117230772972,0.55,27.0,0.0,20.0,False
env_obs_noise,0.029447134003606944,0.24550840633636933,0.00560673475076912,0.036212580428079844,0.6783687510743588,-0.8936552373002564,0.9903273809523809,0.9985119047619048,0.3516392857142857,1.3732334181666375,0.55,27.363636363636363,0.0,20.0,False
env_obs_noise,0.029447134003606944,0.24550840633636933,0.007915019927884653,0.03621258054962202,0.6755190909403223,-0.8771950791318435,0.9918397626112759,0.9985163204747775,0.3531560830860534,1.3857780039310454,0.55,27.545454545454547,0.0,20.0,False
env_obs_noise,0.029447134003606944,0.24550840633636933,0.011173623016536903,0.03621258079860935,0.6745572423956465,-0.854035490928387,0.9918518518518519,0.9985185185185185,0.35317037037037036,1.4178819984197617,0.55,27.636363636363637,0.0,20.0,False
env_obs_noise,0.029447134003606944,0.24550840633636933,0.015773788626335192,0.036109066052274943,0.6689730532045729,-0.8257474871970854,0.9919236417033774,0.9985315712187959,0.3532552129221733,1.4262288227677344,0.55,28.181818181818183,0.0,20.0,False
env_obs_noise,0.029447134003606944,0.24550840633636933,0.02226783624792608,0.03599763770228729,0.6635991314148094,-0.787260031366092,0.9934497816593887,0.9992721979621543,0.35552197962154297,1.4549627497792244,0.55,28.727272727272727,0.0,20.0,False
env_obs_noise,0.029447134003606944,0.24550840633636933,0.03143547456548206,0.035977518390888995,0.6625859601070573,-0.7374959233336221,0.9942028985507246,0.9992753623188406,0.35627826086956527,1.5247107118368148,0.5,28.0,0.0,20.0,False
env_obs_noise,0.029447134003606944,0.24550840633636933,0.044377417282700976,0.035856336778274794,0.6573776129341646,-0.6787716071403053,0.9942857142857143,0.9992857142857143,0.3563714285714287,1.5727820441126823,0.45,27.88888888888889,0.0,20.0,False
env_obs_noise,0.029447134003606944,0.24550840633636933,0.06264754045881119,0.03589117485175755,0.6538567455511829,-0.6023272670324378,0.9964589235127479,1.0,0.3592589235127479,1.685990636050701,0.45,28.555555555555557,0.0,20.0,False
env_obs_noise,0.029447134003606944,0.24550840633636933,0.08843944884256029,0.035946573433441945,0.6518006481565527,-0.506476748688582,0.9979195561719834,1.0,0.36071955617198337,1.7639562770724297,0.35,27.714285714285715,0.0,20.0,False
env_obs_noise,0.029447134003606944,0.24550840633636933,0.12484985131568332,0.03594856255631412,0.6518529060760112,-0.40622066714398575,0.9979310344827587,1.0,0.3607310344827587,1.8665277138352394,0.35,28.285714285714285,0.0,20.0,False
env_obs_noise,0.029447134003606944,0.24550840633636933,0.17625036765320706,0.03598117439868303,0.6516914731630072,-0.2973713956791226,0.9979423868312757,1.0,0.3607423868312757,1.9467656478285789,0.35,28.857142857142858,0.0,20.0,False
env_obs_noise,0.029447134003606944,0.24550840633636933,0.24881240762830165,0.036039280437701146,0.6514813854977554,-0.17696366105209113,0.9986338797814208,1.0,0.36143387978142083,2.007252222299576,0.3,27.666666666666668,0.0,20.0,False
env_obs_noise,0.029447134003606944,0.24550840633636933,0.351248142140631,0.03602856769470801,0.6495633359742125,-0.0434152932725773,0.9993197278911564,1.0,0.36211972789115643,2.060385024547577,0.3,28.166666666666668,0.0,20.0,False
env_obs_noise,0.029447134003606944,0.24550840633636933,0.4958565311644505,0.036028567791285174,0.6502383900553146,0.09857149010722331,1.0,1.0,0.3628,2.106667660176754,0.3,28.166666666666668,0.0,20.0,False
env_obs_noise,0.029447134003606944,0.24550840633636933,0.7,0.03601151358858308,0.649374232735814,0.2453703686513254,1.0,1.0,0.3628,2.140033969283104,0.3,28.5,0.0,20.0,False
env_obs_noise,0.029447134003606944,0.35036295918402205,0.0010000000000000002,0.035940235960744686,0.6584805561287848,-0.630121705489633,0.992816091954023,0.9992816091954023,0.3548977011494253,1.590557722747326,0.5,28.6,0.0,20.0,False
env_obs_noise,0.029447134003606944,0.35036295918402205,0.001411698658795815,0.03594023557501795,0.6585125152337852,-0.6273237772229798,0.992816091954023,0.9992816091954023,0.3548977011494253,1.5956133425235748,0.5,28.6,0.0,20.0,False
env_obs_noise,0.029447134003606944,0.35036295918402205,0.0019928931032459026,0.03594023544704489,0.6585572881153385,-0.6234144771562955,0.992816091954023,0.9992816091954023,0.3548977011494253,1.6027126774191855,0.5,28.6,0.0,20.0,False
env_obs_noise,0.029447134003606944,0.35036295918402205,0.00281336452097567,0.03594023518689883,0.6586202160768689,-0.6179728966657204,0.992816091954023,0.9992816091954023,0.3548977011494253,1.6126631014049053,0.5,28.6,0.0,20.0,False
env_obs_noise,0.029447134003606944,0.35036295918402205,0.00397162292096508,0.035943858958846706,0.6573242976462497,-0.6116073231988312,0.9928366762177651,0.9992836676217765,0.3549203438395415,1.6121967434883118,0.5,28.8,0.0,20.0,False
env_obs_noise,0.029447134003606944,0.35036295918402205,0.00560673475076912,0.03597498551372585,0.6574433304168577,-0.6018977455588044,0.9928469241773963,0.9992846924177397,0.35493161659513595,1.623939161747694,0.5,28.9,0.0,20.0,False
env_obs_noise,0.029447134003606944,0.35036295918402205,0.007915019927884653,0.03597498537797258,0.6565225336095604,-0.5879960525779361,0.9928571428571429,0.9992857142857143,0.3549428571428572,1.6370677128434181,0.45,27.88888888888889,0.0,20.0,False
env_obs_noise,0.029447134003606944,0.35036295918402205,0.011173623016536903,0.035963926752580734,0.65584622441203,-0.5702989681432844,0.9943100995732574,0.9992887624466572,0.35639886201991466,1.6530791014432906,0.45,28.22222222222222,0.0,20.0,False
env_obs_noise,0.029447134003606944,0.35036295918402205,0.015773788626335192,0.03597970953811918,0.6561699582070302,-0.545678515272487,0.9943181818181818,0.9992897727272727,0.3564079545454545,1.6967625603079797,0.45,28.333333333333332,0.0,20.0,False
env_obs_noise,0.029447134003606944,0.35036295918402205,0.02226783624792608,0.03604620538639752,0.6527734683239395,-0.5150246875510763,0.9943661971830986,0.9992957746478873,0.35646197183098594,1.724591028690338,0.45,29.0,0.0,20.0,False
env_obs_noise,0.029447134003606944,0.35036295918402205,0.03143547456548206,0.03593700476052199,0.6481442898833462,-0.47503427770579193,0.9951117318435754,1.0,0.3579117318435754,1.7695088729262352,0.4,28.5,0.0,20.0,False
env_obs_noise,0.029447134003606944,0.35036295918402205,0.044377417282700976,0.03594657332683906,0.6439233125825786,-0.41961127931028486,0.9958563535911602,1.0,0.3586563535911602,1.8488798826932906,0.4,29.5,0.0,20.0,False
env_obs_noise,0.029447134003606944,0.35036295918402205,0.06264754045881119,0.03595518660178532,0.6433222208890907,-0.3511363179427684,0.9965940054495913,1.0,0.3593940054495913,1.935699824988842,0.35,29.571428571428573,0.0,20.0,False
env_obs_noise,0.029447134003606944,0.35036295918402205,0.08843944884256029,0.035950043557629686,0.6431683012765615,-0.27591269186628087,0.9979674796747967,1.0,0.3607674796747967,2.0233368538320065,0.35,30.142857142857142,0.0,20.0,False
env_obs_noise,0.029447134003606944,0.35036295918402205,0.12484985131568332,0.03602856740015274,0.641485949977196,-0.18766038005476215,0.9979784366576819,1.0,0.36077843665768194,2.101245790719986,0.35,30.714285714285715,0.0,20.0,False
env_obs_noise,0.029447134003606944,0.35036295918402205,0.17625036765320706,0.036072153321441265,0.6412027715262847,-0.08527642114172085,0.9986559139784946,1.0,0.36145591397849464,2.1683803737163543,0.3,29.666666666666668,0.0,20.0,False
env_obs_noise,0.029447134003606944,0.35036295918402205,0.24881240762830165,0.036055021158318844,0.6407213892694926,0.029117991712516788,0.9986595174262735,1.0,0.36145951742627347,2.2281384035944938,0.3,30.0,0.0,20.0,False
env_obs_noise,0.029447134003606944,0.35036295918402205,0.351248142140631,0.03605993728659132,0.6403135724864573,0.1513548499118962,0.9993333333333333,1.0,0.3621333333333333,2.2655860051512717,0.3,30.666666666666668,0.0,20.0,False
env_obs_noise,0.029447134003606944,0.35036295918402205,0.4958565311644505,0.03605993748155993,0.6394704043415905,0.2877541070564958,1.0,1.0,0.3628,2.29755227714777,0.3,30.833333333333332,0.0,20.0,False
env_obs_noise,0.029447134003606944,0.35036295918402205,0.7,0.03605993849885117,0.6399855956818624,0.4314330581169063,1.0,1.0,0.3628,2.3329349905252457,0.3,30.833333333333332,0.0,20.0,False
env_obs_noise,0.029447134003606944,0.5,0.0010000000000000002,0.03595729970516294,0.6494602335370459,-0.3201465274995751,0.9951590594744122,1.0,0.3579590594744122,1.982485765963793,0.4,29.375,0.0,20.0,False
env_obs_noise,0.029447134003606944,0.5,0.001411698658795815,0.03595729964144853,0.6494912962847497,-0.3180564544068205,0.9951590594744122,1.0,0.3579590594744122,1.9869905054569243,0.4,29.375,0.0,20.0,False
env_obs_noise,0.029447134003606944,0.5,0.0019928931032459026,0.035957299684344586,0.6495346106619047,-0.3151289283624254,0.9951590594744122,1.0,0.3579590594744122,1.9933279775083066,0.4,29.375,0.0,20.0,False
env_obs_noise,0.029447134003606944,0.5,0.00281336452097567,0.03595729972273175,0.6495957692210164,-0.3110410028988004,0.9951590594744122,1.0,0.3579590594744122,2.0022284500300884,0.4,29.375,0.0,20.0,False
env_obs_noise,0.029447134003606944,0.5,0.00397162292096508,0.035925868393063054,0.6469161686028828,-0.3067417450753064,0.9951790633608816,1.0,0.3579790633608816,1.99508311226964,0.4,29.75,0.0,20.0,False
env_obs_noise,0.029447134003606944,0.5,0.00560673475076912,0.03592586809779581,0.6470421389381208,-0.2988433855016912,0.9951790633608816,1.0,0.3579790633608816,2.012649516016245,0.4,29.75,0.0,20.0,False
env_obs_noise,0.029447134003606944,0.5,0.007915019927884653,0.035910440827325384,0.6472181613846975,-0.2885602282420633,0.9951856946354883,1.0,0.35798569463548835,2.030518584698439,0.4,29.875,0.0,20.0,False
env_obs_noise,0.029447134003606944,0.5,0.011173623016536903,0.03591044019630671,0.6434853347556874,-0.2748914561547576,0.9952054794520548,1.0,0.35800547945205485,2.046769297868013,0.4,30.25,0.0,20.0,False
env_obs_noise,0.029447134003606944,0.5,0.015773788626335192,0.03589822499582056,0.6424797152474973,-0.25678805477704414,0.9959128065395095,1.0,0.35871280653950954,2.0684208393096926,0.4,30.75,0.0,20.0,False
env_obs_noise,0.029447134003606944,0.5,0.02226783624792608,0.03591094724400627,0.6421213576942725,-0.2277341017199166,0.9959677419354839,1.0,0.3587677419354839,2.110710000246763,0.35,31.0,0.0,20.0,False
env_obs_noise,0.029447134003606944,0.5,0.03143547456548206,0.03593681333001197,0.6387858286933904,-0.19531680822106914,0.9959946595460614,1.0,0.3587946595460614,2.1532640889286996,0.35,31.714285714285715,0.0,20.0,False
env_obs_noise,0.029447134003606944,0.5,0.044377417282700976,0.036068267342776676,0.6383632796386657,-0.1524261489369647,0.9966755319148937,1.0,0.3594755319148937,2.215728496015072,0.3,31.0,0.0,20.0,False
env_obs_noise,0.029447134003606944,0.5,0.06264754045881119,0.03602188201424843,0.636915163021656,-0.09935650405858001,0.9980184940554822,1.0,0.36081849405548216,2.278458193689585,0.3,31.833333333333332,0.0,20.0,False
env_obs_noise,0.029447134003606944,0.5,0.08843944884256029,0.03609029102197195,0.636465689774432,-0.03371375415171159,0.9986824769433466,1.0,0.36148247694334656,2.350245602428913,0.3,32.166666666666664,0.0,20.0,False
env_obs_noise,0.029447134003606944,0.5,0.12484985131568332,0.03609029188169351,0.633179247702192,0.04468403627783579,0.9986876640419947,1.0,0.3614876640419947,2.4058758080005647,0.3,32.666666666666664,0.0,20.0,False
env_obs_noise,0.029447134003606944,0.5,0.17625036765320706,0.03607662667880368,0.6326818511462758,0.1355248913181342,0.9986910994764397,1.0,0.36149109947643976,2.4506310246884824,0.3,33.0,0.0,20.0,False
env_obs_noise,0.029447134003606944,0.5,0.24881240762830165,0.03607662834677545,0.6333297525886852,0.2402115038752632,0.9986910994764397,1.0,0.36149109947643976,2.4994333423674107,0.3,33.0,0.0,20.0,False
env_obs_noise,0.029447134003606944,0.5,0.351248142140631,0.03607662821811237,0.6311815920203897,0.3573951497836765,1.0,1.0,0.3628,2.5165022857487203,0.3,33.333333333333336,0.0,20.0,False
env_obs_noise,0.029447134003606944,0.5,0.4958565311644505,0.03607662829092902,0.6289603806903185,0.4850944631148409,1.0,1.0,0.3628,2.5423935860395432,0.3,33.666666666666664,0.0,20.0,False
env_obs_noise,0.029447134003606944,0.5,0.7,0.03607662829695984,0.6289739940746493,0.6224187870697464,1.0,1.0,0.3628,2.543362360447645,0.3,33.666666666666664,0.0,20.0,False
env_obs_noise,0.04335668505131919,0.010000000000000004,0.0010000000000000002,0.054014681926338855,0.7596543660905309,-2.613074814925944,0.8069727891156463,0.9387755102040817,0.13999727891156466,0.43472815565764905,0.8,25.75,0.0,20.0,True
env_obs_noise,0.04335668505131919,0.010000000000000004,0.001411698658795815,0.054014681709719584,0.7597166074673372,-2.691090048792308,0.8180272108843537,0.9455782312925171,0.1442489795918367,0.4472539202775806,0.8,25.75,0.0,20.0,True
env_obs_noise,0.04335668505131919,0.010000000000000004,0.0019928931032459026,0.05401468059124288,0.7598004462800194,-2.7617402090780323,0.8299319727891157,0.9608843537414966,0.1536163265306123,0.46701071225106716,0.8,25.75,0.0,20.0,False
env_obs_noise,0.04335668505131919,0.010000000000000004,0.00281336452097567,0.054014682941332874,0.7564266892237204,-2.8171922707232215,0.8432203389830508,0.9703389830508474,0.17635932203389826,0.4730557259172201,0.8,25.875,0.0,20.0,False
env_obs_noise,0.04335668505131919,0.010000000000000004,0.00397162292096508,0.05394618523672932,0.7544258915197197,-2.857956097607489,0.8682432432432432,0.9797297297297297,0.21077297297297293,0.4728561982512474,0.75,25.133333333333333,0.0,20.0,False
env_obs_noise,0.04335668505131919,0.010000000000000004,0.00560673475076912,0.053891586868093026,0.7532958049604236,-2.876367560676361,0.8942953020134228,0.9823825503355704,0.23947785234899321,0.4655367437750101,0.7,24.428571428571427,0.0,20.0,False
env_obs_noise,0.04335668505131919,0.010000000000000004,0.007915019927884653,0.053712777968002307,0.7512722550843756,-2.8675573082738164,0.9122073578595318,0.9874581939799331,0.26246555183946485,0.4984692707657814,0.7,24.571428571428573,0.0,20.0,False
env_obs_noise,0.04335668505131919,0.010000000000000004,0.011173623016536903,0.053712777376541704,0.742241729040824,-2.8249494195329823,0.9361525704809287,0.9908789386401327,0.28983150912106137,0.5098814636468887,0.65,23.846153846153847,0.0,20.0,False
env_obs_noise,0.04335668505131919,0.010000000000000004,0.015773788626335192,0.053621455669660374,0.7371713249211063,-2.7619631638934807,0.9538714991762768,0.9917627677100495,0.30843426688632625,0.5554220385849475,0.65,24.153846153846153,0.0,20.0,False
env_obs_noise,0.04335668505131919,0.010000000000000004,0.02226783624792608,0.053793596680353946,0.7340707819199874,-2.677332893393765,0.967266775777414,0.9959083469721768,0.32597512274959084,0.6181425586342811,0.65,24.46153846153846,0.0,20.0,False
env_obs_noise,0.04335668505131919,0.010000000000000004,0.03143547456548206,0.05362400695897284,0.7224765018838838,-2.5723599066648335,0.9718196457326892,0.9975845410628019,0.33220418679549113,0.6571673095226288,0.65,25.23076923076923,0.0,20.0,False
env_obs_noise,0.04335668505131919,0.010000000000000004,0.044377417282700976,0.05353073659827544,0.7138967803343289,-2.4625414092833586,0.9809523809523809,0.9976190476190476,0.34137142857142855,0.7249736487865448,0.65,25.923076923076923,0.0,20.0,False
env_obs_noise,0.04335668505131919,0.010000000000000004,0.06264754045881119,0.05357611766202024,0.7013621342686064,-2.3224411283126822,0.9835680751173709,0.9976525821596244,0.34402065727699527,0.8087919965386391,0.55,24.363636363636363,0.0,20.0,False
env_obs_noise,0.04335668505131919,0.010000000000000004,0.08843944884256029,0.05347152926569308,0.6885638774048738,-2.1749668992046893,0.9854070660522274,0.9984639016897081,0.3466709677419355,0.9187916591763496,0.55,25.454545454545453,0.0,20.0,False
env_obs_noise,0.04335668505131919,0.010000000000000004,0.12484985131568332,0.053315721346141036,0.6825854138496847,-2.0241172016357227,0.9901365705614568,1.0,0.3529365705614568,1.050576451420784,0.5,24.9,0.0,20.0,False
env_obs_noise,0.04335668505131919,0.010000000000000004,0.17625036765320706,0.053252881281606976,0.6715944029478903,-1.8610280990294228,0.9902985074626866,1.0,0.35309850746268656,1.1614113852381707,0.5,26.0,0.0,20.0,False
env_obs_noise,0.04335668505131919,0.010000000000000004,0.24881240762830165,0.05307403663430104,0.6635722556850564,-1.6848631193408732,0.9904270986745214,1.0,0.3532270986745214,1.260391031205654,0.5,26.9,0.0,20.0,False
env_obs_noise,0.04335668505131919,0.010000000000000004,0.351248142140631,0.05293254997873162,0.6603764384470392,-1.5326386269565664,0.9912663755458515,1.0,0.3540663755458515,1.3219587922096252,0.45,26.444444444444443,0.0,20.0,False
env_obs_noise,0.04335668505131919,0.010000000000000004,0.4958565311644505,0.05291530266625827,0.6546225502281069,-1.356715829751034,0.9928057553956835,1.0,0.3556057553956835,1.3692789435386659,0.45,27.333333333333332,0.0,20.0,False
env_obs_noise,0.04335668505131919,0.010000000000000004,0.7,0.05296129513174623,0.6553558858238768,-1.1939638053044204,0.992816091954023,1.0,0.355616091954023,1.4120413392782212,0.45,27.444444444444443,0.0,20.0,False
env_obs_noise,0.04335668505131919,0.014270914972418185,0.0010000000000000002,0.05397074350345303,0.7565540486954637,-2.5903033149430414,0.8324873096446701,0.9517766497461929,0.15251065989847723,0.4609650010243058,0.75,25.066666666666666,0.0,20.0,False
env_obs_noise,0.04335668505131919,0.014270914972418185,0.001411698658795815,0.05390263917045022,0.7566084952037856,-2.635167208956272,0.8429054054054054,0.9662162162162162,0.1719216216216216,0.4637289378792048,0.75,25.133333333333333,0.0,20.0,False
env_obs_noise,0.04335668505131919,0.014270914972418185,0.0019928931032459026,0.05390263865588966,0.7549583346707365,-2.6733340635156675,0.8541315345699831,0.9713322091062394,0.18826374367622256,0.4611510168761015,0.7,24.214285714285715,0.0,20.0,False
env_obs_noise,0.04335668505131919,0.014270914972418185,0.00281336452097567,0.053950240790719944,0.755056864741564,-2.7055870958373744,0.8737373737373737,0.9772727272727273,0.213810101010101,0.4769231714308262,0.7,24.285714285714285,0.0,20.0,False
env_obs_noise,0.04335668505131919,0.014270914972418185,0.00397162292096508,0.05389158829034907,0.7538708238052818,-2.7230865653191794,0.8926174496644296,0.9798657718120806,0.23528322147651015,0.48884070944041014,0.7,24.428571428571427,0.0,20.0,False
env_obs_noise,0.04335668505131919,0.014270914972418185,0.00560673475076912,0.05389158647956168,0.7522052901233934,-2.7217605799783566,0.914572864321608,0.9857621440536013,0.2631350083752093,0.5208758462220431,0.7,24.5,0.0,20.0,False
env_obs_noise,0.04335668505131919,0.014270914972418185,0.007915019927884653,0.05371277818182974,0.7460813323665977,-2.705557332251134,0.9292845257903494,0.9891846921797005,0.2812692179700499,0.5237476922571659,0.65,23.692307692307693,0.0,20.0,False
env_obs_noise,0.04335668505131919,0.014270914972418185,0.011173623016536903,0.05362145524519695,0.7407582367792869,-2.665348368863536,0.9495867768595041,0.990909090909091,0.3032958677685951,0.5502480581402779,0.65,24.0,0.0,20.0,False
env_obs_noise,0.04335668505131919,0.014270914972418185,0.015773788626335192,0.05368978453939434,0.733761258010766,-2.600928497911474,0.9655737704918033,0.9918032786885246,0.32017704918032786,0.5815098658204079,0.65,24.384615384615383,0.0,20.0,False
env_obs_noise,0.04335668505131919,0.014270914972418185,0.02226783624792608,0.053793595783118785,0.7277822981476352,-2.5115696360669215,0.975609756097561,0.9967479674796748,0.3351577235772357,0.6389685809612274,0.65,24.76923076923077,0.0,20.0,False
env_obs_noise,0.04335668505131919,0.014270914972418185,0.03143547456548206,0.05362400641055452,0.7192403861805109,-2.4144528417173152,0.9799357945425361,0.9975922953451043,0.3403280898876404,0.691933873295784,0.65,25.384615384615383,0.0,20.0,False
env_obs_noise,0.04335668505131919,0.014270914972418185,0.044377417282700976,0.05357611811511376,0.7145916293907362,-2.3099724216887356,0.9889064976228209,0.9976228209191759,0.3493293185419968,0.7686980471014977,0.65,26.0,0.0,20.0,False
env_obs_noise,0.04335668505131919,0.014270914972418185,0.06264754045881119,0.0535761153990483,0.6975269566153167,-2.1679491670452995,0.9906542056074766,0.9976635514018691,0.3511177570093458,0.8358878761529922,0.55,24.636363636363637,0.0,20.0,False
env_obs_noise,0.04335668505131919,0.014270914972418185,0.08843944884256029,0.0534191315121417,0.686289211675141,-2.027655097526741,0.9923547400611621,0.9984709480122325,0.35362568807339456,0.9438706874847412,0.55,25.727272727272727,0.0,20.0,False
env_obs_noise,0.04335668505131919,0.014270914972418185,0.12484985131568332,0.053345088161171006,0.6768079667579675,-1.87120806129277,0.9969879518072289,1.0,0.3597879518072289,1.0711751028895378,0.5,25.4,0.0,20.0,False
env_obs_noise,0.04335668505131919,0.014270914972418185,0.17625036765320706,0.053252881122919184,0.6722655223562459,-1.7173365043593687,0.9970149253731343,1.0,0.3598149253731343,1.2119971439242363,0.5,26.0,0.0,20.0,False
env_obs_noise,0.04335668505131919,0.014270914972418185,0.24881240762830165,0.05298355303442746,0.6628292675402038,-1.5432801249525416,0.9970631424375918,1.0,0.35986314243759177,1.2999573603272438,0.5,27.1,0.0,20.0,False
env_obs_noise,0.04335668505131919,0.014270914972418185,0.351248142140631,0.05293255061998822,0.6540216063512758,-1.3692934732358124,0.9978323699421965,1.0,0.3606323699421965,1.349718728661537,0.45,27.0,0.0,20.0,False
env_obs_noise,0.04335668505131919,0.014270914972418185,0.4958565311644505,0.052961296970714895,0.6552725914242118,-1.2199845558917646,0.9992816091954023,1.0,0.36208160919540233,1.4056919291615486,0.45,27.444444444444443,0.0,20.0,False
env_obs_noise,0.04335668505131919,0.014270914972418185,0.7,0.05294183289244669,0.6560068000601084,-1.0577872980139669,0.9992826398852224,1.0,0.3620826398852224,1.4484932720661163,0.45,27.555555555555557,0.0,20.0,False
env_obs_noise,0.04335668505131919,0.02036590141499896,0.0010000000000000002,0.053963344714788086,0.7575284864060089,-2.5165454082295584,0.8621848739495799,0.9705882352941176,0.19557310924369753,0.49629172384738923,0.7,24.357142857142858,0.0,20.0,False
env_obs_noise,0.04335668505131919,0.02036590141499896,0.001411698658795815,0.05396334684699916,0.753999583246928,-2.5358629251289635,0.8693467336683417,0.9748743718592965,0.2070211055276382,0.4901217192411423,0.7,24.5,0.0,20.0,False
env_obs_noise,0.04335668505131919,0.02036590141499896,0.0019928931032459026,0.053963344678594136,0.7540654241994498,-2.55219333316741,0.88107202680067,0.9798994974874372,0.2237715242881072,0.5073605090379715,0.7,24.5,0.0,20.0,False
env_obs_noise,0.04335668505131919,0.02036590141499896,0.00281336452097567,0.05390505055260307,0.7528485036865376,-2.563873272944892,0.8956594323873122,0.9833055091819699,0.24176494156928208,0.5101412273943424,0.7,24.642857142857142,0.0,20.0,False
env_obs_noise,0.04335668505131919,0.02036590141499896,0.00397162292096508,0.05390504998793028,0.7510839417214161,-2.565830608031135,0.9116666666666666,0.985,0.2594666666666666,0.5304893542081117,0.7,24.714285714285715,0.0,20.0,False
env_obs_noise,0.04335668505131919,0.02036590141499896,0.00560673475076912,0.05379515229016682,0.7445329953513428,-2.5632854016807345,0.9239669421487603,0.9900826446280991,0.27684958677685945,0.5070333182811737,0.65,24.0,0.0,20.0,False
env_obs_noise,0.04335668505131919,0.02036590141499896,0.007915019927884653,0.053795151954284304,0.7434203709338981,-2.534260933458048,0.9389438943894389,0.9900990099009901,0.29184290429042903,0.5484450437128544,0.65,24.076923076923077,0.0,20.0,False
env_obs_noise,0.04335668505131919,0.02036590141499896,0.011173623016536903,0.053704480173002,0.7396612535329871,-2.492993795585966,0.9564860426929392,0.9909688013136289,0.3102548440065681,0.5810222432017327,0.65,24.307692307692307,0.0,20.0,False
env_obs_noise,0.04335668505131919,0.02036590141499896,0.015773788626335192,0.05370448107251287,0.7314312738210237,-2.424307537126352,0.9690553745928339,0.99185667752443,0.32371205211726384,0.6190018758177758,0.65,24.692307692307693,0.0,20.0,False
env_obs_noise,0.04335668505131919,0.02036590141499896,0.02226783624792608,0.05380753949088445,0.7251147852135869,-2.3405893484988383,0.9773828756058158,0.9975767366720517,0.33775961227786755,0.6718483522534371,0.65,25.076923076923077,0.0,20.0,False
env_obs_noise,0.04335668505131919,0.02036590141499896,0.03143547456548206,0.05358438956617198,0.720109680364259,-2.2538806825317046,0.9840510366826156,0.9976076555023924,0.344458692185008,0.7216495931148529,0.65,25.692307692307693,0.0,20.0,False
env_obs_noise,0.04335668505131919,0.02036590141499896,0.044377417282700976,0.05359112967073235,0.7085333176642871,-2.14239609740249,0.9897959183673469,0.9976452119309263,0.3502411302982732,0.7615061961114407,0.55,24.181818181818183,0.0,20.0,False
env_obs_noise,0.04335668505131919,0.02036590141499896,0.06264754045881119,0.05359112944983357,0.69498892890149,-2.0081332728892405,0.9922600619195047,0.9984520123839009,0.3535120743034056,0.866414125263691,0.55,25.0,0.0,20.0,False
env_obs_noise,0.04335668505131919,0.02036590141499896,0.08843944884256029,0.05343497180679567,0.6853708731313449,-1.8734321518482664,0.9939117199391172,0.9992389649923896,0.35595068493150683,0.9730626791715622,0.5,24.7,0.0,20.0,False
env_obs_noise,0.04335668505131919,0.02036590141499896,0.12484985131568332,0.05337921427824377,0.6776251990064168,-1.7257017760667859,0.9977511244377811,1.0,0.36055112443778115,1.1075328275561334,0.5,25.7,0.0,20.0,False
env_obs_noise,0.04335668505131919,0.02036590141499896,0.17625036765320706,0.05315312003525757,0.6676423709433132,-1.5626249448895668,0.9977843426883308,1.0,0.36058434268833084,1.2204326391220093,0.5,26.7,0.0,20.0,False
env_obs_noise,0.04335668505131919,0.02036590141499896,0.24881240762830165,0.052936334056968515,0.6603907934192055,-1.4028084209216933,0.9978165938864629,1.0,0.36061659388646294,1.309603750705719,0.5,27.7,0.0,20.0,False
env_obs_noise,0.04335668505131919,0.02036590141499896,0.351248142140631,0.052965230097333386,0.6548184714285881,-1.2353920045546092,0.9985632183908046,1.0,0.36136321839080465,1.3644005604088307,0.45,27.444444444444443,0.0,20.0,False
env_obs_noise,0.04335668505131919,0.02036590141499896,0.4958565311644505,0.05295978866206525,0.6560574067950874,-1.0827801388581955,1.0,1.0,0.3628,1.4299024417996407,0.45,27.77777777777778,0.0,20.0,False
env_obs_noise,0.04335668505131919,0.02036590141499896,0.7,0.052959787795297614,0.656792081872187,-0.9174057326124383,1.0,1.0,0.3628,1.4837814956903457,0.45,27.77777777777778,0.0,20.0,False
env_obs_noise,0.04335668505131919,0.029064004743010123,0.0010000000000000002,0.05397240796020565,0.7476174188357295,-2.3893577322127353,0.884742951907131,0.9817578772802653,0.22930082918739636,0.5176481986418366,0.65,23.846153846153847,0.0,20.0,False
env_obs_noise,0.04335668505131919,0.029064004743010123,0.001411698658795815,0.053972405891760576,0.7476594781582712,-2.394283159939551,0.8922056384742952,0.9834162520729685,0.2384218905472637,0.5285958386957645,0.65,23.846153846153847,0.0,20.0,False
env_obs_noise,0.04335668505131919,0.029064004743010123,0.0019928931032459026,0.05397240736302107,0.7477176360650285,-2.3970333789558484,0.9038142620232172,0.9850746268656716,0.25168888888888885,0.543714564293623,0.65,23.846153846153847,0.0,20.0,False
env_obs_noise,0.04335668505131919,0.029064004743010123,0.00281336452097567,0.05397240592169161,0.7477977538132641,-2.3954743862470225,0.9129353233830846,0.9867330016583747,0.26246832504145934,0.5641718596220017,0.65,23.846153846153847,0.0,20.0,False
env_obs_noise,0.04335668505131919,0.029064004743010123,0.00397162292096508,0.05397240830947138,0.7457009873972763,-2.388244505142239,0.9221854304635762,0.9892384105960265,0.2742238410596026,0.5806918613612652,0.65,23.923076923076923,0.0,20.0,False
env_obs_noise,0.04335668505131919,0.029064004743010123,0.00560673475076912,0.05370448360166179,0.7423184282493799,-2.3739921701851747,0.9358552631578947,0.9901315789473685,0.2887868421052632,0.5805204004049301,0.65,24.23076923076923,0.0,20.0,False
env_obs_noise,0.04335668505131919,0.029064004743010123,0.007915019927884653,0.05370448192649643,0.7387107878418433,-2.3438137891662434,0.9467213114754098,0.990983606557377,0.3005049180327869,0.606227594614029,0.65,24.384615384615383,0.0,20.0,False
env_obs_noise,0.04335668505131919,0.029064004743010123,0.011173623016536903,0.05370448373051666,0.7342107512337643,-2.295438778955875,0.9624796084828712,0.9918433931484503,0.31712300163132146,0.6413839221000671,0.65,24.615384615384617,0.0,20.0,False
env_obs_noise,0.04335668505131919,0.029064004743010123,0.015773788626335192,0.05379989241905907,0.7290339697345262,-2.2367815171250243,0.9749190938511327,0.9943365695792881,0.3320556634304208,0.6697082638740539,0.65,25.0,0.0,20.0,False
env_obs_noise,0.04335668505131919,0.029064004743010123,0.02226783624792608,0.05379989310024374,0.7207954070713118,-2.1547763882024307,0.9807383627608347,0.9975922953451043,0.341130658105939,0.7211207628250123,0.65,25.384615384615383,0.0,20.0,False
env_obs_noise,0.04335668505131919,0.029064004743010123,0.03143547456548206,0.053584389618439206,0.7146126166352387,-2.067565745060699,0.9849445324881141,0.9976228209191759,0.34536735340728997,0.7620298564434052,0.6,24.916666666666668,0.0,20.0,False
env_obs_noise,0.04335668505131919,0.029064004743010123,0.044377417282700976,0.05359112917795475,0.7095978720804047,-1.9643783761311746,0.9897959183673469,0.9976452119309263,0.3502411302982732,0.8473811656236648,0.55,24.181818181818183,0.0,20.0,False
env_obs_noise,0.04335668505131919,0.029064004743010123,0.06264754045881119,0.05352135909610731,0.6898519526389997,-1.8366333605846583,0.9923195084485407,0.9984639016897081,0.3535834101382488,0.910404522716999,0.55,25.454545454545453,0.0,20.0,False
env_obs_noise,0.04335668505131919,0.029064004743010123,0.08843944884256029,0.05343497321284226,0.6850365848317204,-1.7039135142350559,0.993920972644377,0.9992401215805471,0.35596109422492406,1.0485409840941429,0.5,24.8,0.0,20.0,False
env_obs_noise,0.04335668505131919,0.029064004743010123,0.12484985131568332,0.0532695316107055,0.6772792207602416,-1.5623768007693746,0.9977578475336323,1.0,0.3605578475336323,1.1710787743330002,0.5,25.9,0.0,20.0,False
env_obs_noise,0.04335668505131919,0.029064004743010123,0.17625036765320706,0.053091721581685486,0.6645682538461514,-1.3984609634965628,0.9977973568281938,1.0,0.3605973568281938,1.2687151804566383,0.5,27.1,0.0,20.0,False
env_obs_noise,0.04335668505131919,0.029064004743010123,0.24881240762830165,0.05292213955912737,0.6543664047001402,-1.2302536853127057,0.9978354978354979,1.0,0.36063549783549786,1.3443902671337127,0.45,27.11111111111111,0.0,20.0,False
env_obs_noise,0.04335668505131919,0.029064004743010123,0.351248142140631,0.05301092765366636,0.6557869107123327,-1.0827480362650928,0.9985652797704447,1.0,0.36136527977044475,1.4248473152518273,0.45,27.555555555555557,0.0,20.0,False
env_obs_noise,0.04335668505131919,0.029064004743010123,0.4958565311644505,0.05295978910431334,0.6560104300436004,-0.9226107738249067,1.0,1.0,0.3628,1.4962703511118889,0.45,27.88888888888889,0.0,20.0,False
env_obs_noise,0.04335668505131919,0.029064004743010123,0.7,0.05302999875113446,0.6567479119935151,-0.7616248711599347,1.0,1.0,0.3628,1.53887547403574,0.45,28.0,0.0,20.0,False
env_obs_noise,0.04335668505131919,0.04147699404454563,0.0010000000000000002,0.05388082180234602,0.7450526222708642,-2.213234072643112,0.9133663366336634,0.9867986798679867,0.26296501650165016,0.6220571860671044,0.65,24.076923076923077,0.0,20.0,False
env_obs_noise,0.04335668505131919,0.04147699404454563,0.001411698658795815,0.05388081977239996,0.7450898683247981,-2.211109655317962,0.9183168316831684,0.9876237623762376,0.268740594059406,0.6320076644420624,0.65,24.076923076923077,0.0,20.0,False
env_obs_noise,0.04335668505131919,0.04147699404454563,0.0019928931032459026,0.05388081949348647,0.7451417296139983,-2.2066294415629724,0.9232673267326733,0.9884488448844885,0.2745161716171618,0.6456605046987534,0.65,24.076923076923077,0.0,20.0,False
env_obs_noise,0.04335668505131919,0.04147699404454563,0.00281336452097567,0.05388082004190397,0.7438944975739427,-2.1976566422382766,0.92833607907743,0.9884678747940692,0.27960395387149917,0.656531186029315,0.65,24.153846153846153,0.0,20.0,False
env_obs_noise,0.04335668505131919,0.04147699404454563,0.00397162292096508,0.0537044814477667,0.7402646705283457,-2.186607851645824,0.9377049180327869,0.9901639344262295,0.2906688524590164,0.6509289853274822,0.65,24.384615384615383,0.0,20.0,False
env_obs_noise,0.04335668505131919,0.04147699404454563,0.00560673475076912,0.053697156357323444,0.7390076791972083,-2.1654955429111986,0.946078431372549,0.9901960784313726,0.2990745098039216,0.6652894146740437,0.65,24.53846153846154,0.0,20.0,False
env_obs_noise,0.04335668505131919,0.04147699404454563,0.007915019927884653,0.053697155801896025,0.7350432013507463,-2.1347364067681056,0.9592833876221498,0.99185667752443,0.3139400651465798,0.6887005612254142,0.65,24.692307692307693,0.0,20.0,False
env_obs_noise,0.04335668505131919,0.04147699404454563,0.011173623016536903,0.0537998911399964,0.7263384163211126,-2.0913936342295565,0.9725806451612903,0.9935483870967742,0.32892903225806447,0.6934277527034283,0.65,25.153846153846153,0.0,20.0,False
env_obs_noise,0.04335668505131919,0.04147699404454563,0.015773788626335192,0.053799892093896275,0.7251365478679852,-2.031693935700498,0.9806763285024155,0.9959742351046699,0.33945056360708536,0.7447386220097542,0.6,24.083333333333332,0.0,20.0,False
env_obs_noise,0.04335668505131919,0.04147699404454563,0.02226783624792608,0.05373250602070888,0.717141843217075,-1.9595860858719638,0.982484076433121,0.9976114649681529,0.3428955414012739,0.7806902714073658,0.6,24.666666666666668,0.0,20.0,False
env_obs_noise,0.04335668505131919,0.04147699404454563,0.03143547456548206,0.0534947696528709,0.7119269704273026,-1.8762883201087144,0.9866141732283464,0.9976377952755906,0.34705196850393705,0.8348451063036919,0.6,25.25,0.0,20.0,False
env_obs_noise,0.04335668505131919,0.04147699404454563,0.044377417282700976,0.05359112935941847,0.6993087987679021,-1.7734705771082413,0.9914596273291926,0.9976708074534162,0.35193043478260877,0.8923854887485504,0.55,24.818181818181817,0.0,20.0,False
env_obs_noise,0.04335668505131919,0.04147699404454563,0.06264754045881119,0.0534640669711619,0.6865884364438154,-1.6545389918196598,0.9923664122137404,0.9984732824427481,0.3536396946564886,0.9842747844755649,0.55,25.818181818181817,0.0,20.0,False
env_obs_noise,0.04335668505131919,0.04147699404454563,0.08843944884256029,0.05346395207456117,0.6814442826635387,-1.5275538182776633,0.9947129909365559,0.9992447129909365,0.3567577039274924,1.1188649863004685,0.5,25.2,0.0,20.0,False
env_obs_noise,0.04335668505131919,0.04147699404454563,0.12484985131568332,0.05326953090591919,0.6719499850873071,-1.3866231671606568,0.9977711738484398,1.0,0.36057117384843984,1.240067683160305,0.5,26.3,0.0,20.0,False
env_obs_noise,0.04335668505131919,0.04147699404454563,0.17625036765320706,0.053001755871819434,0.6579195421911956,-1.2205622509950103,0.9978165938864629,1.0,0.36061659388646294,1.3343479558825493,0.5,27.7,0.0,20.0,False
env_obs_noise,0.04335668505131919,0.04147699404454563,0.24881240762830165,0.052956090055645576,0.6555707199528159,-1.0736454394494646,0.9978417266187051,1.0,0.3606417266187051,1.416934235394001,0.45,27.333333333333332,0.0,20.0,False
env_obs_noise,0.04335668505131919,0.04147699404454563,0.351248142140631,0.05295978838675392,0.6569668760983715,-0.9276436890795041,0.9985693848354793,1.0,0.3613693848354793,1.490356333553791,0.45,27.77777777777778,0.0,20.0,False
env_obs_noise,0.04335668505131919,0.04147699404454563,0.4958565311644505,0.05311045147656225,0.657167461777849,-0.7656260757192003,1.0,1.0,0.3628,1.5697088062763214,0.45,28.0,0.0,20.0,False
env_obs_noise,0.04335668505131919,0.04147699404454563,0.7,0.053179985470255604,0.6564487252134447,-0.6014587530747215,1.0,1.0,0.3628,1.6077341243624688,0.45,28.22222222222222,0.0,20.0,False
env_obs_noise,0.04335668505131919,0.05919146553212061,0.0010000000000000002,0.05377295872373043,0.7385722278402942,-2.0016217181042224,0.9372964169381107,0.989413680781759,0.2895100977198697,0.6963936679065228,0.6,23.5,0.0,20.0,False
env_obs_noise,0.04335668505131919,0.05919146553212061,0.001411698658795815,0.053598761193106914,0.7364594660351514,-1.9991689146944525,0.939935064935065,0.989448051948052,0.29218311688311693,0.6850828178226948,0.6,23.666666666666668,0.0,20.0,False
env_obs_noise,0.04335668505131919,0.05919146553212061,0.0019928931032459026,0.05359876306102605,0.7365120845619448,-1.9916417781693705,0.9448051948051948,0.9910714285714286,0.2986766233766234,0.6975204139947891,0.6,23.666666666666668,0.0,20.0,False
env_obs_noise,0.04335668505131919,0.05919146553212061,0.00281336452097567,0.0537011392082341,0.7365852193825742,-1.9818242842378508,0.9497568881685575,0.9910858995137763,0.3036427876823339,0.7042393632233143,0.6,23.75,0.0,20.0,False
env_obs_noise,0.04335668505131919,0.05919146553212061,0.00397162292096508,0.05370113784059358,0.7345494101779495,-1.9667299161105571,0.9530744336569579,0.9919093851132686,0.30778381877022654,0.7171821936964988,0.6,23.833333333333332,0.0,20.0,False
env_obs_noise,0.04335668505131919,0.05919146553212061,0.00560673475076912,0.0537011380071176,0.7293776800699359,-1.9453039435223463,0.965378421900161,0.9927536231884058,0.32093204508856676,0.7210739523172378,0.6,24.083333333333332,0.0,20.0,False
env_obs_noise,0.04335668505131919,0.05919146553212061,0.007915019927884653,0.0537011391666715,0.7281303427631945,-1.9126029371620068,0.9710610932475884,0.9935691318327974,0.3274302250803858,0.7573755025863648,0.6,24.166666666666668,0.0,20.0,False
env_obs_noise,0.04335668505131919,0.05919146553212061,0.011173623016536903,0.05365319553373103,0.7246838688535796,-1.872948533081088,0.9792,0.9944,0.3363999999999999,0.7816958010196686,0.6,24.416666666666668,0.0,20.0,False
env_obs_noise,0.04335668505131919,0.05919146553212061,0.015773788626335192,0.05365319596967926,0.7142578787549917,-1.8177289361949962,0.9809825673534073,0.9960380348652932,0.3398206022187005,0.7981225699186325,0.6,24.916666666666668,0.0,20.0,False
env_obs_noise,0.04335668505131919,0.05919146553212061,0.02226783624792608,0.05364636731182841,0.7128957937991606,-1.7529646898020188,0.9858267716535433,0.9976377952755906,0.3462645669291339,0.8544370755553246,0.6,25.25,0.0,20.0,False
env_obs_noise,0.04335668505131919,0.05919146553212061,0.03143547456548206,0.05349601148101484,0.7053936644146975,-1.6736906854574056,0.9898911353032659,0.9976671850699844,0.3503583203732503,0.8897981896996499,0.55,24.727272727272727,0.0,20.0,False
env_obs_noise,0.04335668505131919,0.05919146553212061,0.044377417282700976,0.05349601043053885,0.6931132764262046,-1.5772327078083792,0.9915514592933948,0.9984639016897081,0.35281536098310295,0.9660190731287003,0.55,25.454545454545453,0.0,20.0,False
env_obs_noise,0.04335668505131919,0.05919146553212061,0.06264754045881119,0.05337039616951631,0.6849216608816717,-1.4663375877416338,0.992412746585736,0.9984825493171472,0.3536952959028832,1.0794626981019975,0.55,26.181818181818183,0.0,20.0,False
env_obs_noise,0.04335668505131919,0.05919146553212061,0.08843944884256029,0.05325158571796276,0.6784373945882132,-1.3462110644633714,0.9955156950672646,1.0,0.3583156950672646,1.1935124948620797,0.5,25.9,0.0,20.0,False
env_obs_noise,0.04335668505131919,0.05919146553212061,0.12484985131568332,0.05291395644914187,0.66721194246938,-1.210680210228717,0.9978038067349927,1.0,0.3606038067349927,1.2849804908037186,0.5,27.3,0.0,20.0,False
env_obs_noise,0.04335668505131919,0.05919146553212061,0.17625036765320706,0.052849494334367746,0.6570544627707631,-1.0538087844471387,0.9978354978354979,1.0,0.36063549783549786,1.3950574234128,0.45,27.11111111111111,0.0,20.0,False
env_obs_noise,0.04335668505131919,0.05919146553212061,0.24881240762830165,0.052896584219695224,0.6570494812330454,-0.9159927814762292,0.9978540772532188,1.0,0.36065407725321885,1.484419697523117,0.45,27.77777777777778,0.0,20.0,False
env_obs_noise,0.04335668505131919,0.05919146553212061,0.351248142140631,0.05302467406115548,0.6559711559460946,-0.7622604923654523,0.9985795454545454,1.0,0.3613795454545454,1.557179506123066,0.45,28.333333333333332,0.0,20.0,False
env_obs_noise,0.04335668505131919,0.05919146553212061,0.4958565311644505,0.0530237548095647,0.6571245258349744,-0.6096989443839105,1.0,1.0,0.3628,1.6153909586369992,0.4,27.25,0.0,20.0,False
env_obs_noise,0.04335668505131919,0.05919146553212061,0.7,0.052993479191419175,0.65606632820388,-0.429706625143964,1.0,1.0,0.3628,1.6487203225493432,0.4,28.0,0.0,20.0,False
env_obs_noise,0.04335668505131919,0.08447163717017145,0.0010000000000000002,0.053641180135684724,0.7289161355200605,-1.7632146459111557,0.9591346153846154,0.9919871794871795,0.31392179487179495,0.8044527880847454,0.6,24.333333333333332,0.0,20.0,False
env_obs_noise,0.04335668505131919,0.08447163717017145,0.001411698658795815,0.05364118053384266,0.7289491689159389,-1.7574832941671463,0.9615384615384616,0.9919871794871795,0.3163256410256411,0.8122411340475082,0.6,24.333333333333332,0.0,20.0,False
env_obs_noise,0.04335668505131919,0.08447163717017145,0.0019928931032459026,0.05364118108563433,0.7270392736777446,-1.750403232114286,0.964,0.9928,0.3196,0.8132165379822254,0.6,24.416666666666668,0.0,20.0,False
env_obs_noise,0.04335668505131919,0.08447163717017145,0.00281336452097567,0.05364117975147109,0.723807009010938,-1.7404284923178108,0.9665071770334929,0.9936204146730463,0.3229275917065392,0.8091855049133301,0.6,24.583333333333332,0.0,20.0,False
env_obs_noise,0.04335668505131919,0.08447163717017145,0.00397162292096508,0.05364117886820053,0.7224968719667336,-1.7244017985981133,0.9697452229299363,0.9936305732484076,0.3261757961783439,0.8251617379486561,0.6,24.666666666666668,0.0,20.0,False
env_obs_noise,0.04335668505131919,0.08447163717017145,0.00560673475076912,0.0536411785874751,0.7175004039810253,-1.7043606830358085,0.973851030110935,0.9944532488114105,0.3311042789223455,0.8236130684614181,0.6,24.916666666666668,0.0,20.0,False
env_obs_noise,0.04335668505131919,0.08447163717017145,0.007915019927884653,0.05364118066208975,0.7159628714890591,-1.6752097809928714,0.9802215189873418,0.995253164556962,0.3382746835443038,0.8512659154832363,0.6,25.0,0.0,20.0,False
env_obs_noise,0.04335668505131919,0.08447163717017145,0.011173623016536903,0.05368619326710793,0.7130845548478073,-1.6369894582140108,0.984251968503937,0.9960629921259843,0.3431149606299213,0.8760136291384697,0.6,25.25,0.0,20.0,False
env_obs_noise,0.04335668505131919,0.08447163717017145,0.015773788626335192,0.05366786942945744,0.7080826215492922,-1.5882678176970344,0.985133020344288,0.9976525821596244,0.34558560250391235,0.9009900078177452,0.55,24.363636363636363,0.0,20.0,False
env_obs_noise,0.04335668505131919,0.08447163717017145,0.02226783624792608,0.05338898470648498,0.7049902208040919,-1.5306707037093914,0.9899068322981367,0.9976708074534162,0.3503776397515529,0.9425901845097542,0.55,24.818181818181817,0.0,20.0,False
env_obs_noise,0.04335668505131919,0.08447163717017145,0.03143547456548206,0.05348474358421568,0.6985603797015016,-1.4574759869441822,0.9907550077041603,0.9984591679506933,0.3520141756548536,1.0106702253222466,0.55,25.272727272727273,0.0,20.0,False
env_obs_noise,0.04335668505131919,0.08447163717017145,0.044377417282700976,0.05341600246955365,0.6856814694387361,-1.368028953998816,0.9916540212443096,0.9984825493171472,0.3529365705614568,1.0715512298047543,0.55,26.181818181818183,0.0,20.0,False
env_obs_noise,0.04335668505131919,0.08447163717017145,0.06264754045881119,0.0533605060456376,0.6821988387829423,-1.2706596869787845,0.9924924924924925,0.9984984984984985,0.353790990990991,1.17593714594841,0.5,25.6,0.0,20.0,False
env_obs_noise,0.04335668505131919,0.08447163717017145,0.08843944884256029,0.05310818810572076,0.6740211537547418,-1.1557373364710921,0.9963072378138847,1.0,0.35910723781388476,1.2878441467881203,0.5,26.7,0.0,20.0,False
env_obs_noise,0.04335668505131919,0.08447163717017145,0.12484985131568332,0.052904947379767635,0.6596348316650062,-1.0160251439299735,0.9978260869565218,1.0,0.36062608695652176,1.394828173518181,0.5,28.0,0.0,20.0,False
env_obs_noise,0.04335668505131919,0.08447163717017145,0.17625036765320706,0.05285945490353632,0.6572854140730281,-0.8862008189209017,0.9978540772532188,1.0,0.36065407725321885,1.4825175672769546,0.45,27.77777777777778,0.0,20.0,False
env_obs_noise,0.04335668505131919,0.08447163717017145,0.24881240762830165,0.05301560118065583,0.6564454395003313,-0.7442069707429052,0.997872340425532,1.0,0.360672340425532,1.5713093489408494,0.45,28.444444444444443,0.0,20.0,False
env_obs_noise,0.04335668505131919,0.08447163717017145,0.351248142140631,0.05294555308357297,0.6561760601501904,-0.584929582500143,0.998589562764457,1.0,0.361389562764457,1.6485102370381355,0.4,27.625,0.0,20.0,False
env_obs_noise,0.04335668505131919,0.08447163717017145,0.4958565311644505,0.05306183663422615,0.6580242547478583,-0.420828430681425,1.0,1.0,0.3628,1.7060799956321717,0.35,27.0,0.0,20.0,False
env_obs_noise,0.04335668505131919,0.08447163717017145,0.7,0.05306183786791948,0.6587557001108224,-0.26067702967569045,1.0,1.0,0.3628,1.756001092493534,0.35,27.0,0.0,20.0,False
env_obs_noise,0.04335668505131919,0.12054875516364763,0.0010000000000000002,0.05370973232593078,0.7128485615742175,-1.5016732926069771,0.9764890282131662,0.9952978056426333,0.33458683385579946,0.9236165203154088,0.6,25.5,0.0,20.0,False
env_obs_noise,0.04335668505131919,0.12054875516364763,0.001411698658795815,0.05370973216687948,0.712882753442987,-1.4962822320456346,0.9780564263322884,0.9952978056426333,0.33615423197492167,0.9305497668683529,0.6,25.5,0.0,20.0,False
env_obs_noise,0.04335668505131919,0.12054875516364763,0.0019928931032459026,0.05370973185347851,0.7111027771173112,-1.489618916282199,0.9788732394366197,0.9953051643192489,0.3369784037558686,0.9308820009231568,0.6,25.583333333333332,0.0,20.0,False
env_obs_noise,0.04335668505131919,0.12054875516364763,0.00281336452097567,0.05370973018950124,0.7111736981298354,-1.4792102609721192,0.9820031298904538,0.9953051643192489,0.3401082942097027,0.935124846547842,0.55,24.363636363636363,0.0,20.0,False
env_obs_noise,0.04335668505131919,0.12054875516364763,0.00397162292096508,0.053709730360532934,0.7099474186151371,-1.4648478007069774,0.9828125,0.9953125,0.34092500000000003,0.9479306742548943,0.55,24.454545454545453,0.0,20.0,False
env_obs_noise,0.04335668505131919,0.12054875516364763,0.00560673475076912,0.05370973228459069,0.7082360436247477,-1.4459034480015212,0.983619344773791,0.9953198127925117,0.3417391575663027,0.9638888970017433,0.55,24.545454545454547,0.0,20.0,False
env_obs_noise,0.04335668505131919,0.12054875516364763,0.007915019927884653,0.053691450025289106,0.7048748594292847,-1.422309020499415,0.985248447204969,0.9961180124223602,0.34416645962732917,0.9738752827048301,0.55,24.818181818181817,0.0,20.0,False
env_obs_noise,0.04335668505131919,0.12054875516364763,0.011173623016536903,0.05369145160944794,0.7051348390801718,-1.387892509325427,0.9875776397515528,0.9976708074534162,0.34804844720496897,1.020091600716114,0.55,24.818181818181817,0.0,20.0,False
env_obs_noise,0.04335668505131919,0.12054875516364763,0.015773788626335192,0.05341415392037858,0.700391848335168,-1.3483650940891814,0.9892307692307692,0.9984615384615385,0.35049230769230777,1.0325667507946492,0.55,25.363636363636363,0.0,20.0,False
env_obs_noise,0.04335668505131919,0.12054875516364763,0.02226783624792608,0.05350920800167119,0.6958595655558892,-1.294317824591987,0.9908256880733946,0.9984709480122325,0.352096636085627,1.0800821140408516,0.55,25.727272727272727,0.0,20.0,False
env_obs_noise,0.04335668505131919,0.12054875516364763,0.03143547456548206,0.053509207545209304,0.688899858291134,-1.2285978712089334,0.9916540212443096,0.9984825493171472,0.3529365705614568,1.1435230106115342,0.55,26.181818181818183,0.0,20.0,False
env_obs_noise,0.04335668505131919,0.12054875516364763,0.044377417282700976,0.05341359002696039,0.680407257500317,-1.1508194432834578,0.9917664670658682,0.9985029940119761,0.3530694610778443,1.2113399520516395,0.55,27.0,0.0,20.0,False
env_obs_noise,0.04335668505131919,0.12054875516364763,0.06264754045881119,0.05315888224349652,0.6751170819483682,-1.0597166513223415,0.9940915805022157,0.9992614475627769,0.3561530280649926,1.3021330073475839,0.5,26.7,0.0,20.0,False
env_obs_noise,0.04335668505131919,0.12054875516364763,0.08843944884256029,0.05293211958741421,0.6620532484563958,-0.9464516613475382,0.9971056439942113,1.0,0.3599056439942113,1.3955404803156852,0.5,28.1,0.0,20.0,False
env_obs_noise,0.04335668505131919,0.12054875516364763,0.12484985131568332,0.05285452614518884,0.6582208342608354,-0.8271794488737014,0.9978540772532188,1.0,0.36065407725321885,1.508198744058609,0.45,27.77777777777778,0.0,20.0,False
env_obs_noise,0.04335668505131919,0.12054875516364763,0.17625036765320706,0.053063941505442594,0.6572357900437427,-0.701485607785118,0.997872340425532,1.0,0.360672340425532,1.616228799521923,0.45,28.444444444444443,0.0,20.0,False
env_obs_noise,0.04335668505131919,0.12054875516364763,0.24881240762830165,0.053048867482986796,0.6579238955107797,-0.5482419528122814,0.9986033519553073,1.0,0.36140335195530726,1.6869151338934898,0.35,27.0,0.0,20.0,False
env_obs_noise,0.04335668505131919,0.12054875516364763,0.351248142140631,0.05299746904051297,0.6576932087578767,-0.40502585424178555,0.9986111111111111,1.0,0.3614111111111111,1.7478384867310524,0.35,27.571428571428573,0.0,20.0,False
env_obs_noise,0.04335668505131919,0.12054875516364763,0.4958565311644505,0.053021615399533505,0.6586934336718725,-0.25507929193615814,1.0,1.0,0.3628,1.810453575849533,0.35,27.714285714285715,0.0,20.0,False
env_obs_noise,0.04335668505131919,0.12054875516364763,0.7,0.05315390401036463,0.6594181362195142,-0.10113390408709017,1.0,1.0,0.3628,1.8403056845068932,0.3,26.0,0.0,20.0,False
env_obs_noise,0.04335668505131919,0.17203410349712728,0.0010000000000000002,0.053629505956441614,0.7007533426905109,-1.218902514573977,0.9869029275808937,0.9961479198767335,0.3458508474576272,1.1266482889652252,0.55,25.272727272727273,0.0,20.0,False
env_obs_noise,0.04335668505131919,0.17203410349712728,0.001411698658795815,0.05362950491380751,0.7007865228756441,-1.2143618430857448,0.9869029275808937,0.9969183359013868,0.3466212634822805,1.132681941986084,0.55,25.272727272727273,0.0,20.0,False
env_obs_noise,0.04335668505131919,0.17203410349712728,0.0019928931032459026,0.05362950502090727,0.6991553129259668,-1.208795141155123,0.9869230769230769,0.9969230769230769,0.3466461538461538,1.1322879478335381,0.55,25.363636363636363,0.0,20.0,False
env_obs_noise,0.04335668505131919,0.17203410349712728,0.00281336452097567,0.053629504796500325,0.6975127956011181,-1.2007742618597301,0.9877112135176651,0.9976958525345622,0.3482070660522273,1.1353771850466727,0.55,25.454545454545453,0.0,20.0,False
env_obs_noise,0.04335668505131919,0.17203410349712728,0.00397162292096508,0.05362950329542844,0.6976032271247761,-1.1887677406300992,0.9877112135176651,0.9976958525345622,0.3482070660522273,1.1520178273320199,0.55,25.454545454545453,0.0,20.0,False
env_obs_noise,0.04335668505131919,0.17203410349712728,0.00560673475076912,0.053629504830672865,0.6959210553795917,-1.1730208616844828,0.9877300613496932,0.9984662576687117,0.3489963190184049,1.1673123851418494,0.55,25.545454545454547,0.0,20.0,False
env_obs_noise,0.04335668505131919,0.17203410349712728,0.007915019927884653,0.053464065832850245,0.6926663279292827,-1.153844389478773,0.9885670731707317,0.9984756097560976,0.3498426829268293,1.1668976619839668,0.55,25.90909090909091,0.0,20.0,False
env_obs_noise,0.04335668505131919,0.17203410349712728,0.011173623016536903,0.05335371100145109,0.6914132444820366,-1.1258270701600588,0.9893617021276596,0.9984802431610942,0.3506419452887538,1.1928472757339477,0.55,26.09090909090909,0.0,20.0,False
env_obs_noise,0.04335668505131919,0.17203410349712728,0.015773788626335192,0.053477404085186496,0.6866570204777082,-1.0917350605896365,0.9909502262443439,0.9984917043740573,0.35224193061840126,1.2084192521870136,0.55,26.545454545454547,0.0,20.0,False
env_obs_noise,0.04335668505131919,0.17203410349712728,0.02226783624792608,0.053427318639138924,0.6830756037542438,-1.0477613414707505,0.9910179640718563,0.9985029940119761,0.35232095808383235,1.2450554803013802,0.55,27.0,0.0,20.0,False
env_obs_noise,0.04335668505131919,0.17203410349712728,0.03143547456548206,0.05342731919114831,0.677788243307403,-0.9882582708263118,0.9925595238095238,0.9985119047619048,0.3538714285714286,1.3178833588957786,0.55,27.363636363636363,0.0,20.0,False
env_obs_noise,0.04335668505131919,0.17203410349712728,0.044377417282700976,0.05317475815140294,0.673653434410144,-0.9212986908934404,0.9941176470588236,0.9992647058823529,0.3561823529411765,1.3800979912281037,0.5,27.0,0.0,20.0,False
env_obs_noise,0.04335668505131919,0.17203410349712728,0.06264754045881119,0.052875625288654735,0.6651653224004769,-0.8324322567028781,0.9942112879884226,1.0,0.35701128798842263,1.472821907699108,0.5,28.1,0.0,20.0,False
env_obs_noise,0.04335668505131919,0.17203410349712728,0.08843944884256029,0.052798965885778336,0.6580594033984507,-0.7367689759401267,0.9978601997146933,1.0,0.3606601997146933,1.5623414814472198,0.45,28.0,0.0,20.0,False
env_obs_noise,0.04335668505131919,0.17203410349712728,0.12484985131568332,0.05300842091140901,0.6569577365074891,-0.629832765526874,0.9978783592644979,1.0,0.36067835926449787,1.6769820854067803,0.45,28.666666666666668,0.0,20.0,False
env_obs_noise,0.04335668505131919,0.17203410349712728,0.17625036765320706,0.052904610586163386,0.6563141702380652,-0.4950201765573901,0.9979166666666667,1.0,0.3607166666666667,1.7493144646286964,0.35,27.571428571428573,0.0,20.0,False
env_obs_noise,0.04335668505131919,0.17203410349712728,0.24881240762830165,0.052967539546358834,0.656205664713394,-0.3650973631597789,0.9986187845303868,1.0,0.3614187845303868,1.824033761024475,0.35,28.142857142857142,0.0,20.0,False
env_obs_noise,0.04335668505131919,0.17203410349712728,0.351248142140631,0.053099597552072386,0.6573279896079388,-0.22623736144441636,0.9993103448275862,1.0,0.3621103448275862,1.8981741055846215,0.35,28.285714285714285,0.0,20.0,False
env_obs_noise,0.04335668505131919,0.17203410349712728,0.4958565311644505,0.05310876447438121,0.6581930494870255,-0.0810417006627514,1.0,1.0,0.3628,1.9457477122545241,0.3,26.666666666666668,0.0,20.0,False
env_obs_noise,0.04335668505131919,0.17203410349712728,0.7,0.053108762905441254,0.6573346379667659,0.07138900741223106,1.0,1.0,0.3628,1.9840520977973939,0.3,26.833333333333332,0.0,20.0,False
env_obs_noise,0.04335668505131919,0.24550840633636933,0.0010000000000000002,0.053400811032814535,0.6829376733084037,-0.9267824074202011,0.9895052473763118,0.9985007496251874,0.3508059970014993,1.3530722543597222,0.55,26.90909090909091,0.0,20.0,False
env_obs_noise,0.04335668505131919,0.24550840633636933,0.001411698658795815,0.053400811446675786,0.6829692269388294,-0.9231734129821139,0.9895052473763118,0.9985007496251874,0.3508059970014993,1.358590543270111,0.55,26.90909090909091,0.0,20.0,False
env_obs_noise,0.04335668505131919,0.24550840633636933,0.0019928931032459026,0.05349499272792776,0.683013531292001,-0.9188502428064896,0.9902694610778443,0.9985029940119761,0.3515724550898204,1.3582387149333954,0.55,27.0,0.0,20.0,False
env_obs_noise,0.04335668505131919,0.24550840633636933,0.00281336452097567,0.05349499366819075,0.6830758053824348,-0.9118827473398906,0.9902694610778443,0.9985029940119761,0.3515724550898204,1.3690360128879546,0.55,27.0,0.0,20.0,False
env_obs_noise,0.04335668505131919,0.24550840633636933,0.00397162292096508,0.05338493991668047,0.6831632504266214,-0.9030298419369793,0.9902840059790733,0.9985052316890882,0.3515892376681615,1.375992776453495,0.55,27.09090909090909,0.0,20.0,False
env_obs_noise,0.04335668505131919,0.24550840633636933,0.00560673475076912,0.05331783334463236,0.6814809004320106,-0.8913556893545111,0.9903129657228018,0.9985096870342772,0.35162265275707905,1.3807593017816544,0.55,27.272727272727273,0.0,20.0,False
env_obs_noise,0.04335668505131919,0.24550840633636933,0.007915019927884653,0.05331783488208873,0.6770355769309669,-0.8752559787323343,0.9918397626112759,0.9985163204747775,0.3531560830860534,1.3857314333319664,0.55,27.545454545454547,0.0,20.0,False
env_obs_noise,0.04335668505131919,0.24550840633636933,0.011173623016536903,0.05331783482929637,0.6761318511319208,-0.8520672423031217,0.9918518518518519,0.9985185185185185,0.35317037037037036,1.4179097980260849,0.55,27.636363636363637,0.0,20.0,False
env_obs_noise,0.04335668505131919,0.24550840633636933,0.015773788626335192,0.05316542364133709,0.6705221960190989,-0.8237782158219356,0.9919236417033774,0.9985315712187959,0.3532552129221733,1.4264829561114312,0.55,28.181818181818183,0.0,20.0,False
env_obs_noise,0.04335668505131919,0.24550840633636933,0.02226783624792608,0.053001362069139406,0.6650461366536679,-0.7853179352728095,0.9934497816593887,0.9992721979621543,0.35552197962154297,1.4551075503230095,0.55,28.727272727272727,0.0,20.0,False
env_obs_noise,0.04335668505131919,0.24550840633636933,0.03143547456548206,0.052971738921197144,0.6639770028854725,-0.7355595114000716,0.9942028985507246,0.9992753623188406,0.35627826086956527,1.5165760278701783,0.45,26.77777777777778,0.0,20.0,False
env_obs_noise,0.04335668505131919,0.24550840633636933,0.044377417282700976,0.0527933176390845,0.6586605806737499,-0.6768633114348289,0.9942857142857143,0.9992857142857143,0.3563714285714287,1.5728646323084832,0.45,27.88888888888889,0.0,20.0,False
env_obs_noise,0.04335668505131919,0.24550840633636933,0.06264754045881119,0.05284461295999192,0.6550118395088019,-0.6004346382081065,0.9964589235127479,1.0,0.3592589235127479,1.685890905559063,0.45,28.555555555555557,0.0,20.0,False
env_obs_noise,0.04335668505131919,0.24550840633636933,0.08843944884256029,0.05292617834918247,0.6526544354850571,-0.5046222801323977,0.9979195561719834,1.0,0.36071955617198337,1.7636316061019897,0.35,27.714285714285715,0.0,20.0,False
env_obs_noise,0.04335668505131919,0.24550840633636933,0.12484985131568332,0.05292910628673374,0.6526339933898896,-0.40436137508342945,0.9979310344827587,1.0,0.3607310344827587,1.8661872744560242,0.35,28.285714285714285,0.0,20.0,False
env_obs_noise,0.04335668505131919,0.24550840633636933,0.17625036765320706,0.05297712478201172,0.6524652157418724,-0.29550674896723994,0.9979423868312757,1.0,0.3607423868312757,1.946378080546856,0.35,28.857142857142858,0.0,20.0,False
env_obs_noise,0.04335668505131919,0.24550840633636933,0.24881240762830165,0.053062678662676104,0.6522623316472305,-0.17509322849520673,0.9986338797814208,1.0,0.36143387978142083,2.0150558933615685,0.35,29.285714285714285,0.0,20.0,False
env_obs_noise,0.04335668505131919,0.24550840633636933,0.351248142140631,0.05304690470249017,0.6503123471129633,-0.04155780387145623,0.9993197278911564,1.0,0.36211972789115643,2.059906207025051,0.3,28.166666666666668,0.0,20.0,False
env_obs_noise,0.04335668505131919,0.24550840633636933,0.4958565311644505,0.05304690454226544,0.6509809241985958,0.10041956947438944,1.0,1.0,0.3628,2.1061815559864043,0.3,28.166666666666668,0.0,20.0,False
env_obs_noise,0.04335668505131919,0.24550840633636933,0.7,0.05304690627620614,0.6501233586870412,0.24944568648165538,1.0,1.0,0.3628,2.147898258268833,0.3,28.333333333333332,0.0,20.0,False
env_obs_noise,0.04335668505131919,0.35036295918402205,0.0010000000000000002,0.05291684782224575,0.6598484634053786,-0.628764798755731,0.992816091954023,0.9992816091954023,0.3548977011494253,1.5906834304332733,0.5,28.6,0.0,20.0,False
env_obs_noise,0.04335668505131919,0.35036295918402205,0.001411698658795815,0.0529168461638557,0.6598793907989798,-0.6259672089588338,0.992816091954023,0.9992816091954023,0.3548977011494253,1.5957350321114063,0.5,28.6,0.0,20.0,False
env_obs_noise,0.04335668505131919,0.35036295918402205,0.0019928931032459026,0.052916846350307266,0.6599226708525008,-0.622058412477141,0.992816091954023,0.9992816091954023,0.3548977011494253,1.6028306804597379,0.5,28.6,0.0,20.0,False
env_obs_noise,0.04335668505131919,0.35036295918402205,0.00281336452097567,0.052916847669588506,0.6599836097596934,-0.6166174971836721,0.992816091954023,0.9992816091954023,0.3548977011494253,1.612776719033718,0.5,28.6,0.0,20.0,False
env_obs_noise,0.04335668505131919,0.35036295918402205,0.00397162292096508,0.05292218100026973,0.6586914080489236,-0.6102512851915802,0.9928366762177651,0.9992836676217765,0.3549203438395415,1.6122088797390461,0.5,28.8,0.0,20.0,False
env_obs_noise,0.04335668505131919,0.35036295918402205,0.00560673475076912,0.05296800994936631,0.6588065438809316,-0.6005397265746009,0.9928469241773963,0.9992846924177397,0.35493161659513595,1.6239491418004035,0.5,28.9,0.0,20.0,False
env_obs_noise,0.04335668505131919,0.35036295918402205,0.007915019927884653,0.05296801053660784,0.6578431825754607,-0.586650766583132,0.9928571428571429,0.9992857142857143,0.3549428571428572,1.6371886774897575,0.45,27.88888888888889,0.0,20.0,False
env_obs_noise,0.04335668505131919,0.35036295918402205,0.011173623016536903,0.05295172893276786,0.657122699910121,-0.5689647900314487,0.9943100995732574,0.9992887624466572,0.35639886201991466,1.653130093216896,0.45,28.22222222222222,0.0,20.0,False
env_obs_noise,0.04335668505131919,0.35036295918402205,0.015773788626335192,0.05297496794923438,0.6574365492461939,-0.5443418093401348,0.9943181818181818,0.9992897727272727,0.3564079545454545,1.6968562841415404,0.45,28.333333333333332,0.0,20.0,False
env_obs_noise,0.04335668505131919,0.35036295918402205,0.02226783624792608,0.05307287267365543,0.6539781513493733,-0.5136885504264781,0.9943661971830986,1.0,0.3571661971830986,1.7246495090425014,0.45,29.0,0.0,20.0,False
env_obs_noise,0.04335668505131919,0.35036295918402205,0.03143547456548206,0.05291209213433834,0.6493494820593065,-0.4737080017371349,0.9951117318435754,1.0,0.3579117318435754,1.7696035102009773,0.4,28.5,0.0,20.0,False
env_obs_noise,0.04335668505131919,0.35036295918402205,0.044377417282700976,0.05292617829339563,0.6449303003715304,-0.4183164196192767,0.9958563535911602,1.0,0.3586563535911602,1.8486645609140395,0.4,29.5,0.0,20.0,False
env_obs_noise,0.04335668505131919,0.35036295918402205,0.06264754045881119,0.05293886114311295,0.6441482940840524,-0.34986640561480487,0.9965940054495913,1.0,0.3593940054495913,1.9353509061038494,0.35,29.571428571428573,0.0,20.0,False
env_obs_noise,0.04335668505131919,0.35036295918402205,0.08843944884256029,0.05293128848238154,0.6439950057503158,-0.2746268316382759,0.9979674796747967,1.0,0.3607674796747967,2.0228513672947885,0.35,30.142857142857142,0.0,20.0,False
env_obs_noise,0.04335668505131919,0.35036295918402205,0.12484985131568332,0.053046903091959974,0.6423372632896049,-0.18635934891279157,0.9979784366576819,1.0,0.36077843665768194,2.1007854118943214,0.35,30.714285714285715,0.0,20.0,False
env_obs_noise,0.04335668505131919,0.35036295918402205,0.17625036765320706,0.0531110762198398,0.6420594259729646,-0.08396951253741183,0.9986559139784946,1.0,0.36145591397849464,2.167966350913048,0.3,29.666666666666668,0.0,20.0,False
env_obs_noise,0.04335668505131919,0.35036295918402205,0.24881240762830165,0.05308585287533618,0.6404299886481227,0.031019277316507363,0.998661311914324,1.0,0.36146131191432396,2.223364540189505,0.3,30.166666666666668,0.0,20.0,False
env_obs_noise,0.04335668505131919,0.35036295918402205,0.351248142140631,0.05318790073291357,0.6411976735066578,0.15586732100634476,1.0,1.0,0.3628,2.2738710775971414,0.3,30.333333333333332,0.0,20.0,False
env_obs_noise,0.04335668505131919,0.35036295918402205,0.4958565311644505,0.053093092011889914,0.6403663787700731,0.2890513023286666,1.0,1.0,0.3628,2.297196824848652,0.3,30.833333333333332,0.0,20.0,False
env_obs_noise,0.04335668505131919,0.35036295918402205,0.7,0.05309309331777328,0.6408777570176207,0.43272272998352335,1.0,1.0,0.3628,2.3325752064585688,0.3,30.833333333333332,0.0,20.0,False
env_obs_noise,0.04335668505131919,0.5,0.0010000000000000002,0.052941971719647075,0.6506895993065694,-0.319229960814038,0.9951590594744122,1.0,0.3579590594744122,1.982523786276579,0.4,29.375,0.0,20.0,False
env_obs_noise,0.04335668505131919,0.5,0.001411698658795815,0.05294197179111199,0.6507199584886549,-0.31713958016193905,0.9951590594744122,1.0,0.3579590594744122,1.9870304055511951,0.4,29.375,0.0,20.0,False
env_obs_noise,0.04335668505131919,0.5,0.0019928931032459026,0.05294197179771769,0.6507625481539377,-0.3142115521637164,0.9951590594744122,1.0,0.3579590594744122,1.9933701649308204,0.4,29.375,0.0,20.0,False
env_obs_noise,0.04335668505131919,0.5,0.00281336452097567,0.05294196934458775,0.6508224219601694,-0.31012302086069127,0.9951590594744122,1.0,0.3579590594744122,2.002273826301098,0.4,29.375,0.0,20.0,False
env_obs_noise,0.04335668505131919,0.5,0.00397162292096508,0.0529419721131085,0.6480896366328559,-0.3052980001793255,0.9951724137931034,1.0,0.3579724137931034,2.001791001111269,0.4,29.625,0.0,20.0,False
env_obs_noise,0.04335668505131919,0.5,0.00560673475076912,0.05294196928270826,0.6482132729329807,-0.2973875083777574,0.9951724137931034,1.0,0.3579724137931034,2.0193655349314215,0.4,29.625,0.0,20.0,False
env_obs_noise,0.04335668505131919,0.5,0.007915019927884653,0.05287297851823974,0.648385988342894,-0.28764574415735983,0.9951856946354883,1.0,0.35798569463548835,2.030626883357763,0.4,29.875,0.0,20.0,False
env_obs_noise,0.04335668505131919,0.5,0.011173623016536903,0.052872977349816566,0.6446284039474548,-0.27398567838652743,0.9952054794520548,1.0,0.35800547945205485,2.046794568747282,0.4,30.25,0.0,20.0,False
env_obs_noise,0.04335668505131919,0.5,0.015773788626335192,0.05285498933508813,0.6435700398936727,-0.2558814850490463,0.9959128065395095,1.0,0.35871280653950954,2.068506832420826,0.4,30.75,0.0,20.0,False
env_obs_noise,0.04335668505131919,0.5,0.02226783624792608,0.052873720810107,0.6430063091863013,-0.22689355865053432,0.9959677419354839,1.0,0.3587677419354839,2.1104102056473493,0.35,31.0,0.0,20.0,False
env_obs_noise,0.04335668505131919,0.5,0.03143547456548206,0.05291180871308207,0.639724050224842,-0.19445640260078265,0.9959946595460614,1.0,0.3587946595460614,2.1528604593127967,0.35,31.714285714285715,0.0,20.0,False
env_obs_noise,0.04335668505131919,0.5,0.044377417282700976,0.053105354145133295,0.63930556077566,-0.15154411618971972,0.9966755319148937,1.0,0.3594755319148937,2.215379159897566,0.3,31.0,0.0,20.0,False
env_obs_noise,0.04335668505131919,0.5,0.06264754045881119,0.05306178062711374,0.6378799173561314,-0.09767674626994642,0.9986772486772487,1.0,0.36147724867724873,2.284824014082551,0.3,31.666666666666668,0.0,20.0,False
env_obs_noise,0.04335668505131919,0.5,0.08843944884256029,0.05313778496841398,0.6374740989863166,-0.032801570153310214,0.9986824769433466,1.0,0.36148247694334656,2.349962880462408,0.3,32.166666666666664,0.0,20.0,False
env_obs_noise,0.04335668505131919,0.5,0.12484985131568332,0.05313778131206564,0.6342689134142041,0.045602147431680284,0.9986876640419947,1.0,0.3614876640419947,2.4056683078408243,0.3,32.666666666666664,0.0,20.0,False
env_obs_noise,0.04335668505131919,0.5,0.17625036765320706,0.05311766328714491,0.6349941760742618,0.13682107872968083,0.9986893840104849,1.0,0.3614893840104849,2.456254208087921,0.3,32.833333333333336,0.0,20.0,False
env_obs_noise,0.04335668505131919,0.5,0.24881240762830165,0.05311766262593866,0.6331164035054955,0.24082166171775837,0.9993464052287582,1.0,0.3621464052287582,2.4938730582594872,0.3,33.166666666666664,0.0,20.0,False
env_obs_noise,0.04335668505131919,0.5,0.351248142140631,0.0531176622832512,0.6323049053298596,0.3583141967107049,1.0,1.0,0.3628,2.5163528606295587,0.3,33.333333333333336,0.0,20.0,False
env_obs_noise,0.04335668505131919,0.5,0.4958565311644505,0.053117662608688325,0.6301521287996664,0.4860075644265887,1.0,1.0,0.3628,2.542263801395893,0.3,33.666666666666664,0.0,20.0,False
env_obs_noise,0.04335668505131919,0.5,0.7,0.05311766515146356,0.6301655277801608,0.6233252074550416,1.0,1.0,0.3628,2.543232674151659,0.3,33.666666666666664,0.0,20.0,False
env_obs_noise,0.06383650573291891,0.010000000000000004,0.0010000000000000002,0.07952886805221278,0.76491266072141,-2.4830558424031897,0.75,0.9328231292517006,0.08897687074829941,0.4376403570175171,0.8,25.75,0.0,20.0,True
env_obs_noise,0.06383650573291891,0.010000000000000004,0.001411698658795815,0.07952886770610333,0.7649679691824962,-2.5633776637515373,0.7585034013605442,0.9430272108843537,0.08727619047619051,0.44994887374341486,0.8,25.75,0.0,20.0,True
env_obs_noise,0.06383650573291891,0.010000000000000004,0.0019928931032459026,0.07952886629347246,0.7633016890443418,-2.636279706785132,0.7758913412563667,0.9558573853989814,0.09454872665534808,0.45975943095982075,0.8,25.8125,0.0,20.0,True
env_obs_noise,0.06383650573291891,0.010000000000000004,0.00281336452097567,0.07952886687976171,0.7616202978769694,-2.694784747200111,0.7915254237288135,0.9669491525423729,0.12127457627118643,0.475576937943697,0.8,25.875,0.0,20.0,True
env_obs_noise,0.06383650573291891,0.010000000000000004,0.00397162292096508,0.07936390337370809,0.7617475949893413,-2.7395045410899166,0.8125,0.9780405405405406,0.15334054054054058,0.4753701381385326,0.75,25.133333333333333,0.0,20.0,False
env_obs_noise,0.06383650573291891,0.010000000000000004,0.00560673475076912,0.07934762643569468,0.758367357988274,-2.7593706103194546,0.8364093959731543,0.9840604026845637,0.18326979865771809,0.47801329493522643,0.75,25.4,0.0,20.0,False
env_obs_noise,0.06383650573291891,0.010000000000000004,0.007915019927884653,0.07908435533654454,0.7505175967197422,-2.7528404910399877,0.8627287853577371,0.9866888519134775,0.21221763727121468,0.48242670521140096,0.75,25.733333333333334,0.0,20.0,False
env_obs_noise,0.06383650573291891,0.010000000000000004,0.011173623016536903,0.07908435619716292,0.7473742276347379,-2.7134333242103263,0.8839137645107794,0.9908789386401327,0.23759270315091208,0.5208092123270035,0.7,24.928571428571427,0.0,20.0,False
env_obs_noise,0.06383650573291891,0.010000000000000004,0.015773788626335192,0.07905049966528652,0.7422136689544782,-2.6552501087053226,0.9095394736842105,0.9917763157894737,0.2641157894736842,0.5462884895503521,0.65,24.23076923076923,0.0,20.0,False
env_obs_noise,0.06383650573291891,0.010000000000000004,0.02226783624792608,0.07905050114045818,0.7391438015731316,-2.5673745580475256,0.9221311475409836,0.9959016393442623,0.28083278688524593,0.631510442495346,0.65,24.384615384615383,0.0,20.0,False
env_obs_noise,0.06383650573291891,0.010000000000000004,0.03143547456548206,0.07895365271861335,0.7274284606747569,-2.4670743350230664,0.9307568438003221,0.9975845410628019,0.291141384863124,0.6588347911834717,0.65,25.23076923076923,0.0,20.0,False
env_obs_noise,0.06383650573291891,0.010000000000000004,0.044377417282700976,0.07881632466861294,0.7188577260588911,-2.358691475881674,0.9373015873015873,0.9976190476190476,0.29772063492063494,0.7265710026025772,0.65,25.923076923076923,0.0,20.0,False
env_obs_noise,0.06383650573291891,0.010000000000000004,0.06264754045881119,0.07888314185691739,0.7035066471120143,-2.218175652645122,0.9407176287051482,0.9984399375975039,0.30195756630265214,0.7922033868730068,0.55,24.545454545454547,0.0,20.0,False
env_obs_noise,0.06383650573291891,0.010000000000000004,0.08843944884256029,0.07872915254725965,0.6937107324673748,-2.0769870730185294,0.9447004608294931,0.999231950844854,0.30673241167434717,0.9156955547630787,0.55,25.454545454545453,0.0,20.0,False
env_obs_noise,0.06383650573291891,0.010000000000000004,0.12484985131568332,0.07854299010040355,0.6874823530232095,-1.9283451326794958,0.9492424242424242,1.0,0.31204242424242423,1.044096515327692,0.5,25.0,0.0,20.0,False
env_obs_noise,0.06383650573291891,0.010000000000000004,0.17625036765320706,0.078407224826878,0.6761950843153692,-1.7631674768103867,0.95,1.0,0.31279999999999997,1.1625591084361075,0.5,26.0,0.0,20.0,False
env_obs_noise,0.06383650573291891,0.010000000000000004,0.24881240762830165,0.07814390270258507,0.6664567662032896,-1.5846368558159452,0.950735294117647,1.0,0.313535294117647,1.2573815166950226,0.5,27.0,0.0,20.0,False
env_obs_noise,0.06383650573291891,0.010000000000000004,0.351248142140631,0.07793558390154189,0.6645108910225892,-1.4366636558778991,0.9519650655021834,1.0,0.3147650655021834,1.3230187535285949,0.45,26.444444444444443,0.0,20.0,False
env_obs_noise,0.06383650573291891,0.010000000000000004,0.4958565311644505,0.07791019040266792,0.6585340283301327,-1.26132458481617,0.9539568345323741,1.0,0.31675683453237413,1.3702117219567298,0.45,27.333333333333332,0.0,20.0,False
env_obs_noise,0.06383650573291891,0.010000000000000004,0.7,0.07797791122032936,0.6592398475084347,-1.0984280050305963,0.9540229885057471,1.0,0.3168229885057471,1.412921230494976,0.45,27.444444444444443,0.0,20.0,False
env_obs_noise,0.06383650573291891,0.014270914972418185,0.0010000000000000002,0.07934571770902092,0.7616658858606238,-2.501096604430881,0.793918918918919,0.9527027027027027,0.11301621621621627,0.4625910107046366,0.8,26.0,0.0,20.0,True
env_obs_noise,0.06383650573291891,0.014270914972418185,0.001411698658795815,0.07934571959684926,0.7617143675016466,-2.5446758657622306,0.8040540540540541,0.9603040540540541,0.12715810810810813,0.476615497097373,0.8,26.0,0.0,20.0,True
env_obs_noise,0.06383650573291891,0.014270914972418185,0.0019928931032459026,0.07924620773617276,0.7600133778190482,-2.5872906188129163,0.8198653198653199,0.9688552188552189,0.15152053872053872,0.4524587240070105,0.7,24.285714285714285,0.0,20.0,False
env_obs_noise,0.06383650573291891,0.014270914972418185,0.00281336452097567,0.07931645356417047,0.7601021454667879,-2.620985574299825,0.8336134453781513,0.9781512605042016,0.17456470588235296,0.4681940548121929,0.7,24.357142857142858,0.0,20.0,False
env_obs_noise,0.06383650573291891,0.014270914972418185,0.00397162292096508,0.07923079887863649,0.7571111882427025,-2.640116139886838,0.8528428093645485,0.9816053511705686,0.19724816053511707,0.4719667941331863,0.7,24.571428571428573,0.0,20.0,False
env_obs_noise,0.06383650573291891,0.014270914972418185,0.00560673475076912,0.07923079919836003,0.7554449283850786,-2.6407679680753278,0.8739565943238731,0.986644407345576,0.2234010016694491,0.5031041763722897,0.7,24.642857142857142,0.0,20.0,False
env_obs_noise,0.06383650573291891,0.014270914972418185,0.007915019927884653,0.07896883269169118,0.749868491986143,-2.624762065885213,0.8938640132669984,0.9900497512437811,0.24671376451077953,0.5160015117377043,0.7,24.928571428571427,0.0,20.0,False
env_obs_noise,0.06383650573291891,0.014270914972418185,0.011173623016536903,0.07893588133354937,0.7457911699680052,-2.5906525119755783,0.9159802306425041,0.9909390444810544,0.26971927512355853,0.5300056859850883,0.65,24.153846153846153,0.0,20.0,False
env_obs_noise,0.06383650573291891,0.014270914972418185,0.015773788626335192,0.07893588228179482,0.740779347206254,-2.5257003776500624,0.9344262295081968,0.9918032786885246,0.28902950819672135,0.5824346229434013,0.65,24.384615384615383,0.0,20.0,False
env_obs_noise,0.06383650573291891,0.014270914972418185,0.02226783624792608,0.0790885995990036,0.7312449528421584,-2.4353322763190346,0.946515397082658,0.9967585089141004,0.30607390599675843,0.6248524904251098,0.65,24.923076923076923,0.0,20.0,False
env_obs_noise,0.06383650573291891,0.014270914972418185,0.03143547456548206,0.07884090461863698,0.7241804433830852,-2.3429177635442615,0.9559294871794872,0.9975961538461539,0.3163256410256411,0.6822335362434387,0.65,25.46153846153846,0.0,20.0,False
env_obs_noise,0.06383650573291891,0.014270914972418185,0.044377417282700976,0.07870553021037036,0.71952201842626,-2.2367156469966165,0.9603803486529319,0.9976228209191759,0.32080316957210775,0.7702111035585404,0.65,26.0,0.0,20.0,False
env_obs_noise,0.06383650573291891,0.014270914972418185,0.06264754045881119,0.07877249394288914,0.7009417967973591,-2.097837807437043,0.9635093167701864,0.9984472049689441,0.3247565217391305,0.8176616370677948,0.55,24.818181818181817,0.0,20.0,False
env_obs_noise,0.06383650573291891,0.014270914972418185,0.08843944884256029,0.07854355850365163,0.6913263210538737,-1.960358343265599,0.966412213740458,0.999236641221374,0.32844885496183207,0.9343248546123505,0.55,25.818181818181817,0.0,20.0,False
env_obs_noise,0.06383650573291891,0.014270914972418185,0.12484985131568332,0.07843594895416041,0.6814960368898677,-1.8051722023510477,0.9706766917293234,1.0,0.33347669172932337,1.0613378867506982,0.5,25.5,0.0,20.0,False
env_obs_noise,0.06383650573291891,0.014270914972418185,0.17625036765320706,0.07830130960233926,0.6754163675262224,-1.648921040635792,0.9709821428571429,1.0,0.3337821428571429,1.1976783573627472,0.5,26.2,0.0,20.0,False
env_obs_noise,0.06383650573291891,0.014270914972418185,0.24881240762830165,0.07781380817120383,0.667091695342086,-1.4835843499625512,0.9714494875549048,1.0,0.3342494875549048,1.278664979338646,0.5,27.3,0.0,20.0,False
env_obs_noise,0.06383650573291891,0.014270914972418185,0.351248142140631,0.0778474573563791,0.6579544736921143,-1.3104312689325857,0.9726224783861671,1.0,0.3354224783861671,1.328329948335886,0.45,27.22222222222222,0.0,20.0,False
env_obs_noise,0.06383650573291891,0.014270914972418185,0.4958565311644505,0.07780912392512677,0.6591561020561583,-1.1532610281462952,0.9741379310344828,1.0,0.3369379310344828,1.4066919475793838,0.45,27.444444444444443,0.0,20.0,False
env_obs_noise,0.06383650573291891,0.014270914972418185,0.7,0.07784869294024313,0.6598632345800506,-0.9953023704870368,0.9742120343839542,1.0,0.3370120343839542,1.4381479293107986,0.45,27.666666666666668,0.0,20.0,False
env_obs_noise,0.06383650573291891,0.02036590141499896,0.0010000000000000002,0.07945328137656324,0.760762011996896,-2.4516443518977016,0.837248322147651,0.9697986577181208,0.1698469798657718,0.4900030463933945,0.7,24.428571428571427,0.0,20.0,False
env_obs_noise,0.06383650573291891,0.02036590141499896,0.001411698658795815,0.07936744962304954,0.7590471764817945,-2.4736134136940042,0.8461538461538461,0.9765886287625418,0.18554247491638798,0.48189674541354177,0.7,24.571428571428573,0.0,20.0,False
env_obs_noise,0.06383650573291891,0.02036590141499896,0.0019928931032459026,0.07936744955775338,0.7578104991592638,-2.4896326459979803,0.8589315525876461,0.9799666110183639,0.20169816360601,0.4913878122344613,0.7,24.642857142857142,0.0,20.0,False
env_obs_noise,0.06383650573291891,0.02036590141499896,0.00281336452097567,0.07936744795812312,0.7578958112056772,-2.501536971868721,0.8739565943238731,0.9816360601001669,0.21839265442404,0.5124485483393073,0.7,24.642857142857142,0.0,20.0,False
env_obs_noise,0.06383650573291891,0.02036590141499896,0.00397162292096508,0.07936744966595521,0.7561736588340852,-2.5046392246939337,0.8858333333333334,0.9858333333333333,0.2344666666666667,0.5325996581465006,0.7,24.714285714285715,0.0,20.0,False
env_obs_noise,0.06383650573291891,0.02036590141499896,0.00560673475076912,0.07920563952745054,0.7495680456371909,-2.5035601928685898,0.9107438016528926,0.9892561983471074,0.26280000000000003,0.5094366185367107,0.65,24.0,0.0,20.0,False
env_obs_noise,0.06383650573291891,0.02036590141499896,0.007915019927884653,0.0790721414970717,0.7484451053787425,-2.478112651146367,0.9217462932454695,0.9901153212520593,0.2746616144975288,0.5426834657788276,0.65,24.153846153846153,0.0,20.0,False
env_obs_noise,0.06383650573291891,0.02036590141499896,0.011173623016536903,0.0790721413310939,0.7445490380421268,-2.436096549294109,0.9400656814449918,0.9909688013136289,0.2938344827586207,0.582974947988987,0.65,24.307692307692307,0.0,20.0,False
env_obs_noise,0.06383650573291891,0.02036590141499896,0.015773788626335192,0.07907214160788745,0.7349497893778423,-2.3673726734848084,0.9560975609756097,0.9926829268292683,0.311580487804878,0.6128449127078056,0.65,24.76923076923077,0.0,20.0,False
env_obs_noise,0.06383650573291891,0.02036590141499896,0.02226783624792608,0.07922388086883414,0.7300097425307631,-2.286284990288892,0.9652665589660743,0.9975767366720517,0.325643295638126,0.6732700720429421,0.65,25.076923076923077,0.0,20.0,False
env_obs_noise,0.06383650573291891,0.02036590141499896,0.03143547456548206,0.07889531982659037,0.7235828009964236,-2.1992641603099043,0.9745222929936306,0.9976114649681529,0.3349337579617835,0.7148178368806839,0.65,25.76923076923077,0.0,20.0,False
env_obs_noise,0.06383650573291891,0.02036590141499896,0.044377417282700976,0.07890524338315039,0.713290413997854,-2.0903126321033914,0.978021978021978,0.9976452119309263,0.33846718995290426,0.7630749359726906,0.55,24.181818181818183,0.0,20.0,False
env_obs_noise,0.06383650573291891,0.02036590141499896,0.06264754045881119,0.07880251671555909,0.6999969841568241,-1.959896389526511,0.98145285935085,0.9984544049459042,0.34270726429675424,0.8614075504243374,0.55,25.09090909090909,0.0,20.0,False
env_obs_noise,0.06383650573291891,0.02036590141499896,0.08843944884256029,0.07867532695078285,0.6889894489332036,-1.8209830905926436,0.9832826747720365,0.9992401215805471,0.34532279635258356,0.9692246600985527,0.5,24.8,0.0,20.0,False
env_obs_noise,0.06383650573291891,0.02036590141499896,0.12484985131568332,0.07859323312766922,0.6809056025998306,-1.6735788513192809,0.9872754491017964,1.0,0.35007544910179644,1.1047288492321967,0.5,25.8,0.0,20.0,False
env_obs_noise,0.06383650573291891,0.02036590141499896,0.17625036765320706,0.07816993999139034,0.6720432412793086,-1.517698968579264,0.9874631268436578,1.0,0.3502631268436578,1.211012464761734,0.5,26.8,0.0,20.0,False
env_obs_noise,0.06383650573291891,0.02036590141499896,0.24881240762830165,0.07794115454644718,0.6582842934002641,-1.340311528542885,0.9876989869753979,1.0,0.35049898697539794,1.2935325130820274,0.5,28.1,0.0,20.0,False
env_obs_noise,0.06383650573291891,0.02036590141499896,0.351248142140631,0.07798370330447876,0.6587165320349668,-1.1880769488713214,0.9885057471264368,1.0,0.3513057471264368,1.3651759594678878,0.45,27.444444444444443,0.0,20.0,False
env_obs_noise,0.06383650573291891,0.02036590141499896,0.4958565311644505,0.07797569076473448,0.6599078032889947,-1.0354528335706286,0.9899856938483548,1.0,0.3527856938483548,1.4308033183217048,0.45,27.77777777777778,0.0,20.0,False
env_obs_noise,0.06383650573291891,0.02036590141499896,0.7,0.07797569059166387,0.6606156476256191,-0.8701773205725353,0.9899856938483548,1.0,0.3527856938483548,1.4846373617649078,0.45,27.77777777777778,0.0,20.0,False
env_obs_noise,0.06383650573291891,0.029064004743010123,0.0010000000000000002,0.07946662077798511,0.7525024014021632,-2.3432139281043836,0.8839137645107794,0.9792703150912107,0.22598407960199007,0.5273111145943403,0.7,24.928571428571427,0.0,20.0,False
env_obs_noise,0.06383650573291891,0.029064004743010123,0.001411698658795815,0.07946662232891626,0.7525408659704559,-2.3486645355375586,0.8888888888888888,0.9825870646766169,0.2342759535655058,0.5307487705722451,0.65,23.846153846153847,0.0,20.0,False
env_obs_noise,0.06383650573291891,0.029064004743010123,0.0019928931032459026,0.07946662156675081,0.7525944276875823,-2.352036710282349,0.896351575456053,0.9842454394693201,0.24339701492537313,0.5458727408200502,0.65,23.846153846153847,0.0,20.0,False
env_obs_noise,0.06383650573291891,0.029064004743010123,0.00281336452097567,0.07946662244422549,0.7505040940226992,-2.3525984080297953,0.9031456953642384,0.9875827814569537,0.25352847682119206,0.5555453307926654,0.65,23.923076923076923,0.0,20.0,False
env_obs_noise,0.06383650573291891,0.029064004743010123,0.00397162292096508,0.07946662132628989,0.7506030214388887,-2.3447614315612952,0.9163907284768212,0.9900662251655629,0.2692569536423841,0.5827827818691731,0.65,23.923076923076923,0.0,20.0,False
env_obs_noise,0.06383650573291891,0.029064004743010123,0.00560673475076912,0.0790721431486448,0.7472002291249117,-2.3315655384292633,0.9259868421052632,0.9901315789473685,0.27891842105263165,0.5821385063230992,0.65,24.23076923076923,0.0,20.0,False
env_obs_noise,0.06383650573291891,0.029064004743010123,0.007915019927884653,0.07907214170912615,0.7435044133619003,-2.3024158080886123,0.9385245901639344,0.990983606557377,0.2923081967213115,0.607814797013998,0.65,24.384615384615383,0.0,20.0,False
env_obs_noise,0.06383650573291891,0.029064004743010123,0.011173623016536903,0.07907214132204392,0.7390820680561929,-2.2549705093431744,0.9584013050570962,0.9918433931484503,0.3130446982055465,0.6429035536944866,0.65,24.615384615384617,0.0,20.0,False
env_obs_noise,0.06383650573291891,0.029064004743010123,0.015773788626335192,0.07922388054503139,0.7339039038967592,-2.1950962551307853,0.9675850891410048,0.9943273905996759,0.32471247974068074,0.6818425215780735,0.65,24.923076923076923,0.0,20.0,False
env_obs_noise,0.06383650573291891,0.029064004743010123,0.02226783624792608,0.07914106431471733,0.7256776409106056,-2.11833449804411,0.9775641025641025,0.9975961538461539,0.3379602564102564,0.7158088773488999,0.65,25.46153846153846,0.0,20.0,False
env_obs_noise,0.06383650573291891,0.029064004743010123,0.03143547456548206,0.07889531954827887,0.7173481577505627,-2.030036449193957,0.9841772151898734,0.997626582278481,0.34460379746835446,0.7536742784082889,0.6,25.0,0.0,20.0,False
env_obs_noise,0.06383650573291891,0.029064004743010123,0.044377417282700976,0.0789052445882324,0.7124900203909103,-1.9260005527803714,0.9866771159874608,0.9976489028213166,0.34712601880877736,0.8409142851829529,0.55,24.272727272727273,0.0,20.0,False
env_obs_noise,0.06383650573291891,0.029064004743010123,0.06264754045881119,0.07880251812448794,0.6948772395982462,-1.8004488403351362,0.989247311827957,0.9984639016897081,0.3505112135176651,0.911992372572422,0.55,25.454545454545453,0.0,20.0,False
env_obs_noise,0.06383650573291891,0.029064004743010123,0.08843944884256029,0.07867532541373455,0.6899547970673575,-1.668419530681021,0.9908814589665653,0.9992401215805471,0.3529215805471124,1.050172632932663,0.5,24.8,0.0,20.0,False
env_obs_noise,0.06383650573291891,0.029064004743010123,0.12484985131568332,0.07843174083949532,0.6818685193366483,-1.5275326020645896,0.9947683109118086,1.0,0.35756831091180863,1.1721465438604355,0.5,25.9,0.0,20.0,False
env_obs_noise,0.06383650573291891,0.029064004743010123,0.17625036765320706,0.07816994005821762,0.6688433082975741,-1.364496561997381,0.9948604992657856,1.0,0.3576604992657856,1.2699337542057036,0.5,27.1,0.0,20.0,False
env_obs_noise,0.06383650573291891,0.029064004743010123,0.24881240762830165,0.07792025411376845,0.6582816365093587,-1.1969280981990127,0.9949494949494949,1.0,0.35774949494949493,1.3452244490385055,0.45,27.11111111111111,0.0,20.0,False
env_obs_noise,0.06383650573291891,0.029064004743010123,0.351248142140631,0.07800424962028944,0.659643372571415,-1.052842488528822,0.995702005730659,1.0,0.35850200573065905,1.4149827376008033,0.45,27.666666666666668,0.0,20.0,False
env_obs_noise,0.06383650573291891,0.029064004743010123,0.4958565311644505,0.07797569066369409,0.6597609995646966,-0.8893980024396605,0.9971428571428571,1.0,0.3599428571428571,1.4969877570867538,0.45,27.88888888888889,0.0,20.0,False
env_obs_noise,0.06383650573291891,0.029064004743010123,0.7,0.07807906415258749,0.6604724254392793,-0.7283906833298381,0.9971469329529244,1.0,0.35994693295292446,1.5396061211824417,0.45,28.0,0.0,20.0,False
env_obs_noise,0.06383650573291891,0.04147699404454563,0.0010000000000000002,0.07933177639974272,0.7482703879318469,-2.1811481533452683,0.9110378912685337,0.9876441515650741,0.2614820428336079,0.613308148086071,0.65,24.153846153846153,0.0,20.0,False
env_obs_noise,0.06383650573291891,0.04147699404454563,0.001411698658795815,0.07933177724659253,0.7483052330113424,-2.1792810134845486,0.913509060955519,0.9876441515650741,0.2639532125205931,0.6233097299933433,0.65,24.153846153846153,0.0,20.0,False
env_obs_noise,0.06383650573291891,0.04147699404454563,0.0019928931032459026,0.07933177464289487,0.7470421818816877,-2.1745496047026016,0.9185855263157895,0.9884868421052632,0.26987236842105267,0.6301239430904388,0.65,24.23076923076923,0.0,20.0,False
env_obs_noise,0.06383650573291891,0.04147699404454563,0.00281336452097567,0.07933177696881256,0.7471166716393102,-2.1665143999710943,0.9235197368421053,0.9893092105263158,0.27562894736842114,0.6477880526334048,0.65,24.23076923076923,0.0,20.0,False
env_obs_noise,0.06383650573291891,0.04147699404454563,0.00397162292096508,0.07907214203712458,0.7436516935169717,-2.1555144565075963,0.9337152209492635,0.9901800327332242,0.2866952536824877,0.6439401090145112,0.65,24.46153846153846,0.0,20.0,False
env_obs_noise,0.06383650573291891,0.04147699404454563,0.00560673475076912,0.07907214126918347,0.7437939217312463,-2.1337181467687403,0.9443535188216039,0.9901800327332242,0.2973335515548281,0.6773700572550296,0.65,24.46153846153846,0.0,20.0,False
env_obs_noise,0.06383650573291891,0.04147699404454563,0.007915019927884653,0.07906135478389613,0.7386354845599118,-2.103945497713986,0.9577235772357724,0.991869918699187,0.31239349593495935,0.6836786173284054,0.65,24.76923076923077,0.0,20.0,False
env_obs_noise,0.06383650573291891,0.04147699404454563,0.011173623016536903,0.07921261920743242,0.7311778113185652,-2.0625186757047387,0.9693548387096774,0.9935483870967742,0.3257032258064516,0.6944944709539413,0.65,25.153846153846153,0.0,20.0,False
env_obs_noise,0.06383650573291891,0.04147699404454563,0.015773788626335192,0.07914106226225075,0.7315509007212474,-2.005218193403579,0.9766505636070854,0.9959742351046699,0.33542479871175523,0.748979514837265,0.6,24.083333333333332,0.0,20.0,False
env_obs_noise,0.06383650573291891,0.04147699404454563,0.02226783624792608,0.07911340020505861,0.719822200795126,-1.9325920762449802,0.9848966613672496,0.9976152623211447,0.34531192368839436,0.7720537923276425,0.6,24.75,0.0,20.0,False
env_obs_noise,0.06383650573291891,0.04147699404454563,0.03143547456548206,0.07876337209634433,0.716625528085113,-1.8495102583446985,0.9874015748031496,0.9976377952755906,0.3478393700787402,0.8270136065781116,0.55,24.0,0.0,20.0,False
env_obs_noise,0.06383650573291891,0.04147699404454563,0.044377417282700976,0.07890524206226161,0.7040435961706418,-1.747158468316873,0.9914596273291926,0.9976708074534162,0.35193043478260877,0.8934796094894409,0.55,24.818181818181817,0.0,20.0,False
env_obs_noise,0.06383650573291891,0.04147699404454563,0.06264754045881119,0.0787181680421718,0.6915564584786452,-1.6288334148470431,0.9923664122137404,0.9984732824427481,0.3536396946564886,0.9857336968183518,0.55,25.818181818181817,0.0,20.0,False
env_obs_noise,0.06383650573291891,0.04147699404454563,0.08843944884256029,0.07851317996628265,0.6848310908956695,-1.5028755126438507,0.9954819277108434,1.0,0.35828192771084344,1.1047516755759716,0.5,25.4,0.0,20.0,False
env_obs_noise,0.06383650573291891,0.04147699404454563,0.12484985131568332,0.07834050139298226,0.6749613751977498,-1.3621512588372653,0.9977777777777778,1.0,0.3605777777777778,1.226839742064476,0.5,26.5,0.0,20.0,False
env_obs_noise,0.06383650573291891,0.04147699404454563,0.17625036765320706,0.0780374806702184,0.6620079879181484,-1.1967311645143346,0.9978165938864629,1.0,0.36061659388646294,1.3353345155715943,0.5,27.7,0.0,20.0,False
env_obs_noise,0.06383650573291891,0.04147699404454563,0.24881240762830165,0.07797024228632421,0.6594331090968063,-1.0500513847430317,0.9978417266187051,1.0,0.3606417266187051,1.4175349727272988,0.45,27.333333333333332,0.0,20.0,False
env_obs_noise,0.06383650573291891,0.04147699404454563,0.351248142140631,0.07797568956539924,0.6607733260406731,-0.904116927430629,0.9985693848354793,1.0,0.3613693848354793,1.4911951452493668,0.45,27.77777777777778,0.0,20.0,False
env_obs_noise,0.06383650573291891,0.04147699404454563,0.4958565311644505,0.07797568973592345,0.6593367963747183,-0.7349687763347886,1.0,1.0,0.3628,1.5765566989779471,0.45,28.0,0.0,20.0,False
env_obs_noise,0.06383650573291891,0.04147699404454563,0.7,0.07829989856188001,0.6600485758890116,-0.5779611998493709,1.0,1.0,0.3628,1.5982405684888363,0.4,26.875,0.0,20.0,False
env_obs_noise,0.06383650573291891,0.05919146553212061,0.0010000000000000002,0.07920879835460688,0.7432303284703451,-1.9776942660426662,0.933115823817292,0.9893964110929854,0.28531223491027735,0.7080918475985527,0.6,23.416666666666668,0.0,20.0,False
env_obs_noise,0.06383650573291891,0.05919146553212061,0.001411698658795815,0.07895133484519466,0.7411016467401258,-1.975475118520759,0.9349593495934959,0.9910569105691057,0.28881626016260165,0.6967872686684131,0.6,23.583333333333332,0.0,20.0,False
env_obs_noise,0.06383650573291891,0.05919146553212061,0.0019928931032459026,0.07895133525384089,0.741151164107985,-1.9681391754924775,0.9390243902439024,0.9910569105691057,0.2928813008130081,0.7092282555997371,0.6,23.583333333333332,0.0,20.0,False
env_obs_noise,0.06383650573291891,0.05919146553212061,0.00281336452097567,0.07910245822059626,0.7391268290615682,-1.95954607033537,0.9481361426256077,0.9918962722852512,0.302832414910859,0.7057661548256874,0.6,23.75,0.0,20.0,False
env_obs_noise,0.06383650573291891,0.05919146553212061,0.00397162292096508,0.07910245772671388,0.739223002311858,-1.9436660312402931,0.953808752025932,0.9918962722852512,0.3085050243111832,0.7289090052247047,0.6,23.75,0.0,20.0,False
env_obs_noise,0.06383650573291891,0.05919146553212061,0.00560673475076912,0.07910245797856079,0.7340607100228871,-1.9226047315601877,0.9596774193548387,0.992741935483871,0.3152193548387098,0.7325319558382034,0.6,24.0,0.0,20.0,False
env_obs_noise,0.06383650573291891,0.05919146553212061,0.007915019927884653,0.0790315106177628,0.7328223573947185,-1.891698641497712,0.9694533762057878,0.9935691318327974,0.32582250803858515,0.7613377921283245,0.6,24.166666666666668,0.0,20.0,False
env_obs_noise,0.06383650573291891,0.05919146553212061,0.011173623016536903,0.07903151124590983,0.7272432404153685,-1.8518080900775618,0.9776,0.9944,0.3348,0.7831581473350525,0.6,24.416666666666668,0.0,20.0,False
env_obs_noise,0.06383650573291891,0.05919146553212061,0.015773788626335192,0.07903150815484182,0.7189282708811248,-1.7962202042914914,0.9825396825396825,0.996031746031746,0.34137142857142855,0.809440553188324,0.6,24.833333333333332,0.0,20.0,False
env_obs_noise,0.06383650573291891,0.05919146553212061,0.02226783624792608,0.07902107771125773,0.7175611632716842,-1.7317477749541001,0.9873817034700315,0.9976340694006309,0.34781577287066245,0.8657761365175247,0.6,25.166666666666668,0.0,20.0,False
env_obs_noise,0.06383650573291891,0.05919146553212061,0.03143547456548206,0.0787986300128799,0.7099357752287351,-1.652869195349492,0.9898753894080997,0.9976635514018691,0.35033894080996886,0.9010239765048027,0.55,24.636363636363637,0.0,20.0,False
env_obs_noise,0.06383650573291891,0.05919146553212061,0.044377417282700976,0.07879862815661898,0.697966568032927,-1.5565473722439782,0.9915384615384616,0.9984615384615385,0.3528000000000001,0.9775337263941765,0.55,25.363636363636363,0.0,20.0,False
env_obs_noise,0.06383650573291891,0.05919146553212061,0.06264754045881119,0.07861286367595191,0.6897077442735466,-1.446004458105968,0.9924012158054711,0.9984802431610942,0.35368145896656533,1.0907995358109475,0.55,26.09090909090909,0.0,20.0,False
env_obs_noise,0.06383650573291891,0.05919146553212061,0.08843944884256029,0.078436842829687,0.6830013113367029,-1.326169407757949,0.9955089820359282,1.0,0.3583089820359282,1.2049850329756737,0.5,25.8,0.0,20.0,False
env_obs_noise,0.06383650573291891,0.05919146553212061,0.12484985131568332,0.07806938285480546,0.6650234724143143,-1.1784807754352031,0.9978102189781022,1.0,0.3606102189781022,1.2862617343664169,0.5,27.5,0.0,20.0,False
env_obs_noise,0.06383650573291891,0.05919146553212061,0.17625036765320706,0.07784226550675227,0.6609254705144121,-1.0344299984760836,0.9978323699421965,1.0,0.3606323699421965,1.4060805141925812,0.45,27.0,0.0,20.0,False
env_obs_noise,0.06383650573291891,0.05919146553212061,0.24881240762830165,0.07791136601663486,0.660848808277386,-0.8965545554868146,0.998567335243553,1.0,0.361367335243553,1.4953224033117294,0.45,27.666666666666668,0.0,20.0,False
env_obs_noise,0.06383650573291891,0.05919146553212061,0.351248142140631,0.07787882427431433,0.6595804052975289,-0.7399834817356211,0.9992877492877493,1.0,0.36208774928774934,1.5783889919519425,0.45,28.11111111111111,0.0,20.0,False
env_obs_noise,0.06383650573291891,0.05919146553212061,0.4958565311644505,0.0780987409906939,0.6606937339941972,-0.5899825469763865,1.0,1.0,0.3628,1.6266400620341301,0.4,27.125,0.0,20.0,False
env_obs_noise,0.06383650573291891,0.05919146553212061,0.7,0.07805394103115522,0.6596528920378273,-0.4189435222866122,1.0,1.0,0.3628,1.6598397001624108,0.4,27.625,0.0,20.0,False
env_obs_noise,0.06383650573291891,0.08447163717017145,0.0010000000000000002,0.07897893842681268,0.733511695582084,-1.7474001283062495,0.9607371794871795,0.9919871794871795,0.31552435897435904,0.805285108089447,0.6,24.333333333333332,0.0,20.0,False
env_obs_noise,0.06383650573291891,0.08447163717017145,0.001411698658795815,0.07897893693687055,0.7319405979630123,-1.7423434640597566,0.9624,0.992,0.31720000000000004,0.8037637263536453,0.6,24.416666666666668,0.0,20.0,False
env_obs_noise,0.06383650573291891,0.08447163717017145,0.0019928931032459026,0.07897893671480997,0.7300258847132121,-1.7353516156991948,0.9640575079872205,0.9928115015974441,0.3196690095846646,0.8048102721571923,0.6,24.5,0.0,20.0,False
env_obs_noise,0.06383650573291891,0.08447163717017145,0.00281336452097567,0.07897893769170805,0.7283207598108403,-1.7249699866363175,0.967304625199362,0.9936204146730463,0.3237250398724083,0.8101166039705276,0.6,24.583333333333332,0.0,20.0,False
env_obs_noise,0.06383650573291891,0.08447163717017145,0.00397162292096508,0.07897893823572763,0.7254283833213475,-1.7096396999696208,0.9697933227344993,0.9936406995230525,0.3262340222575517,0.8166011422872543,0.6,24.75,0.0,20.0,False
env_obs_noise,0.06383650573291891,0.08447163717017145,0.00560673475076912,0.078978937519149,0.721973035217736,-1.689455571511693,0.9762282091917591,0.9944532488114105,0.33348145800316964,0.8243949569761753,0.6,24.916666666666668,0.0,20.0,False
env_obs_noise,0.06383650573291891,0.08447163717017145,0.007915019927884653,0.0789789385550512,0.7204537122421558,-1.6605291521682555,0.9802215189873418,0.995253164556962,0.3382746835443038,0.8520869240164757,0.6,25.0,0.0,20.0,False
env_obs_noise,0.06383650573291891,0.08447163717017145,0.011173623016536903,0.07897893779267466,0.7176043243356193,-1.621297619219205,0.9826498422712934,0.9960567823343849,0.34150662460567827,0.8866847231984138,0.6,25.166666666666668,0.0,20.0,False
env_obs_noise,0.06383650573291891,0.08447163717017145,0.015773788626335192,0.07901823482279176,0.7125252681454461,-1.5741596773377746,0.9859154929577465,0.9976525821596244,0.3463680751173709,0.9016857706010342,0.55,24.363636363636363,0.0,20.0,False
env_obs_noise,0.06383650573291891,0.08447163717017145,0.02226783624792608,0.07860761954349879,0.7095139756056673,-1.5168498794010499,0.9899068322981367,0.9976708074534162,0.3503776397515529,0.9434697329998016,0.55,24.818181818181817,0.0,20.0,False
env_obs_noise,0.06383650573291891,0.08447163717017145,0.03143547456548206,0.07874860905747579,0.7030354561455808,-1.4439451589734522,0.9907550077041603,0.9984591679506933,0.3520141756548536,1.0113211840391159,0.55,25.272727272727273,0.0,20.0,False
env_obs_noise,0.06383650573291891,0.08447163717017145,0.044377417282700976,0.07864739784426332,0.6903417104222144,-1.3546863998972685,0.9916540212443096,0.9984825493171472,0.3529365705614568,1.0724602453410625,0.55,26.181818181818183,0.0,20.0,False
env_obs_noise,0.06383650573291891,0.08447163717017145,0.06264754045881119,0.07856568897898468,0.686885423332329,-1.2575739328254354,0.9932432432432432,0.9984984984984985,0.3545417417417417,1.1773724675178527,0.5,25.6,0.0,20.0,False
env_obs_noise,0.06383650573291891,0.08447163717017145,0.08843944884256029,0.07819418650560629,0.6783697373236287,-1.1430524220640836,0.9963072378138847,1.0,0.35910723781388476,1.2889611363410949,0.5,26.7,0.0,20.0,False
env_obs_noise,0.06383650573291891,0.08447163717017145,0.12484985131568332,0.07789494545952035,0.6636594643717356,-1.0037965178304094,0.9978260869565218,1.0,0.36062608695652176,1.385699301958084,0.45,26.77777777777778,0.0,20.0,False
env_obs_noise,0.06383650573291891,0.08447163717017145,0.17625036765320706,0.07776040670620674,0.6610732036579687,-0.871977614835325,0.9978510028653295,1.0,0.3606510028653295,1.493029886484146,0.45,27.666666666666668,0.0,20.0,False
env_obs_noise,0.06383650573291891,0.08447163717017145,0.24881240762830165,0.0778376428712328,0.6600314680295809,-0.7299918102095385,0.9985795454545454,1.0,0.3613795454545454,1.5818521052598953,0.45,28.333333333333332,0.0,20.0,False
env_obs_noise,0.06383650573291891,0.08447163717017145,0.351248142140631,0.07795473002504465,0.6595515525499122,-0.5731930202491821,0.9992947813822285,1.0,0.3620947813822285,1.6489338830113411,0.4,27.625,0.0,20.0,False
env_obs_noise,0.06383650573291891,0.08447163717017145,0.4958565311644505,0.07812594378787148,0.6611597716066172,-0.40918252773308483,1.0,1.0,0.3628,1.7062460839748383,0.35,27.0,0.0,20.0,False
env_obs_noise,0.06383650573291891,0.08447163717017145,0.7,0.07799354849698473,0.6618684441955986,-0.25219846166783616,1.0,1.0,0.3628,1.7462111383676528,0.35,27.142857142857142,0.0,20.0,False
env_obs_noise,0.06383650573291891,0.12054875516364763,0.0010000000000000002,0.07897598445681697,0.7189435636203855,-1.4890576912948688,0.9740566037735849,0.9952830188679245,0.3321396226415094,0.9421424172818661,0.6,25.333333333333332,0.0,20.0,False
env_obs_noise,0.06383650573291891,0.12054875516364763,0.001411698658795815,0.07897598227520093,0.7189753309036686,-1.4837220260930561,0.9748427672955975,0.9952830188679245,0.332925786163522,0.9490820042788982,0.6,25.333333333333332,0.0,20.0,False
env_obs_noise,0.06383650573291891,0.12054875516364763,0.0019928931032459026,0.07897598158809357,0.7154001366633838,-1.4779177812865254,0.9772727272727273,0.9952978056426333,0.33537053291536056,0.9314625494182109,0.55,24.272727272727273,0.0,20.0,False
env_obs_noise,0.06383650573291891,0.12054875516364763,0.00281336452097567,0.07897598149935948,0.7154674205692835,-1.4675666758527528,0.9788401253918495,0.9952978056426333,0.3369379310344828,0.9449733972549439,0.55,24.272727272727273,0.0,20.0,False
env_obs_noise,0.06383650573291891,0.12054875516364763,0.00397162292096508,0.07897598333985623,0.7142538201901782,-1.45327148909203,0.9804381846635368,0.9953051643192489,0.3385433489827857,0.9576663345098495,0.55,24.363636363636363,0.0,20.0,False
env_obs_noise,0.06383650573291891,0.12054875516364763,0.00560673475076912,0.07897598356075439,0.7108458112621662,-1.4353048598710305,0.983619344773791,0.9953198127925117,0.3417391575663027,0.964288555085659,0.55,24.545454545454547,0.0,20.0,False
env_obs_noise,0.06383650573291891,0.12054875516364763,0.007915019927884653,0.07894932295207148,0.7092516100344474,-1.410919860054711,0.9852255054432348,0.9961119751166407,0.3441374805598756,0.9836985826492309,0.55,24.727272727272727,0.0,20.0,False
env_obs_noise,0.06383650573291891,0.12054875516364763,0.011173623016536903,0.07894932306754925,0.7079922754372481,-1.376676706299507,0.9868012422360248,0.9984472049689441,0.34804844720496897,1.0219327449798583,0.55,24.818181818181817,0.0,20.0,False
env_obs_noise,0.06383650573291891,0.12054875516364763,0.015773788626335192,0.07854072234024152,0.7047442588303403,-1.337255218633935,0.9899845916795069,0.9984591679506933,0.35124375963020027,1.0427939116954803,0.55,25.272727272727273,0.0,20.0,False
env_obs_noise,0.06383650573291891,0.12054875516364763,0.02226783624792608,0.0786814725275502,0.700242880375679,-1.2832839343002924,0.9908116385911179,0.998468606431853,0.35208024502297086,1.0902417466044425,0.55,25.636363636363637,0.0,20.0,False
env_obs_noise,0.06383650573291891,0.12054875516364763,0.03143547456548206,0.07868147316740381,0.693494485157047,-1.2175210851937546,0.9916413373860182,0.9984802431610942,0.3529215805471124,1.153886017203331,0.55,26.09090909090909,0.0,20.0,False
env_obs_noise,0.06383650573291891,0.12054875516364763,0.044377417282700976,0.07854123471874863,0.6849968265854247,-1.1398669428281727,0.9917541229385307,0.9985007496251874,0.35305487256371815,1.2217538833618165,0.55,26.90909090909091,0.0,20.0,False
env_obs_noise,0.06383650573291891,0.12054875516364763,0.06264754045881119,0.07807711530866661,0.6794437977885213,-1.0504914701464696,0.9940915805022157,0.9992614475627769,0.3561530280649926,1.3035470008850099,0.5,26.7,0.0,20.0,False
env_obs_noise,0.06383650573291891,0.12054875516364763,0.08843944884256029,0.07783300914140115,0.6660136148476957,-0.9358752645582354,0.9971014492753624,1.0,0.3599014492753624,1.4058319270610808,0.5,28.0,0.0,20.0,False
env_obs_noise,0.06383650573291891,0.12054875516364763,0.12484985131568332,0.07769984233625457,0.6619079961643801,-0.8184995567914116,0.9978540772532188,1.0,0.36065407725321885,1.5107297465205192,0.45,27.77777777777778,0.0,20.0,False
env_obs_noise,0.06383650573291891,0.12054875516364763,0.17625036765320706,0.0777637776259602,0.6607874986179845,-0.6910141387624906,0.9978693181818182,1.0,0.36066931818181824,1.6263373911380767,0.45,28.333333333333332,0.0,20.0,False
env_obs_noise,0.06383650573291891,0.12054875516364763,0.24881240762830165,0.07789467901081217,0.661053789665052,-0.5355497296618638,0.9985994397759104,1.0,0.3613994397759104,1.7060884058475494,0.35,26.714285714285715,0.0,20.0,False
env_obs_noise,0.06383650573291891,0.12054875516364763,0.351248142140631,0.0779340991354675,0.6607095419799964,-0.39438004128275217,0.9993045897079277,1.0,0.3621045897079277,1.7574331864714623,0.35,27.428571428571427,0.0,20.0,False
env_obs_noise,0.06383650573291891,0.12054875516364763,0.4958565311644505,0.07797004681532048,0.6616802063824336,-0.24430344184844638,1.0,1.0,0.3628,1.8199526026844979,0.35,27.571428571428573,0.0,20.0,False
env_obs_noise,0.06383650573291891,0.12054875516364763,0.7,0.07816569181301178,0.6623835094428833,-0.09016535894801248,1.0,1.0,0.3628,1.8592438116669654,0.35,27.714285714285715,0.0,20.0,False
env_obs_noise,0.06383650573291891,0.17203410349712728,0.0010000000000000002,0.07896174893553096,0.703421817354201,-1.212057729687958,0.9853846153846154,0.9961538461538462,0.3443384615384616,1.1182221941649915,0.55,25.363636363636363,0.0,20.0,False
env_obs_noise,0.06383650573291891,0.17203410349712728,0.001411698658795815,0.07896174910687837,0.7034520916883156,-1.2075396807047736,0.9853846153846154,0.9969230769230769,0.34510769230769234,1.1242669075727463,0.55,25.363636363636363,0.0,20.0,False
env_obs_noise,0.06383650573291891,0.17203410349712728,0.0019928931032459026,0.07896174877803254,0.7034947344596322,-1.2012540999485888,0.9853846153846154,0.9969230769230769,0.34510769230769234,1.132768988609314,0.55,25.363636363636363,0.0,20.0,False
env_obs_noise,0.06383650573291891,0.17203410349712728,0.00281336452097567,0.07896174901511809,0.7018369135797692,-1.1932838307181441,0.988479262672811,0.9976958525345622,0.34897511520737323,1.1358731225132943,0.55,25.454545454545453,0.0,20.0,False
env_obs_noise,0.06383650573291891,0.17203410349712728,0.00397162292096508,0.07896174881924217,0.7019216389865965,-1.1813282172790842,0.988479262672811,0.9976958525345622,0.34897511520737323,1.1525328010320663,0.55,25.454545454545453,0.0,20.0,False
env_obs_noise,0.06383650573291891,0.17203410349712728,0.00560673475076912,0.07896174773429912,0.6969552097703166,-1.16659905685685,0.9885321100917431,0.9984709480122325,0.3498030581039756,1.1510132879018784,0.55,25.727272727272727,0.0,20.0,False
env_obs_noise,0.06383650573291891,0.17203410349712728,0.007915019927884653,0.07874962737504126,0.695418699729675,-1.1468594867189552,0.989345509893455,0.9984779299847792,0.3506234398782343,1.1572263315320015,0.55,26.0,0.0,20.0,False
env_obs_noise,0.06383650573291891,0.17203410349712728,0.011173623016536903,0.07855568062436982,0.6956528727295712,-1.1186833854018408,0.9901215805471124,0.9984802431610942,0.3514018237082066,1.1933400854468346,0.55,26.09090909090909,0.0,20.0,False
env_obs_noise,0.06383650573291891,0.17203410349712728,0.015773788626335192,0.07873780207321479,0.6944350133883328,-1.0830625972473364,0.9909228441754917,0.9984871406959153,0.352209984871407,1.226314451545477,0.55,26.363636363636363,0.0,20.0,False
env_obs_noise,0.06383650573291891,0.17203410349712728,0.02226783624792608,0.07866405830069392,0.6875529544040121,-1.0406807171694408,0.9910179640718563,0.9985029940119761,0.35232095808383235,1.245817556977272,0.55,27.0,0.0,20.0,False
env_obs_noise,0.06383650573291891,0.17203410349712728,0.03143547456548206,0.07866405881477945,0.6821884752856099,-0.9813066409367748,0.9925595238095238,0.9985119047619048,0.3538714285714286,1.3187478825449943,0.55,27.363636363636363,0.0,20.0,False
env_obs_noise,0.06383650573291891,0.17203410349712728,0.044377417282700976,0.07829220153708187,0.6761360156992978,-0.9137019608058629,0.9941262848751835,0.9992657856093979,0.35619207048458146,1.3756854847073554,0.5,27.1,0.0,20.0,False
env_obs_noise,0.06383650573291891,0.17203410349712728,0.06264754045881119,0.07785177036627601,0.6675356354844972,-0.8267775629097197,0.994942196531792,1.0,0.35774219653179196,1.4556869328022004,0.45,27.0,0.0,20.0,False
env_obs_noise,0.06383650573291891,0.17203410349712728,0.08843944884256029,0.07773890067134212,0.6617380204051369,-0.7304198134807487,0.9978601997146933,1.0,0.3606601997146933,1.562731885910034,0.45,28.0,0.0,20.0,False
env_obs_noise,0.06383650573291891,0.17203410349712728,0.12484985131568332,0.07804729382557728,0.6604975520716858,-0.623567325495694,0.9978783592644979,1.0,0.36067835926449787,1.6688700400292873,0.4,27.375,0.0,20.0,False
env_obs_noise,0.06383650573291891,0.17203410349712728,0.17625036765320706,0.07789444889498735,0.6593523769965454,-0.48895184582227624,0.9979166666666667,1.0,0.3607166666666667,1.749418205022812,0.35,27.571428571428573,0.0,20.0,False
env_obs_noise,0.06383650573291891,0.17203410349712728,0.24881240762830165,0.07798710442505002,0.6591274312106559,-0.35910967819350376,0.9986187845303868,1.0,0.3614187845303868,1.8240083202719688,0.35,28.142857142857142,0.0,20.0,False
env_obs_noise,0.06383650573291891,0.17203410349712728,0.351248142140631,0.0781815416324623,0.6602181698686691,-0.2203013741196627,0.9993103448275862,1.0,0.3621103448275862,1.8980846926569939,0.35,28.285714285714285,0.0,20.0,False
env_obs_noise,0.06383650573291891,0.17203410349712728,0.4958565311644505,0.0781950364320338,0.6610597400124112,-0.07517387726627639,1.0,1.0,0.3628,1.9456431299448014,0.3,26.666666666666668,0.0,20.0,False
env_obs_noise,0.06383650573291891,0.17203410349712728,0.7,0.0781950364387846,0.6601970245895988,0.07718834672527151,1.0,1.0,0.3628,1.9839084327220917,0.3,26.833333333333332,0.0,20.0,False
env_obs_noise,0.06383650573291891,0.24550840633636933,0.0010000000000000002,0.07862502936403705,0.6870837108961855,-0.9215632704597978,0.9902548725637181,0.9985007496251874,0.35155562218890557,1.3534397780895233,0.55,26.90909090909091,0.0,20.0,False
env_obs_noise,0.06383650573291891,0.24550840633636933,0.001411698658795815,0.0784629162756363,0.6871129578649458,-0.9186908491818008,0.9902694610778443,0.9985029940119761,0.3515724550898204,1.3507781639695167,0.55,27.0,0.0,20.0,False
env_obs_noise,0.06383650573291891,0.24550840633636933,0.0019928931032459026,0.07860166032862581,0.6871540525113116,-0.9143711561508883,0.9902840059790733,0.9985052316890882,0.3515892376681615,1.3503496587276458,0.55,27.09090909090909,0.0,20.0,False
env_obs_noise,0.06383650573291891,0.24550840633636933,0.00281336452097567,0.07860166043549088,0.6872117773405279,-0.9074337940920024,0.9902840059790733,0.9985052316890882,0.3515892376681615,1.3611518710851669,0.55,27.09090909090909,0.0,20.0,False
env_obs_noise,0.06383650573291891,0.24550840633636933,0.00397162292096508,0.07850285723172726,0.6872927801596571,-0.8986209522341718,0.9902985074626866,0.9985074626865672,0.35160597014925377,1.3682471960783005,0.55,27.181818181818183,0.0,20.0,False
env_obs_noise,0.06383650573291891,0.24550840633636933,0.00560673475076912,0.07850285733841211,0.687406083336989,-0.8855724722526495,0.991044776119403,0.9985074626865672,0.3523522388059702,1.3892393872141837,0.55,27.181818181818183,0.0,20.0,False
env_obs_noise,0.06383650573291891,0.24550840633636933,0.007915019927884653,0.07850285716107804,0.681187445573909,-0.8701522026109637,0.9918397626112759,0.9985163204747775,0.3531560830860534,1.3860352873802184,0.55,27.545454545454547,0.0,20.0,False
env_obs_noise,0.06383650573291891,0.24550840633636933,0.011173623016536903,0.0784116818785752,0.6785612128502857,-0.8479555566199044,0.9926144756277696,0.9985228951255539,0.35393737075332354,1.4035475373268127,0.55,27.818181818181817,0.0,20.0,False
env_obs_noise,0.06383650573291891,0.24550840633636933,0.015773788626335192,0.07841168191967787,0.6747182299276361,-0.8178749780823817,0.9926470588235294,0.9992647058823529,0.3547117647058824,1.43521386384964,0.55,28.09090909090909,0.0,20.0,False
env_obs_noise,0.06383650573291891,0.24550840633636933,0.02226783624792608,0.07803689990881962,0.6690964766272903,-0.7803863809560119,0.9934497816593887,0.9992721979621543,0.35552197962154297,1.4557695969939233,0.55,28.727272727272727,0.0,20.0,False
env_obs_noise,0.06383650573291891,0.24550840633636933,0.03143547456548206,0.0779932846043577,0.6679656952323744,-0.7307118734913641,0.9942028985507246,0.9992753623188406,0.35627826086956527,1.5173309430480004,0.45,26.77777777777778,0.0,20.0,False
env_obs_noise,0.06383650573291891,0.24550840633636933,0.044377417282700976,0.07773058350611611,0.6624590499213048,-0.6721479977864643,0.9942857142857143,1.0,0.35708571428571434,1.5734046787023543,0.45,27.88888888888889,0.0,20.0,False
env_obs_noise,0.06383650573291891,0.24550840633636933,0.06264754045881119,0.07780610771173803,0.6585965653151544,-0.5958284635412238,0.9964589235127479,1.0,0.3592589235127479,1.686111679673195,0.45,28.555555555555557,0.0,20.0,False
env_obs_noise,0.06383650573291891,0.24550840633636933,0.08843944884256029,0.07788124677316985,0.6557310099671639,-0.5014059183855889,0.9979224376731302,1.0,0.36072243767313017,1.755484327673912,0.35,27.857142857142858,0.0,20.0,False
env_obs_noise,0.06383650573291891,0.24550840633636933,0.12484985131568332,0.07790159876136935,0.6555796269514881,-0.402708662203213,0.9979367262723521,1.0,0.3607367262723521,1.8534413993358612,0.35,28.571428571428573,0.0,20.0,False
env_obs_noise,0.06383650573291891,0.24550840633636933,0.17625036765320706,0.07800121500650264,0.6553848433317744,-0.2911840107850769,0.9986282578875172,1.0,0.3614282578875172,1.9461535125970841,0.35,28.857142857142858,0.0,20.0,False
env_obs_noise,0.06383650573291891,0.24550840633636933,0.24881240762830165,0.07812717920739244,0.6551879784642239,-0.17082088900643572,0.9986338797814208,1.0,0.36143387978142083,2.0146719604730605,0.35,29.285714285714285,0.0,20.0,False
env_obs_noise,0.06383650573291891,0.24550840633636933,0.351248142140631,0.07810395628677462,0.6546818767980704,-0.038362718831491845,0.9993188010899182,1.0,0.36211880108991823,2.063926988840103,0.3,28.0,0.0,20.0,False
env_obs_noise,0.06383650573291891,0.24550840633636933,0.4958565311644505,0.07810395633904918,0.6538488140821552,0.10455104834372073,1.0,1.0,0.3628,2.1058363407850265,0.3,28.166666666666668,0.0,20.0,False
env_obs_noise,0.06383650573291891,0.24550840633636933,0.7,0.0781039558867134,0.6529928958313423,0.2535191405591863,1.0,1.0,0.3628,2.147532644867897,0.3,28.333333333333332,0.0,20.0,False
env_obs_noise,0.06383650573291891,0.35036295918402205,0.0010000000000000002,0.07791246376736445,0.6637729847972671,-0.6251176158299463,0.992816091954023,0.9992816091954023,0.3548977011494253,1.5913049921393394,0.5,28.6,0.0,20.0,False
env_obs_noise,0.06383650573291891,0.35036295918402205,0.001411698658795815,0.07791246328890364,0.6638016943146053,-0.6223249274774801,0.992816091954023,0.9992816091954023,0.3548977011494253,1.5963462941348552,0.5,28.6,0.0,20.0,False
env_obs_noise,0.06383650573291891,0.35036295918402205,0.0019928931032459026,0.07791246341045663,0.6638420603039651,-0.6184227634200965,0.992816091954023,0.9992816091954023,0.3548977011494253,1.6034279860556127,0.5,28.6,0.0,20.0,False
env_obs_noise,0.06383650573291891,0.35036295918402205,0.00281336452097567,0.07792031850781529,0.663898700971254,-0.6136030012535905,0.9928263988522238,0.9992826398852224,0.35490903873744617,1.6062096871435643,0.5,28.7,0.0,20.0,False
env_obs_noise,0.06383650573291891,0.35036295918402205,0.00397162292096508,0.07792031829997559,0.6639781662121833,-0.6060931925784814,0.9928263988522238,0.9992826398852224,0.35490903873744617,1.6200768224895001,0.5,28.7,0.0,20.0,False
env_obs_noise,0.06383650573291891,0.35036295918402205,0.00560673475076912,0.07792031822048796,0.6627136664321004,-0.5963088833986581,0.9928366762177651,0.9992836676217765,0.3549203438395415,1.6256830245256424,0.45,27.666666666666668,0.0,20.0,False
env_obs_noise,0.06383650573291891,0.35036295918402205,0.007915019927884653,0.07798779588652008,0.6616797734926482,-0.5830864783817109,0.9928571428571429,0.9992857142857143,0.3549428571428572,1.6377809926867486,0.45,27.88888888888889,0.0,20.0,False
env_obs_noise,0.06383650573291891,0.35036295918402205,0.011173623016536903,0.07791066987092883,0.6608851850260924,-0.5647735296619073,0.9943019943019943,0.9992877492877493,0.3563897435897436,1.6611778564751147,0.45,28.11111111111111,0.0,20.0,False
env_obs_noise,0.06383650573291891,0.35036295918402205,0.015773788626335192,0.0779980384609702,0.6597116146041527,-0.5414850425783665,0.9943262411347518,0.999290780141844,0.3564170212765958,1.68994060754776,0.45,28.444444444444443,0.0,20.0,False
env_obs_noise,0.06383650573291891,0.35036295918402205,0.02226783624792608,0.07800813541234312,0.6576174052017398,-0.5109840474079336,0.9943741209563994,1.0,0.35717412095639944,1.7103486314415932,0.4,27.875,0.0,20.0,False
env_obs_noise,0.06383650573291891,0.35036295918402205,0.03143547456548206,0.07790546245439398,0.6544414847244518,-0.4701972522008524,0.9951048951048951,1.0,0.3579048951048951,1.7765430048108102,0.4,28.375,0.0,20.0,False
env_obs_noise,0.06383650573291891,0.35036295918402205,0.044377417282700976,0.07792620517059005,0.6467166279453094,-0.41426316183024453,0.9958620689655172,1.0,0.3586620689655172,1.8444019369781017,0.4,29.625,0.0,20.0,False
env_obs_noise,0.06383650573291891,0.35036295918402205,0.06264754045881119,0.07794487975646602,0.6471385695395226,-0.3466789439721606,0.9965940054495913,1.0,0.3593940054495913,1.9352051466703415,0.35,29.571428571428573,0.0,20.0,False
env_obs_noise,0.06383650573291891,0.35036295918402205,0.08843944884256029,0.07793373023575004,0.6469783124942535,-0.27147168627772966,0.9979674796747967,1.0,0.3607674796747967,2.022504547983408,0.35,30.142857142857142,0.0,20.0,False
env_obs_noise,0.06383650573291891,0.35036295918402205,0.12484985131568332,0.07810395829031926,0.6453460328185516,-0.183235617141543,0.9986522911051213,1.0,0.36145229110512134,2.100446346402168,0.35,30.714285714285715,0.0,20.0,False
env_obs_noise,0.06383650573291891,0.35036295918402205,0.17625036765320706,0.07819844461609256,0.6450633481464888,-0.08089132794133708,0.9986559139784946,1.0,0.36145591397849464,2.1676913261413575,0.3,29.666666666666668,0.0,20.0,False
env_obs_noise,0.06383650573291891,0.35036295918402205,0.24881240762830165,0.07819844471046782,0.6434677517287133,0.03548314134856867,0.9986595174262735,1.0,0.36145951742627347,2.2306485369801523,0.3,30.0,0.0,20.0,False
env_obs_noise,0.06383650573291891,0.35036295918402205,0.351248142140631,0.07831155366868098,0.6442208154867447,0.15884800652640105,1.0,1.0,0.3628,2.2736368998885155,0.3,30.333333333333332,0.0,20.0,False
env_obs_noise,0.06383650573291891,0.35036295918402205,0.4958565311644505,0.0782599012789507,0.6433996258280776,0.2937604274030569,1.0,1.0,0.3628,2.3013330951333044,0.3,30.666666666666668,0.0,20.0,False
env_obs_noise,0.06383650573291891,0.35036295918402205,0.7,0.07817196060489452,0.6425024147655164,0.435093771953785,1.0,1.0,0.3628,2.3249458089470862,0.3,31.0,0.0,20.0,False
env_obs_noise,0.06383650573291891,0.5,0.0010000000000000002,0.07794945714597662,0.6542883293411236,-0.3167287424338233,0.9951590594744122,1.0,0.3579590594744122,1.9829360842704773,0.4,29.375,0.0,20.0,False
env_obs_noise,0.06383650573291891,0.5,0.001411698658795815,0.07794945707320129,0.6543174341577203,-0.3146399833816491,0.9951590594744122,1.0,0.3579590594744122,1.9874423258006573,0.4,29.375,0.0,20.0,False
env_obs_noise,0.06383650573291891,0.5,0.0019928931032459026,0.07791571040407601,0.652861617693877,-0.31266345739569196,0.9951724137931034,1.0,0.3579724137931034,1.9809281356632709,0.4,29.625,0.0,20.0,False
env_obs_noise,0.06383650573291891,0.5,0.00281336452097567,0.07791571018002977,0.651510685553573,-0.30906172687033795,0.9951790633608816,1.0,0.3579790633608816,1.983215393871069,0.4,29.75,0.0,20.0,False
env_obs_noise,0.06383650573291891,0.5,0.00397162292096508,0.07791571044428869,0.6515952326582715,-0.30335196973467526,0.9951790633608816,1.0,0.3579790633608816,1.9957873046398162,0.4,29.75,0.0,20.0,False
env_obs_noise,0.06383650573291891,0.5,0.00560673475076912,0.07791571108594578,0.6517138121857031,-0.29545829760349857,0.9951790633608816,1.0,0.3579790633608816,2.0133574552834035,0.4,29.75,0.0,20.0,False
env_obs_noise,0.06383650573291891,0.5,0.007915019927884653,0.07791570960364907,0.6518797357070178,-0.2846255820878436,0.9951790633608816,1.0,0.3579790633608816,2.0378192141652107,0.4,29.75,0.0,20.0,False
env_obs_noise,0.06383650573291891,0.5,0.011173623016536903,0.0778036839134609,0.6458537115712625,-0.27243505524671585,0.995225102319236,1.0,0.358025102319236,2.028942977078259,0.4,30.625,0.0,20.0,False
env_obs_noise,0.06383650573291891,0.5,0.015773788626335192,0.07782139359616332,0.6462013991589608,-0.2536178946492134,0.9959183673469387,1.0,0.35871836734693874,2.0630417257547378,0.4,30.875,0.0,20.0,False
env_obs_noise,0.06383650573291891,0.5,0.02226783624792608,0.07784897473266916,0.6446729315979914,-0.22505362464256926,0.9959731543624161,1.0,0.3587731543624161,2.103945396095514,0.35,31.142857142857142,0.0,20.0,False
env_obs_noise,0.06383650573291891,0.5,0.03143547456548206,0.0779050482957369,0.6428190769429963,-0.1921649784635685,0.9959946595460614,1.0,0.3587946595460614,2.1526252001523973,0.35,31.714285714285715,0.0,20.0,False
env_obs_noise,0.06383650573291891,0.5,0.044377417282700976,0.07819001885074678,0.6413762458337553,-0.14915271956120962,0.99734395750332,1.0,0.36014395750332007,2.21685793120414,0.35,32.285714285714285,0.0,20.0,False
env_obs_noise,0.06383650573291891,0.5,0.06264754045881119,0.07812585821037286,0.6409872192740967,-0.09539833905359003,0.9986772486772487,1.0,0.36147724867724873,2.2846942603588105,0.3,31.666666666666668,0.0,20.0,False
env_obs_noise,0.06383650573291891,0.5,0.08843944884256029,0.078237762306919,0.6418921759022099,-0.02989161597366821,0.9986807387862797,1.0,0.36148073878627973,2.3565466821193697,0.3,32.0,0.0,20.0,False
env_obs_noise,0.06383650573291891,0.5,0.12484985131568332,0.07820813878743989,0.6388685436330763,0.04754509897866557,0.9986876640419947,1.0,0.3614876640419947,2.405722499638796,0.3,32.666666666666664,0.0,20.0,False
env_obs_noise,0.06383650573291891,0.5,0.17625036765320706,0.07820813906763824,0.6382573555532048,0.13902468465923942,0.9986893840104849,1.0,0.3614893840104849,2.456378174573183,0.3,32.833333333333336,0.0,20.0,False
env_obs_noise,0.06383650573291891,0.5,0.24881240762830165,0.078208139676241,0.6375755042399708,0.24328976993772292,0.9993455497382199,1.0,0.3621455497382199,2.4994272008538245,0.3,33.0,0.0,20.0,False
env_obs_noise,0.06383650573291891,0.5,0.351248142140631,0.07820813988169806,0.6342895996778578,0.36054585464820477,1.0,1.0,0.3628,2.512195087969303,0.3,33.5,0.0,20.0,False
env_obs_noise,0.06383650573291891,0.5,0.4958565311644505,0.07820814111242433,0.6347703459207579,0.4881952144118793,1.0,1.0,0.3628,2.5467439226806166,0.3,33.5,0.0,20.0,False
env_obs_noise,0.06383650573291891,0.5,0.7,0.07820814101351839,0.634783542300525,0.6253397984496393,1.0,1.0,0.3628,2.5476961597800254,0.3,33.5,0.0,20.0,False
env_obs_noise,0.09399010693196429,0.010000000000000004,0.0010000000000000002,0.11709487256641696,0.7759279383069312,-2.175773023346684,0.6496598639455783,0.9107142857142857,0.076825850340136,0.4436216365545988,0.8,25.75,0.0,20.0,True
env_obs_noise,0.09399010693196429,0.010000000000000004,0.001411698658795815,0.11699962453509809,0.7742576816510922,-2.2666236168865264,0.6584745762711864,0.9245762711864407,0.05414915254237285,0.43488535882206636,0.8,25.875,0.0,20.0,True
env_obs_noise,0.09399010693196429,0.010000000000000004,0.0019928931032459026,0.11699962443253972,0.7743151441357249,-2.34761411131564,0.6728813559322034,0.9372881355932203,0.02703050847457622,0.45427054911851883,0.8,25.875,0.0,20.0,True
env_obs_noise,0.09399010693196429,0.010000000000000004,0.00281336452097567,0.11687143131919772,0.7725418692370082,-2.417974415516771,0.6942567567567568,0.9476351351351351,0.018421621621621753,0.45990948043763635,0.8,26.0,0.0,20.0,True
env_obs_noise,0.09399010693196429,0.010000000000000004,0.00397162292096508,0.11682802421658374,0.7713424772671468,-2.4685425545958766,0.7168067226890756,0.9571428571428572,0.03674957983193283,0.4553859198465943,0.75,25.333333333333332,0.0,20.0,True
env_obs_noise,0.09399010693196429,0.010000000000000004,0.00560673475076912,0.11682802338264225,0.76733957520203,-2.4931715116025894,0.7319932998324958,0.9690117252931323,0.06380502512562813,0.4757779147475958,0.75,25.466666666666665,0.0,20.0,True
env_obs_noise,0.09399010693196429,0.010000000000000004,0.007915019927884653,0.11644039379394189,0.7600108935891539,-2.494341916748363,0.7583056478405316,0.9709302325581395,0.09203588039867105,0.48165869116783144,0.75,25.8,0.0,20.0,True
env_obs_noise,0.09399010693196429,0.010000000000000004,0.011173623016536903,0.1162424225635416,0.7557730006164576,-2.4696327732225933,0.7818181818181819,0.9760330578512396,0.12065123966942148,0.5159568019211292,0.75,26.0,0.0,20.0,True
env_obs_noise,0.09399010693196429,0.010000000000000004,0.015773788626335192,0.11639054657014718,0.7507632326502707,-2.4126797645193645,0.8095238095238095,0.9778325123152709,0.15015632183908045,0.5493123695254326,0.7,25.357142857142858,0.0,20.0,False
env_obs_noise,0.09399010693196429,0.010000000000000004,0.02226783624792608,0.11639054653312035,0.748431743431735,-2.3282750247428505,0.8322422258592471,0.9828150572831423,0.17785728314238947,0.6286669358611107,0.65,24.46153846153846,0.0,20.0,False
env_obs_noise,0.09399010693196429,0.010000000000000004,0.03143547456548206,0.11624795201703182,0.7357016284745755,-2.2361477793105324,0.8456591639871383,0.9839228295819936,0.19238199356913188,0.6521241620182991,0.65,25.307692307692307,0.0,20.0,False
env_obs_noise,0.09399010693196429,0.010000000000000004,0.044377417282700976,0.11604575927929953,0.7292587852862253,-2.13118901900097,0.8523809523809524,0.9841269841269841,0.19930793650793643,0.7302043378353119,0.65,25.923076923076923,0.0,20.0,False
env_obs_noise,0.09399010693196429,0.010000000000000004,0.06264754045881119,0.11614413755322035,0.7142293768109934,-1.9952311812103793,0.858034321372855,0.985179407176287,0.20601372854914202,0.7964846938848495,0.55,24.545454545454547,0.0,20.0,False
env_obs_noise,0.09399010693196429,0.010000000000000004,0.08843944884256029,0.11580382443238882,0.7043904081940634,-1.861781524237827,0.8627300613496932,0.9869631901840491,0.21249325153374232,0.9086982741951942,0.55,25.545454545454547,0.0,20.0,False
env_obs_noise,0.09399010693196429,0.010000000000000004,0.12484985131568332,0.11564331023656502,0.6977248925924817,-1.7120989678105285,0.8674242424242424,0.9871212121212121,0.2173454545454545,1.0477805152535438,0.5,25.0,0.0,20.0,False
env_obs_noise,0.09399010693196429,0.010000000000000004,0.17625036765320706,0.11544341601549839,0.6846423692213202,-1.5472756545941901,0.8688524590163934,0.9873323397913562,0.21898479880774957,1.161316917836666,0.5,26.1,0.0,20.0,False
env_obs_noise,0.09399010693196429,0.010000000000000004,0.24881240762830165,0.11505571364761218,0.6759584607739015,-1.375555752034259,0.8713235294117647,0.9875,0.22162352941176477,1.2604164391756059,0.5,27.0,0.0,20.0,False
env_obs_noise,0.09399010693196429,0.010000000000000004,0.351248142140631,0.11476915781526666,0.6675837496931188,-1.2160366529116076,0.8721098265895953,0.9877167630057804,0.22262658959537573,1.2977310121059418,0.45,27.0,0.0,20.0,False
env_obs_noise,0.09399010693196429,0.010000000000000004,0.4958565311644505,0.11471160345394726,0.6676639782497459,-1.054324001387479,0.8733812949640288,0.9877697841726619,0.22395107913669077,1.372927737236023,0.45,27.333333333333332,0.0,20.0,False
env_obs_noise,0.09399010693196429,0.010000000000000004,0.7,0.11471160118957738,0.6683222049084738,-0.887379154590178,0.8733812949640288,0.9877697841726619,0.22395107913669077,1.4269512608647346,0.45,27.333333333333332,0.0,20.0,False
env_obs_noise,0.09399010693196429,0.014270914972418185,0.0010000000000000002,0.11682521400347984,0.7724729872565528,-2.2820930132851394,0.7111486486486487,0.941722972972973,0.0412256756756757,0.4677525931969285,0.8,26.0,0.0,20.0,True
env_obs_noise,0.09399010693196429,0.014270914972418185,0.001411698658795815,0.11669807119203128,0.7725118267175339,-2.3331434898920627,0.718381112984823,0.9510961214165261,0.03908499156829692,0.47196805886924265,0.8,26.0625,0.0,20.0,True
env_obs_noise,0.09399010693196429,0.014270914972418185,0.0019928931032459026,0.11665600830322072,0.7707258304496528,-2.383290390816815,0.7298657718120806,0.9563758389261745,0.04904161073825508,0.4489896673709154,0.75,25.4,0.0,20.0,True
env_obs_noise,0.09399010693196429,0.014270914972418185,0.00281336452097567,0.11665600873102076,0.7677483588926274,-2.4191297706404886,0.7474916387959866,0.9632107023411371,0.07350234113712373,0.4597797365859151,0.75,25.533333333333335,0.0,20.0,True
env_obs_noise,0.09399010693196429,0.014270914972418185,0.00397162292096508,0.11665600919941435,0.7678516967799098,-2.4428236549697027,0.7633779264214047,0.9715719063545151,0.09774983277591975,0.487177606113255,0.75,25.533333333333335,0.0,20.0,True
env_obs_noise,0.09399010693196429,0.014270914972418185,0.00560673475076912,0.11665601003578076,0.7641006832458382,-2.4506841325337083,0.7791666666666667,0.9791666666666666,0.12113333333333332,0.5068565603345633,0.75,25.666666666666668,0.0,20.0,True
env_obs_noise,0.09399010693196429,0.014270914972418185,0.007915019927884653,0.11627030347205246,0.7582602741671584,-2.4421886757163445,0.8029801324503312,0.9834437086092715,0.14922384105960274,0.5095087174326182,0.7,25.0,0.0,20.0,True
env_obs_noise,0.09399010693196429,0.014270914972418185,0.011173623016536903,0.11622178706192092,0.7564034981425327,-2.4113336252221798,0.8220757825370676,0.985172981878089,0.1700487644151566,0.5347983278334141,0.65,24.153846153846153,0.0,20.0,False
env_obs_noise,0.09399010693196429,0.014270914972418185,0.015773788626335192,0.1162217864414778,0.7499245513374576,-2.349579858619608,0.8494271685761048,0.9869067103109657,0.19913387888707046,0.583334681391716,0.65,24.46153846153846,0.0,20.0,False
env_obs_noise,0.09399010693196429,0.014270914972418185,0.02226783624792608,0.11644664172552303,0.7395477745931586,-2.2679820996852245,0.8705501618122977,0.9911003236245954,0.22445048543689317,0.6177457585930825,0.65,25.0,0.0,20.0,False
env_obs_noise,0.09399010693196429,0.014270914972418185,0.03143547456548206,0.11597878074399676,0.7345637168705941,-2.1813796870558932,0.8824,0.992,0.23719999999999997,0.6797867394983769,0.65,25.53846153846154,0.0,20.0,False
env_obs_noise,0.09399010693196429,0.014270914972418185,0.044377417282700976,0.11588262795943177,0.7264594674826315,-2.0732473725730673,0.8878357030015798,0.9921011058451816,0.2427368088467614,0.746092639118433,0.6,25.083333333333332,0.0,20.0,False
env_obs_noise,0.09399010693196429,0.014270914972418185,0.06264754045881119,0.1159812223306278,0.7114923494058112,-1.9403474605374178,0.8920807453416149,0.9930124223602484,0.24789316770186332,0.8216390617191791,0.55,24.818181818181817,0.0,20.0,False
env_obs_noise,0.09399010693196429,0.014270914972418185,0.08843944884256029,0.11564414903545597,0.7032915012188437,-1.8077564291828834,0.8967889908256881,0.9946483180428135,0.2542373088685016,0.945426856726408,0.55,25.727272727272727,0.0,20.0,False
env_obs_noise,0.09399010693196429,0.014270914972418185,0.12484985131568332,0.11552539132993118,0.6930042760763965,-1.6571607470625476,0.9022556390977443,0.9947368421052631,0.25979248120300746,1.068770744651556,0.5,25.5,0.0,20.0,False
env_obs_noise,0.09399010693196429,0.014270914972418185,0.17625036765320706,0.11515331821588247,0.6852394623890463,-1.5032056322275493,0.9034175334323923,0.9947994056463596,0.2610169390787519,1.190815730392933,0.5,26.3,0.0,20.0,False
env_obs_noise,0.09399010693196429,0.014270914972418185,0.24881240762830165,0.11476367361102549,0.676545355688764,-1.3326902196523807,0.905425219941349,0.9948680351906158,0.2630932551319648,1.2869114093482494,0.5,27.2,0.0,20.0,False
env_obs_noise,0.09399010693196429,0.014270914972418185,0.351248142140631,0.11461923405482999,0.6671227283767072,-1.1649882493808972,0.9070605187319885,0.9949567723342939,0.2648172910662824,1.3310463212430477,0.45,27.22222222222222,0.0,20.0,False
env_obs_noise,0.09399010693196429,0.014270914972418185,0.4958565311644505,0.11456279308612219,0.6682417939542892,-1.0080120424206531,0.9080459770114943,0.9949712643678161,0.2658172413793104,1.4093386553227902,0.45,27.444444444444443,0.0,20.0,False
env_obs_noise,0.09399010693196429,0.014270914972418185,0.7,0.11462105440849271,0.6689023236691524,-0.8498888928638265,0.9075931232091691,0.9949856733524355,0.26537879656160457,1.440690841525793,0.45,27.666666666666668,0.0,20.0,False
env_obs_noise,0.09399010693196429,0.02036590141499896,0.0010000000000000002,0.11685720970915951,0.7715218715559014,-2.297372232722193,0.7713567839195979,0.9639865996649917,0.09814338358458963,0.4850931901484728,0.7,24.5,0.0,20.0,True
env_obs_noise,0.09399010693196429,0.02036590141499896,0.001411698658795815,0.11685720866625865,0.7684439863489533,-2.3188482002121416,0.7813021702838063,0.9674457429048414,0.11154791318864776,0.48274430315941574,0.7,24.642857142857142,0.0,20.0,True
env_obs_noise,0.09399010693196429,0.02036590141499896,0.0019928931032459026,0.11685720820217174,0.7684959277445454,-2.3394485948391073,0.7938230383973289,0.9732888146911519,0.12991185308848086,0.49645383246243,0.7,24.642857142857142,0.0,20.0,True
env_obs_noise,0.09399010693196429,0.02036590141499896,0.00281336452097567,0.11685720848490519,0.7668150398781962,-2.35535851824762,0.8075,0.9775,0.14780000000000004,0.5080860327929259,0.7,24.714285714285715,0.0,20.0,True
env_obs_noise,0.09399010693196429,0.02036590141499896,0.00397162292096508,0.11700322573558966,0.7623503763062509,-2.367128634421319,0.818407960199005,0.9867330016583747,0.16794096185737972,0.5044516090303659,0.7,24.928571428571427,0.0,20.0,False
env_obs_noise,0.09399010693196429,0.02036590141499896,0.00560673475076912,0.11661896984536174,0.7588631553817412,-2.3641403087186665,0.8382838283828383,0.9892739273927392,0.19035775577557756,0.508430958352983,0.65,24.076923076923077,0.0,20.0,False
env_obs_noise,0.09399010693196429,0.02036590141499896,0.007915019927884653,0.1164224083584908,0.7590482203829954,-2.3442562160899256,0.8542009884678748,0.9892915980230642,0.20629258649093907,0.5469544671475888,0.65,24.153846153846153,0.0,20.0,False
env_obs_noise,0.09399010693196429,0.02036590141499896,0.011173623016536903,0.11642240946774911,0.7536995581536763,-2.3047493755480613,0.8827868852459017,0.990983606557377,0.23657049180327872,0.5814591854810714,0.65,24.384615384615383,0.0,20.0,False
env_obs_noise,0.09399010693196429,0.02036590141499896,0.015773788626335192,0.11642241060908214,0.7453003809812897,-2.242577214905699,0.9032520325203252,0.9926829268292683,0.25873495934959345,0.6165618784725666,0.65,24.76923076923077,0.0,20.0,False
env_obs_noise,0.09399010693196429,0.02036590141499896,0.02226783624792608,0.11664582160338724,0.7364516756177637,-2.165233443184859,0.9178743961352657,0.9975845410628019,0.2782589371980676,0.656488261371851,0.65,25.23076923076923,0.0,20.0,False
env_obs_noise,0.09399010693196429,0.02036590141499896,0.03143547456548206,0.11616206702298165,0.7320243977793796,-2.0804128239646382,0.924483306836248,0.9976152623211447,0.28489856915739276,0.7095306560397148,0.65,25.846153846153847,0.0,20.0,False
env_obs_noise,0.09399010693196429,0.02036590141499896,0.044377417282700976,0.11607906152467218,0.7251248324651439,-1.9736349974947887,0.9299212598425197,0.9976377952755906,0.29035905511811033,0.7866949632763862,0.55,24.0,0.0,20.0,False
env_obs_noise,0.09399010693196429,0.02036590141499896,0.06264754045881119,0.11602543042085374,0.7087117791109985,-1.8464283027293318,0.9351851851851852,0.9984567901234568,0.296441975308642,0.8567225784063339,0.55,25.181818181818183,0.0,20.0,False
env_obs_noise,0.09399010693196429,0.02036590141499896,0.08843944884256029,0.11583815828254464,0.6993053020232763,-1.7114599468359903,0.9376899696048632,1.0,0.3004899696048632,0.9732647016644478,0.5,24.8,0.0,20.0,False
env_obs_noise,0.09399010693196429,0.02036590141499896,0.12484985131568332,0.1154795141487691,0.690744603180864,-1.5693230070421744,0.9431988041853513,1.0,0.3059988041853513,1.0968475215137006,0.5,25.9,0.0,20.0,False
env_obs_noise,0.09399010693196429,0.02036590141499896,0.17625036765320706,0.1150940504199644,0.6802580903994352,-1.4098457421115254,0.9440353460972017,1.0,0.30683534609720176,1.2088375233113766,0.5,26.9,0.0,20.0,False
env_obs_noise,0.09399010693196429,0.02036590141499896,0.24881240762830165,0.11473069362647179,0.6675949880619086,-1.2373477619115691,0.9457308248914617,1.0,0.30853082489146166,1.282984133809805,0.45,26.88888888888889,0.0,20.0,False
env_obs_noise,0.09399010693196429,0.02036590141499896,0.351248142140631,0.11481983950927516,0.6678293810254937,-1.0852158546997355,0.9468390804597702,1.0,0.3096390804597702,1.3675365507602693,0.45,27.444444444444443,0.0,20.0,False
env_obs_noise,0.09399010693196429,0.02036590141499896,0.4958565311644505,0.11480803954730906,0.6689408942041998,-0.9326487408339144,0.9477825464949928,1.0,0.31058254649499284,1.4332991883158683,0.45,27.77777777777778,0.0,20.0,False
env_obs_noise,0.09399010693196429,0.02036590141499896,0.7,0.11480803843372824,0.6696028952854522,-0.7676468142360197,0.9477825464949928,1.0,0.31058254649499284,1.4870018869638444,0.45,27.77777777777778,0.0,20.0,False
env_obs_noise,0.09399010693196429,0.029064004743010123,0.0010000000000000002,0.11700322466397962,0.7652357453355526,-2.2304403816102116,0.8313953488372093,0.9775747508305648,0.17177009966777412,0.5417966993525625,0.7,24.857142857142858,0.0,20.0,False
env_obs_noise,0.09399010693196429,0.029064004743010123,0.001411698658795815,0.11700322710483743,0.7629513989388441,-2.239458143726917,0.8399668325041459,0.9800995024875622,0.18286633499170812,0.5427797444164753,0.7,24.928571428571427,0.0,20.0,False
env_obs_noise,0.09399010693196429,0.029064004743010123,0.0019928931032459026,0.11700322631351541,0.7608830075923351,-2.246348466217568,0.847682119205298,0.9826158940397351,0.19309801324503317,0.5398364651948213,0.65,23.923076923076923,0.0,20.0,False
env_obs_noise,0.09399010693196429,0.029064004743010123,0.00281336452097567,0.1170032272620754,0.7609432913741102,-2.247653516807771,0.8543046357615894,0.9867549668874173,0.2038596026490067,0.5602194704115391,0.65,23.923076923076923,0.0,20.0,False
env_obs_noise,0.09399010693196429,0.029064004743010123,0.00397162292096508,0.11680468366816853,0.7596945266713419,-2.2434924090372106,0.8688118811881188,0.9892739273927392,0.22088580858085805,0.5728846218436956,0.65,24.076923076923077,0.0,20.0,False
env_obs_noise,0.09399010693196429,0.029064004743010123,0.00560673475076912,0.11642240749053495,0.75757505091765,-2.2323934319212917,0.884046052631579,0.9901315789473685,0.23697763157894747,0.5859770126640796,0.65,24.23076923076923,0.0,20.0,False
env_obs_noise,0.09399010693196429,0.029064004743010123,0.007915019927884653,0.11642240596196858,0.7523909317180435,-2.205550837704027,0.900163666121113,0.9909983633387889,0.2539620294599019,0.6038614377379418,0.65,24.46153846153846,0.0,20.0,False
env_obs_noise,0.09399010693196429,0.029064004743010123,0.011173623016536903,0.1164224073124279,0.7478700028448559,-2.1615987246105393,0.9193811074918566,0.992671009771987,0.2748521172638436,0.6371409475803376,0.65,24.692307692307693,0.0,20.0,False
env_obs_noise,0.09399010693196429,0.029064004743010123,0.015773788626335192,0.11664582158303728,0.7405411411383814,-2.105338395387649,0.9337641357027464,0.994345718901454,0.2909098546042004,0.6654566831886768,0.65,25.076923076923077,0.0,20.0,False
env_obs_noise,0.09399010693196429,0.029064004743010123,0.02226783624792608,0.1164831590161342,0.7359677444066737,-2.033317834640044,0.9456,0.9976,0.30600000000000005,0.7141702704131603,0.65,25.53846153846154,0.0,20.0,False
env_obs_noise,0.09399010693196429,0.029064004743010123,0.03143547456548206,0.11616206461358758,0.7292908067297342,-1.9461299459603385,0.9516640253565769,0.9976228209191759,0.3120868462757528,0.7665497541427613,0.6,24.916666666666668,0.0,20.0,False
env_obs_noise,0.09399010693196429,0.029064004743010123,0.044377417282700976,0.11617668125945768,0.7209275787175686,-1.844645080433933,0.9546165884194053,0.9976525821596244,0.3150691705790297,0.8335353419184685,0.55,24.363636363636363,0.0,20.0,False
env_obs_noise,0.09399010693196429,0.029064004743010123,0.06264754045881119,0.11602542914845251,0.7038381442035309,-1.7188951749084023,0.9585889570552147,0.9984662576687117,0.3198552147239264,0.9091897383332253,0.55,25.545454545454547,0.0,20.0,False
env_obs_noise,0.09399010693196429,0.029064004743010123,0.08843944884256029,0.11559941779109323,0.7002017889717942,-1.5958699055688639,0.9613636363636363,1.0,0.3241636363636363,1.0351277314126492,0.5,25.0,0.0,20.0,False
env_obs_noise,0.09399010693196429,0.029064004743010123,0.12484985131568332,0.1154795130301946,0.68867861974413,-1.4492249881771757,0.9657228017883756,1.0,0.32852280178837556,1.1602780282497407,0.5,26.1,0.0,20.0,False
env_obs_noise,0.09399010693196429,0.029064004743010123,0.17625036765320706,0.11509404709102995,0.6782473171664739,-1.2903129535104807,0.9662261380323054,1.0,0.3290261380323054,1.2728223919868469,0.5,27.1,0.0,20.0,False
env_obs_noise,0.09399010693196429,0.029064004743010123,0.24881240762830165,0.11472642093774045,0.6674231197187106,-1.1242817750475593,0.9675324675324676,1.0,0.3303324675324676,1.3475657477974892,0.45,27.11111111111111,0.0,20.0,False
env_obs_noise,0.09399010693196429,0.029064004743010123,0.351248142140631,0.11475112122699109,0.6686897018030503,-0.9770576013406893,0.9684361549497847,1.0,0.33123615494978476,1.4284289121627807,0.45,27.555555555555557,0.0,20.0,False
env_obs_noise,0.09399010693196429,0.029064004743010123,0.4958565311644505,0.11480804038929948,0.6697875428796715,-0.8215018435792018,0.969241773962804,1.0,0.332041773962804,1.5028605520725251,0.45,27.77777777777778,0.0,20.0,False
env_obs_noise,0.09399010693196429,0.029064004743010123,0.7,0.11496024192630863,0.6693010324030924,-0.6561974642272262,0.9693295292439372,1.0,0.33212952924393724,1.5417188316583634,0.45,28.0,0.0,20.0,False
env_obs_noise,0.09399010693196429,0.04147699404454563,0.0010000000000000002,0.11680468217467188,0.7585057239280661,-2.1031136291407426,0.8896210873146623,0.985172981878089,0.23759406919275128,0.6168187007308006,0.65,24.153846153846153,0.0,20.0,False
env_obs_noise,0.09399010693196429,0.04147699404454563,0.001411698658795815,0.11680468493660184,0.7572225778395043,-2.10166513508776,0.8930921052631579,0.9860197368421053,0.24191184210526318,0.6209718018770218,0.65,24.23076923076923,0.0,20.0,False
env_obs_noise,0.09399010693196429,0.04147699404454563,0.0019928931032459026,0.11680468438442494,0.755929415885677,-2.098196563308121,0.896551724137931,0.9885057471264368,0.24785747126436786,0.6252570312470198,0.65,24.307692307692307,0.0,20.0,False
env_obs_noise,0.09399010693196429,0.04147699404454563,0.00281336452097567,0.11642240686200722,0.7537762561142729,-2.09489343136475,0.9018003273322422,0.9901800327332242,0.25478036006546645,0.62253831140697,0.65,24.46153846153846,0.0,20.0,False
env_obs_noise,0.09399010693196429,0.04147699404454563,0.00397162292096508,0.11642240768809865,0.7538673519020491,-2.0826426635539708,0.9140752864157119,0.9901800327332242,0.2670553191489361,0.6473519138991832,0.65,24.46153846153846,0.0,20.0,False
env_obs_noise,0.09399010693196429,0.04147699404454563,0.00560673475076912,0.11642240686719643,0.7519330614691567,-2.06360683557469,0.9223856209150327,0.9901960784313726,0.27538169934640533,0.6704051561653614,0.65,24.53846153846154,0.0,20.0,False
env_obs_noise,0.09399010693196429,0.04147699404454563,0.007915019927884653,0.11640653092473675,0.7466602341875697,-2.0362520662713157,0.9366883116883117,0.9926948051948052,0.29218311688311693,0.6763794869184494,0.65,24.846153846153847,0.0,20.0,False
env_obs_noise,0.09399010693196429,0.04147699404454563,0.011173623016536903,0.11662924323250358,0.7414162906019232,-1.9955857013468308,0.9491935483870968,0.9935483870967742,0.305541935483871,0.6877693697810173,0.6,24.0,0.0,20.0,False
env_obs_noise,0.09399010693196429,0.04147699404454563,0.015773788626335192,0.1165238868117098,0.7386290395089188,-1.9386329656145413,0.9582664526484751,0.9959871589085072,0.3170536115569823,0.7378667786717414,0.6,24.25,0.0,20.0,False
env_obs_noise,0.09399010693196429,0.04147699404454563,0.02226783624792608,0.11648315649660519,0.7299166346309259,-1.8701419663748384,0.9697933227344993,0.9976152623211447,0.330208585055644,0.7751730598509312,0.6,24.75,0.0,20.0,False
env_obs_noise,0.09399010693196429,0.04147699404454563,0.03143547456548206,0.11586915157522347,0.726608337540139,-1.7872379203595663,0.972397476340694,0.9976340694006309,0.3328315457413249,0.840524784475565,0.55,23.90909090909091,0.0,20.0,False
env_obs_noise,0.09399010693196429,0.04147699404454563,0.044377417282700976,0.11617667802698779,0.7124887757064262,-1.6870411621777146,0.975968992248062,0.9984496124031008,0.3372186046511628,0.8889995776116848,0.55,24.90909090909091,0.0,20.0,False
env_obs_noise,0.09399010693196429,0.04147699404454563,0.06264754045881119,0.11602542880308508,0.7000872984765516,-1.568391461092008,0.9786259541984733,0.9984732824427481,0.33989923664122146,0.9898018151521683,0.55,25.818181818181817,0.0,20.0,False
env_obs_noise,0.09399010693196429,0.04147699404454563,0.08843944884256029,0.11559941677947803,0.6964514758372853,-1.4474237009363997,0.9826546003016591,1.0,0.3454546003016591,1.1169818997383119,0.5,25.3,0.0,20.0,False
env_obs_noise,0.09399010693196429,0.04147699404454563,0.12484985131568332,0.11534517377949234,0.6864051632511176,-1.308882352541149,0.9851632047477745,1.0,0.34796320474777453,1.2380236133933067,0.5,26.4,0.0,20.0,False
env_obs_noise,0.09399010693196429,0.04147699404454563,0.17625036765320706,0.11476157611708372,0.6714268417346384,-1.147398939557812,0.9854651162790697,1.0,0.34826511627906975,1.3272646740078926,0.5,27.8,0.0,20.0,False
env_obs_noise,0.09399010693196429,0.04147699404454563,0.24881240762830165,0.11480001984924788,0.6684896007965662,-0.9985084735510831,0.9863309352517986,1.0,0.3491309352517986,1.4194988057017326,0.45,27.333333333333332,0.0,20.0,False
env_obs_noise,0.09399010693196429,0.04147699404454563,0.351248142140631,0.11480803821229403,0.6697406265455423,-0.8528306257756196,0.9871244635193133,1.0,0.3499244635193133,1.4934740841388703,0.45,27.77777777777778,0.0,20.0,False
env_obs_noise,0.09399010693196429,0.04147699404454563,0.4958565311644505,0.11480803664270794,0.6680114205953455,-0.6841819355569566,0.9878744650499287,1.0,0.3506744650499287,1.57845558822155,0.45,28.0,0.0,20.0,False
env_obs_noise,0.09399010693196429,0.04147699404454563,0.7,0.11521811733141034,0.6686795605445444,-0.5304991677913324,0.9879261363636364,1.0,0.35072613636363636,1.5902310907840729,0.4,27.0,0.0,20.0,False
env_obs_noise,0.09399010693196429,0.05919146553212061,0.0010000000000000002,0.11624453457469089,0.7529687934273047,-1.9246867105638052,0.9210097719869706,0.990228013029316,0.2740377850162866,0.7012775592505932,0.6,23.5,0.0,20.0,False
env_obs_noise,0.09399010693196429,0.05919146553212061,0.001411698658795815,0.11624453521141259,0.749038838978392,-1.9225689586037407,0.924512987012987,0.9918831168831169,0.27919610389610394,0.6898313350975513,0.6,23.666666666666668,0.0,20.0,False
env_obs_noise,0.09399010693196429,0.05919146553212061,0.0019928931032459026,0.11624453405285462,0.7490829633039878,-1.9158130364062524,0.9277597402597403,0.9918831168831169,0.2824428571428572,0.702285037189722,0.6,23.666666666666668,0.0,20.0,False
env_obs_noise,0.09399010693196429,0.05919146553212061,0.00281336452097567,0.11624453409877993,0.7491444642562038,-1.9056692027601017,0.9358766233766234,0.9918831168831169,0.2905597402597403,0.7193288154900074,0.6,23.666666666666668,0.0,20.0,False
env_obs_noise,0.09399010693196429,0.05919146553212061,0.00397162292096508,0.11646704437718494,0.748049206840454,-1.8911173790191997,0.9441747572815534,0.9919093851132686,0.2988841423948221,0.7256624393165112,0.6,23.833333333333332,0.0,20.0,False
env_obs_noise,0.09399010693196429,0.05919146553212061,0.00560673475076912,0.11636258676636946,0.7440604262630868,-1.873376230596531,0.9524959742351047,0.9927536231884058,0.30804959742351046,0.7285101749002934,0.6,24.083333333333332,0.0,20.0,False
env_obs_noise,0.09399010693196429,0.05919146553212061,0.007915019927884653,0.11636258592419878,0.7428281140730196,-1.842310107434122,0.9590032154340836,0.9935691318327974,0.315372347266881,0.7640942446887493,0.6,24.166666666666668,0.0,20.0,False
env_obs_noise,0.09399010693196429,0.05919146553212061,0.011173623016536903,0.11636258433369201,0.7355351263249789,-1.8042504082333188,0.9664536741214057,0.994408945686901,0.3236626198083067,0.7762598194181919,0.6,24.5,0.0,20.0,False
env_obs_noise,0.09399010693196429,0.05919146553212061,0.015773788626335192,0.11636258524733371,0.7288580688194252,-1.7499231748680513,0.9746031746031746,0.996031746031746,0.33343492063492064,0.811976820975542,0.6,24.833333333333332,0.0,20.0,False
env_obs_noise,0.09399010693196429,0.05919146553212061,0.02226783624792608,0.1160035756996777,0.7242295848668597,-1.686714770694382,0.9811320754716981,0.9976415094339622,0.34157358490566037,0.8507621079683304,0.6,25.333333333333332,0.0,20.0,False
env_obs_noise,0.09399010693196429,0.05919146553212061,0.03143547456548206,0.11581098568526998,0.7179341236420188,-1.6077454784152192,0.985202492211838,0.9984423676012462,0.34644485981308415,0.9048776030540466,0.55,24.636363636363637,0.0,20.0,False
env_obs_noise,0.09399010693196429,0.05919146553212061,0.044377417282700976,0.11601970222384836,0.7066177765351106,-1.514642233962366,0.9861751152073732,0.9984639016897081,0.34743901689708134,0.9712705567479134,0.55,25.454545454545453,0.0,20.0,False
env_obs_noise,0.09399010693196429,0.05919146553212061,0.06264754045881119,0.11574618965770922,0.6983124129346724,-1.4036774700562935,0.9893778452200304,0.9984825493171472,0.35066039453717757,1.0874964728951455,0.55,26.181818181818183,0.0,20.0,False
env_obs_noise,0.09399010693196429,0.05919146553212061,0.08843944884256029,0.11548702358517782,0.691276238072752,-1.28468540739484,0.9917787742899851,1.0,0.3545787742899851,1.202940747141838,0.5,25.9,0.0,20.0,False
env_obs_noise,0.09399010693196429,0.05919146553212061,0.12484985131568332,0.11494598936721781,0.6743332103020785,-1.1404933403850352,0.9941605839416059,1.0,0.3569605839416059,1.2889184191823007,0.5,27.5,0.0,20.0,False
env_obs_noise,0.09399010693196429,0.05919146553212061,0.17625036765320706,0.11458137155879926,0.6700033601535437,-0.9998949849251133,0.9942279942279942,1.0,0.35702799422799425,1.4010193333029748,0.45,27.11111111111111,0.0,20.0,False
env_obs_noise,0.09399010693196429,0.05919146553212061,0.24881240762830165,0.1146654197284196,0.6681397971857725,-0.8620216361919067,0.9950071326676176,1.0,0.35780713266761766,1.4732327982783318,0.45,28.0,0.0,20.0,False
env_obs_noise,0.09399010693196429,0.05919146553212061,0.351248142140631,0.11466541629450995,0.6682320159573334,-0.7038343167789074,0.9957264957264957,1.0,0.35852649572649575,1.5802572637796402,0.45,28.11111111111111,0.0,20.0,False
env_obs_noise,0.09399010693196429,0.05919146553212061,0.4958565311644505,0.11507555202657671,0.6692789977696708,-0.5537463408691539,0.9964539007092199,1.0,0.3592539007092199,1.6289844378829001,0.4,27.125,0.0,20.0,False
env_obs_noise,0.09399010693196429,0.05919146553212061,0.7,0.11492325118959518,0.6679301158887435,-0.3831568218218627,0.9964739069111425,1.0,0.35927390691114247,1.6616679355502129,0.4,27.625,0.0,20.0,False
env_obs_noise,0.09399010693196429,0.08447163717017145,0.0010000000000000002,0.11628518093323749,0.7417460742278296,-1.7097184232378508,0.9512,0.992,0.30600000000000005,0.7983852162957191,0.6,24.416666666666668,0.0,20.0,False
env_obs_noise,0.09399010693196429,0.08447163717017145,0.001411698658795815,0.11628518151360237,0.7417743765709824,-1.704298383467996,0.9552,0.992,0.31000000000000005,0.8062318436801433,0.6,24.416666666666668,0.0,20.0,False
env_obs_noise,0.09399010693196429,0.08447163717017145,0.0019928931032459026,0.11628518324836468,0.7398268019517266,-1.6977041698788478,0.9584664536741214,0.9928115015974441,0.31407795527156557,0.8073076516389847,0.6,24.5,0.0,20.0,False
env_obs_noise,0.09399010693196429,0.08447163717017145,0.00281336452097567,0.116285180694315,0.7367589376988741,-1.68773614720799,0.9633757961783439,0.9936305732484076,0.31980636942675156,0.8088596746325493,0.6,24.666666666666668,0.0,20.0,False
env_obs_noise,0.09399010693196429,0.08447163717017145,0.00397162292096508,0.11628518315111872,0.7368408570887761,-1.6724309605524474,0.964968152866242,0.9936305732484076,0.3213987261146497,0.8281586788594723,0.6,24.666666666666668,0.0,20.0,False
env_obs_noise,0.09399010693196429,0.08447163717017145,0.00560673475076912,0.11628517991590648,0.7299413713696988,-1.6543173893215515,0.9691455696202531,0.9944620253164557,0.3264075949367088,0.8169877216219902,0.6,25.0,0.0,20.0,False
env_obs_noise,0.09399010693196429,0.08447163717017145,0.007915019927884653,0.11628517941513153,0.7283747528261484,-1.6261996538845898,0.9747235387045814,0.995260663507109,0.33278420221169036,0.8447208628058434,0.6,25.083333333333332,0.0,20.0,False
env_obs_noise,0.09399010693196429,0.08447163717017145,0.011173623016536903,0.1162851810369006,0.7273003339299238,-1.5871677264005932,0.9794952681388013,0.9960567823343849,0.33835205047318617,0.8888140976428985,0.6,25.166666666666668,0.0,20.0,False
env_obs_noise,0.09399010693196429,0.08447163717017145,0.015773788626335192,0.11634304150509041,0.718762029485499,-1.5422940890580483,0.9859594383775351,0.9976599063962559,0.346419344773791,0.885002626478672,0.55,24.545454545454547,0.0,20.0,False
env_obs_noise,0.09399010693196429,0.08447163717017145,0.02226783624792608,0.1157384653685129,0.719188627786985,-1.4847064420778415,0.9891304347826086,0.9984472049689441,0.3503776397515528,0.9458156451582909,0.55,24.818181818181817,0.0,20.0,False
env_obs_noise,0.09399010693196429,0.08447163717017145,0.03143547456548206,0.11594605603688607,0.711116838538775,-1.41333710016829,0.99,0.9984615384615385,0.3512615384615385,1.0043485537171364,0.55,25.363636363636363,0.0,20.0,False
env_obs_noise,0.09399010693196429,0.08447163717017145,0.044377417282700976,0.11579703562937634,0.699096879351556,-1.3243146521586993,0.9916666666666667,0.9984848484848485,0.35295151515151524,1.0677487663924694,0.55,26.272727272727273,0.0,20.0,False
env_obs_noise,0.09399010693196429,0.08447163717017145,0.06264754045881119,0.11567672918029963,0.6953140183325257,-1.2267550488768848,0.9932533733133433,0.9992503748125937,0.355303748125937,1.1749333575367928,0.5,25.7,0.0,20.0,False
env_obs_noise,0.09399010693196429,0.08447163717017145,0.08843944884256029,0.11512974518791017,0.6878743079417008,-1.1146958957322073,0.9963072378138847,1.0,0.35910723781388476,1.2916377186775208,0.5,26.7,0.0,20.0,False
env_obs_noise,0.09399010693196429,0.08447163717017145,0.12484985131568332,0.1146891532788242,0.6729685716985696,-0.976620075311192,0.9978260869565218,1.0,0.36062608695652176,1.3879354670643806,0.45,26.77777777777778,0.0,20.0,False
env_obs_noise,0.09399010693196429,0.08447163717017145,0.17625036765320706,0.11449106656044103,0.668348364036195,-0.8427448928947106,0.9978540772532188,1.0,0.36065407725321885,1.4904093429446221,0.45,27.77777777777778,0.0,20.0,False
env_obs_noise,0.09399010693196429,0.08447163717017145,0.24881240762830165,0.11460478349755544,0.6686451830898815,-0.7039314961943393,0.9985795454545454,1.0,0.3613795454545454,1.5837575793266296,0.45,28.333333333333332,0.0,20.0,False
env_obs_noise,0.09399010693196429,0.08447163717017145,0.351248142140631,0.11477717776106507,0.6678242783866355,-0.5474740500288746,0.9992947813822285,1.0,0.3620947813822285,1.6507071375846862,0.4,27.625,0.0,20.0,False
env_obs_noise,0.09399010693196429,0.08447163717017145,0.4958565311644505,0.11486179281708508,0.6690396892340894,-0.3810536744687188,1.0,1.0,0.3628,1.7174212783575058,0.35,26.857142857142858,0.0,20.0,False
env_obs_noise,0.09399010693196429,0.08447163717017145,0.7,0.11483433034140282,0.668049056134395,-0.2232219883838713,1.0,1.0,0.3628,1.7430364109575749,0.35,27.285714285714285,0.0,20.0,False
env_obs_noise,0.09399010693196429,0.12054875516364763,0.0010000000000000002,0.11618323703512697,0.7284639845354056,-1.4615223038145686,0.9700787401574803,0.9960629921259843,0.32894173228346457,0.9531555987894536,0.6,25.25,0.0,20.0,False
env_obs_noise,0.09399010693196429,0.12054875516364763,0.001411698658795815,0.1161832376981072,0.7284933249201008,-1.4563117596464714,0.9708661417322835,0.9960629921259843,0.32972913385826774,0.9601111859083176,0.6,25.25,0.0,20.0,False
env_obs_noise,0.09399010693196429,0.12054875516364763,0.0019928931032459026,0.11618323722154947,0.7266580463653669,-1.4499536119530925,0.9732704402515723,0.9960691823899371,0.3321396226415094,0.9513670854270458,0.55,24.09090909090909,0.0,20.0,False
env_obs_noise,0.09399010693196429,0.12054875516364763,0.00281336452097567,0.11618323823275549,0.7235152059456632,-1.4407346293199998,0.9741379310344828,0.9960815047021944,0.33301943573667714,0.9503375664353371,0.55,24.272727272727273,0.0,20.0,False
env_obs_noise,0.09399010693196429,0.12054875516364763,0.00397162292096508,0.11628083538945012,0.7202083455448389,-1.4291364532563262,0.9773790951638065,0.9960998439937597,0.33627893915756624,0.9407191291451454,0.55,24.545454545454547,0.0,20.0,False
env_obs_noise,0.09399010693196429,0.12054875516364763,0.00560673475076912,0.11628083595409873,0.7187959782585023,-1.4103400612044712,0.9805295950155763,0.9961059190031153,0.33943551401869165,0.9576437622308731,0.55,24.636363636363637,0.0,20.0,False
env_obs_noise,0.09399010693196429,0.12054875516364763,0.007915019927884653,0.11624157977508459,0.7171716248024934,-1.3863171925214917,0.984472049689441,0.9968944099378882,0.3441664596273293,0.9770641401410103,0.55,24.818181818181817,0.0,20.0,False
env_obs_noise,0.09399010693196429,0.12054875516364763,0.011173623016536903,0.1162415807624094,0.7173970726175222,-1.3523718622654286,0.9868012422360248,0.9984472049689441,0.34804844720496897,1.0236032441258431,0.55,24.818181818181817,0.0,20.0,False
env_obs_noise,0.09399010693196429,0.12054875516364763,0.015773788626335192,0.11592733434483561,0.7126526292757511,-1.3123101752729955,0.9899845916795069,0.9984591679506933,0.35124375963020027,1.0423931248486042,0.55,25.272727272727273,0.0,20.0,False
env_obs_noise,0.09399010693196429,0.12054875516364763,0.02226783624792608,0.11584721075453318,0.709698018958131,-1.2602261142142706,0.9900459418070444,0.998468606431853,0.3513145482388974,1.0921496242284774,0.55,25.636363636363637,0.0,20.0,False
env_obs_noise,0.09399010693196429,0.12054875516364763,0.03143547456548206,0.11569899248865644,0.7015081984113133,-1.1960721480163068,0.9916666666666667,0.9984848484848485,0.35295151515151524,1.1410671882331371,0.55,26.272727272727273,0.0,20.0,False
env_obs_noise,0.09399010693196429,0.12054875516364763,0.044377417282700976,0.11564072898449235,0.6947981186200531,-1.117996710212796,0.9932533733133433,0.9985007496251874,0.3545541229385307,1.2240136355161666,0.55,26.90909090909091,0.0,20.0,False
env_obs_noise,0.09399010693196429,0.12054875516364763,0.06264754045881119,0.11495737609858965,0.6906526520604722,-1.029249358582302,0.9940828402366864,0.9992603550295858,0.35614319526627214,1.3145822614431382,0.5,26.6,0.0,20.0,False
env_obs_noise,0.09399010693196429,0.12054875516364763,0.08843944884256029,0.11459796774692356,0.6752027311032721,-0.9157567554413565,0.9971014492753624,1.0,0.3599014492753624,1.3984349384903907,0.45,26.77777777777778,0.0,20.0,False
env_obs_noise,0.09399010693196429,0.12054875516364763,0.12484985131568332,0.11440189730064952,0.6706855923581936,-0.7990191081438328,0.9978540772532188,1.0,0.36065407725321885,1.5123645439743996,0.45,27.77777777777778,0.0,20.0,False
env_obs_noise,0.09399010693196429,0.12054875516364763,0.17625036765320706,0.11451635333207455,0.6693435428357887,-0.6739731327997813,0.997872340425532,1.0,0.360672340425532,1.6189216539263724,0.45,28.444444444444443,0.0,20.0,False
env_obs_noise,0.09399010693196429,0.12054875516364763,0.24881240762830165,0.11468876235383547,0.6672690632875372,-0.5142578804695218,0.9986013986013986,1.0,0.36140139860139864,1.7029398187994957,0.35,26.857142857142858,0.0,20.0,False
env_obs_noise,0.09399010693196429,0.12054875516364763,0.351248142140631,0.11474680250895906,0.6683995508201606,-0.37611778121780337,0.9993045897079277,1.0,0.3621045897079277,1.7584949657320976,0.35,27.428571428571427,0.0,20.0,False
env_obs_noise,0.09399010693196429,0.12054875516364763,0.4958565311644505,0.11508778860485383,0.6676229164064074,-0.22527207801041757,1.0,1.0,0.3628,1.8071307376027108,0.35,27.857142857142858,0.0,20.0,False
env_obs_noise,0.09399010693196429,0.12054875516364763,0.7,0.11508778945089812,0.6682930253542956,-0.0686072622329811,1.0,1.0,0.3628,1.8556703194975852,0.35,27.857142857142858,0.0,20.0,False
env_obs_noise,0.09399010693196429,0.17203410349712728,0.0010000000000000002,0.11625987655777897,0.7128139111912023,-1.1934968654083407,0.9823076923076923,0.9969230769230769,0.34203076923076925,1.1198004260659218,0.55,25.363636363636363,0.0,20.0,False
env_obs_noise,0.09399010693196429,0.17203410349712728,0.001411698658795815,0.1162598753800164,0.7128417169665513,-1.1890468314483413,0.9830769230769231,0.9969230769230769,0.3428,1.125853855907917,0.55,25.363636363636363,0.0,20.0,False
env_obs_noise,0.09399010693196429,0.17203410349712728,0.0019928931032459026,0.11625987548196008,0.7113424428798535,-1.1834410667879713,0.9838709677419355,0.9969278033794163,0.34359877112135184,1.1261720538139344,0.55,25.454545454545453,0.0,20.0,False
env_obs_noise,0.09399010693196429,0.17203410349712728,0.00281336452097567,0.11625987529811083,0.7096642994237816,-1.1755726682005905,0.9846625766871165,0.9976993865030674,0.345161963190184,1.129336316883564,0.55,25.545454545454547,0.0,20.0,False
env_obs_noise,0.09399010693196429,0.17203410349712728,0.00397162292096508,0.11625987538131449,0.7080828175327691,-1.1643323231982816,0.9854517611026034,0.9977029096477795,0.3459546707503829,1.1375378899276256,0.55,25.636363636363637,0.0,20.0,False
env_obs_noise,0.09399010693196429,0.17203410349712728,0.00560673475076912,0.11625987599333913,0.7064337398089475,-1.1487363960782793,0.9870030581039755,0.9984709480122325,0.34827400611620796,1.1523252725601196,0.55,25.727272727272727,0.0,20.0,False
env_obs_noise,0.09399010693196429,0.17203410349712728,0.007915019927884653,0.11594755736952728,0.7047459116877706,-1.129329443479802,0.9885844748858448,0.9984779299847792,0.34986240487062403,1.1587329357862473,0.55,26.0,0.0,20.0,False
env_obs_noise,0.09399010693196429,0.17203410349712728,0.011173623016536903,0.11572519279062991,0.7049595081173234,-1.102402173356355,0.9908952959028832,0.9984825493171472,0.35217784522003037,1.186870662868023,0.55,26.181818181818183,0.0,20.0,False
env_obs_noise,0.09399010693196429,0.17203410349712728,0.015773788626335192,0.11593014898341113,0.7037644061934263,-1.06615107426604,0.9909228441754917,0.9984871406959153,0.352209984871407,1.228058709204197,0.55,26.363636363636363,0.0,20.0,False
env_obs_noise,0.09399010693196429,0.17203410349712728,0.02226783624792608,0.11582157076562477,0.6970825446794333,-1.023051845353793,0.9910179640718563,0.9985029940119761,0.35232095808383235,1.2497159630060195,0.55,27.0,0.0,20.0,False
env_obs_noise,0.09399010693196429,0.17203410349712728,0.03143547456548206,0.11544998046124615,0.6935203469486934,-0.9679411789662352,0.9933135215453195,0.9992570579494799,0.35537057949479944,1.3109268590807914,0.55,27.454545454545453,0.0,20.0,False
env_obs_noise,0.09399010693196429,0.17203410349712728,0.044377417282700976,0.1149830012702674,0.6842388812230166,-0.8977852215123987,0.9941434846266471,0.9992679355783309,0.3562114202049781,1.364987174421549,0.5,27.3,0.0,20.0,False
env_obs_noise,0.09399010693196429,0.17203410349712728,0.06264754045881119,0.114625592468448,0.6751501814859917,-0.8126536872776041,0.9949494949494949,1.0,0.35774949494949493,1.448814609646797,0.45,27.11111111111111,0.0,20.0,False
env_obs_noise,0.09399010693196429,0.17203410349712728,0.08843944884256029,0.11445940697714532,0.670477911814138,-0.7159452614132547,0.9978601997146933,1.0,0.3606601997146933,1.5642393350601196,0.45,28.0,0.0,20.0,False
env_obs_noise,0.09399010693196429,0.17203410349712728,0.12484985131568332,0.11452360297906056,0.6673338159267973,-0.607549967789348,0.9978813559322034,1.0,0.3606813559322034,1.674909482896328,0.45,28.77777777777778,0.0,20.0,False
env_obs_noise,0.09399010693196429,0.17203410349712728,0.17625036765320706,0.11468842677711347,0.6653752167032936,-0.4730085070504933,0.9986130374479889,1.0,0.3614130374479889,1.7461571112275123,0.35,27.714285714285715,0.0,20.0,False
env_obs_noise,0.09399010693196429,0.17203410349712728,0.24881240762830165,0.11482484779580995,0.6666496670471209,-0.345782870777456,0.9986187845303868,1.0,0.3614187845303868,1.8248540699481963,0.35,28.142857142857142,0.0,20.0,False
env_obs_noise,0.09399010693196429,0.17203410349712728,0.351248142140631,0.11513099566183775,0.6676879713986233,-0.20925218488247319,1.0,1.0,0.3628,1.8943969398736953,0.35,28.428571428571427,0.0,20.0,False
env_obs_noise,0.09399010693196429,0.17203410349712728,0.4958565311644505,0.11513099570975059,0.6669493087168783,-0.06272461331554387,1.0,1.0,0.3628,1.9460445657372474,0.35,28.571428571428573,0.0,20.0,False
env_obs_noise,0.09399010693196429,0.17203410349712728,0.7,0.11513099440556218,0.6676102471020156,0.08990187814863816,1.0,1.0,0.3628,1.9845043003559113,0.3,26.833333333333332,0.0,20.0,False
env_obs_noise,0.09399010693196429,0.24550840633636933,0.0010000000000000002,0.11552541465537577,0.698078791181786,-0.9087979331302531,0.9902548725637181,0.9985007496251874,0.35155562218890557,1.354370477795601,0.55,26.90909090909091,0.0,20.0,False
env_obs_noise,0.09399010693196429,0.24550840633636933,0.001411698658795815,0.11552541584151316,0.6963527507582364,-0.9059173331111459,0.9902694610778443,0.9985029940119761,0.3515724550898204,1.3520006939768792,0.55,27.0,0.0,20.0,False
env_obs_noise,0.09399010693196429,0.24550840633636933,0.0019928931032459026,0.11558422364028102,0.6963901865981085,-0.9023455755108312,0.9902985074626866,0.9985074626865672,0.35160597014925377,1.3434396035969258,0.55,27.181818181818183,0.0,20.0,False
env_obs_noise,0.09399010693196429,0.24550840633636933,0.00281336452097567,0.11558422244038591,0.6964425966381191,-0.8954809289643191,0.9902985074626866,0.9985074626865672,0.35160597014925377,1.3542710661888122,0.55,27.181818181818183,0.0,20.0,False
env_obs_noise,0.09399010693196429,0.24550840633636933,0.00397162292096508,0.11544997965713451,0.6965157936201437,-0.8867727246255221,0.9910581222056631,0.9985096870342772,0.3523678092399404,1.3622810520231723,0.55,27.272727272727273,0.0,20.0,False
env_obs_noise,0.09399010693196429,0.24550840633636933,0.00560673475076912,0.1154499816809076,0.696618622479413,-0.8738523086343893,0.992548435171386,0.9992548435171386,0.3546032786885246,1.38317823857069,0.55,27.272727272727273,0.0,20.0,False
env_obs_noise,0.09399010693196429,0.24550840633636933,0.007915019927884653,0.11544998140830201,0.6904104216000065,-0.8582138816058553,0.9925925925925926,0.9992592592592593,0.3546518518518519,1.3812362998723984,0.55,27.636363636363637,0.0,20.0,False
env_obs_noise,0.09399010693196429,0.24550840633636933,0.011173623016536903,0.11544998190505154,0.687960984315477,-0.8356757264374365,0.9926144756277696,0.9992614475627769,0.3546759231905465,1.4054788514971732,0.55,27.818181818181817,0.0,20.0,False
env_obs_noise,0.09399010693196429,0.24550840633636933,0.015773788626335192,0.11544997991350824,0.6825628799327643,-0.8057478809429126,0.9926578560939795,0.9992657856093979,0.35472364170337745,1.430352434515953,0.55,28.181818181818183,0.0,20.0,False
env_obs_noise,0.09399010693196429,0.24550840633636933,0.02226783624792608,0.11489816907929054,0.6800949855210656,-0.7685780266112475,0.9934402332361516,0.999271137026239,0.35551137026239066,1.4586428180336952,0.5,27.6,0.0,20.0,False
env_obs_noise,0.09399010693196429,0.24550840633636933,0.03143547456548206,0.1145460869662073,0.6771922200772937,-0.7202362753019775,0.9942112879884226,0.9992764109985528,0.35628769898697543,1.5111963778734208,0.45,26.88888888888889,0.0,20.0,False
env_obs_noise,0.09399010693196429,0.24550840633636933,0.044377417282700976,0.11444715867970123,0.6713800486393235,-0.6610743890670588,0.9942857142857143,1.0,0.35708571428571434,1.575074738264084,0.45,27.88888888888889,0.0,20.0,False
env_obs_noise,0.09399010693196429,0.24550840633636933,0.06264754045881119,0.11452903834495044,0.6671860066139034,-0.5862293851106306,0.9964639321074965,1.0,0.3592639321074965,1.679914940148592,0.45,28.666666666666668,0.0,20.0,False
env_obs_noise,0.09399010693196429,0.24550840633636933,0.08843944884256029,0.11468842586758203,0.6618405260861854,-0.49080110978718516,0.9979281767955801,1.0,0.3607281767955801,1.744261346757412,0.35,28.142857142857142,0.0,20.0,False
env_obs_noise,0.09399010693196429,0.24550840633636933,0.12484985131568332,0.11469895027625732,0.6631412329597721,-0.39267095372595445,0.9979367262723521,1.0,0.3607367262723521,1.854095308482647,0.35,28.571428571428573,0.0,20.0,False
env_obs_noise,0.09399010693196429,0.24550840633636933,0.17625036765320706,0.11513099651094699,0.6628983496686082,-0.2828134798752192,0.9986301369863013,1.0,0.36143013698630133,1.9384036764502526,0.35,29.0,0.0,20.0,False
env_obs_noise,0.09399010693196429,0.24550840633636933,0.24881240762830165,0.11513099582685529,0.6627110176433245,-0.15955646664983716,0.9986320109439124,1.0,0.3614320109439124,2.023279196023941,0.35,29.142857142857142,0.0,20.0,False
env_obs_noise,0.09399010693196429,0.24550840633636933,0.351248142140631,0.11499689293690075,0.6636008189495306,-0.029742570628729894,1.0,1.0,0.3628,2.068643143773079,0.3,27.833333333333332,0.0,20.0,False
env_obs_noise,0.09399010693196429,0.24550840633636933,0.4958565311644505,0.11499689269985937,0.6612708956447064,0.11261828156903922,1.0,1.0,0.3628,2.1050157472491264,0.3,28.166666666666668,0.0,20.0,False
env_obs_noise,0.09399010693196429,0.24550840633636933,0.7,0.11499689227306481,0.6604381490497253,0.2624862476015878,1.0,1.0,0.3628,2.147773911058903,0.3,28.333333333333332,0.0,20.0,False
env_obs_noise,0.09399010693196429,0.35036295918402205,0.0010000000000000002,0.11471494818561814,0.6728889212845318,-0.6161722915121126,0.992816091954023,0.9992816091954023,0.3548977011494253,1.5931290097534656,0.5,28.6,0.0,20.0,False
env_obs_noise,0.09399010693196429,0.35036295918402205,0.001411698658795815,0.11471494749924749,0.6729149152715601,-0.613395992867028,0.992816091954023,0.9992816091954023,0.3548977011494253,1.5981436789035797,0.5,28.6,0.0,20.0,False
env_obs_noise,0.09399010693196429,0.35036295918402205,0.0019928931032459026,0.11472651322792368,0.6729516131735611,-0.6101179913035909,0.9928263988522238,0.9992826398852224,0.35490903873744617,1.5979203142225742,0.5,28.7,0.0,20.0,False
env_obs_noise,0.09399010693196429,0.35036295918402205,0.00281336452097567,0.11472651445549514,0.6730029455192421,-0.6047250515061758,0.9928263988522238,0.9992826398852224,0.35490903873744617,1.607796559482813,0.5,28.7,0.0,20.0,False
env_obs_noise,0.09399010693196429,0.35036295918402205,0.00397162292096508,0.11472651339473583,0.673075259183205,-0.5972571819544328,0.9928263988522238,0.9992826398852224,0.35490903873744617,1.6216116562485694,0.5,28.7,0.0,20.0,False
env_obs_noise,0.09399010693196429,0.35036295918402205,0.00560673475076912,0.11472651330230958,0.671801568120679,-0.5875360187403338,0.9928366762177651,0.9992836676217765,0.3549203438395415,1.6276333786547184,0.45,27.666666666666668,0.0,20.0,False
env_obs_noise,0.09399010693196429,0.35036295918402205,0.007915019927884653,0.11472651372558443,0.6706569331736538,-0.5737709915820207,0.9928469241773963,0.9992846924177397,0.35493161659513595,1.647121125459671,0.45,27.77777777777778,0.0,20.0,False
env_obs_noise,0.09399010693196429,0.35036295918402205,0.011173623016536903,0.11471230741581138,0.6697469482054811,-0.5562234979977378,0.9943019943019943,1.0,0.3571019943019943,1.662701214849949,0.45,28.11111111111111,0.0,20.0,False
env_obs_noise,0.09399010693196429,0.35036295918402205,0.015773788626335192,0.11455835679370707,0.6686320310432311,-0.5337540755700535,0.9943342776203966,1.0,0.3571342776203966,1.684236941486597,0.45,28.555555555555557,0.0,20.0,False
env_obs_noise,0.09399010693196429,0.35036295918402205,0.02226783624792608,0.1145583554431019,0.6649071936386984,-0.5010822187121041,0.9943582510578279,1.0,0.35715825105782795,1.7341830775141716,0.45,28.88888888888889,0.0,20.0,False
env_obs_noise,0.09399010693196429,0.35036295918402205,0.03143547456548206,0.11485581171589937,0.6630229043844987,-0.4612613176117179,0.9950980392156863,1.0,0.3578980392156863,1.7856353349983691,0.4,28.25,0.0,20.0,False
env_obs_noise,0.09399010693196429,0.35036295918402205,0.044377417282700976,0.11475447846638272,0.6578547239796122,-0.41018408589293215,0.9958448753462604,1.0,0.35864487534626044,1.8529085114598274,0.4,29.25,0.0,20.0,False
env_obs_noise,0.09399010693196429,0.35036295918402205,0.06264754045881119,0.11476267181235776,0.654728590953553,-0.339129395465986,0.9965940054495913,1.0,0.3593940054495913,1.9357604399323463,0.35,29.571428571428573,0.0,20.0,False
env_obs_noise,0.09399010693196429,0.35036295918402205,0.08843944884256029,0.11513099543136167,0.6530843555272838,-0.2645203673742741,0.9986468200270636,1.0,0.36144682002706363,2.0159795306622983,0.35,30.285714285714285,0.0,20.0,False
env_obs_noise,0.09399010693196429,0.35036295918402205,0.12484985131568332,0.11499689278023405,0.6529602027764122,-0.1760171953640179,0.9986522911051213,1.0,0.36145229110512134,2.10067852884531,0.35,30.714285714285715,0.0,20.0,False
env_obs_noise,0.09399010693196429,0.35036295918402205,0.17625036765320706,0.11513600859377145,0.651567121604342,-0.07345403291191475,0.9986577181208054,1.0,0.3614577181208054,2.1637053705751894,0.3,29.833333333333332,0.0,20.0,False
env_obs_noise,0.09399010693196429,0.35036295918402205,0.24881240762830165,0.11513600972562292,0.6510931655676974,0.04231434556759843,0.9993297587131368,1.0,0.3621297587131368,2.2308833964169024,0.3,30.0,0.0,20.0,False
env_obs_noise,0.09399010693196429,0.35036295918402205,0.351248142140631,0.11513600944240837,0.6505072332949846,0.16947402883928267,1.0,1.0,0.3628,2.284502823650837,0.3,30.166666666666668,0.0,20.0,False
env_obs_noise,0.09399010693196429,0.35036295918402205,0.4958565311644505,0.1152264953681607,0.6497335969769572,0.29966657050945056,1.0,1.0,0.3628,2.2945613101124764,0.3,30.833333333333332,0.0,20.0,False
env_obs_noise,0.09399010693196429,0.35036295918402205,0.7,0.11522649627083499,0.6502171449877853,0.44344061650801364,1.0,1.0,0.3628,2.3298008903861045,0.3,30.833333333333332,0.0,20.0,False
env_obs_noise,0.09399010693196429,0.5,0.0010000000000000002,0.11471972599264006,0.6611861160170259,-0.31154371255880836,0.9951724137931034,1.0,0.3579724137931034,1.9715852685272695,0.4,29.625,0.0,20.0,False
env_obs_noise,0.09399010693196429,0.5,0.001411698658795815,0.11471972521329686,0.6604937950407135,-0.309752743728294,0.9951790633608816,1.0,0.3579790633608816,1.970260558463633,0.4,29.75,0.0,20.0,False
env_obs_noise,0.09399010693196429,0.5,0.0019928931032459026,0.11471972681652942,0.6605329313654074,-0.30681228929559506,0.9951790633608816,1.0,0.3579790633608816,1.9766179403290152,0.4,29.75,0.0,20.0,False
env_obs_noise,0.09399010693196429,0.5,0.00281336452097567,0.11471972377847098,0.6591611828589482,-0.30322202278616645,0.9951856946354883,1.0,0.35798569463548835,1.9788863241672516,0.4,29.875,0.0,20.0,False
env_obs_noise,0.09399010693196429,0.5,0.00397162292096508,0.11471972359782767,0.6592389754700776,-0.29751777302860555,0.9951856946354883,1.0,0.35798569463548835,1.9914176722988486,0.4,29.875,0.0,20.0,False
env_obs_noise,0.09399010693196429,0.5,0.00560673475076912,0.11471972623599977,0.659348525359774,-0.28963117188024495,0.9951856946354883,1.0,0.35798569463548835,2.008945456147194,0.4,29.875,0.0,20.0,False
env_obs_noise,0.09399010693196429,0.5,0.007915019927884653,0.11471972497006609,0.6579854745930439,-0.2793283746859835,0.9958791208791209,1.0,0.3586791208791209,2.02678063120693,0.4,30.0,0.0,20.0,False
env_obs_noise,0.09399010693196429,0.5,0.011173623016536903,0.11465416998027023,0.6540088259713475,-0.2659009190756179,0.9965846994535519,1.0,0.3593846994535519,2.037253823131323,0.4,30.5,0.0,20.0,False
env_obs_noise,0.09399010693196429,0.5,0.015773788626335192,0.11475335571268436,0.6543362225504369,-0.24769358437963285,0.9965986394557823,1.0,0.3593986394557823,2.066290459781885,0.4,30.875,0.0,20.0,False
env_obs_noise,0.09399010693196429,0.5,0.02226783624792608,0.11455908911584374,0.6522366747595294,-0.22003212192310698,0.9966487935656837,1.0,0.3594487935656837,2.097947774082422,0.35,31.285714285714285,0.0,20.0,False
env_obs_noise,0.09399010693196429,0.5,0.03143547456548206,0.11512360643905403,0.6504714839738965,-0.1878242549201587,0.9966711051930759,1.0,0.3594711051930759,2.13995496109128,0.35,32.0,0.0,20.0,False
env_obs_noise,0.09399010693196429,0.5,0.044377417282700976,0.11512360724525994,0.6490457623071132,-0.14360999718709716,0.99734395750332,1.0,0.36014395750332007,2.2173158999532463,0.35,32.285714285714285,0.0,20.0,False
env_obs_noise,0.09399010693196429,0.5,0.06264754045881119,0.11502913715484697,0.6486433938671616,-0.08996270094350203,0.9986772486772487,1.0,0.36147724867724873,2.2852240037173033,0.3,31.666666666666668,0.0,20.0,False
env_obs_noise,0.09399010693196429,0.5,0.08843944884256029,0.11498574886586559,0.6495154630682145,-0.02371930674613745,0.9986789960369881,1.0,0.3614789960369881,2.3641881637275217,0.3,31.833333333333332,0.0,20.0,False
env_obs_noise,0.09399010693196429,0.5,0.12484985131568332,0.11515028888795302,0.6467035930580844,0.0527638220890818,0.9986876640419947,1.0,0.3614876640419947,2.4066444009542467,0.3,32.666666666666664,0.0,20.0,False
env_obs_noise,0.09399010693196429,0.5,0.17625036765320706,0.1151502870613373,0.6461173541014545,0.1441046864689342,0.9986893840104849,1.0,0.3614893840104849,2.4572888411581517,0.3,32.833333333333336,0.0,20.0,False
env_obs_noise,0.09399010693196429,0.5,0.24881240762830165,0.11515028869595632,0.6442789136354591,0.24896672949654383,0.9993464052287582,1.0,0.3621464052287582,2.49606589525938,0.3,33.166666666666664,0.0,20.0,False
env_obs_noise,0.09399010693196429,0.5,0.351248142140631,0.11515028689806929,0.6433888907897829,0.3655522649724047,1.0,1.0,0.3628,2.5181565269827844,0.3,33.333333333333336,0.0,20.0,False
env_obs_noise,0.09399010693196429,0.5,0.4958565311644505,0.11515028809447687,0.643855128054349,0.4929605067212006,1.0,1.0,0.3628,2.5520265102386475,0.3,33.333333333333336,0.0,20.0,False
env_obs_noise,0.09399010693196429,0.5,0.7,0.11515028757204386,0.6438679339639359,0.6298544347060547,1.0,1.0,0.3628,2.5529601722955704,0.3,33.333333333333336,0.0,20.0,False
env_obs_noise,0.1383869636919449,0.010000000000000004,0.0010000000000000002,0.1718211803831991,0.797638457353362,-1.4881326470794,0.5473773265651438,0.8189509306260575,0.27087174280879867,0.42664305623620746,0.8,25.9375,0.0,20.0,False
env_obs_noise,0.1383869636919449,0.010000000000000004,0.001411698658795815,0.17182117885842194,0.7976656448084525,-1.5943719194675985,0.5516074450084603,0.8358714043993232,0.24972115059221656,0.4380884565412998,0.8,25.9375,0.0,20.0,False
env_obs_noise,0.1383869636919449,0.010000000000000004,0.0019928931032459026,0.17182118048942824,0.7964129935000883,-1.6931696354387986,0.5633445945945946,0.8505067567567568,0.22334864864864856,0.44688210524618627,0.8,26.0,0.0,20.0,False
env_obs_noise,0.1383869636919449,0.010000000000000004,0.00281336452097567,0.1718211792421026,0.7927609626675935,-1.784159117864313,0.5808080808080808,0.8602693602693603,0.19612255892255892,0.45476259365677835,0.8,26.125,0.0,20.0,False
env_obs_noise,0.1383869636919449,0.010000000000000004,0.00397162292096508,0.17197336577436234,0.7915538447709243,-1.8528924875355857,0.6006711409395973,0.8741610738255033,0.16236778523489936,0.46061480278149247,0.75,25.4,0.0,20.0,False
env_obs_noise,0.1383869636919449,0.010000000000000004,0.00560673475076912,0.1717592503668918,0.7879203581872987,-1.9026160650005561,0.6185308848080133,0.8956594323873122,0.1230096828046745,0.467442474514246,0.75,25.6,0.0,20.0,True
env_obs_noise,0.1383869636919449,0.010000000000000004,0.007915019927884653,0.17119135281654263,0.7819562250796384,-1.9277553417016824,0.6434494195688225,0.9079601990049752,0.08579038142620232,0.4812355851754546,0.75,25.866666666666667,0.0,20.0,True
env_obs_noise,0.1383869636919449,0.010000000000000004,0.011173623016536903,0.17111991873115698,0.7775823280510965,-1.9228738646508277,0.6721581548599671,0.913509060955519,0.0515327841845139,0.5037725448608399,0.75,26.133333333333333,0.0,20.0,True
env_obs_noise,0.1383869636919449,0.010000000000000004,0.015773788626335192,0.17111991913658667,0.7710852441221256,-1.8806709266685266,0.6988543371522095,0.9181669394435352,0.05248739770867428,0.5455612525343895,0.7,25.5,0.0,20.0,True
env_obs_noise,0.1383869636919449,0.010000000000000004,0.02226783624792608,0.17145098716789392,0.7687504544291299,-1.8089019265114774,0.7198697068403909,0.9234527687296417,0.06821693811074925,0.619103517383337,0.7,25.714285714285715,0.0,20.0,True
env_obs_noise,0.1383869636919449,0.010000000000000004,0.03143547456548206,0.17076212743194288,0.7571596180384621,-1.7373576925272318,0.7443910256410257,0.9270833333333334,0.08910769230769233,0.651923694461584,0.7,26.428571428571427,0.0,20.0,True
env_obs_noise,0.1383869636919449,0.010000000000000004,0.044377417282700976,0.17064089741514324,0.7492095169335188,-1.6348960281989462,0.7567353407290016,0.927892234548336,0.10064310618066563,0.7311954028904438,0.65,26.0,0.0,20.0,False
env_obs_noise,0.1383869636919449,0.010000000000000004,0.06264754045881119,0.17054324385467973,0.7360518610331067,-1.5172944896312532,0.7674961119751167,0.9292379471228616,0.11005816485225517,0.7890395261347294,0.55,24.727272727272727,0.0,20.0,False
env_obs_noise,0.1383869636919449,0.010000000000000004,0.08843944884256029,0.1702694313364594,0.7260001556359699,-1.3899527925502346,0.7733537519142419,0.9318529862174579,0.11330076569678404,0.9070197664201259,0.55,25.636363636363637,0.0,20.0,False
env_obs_noise,0.1383869636919449,0.010000000000000004,0.12484985131568332,0.16991863533415102,0.7186996029823222,-1.2446369923267484,0.7803030303030303,0.9325757575757576,0.1195272727272727,1.0564241521060467,0.5,25.0,0.0,20.0,False
env_obs_noise,0.1383869636919449,0.010000000000000004,0.17625036765320706,0.16954675230533628,0.7054916425603763,-1.096613058773585,0.7830609212481426,0.9338781575037147,0.12098276374442796,1.1448203690350056,0.5,26.3,0.0,20.0,False
env_obs_noise,0.1383869636919449,0.010000000000000004,0.24881240762830165,0.1691301569124946,0.6916548245118054,-0.9184708256254552,0.7868613138686131,0.935036496350365,0.12362481751824816,1.240209774672985,0.5,27.5,0.0,20.0,False
env_obs_noise,0.1383869636919449,0.010000000000000004,0.351248142140631,0.16876039504022283,0.6877068081936486,-0.7707984686383336,0.7871572871572872,0.9357864357864358,0.12317085137085138,1.2938265308737755,0.45,27.11111111111111,0.0,20.0,False
env_obs_noise,0.1383869636919449,0.010000000000000004,0.4958565311644505,0.1686772901256468,0.6874656015829775,-0.610323706710258,0.7859195402298851,0.9360632183908046,0.12165632183908048,1.3687993623316288,0.45,27.444444444444443,0.0,20.0,False
env_obs_noise,0.1383869636919449,0.010000000000000004,0.7,0.16867728903643198,0.6880335079038435,-0.444319715437051,0.7859195402298851,0.9360632183908046,0.12165632183908048,1.4224565528333186,0.45,27.444444444444443,0.0,20.0,False
env_obs_noise,0.1383869636919449,0.014270914972418185,0.0010000000000000002,0.17226988690850073,0.7951523018003447,-1.780348565102322,0.5983193277310924,0.8840336134453781,0.15484705882352945,0.45422938037663696,0.8,26.1875,0.0,20.0,False
env_obs_noise,0.1383869636919449,0.014270914972418185,0.001411698658795815,0.1722698879610541,0.79517803079188,-1.8405832182154094,0.6067226890756302,0.892436974789916,0.13804033613445377,0.4676007770001888,0.8,26.1875,0.0,20.0,True
env_obs_noise,0.1383869636919449,0.014270914972418185,0.0019928931032459026,0.17205548703435206,0.7895431927962321,-1.9062952689525214,0.6235392320534223,0.9023372287145242,0.11132353923205351,0.4529416099190712,0.8,26.4375,0.0,20.0,True
env_obs_noise,0.1383869636919449,0.014270914972418185,0.00281336452097567,0.1720554873451969,0.7895982144347973,-1.9577378461139672,0.6343906510851419,0.9156928213689483,0.08711652754590982,0.46035752054303886,0.75,25.6,0.0,20.0,True
env_obs_noise,0.1383869636919449,0.014270914972418185,0.00397162292096508,0.1720554872382492,0.7859584387482357,-1.9990997578593055,0.6547420965058236,0.9251247920133111,0.057333111480865284,0.46716335816308857,0.75,25.733333333333334,0.0,20.0,True
env_obs_noise,0.1383869636919449,0.014270914972418185,0.00560673475076912,0.1717047130318429,0.7812878831839044,-2.0307358001614353,0.6735537190082644,0.9380165289256198,0.02562975206611573,0.4637853089720011,0.75,26.0,0.0,20.0,True
env_obs_noise,0.1383869636919449,0.014270914972418185,0.007915019927884653,0.171415309176912,0.7800860131219514,-2.0331118744339727,0.6935749588138386,0.9448105436573312,0.02056441515650742,0.4994720324873924,0.75,26.133333333333333,0.0,20.0,True
env_obs_noise,0.1383869636919449,0.014270914972418185,0.011173623016536903,0.1714153073626267,0.776083182480793,-2.0133984786244743,0.7175697865353038,0.9490968801313628,0.04027290640394099,0.5320804014801979,0.7,25.357142857142858,0.0,20.0,True
env_obs_noise,0.1383869636919449,0.014270914972418185,0.015773788626335192,0.17141530852227246,0.7703107274935865,-1.9641948226060537,0.7414355628058727,0.9518760195758564,0.061359543230016356,0.5825954347848892,0.7,25.642857142857142,0.0,20.0,True
env_obs_noise,0.1383869636919449,0.014270914972418185,0.02226783624792608,0.17174425163501333,0.76118845403773,-1.8966931930617945,0.7649434571890146,0.9571890145395799,0.08493247172859453,0.6145660504698753,0.65,25.076923076923077,0.0,20.0,False
env_obs_noise,0.1383869636919449,0.014270914972418185,0.03143547456548206,0.1710537748667972,0.7526591579441527,-1.8192591101347324,0.7866242038216561,0.9593949044585988,0.10881910828025487,0.6601680546998978,0.65,25.76923076923077,0.0,20.0,False
env_obs_noise,0.1383869636919449,0.014270914972418185,0.044377417282700976,0.17090977638381805,0.7477639950934559,-1.7211056462063081,0.7988958990536278,0.9597791798107256,0.12147507886435338,0.7437443509697914,0.6,25.166666666666668,0.0,20.0,False
env_obs_noise,0.1383869636919449,0.014270914972418185,0.06264754045881119,0.17083081249052456,0.7329786294916676,-1.6007238504606398,0.8072755417956656,0.9605263157894737,0.1306018575851393,0.8129462361335754,0.55,25.0,0.0,20.0,False
env_obs_noise,0.1383869636919449,0.014270914972418185,0.08843944884256029,0.17010992996694504,0.7215114537400187,-1.473054324899466,0.8138297872340425,0.9627659574468085,0.13939574468085103,0.9147812969982624,0.5,24.8,0.0,20.0,False
env_obs_noise,0.1383869636919449,0.014270914972418185,0.12484985131568332,0.17002702704287173,0.7106532091707358,-1.3300173612968529,0.820627802690583,0.9633781763826607,0.14680597907324366,1.0402918182313443,0.5,25.9,0.0,20.0,False
env_obs_noise,0.1383869636919449,0.014270914972418185,0.17625036765320706,0.16945948722992585,0.7026131277991176,-1.1808001253907956,0.8242245199409158,0.9638109305760709,0.15083545051698677,1.1640594750642776,0.5,26.7,0.0,20.0,False
env_obs_noise,0.1383869636919449,0.014270914972418185,0.24881240762830165,0.16920904341139972,0.6905364432365814,-1.0054596734351782,0.8270348837209303,0.9643895348837209,0.1542244186046512,1.2594622448086739,0.5,27.8,0.0,20.0,False
env_obs_noise,0.1383869636919449,0.014270914972418185,0.351248142140631,0.16895457785698928,0.68699329216652,-0.8580877139384606,0.827116212338594,0.9648493543758967,0.1547655667144907,1.3060464791953563,0.45,27.555555555555557,0.0,20.0,False
env_obs_noise,0.1383869636919449,0.014270914972418185,0.4958565311644505,0.16895458024151996,0.6879533674563197,-0.6945883789069444,0.827116212338594,0.9648493543758967,0.1547655667144907,1.4047353073954583,0.45,27.555555555555557,0.0,20.0,False
env_obs_noise,0.1383869636919449,0.014270914972418185,0.7,0.1690383837865284,0.6885237155328151,-0.536418930268097,0.8261802575107297,0.9649499284692418,0.15393018597997143,1.435835564136505,0.45,27.77777777777778,0.0,20.0,False
env_obs_noise,0.1383869636919449,0.02036590141499896,0.0010000000000000002,0.17227047947434945,0.7885222791217488,-1.9378566893961013,0.6722129783693843,0.93261231281198,0.03237470881863569,0.4749881226569414,0.75,25.733333333333334,0.0,20.0,True
env_obs_noise,0.1383869636919449,0.02036590141499896,0.001411698658795815,0.17227047824233319,0.7885468609960348,-1.9674703305625987,0.6805324459234608,0.9359400998336106,0.020727454242928545,0.48407057151198385,0.75,25.733333333333334,0.0,20.0,True
env_obs_noise,0.1383869636919449,0.02036590141499896,0.0019928931032459026,0.17227047807779988,0.7861414399478825,-1.9994940241886674,0.6885382059800664,0.9418604651162791,0.018477740863787395,0.4856685072183609,0.75,25.8,0.0,20.0,True
env_obs_noise,0.1383869636919449,0.02036590141499896,0.00281336452097567,0.172270479962029,0.784120683367981,-2.0263273042676686,0.7023217247097844,0.9502487562189055,0.023872968490878943,0.49502951428294184,0.75,25.866666666666667,0.0,20.0,True
env_obs_noise,0.1383869636919449,0.02036590141499896,0.00397162292096508,0.1722704795912205,0.7841847796501701,-2.042927140607863,0.7131011608623549,0.9593698175787728,0.0352709784411277,0.5239806722849607,0.75,25.866666666666667,0.0,20.0,True
env_obs_noise,0.1383869636919449,0.02036590141499896,0.00560673475076912,0.17141531008243016,0.7805957934520202,-2.0548498683413996,0.729818780889621,0.9654036243822076,0.05802240527182867,0.5274860778823495,0.75,26.133333333333333,0.0,20.0,True
env_obs_noise,0.1383869636919449,0.02036590141499896,0.007915019927884653,0.17141531008719177,0.7807393141752001,-2.0432688177219456,0.7471169686985173,0.9686985172981878,0.07861548599670509,0.5564743295311928,0.65,24.153846153846153,0.0,20.0,False
env_obs_noise,0.1383869636919449,0.02036590141499896,0.011173623016536903,0.1714153088800569,0.7742211568119504,-2.014012951347866,0.7741407528641571,0.9705400981996727,0.10748085106382976,0.5827529296278954,0.65,24.46153846153846,0.0,20.0,False
env_obs_noise,0.1383869636919449,0.02036590141499896,0.015773788626335192,0.17141530979181827,0.767139362286257,-1.9646392299685314,0.7959349593495935,0.973170731707317,0.13190569105691052,0.6254733249545097,0.65,24.76923076923077,0.0,20.0,False
env_obs_noise,0.1383869636919449,0.02036590141499896,0.02226783624792608,0.17158852739041325,0.7563441652169519,-1.898841299365559,0.8138041733547352,0.9791332263242376,0.15573739967897282,0.650193915516138,0.65,25.384615384615383,0.0,20.0,False
env_obs_noise,0.1383869636919449,0.02036590141499896,0.03143547456548206,0.17105377481997808,0.7516457652972989,-1.818778220618247,0.8338632750397457,0.9793322734499205,0.17599554848966614,0.7186950735747815,0.65,25.846153846153847,0.0,20.0,False
env_obs_noise,0.1383869636919449,0.02036590141499896,0.044377417282700976,0.17090977896171988,0.7445572612205174,-1.7199158838043502,0.845125786163522,0.9803459119496856,0.18827169811320754,0.7866996705532074,0.55,24.09090909090909,0.0,20.0,False
env_obs_noise,0.1383869636919449,0.02036590141499896,0.06264754045881119,0.17083081414984094,0.728990932691931,-1.6006092007031645,0.8520801232665639,0.9807395993836672,0.1956197226502311,0.8587315253913402,0.55,25.272727272727273,0.0,20.0,False
env_obs_noise,0.1383869636919449,0.02036590141499896,0.08843944884256029,0.17010993021318319,0.7203480784296565,-1.4761176171000285,0.8566009104704098,0.9825493171471927,0.2019502276176025,0.9714278861880302,0.5,24.9,0.0,20.0,False
env_obs_noise,0.1383869636919449,0.02036590141499896,0.12484985131568332,0.16982923412640677,0.7098553171943542,-1.3368465832556942,0.8628912071535022,0.9828614008941878,0.20855260804769005,1.0918030083179473,0.5,26.1,0.0,20.0,False
env_obs_noise,0.1383869636919449,0.02036590141499896,0.17625036765320706,0.16945948593650817,0.7003307309077332,-1.1810185734637029,0.865979381443299,0.9830633284241531,0.21184270986745213,1.2162387825548648,0.5,26.9,0.0,20.0,False
env_obs_noise,0.1383869636919449,0.02036590141499896,0.24881240762830165,0.16920904370600134,0.6876933334102366,-1.0095245381299334,0.868840579710145,0.9833333333333333,0.21497391304347824,1.3060158640146255,0.5,28.0,0.0,20.0,False
env_obs_noise,0.1383869636919449,0.02036590141499896,0.351248142140631,0.1689545790730483,0.6875897472808102,-0.8654973143680698,0.8694404591104734,0.9835007173601148,0.21574117647058821,1.3640739895403384,0.45,27.555555555555557,0.0,20.0,False
env_obs_noise,0.1383869636919449,0.02036590141499896,0.4958565311644505,0.16903838399435694,0.6885441361010223,-0.7094826359443529,0.8683834048640916,0.9835479256080114,0.21473133047210302,1.4394286140799522,0.45,27.77777777777778,0.0,20.0,False
env_obs_noise,0.1383869636919449,0.02036590141499896,0.7,0.16903838328473506,0.6891166062734163,-0.5451609938394317,0.8683834048640916,0.9835479256080114,0.21473133047210302,1.4928343638777732,0.45,27.77777777777778,0.0,20.0,False
env_obs_noise,0.1383869636919449,0.029064004743010123,0.0010000000000000002,0.17227047810286905,0.7848304355951279,-1.9757907796041259,0.7313432835820896,0.9585406301824212,0.05268391376451076,0.5399824552237987,0.7,24.928571428571427,0.0,20.0,True
env_obs_noise,0.1383869636919449,0.029064004743010123,0.001411698658795815,0.17227047826158284,0.7848530645624118,-1.9870704025314307,0.7346600331674958,0.961028192371476,0.058488225538971816,0.5512721441686154,0.7,24.928571428571427,0.0,20.0,True
env_obs_noise,0.1383869636919449,0.029064004743010123,0.0019928931032459026,0.17197815766298033,0.783270026175185,-2.0001983767103635,0.7471074380165289,0.9669421487603306,0.07684958677685949,0.5506353355944157,0.7,25.071428571428573,0.0,20.0,True
env_obs_noise,0.1383869636919449,0.029064004743010123,0.00281336452097567,0.1719781565834427,0.7795881522992409,-2.0090814456428596,0.757001647446458,0.971169686985173,0.09097133443163108,0.5502749301493168,0.65,24.153846153846153,0.0,20.0,False
env_obs_noise,0.1383869636919449,0.029064004743010123,0.00397162292096508,0.17141531081609343,0.7773558602019213,-2.014964941334604,0.7635467980295566,0.9778325123152709,0.10417931034482752,0.5515265163034201,0.65,24.307692307692307,0.0,20.0,False
env_obs_noise,0.1383869636919449,0.029064004743010123,0.00560673475076912,0.17141530915923606,0.776157846499773,-2.0063994388802704,0.7770491803278688,0.9811475409836066,0.12099672131147543,0.5780162665992975,0.65,24.384615384615383,0.0,20.0,False
env_obs_noise,0.1383869636919449,0.029064004743010123,0.007915019927884653,0.17141531018171724,0.7721537245374757,-1.9889509807080648,0.7990196078431373,0.9828431372549019,0.14466274509803922,0.6025912277400494,0.65,24.53846153846154,0.0,20.0,False
env_obs_noise,0.1383869636919449,0.029064004743010123,0.011173623016536903,0.17141530951710007,0.7677641223552589,-1.9513648898390659,0.8203252032520325,0.9861788617886179,0.16930406504065043,0.6433646030724048,0.65,24.76923076923077,0.0,20.0,False
env_obs_noise,0.1383869636919449,0.029064004743010123,0.015773788626335192,0.17174425334271867,0.7617936934291426,-1.903945312873883,0.8352180936995154,0.9878836833602584,0.18590177705977384,0.6729835085570812,0.65,25.076923076923077,0.0,20.0,False
env_obs_noise,0.1383869636919449,0.029064004743010123,0.02226783624792608,0.1715047567805783,0.7554062881130168,-1.8402380161655987,0.854632587859425,0.9912140575079872,0.20864664536741218,0.7022959046065808,0.6,24.5,0.0,20.0,False
env_obs_noise,0.1383869636919449,0.029064004743010123,0.03143547456548206,0.17103199096370997,0.7504728597012947,-1.759410317724356,0.8684627575277337,0.991283676703645,0.22254643423137876,0.7741368904709816,0.6,24.916666666666668,0.0,20.0,False
env_obs_noise,0.1383869636919449,0.029064004743010123,0.044377417282700976,0.1710535077434193,0.7392617113360993,-1.6627449566749628,0.8790951638065523,0.9921996879875195,0.23409485179407175,0.822616808116436,0.55,24.545454545454547,0.0,20.0,False
env_obs_noise,0.1383869636919449,0.029064004743010123,0.06264754045881119,0.1708308118271937,0.7269708910846712,-1.543938195064808,0.8847926267281107,0.9923195084485407,0.23991213517665133,0.9254763729870319,0.55,25.454545454545453,0.0,20.0,False
env_obs_noise,0.1383869636919449,0.029064004743010123,0.08843944884256029,0.1702035734089212,0.7196674823019786,-1.4234003451130277,0.8895612708018155,0.9939485627836612,0.24630983358547665,1.0386188954114914,0.5,25.1,0.0,20.0,False
env_obs_noise,0.1383869636919449,0.029064004743010123,0.12484985131568332,0.16982923774427594,0.7073592629539713,-1.2837632742602962,0.8959881129271917,0.9940564635958395,0.2528445765230313,1.155389241874218,0.5,26.3,0.0,20.0,False
env_obs_noise,0.1383869636919449,0.029064004743010123,0.17625036765320706,0.1694594875308906,0.6936790161491502,-1.1177397442500994,0.8983918128654971,0.9941520467836257,0.25534385964912276,1.270044820010662,0.5,27.4,0.0,20.0,False
env_obs_noise,0.1383869636919449,0.029064004743010123,0.24881240762830165,0.1689182093783964,0.6872255477050412,-0.9662047049253607,0.9004329004329005,0.9942279942279942,0.2574608946608947,1.3533430069684982,0.45,27.11111111111111,0.0,20.0,False
env_obs_noise,0.1383869636919449,0.029064004743010123,0.351248142140631,0.16889292788723542,0.6883168771351584,-0.8228912907706188,0.9018624641833811,0.994269340974212,0.2589318051575932,1.4237705156207086,0.45,27.666666666666668,0.0,20.0,False
env_obs_noise,0.1383869636919449,0.029064004743010123,0.4958565311644505,0.16903838481406241,0.6874805588434912,-0.6605292226400279,0.9014285714285715,0.9942857142857143,0.2585142857142858,1.504067800939083,0.45,27.88888888888889,0.0,20.0,False
env_obs_noise,0.1383869636919449,0.029064004743010123,0.7,0.16916459626808872,0.686748262894402,-0.4991881957570998,0.9011379800853485,0.9943100995732574,0.25824807965860597,1.5322226911783219,0.45,28.22222222222222,0.0,20.0,False
env_obs_noise,0.1383869636919449,0.04147699404454563,0.0010000000000000002,0.17173602713715136,0.7771537533170655,-1.9233466115280835,0.8057377049180328,0.978688524590164,0.14722622950819675,0.6018121868371964,0.65,24.384615384615383,0.0,20.0,False
env_obs_noise,0.1383869636919449,0.04147699404454563,0.001411698658795815,0.17173602670934598,0.7771794908073747,-1.9247188740716776,0.8114754098360656,0.980327868852459,0.15460327868852464,0.6100840734317898,0.65,24.384615384615383,0.0,20.0,False
env_obs_noise,0.1383869636919449,0.04147699404454563,0.0019928931032459026,0.17173602576327968,0.7772153914430805,-1.9245575208937642,0.8131147540983606,0.9844262295081967,0.16034098360655735,0.6222184021025896,0.65,24.384615384615383,0.0,20.0,False
env_obs_noise,0.1383869636919449,0.04147699404454563,0.00281336452097567,0.17117590824525666,0.7749825456966283,-1.9253776189787897,0.8161764705882353,0.9869281045751634,0.16590457516339874,0.6195783387869597,0.65,24.53846153846154,0.0,20.0,False
env_obs_noise,0.1383869636919449,0.04147699404454563,0.00397162292096508,0.17117591007660485,0.7730598651869265,-1.9185417767577322,0.8254486133768353,0.9893964110929854,0.17764502446982067,0.6339686669409275,0.65,24.615384615384617,0.0,20.0,False
env_obs_noise,0.1383869636919449,0.04147699404454563,0.00560673475076912,0.17117590917230235,0.7709831512702203,-1.904664408536298,0.8444625407166124,0.990228013029316,0.1974905537459284,0.656924133002758,0.65,24.692307692307693,0.0,20.0,False
env_obs_noise,0.1383869636919449,0.04147699404454563,0.007915019927884653,0.1711759084055317,0.7678450998645464,-1.879777572049637,0.862012987012987,0.9926948051948052,0.21750779220779226,0.6832896657288074,0.65,24.846153846153847,0.0,20.0,False
env_obs_noise,0.1383869636919449,0.04147699404454563,0.011173623016536903,0.17132723031457017,0.7625350475922171,-1.8479019121577938,0.8721864951768489,0.9935691318327974,0.22855562700964627,0.6784539215266705,0.6,24.166666666666668,0.0,20.0,False
env_obs_noise,0.1383869636919449,0.04147699404454563,0.015773788626335192,0.17132723304757075,0.7597684683597341,-1.794788537851427,0.8870192307692307,0.9959935897435898,0.2458128205128205,0.7343572311103344,0.6,24.333333333333332,0.0,20.0,False
env_obs_noise,0.1383869636919449,0.04147699404454563,0.02226783624792608,0.1712682579685388,0.7489333743611919,-1.732313301786926,0.9057052297939778,0.9976228209191759,0.2661280507131537,0.7626159846782684,0.6,24.916666666666668,0.0,20.0,False
env_obs_noise,0.1383869636919449,0.04147699404454563,0.03143547456548206,0.17036956360410702,0.7457656842079826,-1.654222494036455,0.9166666666666666,0.9984276729559748,0.27789433962264143,0.8292526379227638,0.55,24.09090909090909,0.0,20.0,False
env_obs_noise,0.1383869636919449,0.04147699404454563,0.044377417282700976,0.17082238499976352,0.7309952076440819,-1.557685815314421,0.9212962962962963,0.9984567901234568,0.2825530864197531,0.8708685874938965,0.55,25.181818181818183,0.0,20.0,False
env_obs_noise,0.1383869636919449,0.04147699404454563,0.06264754045881119,0.17060117800162858,0.7210073067586865,-1.4454787272868395,0.9253048780487805,0.9992378048780488,0.2873426829268293,0.9865602239966392,0.55,25.90909090909091,0.0,20.0,False
env_obs_noise,0.1383869636919449,0.04147699404454563,0.08843944884256029,0.16997966587049046,0.716913732007888,-1.3283711919431673,0.9307228915662651,1.0,0.2935228915662651,1.1134490303695201,0.5,25.4,0.0,20.0,False
env_obs_noise,0.1383869636919449,0.04147699404454563,0.12484985131568332,0.16960937615844351,0.7066519979821818,-1.1935327163113971,0.9355555555555556,1.0,0.2983555555555556,1.2343973122537135,0.5,26.5,0.0,20.0,False
env_obs_noise,0.1383869636919449,0.04147699404454563,0.17625036765320706,0.1689932223840782,0.6914677372882907,-1.0361208692584374,0.9375907111756169,1.0,0.3003907111756169,1.3218080043792724,0.5,27.9,0.0,20.0,False
env_obs_noise,0.1383869636919449,0.04147699404454563,0.24881240762830165,0.168743552066593,0.6881277218831292,-0.8950136209778488,0.9391117478510028,1.0,0.30191174785100283,1.3954872898757458,0.45,27.666666666666668,0.0,20.0,False
env_obs_noise,0.1383869636919449,0.04147699404454563,0.351248142140631,0.16882839718247597,0.6874218709713646,-0.7410094085973836,0.9407988587731811,1.0,0.30359885877318116,1.483967549353838,0.45,28.0,0.0,20.0,False
env_obs_noise,0.1383869636919449,0.04147699404454563,0.4958565311644505,0.1687318468488077,0.6870411666928506,-0.5807066762564518,0.9409672830725462,1.0,0.3037672830725462,1.5624181762337686,0.45,28.22222222222222,0.0,20.0,False
env_obs_noise,0.1383869636919449,0.04147699404454563,0.7,0.16943225668429432,0.6876154767183941,-0.4232678620322997,0.9390070921985816,1.0,0.3018070921985816,1.5856331929564476,0.4,27.125,0.0,20.0,False
env_obs_noise,0.1383869636919449,0.05919146553212061,0.0010000000000000002,0.17115341642057139,0.7720042002159584,-1.7988399680235123,0.8634146341463415,0.991869918699187,0.2180845528455284,0.6983003467321396,0.6,23.583333333333332,0.0,20.0,False
env_obs_noise,0.1383869636919449,0.05919146553212061,0.001411698658795815,0.17115341837939316,0.7720293506730818,-1.7956756801776446,0.865040650406504,0.991869918699187,0.21971056910569098,0.7072783045470714,0.6,23.583333333333332,0.0,20.0,False
env_obs_noise,0.1383869636919449,0.05919146553212061,0.0019928931032459026,0.1711534179208217,0.7720646552523254,-1.7905854995337247,0.8691056910569106,0.991869918699187,0.22377560975609756,0.7196581415832043,0.6,23.583333333333332,0.0,20.0,False
env_obs_noise,0.1383869636919449,0.05919146553212061,0.00281336452097567,0.17132723407873668,0.7687912350062791,-1.7855474047891307,0.8780290791599353,0.9919224555735057,0.232751534733441,0.7047683320939541,0.6,23.916666666666668,0.0,20.0,False
env_obs_noise,0.1383869636919449,0.05919146553212061,0.00397162292096508,0.17132723049266946,0.7688550299155567,-1.7729865840012389,0.8925686591276252,0.9919224555735057,0.24729111470113085,0.7261391885578632,0.6,23.916666666666668,0.0,20.0,False
env_obs_noise,0.1383869636919449,0.05919146553212061,0.00560673475076912,0.17132723091120494,0.7634248182390677,-1.7565480859339553,0.9027331189710611,0.9935691318327974,0.2591022508038585,0.7337853118777276,0.6,24.166666666666668,0.0,20.0,False
env_obs_noise,0.1383869636919449,0.05919146553212061,0.007915019927884653,0.17132723224445873,0.761512753497619,-1.7304056829727914,0.9109149277688604,0.9935794542536116,0.267294382022472,0.7604981638491154,0.6,24.25,0.0,20.0,False
env_obs_noise,0.1383869636919449,0.05919146553212061,0.011173623016536903,0.17132723122132645,0.7533401344985424,-1.6942047373159441,0.9235668789808917,0.9936305732484076,0.2799974522292994,0.7701619781553746,0.6,24.666666666666668,0.0,20.0,False
env_obs_noise,0.1383869636919449,0.05919146553212061,0.015773788626335192,0.1712682566211217,0.7478947066382253,-1.6464204862844212,0.9319620253164557,0.9960443037974683,0.290806329113924,0.8048593699932098,0.6,25.0,0.0,20.0,False
env_obs_noise,0.1383869636919449,0.05919146553212061,0.02226783624792608,0.17079863641747928,0.744823351514648,-1.585936513015793,0.9441823899371069,0.9984276729559748,0.3054100628930817,0.8566301375627517,0.6,25.333333333333332,0.0,20.0,False
env_obs_noise,0.1383869636919449,0.05919146553212061,0.03143547456548206,0.17051507670803498,0.7365354560819177,-1.5103627466346259,0.9510108864696734,0.9984447900466563,0.3122556765163297,0.9031567573547363,0.55,24.727272727272727,0.0,20.0,False
env_obs_noise,0.1383869636919449,0.05919146553212061,0.044377417282700976,0.1708223826434189,0.7290207826202361,-1.4195041577598775,0.9523076923076923,0.9984615384615385,0.3135692307692308,0.9866017960011959,0.55,25.363636363636363,0.0,20.0,False
env_obs_noise,0.1383869636919449,0.05919146553212061,0.06264754045881119,0.1705863165279401,0.7187956064053188,-1.3170353973501385,0.9553706505295008,0.9992435703479576,0.3174142208774584,1.0777256868779659,0.55,26.363636363636363,0.0,20.0,False
env_obs_noise,0.1383869636919449,0.05919146553212061,0.08843944884256029,0.16949237408065732,0.7096484359236461,-1.2003753505916368,0.9605654761904762,1.0,0.3233654761904762,1.1874109022319317,0.5,26.2,0.0,20.0,False
env_obs_noise,0.1383869636919449,0.05919146553212061,0.12484985131568332,0.16924149596398716,0.692817813027183,-1.0571795762414518,0.9650145772594753,1.0,0.32781457725947527,1.2864079192280768,0.5,27.6,0.0,20.0,False
env_obs_noise,0.1383869636919449,0.05919146553212061,0.17625036765320706,0.16870464709902505,0.6896778611787688,-0.9187790184794375,0.9660894660894661,1.0,0.3288894660894661,1.4061510041356087,0.45,27.11111111111111,0.0,20.0,False
env_obs_noise,0.1383869636919449,0.05919146553212061,0.24881240762830165,0.16868273971679298,0.6874529596124901,-0.7796695543585795,0.9664285714285714,1.0,0.3292285714285714,1.489110503345728,0.45,27.88888888888889,0.0,20.0,False
env_obs_noise,0.1383869636919449,0.05919146553212061,0.351248142140631,0.16882839394366747,0.6872029007243646,-0.6250555212112502,0.967948717948718,1.0,0.33074871794871796,1.5849178597331046,0.45,28.11111111111111,0.0,20.0,False
env_obs_noise,0.1383869636919449,0.05919146553212061,0.4958565311644505,0.16943225747254556,0.6880979721674297,-0.47494814985565786,0.9673758865248226,1.0,0.33017588652482266,1.6345248490571975,0.4,27.125,0.0,20.0,False
env_obs_noise,0.1383869636919449,0.05919146553212061,0.7,0.16920801786955117,0.6862215781622183,-0.3053615068728142,0.9675599435825106,1.0,0.33035994358251064,1.6667864516377449,0.4,27.625,0.0,20.0,False
env_obs_noise,0.1383869636919449,0.08447163717017145,0.0010000000000000002,0.17106316427262386,0.7622702827252267,-1.6218736420027875,0.9193290734824281,0.9920127795527156,0.2741418530351437,0.7944641970098019,0.6,24.5,0.0,20.0,False
env_obs_noise,0.1383869636919449,0.08447163717017145,0.001411698658795815,0.17106316283778422,0.760941662073012,-1.6172988504924428,0.9226475279106858,0.9920255183413078,0.27747304625199365,0.800913518667221,0.6,24.583333333333332,0.0,20.0,False
env_obs_noise,0.1383869636919449,0.08447163717017145,0.0019928931032459026,0.17106316469775348,0.7571779982982326,-1.6126420782701567,0.9268680445151033,0.9936406995230525,0.28330874403815576,0.7908857472240924,0.6,24.75,0.0,20.0,False
env_obs_noise,0.1383869636919449,0.08447163717017145,0.00281336452097567,0.1710631615951954,0.7555716258526375,-1.6035998852787192,0.9301587301587302,0.9936507936507937,0.28660952380952387,0.7946484208106994,0.6,24.833333333333332,0.0,20.0,False
env_obs_noise,0.1383869636919449,0.08447163717017145,0.00397162292096508,0.17106316217585768,0.7556416985243632,-1.5896782163243115,0.9373015873015873,0.9936507936507937,0.293752380952381,0.8140196949243546,0.6,24.833333333333332,0.0,20.0,False
env_obs_noise,0.1383869636919449,0.08447163717017145,0.00560673475076912,0.1710631618933715,0.7503845438140716,-1.572932141409091,0.9423380726698263,0.9944707740916272,0.2996088467614535,0.8125067859888077,0.6,25.083333333333332,0.0,20.0,False
env_obs_noise,0.1383869636919449,0.08447163717017145,0.007915019927884653,0.17106316111452163,0.7472893531606222,-1.5464067509529744,0.947244094488189,0.9960629921259843,0.3061070866141733,0.8353311859071255,0.6,25.25,0.0,20.0,False
env_obs_noise,0.1383869636919449,0.08447163717017145,0.011173623016536903,0.17100564842763158,0.7457230892997213,-1.512070703339179,0.9544740973312402,0.9968602825745683,0.3141343799058085,0.8702914528548717,0.6,25.416666666666668,0.0,20.0,False
env_obs_noise,0.1383869636919449,0.08447163717017145,0.015773788626335192,0.17100564817245673,0.7403630737309081,-1.4661172930667474,0.9625,0.9984375,0.3237375,0.8996219731867313,0.55,24.454545454545453,0.0,20.0,False
env_obs_noise,0.1383869636919449,0.08447163717017145,0.02226783624792608,0.17068638186307172,0.7392634607599637,-1.4116816755410175,0.968167701863354,0.9984472049689441,0.3294149068322981,0.949268288910389,0.55,24.818181818181817,0.0,20.0,False
env_obs_noise,0.1383869636919449,0.08447163717017145,0.03143547456548206,0.17056841028962783,0.7300035300675138,-1.3423732063227918,0.9716257668711656,0.9984662576687117,0.3328920245398773,0.9940259225666523,0.55,25.545454545454547,0.0,20.0,False
env_obs_noise,0.1383869636919449,0.08447163717017145,0.044377417282700976,0.1703501803012886,0.7194594152541331,-1.2581144165736713,0.9735249621785174,0.9984871406959153,0.33481210287443264,1.0645222298800945,0.55,26.363636363636363,0.0,20.0,False
env_obs_noise,0.1383869636919449,0.08447163717017145,0.06264754045881119,0.16954239630083515,0.717128840973664,-1.1665005969349884,0.976083707025411,0.9992526158445441,0.3381363228699551,1.1653261572122573,0.5,25.9,0.0,20.0,False
env_obs_noise,0.1383869636919449,0.08447163717017145,0.08843944884256029,0.1693748913736765,0.7018370891269624,-1.0471326540629073,0.9809384164222874,1.0,0.3437384164222874,1.2705854915082455,0.5,27.2,0.0,20.0,False
env_obs_noise,0.1383869636919449,0.08447163717017145,0.12484985131568332,0.16853062613986397,0.6927702766979463,-0.920986600734069,0.9833815028901735,1.0,0.34618150289017346,1.373514547944069,0.45,27.0,0.0,20.0,False
env_obs_noise,0.1383869636919449,0.08447163717017145,0.17625036765320706,0.1684403965771273,0.6876034270305554,-0.7869220162299098,0.9842857142857143,1.0,0.34708571428571433,1.4852404832839965,0.45,27.88888888888889,0.0,20.0,False
env_obs_noise,0.1383869636919449,0.08447163717017145,0.24881240762830165,0.16860891642009596,0.687524517264625,-0.6493419656715259,0.9843971631205674,1.0,0.34719716312056736,1.5786475852131843,0.45,28.444444444444443,0.0,20.0,False
env_obs_noise,0.1383869636919449,0.08447163717017145,0.351248142140631,0.16876756951975852,0.6860950656969367,-0.49659345609572303,0.9859353023909986,1.0,0.3487353023909986,1.6362829372286796,0.4,27.875,0.0,20.0,False
env_obs_noise,0.1383869636919449,0.08447163717017145,0.4958565311644505,0.16898775337789781,0.6849151703282613,-0.32520676745482435,0.9860529986052998,1.0,0.34885299860529984,1.707224105298519,0.35,27.142857142857142,0.0,20.0,False
env_obs_noise,0.1383869636919449,0.08447163717017145,0.7,0.16941581741397813,0.6854929863614097,-0.1680834209094043,0.9853760445682451,1.0,0.34817604456824514,1.7469634473323823,0.35,27.285714285714285,0.0,20.0,False
env_obs_noise,0.1383869636919449,0.12054875516364763,0.0010000000000000002,0.17106316256355084,0.7449671592639233,-1.4011243496108534,0.956828885400314,0.9960753532182104,0.31570423861852437,0.9400277599692345,0.6,25.416666666666668,0.0,20.0,False
env_obs_noise,0.1383869636919449,0.12054875516364763,0.001411698658795815,0.17106316175520045,0.7437358941286125,-1.3964541555885424,0.9568965517241379,0.9960815047021944,0.3157780564263323,0.9337082847952842,0.55,24.272727272727273,0.0,20.0,False
env_obs_noise,0.1383869636919449,0.12054875516364763,0.0019928931032459026,0.17106316270316899,0.7418680891316436,-1.390508841666237,0.9577464788732394,0.9960876369327074,0.3166341158059468,0.9333845190703869,0.55,24.363636363636363,0.0,20.0,False
env_obs_noise,0.1383869636919449,0.12054875516364763,0.00281336452097567,0.1710631610014563,0.7419192981305134,-1.3808337644531643,0.9593114241001565,0.9960876369327074,0.3181990610328639,0.9461895510554313,0.55,24.363636363636363,0.0,20.0,False
env_obs_noise,0.1383869636919449,0.12054875516364763,0.00397162292096508,0.17106316090759102,0.7419906805073807,-1.3674741842089022,0.960093896713615,0.9960876369327074,0.3189815336463224,0.9642668798565864,0.55,24.363636363636363,0.0,20.0,False
env_obs_noise,0.1383869636919449,0.12054875516364763,0.00560673475076912,0.1710056480571869,0.7399766495962999,-1.3510736313489722,0.9625585023400937,0.9960998439937597,0.3214583463338534,0.975325945019722,0.55,24.545454545454547,0.0,20.0,False
env_obs_noise,0.1383869636919449,0.12054875516364763,0.007915019927884653,0.17114906416171666,0.7368128861185537,-1.3289387159433577,0.967391304347826,0.9968944099378882,0.3270857142857143,0.9816425323486329,0.55,24.818181818181817,0.0,20.0,False
env_obs_noise,0.1383869636919449,0.12054875516364763,0.011173623016536903,0.1711490638247072,0.735151805540449,-1.2969098910466814,0.9720930232558139,0.9984496124031008,0.33334263565891475,1.0193872556090355,0.55,24.90909090909091,0.0,20.0,False
env_obs_noise,0.1383869636919449,0.12054875516364763,0.015773788626335192,0.17068638241328365,0.7324047717559743,-1.257988647193481,0.9799691833590138,0.9984591679506933,0.3412283513097072,1.0475342713296414,0.55,25.272727272727273,0.0,20.0,False
env_obs_noise,0.1383869636919449,0.12054875516364763,0.02226783624792608,0.17056840899869097,0.7278832755979283,-1.2074823006119915,0.981651376146789,0.9984709480122325,0.34292232415902146,1.089410400390625,0.55,25.727272727272727,0.0,20.0,False
env_obs_noise,0.1383869636919449,0.12054875516364763,0.03143547456548206,0.17044305175856295,0.7199872879582997,-1.1457060938618904,0.9826283987915407,0.9984894259818731,0.3439178247734138,1.132324117422104,0.55,26.454545454545453,0.0,20.0,False
env_obs_noise,0.1383869636919449,0.12054875516364763,0.044377417282700976,0.17029958160392997,0.7147265633469403,-1.0686815892578931,0.9850299401197605,0.999251497005988,0.34708143712574857,1.2274281173944472,0.55,27.0,0.0,20.0,False
env_obs_noise,0.1383869636919449,0.12054875516364763,0.06264754045881119,0.16925825925415033,0.7056565975079947,-0.9780746296058245,0.9882179675994109,1.0,0.35101796759941095,1.3069516599178315,0.5,26.9,0.0,20.0,False
env_obs_noise,0.1383869636919449,0.12054875516364763,0.08843944884256029,0.16872907937378406,0.6934245574340424,-0.8713752016202752,0.9913169319826338,1.0,0.35411693198263383,1.3951082572340965,0.45,26.88888888888889,0.0,20.0,False
env_obs_noise,0.1383869636919449,0.12054875516364763,0.12484985131568332,0.16844039551431256,0.6898577836877582,-0.7558731545183499,0.9921316165951359,1.0,0.35493161659513595,1.516781634092331,0.45,27.77777777777778,0.0,20.0,False
env_obs_noise,0.1383869636919449,0.12054875516364763,0.17625036765320706,0.16860891946073792,0.6880867741499569,-0.6320372233511524,0.9929078014184397,1.0,0.3557078014184397,1.6233997367322446,0.45,28.444444444444443,0.0,20.0,False
env_obs_noise,0.1383869636919449,0.12054875516364763,0.24881240762830165,0.16876756756639386,0.6843765283823031,-0.4791528655105917,0.993006993006993,1.0,0.35580699300699303,1.6917335823178292,0.4,28.375,0.0,20.0,False
env_obs_noise,0.1383869636919449,0.12054875516364763,0.351248142140631,0.16894822158142803,0.6840785412621595,-0.3330741662384803,0.9944444444444445,1.0,0.3572444444444445,1.7576360374689102,0.35,27.571428571428573,0.0,20.0,False
env_obs_noise,0.1383869636919449,0.12054875516364763,0.4958565311644505,0.1694502758627124,0.684870447690592,-0.18570728951842796,0.9944598337950139,1.0,0.3572598337950139,1.8103568866848945,0.35,27.857142857142858,0.0,20.0,False
env_obs_noise,0.1383869636919449,0.12054875516364763,0.7,0.16945027394182002,0.6854505667804613,-0.0295670196261332,0.9944598337950139,1.0,0.3572598337950139,1.8585759714245795,0.35,27.857142857142858,0.0,20.0,False
env_obs_noise,0.1383869636919449,0.17203410349712728,0.0010000000000000002,0.1711760041570999,0.7323869727324456,-1.1500409223553625,0.9753846153846154,0.9969230769230769,0.33510769230769233,1.1230551049113273,0.55,25.363636363636363,0.0,20.0,False
env_obs_noise,0.1383869636919449,0.17203410349712728,0.001411698658795815,0.1711760035864396,0.7307925927260759,-1.1464727271295523,0.9754224270353302,0.9969278033794163,0.33515023041474656,1.1205712005496025,0.55,25.454545454545453,0.0,20.0,False
env_obs_noise,0.1383869636919449,0.17203410349712728,0.0019928931032459026,0.17117600494452467,0.7292222269739219,-1.1412580350476602,0.9754601226993865,0.9969325153374233,0.3351926380368099,1.122102392464876,0.55,25.545454545454547,0.0,20.0,False
env_obs_noise,0.1383869636919449,0.17203410349712728,0.00281336452097567,0.1711760028796774,0.7274919795300586,-1.1337429811933688,0.9770290964777948,0.9977029096477795,0.3375320061255743,1.1252788081765175,0.55,25.636363636363637,0.0,20.0,False
env_obs_noise,0.1383869636919449,0.17203410349712728,0.00397162292096508,0.17117600460778978,0.7257542181869014,-1.1229749915087697,0.9808868501529052,0.9977064220183486,0.3413932721712538,1.1335918746888638,0.55,25.727272727272727,0.0,20.0,False
env_obs_noise,0.1383869636919449,0.17203410349712728,0.00560673475076912,0.17117600535817254,0.7258488294682687,-1.107271890501537,0.9824159021406728,0.9984709480122325,0.34368685015290523,1.1568479984998703,0.55,25.727272727272727,0.0,20.0,False
env_obs_noise,0.1383869636919449,0.17203410349712728,0.007915019927884653,0.17080814232287572,0.7259806716613717,-1.0889337415526743,0.984779299847793,0.9984779299847792,0.34605722983257226,1.1642858266830445,0.55,26.0,0.0,20.0,False
env_obs_noise,0.1383869636919449,0.17203410349712728,0.011173623016536903,0.17038876159611463,0.7229605481595553,-1.0628374193969676,0.9886363636363636,0.9984848484848485,0.3499212121212122,1.1839136697351933,0.55,26.272727272727273,0.0,20.0,False
env_obs_noise,0.1383869636919449,0.17203410349712728,0.015773788626335192,0.17047401232310933,0.7214117473447619,-1.0282648406579087,0.9894419306184012,0.9984917043740573,0.3507336349924586,1.2179551005363465,0.55,26.545454545454547,0.0,20.0,False
env_obs_noise,0.1383869636919449,0.17203410349712728,0.02226783624792608,0.1703312592688225,0.7183599938514039,-0.9852917830569613,0.9895209580838323,0.999251497005988,0.3515724550898204,1.2575731225311757,0.55,27.0,0.0,20.0,False
env_obs_noise,0.1383869636919449,0.17203410349712728,0.03143547456548206,0.16998354631910334,0.7133100524684391,-0.9310206328825285,0.9925705794947994,0.9992570579494799,0.3546276374442794,1.3169544756412506,0.55,27.454545454545453,0.0,20.0,False
env_obs_noise,0.1383869636919449,0.17203410349712728,0.044377417282700976,0.16929599285462224,0.7039389770710492,-0.8624456195424757,0.9941434846266471,1.0,0.35694348462664716,1.3710834339261055,0.5,27.3,0.0,20.0,False
env_obs_noise,0.1383869636919449,0.17203410349712728,0.06264754045881119,0.1687697538045879,0.6945211319671577,-0.7788880342052413,0.9949494949494949,1.0,0.35774949494949493,1.4538954347372055,0.45,27.11111111111111,0.0,20.0,False
env_obs_noise,0.1383869636919449,0.17203410349712728,0.08843944884256029,0.16848221539723457,0.6894822769237302,-0.684955298350258,0.9978632478632479,1.0,0.3606632478632479,1.561113640666008,0.45,28.11111111111111,0.0,20.0,False
env_obs_noise,0.1383869636919449,0.17203410349712728,0.12484985131568332,0.1686492116188197,0.6858636671811006,-0.5778217417860961,0.998589562764457,1.0,0.361389562764457,1.6708109498023986,0.45,28.88888888888889,0.0,20.0,False
env_obs_noise,0.1383869636919449,0.17203410349712728,0.17625036765320706,0.16876821233550374,0.682723781082418,-0.44462626837176894,0.9986149584487535,1.0,0.3614149584487535,1.7410413056612015,0.35,27.857142857142858,0.0,20.0,False
env_obs_noise,0.1383869636919449,0.17203410349712728,0.24881240762830165,0.1695138909406184,0.6838037423377847,-0.319842057825772,0.9986225895316805,1.0,0.3614225895316805,1.8150076642632484,0.35,28.428571428571427,0.0,20.0,False
env_obs_noise,0.1383869636919449,0.17203410349712728,0.351248142140631,0.16951389091246358,0.6846981593792117,-0.18037805832033668,1.0,1.0,0.3628,1.897035586833954,0.35,28.428571428571427,0.0,20.0,False
env_obs_noise,0.1383869636919449,0.17203410349712728,0.4958565311644505,0.1695138913441952,0.6838722980870763,-0.03448065353488576,1.0,1.0,0.3628,1.948416742682457,0.35,28.571428571428573,0.0,20.0,False
env_obs_noise,0.1383869636919449,0.17203410349712728,0.7,0.16951389090596475,0.6844556091144324,0.11767109864411128,1.0,1.0,0.3628,1.9953659296035766,0.35,28.571428571428573,0.0,20.0,False
env_obs_noise,0.1383869636919449,0.24550840633636933,0.0010000000000000002,0.16968337878860393,0.7156691554516046,-0.8810024587951333,0.9873134328358208,0.9992537313432835,0.3493671641791044,1.3359607011079788,0.55,27.181818181818183,0.0,20.0,False
env_obs_noise,0.1383869636919449,0.24550840633636933,0.001411698658795815,0.16968338054526858,0.7156922915870987,-0.8775563449328508,0.9880597014925373,0.9992537313432835,0.35011343283582086,1.3413988791406155,0.55,27.181818181818183,0.0,20.0,False
env_obs_noise,0.1383869636919449,0.24550840633636933,0.0019928931032459026,0.16998354984025973,0.715725091860557,-0.8733304432153872,0.9880774962742176,0.9992548435171386,0.35013233979135616,1.3407047443091868,0.55,27.272727272727273,0.0,20.0,False
env_obs_noise,0.1383869636919449,0.24550840633636933,0.00281336452097567,0.16998354776677585,0.7157708703082435,-0.8666665066897958,0.9903129657228018,0.9992548435171386,0.3523678092399404,1.351397130638361,0.55,27.272727272727273,0.0,20.0,False
env_obs_noise,0.1383869636919449,0.24550840633636933,0.00397162292096508,0.16998354747421968,0.7124730355438499,-0.858585166624487,0.9910846953937593,0.9992570579494799,0.3531417533432393,1.3515111900866033,0.55,27.454545454545453,0.0,20.0,False
env_obs_noise,0.1383869636919449,0.24550840633636933,0.00560673475076912,0.169983546720825,0.7117390221777328,-0.8461601251183877,0.9910979228486647,0.9992581602373887,0.3531560830860534,1.3650099262595177,0.55,27.545454545454547,0.0,20.0,False
env_obs_noise,0.1383869636919449,0.24550840633636933,0.007915019927884653,0.16998354803475318,0.7075097793470349,-0.830314759155146,0.9918759231905465,0.9992614475627769,0.35393737075332343,1.3711129896342755,0.55,27.818181818181817,0.0,20.0,False
env_obs_noise,0.1383869636919449,0.24550840633636933,0.011173623016536903,0.16998354878588773,0.7061238869300901,-0.8074088369435103,0.9918879056047197,0.9992625368731564,0.3539504424778761,1.403071901202202,0.55,27.90909090909091,0.0,20.0,False
env_obs_noise,0.1383869636919449,0.24550840633636933,0.015773788626335192,0.1696144806446624,0.6993056429430461,-0.7793709352361178,0.9926900584795322,0.9992690058479532,0.3547590643274854,1.4127905182540417,0.55,28.454545454545453,0.0,20.0,False
env_obs_noise,0.1383869636919449,0.24550840633636933,0.02226783624792608,0.16945641108536708,0.6966590637141173,-0.7409104215382266,0.9934497816593887,0.9992721979621543,0.35552197962154297,1.4577916398644448,0.5,27.7,0.0,20.0,False
env_obs_noise,0.1383869636919449,0.24550840633636933,0.03143547456548206,0.16845509357680857,0.6953317911380074,-0.6956408540752985,0.9942279942279942,1.0,0.35702799422799425,1.4997094333171845,0.45,27.11111111111111,0.0,20.0,False
env_obs_noise,0.1383869636919449,0.24550840633636933,0.044377417282700976,0.16850703747657875,0.6860154801133364,-0.6361466627550724,0.9943100995732574,1.0,0.35711009957325746,1.5589423574507237,0.45,28.22222222222222,0.0,20.0,False
env_obs_noise,0.1383869636919449,0.24550840633636933,0.06264754045881119,0.16848221503781385,0.6822877712384979,-0.5620799997425772,0.9964689265536724,1.0,0.3592689265536724,1.6757034450769424,0.45,28.77777777777778,0.0,20.0,False
env_obs_noise,0.1383869636919449,0.24550840633636933,0.08843944884256029,0.16886226853536646,0.6774422163774042,-0.4701194551980238,0.9986187845303868,1.0,0.3614187845303868,1.7347196966409684,0.4,29.5,0.0,20.0,False
env_obs_noise,0.1383869636919449,0.24550840633636933,0.12484985131568332,0.16887776281987882,0.6789221168978735,-0.37056725564874354,0.9986263736263736,1.0,0.36142637362637364,1.8494388483464719,0.35,28.714285714285715,0.0,20.0,False
env_obs_noise,0.1383869636919449,0.24550840633636933,0.17625036765320706,0.16951388982338017,0.6785187332580829,-0.2611983104928657,0.9986320109439124,1.0,0.3614320109439124,1.9336515590548515,0.35,29.142857142857142,0.0,20.0,False
env_obs_noise,0.1383869636919449,0.24550840633636933,0.24881240762830165,0.1695138898560838,0.6782939418009828,-0.1384992721612115,0.9993169398907104,1.0,0.36211693989071037,2.018794570863247,0.35,29.285714285714285,0.0,20.0,False
env_obs_noise,0.1383869636919449,0.24550840633636933,0.351248142140631,0.1695138915293325,0.6775825050100507,-0.005487794589329228,1.0,1.0,0.3628,2.0829794704914093,0.35,29.428571428571427,0.0,20.0,False
env_obs_noise,0.1383869636919449,0.24550840633636933,0.4958565311644505,0.1693164418861919,0.6781441919278384,0.1319131376075995,1.0,1.0,0.3628,2.1061215311288835,0.3,28.166666666666668,0.0,20.0,False
env_obs_noise,0.1383869636919449,0.24550840633636933,0.7,0.1695212719483401,0.6759712141253063,0.2796710344104293,1.0,1.0,0.3628,2.137174651771784,0.3,28.666666666666668,0.0,20.0,False
env_obs_noise,0.1383869636919449,0.35036295918402205,0.0010000000000000002,0.1689183464254174,0.69219705537621,-0.5958385651014887,0.9928263988522238,1.0,0.3556263988522238,1.5903344452381134,0.5,28.7,0.0,20.0,False
env_obs_noise,0.1383869636919449,0.35036295918402205,0.001411698658795815,0.16891834862950236,0.6922204108554953,-0.5931104433222629,0.9928263988522238,1.0,0.3556263988522238,1.5952886417508125,0.5,28.7,0.0,20.0,False
env_obs_noise,0.1383869636919449,0.35036295918402205,0.0019928931032459026,0.16891834754860408,0.6922533176531867,-0.5892975357554235,0.9928263988522238,1.0,0.3556263988522238,1.6022546835243703,0.5,28.7,0.0,20.0,False
env_obs_noise,0.1383869636919449,0.35036295918402205,0.00281336452097567,0.1689183477348933,0.692299408368408,-0.5839883158673709,0.9928263988522238,1.0,0.3556263988522238,1.6120318815112114,0.5,28.7,0.0,20.0,False
env_obs_noise,0.1383869636919449,0.35036295918402205,0.00397162292096508,0.16891834784375398,0.6923641010380426,-0.57663412665099,0.9928263988522238,1.0,0.3556263988522238,1.6210540428757667,0.45,27.555555555555557,0.0,20.0,False
env_obs_noise,0.1383869636919449,0.35036295918402205,0.00560673475076912,0.16891834840046394,0.69106904659063,-0.5670847233957765,0.9928366762177651,1.0,0.35563667621776507,1.6323386184871196,0.45,27.666666666666668,0.0,20.0,False
env_obs_noise,0.1383869636919449,0.35036295918402205,0.007915019927884653,0.168918347356168,0.6897524342319731,-0.5535695771253722,0.9928469241773963,1.0,0.3556469241773963,1.6514836825430392,0.45,27.77777777777778,0.0,20.0,False
env_obs_noise,0.1383869636919449,0.35036295918402205,0.011173623016536903,0.1688265325636918,0.6886660769332167,-0.536341672191872,0.9943019943019943,1.0,0.3571019943019943,1.6679731734097003,0.45,28.11111111111111,0.0,20.0,False
env_obs_noise,0.1383869636919449,0.35036295918402205,0.015773788626335192,0.16867075979347432,0.6859015196621877,-0.5141362712050827,0.9943422913719944,1.0,0.3571422913719944,1.6823723576962948,0.45,28.666666666666668,0.0,20.0,False
env_obs_noise,0.1383869636919449,0.35036295918402205,0.02226783624792608,0.16867076310348103,0.6837115253716304,-0.4819227634911678,0.9943582510578279,1.0,0.35715825105782795,1.7379026852548123,0.45,28.88888888888889,0.0,20.0,False
env_obs_noise,0.1383869636919449,0.35036295918402205,0.03143547456548206,0.16906461759477856,0.6798589345839202,-0.442861585177624,0.9951117318435754,1.0,0.3579117318435754,1.7777968727052211,0.4,28.5,0.0,20.0,False
env_obs_noise,0.1383869636919449,0.35036295918402205,0.044377417282700976,0.16886226878901608,0.6759839925196711,-0.39291111783501853,0.9965421853388658,1.0,0.35934218533886586,1.8506676770746708,0.4,29.375,0.0,20.0,False
env_obs_noise,0.1383869636919449,0.35036295918402205,0.06264754045881119,0.16887776675630067,0.6717633213770638,-0.32277349316037646,0.9972789115646259,1.0,0.3600789115646259,1.93080350831151,0.35,29.714285714285715,0.0,20.0,False
env_obs_noise,0.1383869636919449,0.35036295918402205,0.08843944884256029,0.1695138918975485,0.6700758942663443,-0.24765395672458715,0.9986468200270636,1.0,0.36144682002706363,2.0182160578668116,0.35,30.285714285714285,0.0,20.0,False
env_obs_noise,0.1383869636919449,0.35036295918402205,0.12484985131568332,0.16952127450576657,0.6675512643358812,-0.16077223855031375,0.9986577181208054,1.0,0.3614577181208054,2.084368127584457,0.35,31.142857142857142,0.0,20.0,False
env_obs_noise,0.1383869636919449,0.35036295918402205,0.17625036765320706,0.16952127279561055,0.6684923974591881,-0.0576869178460833,0.9986577181208054,1.0,0.3614577181208054,2.17272135913372,0.35,31.142857142857142,0.0,20.0,False
env_obs_noise,0.1383869636919449,0.35036295918402205,0.24881240762830165,0.16952127486154528,0.6679674319848282,0.05754144487826061,0.9993297587131368,1.0,0.3621297587131368,2.232681392878294,0.3,30.0,0.0,20.0,False
env_obs_noise,0.1383869636919449,0.35036295918402205,0.351248142140631,0.16952127385599347,0.6664741542149687,0.18518643440720428,1.0,1.0,0.3628,2.281865943223238,0.3,30.333333333333332,0.0,20.0,False
env_obs_noise,0.1383869636919449,0.35036295918402205,0.4958565311644505,0.16940936064291012,0.6669283208237149,0.3192967965894621,1.0,1.0,0.3628,2.313927425444126,0.3,30.5,0.0,20.0,False
env_obs_noise,0.1383869636919449,0.35036295918402205,0.7,0.1694093629426723,0.6666675204708823,0.4648328700726884,1.0,1.0,0.3628,2.3450218625366688,0.3,30.666666666666668,0.0,20.0,False
env_obs_noise,0.1383869636919449,0.5,0.0010000000000000002,0.1689083569356589,0.6786796687156003,-0.2973515684954335,0.9958677685950413,1.0,0.35866776859504135,1.9701824003830553,0.4,29.75,0.0,20.0,False
env_obs_noise,0.1383869636919449,0.5,0.001411698658795815,0.16890835379881236,0.6787013844658362,-0.29527279858425304,0.9958677685950413,1.0,0.35866776859504135,1.9746725723147391,0.4,29.75,0.0,20.0,False
env_obs_noise,0.1383869636919449,0.5,0.0019928931032459026,0.16890835468785312,0.6772609509618281,-0.29289256941117825,0.9958734525447043,1.0,0.3586734525447043,1.9743660463020205,0.4,29.875,0.0,20.0,False
env_obs_noise,0.1383869636919449,0.5,0.00281336452097567,0.16890835670011822,0.6757991542371834,-0.28935992485621215,0.9958791208791209,1.0,0.3586791208791209,1.9766734790056943,0.4,30.0,0.0,20.0,False
env_obs_noise,0.1383869636919449,0.5,0.00397162292096508,0.1689083566934101,0.6758618688373618,-0.283711359963861,0.9958791208791209,1.0,0.3586791208791209,1.9891300715506077,0.4,30.0,0.0,20.0,False
env_obs_noise,0.1383869636919449,0.5,0.00560673475076912,0.1688118327673415,0.6759510430953872,-0.2764472806776823,0.9958847736625515,1.0,0.35868477366255147,2.000858495384455,0.4,30.125,0.0,20.0,False
env_obs_noise,0.1383869636919449,0.5,0.007915019927884653,0.16881183470703462,0.6744618111404055,-0.2659800597562253,0.9958904109589041,1.0,0.3586904109589041,2.0190847415477036,0.4,30.25,0.0,20.0,False
env_obs_noise,0.1383869636919449,0.5,0.011173623016536903,0.1688118322898287,0.6718824472178103,-0.2519610032798722,0.9965846994535519,1.0,0.3593846994535519,2.041256756335497,0.4,30.5,0.0,20.0,False
env_obs_noise,0.1383869636919449,0.5,0.015773788626335192,0.16895787029148737,0.6707855043439919,-0.23437878065375076,0.9966032608695652,1.0,0.3594032608695652,2.0639451749622824,0.4,31.0,0.0,20.0,False
env_obs_noise,0.1383869636919449,0.5,0.02226783624792608,0.16886491632696335,0.6690347525349578,-0.2055334338361974,0.9966397849462365,1.0,0.3594397849462365,2.11351138651371,0.35,31.0,0.0,20.0,False
env_obs_noise,0.1383869636919449,0.5,0.03143547456548206,0.16950301487409494,0.6651213907737863,-0.1750914863268542,0.9966799468791501,1.0,0.3594799468791501,2.1323777897283436,0.35,32.285714285714285,0.0,20.0,False
env_obs_noise,0.1383869636919449,0.5,0.044377417282700976,0.1695030172098565,0.6659185107077609,-0.1307663031021617,0.99734395750332,1.0,0.36014395750332007,2.219415444880724,0.35,32.285714285714285,0.0,20.0,False
env_obs_noise,0.1383869636919449,0.5,0.06264754045881119,0.16930003592057177,0.665458798625471,-0.0782326927301685,0.9986789960369881,1.0,0.3614789960369881,2.288470133021474,0.35,32.857142857142854,0.0,20.0,False
env_obs_noise,0.1383869636919449,0.5,0.08843944884256029,0.16930003481387917,0.6649634724348796,-0.011489304543121956,0.9986807387862797,1.0,0.36148073878627973,2.3622585207223894,0.3,32.0,0.0,20.0,False
env_obs_noise,0.1383869636919449,0.5,0.12484985131568332,0.16930003177762004,0.6657551662025607,0.06777114423793831,0.9986807387862797,1.0,0.36148073878627973,2.4351255372166634,0.3,32.0,0.0,20.0,False
env_obs_noise,0.1383869636919449,0.5,0.17625036765320706,0.16954229911361604,0.6642866196508499,0.1565381015713598,0.9993438320209974,1.0,0.3621438320209974,2.4675008192658425,0.3,32.666666666666664,0.0,20.0,False
env_obs_noise,0.1383869636919449,0.5,0.24881240762830165,0.1696213366286078,0.6602835089270579,0.258809547228872,1.0,1.0,0.3628,2.4906689293682573,0.3,33.5,0.0,20.0,False
env_obs_noise,0.1383869636919449,0.5,0.351248142140631,0.16962133583974537,0.660618802090124,0.37489680757364185,1.0,1.0,0.3628,2.5167171165347098,0.3,33.5,0.0,20.0,False
env_obs_noise,0.1383869636919449,0.5,0.4958565311644505,0.16962133576398322,0.6610541920188743,0.5017928441943429,1.0,1.0,0.3628,2.5504082001745703,0.3,33.5,0.0,20.0,False
env_obs_noise,0.1383869636919449,0.5,0.7,0.16962133768185336,0.6610661883961977,0.6382012114906213,1.0,1.0,0.3628,2.551336632668972,0.3,33.5,0.0,20.0,False
env_obs_noise,0.20375497320944938,0.010000000000000004,0.0010000000000000002,0.25342093270049726,0.8403771543357358,0.07679295676529489,0.4230118443316413,0.7089678510998308,0.5052203045685278,0.45718668438494203,0.8,25.9375,0.0,20.0,False
env_obs_noise,0.20375497320944938,0.010000000000000004,0.001411698658795815,0.2534209332784526,0.8380430788777921,-0.07996285583906858,0.43158783783783783,0.7212837837837838,0.4843283783783784,0.4572112051770091,0.8,26.0,0.0,20.0,False
env_obs_noise,0.20375497320944938,0.010000000000000004,0.0019928931032459026,0.25364271886200657,0.834580347271227,-0.2330669240590652,0.44537815126050423,0.7336134453781512,0.45820840336134455,0.46182159930467603,0.8,26.1875,0.0,20.0,False
env_obs_noise,0.20375497320944938,0.010000000000000004,0.00281336452097567,0.2536427216708404,0.8310530939147279,-0.37604060055731503,0.45896147403685095,0.7479061976549414,0.43033232830820767,0.46580026000738145,0.8,26.3125,0.0,20.0,False
env_obs_noise,0.20375497320944938,0.010000000000000004,0.00397162292096508,0.2536427202636658,0.8310941937579706,-0.4943948932492517,0.4798994974874372,0.7629815745393634,0.39431892797319934,0.48591950759291647,0.8,26.3125,0.0,20.0,False
env_obs_noise,0.20375497320944938,0.010000000000000004,0.00560673475076912,0.2528105828759634,0.8273184896506509,-0.6012734881218211,0.5008305647840532,0.7807308970099668,0.35563853820598,0.47139392197132113,0.75,25.8,0.06666666666666667,20.0,False
env_obs_noise,0.20375497320944938,0.010000000000000004,0.007915019927884653,0.2523844782478027,0.8242412673468956,-0.6701296532173328,0.5272727272727272,0.7958677685950413,0.3140595041322315,0.48524500243365765,0.75,26.0,0.0,20.0,False
env_obs_noise,0.20375497320944938,0.010000000000000004,0.011173623016536903,0.2523844772391779,0.8166704595908746,-0.709866871377179,0.5582922824302134,0.8210180623973727,0.2578896551724138,0.5091330785304308,0.75,26.266666666666666,0.0,20.0,False
env_obs_noise,0.20375497320944938,0.010000000000000004,0.015773788626335192,0.2523844759532851,0.8119543840614005,-0.7084055901600126,0.5776143790849673,0.8308823529411765,0.2287032679738562,0.557324544340372,0.7,25.571428571428573,0.0,20.0,False
env_obs_noise,0.20375497320944938,0.010000000000000004,0.02226783624792608,0.25286879786978533,0.807019050768503,-0.6678657387297224,0.6021069692058347,0.839546191247974,0.19554683954619123,0.6100798599421978,0.7,25.928571428571427,0.0,20.0,False
env_obs_noise,0.20375497320944938,0.010000000000000004,0.03143547456548206,0.25185216687783873,0.7952132082163367,-0.6317252756452506,0.6244019138755981,0.8492822966507177,0.16351578947368417,0.6436323314905167,0.7,26.642857142857142,0.0,20.0,False
env_obs_noise,0.20375497320944938,0.010000000000000004,0.044377417282700976,0.251671415469472,0.7867372196116792,-0.5541398218318478,0.6522082018927445,0.8525236593059937,0.13246813880126174,0.7280194245278835,0.7,27.142857142857142,0.0,20.0,True
env_obs_noise,0.20375497320944938,0.010000000000000004,0.06264754045881119,0.25131188388308373,0.7783284968700415,-0.4579385726462203,0.6710730948678072,0.854587869362364,0.11153903576982882,0.8158231407403946,0.55,24.727272727272727,0.0,20.0,False
env_obs_noise,0.20375497320944938,0.010000000000000004,0.08843944884256029,0.2504624925600788,0.7658932353955007,-0.3558667344296118,0.6836890243902439,0.8574695121951219,0.09801951219512206,0.8999134857207537,0.5,24.6,0.0,20.0,False
env_obs_noise,0.20375497320944938,0.010000000000000004,0.12484985131568332,0.24987743341922533,0.7581422990510058,-0.23368708813301153,0.6962406015037594,0.8578947368421053,0.11014586466165421,1.0405575554817914,0.5,25.5,0.0,20.0,False
env_obs_noise,0.20375497320944938,0.010000000000000004,0.17625036765320706,0.25004921437997196,0.7460521024446658,-0.09000743002428216,0.7010385756676558,0.8590504451038575,0.11378813056379833,1.1565765403211117,0.5,26.4,0.0,20.0,False
env_obs_noise,0.20375497320944938,0.010000000000000004,0.24881240762830165,0.249136072338149,0.7334980991396237,0.05972360707514865,0.706997084548105,0.8615160349854227,0.11728104956268226,1.2389397881925106,0.5,27.6,0.0,20.0,False
env_obs_noise,0.20375497320944938,0.010000000000000004,0.351248142140631,0.2491609483668993,0.7296087201891374,0.2131293077001093,0.7088150289017341,0.861271676300578,0.11934335260115614,1.3159757256507874,0.5,28.2,0.0,20.0,False
env_obs_noise,0.20375497320944938,0.010000000000000004,0.4958565311644505,0.24876140569443853,0.727358637597405,0.3662290885932169,0.7080344332855093,0.860832137733142,0.1190022955523673,1.3737898245453835,0.45,27.555555555555557,0.0,20.0,False
env_obs_noise,0.20375497320944938,0.010000000000000004,0.7,0.24852730430845116,0.7278159027907412,0.5220234463245078,0.7067238912732475,0.8605150214592274,0.11800886981402015,1.4053973115980625,0.45,27.77777777777778,0.0,20.0,False
env_obs_noise,0.20375497320944938,0.014270914972418185,0.0010000000000000002,0.2539592668258747,0.8363797737141554,-0.6499540412425785,0.47651006711409394,0.7600671140939598,0.4006228187919463,0.4858178675174713,0.8,26.25,0.0,20.0,False
env_obs_noise,0.20375497320944938,0.014270914972418185,0.001411698658795815,0.2539592656894385,0.8306822642095125,-0.7456399430052767,0.48580968280467446,0.7746243739565943,0.3767659432387312,0.4704612992703915,0.8,26.4375,0.0,20.0,False
env_obs_noise,0.20375497320944938,0.014270914972418185,0.0019928931032459026,0.2536435905479709,0.8307017188101735,-0.8404174810455184,0.49333333333333335,0.785,0.3588666666666666,0.4702333193272352,0.8,26.5,0.0,20.0,False
env_obs_noise,0.20375497320944938,0.014270914972418185,0.00281336452097567,0.253643588992873,0.8283104616867124,-0.9315003913568147,0.5058236272878536,0.7928452579034941,0.3385311148086523,0.4748679753392935,0.8,26.5625,0.0,20.0,False
env_obs_noise,0.20375497320944938,0.014270914972418185,0.00397162292096508,0.25364359012362114,0.8260979316910321,-1.0104688662892707,0.5274086378737541,0.8081395348837209,0.30165182724252493,0.4785195210017264,0.75,25.8,0.0,20.0,False
env_obs_noise,0.20375497320944938,0.014270914972418185,0.00560673475076912,0.25238447720956886,0.824774889482818,-1.0782198871470365,0.5520661157024793,0.8239669421487603,0.26116694214876035,0.5015455465763807,0.75,26.0,0.0,20.0,False
env_obs_noise,0.20375497320944938,0.014270914972418185,0.007915019927884653,0.25238447860192864,0.8197351591399745,-1.1183867033156225,0.571546052631579,0.8404605263157895,0.22519342105263151,0.5099837720394135,0.75,26.2,0.0,20.0,False
env_obs_noise,0.20375497320944938,0.014270914972418185,0.011173623016536903,0.25238447556717286,0.8135707237512892,-1.1333695289629238,0.5980392156862745,0.8545751633986928,0.18458562091503272,0.5334148235619068,0.7,25.571428571428573,0.0,20.0,False
env_obs_noise,0.20375497320944938,0.014270914972418185,0.015773788626335192,0.25238447737900155,0.8101708290882008,-1.1185842173383136,0.6131921824104235,0.8656351791530945,0.15837263843648197,0.5935607150197029,0.7,25.714285714285715,0.0,20.0,False
env_obs_noise,0.20375497320944938,0.014270914972418185,0.02226783624792608,0.2525508048620088,0.8011478922703639,-1.084860989010478,0.6382636655948553,0.8762057877813505,0.12273054662379423,0.6234772086143494,0.7,26.285714285714285,0.0,20.0,True
env_obs_noise,0.20375497320944938,0.014270914972418185,0.03143547456548206,0.2518521679797594,0.7938565819151808,-1.0292837381514417,0.660031847133758,0.8797770700636943,0.09739108280254771,0.6860232084989548,0.7,26.714285714285715,0.0,20.0,True
env_obs_noise,0.20375497320944938,0.014270914972418185,0.044377417282700976,0.2516714153855031,0.787133746855021,-0.9472012355820912,0.6884858044164038,0.8824921135646687,0.07779369085173515,0.7737961001694202,0.65,26.23076923076923,0.0,20.0,False
env_obs_noise,0.20375497320944938,0.014270914972418185,0.06264754045881119,0.25152388940786247,0.774335979254124,-0.8481694904315836,0.7047913446676971,0.884853168469861,0.0917381761978362,0.8327452778816223,0.55,25.09090909090909,0.0,20.0,False
env_obs_noise,0.20375497320944938,0.014270914972418185,0.08843944884256029,0.250305493488522,0.7628955937667882,-0.7463837270967643,0.7151515151515152,0.8878787878787879,0.09907272727272731,0.929938105493784,0.5,25.0,0.0,20.0,False
env_obs_noise,0.20375497320944938,0.014270914972418185,0.12484985131568332,0.24987743660455428,0.7571266326796865,-0.6154462593293223,0.7282282282282282,0.8888888888888888,0.1111393393393394,1.085307914018631,0.5,25.6,0.0,20.0,False
env_obs_noise,0.20375497320944938,0.014270914972418185,0.17625036765320706,0.24950481022775048,0.7377576133407034,-0.4673482278507618,0.7349486049926579,0.8906020558002937,0.11614654919236422,1.16617544144392,0.5,27.1,0.0,20.0,False
env_obs_noise,0.20375497320944938,0.014270914972418185,0.24881240762830165,0.24913607097895896,0.7306911783463169,-0.31410596611581443,0.7383720930232558,0.8917151162790697,0.1184569767441861,1.2739263489842414,0.5,27.8,0.0,20.0,False
env_obs_noise,0.20375497320944938,0.014270914972418185,0.351248142140631,0.24917397539737798,0.7269634924422995,-0.16399472946698201,0.7385057471264368,0.8915229885057471,0.11878275862068977,1.3384190514683723,0.5,28.6,0.0,20.0,False
env_obs_noise,0.20375497320944938,0.014270914972418185,0.4958565311644505,0.24867063311133875,0.7277389840604452,-0.011610620742485617,0.7385386819484241,0.8918338108882522,0.11850487106017193,1.4088593199849129,0.45,27.666666666666668,0.0,20.0,False
env_obs_noise,0.20375497320944938,0.014270914972418185,0.7,0.2485273052756999,0.7265419175871005,0.15088172312597414,0.7378571428571429,0.8921428571428571,0.1175142857142858,1.4475135035812854,0.45,27.88888888888889,0.0,20.0,False
env_obs_noise,0.20375497320944938,0.02036590141499896,0.0010000000000000002,0.2536435899851695,0.825760118878217,-1.1318424797320012,0.5456053067993366,0.8316749585406302,0.25991973466003315,0.4758408412337303,0.75,25.866666666666667,0.0,20.0,False
env_obs_noise,0.20375497320944938,0.02036590141499896,0.001411698658795815,0.2536435892503044,0.8257735865040533,-1.1789439752657267,0.5522388059701493,0.8366500829187397,0.24831111111111104,0.4846878435462713,0.75,25.866666666666667,0.0,20.0,False
env_obs_noise,0.20375497320944938,0.02036590141499896,0.0019928931032459026,0.25364358992695535,0.8241784706858809,-1.2295099248294894,0.5612582781456954,0.8485099337748344,0.22743178807947018,0.48783201575279234,0.75,25.933333333333334,0.0,20.0,False
env_obs_noise,0.20375497320944938,0.02036590141499896,0.00281336452097567,0.25321318601187426,0.8242077383641132,-1.281213370768027,0.5785123966942148,0.856198347107438,0.20248925619834712,0.5060642566531897,0.75,26.0,0.0,20.0,False
env_obs_noise,0.20375497320944938,0.02036590141499896,0.00397162292096508,0.2532131833048335,0.822884638574045,-1.3232308558002346,0.594059405940594,0.8688118811881188,0.17432871287128715,0.5305971901863813,0.75,26.066666666666666,0.0,20.0,False
env_obs_noise,0.20375497320944938,0.02036590141499896,0.00560673475076912,0.2523844761720376,0.8192312354589354,-1.3614714021159326,0.6091954022988506,0.8801313628899836,0.14787323481116577,0.5316279480233789,0.75,26.266666666666666,0.0,20.0,True
env_obs_noise,0.20375497320944938,0.02036590141499896,0.007915019927884653,0.2523844775840205,0.8173812249073465,-1.3777276527805267,0.6278688524590164,0.8967213114754098,0.11260983606557384,0.5599871348589659,0.7,25.428571428571427,0.0,20.0,True
env_obs_noise,0.20375497320944938,0.02036590141499896,0.011173623016536903,0.2523844759914507,0.8140736537318066,-1.3749451471637484,0.6486928104575164,0.9052287581699346,0.08327843137254898,0.6017221741378307,0.7,25.571428571428573,0.0,20.0,True
env_obs_noise,0.20375497320944938,0.02036590141499896,0.015773788626335192,0.2528688000616694,0.8064080890037096,-1.3520691179837574,0.6645056726094003,0.9124797406807131,0.06021458670988655,0.6313951469957828,0.7,25.928571428571427,0.0,20.0,True
env_obs_noise,0.20375497320944938,0.02036590141499896,0.02226783624792608,0.2525508044996449,0.7974605911290938,-1.312030781433475,0.6875,0.9206730769230769,0.03862692307692317,0.6715030543506145,0.7,26.428571428571427,0.0,20.0,True
env_obs_noise,0.20375497320944938,0.02036590141499896,0.03143547456548206,0.2518521670878968,0.7907415140766888,-1.2520411228230992,0.707936507936508,0.9230158730158731,0.05672063492063495,0.7262054860591889,0.65,25.923076923076923,0.0,20.0,False
env_obs_noise,0.20375497320944938,0.02036590141499896,0.044377417282700976,0.2516401551426182,0.784667028744647,-1.1665967086092777,0.7327586206896551,0.9247648902821317,0.07979373040752347,0.7927555866539479,0.55,24.272727272727273,0.0,20.0,False
env_obs_noise,0.20375497320944938,0.02036590141499896,0.06264754045881119,0.2515238879783867,0.7676891621863794,-1.0662207829115966,0.7488479262672811,0.9278033794162827,0.09284454685099852,0.8657334588468075,0.55,25.454545454545453,0.0,20.0,False
env_obs_noise,0.20375497320944938,0.02036590141499896,0.08843944884256029,0.25030549358889176,0.7598023888765585,-0.9600699814284662,0.7583081570996979,0.9297583081570997,0.10034984894259824,0.9787249751389027,0.5,25.2,0.0,20.0,False
env_obs_noise,0.20375497320944938,0.02036590141499896,0.12484985131568332,0.24987743615967445,0.7501151349761864,-0.8240273690233919,0.7708955223880597,0.9305970149253732,0.11209850746268657,1.1270151033997535,0.5,26.0,0.0,20.0,False
env_obs_noise,0.20375497320944938,0.02036590141499896,0.17625036765320706,0.2494351427635317,0.7348513290434827,-0.6774185224292226,0.7763157894736842,0.9320175438596491,0.11609824561403514,1.210128827393055,0.5,27.4,0.0,20.0,False
env_obs_noise,0.20375497320944938,0.02036590141499896,0.24881240762830165,0.24898404484613496,0.7311628889044924,-0.5286799649164501,0.7793904208998549,0.9325108853410741,0.11867953555878086,1.3245234563946724,0.5,27.9,0.0,20.0,False
env_obs_noise,0.20375497320944938,0.02036590141499896,0.351248142140631,0.24876140873294933,0.7274282921722899,-0.38047609994193177,0.7797704447632712,0.9332855093256814,0.11828493543758978,1.3795062810182572,0.45,27.555555555555557,0.0,20.0,False
env_obs_noise,0.20375497320944938,0.02036590141499896,0.4958565311644505,0.2485273042738958,0.7265397342785795,-0.224076182560721,0.7792857142857142,0.9335714285714286,0.11751428571428568,1.4507531553506852,0.45,27.88888888888889,0.0,20.0,False
env_obs_noise,0.20375497320944938,0.02036590141499896,0.7,0.24907062634078914,0.7269969267867299,-0.0640455245710642,0.7777777777777778,0.9330484330484331,0.11652934472934473,1.4819574430584908,0.45,28.11111111111111,0.0,20.0,False
env_obs_noise,0.20375497320944938,0.029064004743010123,0.0010000000000000002,0.25285668658791666,0.8234637480404775,-1.4031655169991424,0.6112026359143328,0.8945634266886326,0.13143393739703457,0.5383043792098761,0.75,26.133333333333333,0.0,20.0,True
env_obs_noise,0.20375497320944938,0.029064004743010123,0.001411698658795815,0.25285668345042356,0.8234781814900259,-1.4246736262098632,0.6153212520593081,0.899505766062603,0.12237298187808887,0.5480988619849085,0.75,26.133333333333333,0.0,20.0,True
env_obs_noise,0.20375497320944938,0.029064004743010123,0.0019928931032459026,0.2528566865627262,0.8221416033502128,-1.4475732209821701,0.625,0.9037828947368421,0.10841710526315784,0.5630269695073367,0.75,26.2,0.0,20.0,True
env_obs_noise,0.20375497320944938,0.029064004743010123,0.00281336452097567,0.25285668539263395,0.8221770497071984,-1.4693444564835205,0.6373355263157895,0.9095394736842105,0.09032499999999999,0.5773789878934622,0.75,26.2,0.0,20.0,True
env_obs_noise,0.20375497320944938,0.029064004743010123,0.00397162292096508,0.25203199243395064,0.8202583554804108,-1.4922143237968992,0.6491803278688525,0.919672131147541,0.06834754098360651,0.5719430021941662,0.7,25.428571428571427,0.0,20.0,True
env_obs_noise,0.20375497320944938,0.029064004743010123,0.00560673475076912,0.25203199513514735,0.8157002452804373,-1.5071810924713411,0.6633986928104575,0.9281045751633987,0.04569673202614377,0.5853519931435585,0.7,25.571428571428573,0.07142857142857142,20.0,True
env_obs_noise,0.20375497320944938,0.029064004743010123,0.007915019927884653,0.25203199183599184,0.8123653036377689,-1.5070490442094489,0.6767100977198697,0.9397394136807817,0.020750488599348582,0.6053323179483414,0.65,24.692307692307693,0.0,20.0,False
env_obs_noise,0.20375497320944938,0.029064004743010123,0.011173623016536903,0.2518055348379286,0.8068551672466694,-1.4948586937535842,0.691747572815534,0.9449838187702265,0.018563754045307523,0.6348697327077388,0.65,25.0,0.0,20.0,False
env_obs_noise,0.20375497320944938,0.029064004743010123,0.015773788626335192,0.25228854555479335,0.7998741431416975,-1.4628727998002478,0.709470304975923,0.949438202247191,0.03183210272873205,0.6601156868040562,0.65,25.384615384615383,0.0,20.0,False
env_obs_noise,0.20375497320944938,0.029064004743010123,0.02226783624792608,0.25220131360129344,0.7925993807426995,-1.415653930975901,0.732484076433121,0.9554140127388535,0.05069808917197449,0.7078774947673082,0.65,25.76923076923077,0.0,20.0,False
env_obs_noise,0.20375497320944938,0.029064004743010123,0.03143547456548206,0.25147651505612256,0.7897828794524638,-1.3514307849301699,0.7503949447077409,0.9565560821484992,0.06975102685624013,0.772998408973217,0.6,25.083333333333332,0.0,20.0,False
env_obs_noise,0.20375497320944938,0.029064004743010123,0.044377417282700976,0.2512994358009337,0.7779318776768283,-1.2644540470187962,0.7744945567651633,0.9572317262830482,0.09452628304821153,0.8300180926918983,0.55,24.727272727272727,0.0,20.0,False
env_obs_noise,0.20375497320944938,0.029064004743010123,0.06264754045881119,0.25118578659573737,0.7682861030386055,-1.1643280271989043,0.7875766871165644,0.9593558282208589,0.10973251533742323,0.9330101251602173,0.55,25.545454545454547,0.0,20.0,False
env_obs_noise,0.20375497320944938,0.029064004743010123,0.08843944884256029,0.2499778296006769,0.7586044660365154,-1.0573048900919593,0.7981927710843374,0.9608433734939759,0.12183614457831327,1.0369749441742897,0.5,25.4,0.0,20.0,False
env_obs_noise,0.20375497320944938,0.029064004743010123,0.12484985131568332,0.24972549505175815,0.7467602491473674,-0.9263853999581447,0.8081481481481482,0.9614814814814815,0.13242962962962967,1.1529727149754763,0.5,26.5,0.0,20.0,False
env_obs_noise,0.20375497320944938,0.029064004743010123,0.17625036765320706,0.24911542027829964,0.7338470672777789,-0.7738927535696964,0.8126822157434402,0.9620991253644315,0.1375813411078718,1.2675931312143802,0.5,27.6,0.0,20.0,False
env_obs_noise,0.20375497320944938,0.029064004743010123,0.24881240762830165,0.24883650176664318,0.7271083070385493,-0.6301978809302776,0.8153735632183908,0.9626436781609196,0.1408172413793104,1.3491282179951667,0.5,28.6,0.0,20.0,False
env_obs_noise,0.20375497320944938,0.029064004743010123,0.351248142140631,0.24836116290159335,0.7263346096146063,-0.4813191006025709,0.8171428571428572,0.9628571428571429,0.14280000000000004,1.4228279754519462,0.45,27.88888888888889,0.0,20.0,False
env_obs_noise,0.20375497320944938,0.029064004743010123,0.4958565311644505,0.2484334594573266,0.7270899941416058,-0.3277169244581825,0.8162393162393162,0.9629629629629629,0.14200227920227915,1.4962895222008228,0.45,28.11111111111111,0.0,20.0,False
env_obs_noise,0.20375497320944938,0.029064004743010123,0.7,0.24876277137277164,0.7259857580204873,-0.16381632676756788,0.8160511363636364,0.9623579545454546,0.14120909090909095,1.5343937113881112,0.45,28.333333333333332,0.0,20.0,False
env_obs_noise,0.20375497320944938,0.04147699404454563,0.0010000000000000002,0.25285668565322417,0.8164785444156809,-1.5167746711931906,0.6955810147299509,0.9378068739770867,0.029574140752864242,0.6089220797643066,0.65,24.46153846153846,0.0,20.0,False
env_obs_noise,0.20375497320944938,0.04147699404454563,0.001411698658795815,0.25285668679594164,0.8164963310640981,-1.5237738334555548,0.7004909983633388,0.9402618657937807,0.032029132569558194,0.616795769892633,0.65,24.46153846153846,0.0,20.0,False
env_obs_noise,0.20375497320944938,0.04147699404454563,0.0019928931032459026,0.2528566863831253,0.8165214813322876,-1.5306516073292293,0.704582651391162,0.9435351882160393,0.03284746317512277,0.6287312254309654,0.65,24.46153846153846,0.0,20.0,False
env_obs_noise,0.20375497320944938,0.04147699404454563,0.00281336452097567,0.25203199256435577,0.8120179924159855,-1.5434211939621054,0.7100977198697068,0.9478827361563518,0.034014983713355096,0.6159825447946787,0.65,24.692307692307693,0.0,20.0,False
env_obs_noise,0.20375497320944938,0.04147699404454563,0.00397162292096508,0.252031994134309,0.8120696338896334,-1.545210504096854,0.7166123778501629,0.9535830618892508,0.0348293159609121,0.6406464412808418,0.65,24.692307692307693,0.0,20.0,False
env_obs_noise,0.20375497320944938,0.04147699404454563,0.00560673475076912,0.2518055350334214,0.8109811126106183,-1.5425044788164681,0.726461038961039,0.9586038961038961,0.047864935064935055,0.6632607903331518,0.65,24.846153846153847,0.0,20.0,False
env_obs_noise,0.20375497320944938,0.04147699404454563,0.007915019927884653,0.25228854694125147,0.8074902078239207,-1.5305342927491432,0.7390953150242326,0.9652665589660743,0.06716187399030693,0.6830664984881878,0.65,25.076923076923077,0.0,20.0,False
env_obs_noise,0.20375497320944938,0.04147699404454563,0.011173623016536903,0.25228854731675376,0.8017660177559205,-1.5097616470482957,0.7572347266881029,0.9678456591639871,0.08788038585209001,0.70271180793643,0.65,25.307692307692307,0.0,20.0,False
env_obs_noise,0.20375497320944938,0.04147699404454563,0.015773788626335192,0.2522547952520004,0.797056850865342,-1.4724238744256621,0.7723642172523961,0.9728434504792333,0.1080076677316294,0.7326140701770782,0.6,24.5,0.0,20.0,False
env_obs_noise,0.20375497320944938,0.04147699404454563,0.02226783624792608,0.25216796720034906,0.7901403068752084,-1.4221601831437818,0.7955625990491284,0.9746434231378764,0.13300602218700486,0.7798978842794895,0.6,24.916666666666668,0.0,20.0,False
env_obs_noise,0.20375497320944938,0.04147699404454563,0.03143547456548206,0.2508447703063947,0.7829022974722664,-1.3584396788670487,0.8095611285266457,0.975705329153605,0.14806645768025073,0.8274810276925564,0.55,24.272727272727273,0.0,20.0,False
env_obs_noise,0.20375497320944938,0.04147699404454563,0.044377417282700976,0.2515114830912666,0.7724381492628812,-1.2712829330654094,0.8294753086419753,0.9768518518518519,0.16912716049382714,0.8915723115205765,0.55,25.181818181818183,0.0,20.0,False
env_obs_noise,0.20375497320944938,0.04147699404454563,0.06264754045881119,0.2511857848216916,0.7636291321210882,-1.170024405238986,0.8381679389312977,0.9786259541984733,0.17959389312977103,1.0121063522994518,0.55,25.818181818181817,0.0,20.0,False
env_obs_noise,0.20375497320944938,0.04147699404454563,0.08843944884256029,0.24997783175603397,0.7560286370331214,-1.063866287501799,0.8490990990990991,0.978978978978979,0.1908780780780781,1.12049418464303,0.5,25.6,0.0,20.0,False
env_obs_noise,0.20375497320944938,0.04147699404454563,0.12484985131568332,0.2497254974785662,0.739965973337107,-0.9299781504811496,0.8580882352941176,0.9794117647058823,0.20029999999999992,1.2199921280145645,0.5,27.0,0.0,20.0,False
env_obs_noise,0.20375497320944938,0.04147699404454563,0.17625036765320706,0.24881829946944,0.7316098828221438,-0.7877963097366394,0.8606676342525399,0.9796806966618288,0.20314833091436868,1.3353230223059653,0.5,27.9,0.0,20.0,False
env_obs_noise,0.20375497320944938,0.04147699404454563,0.24881240762830165,0.2483611648610116,0.7261511166520369,-0.6503658419229834,0.8621428571428571,0.98,0.2049428571428571,1.3949176467955113,0.45,27.88888888888889,0.0,20.0,False
env_obs_noise,0.20375497320944938,0.04147699404454563,0.351248142140631,0.24836115870196535,0.7270180204847088,-0.49686058520688636,0.8642857142857143,0.98,0.20708571428571432,1.5071803130209447,0.45,27.88888888888889,0.0,20.0,False
env_obs_noise,0.20375497320944938,0.04147699404454563,0.4958565311644505,0.24876277110600448,0.7262012114512362,-0.34289932620608626,0.8636363636363636,0.9801136363636364,0.20655,1.564379060268402,0.45,28.333333333333332,0.0,20.0,False
env_obs_noise,0.20375497320944938,0.04147699404454563,0.7,0.2491345570731127,0.7266669882784029,-0.18642035259222942,0.8626062322946175,0.9801699716713881,0.20557620396600562,1.592709308117628,0.4,27.25,0.0,20.0,False
env_obs_noise,0.20375497320944938,0.05919146553212061,0.0010000000000000002,0.2517732949925341,0.813600830501984,-1.5118913769274291,0.7491883116883117,0.9707792207792207,0.08276753246753243,0.7106909148395062,0.6,23.666666666666668,0.0,20.0,False
env_obs_noise,0.20375497320944938,0.05919146553212061,0.001411698658795815,0.25177329463233306,0.8101014326569816,-1.5134668803431213,0.7524271844660194,0.9716828478964401,0.08691003236245953,0.7063500061631203,0.6,23.833333333333332,0.0,20.0,False
env_obs_noise,0.20375497320944938,0.05919146553212061,0.0019928931032459026,0.252254791743348,0.8101258149499696,-1.5122535651094882,0.7544426494345718,0.9741518578352181,0.09139450726978993,0.706664988026023,0.6,23.916666666666668,0.0,20.0,False
env_obs_noise,0.20375497320944938,0.05919146553212061,0.00281336452097567,0.2522547912303766,0.810160344549982,-1.509032061502108,0.7576736672051696,0.9773828756058158,0.09785654281098544,0.7214248746633529,0.6,23.916666666666668,0.0,20.0,False
env_obs_noise,0.20375497320944938,0.05919146553212061,0.00397162292096508,0.2522547975335416,0.806089061718318,-1.5057843162613371,0.7665056360708534,0.9806763285024155,0.10998196457326892,0.7226704653352499,0.6,24.083333333333332,0.0,20.0,False
env_obs_noise,0.20375497320944938,0.05919146553212061,0.00560673475076912,0.2522547958025867,0.8010062740709013,-1.4962752602798008,0.7796474358974359,0.9823717948717948,0.12481923076923074,0.7297607451677323,0.6,24.333333333333332,0.0,20.0,False
env_obs_noise,0.20375497320944938,0.05919146553212061,0.007915019927884653,0.2522547946768494,0.7987688161743055,-1.478130015455217,0.792,0.9848,0.13960000000000006,0.7571278512477875,0.6,24.416666666666668,0.0,20.0,False
env_obs_noise,0.20375497320944938,0.05919146553212061,0.011173623016536903,0.25225479391971123,0.7937551351735506,-1.45057825252373,0.802547770700637,0.9848726114649682,0.15022038216560518,0.7842494711279869,0.6,24.666666666666668,0.0,20.0,False
env_obs_noise,0.20375497320944938,0.05919146553212061,0.015773788626335192,0.25216796619371734,0.7847897972225454,-1.4138598820957302,0.8217665615141956,0.9873817034700315,0.1719482649842271,0.7999414592981339,0.6,25.166666666666668,0.0,20.0,False
env_obs_noise,0.20375497320944938,0.05919146553212061,0.02226783624792608,0.2514765135968676,0.7851024128878228,-1.3618586205431502,0.8341194968553459,0.9905660377358491,0.187485534591195,0.8612153135240078,0.55,24.09090909090909,0.0,20.0,False
env_obs_noise,0.20375497320944938,0.05919146553212061,0.03143547456548206,0.2508447728301142,0.7799900702431999,-1.293666540335793,0.85,0.990625,0.20342499999999997,0.9439832530915737,0.55,24.454545454545453,0.0,20.0,False
env_obs_noise,0.20375497320944938,0.05919146553212061,0.044377417282700976,0.25118578837681466,0.7654747816885663,-1.2128942711149993,0.8623853211009175,0.9915902140672783,0.2167755351681958,0.9790153786540031,0.55,25.727272727272727,0.0,20.0,False
env_obs_noise,0.20375497320944938,0.05919146553212061,0.06264754045881119,0.2502158660148007,0.7560858042349335,-1.1211829628382575,0.8721804511278195,0.9924812030075187,0.22746165413533825,1.066555742919445,0.5,25.5,0.0,20.0,False
env_obs_noise,0.20375497320944938,0.05919146553212061,0.08843944884256029,0.24955323327714304,0.7513896719911426,-1.0096181218292222,0.8822652757078987,0.992548435171386,0.23761371087928473,1.211585419625044,0.5,26.1,0.0,20.0,False
env_obs_noise,0.20375497320944938,0.05919146553212061,0.12484985131568332,0.24918384952018724,0.7360187878987857,-0.8774601489902564,0.8881578947368421,0.9926900584795322,0.24364795321637434,1.312234415858984,0.5,27.4,0.0,20.0,False
env_obs_noise,0.20375497320944938,0.05919146553212061,0.17625036765320706,0.24839341421627062,0.7277657511887055,-0.7391935407504845,0.8919308357348703,0.9927953890489913,0.24752622478386166,1.41387936770916,0.45,27.22222222222222,0.0,20.0,False
env_obs_noise,0.20375497320944938,0.05919146553212061,0.24881240762830165,0.24836116350448906,0.7270090657580964,-0.6058306347608985,0.8942857142857142,0.9928571428571429,0.24994285714285713,1.5013556122779845,0.45,27.88888888888889,0.0,20.0,False
env_obs_noise,0.20375497320944938,0.05919146553212061,0.351248142140631,0.24843346076014905,0.7263044950250594,-0.45655158824457837,0.895448079658606,0.9928876244665719,0.2511357041251778,1.586291890591383,0.45,28.22222222222222,0.0,20.0,False
env_obs_noise,0.20375497320944938,0.05919146553212061,0.4958565311644505,0.24913455764750408,0.7254199062050457,-0.3035641428919524,0.8939179632248939,0.9929278642149929,0.24964582743988684,1.6359819531440736,0.4,27.375,0.0,20.0,False
env_obs_noise,0.20375497320944938,0.05919146553212061,0.7,0.24976956326439112,0.7258806225473953,-0.14577900343322187,0.893361581920904,0.9929378531073446,0.2490994350282486,1.6769967205822467,0.4,27.5,0.0,20.0,False
env_obs_noise,0.20375497320944938,0.08447163717017145,0.0010000000000000002,0.25225479540848833,0.7996736960733672,-1.417591890065711,0.8192,0.9904,0.1724,0.8260096229612828,0.6,24.416666666666668,0.0,20.0,False
env_obs_noise,0.20375497320944938,0.08447163717017145,0.001411698658795815,0.2522547927483802,0.7979158497324458,-1.415579355507719,0.8218849840255591,0.9920127795527156,0.1766977635782747,0.8229902774095536,0.6,24.5,0.0,20.0,False
env_obs_noise,0.20375497320944938,0.08447163717017145,0.0019928931032459026,0.25225479245009486,0.7940968227895572,-1.4133962637909747,0.8264331210191083,0.9928343949044586,0.18206751592356685,0.8131473749876023,0.6,24.666666666666668,0.0,20.0,False
env_obs_noise,0.20375497320944938,0.08447163717017145,0.00281336452097567,0.2522547939729464,0.7941359979615323,-1.4062115695081752,0.8359872611464968,0.9936305732484076,0.19241783439490445,0.826663525402546,0.6,24.666666666666668,0.0,20.0,False
env_obs_noise,0.20375497320944938,0.08447163717017145,0.00397162292096508,0.2522547936035198,0.7941910260350747,-1.3956133015109242,0.8383757961783439,0.9936305732484076,0.19480636942675156,0.8460183143615723,0.6,24.666666666666668,0.0,20.0,False
env_obs_noise,0.20375497320944938,0.08447163717017145,0.00560673475076912,0.25225479517428673,0.7892607463375739,-1.3823600221529273,0.849445324881141,0.993660855784469,0.20590618066561006,0.8513270586729049,0.6,24.916666666666668,0.0,20.0,False
env_obs_noise,0.20375497320944938,0.08447163717017145,0.007915019927884653,0.2522547965753394,0.7876596559724041,-1.3609290577371207,0.8575949367088608,0.9960443037974683,0.21643924050632912,0.8765114773064852,0.6,25.0,0.0,20.0,False
env_obs_noise,0.20375497320944938,0.08447163717017145,0.011173623016536903,0.25216796572694106,0.7838214766110283,-1.333197324161607,0.8653543307086614,0.9968503937007874,0.22500472440944885,0.9024865217506886,0.6,25.25,0.0,20.0,False
env_obs_noise,0.20375497320944938,0.08447163717017145,0.015773788626335192,0.2521679653180141,0.7805239978334703,-1.292838282153957,0.8767660910518054,0.9984301412872841,0.2379962323390895,0.9420989640057087,0.55,24.181818181818183,0.0,20.0,False
env_obs_noise,0.20375497320944938,0.08447163717017145,0.02226783624792608,0.25168938213760483,0.7745318882540978,-1.2447157466373968,0.8881987577639752,0.9984472049689441,0.2494459627329193,0.9703467011451721,0.55,24.818181818181817,0.0,20.0,False
env_obs_noise,0.20375497320944938,0.08447163717017145,0.03143547456548206,0.2515114837521414,0.7685399046238397,-1.1805718560931338,0.8993855606758833,0.9984639016897081,0.2606494623655914,1.0239875338971616,0.55,25.454545454545453,0.0,20.0,False
env_obs_noise,0.20375497320944938,0.08447163717017145,0.044377417282700976,0.2510225416669463,0.7581498910575646,-1.1045765583395861,0.9099848714069592,0.9992435703479576,0.2720284417549168,1.0968307472765446,0.55,26.363636363636363,0.0,20.0,False
env_obs_noise,0.20375497320944938,0.08447163717017145,0.06264754045881119,0.24955323586441397,0.7555094635576428,-1.0197845325202823,0.9170403587443946,1.0,0.2798403587443946,1.189950365945697,0.5,25.9,0.0,20.0,False
env_obs_noise,0.20375497320944938,0.08447163717017145,0.08843944884256029,0.24955323414361655,0.7436950816232378,-0.9018093235559181,0.9246676514032496,1.0,0.2874676514032496,1.3322155728936196,0.5,26.7,0.0,20.0,False
env_obs_noise,0.20375497320944938,0.08447163717017145,0.12484985131568332,0.2488183016098571,0.7309186621064574,-0.7811366945558341,0.9282608695652174,1.0,0.2910608695652174,1.420145507156849,0.5,28.0,0.0,20.0,False
env_obs_noise,0.20375497320944938,0.08447163717017145,0.17625036765320706,0.2483611630521665,0.7270955149285344,-0.6594274421995501,0.9314285714285714,1.0,0.2942285714285714,1.5029732629656791,0.45,27.88888888888889,0.0,20.0,False
env_obs_noise,0.20375497320944938,0.08447163717017145,0.24881240762830165,0.24857561599825045,0.7249156212144643,-0.5149156451308735,0.9345661450924608,1.0,0.29736614509246084,1.6142262727022172,0.45,28.22222222222222,0.0,20.0,False
env_obs_noise,0.20375497320944938,0.08447163717017145,0.351248142140631,0.24913455751448682,0.7257337589295487,-0.3752733774575216,0.9335219236209336,1.0,0.29632192362093357,1.6757991701364516,0.4,27.375,0.0,20.0,False
env_obs_noise,0.20375497320944938,0.08447163717017145,0.4958565311644505,0.24976956623065724,0.7205243431636775,-0.19484826024332277,0.9336592178770949,1.0,0.29645921787709495,1.7328841745853425,0.35,27.0,0.0,20.0,False
env_obs_noise,0.20375497320944938,0.08447163717017145,0.7,0.2497695680300192,0.7209897103362256,-0.03597087544613648,0.9336592178770949,1.0,0.29645921787709495,1.781283086538315,0.35,27.0,0.0,20.0,False
env_obs_noise,0.20375497320944938,0.12054875516364763,0.0010000000000000002,0.25186598693980106,0.7831410373704542,-1.2608236218708702,0.8910658307210031,0.9960815047021944,0.24994733542319747,0.9379562832415104,0.55,24.272727272727273,0.0,20.0,False
env_obs_noise,0.20375497320944938,0.12054875516364763,0.001411698658795815,0.2518659893270178,0.7831614753503888,-1.2567036525225987,0.8934169278996865,0.9960815047021944,0.2522984326018809,0.9442585244774818,0.55,24.272727272727273,0.0,20.0,False
env_obs_noise,0.20375497320944938,0.12054875516364763,0.0019928931032459026,0.25186598737289634,0.7811768549222997,-1.2521030112683087,0.8974960876369327,0.9960876369327074,0.2563837245696401,0.9439129009842873,0.55,24.363636363636363,0.0,20.0,False
env_obs_noise,0.20375497320944938,0.12054875516364763,0.00281336452097567,0.2518659902685947,0.7812211933176427,-1.243909063704566,0.8998435054773083,0.9960876369327074,0.2587311424100157,0.9566964194178581,0.55,24.363636363636363,0.0,20.0,False
env_obs_noise,0.20375497320944938,0.12054875516364763,0.00397162292096508,0.2517813069738885,0.7812833743713342,-1.2334998898470553,0.903125,0.99609375,0.26201874999999997,0.9713353827595711,0.55,24.454545454545453,0.0,20.0,False
env_obs_noise,0.20375497320944938,0.12054875516364763,0.00560673475076912,0.25178131182430763,0.7813704634029952,-1.2176515330124507,0.90859375,0.99609375,0.2674875,0.9943939089775086,0.55,24.454545454545453,0.0,20.0,False
env_obs_noise,0.20375497320944938,0.12054875516364763,0.007915019927884653,0.25178130937404586,0.775586730457393,-1.1986994639104664,0.9121306376360808,0.9968895800933126,0.27182021772939347,1.0012235097587108,0.55,24.727272727272727,0.0,20.0,False
env_obs_noise,0.20375497320944938,0.12054875516364763,0.011173623016536903,0.2519924686188124,0.7716981465635098,-1.1717522299875747,0.919629057187017,0.9984544049459042,0.28088346213292126,1.016116774082184,0.55,25.09090909090909,0.0,20.0,False
env_obs_noise,0.20375497320944938,0.12054875516364763,0.015773788626335192,0.2513112329734939,0.7704438439861686,-1.13587896553335,0.9276923076923077,0.9984615384615385,0.2889538461538462,1.0529572263360023,0.55,25.363636363636363,0.0,20.0,False
env_obs_noise,0.20375497320944938,0.12054875516364763,0.02226783624792608,0.25097566280558314,0.7674318638636998,-1.0908683032287922,0.9336890243902439,0.9992378048780488,0.29572682926829275,1.0966499425470828,0.55,25.90909090909091,0.0,20.0,False
env_obs_noise,0.20375497320944938,0.12054875516364763,0.03143547456548206,0.25065695180125985,0.7607530691282716,-1.0323745566422415,0.944947209653092,0.9992458521870287,0.30699306184012065,1.1502180993556976,0.55,26.545454545454547,0.0,20.0,False
env_obs_noise,0.20375497320944938,0.12054875516364763,0.044377417282700976,0.25022663253892147,0.7563294215235521,-0.9614459667008179,0.9483532934131736,1.0,0.31115329341317366,1.2359757367521524,0.5,25.8,0.0,20.0,False
env_obs_noise,0.20375497320944938,0.12054875516364763,0.06264754045881119,0.2492085319372166,0.7443122026689375,-0.8728792423806627,0.9529411764705882,1.0,0.3157411764705882,1.3166910454630851,0.5,27.0,0.0,20.0,False
env_obs_noise,0.20375497320944938,0.12054875516364763,0.08843944884256029,0.24884479663607761,0.7314090738883632,-0.7690088539734826,0.9580318379160637,1.0,0.32083183791606373,1.4195694886147976,0.5,28.1,0.0,20.0,False
env_obs_noise,0.20375497320944938,0.12054875516364763,0.12484985131568332,0.24785953835314584,0.7275112315457947,-0.6632946756847987,0.9614835948644793,1.0,0.32428359486447933,1.5129070952534676,0.45,28.0,0.0,20.0,False
env_obs_noise,0.20375497320944938,0.12054875516364763,0.17625036765320706,0.24825246769307988,0.7253155214867086,-0.5377187584079786,0.9631728045325779,1.0,0.32597280453257793,1.6293132856488228,0.45,28.555555555555557,0.0,20.0,False
env_obs_noise,0.20375497320944938,0.12054875516364763,0.24881240762830165,0.24848605596744716,0.7202034012222511,-0.3874928376067809,0.9643854748603352,1.0,0.3271854748603352,1.6970590606331826,0.4,28.5,0.0,20.0,False
env_obs_noise,0.20375497320944938,0.12054875516364763,0.351248142140631,0.2494845294702321,0.7211370373267756,-0.24515645281754253,0.9638888888888889,1.0,0.3266888888888889,1.771967176347971,0.35,27.571428571428573,0.0,20.0,False
env_obs_noise,0.20375497320944938,0.12054875516364763,0.4958565311644505,0.24953472056036022,0.7217726444219864,-0.10189463303039144,0.9640387275242047,1.0,0.32683872752420473,1.8146787360310555,0.35,28.0,0.0,20.0,False
env_obs_noise,0.20375497320944938,0.12054875516364763,0.7,0.24953472032884383,0.7222385195481482,0.05277694323990056,0.9640387275242047,1.0,0.32683872752420473,1.8622604213654994,0.35,28.0,0.0,20.0,False
env_obs_noise,0.20375497320944938,0.17203410349712728,0.0010000000000000002,0.2520321321410318,0.7700095971300409,-1.0523721753189261,0.9393241167434716,0.9969278033794163,0.29905192012288795,1.1256781607866286,0.55,25.454545454545453,0.0,20.0,False
env_obs_noise,0.20375497320944938,0.17203410349712728,0.001411698658795815,0.2520321304012702,0.7681299186337139,-1.0494063979305246,0.9394171779141104,0.9969325153374233,0.29914969325153373,1.1228761874139308,0.55,25.545454545454547,0.0,20.0,False
env_obs_noise,0.20375497320944938,0.17203410349712728,0.0019928931032459026,0.252032131389986,0.7681589951867155,-1.0439507215835675,0.9401840490797546,0.9969325153374233,0.29991656441717796,1.131442103534937,0.55,25.545454545454547,0.0,20.0,False
env_obs_noise,0.20375497320944938,0.17203410349712728,0.00281336452097567,0.2518633755435544,0.7663157426566611,-1.039034321682975,0.9412213740458015,0.9977099236641221,0.3017312977099237,1.1291655048727989,0.55,25.818181818181817,0.0,20.0,False
env_obs_noise,0.20375497320944938,0.17203410349712728,0.00397162292096508,0.25186337324952496,0.7663744119424584,-1.028557444701232,0.9435114503816794,0.9977099236641221,0.30402137404580154,1.1454132691025734,0.55,25.818181818181817,0.0,20.0,False
env_obs_noise,0.20375497320944938,0.17203410349712728,0.00560673475076912,0.2518633723183633,0.7650706066331311,-1.0147034155255465,0.9458841463414634,0.9992378048780488,0.30792195121951227,1.1603330239653586,0.55,25.90909090909091,0.0,20.0,False
env_obs_noise,0.20375497320944938,0.17203410349712728,0.007915019927884653,0.25119179417660603,0.7618577456873667,-0.9986309710530247,0.9522727272727273,0.9992424242424243,0.31431515151515155,1.159739687293768,0.55,26.272727272727273,0.0,20.0,False
env_obs_noise,0.20375497320944938,0.17203410349712728,0.011173623016536903,0.2505772737202934,0.762011128184044,-0.9737010569638134,0.953857791225416,0.9992435703479576,0.3159013615733737,1.1947738096117972,0.55,26.363636363636363,0.0,20.0,False
env_obs_noise,0.20375497320944938,0.17203410349712728,0.015773788626335192,0.2502764108176552,0.7594167040169167,-0.9434734703407918,0.9580838323353293,0.999251497005988,0.3201353293413174,1.1982132021337748,0.55,27.0,0.0,20.0,False
env_obs_noise,0.20375497320944938,0.17203410349712728,0.02226783624792608,0.25027640863414774,0.7572493985985441,-0.900894682181806,0.9641791044776119,0.9992537313432835,0.32623283582089546,1.2593227371573448,0.55,27.181818181818183,0.0,20.0,False
env_obs_noise,0.20375497320944938,0.17203410349712728,0.03143547456548206,0.2502764117883067,0.7485953206893334,-0.8469149934799421,0.9681952662721893,1.0,0.33099526627218934,1.3135961294174194,0.55,27.727272727272727,0.0,20.0,False
env_obs_noise,0.20375497320944938,0.17203410349712728,0.044377417282700976,0.24926408408982517,0.7439600244748065,-0.7821814675688635,0.9707174231332357,1.0,0.33351742313323574,1.3876039609313011,0.5,27.3,0.0,20.0,False
env_obs_noise,0.20375497320944938,0.17203410349712728,0.06264754045881119,0.24881049980715167,0.7324726876188995,-0.7042074461782907,0.9740634005763689,1.0,0.3368634005763689,1.4650383308529853,0.5,28.4,0.0,20.0,False
env_obs_noise,0.20375497320944938,0.17203410349712728,0.08843944884256029,0.24806591548055706,0.7270724044476073,-0.6114978683942812,0.9786628733997155,1.0,0.3414628733997155,1.5672911718487739,0.45,28.22222222222222,0.0,20.0,False
env_obs_noise,0.20375497320944938,0.17203410349712728,0.12484985131568332,0.2479871081129394,0.72307806775746,-0.5084705742718021,0.980309423347398,1.0,0.343109423347398,1.671046394854784,0.45,29.11111111111111,0.0,20.0,False
env_obs_noise,0.20375497320944938,0.17203410349712728,0.17625036765320706,0.24859015057841025,0.7197505470919079,-0.37672548316337695,0.9819694868238558,1.0,0.3447694868238558,1.7632643222808837,0.35,27.714285714285715,0.0,20.0,False
env_obs_noise,0.20375497320944938,0.17203410349712728,0.24881240762830165,0.24958490571072806,0.720618195049858,-0.2549286794462356,0.9820936639118457,1.0,0.3448936639118457,1.8235366731882094,0.35,28.428571428571427,0.0,20.0,False
env_obs_noise,0.20375497320944938,0.17203410349712728,0.351248142140631,0.24958491075792305,0.7198002549490186,-0.11792824233045389,0.982806052269601,1.0,0.34560605226960106,1.8956915326416492,0.35,28.571428571428573,0.0,20.0,False
env_obs_noise,0.20375497320944938,0.17203410349712728,0.4958565311644505,0.2495849093428556,0.720361152654171,0.027165523604245987,0.982806052269601,1.0,0.34560605226960106,1.9552284754812717,0.35,28.571428571428573,0.0,20.0,False
env_obs_noise,0.20375497320944938,0.17203410349712728,0.7,0.2495849072857069,0.7196851305490617,0.1778045855190145,0.9828296703296703,1.0,0.3456296703296703,1.9949112445116044,0.35,28.714285714285715,0.0,20.0,False
env_obs_noise,0.20375497320944938,0.24550840633636933,0.0010000000000000002,0.24983445821415173,0.7544476417966932,-0.812878441379332,0.9694029850746269,0.9992537313432835,0.3314567164179104,1.347533655166626,0.55,27.181818181818183,0.0,20.0,False
env_obs_noise,0.20375497320944938,0.24550840633636933,0.001411698658795815,0.24983445797084977,0.754467587169145,-0.8096234699024606,0.9694029850746269,0.9992537313432835,0.3314567164179104,1.3529159888625144,0.55,27.181818181818183,0.0,20.0,False
env_obs_noise,0.20375497320944938,0.24550840633636933,0.0019928931032459026,0.2498344591636607,0.7530048547546169,-0.8058025032334322,0.970193740685544,0.9992548435171386,0.33224858420268255,1.352589838206768,0.55,27.272727272727273,0.0,20.0,False
env_obs_noise,0.20375497320944938,0.24550840633636933,0.00281336452097567,0.25027641278397883,0.7530441426014529,-0.7999273921647252,0.9724702380952381,0.9992559523809523,0.3345261904761905,1.3548763632774352,0.55,27.363636363636363,0.0,20.0,False
env_obs_noise,0.20375497320944938,0.24550840633636933,0.00397162292096508,0.25027641184650434,0.7504778370978419,-0.7916731206190509,0.9733333333333334,0.9992592592592593,0.3353925925925927,1.351989534497261,0.55,27.636363636363637,0.0,20.0,False
env_obs_noise,0.20375497320944938,0.24550840633636933,0.00560673475076912,0.25027641269448914,0.7505620440253777,-0.7796530039213574,0.9748148148148148,0.9992592592592593,0.3368740740740741,1.3716198973357678,0.55,27.636363636363637,0.0,20.0,False
env_obs_noise,0.20375497320944938,0.24550840633636933,0.007915019927884653,0.2502764113164787,0.7453522407939691,-0.764629589560235,0.9764359351988218,0.9992636229749632,0.33849955817378496,1.3764321349561215,0.55,28.0,0.0,20.0,False
env_obs_noise,0.20375497320944938,0.24550840633636933,0.011173623016536903,0.25027641175502996,0.7438292891118198,-0.7432896310427983,0.9801470588235294,0.9992647058823529,0.3422117647058823,1.4045669071376323,0.55,28.09090909090909,0.0,20.0,False
env_obs_noise,0.20375497320944938,0.24550840633636933,0.015773788626335192,0.24973301627241531,0.740705035225599,-0.715905325386067,0.9816983894582724,1.0,0.3444983894582724,1.4324118763208389,0.55,28.363636363636363,0.0,20.0,False
env_obs_noise,0.20375497320944938,0.24550840633636933,0.02226783624792608,0.24950027764500346,0.7364915872643703,-0.6799459157619698,0.982532751091703,1.0,0.345332751091703,1.4700142167508603,0.5,27.7,0.0,20.0,False
env_obs_noise,0.20375497320944938,0.24550840633636933,0.03143547456548206,0.24793721058111876,0.7352379499448598,-0.6377615413436921,0.984149855907781,1.0,0.34694985590778105,1.5023134984076023,0.45,27.22222222222222,0.0,20.0,False
env_obs_noise,0.20375497320944938,0.24550840633636933,0.044377417282700976,0.24810245872371842,0.7253416739988587,-0.579631739597576,0.9857752489331437,1.0,0.34857524893314373,1.5690562427043915,0.45,28.22222222222222,0.0,20.0,False
env_obs_noise,0.20375497320944938,0.24550840633636933,0.06264754045881119,0.24806591485394727,0.7212649633974447,-0.5078730772225613,0.9901129943502824,1.0,0.35291299435028245,1.6844923980534077,0.45,28.77777777777778,0.0,20.0,False
env_obs_noise,0.20375497320944938,0.24550840633636933,0.08843944884256029,0.24872935958358905,0.7147230386128071,-0.41707055020857997,0.991701244813278,1.0,0.35450124481327805,1.7554935775697231,0.4,29.375,0.0,20.0,False
env_obs_noise,0.20375497320944938,0.24550840633636933,0.12484985131568332,0.2492697190095986,0.7142300065116112,-0.32243192026335765,0.9924657534246575,1.0,0.3552657534246575,1.8411007523536682,0.35,29.0,0.0,20.0,False
env_obs_noise,0.20375497320944938,0.24550840633636933,0.17625036765320706,0.24958490799476546,0.713971993923441,-0.21356171457659212,0.9931693989071039,1.0,0.3559693989071039,1.933531930297613,0.35,29.285714285714285,0.0,20.0,False
env_obs_noise,0.20375497320944938,0.24550840633636933,0.24881240762830165,0.249584907579166,0.713661361842979,-0.09198572457770995,0.9938608458390177,1.0,0.3566608458390177,2.0192075200378894,0.35,29.428571428571427,0.0,20.0,False
env_obs_noise,0.20375497320944938,0.24550840633636933,0.351248142140631,0.2495849086504901,0.7127835388642552,0.039636966637971956,0.9938692098092643,1.0,0.3566692098092643,2.083272408694029,0.35,29.571428571428573,0.0,20.0,False
env_obs_noise,0.20375497320944938,0.24550840633636933,0.4958565311644505,0.24958490464932717,0.7118593639598417,0.18055440306465564,0.9938775510204082,1.0,0.3566775510204082,2.1267897337675095,0.35,29.714285714285715,0.0,20.0,False
env_obs_noise,0.20375497320944938,0.24550840633636933,0.7,0.24958490634090472,0.7109629794026575,0.3293634979838248,0.9938858695652174,1.0,0.3566858695652174,2.163785911351442,0.3,28.333333333333332,0.0,20.0,False
env_obs_noise,0.20375497320944938,0.35036295918402205,0.0010000000000000002,0.24870805632018006,0.7332399512998987,-0.547570984311905,0.9906609195402298,1.0,0.35346091954022985,1.6077319845557212,0.5,28.6,0.0,20.0,False
env_obs_noise,0.20375497320944938,0.35036295918402205,0.001411698658795815,0.24870805400771845,0.7332601265557371,-0.5449574271919325,0.9906609195402298,1.0,0.35346091954022985,1.6125651225447655,0.5,28.6,0.0,20.0,False
env_obs_noise,0.20375497320944938,0.35036295918402205,0.0019928931032459026,0.24870805353773573,0.733288758454932,-0.541302886832535,0.9906609195402298,1.0,0.35346091954022985,1.616719551384449,0.45,27.444444444444443,0.0,20.0,False
env_obs_noise,0.20375497320944938,0.35036295918402205,0.00281336452097567,0.24870805591909112,0.7333289365851475,-0.5362110719207548,0.9913793103448276,1.0,0.35417931034482764,1.625912956148386,0.45,27.444444444444443,0.0,20.0,False
env_obs_noise,0.20375497320944938,0.35036295918402205,0.00397162292096508,0.24870805867678678,0.733385256450646,-0.529152471711005,0.9913793103448276,1.0,0.35417931034482764,1.6388581968843936,0.45,27.444444444444443,0.0,20.0,False
env_obs_noise,0.20375497320944938,0.35036295918402205,0.00560673475076912,0.24870805335029864,0.7334640514662121,-0.5194322794363369,0.9913793103448276,1.0,0.35417931034482764,1.6570469006896018,0.45,27.444444444444443,0.0,20.0,False
env_obs_noise,0.20375497320944938,0.35036295918402205,0.007915019927884653,0.24870805385540723,0.7304256934638311,-0.5071475740386423,0.9935530085959885,1.0,0.3563530085959885,1.6682530514895917,0.45,27.666666666666668,0.0,20.0,False
env_obs_noise,0.20375497320944938,0.35036295918402205,0.011173623016536903,0.2479576685237669,0.7289211255221733,-0.4914771832474337,0.9935897435897436,1.0,0.3563897435897436,1.6777788877487183,0.45,28.11111111111111,0.0,20.0,False
env_obs_noise,0.20375497320944938,0.35036295918402205,0.015773788626335192,0.24795766549056586,0.7275980893903433,-0.4674987921953595,0.9935988620199147,1.0,0.35639886201991466,1.7202175989747048,0.45,28.22222222222222,0.0,20.0,False
env_obs_noise,0.20375497320944938,0.35036295918402205,0.02226783624792608,0.24827995995173685,0.7215166856250734,-0.4396702330459026,0.9936708860759493,1.0,0.35647088607594934,1.7340414512902498,0.45,29.11111111111111,0.0,20.0,False
env_obs_noise,0.20375497320944938,0.35036295918402205,0.03143547456548206,0.24865468212405384,0.7173770725668427,-0.40021881182572827,0.994413407821229,1.0,0.357213407821229,1.790908743813634,0.4,28.5,0.0,20.0,False
env_obs_noise,0.20375497320944938,0.35036295918402205,0.044377417282700976,0.24867181110516054,0.7117121528884538,-0.353852587645418,0.9958677685950413,1.0,0.35866776859504135,1.843510689586401,0.4,29.75,0.0,20.0,False
env_obs_noise,0.20375497320944938,0.35036295918402205,0.06264754045881119,0.24864830163389978,0.7074745167050044,-0.28474399377962223,0.9972826086956522,1.0,0.36008260869565223,1.9311015911400318,0.35,29.857142857142858,0.0,20.0,False
env_obs_noise,0.20375497320944938,0.35036295918402205,0.08843944884256029,0.24958490836896824,0.7044418501530586,-0.21034887378097453,0.9986504723346828,1.0,0.36145047233468286,2.0129835568368435,0.35,30.571428571428573,0.0,20.0,False
env_obs_noise,0.20375497320944938,0.35036295918402205,0.12484985131568332,0.2495849051106684,0.7038788554012332,-0.12110002137468562,0.9986522911051213,1.0,0.36145229110512134,2.1124139450490476,0.35,30.714285714285715,0.0,20.0,False
env_obs_noise,0.20375497320944938,0.35036295918402205,0.17625036765320706,0.2495957785348292,0.7024712171513573,-0.02205371971366582,0.999330655957162,1.0,0.362130655957162,2.1692729838192464,0.35,31.428571428571427,0.0,20.0,False
env_obs_noise,0.20375497320944938,0.35036295918402205,0.24881240762830165,0.24943100078479558,0.7018321709764633,0.09245585768280815,1.0,1.0,0.3628,2.2311407532542944,0.35,31.857142857142858,0.0,20.0,False
env_obs_noise,0.20375497320944938,0.35036295918402205,0.351248142140631,0.2494310004530409,0.7010854025374093,0.21836366881272293,1.0,1.0,0.3628,2.277132919430733,0.3,30.833333333333332,0.0,20.0,False
env_obs_noise,0.20375497320944938,0.35036295918402205,0.4958565311644505,0.24943099986990655,0.7014489526015851,0.3534988123402265,1.0,1.0,0.3628,2.312505601346493,0.3,30.833333333333332,0.0,20.0,False
env_obs_noise,0.20375497320944938,0.35036295918402205,0.7,0.2494310011739051,0.7004788816775984,0.4983570768729175,1.0,1.0,0.3628,2.3429824102669956,0.3,31.0,0.0,20.0,False
env_obs_noise,0.20375497320944938,0.5,0.0010000000000000002,0.2485512279689668,0.7151575647669519,-0.2653790646907619,0.9951923076923077,1.0,0.3579923076923077,1.9684520341455936,0.4,30.0,0.0,20.0,False
env_obs_noise,0.20375497320944938,0.5,0.001411698658795815,0.24855122825400938,0.7136248424689897,-0.2639261565078972,0.99519890260631,1.0,0.35799890260631007,1.966313425451517,0.4,30.125,0.0,20.0,False
env_obs_noise,0.20375497320944938,0.5,0.0019928931032459026,0.24855122829956466,0.7136515400776293,-0.2610936669674936,0.99519890260631,1.0,0.35799890260631007,1.972511139512062,0.4,30.125,0.0,20.0,False
env_obs_noise,0.20375497320944938,0.5,0.00281336452097567,0.24855122433402702,0.7122037235831029,-0.25758207003348066,0.9952054794520548,1.0,0.35800547945205485,1.9749939564615488,0.4,30.25,0.0,20.0,False
env_obs_noise,0.20375497320944938,0.5,0.00397162292096508,0.24855122557844608,0.7122523084029156,-0.2520362016891095,0.9958904109589041,1.0,0.3586904109589041,1.9873066727072,0.4,30.25,0.0,20.0,False
env_obs_noise,0.20375497320944938,0.5,0.00560673475076912,0.24855122410741864,0.71232042862664,-0.24436555812676983,0.9958904109589041,1.0,0.3586904109589041,2.004550235718489,0.4,30.25,0.0,20.0,False
env_obs_noise,0.20375497320944938,0.5,0.007915019927884653,0.24855122550131106,0.7114474987842011,-0.23414831411250236,0.9958960328317373,1.0,0.35869603283173734,2.029617515951395,0.4,30.375,0.0,20.0,False
env_obs_noise,0.20375497320944938,0.5,0.011173623016536903,0.2485974923156982,0.707187292066062,-0.22158739164757393,0.9965986394557823,1.0,0.3593986394557823,2.0385809380561115,0.4,30.875,0.0,20.0,False
env_obs_noise,0.20375497320944938,0.5,0.015773788626335192,0.2486293769042208,0.7073866849194741,-0.20390409143645627,0.9966124661246613,1.0,0.35941246612466127,2.0657973777502776,0.4,31.25,0.0,20.0,False
env_obs_noise,0.20375497320944938,0.5,0.02226783624792608,0.24924538674999888,0.7019513963489827,-0.17688761222546842,0.9966577540106952,1.0,0.35945775401069524,2.100069322437048,0.35,31.571428571428573,0.0,20.0,False
env_obs_noise,0.20375497320944938,0.5,0.03143547456548206,0.24955788018482714,0.7011430835470197,-0.14339605213865342,0.9973333333333333,1.0,0.3601333333333333,2.1586046097800136,0.35,31.857142857142858,0.0,20.0,False
env_obs_noise,0.20375497320944938,0.5,0.044377417282700976,0.2494056225746673,0.7004570528894892,-0.10270427385863355,0.9973509933774835,1.0,0.36015099337748346,2.214206864312291,0.35,32.57142857142857,0.0,20.0,False
env_obs_noise,0.20375497320944938,0.5,0.06264754045881119,0.24927003093449998,0.7010708450650149,-0.0500295183444396,0.9986789960369881,1.0,0.3614789960369881,2.2948576088994743,0.35,32.857142857142854,0.0,20.0,False
env_obs_noise,0.20375497320944938,0.5,0.08843944884256029,0.2492700355425242,0.7003706318329347,0.01578232907701474,0.9986807387862797,1.0,0.36148073878627973,2.374377616494894,0.35,33.0,0.0,20.0,False
env_obs_noise,0.20375497320944938,0.5,0.12484985131568332,0.2493880920894886,0.7009979191557629,0.09316199092879425,0.9993412384716732,1.0,0.36214123847167323,2.436970032006502,0.3,32.166666666666664,0.0,20.0,False
env_obs_noise,0.20375497320944938,0.5,0.17625036765320706,0.2493880915751456,0.701516430239399,0.18399294541006536,0.9993412384716732,1.0,0.36214123847167323,2.4934132054448126,0.3,32.166666666666664,0.0,20.0,False
env_obs_noise,0.20375497320944938,0.5,0.24881240762830165,0.24938809261873243,0.7006063768490852,0.28794146396200687,1.0,1.0,0.3628,2.5372209683060647,0.3,32.333333333333336,0.0,20.0,False
env_obs_noise,0.20375497320944938,0.5,0.351248142140631,0.24974310111016845,0.6972461658376492,0.3991537484218212,1.0,1.0,0.3628,2.5272248066961764,0.25,32.2,0.0,20.0,False
env_obs_noise,0.20375497320944938,0.5,0.4958565311644505,0.2497431004969957,0.697605034409212,0.5251790697844091,1.0,1.0,0.3628,2.5604252487421038,0.25,32.2,0.0,20.0,False
env_obs_noise,0.20375497320944938,0.5,0.7,0.2497431014602135,0.697614928492463,0.6607915503079895,1.0,1.0,0.3628,2.5613410644233228,0.25,32.2,0.0,20.0,False
env_obs_noise,0.3,0.010000000000000004,0.0010000000000000002,0.37391862703083983,0.9066528450496302,3.547393717839117,0.34505862646566166,0.5628140703517588,0.7293273031825795,0.4922864645719528,0.8,26.3125,0.0625,20.0,False
env_obs_noise,0.3,0.010000000000000004,0.001411698658795815,0.37391862519076885,0.901879297688955,3.269282394249776,0.35308848080133554,0.5717863105175293,0.7123252086811351,0.477926142886281,0.8,26.4375,0.0625,20.0,False
env_obs_noise,0.3,0.010000000000000004,0.0019928931032459026,0.37391863104023126,0.9019037181203144,3.0059436053083046,0.3622704507512521,0.5909849749582637,0.6839445742904842,0.4882056348025799,0.8,26.4375,0.0625,20.0,False
env_obs_noise,0.3,0.010000000000000004,0.00281336452097567,0.3739186297084207,0.9019382149567087,2.7487657617197336,0.3756260434056761,0.6085141903171953,0.6530597662771285,0.4920158851891756,0.8,26.4375,0.0625,20.0,False
env_obs_noise,0.3,0.010000000000000004,0.00397162292096508,0.3728201326753545,0.8981553024869149,2.4790382398043365,0.3913764510779436,0.6293532338308457,0.6164703150912106,0.5043635062873364,0.8,26.6875,0.0625,20.0,False
env_obs_noise,0.3,0.010000000000000004,0.00560673475076912,0.37159997742120415,0.8949957201344296,2.249464079111154,0.40924092409240925,0.6452145214521452,0.5827445544554455,0.4946931477636099,0.75,26.066666666666666,0.06666666666666667,20.0,False
env_obs_noise,0.3,0.010000000000000004,0.007915019927884653,0.3715999765078589,0.8924239978338836,2.0733796008053345,0.4233937397034596,0.6647446457990115,0.5490616144975289,0.5121065058512613,0.75,26.133333333333333,0.06666666666666667,20.0,False
env_obs_noise,0.3,0.010000000000000004,0.011173623016536903,0.3715999776491042,0.8888395000735291,1.938266589338714,0.4540229885057471,0.6822660098522167,0.5009110016420362,0.5527887742966413,0.75,26.266666666666666,0.06666666666666667,20.0,False
env_obs_noise,0.3,0.010000000000000004,0.015773788626335192,0.3712636592954067,0.8815926379162715,1.8335840406009731,0.4837133550488599,0.7052117263843648,0.44827491856677526,0.586453304067254,0.7,25.714285714285715,0.07142857142857142,20.0,False
env_obs_noise,0.3,0.010000000000000004,0.02226783624792608,0.3718448728911726,0.8745293782860741,1.7948132803554295,0.5145161290322581,0.7241935483870968,0.3984903225806451,0.6298990231007338,0.7,26.142857142857142,0.07142857142857142,20.0,False
env_obs_noise,0.3,0.010000000000000004,0.03143547456548206,0.3708162323192167,0.8685119800594396,1.776050932361048,0.5344,0.7376,0.36519999999999997,0.6931483022868633,0.7,26.5,0.07142857142857142,20.0,False
env_obs_noise,0.3,0.010000000000000004,0.044377417282700976,0.3705500991196727,0.8554442864707871,1.7858827797044026,0.5596546310832025,0.7527472527472527,0.3247981161695448,0.7661132790148258,0.7,27.357142857142858,0.07142857142857142,20.0,False
env_obs_noise,0.3,0.010000000000000004,0.06264754045881119,0.37002073870897034,0.849287958085372,1.8285884036361293,0.586046511627907,0.7604651162790698,0.29068837209302323,0.8479496285319328,0.6,26.083333333333332,0.08333333333333333,20.0,False
env_obs_noise,0.3,0.010000000000000004,0.08843944884256029,0.36853897464350216,0.8388374843712904,1.8861428030900946,0.6084977238239757,0.7602427921092565,0.2684594840667678,0.9395614951848984,0.55,26.181818181818183,0.09090909090909091,20.0,False
env_obs_noise,0.3,0.010000000000000004,0.12484985131568332,0.36790871768886585,0.8293295020517569,1.9755583730551103,0.6326836581709145,0.7638680659670165,0.24064827586206894,1.072302380949259,0.5,25.7,0.0,20.0,False
env_obs_noise,0.3,0.010000000000000004,0.17625036765320706,0.3672575082635067,0.8153382792021839,2.0717898523305087,0.6463235294117647,0.7669117647058824,0.22396470588235284,1.1604519717395305,0.5,27.0,0.0,20.0,False
env_obs_noise,0.3,0.010000000000000004,0.24881240762830165,0.3665933270079365,0.8072705774274856,2.191217365316884,0.6557496360989811,0.7678311499272198,0.21361921397379913,1.261453141272068,0.5,27.7,0.0,20.0,False
env_obs_noise,0.3,0.010000000000000004,0.351248142140631,0.366637876803385,0.803170687376404,2.3388689332535995,0.658008658008658,0.766955266955267,0.212236075036075,1.340514738112688,0.5,28.3,0.0,20.0,False
env_obs_noise,0.3,0.010000000000000004,0.4958565311644505,0.36603224436659654,0.8004093287376017,2.482837992836601,0.6587982832618026,0.7660944206008584,0.212307296137339,1.4013158515095712,0.5,28.9,0.0,20.0,False
env_obs_noise,0.3,0.010000000000000004,0.7,0.36592042029695365,0.7992337024392805,2.6410814159075344,0.6602564102564102,0.7663817663817664,0.21056182336182339,1.422629614919424,0.45,28.11111111111111,0.0,20.0,False
env_obs_noise,0.3,0.014270914972418185,0.0010000000000000002,0.3733863760699858,0.9021634660057007,1.8183326953232741,0.3875,0.6258333333333334,0.6238666666666666,0.4936308979988098,0.8,26.5,0.0625,20.0,False
env_obs_noise,0.3,0.014270914972418185,0.001411698658795815,0.3733863769412681,0.9021809941182506,1.6659477405448937,0.39166666666666666,0.6366666666666667,0.6088666666666667,0.5015169974416495,0.8,26.5,0.0625,20.0,False
env_obs_noise,0.3,0.014270914972418185,0.0019928931032459026,0.37229523457855057,0.8997980177444526,1.4814355570950466,0.3988391376451078,0.6525704809286899,0.5857903814262023,0.4978684328496456,0.8,26.6875,0.0625,20.0,False
env_obs_noise,0.3,0.014270914972418185,0.00281336452097567,0.3722952396805758,0.8985350478239484,1.3148044122077083,0.4105960264900662,0.6688741721854304,0.5577298013245033,0.5083156246691942,0.8,26.75,0.0625,20.0,False
env_obs_noise,0.3,0.014270914972418185,0.00397162292096508,0.3722952338007186,0.8952283032971221,1.1488098300775809,0.4282178217821782,0.6815181518151815,0.5274640264026402,0.5143214114010334,0.75,26.066666666666666,0.06666666666666667,20.0,False
env_obs_noise,0.3,0.014270914972418185,0.00560673475076912,0.371081000353915,0.8953046834919695,1.0007396873552101,0.44069192751235586,0.6976935749588138,0.49881449752883034,0.5258428614586592,0.75,26.133333333333333,0.06666666666666667,20.0,False
env_obs_noise,0.3,0.014270914972418185,0.007915019927884653,0.3710809949669195,0.8895321516904434,0.8703951749324673,0.4540983606557377,0.7081967213114754,0.4749049180327869,0.546804067119956,0.75,26.333333333333332,0.06666666666666667,20.0,False
env_obs_noise,0.3,0.014270914972418185,0.011173623016536903,0.3710809947234564,0.8857843900072112,0.7777928337431885,0.4877450980392157,0.7303921568627451,0.41906274509803926,0.5891896255314351,0.75,26.466666666666665,0.06666666666666667,20.0,False
env_obs_noise,0.3,0.014270914972418185,0.015773788626335192,0.3707475704288616,0.8797854907112945,0.71029467675259,0.515422077922078,0.7459415584415584,0.37583636363636364,0.6136595208197833,0.7,25.857142857142858,0.07142857142857142,20.0,False
env_obs_noise,0.3,0.014270914972418185,0.02226783624792608,0.3713302956788917,0.8724891582462119,0.6902270124895087,0.5409967845659164,0.7660771704180064,0.33012604501607723,0.6562520120292902,0.7,26.285714285714285,0.07142857142857142,20.0,False
env_obs_noise,0.3,0.014270914972418185,0.03143547456548206,0.3703085154169463,0.8635377931443241,0.6815402268772562,0.5666666666666667,0.7793650793650794,0.29116825396825396,0.7023669064044953,0.7,26.857142857142858,0.07142857142857142,20.0,False
env_obs_noise,0.3,0.014270914972418185,0.044377417282700976,0.3700466230503856,0.8543996571445246,0.7161260488583264,0.5881435257410297,0.7917316692667706,0.2573248049921997,0.7728531941771507,0.65,26.76923076923077,0.07692307692307693,20.0,False
env_obs_noise,0.3,0.014270914972418185,0.06264754045881119,0.3695223135755217,0.8495825623022145,0.7764044573811135,0.6099071207430341,0.7972136222910217,0.23007925696594422,0.8841243974864483,0.6,26.166666666666668,0.08333333333333333,20.0,False
env_obs_noise,0.3,0.014270914972418185,0.08843944884256029,0.368056533435708,0.837205537260546,0.8419356249948857,0.6361573373676248,0.7995461422087746,0.20149652042360056,0.9695289388298989,0.55,26.363636363636363,0.09090909090909091,20.0,False
env_obs_noise,0.3,0.014270914972418185,0.12484985131568332,0.36743137319912017,0.8242055508261017,0.9395345386313338,0.6592261904761905,0.8035714285714286,0.17440238095238092,1.095796563476324,0.5,26.2,0.0,20.0,False
env_obs_noise,0.3,0.014270914972418185,0.17625036765320706,0.366786759261925,0.815619067296821,1.0515941805314097,0.6703377386196769,0.8054331864904553,0.1614290748898678,1.1952539667487145,0.5,27.1,0.0,20.0,False
env_obs_noise,0.3,0.014270914972418185,0.24881240762830165,0.3661276264083205,0.8039834935935374,1.1792716376438122,0.6804347826086956,0.8072463768115942,0.1495188405797102,1.288213959336281,0.5,28.0,0.0,20.0,False
env_obs_noise,0.3,0.014270914972418185,0.351248142140631,0.36557830042954276,0.8019923099996392,1.3157138806461368,0.6795422031473534,0.8054363376251789,0.15222145922746777,1.3469022888690234,0.5,28.9,0.0,20.0,False
env_obs_noise,0.3,0.014270914972418185,0.4958565311644505,0.36498228308598674,0.7991608852806079,1.4635869806044564,0.6823361823361823,0.8062678062678063,0.14859601139601142,1.4136888198554516,0.45,28.11111111111111,0.0,20.0,False
env_obs_noise,0.3,0.014270914972418185,0.7,0.36623567648213556,0.7994947979317301,1.638983736410995,0.6822695035460993,0.8049645390070922,0.14996595744680852,1.445878036879003,0.45,28.444444444444443,0.0,20.0,False
env_obs_noise,0.3,0.02036590141499896,0.0010000000000000002,0.3722952377862717,0.8967958835344468,0.6230683543679153,0.41983471074380163,0.7016528925619835,0.5157123966942149,0.5269698422402144,0.8,26.8125,0.0625,20.0,False
env_obs_noise,0.3,0.02036590141499896,0.001411698658795815,0.37229523576339707,0.8968126328565359,0.5386286886403543,0.4289256198347107,0.7099173553719008,0.49835702479338845,0.5230026677250862,0.75,26.0,0.06666666666666667,20.0,False
env_obs_noise,0.3,0.02036590141499896,0.0019928931032459026,0.37229523924238106,0.8935012157509957,0.4387734937174668,0.43657331136738053,0.7232289950576606,0.47739769357495887,0.533548766002059,0.75,26.133333333333333,0.06666666666666667,20.0,False
env_obs_noise,0.3,0.02036590141499896,0.00281336452097567,0.3722952370412952,0.893540880608268,0.3412413440598745,0.4497528830313015,0.7347611202635914,0.45268599670510706,0.5448810521513223,0.75,26.133333333333333,0.06666666666666667,20.0,False
env_obs_noise,0.3,0.02036590141499896,0.00397162292096508,0.37108099441593695,0.8935956894152489,0.23892630090271408,0.4621710526315789,0.7442434210526315,0.43078552631578954,0.551658907160163,0.75,26.2,0.06666666666666667,20.0,False
env_obs_noise,0.3,0.02036590141499896,0.00560673475076912,0.3710809948031238,0.8910059316286365,0.14620766044849218,0.47372742200328405,0.7577996715927751,0.4056729064039409,0.5656872161081992,0.75,26.266666666666666,0.06666666666666667,20.0,False
env_obs_noise,0.3,0.02036590141499896,0.007915019927884653,0.3710809975934254,0.8899119051757555,0.07338731387297821,0.48688524590163934,0.7704918032786885,0.37982295081967216,0.604298523068428,0.7,25.428571428571427,0.07142857142857142,20.0,False
env_obs_noise,0.3,0.02036590141499896,0.011173623016536903,0.37074756884903004,0.8824624560496768,0.00965253095159247,0.5178571428571429,0.7857142857142857,0.3336285714285714,0.616006725654006,0.7,25.857142857142858,0.07142857142857142,20.0,False
env_obs_noise,0.3,0.02036590141499896,0.015773788626335192,0.3714587322223535,0.8788959628233672,-0.014455749153168202,0.5492730210016155,0.7988691437802908,0.2890578352180937,0.6569965194910765,0.7,26.071428571428573,0.07142857142857142,20.0,False
env_obs_noise,0.3,0.02036590141499896,0.02226783624792608,0.3713302983439597,0.8654271821487085,-0.035074988766636776,0.5700636942675159,0.8192675159235668,0.24786878980891724,0.6716294825077057,0.7,26.714285714285715,0.07142857142857142,20.0,False
env_obs_noise,0.3,0.02036590141499896,0.03143547456548206,0.370308513209513,0.8623072172715505,-0.019159700412951595,0.5933544303797469,0.8299050632911392,0.21394050632911388,0.7498130559921264,0.7,27.0,0.07142857142857142,20.0,False
env_obs_noise,0.3,0.02036590141499896,0.044377417282700976,0.37000240617913643,0.8547663416774461,0.028682511497036108,0.6129283489096573,0.8387850467289719,0.18548660436137077,0.814988274872303,0.6,25.833333333333332,0.08333333333333333,20.0,False
env_obs_noise,0.3,0.02036590141499896,0.06264754045881119,0.3698350754812014,0.8423378457520365,0.09097628673686405,0.63420245398773,0.843558282208589,0.159439263803681,0.9049034640192986,0.6,26.666666666666668,0.08333333333333333,20.0,False
env_obs_noise,0.3,0.02036590141499896,0.08843944884256029,0.36805653658750104,0.8343492824989313,0.1681749144054956,0.6591251885369532,0.8469079939668175,0.13116681749622927,1.0132117122411728,0.5,25.3,0.0,20.0,False
env_obs_noise,0.3,0.02036590141499896,0.12484985131568332,0.36743137760282363,0.8191266346005849,0.27567966657109866,0.6814814814814815,0.8503703703703703,0.10534814814814819,1.1382734194397925,0.5,26.5,0.0,20.0,False
env_obs_noise,0.3,0.02036590141499896,0.17625036765320706,0.3667867558842198,0.8146088458932316,0.3924144956619409,0.6913489736070382,0.8519061583577713,0.11124281524926694,1.2480390414595603,0.5,27.2,0.0,20.0,False
env_obs_noise,0.3,0.02036590141499896,0.24881240762830165,0.36612762398266735,0.8030829914988757,0.5272819972778118,0.7011577424023154,0.85383502170767,0.11912272069464547,1.3395947240293027,0.5,28.1,0.0,20.0,False
env_obs_noise,0.3,0.02036590141499896,0.351248142140631,0.3655783022285171,0.8004200404824469,0.6635930958646773,0.7007142857142857,0.8521428571428571,0.12037142857142868,1.396594500541687,0.5,29.0,0.0,20.0,False
env_obs_noise,0.3,0.02036590141499896,0.4958565311644505,0.36546959421302516,0.7994757573193464,0.8150045003029575,0.7027027027027027,0.8520625889046942,0.12244011379800857,1.4583747945725918,0.45,28.22222222222222,0.0,20.0,False
env_obs_noise,0.3,0.02036590141499896,0.7,0.36623567951625,0.7998124816209994,0.9790108282822368,0.7028368794326241,0.851063829787234,0.12357304964539007,1.4992084842175246,0.45,28.444444444444443,0.0,20.0,False
env_obs_noise,0.3,0.029064004743010123,0.0010000000000000002,0.3722952350694889,0.8939688722071726,-0.13666908567644984,0.4745065789473684,0.7680921052631579,0.3946013157894737,0.5818063445389271,0.75,26.2,0.06666666666666667,20.0,False
env_obs_noise,0.3,0.029064004743010123,0.001411698658795815,0.37229523585401453,0.8939891467691669,-0.18067233753792306,0.48355263157894735,0.7730263157894737,0.38062105263157897,0.5885597690939903,0.75,26.2,0.06666666666666667,20.0,False
env_obs_noise,0.3,0.029064004743010123,0.0019928931032459026,0.3722952400301647,0.8940173631834856,-0.2307340704093445,0.4917763157894737,0.7820723684210527,0.36335131578947366,0.5982165113091469,0.75,26.2,0.06666666666666667,20.0,False
env_obs_noise,0.3,0.029064004743010123,0.00281336452097567,0.37108099821518525,0.8940662122277239,-0.28076605898170404,0.5008196721311475,0.7852459016393443,0.3511344262295082,0.5936123827472329,0.75,26.333333333333332,0.06666666666666667,20.0,False
env_obs_noise,0.3,0.029064004743010123,0.00397162292096508,0.3710809958153686,0.8919461311382636,-0.3399287134421683,0.5106382978723404,0.7937806873977087,0.3327810147299509,0.5989933659322559,0.7,25.5,0.07142857142857142,20.0,False
env_obs_noise,0.3,0.029064004743010123,0.00560673475076912,0.37074757056752516,0.8882062161819757,-0.3992688055834746,0.5187296416938111,0.8037459283387622,0.31472442996742667,0.6202985592186451,0.7,25.714285714285715,0.07142857142857142,20.0,False
env_obs_noise,0.3,0.029064004743010123,0.007915019927884653,0.3707475687938813,0.8844588983215791,-0.44495808463032355,0.5332792207792207,0.8165584415584416,0.28736233766233765,0.6505754552781582,0.7,25.857142857142858,0.07142857142857142,20.0,False
env_obs_noise,0.3,0.029064004743010123,0.011173623016536903,0.37145873585644457,0.8771201141392523,-0.4750189653608528,0.5644122383252818,0.8252818035426731,0.24750595813204512,0.6516427468508482,0.7,26.214285714285715,0.07142857142857142,20.0,False
env_obs_noise,0.3,0.029064004743010123,0.015773788626335192,0.3714587332068351,0.8678983758052838,-0.49279233703079095,0.5902555910543131,0.8442492012779552,0.20269520766773164,0.6796478595584631,0.7,26.571428571428573,0.07142857142857142,20.0,False
env_obs_noise,0.3,0.029064004743010123,0.02226783624792608,0.3713302948686662,0.8641025152882266,-0.48343728957723325,0.6065182829888712,0.8577106518282989,0.1729710651828299,0.7412680618464946,0.7,26.785714285714285,0.07142857142857142,20.0,False
env_obs_noise,0.3,0.029064004743010123,0.03143547456548206,0.3703085090590969,0.8594789748281888,-0.4565160971151495,0.6309148264984227,0.8690851735015773,0.1372,0.8141124874353409,0.7,27.142857142857142,0.07142857142857142,20.0,True
env_obs_noise,0.3,0.029064004743010123,0.044377417282700976,0.369522313893358,0.8501460583462657,-0.4045039351430689,0.6447368421052632,0.8746130030959752,0.1178501547987616,0.8607070710510015,0.55,25.0,0.0,20.0,False
env_obs_noise,0.3,0.029064004743010123,0.06264754045881119,0.36983507412235644,0.8392190768324495,-0.33192859154835613,0.6712538226299695,0.8769113149847095,0.08903486238532099,0.9590757369995118,0.5,24.4,0.0,20.0,False
env_obs_noise,0.3,0.029064004743010123,0.08843944884256029,0.3680565322170241,0.8296365668218534,-0.25033150231528,0.6914414414414415,0.8798798798798799,0.0833615615615616,1.0662139229476453,0.5,25.6,0.0,20.0,False
env_obs_noise,0.3,0.029064004743010123,0.12484985131568332,0.3674313750426272,0.8195553258947246,-0.13444592753090404,0.7111111111111111,0.8837037037037037,0.09920740740740752,1.2090071000158786,0.5,26.5,0.0,20.0,False
env_obs_noise,0.3,0.029064004743010123,0.17625036765320706,0.36612762386086867,0.8078716691221705,-0.020015772674801306,0.7209302325581395,0.8851744186046512,0.10755581395348834,1.2837511517107487,0.5,27.8,0.0,20.0,False
env_obs_noise,0.3,0.029064004743010123,0.24881240762830165,0.3662553150648553,0.8020395038328695,0.11825681578989823,0.7287769784172662,0.8848920863309353,0.11568489208633093,1.3787743479013443,0.5,28.5,0.0,20.0,False
env_obs_noise,0.3,0.029064004743010123,0.351248142140631,0.36498227616369033,0.799300162977315,0.2524346231198731,0.73005698005698,0.8853276353276354,0.11652934472934473,1.4415346845984458,0.45,28.11111111111111,0.0,20.0,False
env_obs_noise,0.3,0.029064004743010123,0.4958565311644505,0.36623567626624803,0.7983991119264358,0.4121446821443914,0.7308781869688386,0.8845609065155807,0.11811728045325787,1.5103280887007713,0.45,28.555555555555557,0.0,20.0,False
env_obs_noise,0.3,0.029064004743010123,0.7,0.3675682616432343,0.7987330890908626,0.5757154046621765,0.730225988700565,0.882768361581921,0.11925762711864407,1.5357993979007005,0.4,27.5,0.0,20.0,False
env_obs_noise,0.3,0.04147699404454563,0.0010000000000000002,0.37195656574741953,0.8887082031035736,-0.6117021500375256,0.5481239804241436,0.8384991843393148,0.2505768352365416,0.6451957330107689,0.7,25.642857142857142,0.07142857142857142,20.0,False
env_obs_noise,0.3,0.04147699404454563,0.001411698658795815,0.3719565637241101,0.8887279889830574,-0.6318228431073628,0.5546492659053833,0.8401305057096248,0.2424202283849919,0.6519420386757702,0.7,25.642857142857142,0.07142857142857142,20.0,False
env_obs_noise,0.3,0.04147699404454563,0.0019928931032459026,0.37074757092108734,0.8864313509998162,-0.6625265577147464,0.5585365853658537,0.8422764227642277,0.23638699186991863,0.6431516843847931,0.7,25.785714285714285,0.07142857142857142,20.0,False
env_obs_noise,0.3,0.04147699404454563,0.00281336452097567,0.37074757035039363,0.8827274725408462,-0.6919826854742422,0.5656401944894651,0.8492706645056726,0.2222891410048623,0.6536728277802467,0.7,25.928571428571427,0.07142857142857142,20.0,False
env_obs_noise,0.3,0.04147699404454563,0.00397162292096508,0.3707475665052108,0.8827757189835528,-0.7170333729763047,0.5753646677471637,0.8549432739059968,0.20689205834683955,0.6712589848786592,0.7,25.928571428571427,0.07142857142857142,20.0,False
env_obs_noise,0.3,0.04147699404454563,0.00560673475076912,0.3714587329046824,0.8798968079366932,-0.7386547692217599,0.5814516129032258,0.8620967741935484,0.19365161290322586,0.6858571130782366,0.7,26.142857142857142,0.07142857142857142,20.0,False
env_obs_noise,0.3,0.04147699404454563,0.007915019927884653,0.3714587321585085,0.8755744981923915,-0.759395811665651,0.5972668810289389,0.8737942122186495,0.1661389067524116,0.6973102949559689,0.7,26.285714285714285,0.07142857142857142,20.0,False
env_obs_noise,0.3,0.04147699404454563,0.011173623016536903,0.3714587310743739,0.8699997704788963,-0.7694773181406166,0.624,0.8864,0.12680000000000002,0.7252666339278221,0.7,26.5,0.07142857142857142,20.0,True
env_obs_noise,0.3,0.04147699404454563,0.015773788626335192,0.3713302952935297,0.8666859069701816,-0.764404476045068,0.64171974522293,0.8988853503184714,0.09659490445859864,0.7604844257235527,0.65,25.76923076923077,0.0,20.0,False
env_obs_noise,0.3,0.04147699404454563,0.02226783624792608,0.3712811949567743,0.86131936103988,-0.7439049113366751,0.6574367088607594,0.9106012658227848,0.06916202531645577,0.8027696624398232,0.6,25.0,0.0,20.0,False
env_obs_noise,0.3,0.04147699404454563,0.03143547456548206,0.37026313062998767,0.8527810796166896,-0.708355594827311,0.6768388106416275,0.9178403755868545,0.04252081377151795,0.8545754440128803,0.55,24.363636363636363,0.0,20.0,False
env_obs_noise,0.3,0.04147699404454563,0.044377417282700976,0.3695223141157136,0.8465529332553476,-0.646982757994242,0.6936728395061729,0.9189814814814815,0.0464913580246914,0.9390239868313074,0.55,25.181818181818183,0.0,20.0,False
env_obs_noise,0.3,0.04147699404454563,0.06264754045881119,0.36959471831784557,0.8363827830033694,-0.5735317573685121,0.71580547112462,0.9217325227963525,0.06587294832826751,1.037392158806324,0.5,24.8,0.0,20.0,False
env_obs_noise,0.3,0.04147699404454563,0.08843944884256029,0.36743137497510703,0.8247461029092478,-0.4853718773847247,0.7336309523809523,0.9255952380952381,0.07983571428571423,1.1315317459404468,0.5,26.2,0.0,20.0,False
env_obs_noise,0.3,0.04147699404454563,0.12484985131568332,0.3667867537383208,0.8160863290008529,-0.37825598858065135,0.749632892804699,0.9273127753303965,0.0941201174743026,1.243745245784521,0.5,27.1,0.0,20.0,False
env_obs_noise,0.3,0.04147699404454563,0.17625036765320706,0.36612762403997995,0.8063600389301404,-0.24914070783664782,0.762699564586357,0.9281567489114659,0.10634281567489112,1.3656871326267719,0.5,27.9,0.0,20.0,False
env_obs_noise,0.3,0.04147699404454563,0.24881240762830165,0.36557829992265867,0.7991304580108274,-0.1221888244498683,0.7667617689015692,0.9293865905848787,0.10917517831669055,1.4313543371856212,0.5,29.1,0.0,20.0,False
env_obs_noise,0.3,0.04147699404454563,0.351248142140631,0.3649822817690643,0.7983135987598142,0.023149935240783615,0.7688477951635846,0.9295874822190612,0.11106031294452345,1.5187822438776493,0.45,28.22222222222222,0.0,20.0,False
env_obs_noise,0.3,0.04147699404454563,0.4958565311644505,0.36756825829474415,0.7968793732610602,0.18147384723784196,0.767277856135402,0.9273624823695346,0.11171537376586749,1.5601156778633594,0.4,27.625,0.0,20.0,False
env_obs_noise,0.3,0.04147699404454563,0.7,0.3675682621225123,0.7972206819903802,0.3380944754867597,0.768688293370945,0.9273624823695346,0.1131258110014105,1.609453958272934,0.4,27.625,0.0,20.0,False
env_obs_noise,0.3,0.05919146553212061,0.0010000000000000002,0.3714587348889151,0.8823238809808088,-0.8712961679742971,0.6179321486268174,0.901453957996769,0.11781389337641357,0.7298910282552242,0.65,25.076923076923077,0.0,20.0,False
env_obs_noise,0.3,0.05919146553212061,0.001411698658795815,0.3714587347425458,0.8797842019159862,-0.8812925918671398,0.6225806451612903,0.9040322580645161,0.11058709677419354,0.7263286478817463,0.65,25.153846153846153,0.0,20.0,False
env_obs_noise,0.3,0.05919146553212061,0.0019928931032459026,0.37145873154221415,0.8798085180368969,-0.8891429559437568,0.6241935483870967,0.9048387096774193,0.10816774193548395,0.7356351990252733,0.65,25.153846153846153,0.0,20.0,False
env_obs_noise,0.3,0.05919146553212061,0.00281336452097567,0.37145873456591655,0.8764236719611664,-0.9003951958278091,0.6294212218649518,0.9083601286173634,0.09941864951768487,0.7462986674159765,0.65,25.307692307692307,0.0,20.0,False
env_obs_noise,0.3,0.05919146553212061,0.00397162292096508,0.37145873286922443,0.8764682803121651,-0.9074529295736842,0.6342443729903537,0.9147909967845659,0.08816463022508036,0.7627916291356087,0.65,25.307692307692307,0.0,20.0,False
env_obs_noise,0.3,0.05919146553212061,0.00560673475076912,0.37140903598661545,0.8741498417550102,-0.9156463775940904,0.6458333333333334,0.9214743589743589,0.0698923076923077,0.7601444121450186,0.6,24.333333333333332,0.0,20.0,False
env_obs_noise,0.3,0.05919146553212061,0.007915019927884653,0.37140903616098964,0.8694091263440178,-0.9178773098345844,0.6650717703349283,0.9266347687400319,0.04549346092503981,0.7808120287954807,0.6,24.583333333333332,0.0,20.0,False
env_obs_noise,0.3,0.05919146553212061,0.011173623016536903,0.3712811940246456,0.8617014645731982,-0.9168259934602985,0.682753164556962,0.935126582278481,0.01942658227848104,0.789397033303976,0.6,25.0,0.0,20.0,False
env_obs_noise,0.3,0.05919146553212061,0.015773788626335192,0.371281194028558,0.8581558922879381,-0.8979727542432739,0.693217665615142,0.945583596214511,0.01943406940063097,0.8324586190283298,0.6,25.166666666666668,0.0,20.0,False
env_obs_noise,0.3,0.05919146553212061,0.02226783624792608,0.37026313045357273,0.853152835328964,-0.8698877674270921,0.7097026604068858,0.9522691705790297,0.02923348982785612,0.8690769705921412,0.55,24.363636363636363,0.0,20.0,False
env_obs_noise,0.3,0.05919146553212061,0.03143547456548206,0.36933297907042034,0.8520887717886778,-0.822231513270928,0.7230889235569423,0.9539781591263651,0.040910764430577284,0.966719938069582,0.55,24.545454545454547,0.0,20.0,False
env_obs_noise,0.3,0.05919146553212061,0.044377417282700976,0.3695947209432019,0.8382132576762401,-0.7624606788506664,0.73896499238965,0.9550989345509894,0.05686392694063935,1.0073466204106807,0.55,26.0,0.0,20.0,False
env_obs_noise,0.3,0.05919146553212061,0.06264754045881119,0.36923697794354726,0.8301873326951652,-0.6834604775169388,0.7601809954751131,0.9555052790346908,0.07848627450980394,1.1205995574593544,0.5,25.3,0.0,20.0,False
env_obs_noise,0.3,0.05919146553212061,0.08843944884256029,0.3674313737094054,0.819973014690726,-0.5886071362750507,0.7777777777777778,0.9585185185185185,0.09909629629629635,1.2293795473873614,0.5,26.5,0.0,20.0,False
env_obs_noise,0.3,0.05919146553212061,0.12484985131568332,0.36678675904053964,0.8082290880700157,-0.479476649603854,0.7915451895043731,0.9599125364431487,0.11425772594752182,1.330403307825327,0.5,27.6,0.0,20.0,False
env_obs_noise,0.3,0.05919146553212061,0.17625036765320706,0.36599273063271304,0.7989874847141493,-0.35473667588671,0.8028776978417266,0.960431654676259,0.1261093525179856,1.4355846785008908,0.5,28.5,0.0,20.0,False
env_obs_noise,0.3,0.05919146553212061,0.24881240762830165,0.36498228168670893,0.7982630663304205,-0.23115212695898923,0.8058321479374111,0.9608819345661451,0.12951408250355623,1.5135517947375774,0.45,28.22222222222222,0.0,20.0,False
env_obs_noise,0.3,0.05919146553212061,0.351248142140631,0.3675682643456895,0.7955103764063927,-0.08173863271851543,0.8042253521126761,0.9591549295774648,0.12618028169014095,1.5693831559270621,0.4,27.75,0.0,20.0,False
env_obs_noise,0.3,0.05919146553212061,0.4958565311644505,0.3675682608194143,0.7960356555075045,0.06897609526082175,0.8070422535211268,0.9591549295774648,0.12899718309859165,1.651609916985035,0.4,27.75,0.0,20.0,False
env_obs_noise,0.3,0.05919146553212061,0.7,0.36774989718276585,0.7963739778235345,0.22770375688283875,0.8081805359661495,0.9590973201692524,0.1300778561354019,1.700968923419714,0.4,27.625,0.0,20.0,False
env_obs_noise,0.3,0.08447163717017145,0.0010000000000000002,0.3714090324209769,0.869953631624258,-0.9693089494475939,0.6985645933014354,0.9385964912280702,0.03176810207336522,0.837790795788169,0.6,24.583333333333332,0.0,20.0,False
env_obs_noise,0.3,0.08447163717017145,0.001411698658795815,0.3714090343708901,0.868262051717746,-0.9712842412073048,0.7014331210191083,0.9426751592356688,0.030557961783439502,0.8385865531861783,0.6,24.666666666666668,0.0,20.0,False
env_obs_noise,0.3,0.08447163717017145,0.0019928931032459026,0.3714090379218989,0.8638638165460325,-0.9754760018308515,0.7047619047619048,0.946031746031746,0.03053015873015885,0.82748420573771,0.6,24.833333333333332,0.0,20.0,False
env_obs_noise,0.3,0.08447163717017145,0.00281336452097567,0.37140903437748873,0.8622030272346515,-0.9760015375274709,0.7091917591125199,0.9484944532488114,0.03249730586370847,0.832048037275672,0.6,24.916666666666668,0.0,20.0,False
env_obs_noise,0.3,0.08447163717017145,0.00397162292096508,0.3714090335494311,0.8593407264395936,-0.9748862034119239,0.7140600315955766,0.95260663507109,0.03325339652448667,0.8434527341276408,0.6,25.083333333333332,0.0,20.0,False
env_obs_noise,0.3,0.08447163717017145,0.00560673475076912,0.3714090366741179,0.8571642536296357,-0.9707555560597457,0.7263406940063092,0.9589905362776026,0.04813123028391175,0.8549480590969324,0.6,25.166666666666668,0.0,20.0,False
env_obs_noise,0.3,0.08447163717017145,0.007915019927884653,0.3712811900284016,0.8572702355148293,-0.960944414174083,0.7385826771653543,0.9645669291338582,0.06594960629921254,0.8869021639227868,0.6,25.25,0.0,20.0,False
env_obs_noise,0.3,0.08447163717017145,0.011173623016536903,0.37128119223020895,0.857415030015562,-0.9427693349847205,0.7496062992125985,0.968503937007874,0.08091023622047244,0.922130859643221,0.55,24.0,0.0,20.0,False
env_obs_noise,0.3,0.08447163717017145,0.015773788626335192,0.37128119138183546,0.8516787516263228,-0.918871288908283,0.7594043887147336,0.9733542319749217,0.09555862068965526,0.9608542911708355,0.55,24.272727272727273,0.0,20.0,False
env_obs_noise,0.3,0.08447163717017145,0.02226783624792608,0.37026313040028713,0.8450960318211862,-0.885131835666072,0.7732919254658385,0.9743788819875776,0.11047080745341609,1.0006493680179118,0.55,24.818181818181817,0.0,20.0,False
env_obs_noise,0.3,0.08447163717017145,0.03143547456548206,0.3695947186797987,0.8423405808590525,-0.8366589667331477,0.783206106870229,0.9748091603053435,0.12081526717557245,1.0556413169950247,0.55,25.818181818181817,0.0,20.0,False
env_obs_noise,0.3,0.08447163717017145,0.044377417282700976,0.36959471587607773,0.8318582684476837,-0.7732735825962701,0.7980332829046899,0.9765506807866868,0.13738396369137673,1.1326551854610443,0.55,26.363636363636363,0.0,20.0,False
env_obs_noise,0.3,0.08447163717017145,0.06264754045881119,0.3674313709871662,0.8252655437348019,-0.701986766834031,0.8177083333333334,0.9776785714285714,0.15818690476190478,1.2116895020008087,0.5,26.2,0.0,20.0,False
env_obs_noise,0.3,0.08447163717017145,0.08843944884256029,0.3674313730944188,0.81805802954156,-0.602108873766656,0.8316100443131462,0.9785819793205317,0.17299202363367794,1.3599295407533645,0.5,26.7,0.0,20.0,False
env_obs_noise,0.3,0.08447163717017145,0.12484985131568332,0.3659927258833757,0.805488999828194,-0.4997728885486927,0.8429811866859623,0.9790159189580319,0.1847971056439942,1.4360215328633785,0.5,28.1,0.0,20.0,False
env_obs_noise,0.3,0.08447163717017145,0.17625036765320706,0.3649822831785329,0.7982860692388308,-0.384590783712888,0.8520625889046942,0.9793741109530584,0.1942366998577526,1.5162036381661892,0.45,28.22222222222222,0.0,20.0,False
env_obs_noise,0.3,0.08447163717017145,0.24881240762830165,0.36709321376256415,0.7956148856430474,-0.2478684169940635,0.8526093088857546,0.9788434414668548,0.19425275035260936,1.6003485888242721,0.4,27.625,0.0,20.0,False
env_obs_noise,0.3,0.08447163717017145,0.351248142140631,0.367382242783322,0.7941288007524783,-0.1125576402813342,0.853641456582633,0.9789915966386554,0.19543305322128846,1.676396545767784,0.4,28.25,0.0,20.0,False
env_obs_noise,0.3,0.08447163717017145,0.4958565311644505,0.3675622191160855,0.7880028579937779,0.05801785196561315,0.8581363004172462,0.9791376912378303,0.20007399165507656,1.7343739435076713,0.4,28.875,0.0,20.0,False
env_obs_noise,0.3,0.08447163717017145,0.7,0.36756222089828505,0.7881249154152561,0.21714664828187039,0.8590277777777777,0.9791666666666666,0.20099444444444436,1.7884287908673286,0.35,27.571428571428573,0.0,20.0,False
env_obs_noise,0.3,0.12054875516364763,0.0010000000000000002,0.37083657627970834,0.8567895064341597,-0.9459681539793432,0.7641065830721003,0.9811912225705329,0.10809780564263327,0.9657473087310791,0.55,24.272727272727273,0.0,20.0,False
env_obs_noise,0.3,0.12054875516364763,0.001411698658795815,0.370836576016433,0.8526886242124541,-0.9468643259424517,0.765625,0.98125,0.10967499999999997,0.9557759396731853,0.55,24.454545454545453,0.0,20.0,False
env_obs_noise,0.3,0.12054875516364763,0.0019928931032459026,0.3707119011792671,0.8505152035084015,-0.9463932121153682,0.7686915887850467,0.9836448598130841,0.11513644859813088,0.9560388281941414,0.55,24.636363636363637,0.0,20.0,False
env_obs_noise,0.3,0.12054875516364763,0.00281336452097567,0.3707118979850563,0.8505543016596903,-0.9415531676479124,0.7733644859813084,0.985202492211838,0.12136697819314635,0.9661638341844082,0.55,24.636363636363637,0.0,20.0,False
env_obs_noise,0.3,0.12054875516364763,0.00397162292096508,0.37071190262929965,0.8506084561861821,-0.9344063147013865,0.7780373831775701,0.985981308411215,0.12681869158878512,0.9811285674571991,0.55,24.636363636363637,0.0,20.0,False
env_obs_noise,0.3,0.12054875516364763,0.00560673475076912,0.3707119013376154,0.8491220065292233,-0.9248493675589613,0.7846034214618973,0.9860031104199067,0.13340653188180407,0.9966303315013647,0.55,24.727272727272727,0.0,20.0,False
env_obs_noise,0.3,0.12054875516364763,0.007915019927884653,0.370711900832711,0.8470760637931147,-0.9110590275295343,0.7934782608695652,0.9868012422360248,0.14307950310559003,1.0200277715921402,0.55,24.818181818181817,0.0,20.0,False
env_obs_noise,0.3,0.12054875516364763,0.011173623016536903,0.37071189992647907,0.8472207468944585,-0.8893996901142193,0.7989130434782609,0.9899068322981367,0.15161987577639757,1.0657166875898838,0.55,24.818181818181817,0.0,20.0,False
env_obs_noise,0.3,0.12054875516364763,0.015773788626335192,0.3697782243204351,0.8421323889120906,-0.8675864190221846,0.8047473200612557,0.9900459418070444,0.15759326186830014,1.0724976480007171,0.55,25.636363636363637,0.0,20.0,False
env_obs_noise,0.3,0.12054875516364763,0.02226783624792608,0.3690564353834927,0.8377071323556893,-0.8291937059706089,0.8154311649016641,0.9901664145234493,0.16839757942511346,1.1112889874726535,0.55,26.363636363636363,0.0,20.0,False
env_obs_noise,0.3,0.12054875516364763,0.03143547456548206,0.36905643788964276,0.8342514957077204,-0.7793367622839098,0.8250377073906485,0.9909502262443439,0.17878793363499246,1.1844963386654854,0.55,26.545454545454547,0.0,20.0,False
env_obs_noise,0.3,0.12054875516364763,0.044377417282700976,0.3680745808545158,0.8258132945326366,-0.7207157870432402,0.8385416666666666,0.9925595238095238,0.19390119047619048,1.2477165713906289,0.5,26.2,0.0,20.0,False
env_obs_noise,0.3,0.12054875516364763,0.06264754045881119,0.36692384723048604,0.8184620691065788,-0.645029178815229,0.8558823529411764,0.9926470588235294,0.21132941176470588,1.345961058139801,0.5,27.0,0.0,20.0,False
env_obs_noise,0.3,0.12054875516364763,0.08843944884256029,0.36572503779430054,0.807356171424308,-0.557782032997076,0.8677745664739884,0.9927745664739884,0.22334913294797687,1.4334099650382996,0.5,28.2,0.0,20.0,False
env_obs_noise,0.3,0.12054875516364763,0.12484985131568332,0.36445431157604247,0.7985563968183652,-0.45621791522933575,0.8762446657183499,0.9928876244665719,0.23193229018492179,1.5337255053222179,0.45,28.22222222222222,0.0,20.0,False
env_obs_noise,0.3,0.12054875516364763,0.17625036765320706,0.36586011014675884,0.7958561662924273,-0.33883599788066476,0.8809859154929578,0.9929577464788732,0.23674366197183105,1.6250978901982307,0.4,27.75,0.0,20.0,False
env_obs_noise,0.3,0.12054875516364763,0.24881240762830165,0.3669053682890858,0.7884222048619243,-0.2047679383689762,0.8836565096952909,0.9930747922437673,0.23953130193905814,1.686706145852804,0.4,29.25,0.0,20.0,False
env_obs_noise,0.3,0.12054875516364763,0.351248142140631,0.36708231269793423,0.7881980345744821,-0.05763487556098917,0.8845089903181189,0.9930843706777317,0.24039336099585062,1.7812249757349492,0.35,28.0,0.0,20.0,False
env_obs_noise,0.3,0.12054875516364763,0.4958565311644505,0.3672482691775711,0.7886842304031709,0.08699916210676938,0.8867403314917127,0.9930939226519337,0.24263425414364648,1.8409809224307536,0.35,28.142857142857142,0.0,20.0,False
env_obs_noise,0.3,0.12054875516364763,0.7,0.367158191703435,0.7874663419776526,0.23410990787513658,0.8865199449793673,0.9931224209078404,0.2424423658872077,1.8616896890103818,0.35,28.571428571428573,0.0,20.0,False
env_obs_noise,0.3,0.17203410349712728,0.0010000000000000002,0.3708327267619677,0.8382232038117677,-0.8368567811701917,0.84375,0.9961890243902439,0.20273902439024394,1.127107635885477,0.55,25.90909090909091,0.0,20.0,False
env_obs_noise,0.3,0.17203410349712728,0.001411698658795815,0.37083272422515595,0.8382396378348703,-0.8339457326570678,0.8460365853658537,0.9961890243902439,0.20502560975609763,1.1326465670019388,0.55,25.90909090909091,0.0,20.0,False
env_obs_noise,0.3,0.17203410349712728,0.0019928931032459026,0.3708327251318651,0.8382627045092509,-0.8298395334716491,0.8460365853658537,0.9961890243902439,0.20502560975609763,1.1404800564050674,0.55,25.90909090909091,0.0,20.0,False
env_obs_noise,0.3,0.17203410349712728,0.00281336452097567,0.3708327276879569,0.8342944931295015,-0.8264086605035046,0.8487841945288754,0.9969604863221885,0.20854468085106392,1.1342011634260416,0.55,26.09090909090909,0.0,20.0,False
env_obs_noise,0.3,0.17203410349712728,0.00397162292096508,0.3708327235538611,0.8343427914650424,-0.8181996095399269,0.8503039513677811,0.9977203647416414,0.21082431610942254,1.1498686023056508,0.55,26.09090909090909,0.0,20.0,False
env_obs_noise,0.3,0.17203410349712728,0.00560673475076912,0.37083272608217444,0.8344097974474112,-0.806759125194007,0.8541033434650456,0.9977203647416414,0.21462370820668697,1.171761579811573,0.55,26.09090909090909,0.0,20.0,False
env_obs_noise,0.3,0.17203410349712728,0.007915019927884653,0.36937363376825033,0.8345023181935342,-0.7946610108093082,0.8562783661119516,0.9977307110438729,0.21680907715582454,1.180256874859333,0.55,26.363636363636363,0.0,20.0,False
env_obs_noise,0.3,0.17203410349712728,0.011173623016536903,0.36784543834792854,0.8346293442789698,-0.7768519304535416,0.8659638554216867,0.9977409638554217,0.22650481927710842,1.1997651766985655,0.55,26.636363636363637,0.0,20.0,False
env_obs_noise,0.3,0.17203410349712728,0.015773788626335192,0.3684961507035453,0.8309260746921403,-0.7475845946578619,0.8679104477611941,0.9992537313432835,0.22996417910447764,1.2254554606974124,0.55,27.181818181818183,0.0,20.0,False
env_obs_noise,0.3,0.17203410349712728,0.02226783624792608,0.36849615073743547,0.8253207600047151,-0.7115216044297565,0.8761127596439169,0.9992581602373887,0.23817091988130557,1.266520620137453,0.55,27.545454545454547,0.0,20.0,False
env_obs_noise,0.3,0.17203410349712728,0.03143547456548206,0.3681498480150543,0.8226419092303656,-0.664954070348659,0.8847858197932054,0.9992614475627769,0.24684726735598228,1.338288990408182,0.5,26.7,0.0,20.0,False
env_obs_noise,0.3,0.17203410349712728,0.044377417282700976,0.3662202710897178,0.8163562297587179,-0.6107999399210718,0.8978102189781022,0.9992700729927008,0.259880291970803,1.3977503448724746,0.5,27.5,0.0,20.0,False
env_obs_noise,0.3,0.17203410349712728,0.06264754045881119,0.3656556775433928,0.806388690122614,-0.5389544716527978,0.9069264069264069,0.9992784992784993,0.26900490620490625,1.4959839440882206,0.5,28.3,0.0,20.0,False
env_obs_noise,0.3,0.17203410349712728,0.08843944884256029,0.3645486651657883,0.7950169073903373,-0.457218776446931,0.9180790960451978,0.9992937853107344,0.2801728813559322,1.5650163374841213,0.45,28.77777777777778,0.0,20.0,False
env_obs_noise,0.3,0.17203410349712728,0.12484985131568332,0.3657693937621444,0.7916157559726905,-0.3640012959245098,0.9254874651810585,0.9993036211699164,0.28759108635097497,1.650500189140439,0.4,28.75,0.0,20.0,False
env_obs_noise,0.3,0.17203410349712728,0.17625036765320706,0.3665155161615432,0.7855632210633506,-0.23762391682423714,0.9264099037138928,0.9993122420907841,0.28852214580467683,1.7532931827008724,0.35,28.571428571428573,0.0,20.0,False
env_obs_noise,0.3,0.17203410349712728,0.24881240762830165,0.36723331278381605,0.7846685528394619,-0.11789324289746578,0.9274965800273598,0.9993160054719562,0.289612585499316,1.8119729727506637,0.35,29.142857142857142,0.0,20.0,False
env_obs_noise,0.3,0.17203410349712728,0.351248142140631,0.36723331400624054,0.7852229388017504,0.015957148547130918,0.9288645690834473,0.9993160054719562,0.2909805745554035,1.8913823887705803,0.35,29.142857142857142,0.0,20.0,False
env_obs_noise,0.3,0.17203410349712728,0.4958565311644505,0.3672333111931887,0.785654738786593,0.15790627661097403,0.9309165526675787,0.9993160054719562,0.2930325581395349,1.950401385873556,0.35,29.142857142857142,0.0,20.0,False
env_obs_noise,0.3,0.17203410349712728,0.7,0.36723331533378045,0.7860131745231999,0.30652680642053326,0.9309165526675787,0.9993160054719562,0.2930325581395349,1.996713723242283,0.35,29.142857142857142,0.0,20.0,False
env_obs_noise,0.3,0.24550840633636933,0.0010000000000000002,0.367845435870266,0.8232696754514848,-0.6622704031076768,0.9108469539375929,1.0,0.27364695393759286,1.352262220904231,0.55,27.454545454545453,0.0,20.0,False
env_obs_noise,0.3,0.24550840633636933,0.001411698658795815,0.36784543446442886,0.8232862588957499,-0.6594739446950948,0.9108469539375929,1.0,0.27364695393759286,1.3574415408074856,0.55,27.454545454545453,0.0,20.0,False
env_obs_noise,0.3,0.24550840633636933,0.0019928931032459026,0.3678454387820399,0.8233096716909045,-0.6555578097078627,0.912332838038633,1.0,0.275132838038633,1.3647272281348706,0.55,27.454545454545453,0.0,20.0,False
env_obs_noise,0.3,0.24550840633636933,0.00281336452097567,0.3684961511724937,0.8224841287826101,-0.6488892564711723,0.9113737075332349,1.0,0.2741737075332349,1.362605707347393,0.55,27.818181818181817,0.0,20.0,False
env_obs_noise,0.3,0.24550840633636933,0.00397162292096508,0.3684961479890926,0.8225355651728705,-0.6413327327854371,0.9121122599704579,1.0,0.2749122599704579,1.3753910548985004,0.55,27.818181818181817,0.0,20.0,False
env_obs_noise,0.3,0.24550840633636933,0.00560673475076912,0.36849615132643143,0.8226078073991496,-0.6309024060447616,0.9121122599704579,1.0,0.2749122599704579,1.393372043222189,0.55,27.818181818181817,0.0,20.0,False
env_obs_noise,0.3,0.24550840633636933,0.007915019927884653,0.36849615008357606,0.8227088105932225,-0.6166312331951763,0.914327917282127,1.0,0.27712791728212705,1.4186275500804186,0.55,27.818181818181817,0.0,20.0,False
env_obs_noise,0.3,0.24550840633636933,0.011173623016536903,0.36769607837629437,0.8164978121851909,-0.6010269598060398,0.9193548387096774,1.0,0.2821548387096774,1.4181712549179792,0.55,28.272727272727273,0.0,20.0,False
env_obs_noise,0.3,0.24550840633636933,0.015773788626335192,0.3673534030682253,0.8137792552861653,-0.5773294071924552,0.9240875912408759,1.0,0.2868875912408759,1.4452001497149467,0.5,27.5,0.0,20.0,False
env_obs_noise,0.3,0.24550840633636933,0.02226783624792608,0.36677635054340857,0.8106140702003313,-0.5461804609682459,0.9281567489114659,1.0,0.29095674891146595,1.4792881079018116,0.5,27.9,0.0,20.0,False
env_obs_noise,0.3,0.24550840633636933,0.03143547456548206,0.3656556805902672,0.8078454428802605,-0.5059691646488026,0.9344380403458213,1.0,0.29723804034582135,1.5359423868358135,0.5,28.4,0.0,20.0,False
env_obs_noise,0.3,0.24550840633636933,0.044377417282700976,0.36459686763553806,0.7988876452582826,-0.45506765896818757,0.9409672830725462,1.0,0.3037672830725462,1.5996325101703406,0.45,28.22222222222222,0.0,20.0,False
env_obs_noise,0.3,0.24550840633636933,0.06264754045881119,0.36437926117944797,0.7879130427980493,-0.39348915914145866,0.9490934449093444,1.0,0.31189344490934445,1.669392540305853,0.45,29.77777777777778,0.0,20.0,False
env_obs_noise,0.3,0.24550840633636933,0.08843944884256029,0.36651551374231356,0.7808220740293781,-0.30998502705983444,0.9527397260273973,1.0,0.3155397260273973,1.7363981626927854,0.4,30.25,0.0,20.0,False
env_obs_noise,0.3,0.24550840633636933,0.12484985131568332,0.36723331541161885,0.7791852338007046,-0.2157412232334037,0.9565217391304348,1.0,0.3193217391304348,1.8267817627638578,0.35,29.857142857142858,0.0,20.0,False
env_obs_noise,0.3,0.24550840633636933,0.17625036765320706,0.36723331361179434,0.7798325090800122,-0.10910330093575336,0.9578804347826086,1.0,0.32068043478260866,1.9303189266473055,0.35,29.857142857142858,0.0,20.0,False
env_obs_noise,0.3,0.24550840633636933,0.24881240762830165,0.36723331328516456,0.7789086411842696,0.00862585445674716,0.9592944369063772,1.0,0.3220944369063772,2.0155159305781125,0.35,30.0,0.0,20.0,False
env_obs_noise,0.3,0.24550840633636933,0.351248142140631,0.3672333165278961,0.7779974555288462,0.13745361533894407,0.962059620596206,1.0,0.324859620596206,2.081989023834467,0.35,30.142857142857142,0.0,20.0,False
env_obs_noise,0.3,0.24550840633636933,0.4958565311644505,0.3672333149422317,0.7759724215184914,0.2770974009706582,0.9621621621621622,1.0,0.3249621621621622,2.1223964665085076,0.35,30.428571428571427,0.0,20.0,False
env_obs_noise,0.3,0.24550840633636933,0.7,0.36723331633494904,0.7763381183879803,0.4231184597735904,0.9621621621621622,1.0,0.3249621621621622,2.1696879882365465,0.35,30.428571428571427,0.0,20.0,False
env_obs_noise,0.3,0.35036295918402205,0.0010000000000000002,0.3656937472751179,0.8070053102275785,-0.44151661209561416,0.9433285509325682,1.0,0.3061285509325682,1.6304031759500504,0.45,27.555555555555557,0.0,20.0,False
env_obs_noise,0.3,0.35036295918402205,0.001411698658795815,0.365693750746457,0.8070225735182066,-0.4391568069431443,0.9440459110473458,1.0,0.3068459110473458,1.634816113114357,0.45,27.555555555555557,0.0,20.0,False
env_obs_noise,0.3,0.35036295918402205,0.0019928931032459026,0.3656937502867244,0.8055317188796013,-0.43650108647239516,0.9441260744985673,1.0,0.30692607449856735,1.6361590050160886,0.45,27.666666666666668,0.0,20.0,False
env_obs_noise,0.3,0.35036295918402205,0.00281336452097567,0.365693749845539,0.8039968216946023,-0.43262040270600327,0.9449213161659513,1.0,0.30772131616595133,1.6373427148908377,0.45,27.77777777777778,0.0,20.0,False
env_obs_noise,0.3,0.35036295918402205,0.00397162292096508,0.3656937515374338,0.8040396290885035,-0.4261661000708453,0.9463519313304721,1.0,0.30915193133047214,1.6495946019887924,0.45,27.77777777777778,0.0,20.0,False
env_obs_noise,0.3,0.35036295918402205,0.00560673475076912,0.36569375038965923,0.8040995120632398,-0.417255259727248,0.9477825464949928,1.0,0.31058254649499284,1.6668629061430693,0.45,27.77777777777778,0.0,20.0,False
env_obs_noise,0.3,0.35036295918402205,0.007915019927884653,0.3656937488959266,0.802663637168485,-0.405776541571517,0.9521428571428572,1.0,0.3149428571428572,1.6838301822543145,0.45,27.88888888888889,0.0,20.0,False
env_obs_noise,0.3,0.35036295918402205,0.011173623016536903,0.36569375249509817,0.8006614707599001,-0.38964145380184967,0.9536376604850214,1.0,0.3164376604850214,1.7113441366702318,0.45,28.0,0.0,20.0,False
env_obs_noise,0.3,0.35036295918402205,0.015773788626335192,0.3645968639776044,0.7988874744880272,-0.3700002497694642,0.9574468085106383,1.0,0.32024680851063836,1.7326125867664814,0.45,28.444444444444443,0.0,20.0,False
env_obs_noise,0.3,0.35036295918402205,0.02226783624792608,0.366108390569752,0.7921347629754222,-0.34434614208906855,0.9607843137254902,1.0,0.32358431372549024,1.7353479497134685,0.4,28.25,0.0,20.0,False
env_obs_noise,0.3,0.35036295918402205,0.03143547456548206,0.3658955144773838,0.7892659011273883,-0.30652225414185263,0.9665271966527197,1.0,0.3293271966527197,1.809859861806035,0.4,28.625,0.0,20.0,False
env_obs_noise,0.3,0.35036295918402205,0.044377417282700976,0.3656878274089809,0.7810203334362804,-0.2662371335075376,0.9705479452054795,1.0,0.3333479452054795,1.8452241197228432,0.4,30.25,0.0,20.0,False
env_obs_noise,0.3,0.35036295918402205,0.06264754045881119,0.36723331646029245,0.773771927091521,-0.20141159748795978,0.9709851551956815,1.0,0.3337851551956815,1.9171473428606987,0.35,30.571428571428573,0.0,20.0,False
env_obs_noise,0.3,0.35036295918402205,0.08843944884256029,0.36723331051036834,0.7721412329152908,-0.12843752005055248,0.9757738896366084,1.0,0.3385738896366084,2.017885394766927,0.35,30.857142857142858,0.0,20.0,False
env_obs_noise,0.3,0.35036295918402205,0.12484985131568332,0.3672333134917284,0.76898291408629,-0.04101310663009518,0.9759036144578314,1.0,0.33870361445783137,2.111901895701885,0.35,31.428571428571427,0.0,20.0,False
env_obs_noise,0.3,0.35036295918402205,0.17625036765320706,0.3672333142913548,0.7686799892050044,0.059285520770284476,0.9779411764705882,1.0,0.3407411764705882,2.198976906388998,0.35,31.571428571428573,0.0,20.0,False
env_obs_noise,0.3,0.35036295918402205,0.24881240762830165,0.3672514092703698,0.7678613812450232,0.1675270286678292,0.9800531914893617,1.0,0.34285319148936166,2.2416858047246935,0.35,32.142857142857146,0.0,20.0,False
env_obs_noise,0.3,0.35036295918402205,0.351248142140631,0.36725140684457935,0.766906695771974,0.29121880769345304,0.9807436918990704,1.0,0.3435436918990704,2.293342762440443,0.35,32.285714285714285,0.0,20.0,False
env_obs_noise,0.3,0.35036295918402205,0.4958565311644505,0.36725140741499585,0.7672019503437629,0.4244042587147523,0.9807436918990704,1.0,0.3435436918990704,2.322895921394229,0.3,31.166666666666668,0.0,20.0,False
env_obs_noise,0.3,0.35036295918402205,0.7,0.36725141276442386,0.7674918042952353,0.5663355382188406,0.9807436918990704,1.0,0.3435436918990704,2.3564835384488108,0.3,31.166666666666668,0.0,20.0,False
env_obs_noise,0.3,0.5,0.0010000000000000002,0.3657536986731994,0.7808434584106406,-0.19422686737503603,0.9795361527967258,1.0,0.3423361527967258,1.9667194962501526,0.4,30.625,0.0,20.0,False
env_obs_noise,0.3,0.5,0.001411698658795815,0.36575370545360303,0.7808581273851958,-0.19230950994933077,0.9795361527967258,1.0,0.3423361527967258,1.9709127485752105,0.4,30.625,0.0,20.0,False
env_obs_noise,0.3,0.5,0.0019928931032459026,0.3657537026164965,0.7808786774637351,-0.18962233169312806,0.980218281036835,1.0,0.34301828103683496,1.9768212854862213,0.4,30.625,0.0,20.0,False
env_obs_noise,0.3,0.5,0.00281336452097567,0.36575369781664907,0.7809074813837293,-0.18586713920729553,0.980218281036835,1.0,0.34301828103683496,1.9851388581097127,0.4,30.625,0.0,20.0,False
env_obs_noise,0.3,0.5,0.00397162292096508,0.3655816806413461,0.7790234805807976,-0.18264905218781377,0.9816824966078698,1.0,0.3444824966078698,1.9812361378222705,0.4,31.125,0.0,20.0,False
env_obs_noise,0.3,0.5,0.00560673475076912,0.3655816815389202,0.7790825012552298,-0.1754369346404038,0.9823609226594301,1.0,0.3451609226594301,1.997151578217745,0.4,31.125,0.0,20.0,False
env_obs_noise,0.3,0.5,0.007915019927884653,0.36632014775173466,0.779165311322374,-0.16620074424588085,0.9824086603518268,1.0,0.34520866035182685,2.014064945280552,0.4,31.375,0.0,20.0,False
env_obs_noise,0.3,0.5,0.011173623016536903,0.3665639867920182,0.7757478012539493,-0.15465288722669096,0.9838492597577388,1.0,0.34664925975773886,2.021779025346041,0.4,31.875,0.0,20.0,False
env_obs_noise,0.3,0.5,0.015773788626335192,0.3667363075284076,0.7745470817785072,-0.1363196081694773,0.9845222072678331,1.0,0.34732220726783314,2.0593470335006714,0.4,31.875,0.0,20.0,False
env_obs_noise,0.3,0.5,0.02226783624792608,0.36719578030095945,0.7688067337350012,-0.11055545959722347,0.9860186418109188,1.0,0.3488186418109188,2.0994337774813174,0.35,32.0,0.0,20.0,False
env_obs_noise,0.3,0.5,0.03143547456548206,0.3671957764905769,0.7692147472657055,-0.07762400890682827,0.9866844207723036,1.0,0.3494844207723036,2.16747472807765,0.35,32.0,0.0,20.0,False
env_obs_noise,0.3,0.5,0.044377417282700976,0.36699451176920084,0.768390083313781,-0.03742335031808642,0.9880636604774535,1.0,0.35086366047745354,2.2383072331547735,0.35,32.42857142857143,0.0,20.0,False
env_obs_noise,0.3,0.5,0.06264754045881119,0.36718823225722513,0.767505828586037,0.01184790072140702,0.9901185770750988,1.0,0.35291857707509877,2.3013787645846606,0.35,33.142857142857146,0.0,20.0,False
env_obs_noise,0.3,0.5,0.08843944884256029,0.3671882289600805,0.7679923393369337,0.07550592265435926,0.9914361001317523,1.0,0.35423610013175233,2.3839613080024717,0.35,33.142857142857146,0.0,20.0,False
env_obs_noise,0.3,0.5,0.12484985131568332,0.3671882313619008,0.7684876286975733,0.1514347207915355,0.9927536231884058,1.0,0.3555536231884058,2.455583746731281,0.35,33.142857142857146,0.0,20.0,False
env_obs_noise,0.3,0.5,0.17625036765320706,0.36718823438465026,0.767425630671738,0.2403794337675382,0.9927631578947368,1.0,0.3555631578947368,2.502931026369333,0.3,32.333333333333336,0.0,20.0,False
env_obs_noise,0.3,0.5,0.24881240762830165,0.3671882334996064,0.7678039283102898,0.3415927282871934,0.993421052631579,1.0,0.356221052631579,2.550205199420452,0.3,32.333333333333336,0.0,20.0,False
env_obs_noise,0.3,0.5,0.351248142140631,0.3671882300790115,0.7680252649987647,0.45472240384426416,0.993421052631579,1.0,0.356221052631579,2.5755915977060795,0.3,32.333333333333336,0.0,20.0,False
env_obs_noise,0.3,0.5,0.4958565311644505,0.3671882341586813,0.7683131423170577,0.5788535424222636,0.993421052631579,1.0,0.356221052631579,2.608426281064749,0.3,32.333333333333336,0.0,20.0,False
env_obs_noise,0.3,0.5,0.7,0.36718823375142545,0.7683211007669167,0.7127439149473876,0.993421052631579,1.0,0.356221052631579,2.6093316242098807,0.3,32.333333333333336,0.0,20.0,False
