sweep_param,sweep_value,sigma_visible,odom_noise,mean_err_visible,mean_err_occluded,calibration_nll,coverage_1sigma,coverage_2sigma,coverage_deviation,mean_final_dist,advance_rate,mean_steps_to_advance,false_advance_rate,n_episodes,viable
baseline,,0.00010000000000000009,0.00010000000000000009,0.12277364729739673,0.7730119382415124,70.71950417006799,0.14814814814814814,0.2202729044834308,1.2687789473684212,0.34615280777215957,1.0,24.65,0.0,20.0,False
baseline,,0.00010000000000000009,0.00020706272838739032,0.12277364734704956,0.7730133813202059,59.77067619168504,0.1608187134502924,0.23489278752436646,1.241488499025341,0.34647931531071663,1.0,24.65,0.0,20.0,False
baseline,,0.00010000000000000009,0.0004287497348723022,0.12277364612594677,0.7730365153358696,52.9951515208027,0.1793372319688109,0.2787524366471735,1.1791103313840154,0.3507459446787834,1.0,24.65,0.0,20.0,False
baseline,,0.00010000000000000009,0.0008877808989802905,0.12277364828604617,0.7702176607170519,49.17036614008117,0.19941634241245138,0.33073929961089493,1.1070443579766536,0.35337619185447694,1.0,24.7,0.0,20.0,False
baseline,,0.00010000000000000009,0.001838263351530691,0.12238418917586733,0.7678184139868743,47.13472275960654,0.2451550387596899,0.4021317829457364,0.9899131782945737,0.36112622246146203,1.0,24.8,0.0,20.0,False
baseline,,0.00010000000000000009,0.003806358250624933,0.12220973768426205,0.7628328630779161,46.0167016890179,0.3,0.4634615384615385,0.8737384615384616,0.37660628780722616,1.0,25.0,0.0,20.0,False
baseline,,0.00010000000000000009,0.00788154924594252,0.12214529632877102,0.7565564156965355,45.49186002279239,0.37213740458015265,0.5076335877862596,0.7574290076335878,0.3955440491437912,0.95,24.473684210526315,0.0,20.0,False
baseline,,0.00010000000000000009,0.01631975090784437,0.12269552358411707,0.7504645686387658,46.14262834984406,0.4331450094161959,0.5263653483992468,0.6776896421845573,0.4340552851557732,0.9,24.055555555555557,0.0,20.0,False
baseline,,0.00010000000000000009,0.03379212149580846,0.12258642542879787,0.721544759225962,45.170883697581985,0.4807692307692308,0.5467032967032966,0.6097274725274726,0.4600856713950634,0.9,24.88888888888889,0.0,20.0,False
baseline,,0.00010000000000000009,0.0699708887492028,0.12361351154956055,0.6844282860964004,44.9449609579957,0.5122591943957968,0.5595446584938704,0.5653961471103328,0.5351685896515846,0.85,25.529411764705884,0.0,20.0,False
baseline,,0.00010000000000000009,0.14488363132100487,0.12365977001780677,0.6583090131697668,44.65952876788939,0.5231788079470199,0.5604304635761589,0.5535907284768212,0.6021674618124961,0.8,26.75,0.0,20.0,False
baseline,,0.00010000000000000009,0.3,0.12318488293304579,0.6599655491801328,45.28633851484087,0.5137540453074434,0.551779935275081,0.5716660194174756,0.6958662375807763,0.75,26.866666666666667,0.0,20.0,False
baseline,,0.00020706272838739032,0.00010000000000000009,0.12277364729739673,0.7730119382415124,38.34475579408087,0.1617933723196881,0.260233918128655,1.215172709551657,0.34615280777215957,1.0,24.65,0.0,20.0,False
baseline,,0.00020706272838739032,0.00020706272838739032,0.12277364733375229,0.7730139015131423,30.98270645782266,0.17348927875243664,0.27680311890838205,1.1869076023391814,0.34653383642435076,1.0,24.65,0.0,20.0,False
baseline,,0.00020706272838739032,0.0004287497348723022,0.12277364692095415,0.7730380255059915,25.809495748614896,0.19200779727095516,0.3226120857699805,1.1225801169590643,0.3510905556380749,1.0,24.65,0.0,20.0,False
baseline,,0.00020706272838739032,0.0008877808989802905,0.1227736472904283,0.7702207467838974,22.61157924182108,0.21011673151750973,0.36964980544747084,1.0574334630350193,0.35400032848119733,1.0,24.7,0.0,20.0,False
baseline,,0.00020706272838739032,0.001838263351530691,0.1223841866941591,0.7678223680798891,20.849596911049378,0.25775193798449614,0.437015503875969,0.9424325581395349,0.3617590770125389,1.0,24.8,0.0,20.0,False
baseline,,0.00020706272838739032,0.003806358250624933,0.12220973752214834,0.7628375995690843,19.95218013667702,0.31153846153846154,0.49903846153846154,0.8266230769230769,0.3772738166153431,1.0,25.0,0.0,20.0,False
baseline,,0.00020706272838739032,0.00788154924594252,0.12214529407769074,0.7565594198464258,19.58422481704762,0.383587786259542,0.5419847328244275,0.7116274809160306,0.39602476432919503,0.95,24.473684210526315,0.0,20.0,False
baseline,,0.00020706272838739032,0.01631975090784437,0.1226955224089986,0.7504668362554276,19.907699020172107,0.4453860640301318,0.5602636534839924,0.6315502824858757,0.43438859209418296,0.9,24.055555555555557,0.0,20.0,False
baseline,,0.00020706272838739032,0.03379212149580846,0.1225864253262011,0.7215463862468195,19.548465872995568,0.4926739926739927,0.5796703296703297,0.5648556776556776,0.4603387273848057,0.9,24.88888888888889,0.0,20.0,False
baseline,,0.00020706272838739032,0.0699708887492028,0.12361351201033817,0.6844300559594554,19.603739221936376,0.5236427320490368,0.5910683012259195,0.5224889667250437,0.5353612393140793,0.85,25.529411764705884,0.0,20.0,False
baseline,,0.00020706272838739032,0.14488363132100487,0.12365976986219356,0.6583104258178787,19.61143323893052,0.5347682119205298,0.5910596026490066,0.5113721854304636,0.6022882908582687,0.8,26.75,0.0,20.0,False
baseline,,0.00020706272838739032,0.3,0.1231848820254347,0.6599664572370322,20.02139800734509,0.5258899676375405,0.5841423948220065,0.527167637540453,0.6959303915500641,0.75,26.866666666666667,0.0,20.0,False
baseline,,0.0004287497348723022,0.00010000000000000009,0.12277364729739673,0.7730119382415124,19.86125363456736,0.19883040935672514,0.3362573099415205,1.1021122807017543,0.34615280777215957,1.0,24.65,0.0,20.0,False
baseline,,0.0004287497348723022,0.00020706272838739032,0.12277364732383919,0.7730153672352754,15.599774786854502,0.21052631578947367,0.3557504873294347,1.0709231968810915,0.3466883458197117,1.0,24.65,0.0,20.0,False
baseline,,0.0004287497348723022,0.0004287497348723022,0.12277364736956056,0.7730411500259349,12.141307147097706,0.22612085769980506,0.4015594541910331,1.0095196881091617,0.35186328142881396,1.0,24.65,0.0,20.0,False
baseline,,0.0004287497348723022,0.0008877808989802905,0.12277364915134376,0.7702270795949462,9.72996509556876,0.24124513618677043,0.4406614785992218,0.9552933852140078,0.35526984073221685,1.0,24.7,0.0,20.0,False
baseline,,0.0004287497348723022,0.001838263351530691,0.12238418849472472,0.7678302624129638,8.287434831722626,0.29069767441860467,0.5058139534883721,0.8406883720930232,0.3630548406392336,1.0,24.8,0.0,20.0,False
baseline,,0.0004287497348723022,0.003806358250624933,0.1222097371727994,0.7628474237215547,7.552604080019525,0.3403846153846154,0.5634615384615385,0.7333538461538461,0.378641127422452,1.0,25.0,0.0,20.0,False
baseline,,0.0004287497348723022,0.00788154924594252,0.1221452951033287,0.7565656709306308,7.273640994887084,0.41412213740458015,0.6068702290076335,0.6162076335877863,0.39701501950621604,0.95,24.473684210526315,0.0,20.0,False
baseline,,0.0004287497348723022,0.01631975090784437,0.12269552163815398,0.7504714333521035,7.4419514747224325,0.4755178907721281,0.623352165725047,0.5383299435028248,0.4350776746869087,0.9,24.055555555555557,0.0,20.0,False
baseline,,0.0004287497348723022,0.03379212149580846,0.12258642691705109,0.7215497566035852,7.374570686574476,0.5228937728937729,0.641941391941392,0.4723648351648351,0.46086243689060213,0.9,24.88888888888889,0.0,20.0,False
baseline,,0.0004287497348723022,0.0699708887492028,0.12361351117654476,0.6844337689221963,7.560047439826406,0.553415061295972,0.6506129597197898,0.4331719789842382,0.5357595257461071,0.85,25.529411764705884,0.0,20.0,False
baseline,,0.0004287497348723022,0.14488363132100487,0.12365977077357439,0.6583134646353613,7.707891466868212,0.5629139072847682,0.6506622516556292,0.4236238410596026,0.6025385275483132,0.8,26.75,0.0,20.0,False
baseline,,0.0004287497348723022,0.3,0.12318488414779946,0.6599682517729243,8.016589673020224,0.5542071197411004,0.6440129449838188,0.43897993527508083,0.6960627637803555,0.75,26.866666666666667,0.0,20.0,False
baseline,,0.0008877808989802905,0.00010000000000000009,0.12277364729739673,0.7730119363994666,9.02255237469953,0.24951267056530213,0.4395711500974659,0.948116179337232,0.3461714215576649,1.0,24.65,0.0,20.0,False
baseline,,0.0008877808989802905,0.00020706272838739032,0.1227736470115002,0.7730193804819102,6.946823076072283,0.2543859649122807,0.4619883040935672,0.9208257309941521,0.34731774404644966,1.0,24.65,0.0,20.0,False
baseline,,0.0008877808989802905,0.0004287497348723022,0.1227736471562788,0.7730487613084417,4.964533341392477,0.26705653021442494,0.49122807017543857,0.8789153996101364,0.35382108613848684,1.0,24.65,0.0,20.0,False
baseline,,0.0008877808989802905,0.0008877808989802905,0.1227736486790838,0.7702425056858698,3.3762781358857,0.2840466926070039,0.5262645914396887,0.8268887159533074,0.35815948359668254,1.0,24.7,0.0,20.0,False
baseline,,0.0008877808989802905,0.001838263351530691,0.12238418559606538,0.7678519134659119,2.312909220354172,0.3323643410852713,0.5891472868217055,0.7156883720930232,0.3662925519049168,1.0,24.8,0.0,20.0,False
baseline,,0.0008877808989802905,0.003806358250624933,0.12214529717893986,0.7628671211217575,1.7351613839326623,0.381957773512476,0.6449136276391555,0.6103285988483684,0.3697478547692299,1.0,25.05,0.0,20.0,False
baseline,,0.0008877808989802905,0.00788154924594252,0.12266127021140642,0.7565785974459519,1.6065229478309964,0.4524714828897338,0.6806083650190115,0.5041201520912547,0.37771427556872367,0.95,24.57894736842105,0.0,20.0,False
baseline,,0.0008877808989802905,0.01631975090784437,0.12269552355751832,0.7504810249482516,1.6262126303017026,0.512241054613936,0.6977401129943502,0.42721883239171377,0.43649779856204984,0.9,24.055555555555557,0.0,20.0,False
baseline,,0.0008877808989802905,0.03379212149580846,0.12258642521655841,0.7215565576581373,1.696057847479968,0.5567765567765568,0.7142857142857143,0.3661377289377289,0.4619442172348499,0.9,24.88888888888889,0.0,20.0,False
baseline,,0.0008877808989802905,0.0699708887492028,0.12361350989306799,0.684441643884203,1.938663962042004,0.5858143607705779,0.7197898423817863,0.33159579684763574,0.5365832261741161,0.85,25.529411764705884,0.0,20.0,False
baseline,,0.0008877808989802905,0.14488363132100487,0.123659771837728,0.6583195277074146,2.152630663515042,0.5943708609271523,0.7210264900662252,0.3218026490066225,0.6030560418963432,0.8,26.75,0.0,20.0,False
baseline,,0.0008877808989802905,0.3,0.12334291226122214,0.6599720472816161,2.428206427372866,0.5864297253634895,0.715670436187399,0.3350998384491115,0.6847936645150184,0.75,26.933333333333334,0.0,20.0,False
baseline,,0.001838263351530691,0.00010000000000000009,0.1227736462629078,0.7730169871700935,2.838412106171753,0.32651072124756336,0.5682261208576999,0.7424631578947367,0.347026402503252,1.0,24.65,0.0,20.0,False
baseline,,0.001838263351530691,0.00020706272838739032,0.12277364758291746,0.7730340109290058,2.008117201797359,0.3304093567251462,0.5857699805068226,0.7210206627680311,0.35078253615647553,1.0,24.65,0.0,20.0,False
baseline,,0.001838263351530691,0.0004287497348723022,0.12277364784103682,0.7702007256545937,1.0493787100137748,0.3414396887159533,0.6070038910505836,0.6887564202334631,0.3484161637723446,1.0,24.7,0.0,20.0,False
baseline,,0.001838263351530691,0.0008877808989802905,0.1227736484873892,0.7702875472665695,0.16935761376437458,0.36284046692607,0.6391050583657587,0.6352544747081712,0.36557843200862405,1.0,24.7,0.0,20.0,False
baseline,,0.001838263351530691,0.001838263351530691,0.1223841874899349,0.7656693559862626,-0.512477764761887,0.4090909090909091,0.6934235976789168,0.5346854932301741,0.3635655153542757,1.0,24.85,0.0,20.0,False
baseline,,0.001838263351530691,0.003806358250624933,0.12214529428360146,0.7629062628143285,-0.9090132937243479,0.4491362763915547,0.7428023032629558,0.4452614203454895,0.3752691138535738,1.0,25.05,0.0,20.0,False
baseline,,0.001838263351530691,0.00788154924594252,0.12266127093789955,0.7566045410615754,-1.0169458523561934,0.5161596958174905,0.7718631178707225,0.34917718631178696,0.381769959628582,0.95,24.57894736842105,0.0,20.0,False
baseline,,0.001838263351530691,0.01631975090784437,0.12269552349517705,0.7505005247859381,-0.9772721308396052,0.5753295668549906,0.7890772128060264,0.272793220338983,0.4394116163253784,0.9,24.055555555555557,0.0,20.0,False
baseline,,0.001838263351530691,0.03379212149580846,0.12258642603256995,0.721570718294559,-0.8445463585260374,0.6181318681318682,0.8021978021978022,0.2168703296703296,0.4641744181513786,0.9,24.88888888888889,0.0,20.0,False
baseline,,0.001838263351530691,0.0699708887492028,0.1236135097947794,0.684457730832638,-0.580425915087572,0.6444833625218914,0.8064798598949212,0.18623677758318735,0.5382854320108891,0.85,25.529411764705884,0.0,20.0,False
baseline,,0.001838263351530691,0.14488363132100487,0.12365977268996106,0.6583321319697374,-0.3363886074938531,0.6539735099337748,0.8054635761589404,0.17776291390728483,0.6041270583868027,0.8,26.75,0.0,20.0,False
baseline,,0.001838263351530691,0.3,0.12334291251333938,0.6599798656654157,-0.08869742335294245,0.6462035541195477,0.802907915993538,0.18808852988691438,0.6853593915700913,0.75,26.933333333333334,0.0,20.0,False
baseline,,0.003806358250624933,0.00010000000000000009,0.12277364939836471,0.7679554955526583,-0.3944466718350665,0.4407766990291262,0.7203883495145631,0.4760349514563107,0.36502438560128214,1.0,24.75,0.0,20.0,False
baseline,,0.003806358250624933,0.00020706272838739032,0.12277364901594984,0.7679792528883683,-0.6644843423489084,0.4407766990291262,0.7281553398058253,0.46826796116504854,0.369601047411561,1.0,24.75,0.0,20.0,False
baseline,,0.003806358250624933,0.0004287497348723022,0.12277365124983859,0.7680242789402286,-1.0321080996735263,0.4475728155339806,0.7456310679611651,0.4439961165048543,0.3782618701457977,1.0,24.75,0.0,20.0,False
baseline,,0.003806358250624933,0.0008877808989802905,0.12238418738493226,0.7681064075972563,-1.4457351698844785,0.4786821705426357,0.7693798449612403,0.38913798449612397,0.38443436548113824,1.0,24.8,0.0,20.0,False
baseline,,0.003806358250624933,0.001838263351530691,0.12238418999132476,0.7630060236696471,-1.7898774920503284,0.5038535645472062,0.8102119460500964,0.3231344894026974,0.3885952666401863,1.0,24.95,0.0,20.0,False
baseline,,0.003806358250624933,0.003806358250624933,0.12214529556605404,0.761573320022234,-2.0234737364598137,0.5469348659003831,0.8505747126436781,0.23969042145593877,0.3869134269654751,0.95,24.36842105263158,0.0,20.0,False
baseline,,0.003806358250624933,0.00788154924594252,0.12266126976588859,0.7525284538708383,-2.0875301889111806,0.6060606060606061,0.8702651515151515,0.16087424242424242,0.39292935132980344,0.95,24.68421052631579,0.0,20.0,False
baseline,,0.003806358250624933,0.01631975090784437,0.12258014375393517,0.7457011065527257,-2.0317601581491007,0.6591760299625468,0.8867041198501873,0.09131985018726596,0.43739408776164057,0.9,24.22222222222222,0.0,20.0,True
baseline,,0.003806358250624933,0.03379212149580846,0.12258642567908354,0.7198409212399136,-1.868942000022212,0.6974405850091407,0.896709323583181,0.07253126142595978,0.48124039769172666,0.9,24.944444444444443,0.0,20.0,True
baseline,,0.003806358250624933,0.0699708887492028,0.12360634681187439,0.6829997501150439,-1.6036949185109932,0.7181500872600349,0.8987783595113438,0.0911717277486912,0.545968509465456,0.85,25.647058823529413,0.0,20.0,True
baseline,,0.003806358250624933,0.14488363132100487,0.12346411047459302,0.6587641386651198,-1.3498730102818055,0.7289256198347107,0.9,0.10072561983471073,0.6204554490745068,0.8,26.8125,0.0,20.0,True
baseline,,0.003806358250624933,0.3,0.12301676855026682,0.6590142484898003,-1.111910300914186,0.7246376811594203,0.8977455716586151,0.0986921095008052,0.695801105350256,0.75,27.066666666666666,0.0,20.0,True
baseline,,0.00788154924594252,0.00010000000000000009,0.1222028141803645,0.76351676002708,-1.803130756331515,0.5681381957773513,0.8464491362763915,0.22261266794625723,0.39705903455615044,1.0,25.05,0.0,20.0,False
baseline,,0.00788154924594252,0.00020706272838739032,0.12220281368284767,0.7618784916970818,-1.868202105866377,0.5670498084291188,0.8524904214559387,0.21765977011494253,0.3907406896352768,1.0,25.1,0.0,20.0,False
baseline,,0.00788154924594252,0.0004287497348723022,0.12220281335788163,0.7619115833101717,-1.9857321707153273,0.5756704980842912,0.8620689655172413,0.1994605363984675,0.3971320383250713,1.0,25.1,0.0,20.0,False
baseline,,0.00788154924594252,0.0008877808989802905,0.12220281672915252,0.7619748328265947,-2.1376410287029284,0.592911877394636,0.8831417624521073,0.16114636015325667,0.409308398514986,1.0,25.1,0.0,20.0,False
baseline,,0.00788154924594252,0.001838263351530691,0.122030226845125,0.7592626596246328,-2.295262279572624,0.6173664122137404,0.9112595419847328,0.10857404580152674,0.41067037507891657,1.0,25.2,0.0,20.0,True
baseline,,0.00788154924594252,0.003806358250624933,0.12187998997164053,0.7529076206149822,-2.3985744687098345,0.6534090909090909,0.9299242424242424,0.05386666666666662,0.3970614194869995,0.95,24.68421052631579,0.0,20.0,True
baseline,,0.00788154924594252,0.00788154924594252,0.12267844232409203,0.750205016522772,-2.4051455567923243,0.7062146892655368,0.9444444444444444,0.03357024482109239,0.431631925702095,0.9,24.055555555555557,0.0,20.0,True
baseline,,0.00788154924594252,0.01631975090784437,0.12299023552725039,0.7394753926280423,-2.320499923371475,0.7592936802973977,0.9553903345724907,0.07748401486988843,0.462597469240427,0.9,24.444444444444443,0.0,20.0,True
baseline,,0.00788154924594252,0.03379212149580846,0.12298993671914576,0.7145835692664682,-2.1511864698830974,0.7862318840579711,0.9628623188405797,0.11189420289855079,0.5000475615262985,0.9,25.22222222222222,0.0,20.0,True
baseline,,0.00788154924594252,0.0699708887492028,0.12383691440351777,0.6817575563814415,-1.8934562403370776,0.8052173913043478,0.9626086956521739,0.13062608695652167,0.5960589274764061,0.85,25.764705882352942,0.0,20.0,True
baseline,,0.00788154924594252,0.14488363132100487,0.1237081735523777,0.6582472526300606,-1.6539244119239724,0.8117839607201309,0.9631751227495908,0.13775908346972177,0.6151361435651779,0.75,26.4,0.0,20.0,True
baseline,,0.00788154924594252,0.3,0.12274243971018013,0.6586090753477494,-1.4110174908282942,0.8125,0.9639423076923077,0.13924230769230772,0.7306040845811367,0.75,27.266666666666666,0.0,20.0,True
baseline,,0.01631975090784437,0.00010000000000000009,0.12229401285161012,0.7465561236922953,-2.233552806761813,0.7223264540337712,0.9371482176360225,0.05697823639774868,0.37742550373077394,0.9,24.166666666666668,0.0,20.0,True
baseline,,0.01631975090784437,0.00020706272838739032,0.12229401130769202,0.746567763573008,-2.2485933111546936,0.725140712945591,0.9409005628517824,0.056040150093808694,0.3798730745911598,0.9,24.166666666666668,0.0,20.0,True
baseline,,0.01631975090784437,0.0004287497348723022,0.12229401053062282,0.7465911618179257,-2.2742078020671315,0.7298311444652908,0.9474671669793621,0.05416397748592883,0.3848272651433945,0.9,24.166666666666668,0.0,20.0,True
baseline,,0.01631975090784437,0.0008877808989802905,0.12242765500967746,0.7466375326082421,-2.3128080624933234,0.7406367041198502,0.9578651685393258,0.06130187265917597,0.39582171440124514,0.9,24.22222222222222,0.0,20.0,True
baseline,,0.01631975090784437,0.001838263351530691,0.12308410324050577,0.7467264979823048,-2.3488379147998666,0.7542056074766356,0.9635514018691589,0.08055700934579446,0.4043335556983948,0.9,24.27777777777778,0.0,20.0,True
baseline,,0.01631975090784437,0.003806358250624933,0.12308410355173006,0.7468916711747249,-2.3663263012311173,0.780373831775701,0.9738317757009346,0.11700560747663558,0.43647183403372763,0.9,24.27777777777778,0.0,20.0,True
baseline,,0.01631975090784437,0.00788154924594252,0.1230034600511843,0.739980987547221,-2.3415635772213306,0.8277777777777777,0.9814814814814815,0.17205925925925925,0.44519398361444473,0.9,24.555555555555557,0.0,20.0,False
baseline,,0.01631975090784437,0.01631975090784437,0.12300823401320314,0.7277452984368706,-2.246858283083563,0.8628884826325411,0.9926873857404022,0.21837586837294332,0.4783152788877487,0.9,24.944444444444443,0.0,20.0,False
baseline,,0.01631975090784437,0.03379212149580846,0.12371643129319959,0.7105011750046863,-2.0820124504272113,0.88125,0.9946428571428572,0.23869285714285715,0.527120367437601,0.9,25.666666666666668,0.0,20.0,False
baseline,,0.01631975090784437,0.0699708887492028,0.12377269314904547,0.6672723624168924,-1.830931674452287,0.8998302207130731,0.9949066213921901,0.2575368421052632,0.5695786356925965,0.85,26.58823529411765,0.0,20.0,False
baseline,,0.01631975090784437,0.14488363132100487,0.12324002727586333,0.6559939491352251,-1.6084930946644866,0.907108239095315,0.9951534733441034,0.26506171243941845,0.6330403298139572,0.75,26.933333333333334,0.0,20.0,False
baseline,,0.01631975090784437,0.3,0.12301431832823495,0.6548675523828464,-1.3520709950014014,0.9064976228209192,0.9952456418383518,0.264543264659271,0.749062342569232,0.65,26.0,0.0,20.0,False
baseline,,0.03379212149580846,0.00010000000000000009,0.12336554855170817,0.7329311782146973,-2.1286384787463737,0.8412408759124088,0.9854014598540146,0.18944233576642344,0.41954165808856486,0.9,25.0,0.0,20.0,False
baseline,,0.03379212149580846,0.00020706272838739032,0.12336555032677501,0.7329412813048942,-2.1297035652819316,0.843065693430657,0.9854014598540146,0.1912671532846716,0.42143751829862597,0.9,25.0,0.0,20.0,False
baseline,,0.03379212149580846,0.0004287497348723022,0.12336555144693281,0.7329618599096565,-2.131316552903163,0.8494525547445255,0.9863138686131386,0.19856642335766417,0.42531126365065575,0.9,25.0,0.0,20.0,False
baseline,,0.03379212149580846,0.0008877808989802905,0.12336554937042107,0.730908249182671,-2.1335566156893084,0.8570127504553734,0.98816029143898,0.2079730418943534,0.42573751099407675,0.9,25.055555555555557,0.0,20.0,False
baseline,,0.03379212149580846,0.001838263351530691,0.12336555044594037,0.7297037720817526,-2.129063382658879,0.8672727272727273,0.9881818181818182,0.21825454545454548,0.4311290070414543,0.9,25.11111111111111,0.0,20.0,False
baseline,,0.03379212149580846,0.003806358250624933,0.12336554997847339,0.7298511037676457,-2.112106044037828,0.8881818181818182,0.9927272727272727,0.24370909090909088,0.4602755423635244,0.9,25.11111111111111,0.0,20.0,False
baseline,,0.03379212149580846,0.00788154924594252,0.12339849281446899,0.7209307690355812,-2.071783155505983,0.9163669064748201,0.9973021582733813,0.27646906474820143,0.4556783888489008,0.9,25.444444444444443,0.0,20.0,False
baseline,,0.03379212149580846,0.01631975090784437,0.12365111661581484,0.7116340677823804,-1.97556230928084,0.9332740213523132,1.0,0.2960740213523132,0.4972876474261284,0.9,25.77777777777778,0.0,20.0,False
baseline,,0.03379212149580846,0.03379212149580846,0.1238024527135876,0.6910568670001292,-1.8198034984056404,0.9486062717770035,1.0,0.31140627177700353,0.5543930135667324,0.9,26.444444444444443,0.0,20.0,False
baseline,,0.03379212149580846,0.0699708887492028,0.12357394726934404,0.6620301631248039,-1.5981023956511655,0.961028192371476,1.0,0.323828192371476,0.6082105703651906,0.85,27.41176470588235,0.0,20.0,False
baseline,,0.03379212149580846,0.14488363132100487,0.12277467748879553,0.6542203607125278,-1.3839298790071266,0.967304625199362,1.0,0.330104625199362,0.6961792416870594,0.7,26.642857142857142,0.0,20.0,False
baseline,,0.03379212149580846,0.3,0.1227067252628184,0.6474175723775275,-1.1200205760840847,0.9672386895475819,1.0,0.33003868954758186,0.812834232673049,0.65,26.76923076923077,0.0,20.0,False
baseline,,0.0699708887492028,0.00010000000000000009,0.1231569306131631,0.7064878538948346,-1.750987560588866,0.9369527145359019,0.9973730297723292,0.29712574430823113,0.47829742878675463,0.85,25.529411764705884,0.0,20.0,False
baseline,,0.0699708887492028,0.00020706272838739032,0.12315693004843108,0.7064968981560443,-1.7498020467127047,0.9378283712784589,0.9973730297723292,0.2980014010507881,0.4797786056995392,0.85,25.529411764705884,0.0,20.0,False
baseline,,0.0699708887492028,0.0004287497348723022,0.12315693047544175,0.7065156425064468,-1.7473177457246607,0.9413309982486865,0.9973730297723292,0.3015040280210157,0.4828298702836037,0.85,25.529411764705884,0.0,20.0,False
baseline,,0.0699708887492028,0.0008877808989802905,0.12315693213142516,0.7065539253482088,-1.742075701943087,0.9422066549912435,0.9973730297723292,0.3023796847635727,0.48908066302537917,0.85,25.529411764705884,0.0,20.0,False
baseline,,0.0699708887492028,0.001838263351530691,0.12315693152843807,0.7066316280201136,-1.730976541693268,0.9509632224168126,0.9973730297723292,0.31113625218914187,0.5017411567270755,0.85,25.529411764705884,0.0,20.0,False
baseline,,0.0699708887492028,0.003806358250624933,0.12282726276548468,0.704730056009935,-1.7107069673377937,0.9598603839441536,0.9991273996509599,0.3217877835951135,0.5072143018245697,0.85,25.647058823529413,0.0,20.0,False
baseline,,0.0699708887492028,0.00788154924594252,0.12282726013257736,0.6995521007914222,-1.6662857534056497,0.9678819444444444,1.0,0.33068194444444443,0.5283076226711273,0.85,25.823529411764707,0.0,20.0,False
baseline,,0.0699708887492028,0.01631975090784437,0.12305359616214079,0.6873628552085339,-1.5859181148464854,0.978595890410959,1.0,0.34139589041095897,0.5494108743965626,0.85,26.294117647058822,0.0,20.0,False
baseline,,0.0699708887492028,0.03379212149580846,0.12293590724692284,0.6695013984638291,-1.4493537975332045,0.9858333333333333,1.0,0.34863333333333335,0.5722625503316522,0.8,26.5,0.0,20.0,False
baseline,,0.0699708887492028,0.0699708887492028,0.12249710288033436,0.6554274722998208,-1.2731863709806426,0.9943820224719101,1.0,0.3571820224719101,0.6532523922622204,0.7,26.357142857142858,0.0,20.0,False
baseline,,0.0699708887492028,0.14488363132100487,0.12245083416081172,0.6509853958419533,-1.067872942995225,0.9968798751950078,1.0,0.35967987519500777,0.7892738573253155,0.65,26.76923076923077,0.0,20.0,False
baseline,,0.0699708887492028,0.3,0.12275230558622072,0.6403390876590509,-0.8012279241667943,0.9969418960244648,1.0,0.3597418960244648,0.9378170639276504,0.6,26.833333333333332,0.0,20.0,False
baseline,,0.14488363132100487,0.00010000000000000009,0.12182135010097635,0.6746726562508871,-1.2448818911334185,0.9844517184942717,1.0,0.3472517184942717,0.5705847512930632,0.85,27.88235294117647,0.0,20.0,False
baseline,,0.14488363132100487,0.00020706272838739032,0.12182135116240991,0.6746825745825482,-1.2438268073811252,0.9844517184942717,1.0,0.3472517184942717,0.57177454829216,0.85,27.88235294117647,0.0,20.0,False
baseline,,0.14488363132100487,0.0004287497348723022,0.1218213491228394,0.6727487543858701,-1.2426949357897963,0.9852941176470589,1.0,0.3480941176470589,0.5656293462961912,0.85,27.941176470588236,0.0,20.0,False
baseline,,0.14488363132100487,0.0008877808989802905,0.12182135059825365,0.6727904130339976,-1.2382181623320496,0.9869281045751634,1.0,0.34972810457516346,0.5706785447895527,0.85,27.941176470588236,0.0,20.0,False
baseline,,0.14488363132100487,0.001838263351530691,0.12201411850696166,0.6708883379459537,-1.2308576108726164,0.987785016286645,1.0,0.35058501628664496,0.5631971456110477,0.85,28.058823529411764,0.0,20.0,False
baseline,,0.14488363132100487,0.003806358250624933,0.12201411704518281,0.6691375209865513,-1.2134579700590393,0.9886178861788618,1.0,0.3514178861788618,0.5753119714558125,0.85,28.11764705882353,0.0,20.0,False
baseline,,0.14488363132100487,0.00788154924594252,0.12201411641113037,0.66866351702919,-1.1779378743075046,0.989448051948052,1.0,0.352248051948052,0.6018813103437424,0.8,27.5,0.0,20.0,False
baseline,,0.14488363132100487,0.01631975090784437,0.1220569067546909,0.6612904776347404,-1.116287472892122,0.9927652733118971,1.0,0.35556527331189713,0.6357236810028553,0.8,27.875,0.0,20.0,False
baseline,,0.14488363132100487,0.03379212149580846,0.12210474272818743,0.6555959922273786,-1.0199554617460138,0.9976489028213166,1.0,0.3604489028213166,0.6611387059092522,0.75,28.2,0.0,20.0,False
baseline,,0.14488363132100487,0.0699708887492028,0.12164451619326855,0.645563529542949,-0.8758906284553161,1.0,1.0,0.3628,0.7966709665954113,0.7,28.428571428571427,0.0,20.0,False
baseline,,0.14488363132100487,0.14488363132100487,0.12277397367406749,0.6362361902074398,-0.678845987267764,1.0,1.0,0.3628,0.9507726289331913,0.6,28.0,0.0,20.0,False
baseline,,0.14488363132100487,0.3,0.1224216642816015,0.6295818699283027,-0.4383870301481498,1.0,1.0,0.3628,1.0731315318495036,0.6,29.083333333333332,0.0,20.0,False
baseline,,0.3,0.00010000000000000009,0.12297747584512597,0.6395083087890072,-0.6704129959309129,0.9977578475336323,1.0,0.3605578475336323,0.8013417456299067,0.7,29.642857142857142,0.0,20.0,False
baseline,,0.3,0.00020706272838739032,0.12297747800662198,0.6395180327806584,-0.6697429589848797,0.9977578475336323,1.0,0.3605578475336323,0.8024068731814623,0.7,29.642857142857142,0.0,20.0,False
baseline,,0.3,0.0004287497348723022,0.12297747481769801,0.6395379369809756,-0.6683608057044771,0.9977578475336323,1.0,0.3605578475336323,0.7979630760848522,0.65,28.923076923076923,0.0,20.0,False
baseline,,0.3,0.0008877808989802905,0.12297747444723875,0.639579247825519,-0.6655186282699252,0.9977578475336323,1.0,0.3605578475336323,0.8025262281298637,0.65,28.923076923076923,0.0,20.0,False
baseline,,0.3,0.001838263351530691,0.12297747685237508,0.6396640651877764,-0.659718438579272,0.9977578475336323,1.0,0.3605578475336323,0.8119076736271381,0.65,28.923076923076923,0.0,20.0,False
baseline,,0.3,0.003806358250624933,0.12317935106895299,0.6385551343092747,-0.6493733830327265,0.9977645305514158,1.0,0.3605645305514158,0.8162251014262438,0.65,29.076923076923077,0.0,20.0,False
baseline,,0.3,0.00788154924594252,0.1231793501077501,0.6389056406083278,-0.6265106952133965,0.9977645305514158,1.0,0.3605645305514158,0.8469346974045038,0.6,28.25,0.0,20.0,False
baseline,,0.3,0.01631975090784437,0.12304683051462842,0.6361737853692075,-0.5864726025090684,0.9992581602373887,1.0,0.3620581602373887,0.8989877574145794,0.6,28.5,0.0,20.0,False
baseline,,0.3,0.03379212149580846,0.12332787582660308,0.6305192892781252,-0.5157360972560737,1.0,1.0,0.3628,0.9896581513807178,0.6,29.166666666666668,0.0,20.0,False
baseline,,0.3,0.0699708887492028,0.12327356702070359,0.626397244306506,-0.40300309487796104,1.0,1.0,0.3628,1.1514551475644113,0.55,29.09090909090909,0.0,20.0,False
baseline,,0.3,0.14488363132100487,0.12295776760319131,0.616488854659814,-0.2386396520806345,1.0,1.0,0.3628,1.2742407247424126,0.55,30.636363636363637,0.0,20.0,False
baseline,,0.3,0.3,0.1227473850627413,0.611708537378477,-0.024918412806350005,1.0,1.0,0.3628,1.3692997887730598,0.5,30.7,0.0,20.0,False
env_odom_noise,0.0,0.00010000000000000009,0.00010000000000000009,0.12272987981512407,0.6945574628509072,53.073657301425726,0.1337890625,0.22265625,1.2807546875,0.3438812667503953,1.0,24.6,0.0,20.0,False
env_odom_noise,0.0,0.00010000000000000009,0.00020706272838739032,0.12272987975871187,0.694557461994881,49.68316404466509,0.1455078125,0.28125,1.2104421875,0.3440711745992303,1.0,24.6,0.0,20.0,False
env_odom_noise,0.0,0.00010000000000000009,0.0004287497348723022,0.12272987978925516,0.6924037279427203,47.476142259126945,0.1783625730994152,0.35282651072124754,1.1060109161793372,0.3368169965222478,1.0,24.65,0.0,20.0,False
env_odom_noise,0.0,0.00010000000000000009,0.0008877808989802905,0.12272988194065887,0.692403724322115,46.37195985075931,0.24269005847953215,0.4269005847953216,0.9676093567251461,0.35162462685257195,1.0,24.65,0.0,20.0,False
env_odom_noise,0.0,0.00010000000000000009,0.001838263351530691,0.12272987865037577,0.6901917028380246,45.815739115967816,0.31809338521400776,0.48735408560311283,0.8317525291828793,0.37081626541912555,1.0,24.7,0.0,20.0,False
env_odom_noise,0.0,0.00010000000000000009,0.003806358250624933,0.12220973782743538,0.6878181182241586,45.533891785302686,0.3967181467181467,0.5164092664092664,0.7240725868725868,0.3775043681263924,1.0,24.9,0.0,20.0,False
env_odom_noise,0.0,0.00010000000000000009,0.00788154924594252,0.12214529359390817,0.6784667083284288,45.255151545574414,0.45506692160611856,0.5315487571701721,0.6505843212237092,0.3895140394568443,0.95,24.42105263157895,0.0,20.0,False
env_odom_noise,0.0,0.00010000000000000009,0.01631975090784437,0.12256234561940008,0.6651821214960896,45.664170131315416,0.4859022556390977,0.5394736842105263,0.6118240601503759,0.40434006601572037,0.9,24.11111111111111,0.0,20.0,False
env_odom_noise,0.0,0.00010000000000000009,0.03379212149580846,0.12245379428654186,0.6417352294206815,44.956512037994464,0.5045871559633027,0.5477064220183486,0.5849064220183486,0.4567244857549667,0.9,24.833333333333332,0.0,20.0,False
env_odom_noise,0.0,0.00010000000000000009,0.0699708887492028,0.12381488328999278,0.6001023408183316,44.8448908626117,0.5235191637630662,0.5618466898954704,0.5518341463414634,0.528165228664875,0.9,26.444444444444443,0.0,20.0,False
env_odom_noise,0.0,0.00010000000000000009,0.14488363132100487,0.1236808533783815,0.5802772535353077,44.636535396589714,0.5242070116861436,0.5617696160267112,0.5512233722871452,0.6311692491173744,0.8,26.4375,0.0,20.0,False
env_odom_noise,0.0,0.00010000000000000009,0.3,0.12309920186200882,0.5743927282863102,45.190087703249596,0.5137096774193548,0.5516129032258065,0.5718774193548387,0.6766356952488423,0.75,27.0,0.0,20.0,False
env_odom_noise,0.0,0.00020706272838739032,0.00010000000000000009,0.12272987981512407,0.6945574628509072,24.59276996644531,0.146484375,0.2734375,1.217278125,0.3438812667503953,1.0,24.6,0.0,20.0,False
env_odom_noise,0.0,0.00020706272838739032,0.00020706272838739032,0.12272987977030063,0.6945574599034403,22.461143753505,0.1591796875,0.3291015625,1.14891875,0.34411693308502433,1.0,24.6,0.0,20.0,False
env_odom_noise,0.0,0.00020706272838739032,0.0004287497348723022,0.12272987930525397,0.6924037399053922,20.891868236668216,0.19395711500974658,0.39473684210526316,1.0485060428849904,0.33718648049980404,1.0,24.65,0.0,20.0,False
env_odom_noise,0.0,0.00020706272838739032,0.0008877808989802905,0.12272988130064437,0.6924037103054475,20.000134327756715,0.25633528265107214,0.4649122807017544,0.9159524366471734,0.3522815531119704,1.0,24.65,0.0,20.0,False
env_odom_noise,0.0,0.00020706272838739032,0.001838263351530691,0.12272988093227366,0.6901915938972454,19.557020599893015,0.32976653696498054,0.5233463035019456,0.7840871595330738,0.3714769039303064,1.0,24.7,0.0,20.0,False
env_odom_noise,0.0,0.00020706272838739032,0.003806358250624933,0.1222097383066704,0.687818084410891,19.378347973269392,0.41023166023166024,0.5521235521235521,0.6748447876447876,0.3782199304550886,1.0,24.9,0.0,20.0,False
env_odom_noise,0.0,0.00020706272838739032,0.00788154924594252,0.12214529623365288,0.6784667963200858,19.30028705240768,0.4665391969407266,0.5659655831739961,0.6046952198852773,0.39002333506941794,0.95,24.42105263157895,0.0,20.0,False
env_odom_noise,0.0,0.00020706272838739032,0.01631975090784437,0.12256234590776043,0.6651820644706742,19.603563469243078,0.4981203007518797,0.5733082706766918,0.5657714285714286,0.4047009214758873,0.9,24.11111111111111,0.0,20.0,False
env_odom_noise,0.0,0.00020706272838739032,0.03379212149580846,0.12245379343985117,0.6417352838257085,19.40870427850217,0.5165137614678899,0.5807339449541284,0.5399522935779817,0.45698334127664564,0.9,24.833333333333332,0.0,20.0,False
env_odom_noise,0.0,0.00020706272838739032,0.0699708887492028,0.12381488288528011,0.6001023763168625,19.54953544086025,0.5348432055749129,0.5932055749128919,0.5091512195121951,0.5283601969480515,0.9,26.444444444444443,0.0,20.0,False
env_odom_noise,0.0,0.00020706272838739032,0.14488363132100487,0.12368085484281027,0.5802772209346971,19.59666770148698,0.5358931552587646,0.5918196994991652,0.5094871452420702,0.6312908589839935,0.8,26.4375,0.0,20.0,False
env_odom_noise,0.0,0.00020706272838739032,0.3,0.12309919902531861,0.5743926882286672,19.969852683585245,0.5258064516129032,0.5846774193548387,0.5267161290322581,0.6767010398209095,0.75,27.0,0.0,20.0,False
env_odom_noise,0.0,0.0004287497348723022,0.00010000000000000009,0.12272987981512407,0.6945574628509072,10.087571525682069,0.1796875,0.3701171875,1.0873953125,0.3438812667503953,1.0,24.6,0.0,20.0,False
env_odom_noise,0.0,0.0004287497348723022,0.00020706272838739032,0.12272987936719136,0.6945574614168969,8.958547290112222,0.201171875,0.4169921875,1.0190359375,0.3442553410306573,1.0,24.6,0.0,20.0,False
env_odom_noise,0.0,0.0004287497348723022,0.0004287497348723022,0.12272988000645546,0.6924037269002503,8.004801185398797,0.23196881091617932,0.4727095516569201,0.9325216374269005,0.3380144203081727,1.0,24.65,0.0,20.0,False
env_odom_noise,0.0,0.0004287497348723022,0.0008877808989802905,0.12272988172353647,0.6924036827711465,7.383147971912395,0.29142300194931775,0.543859649122807,0.8019173489278753,0.35361701995134354,1.0,24.65,0.0,20.0,False
env_odom_noise,0.0,0.0004287497348723022,0.001838263351530691,0.122729879367547,0.6901916228243163,7.059348356451746,0.3638132295719844,0.5914396887159533,0.6819470817120623,0.37282796055078504,1.0,24.7,0.0,20.0,False
env_odom_noise,0.0,0.0004287497348723022,0.003806358250624933,0.12220973729382165,0.6878181101554064,6.949591212581003,0.4411196911196911,0.6177606177606177,0.5783196911196911,0.3796851046383381,1.0,24.9,0.0,20.0,False
env_odom_noise,0.0,0.0004287497348723022,0.00788154924594252,0.12214529526147264,0.6784667656811034,6.970788335852929,0.4961759082217973,0.630019120458891,0.5110049713193117,0.3910728648304939,0.95,24.42105263157895,0.0,20.0,False
env_odom_noise,0.0,0.0004287497348723022,0.01631975090784437,0.12256234772745438,0.6651820500098939,7.22175580108924,0.5281954887218046,0.6362781954887218,0.47272631578947366,0.4054461307823658,0.9,24.11111111111111,0.0,20.0,False
env_odom_noise,0.0,0.0004287497348723022,0.03379212149580846,0.12245379269238481,0.6417353357043409,7.2707177061865895,0.5467889908256881,0.6431192660550459,0.447291743119266,0.457518794387579,0.9,24.833333333333332,0.0,20.0,False
env_odom_noise,0.0,0.0004287497348723022,0.0699708887492028,0.12381488235519977,0.6001024385573969,7.527022163572403,0.5644599303135889,0.6533101045296167,0.4194299651567944,0.5287639811635018,0.9,26.444444444444443,0.0,20.0,False
env_odom_noise,0.0,0.0004287497348723022,0.14488363132100487,0.12368085225703719,0.580277227936783,7.6968350956094085,0.5642737896494157,0.6519198664440734,0.4210063439065109,0.6315427049994469,0.8,26.4375,0.0,20.0,False
env_odom_noise,0.0,0.0004287497348723022,0.3,0.12325700615032566,0.5743927083191444,8.018369978022053,0.5531400966183575,0.643317230273752,0.4407426731078905,0.6652384832501411,0.75,27.066666666666666,0.0,20.0,False
env_odom_noise,0.0,0.0008877808989802905,0.00010000000000000009,0.12272987981512407,0.6945574628509072,2.7192314688993697,0.2412109375,0.5009765625,0.8950125,0.3438812667503953,1.0,24.6,0.0,20.0,False
env_odom_noise,0.0,0.0008877808989802905,0.00020706272838739032,0.12272987986493768,0.6945574685650329,2.2267354756971836,0.2548828125,0.529296875,0.8530203125,0.34489069078117607,1.0,24.6,0.0,20.0,False
env_odom_noise,0.0,0.0008877808989802905,0.0004287497348723022,0.12272988030488943,0.6924037119908232,1.7479926902214689,0.2855750487329435,0.580896686159844,0.7707282651072125,0.3401159280911088,1.0,24.65,0.0,20.0,False
env_odom_noise,0.0,0.0008877808989802905,0.0008877808989802905,0.12272988006701223,0.692403670541788,1.3935529981877866,0.34210526315789475,0.6384015594541911,0.6566931773879141,0.35664634965360165,1.0,24.65,0.0,20.0,False
env_odom_noise,0.0,0.0008877808989802905,0.001838263351530691,0.12272988089669268,0.6901916841166607,1.1992382052020134,0.4056420233463035,0.6750972762645915,0.556460700389105,0.37619005478918555,1.0,24.7,0.0,20.0,False
env_odom_noise,0.0,0.0008877808989802905,0.003806358250624933,0.12214529523536,0.687818126984154,1.1451402206545793,0.48073217726396916,0.6946050096339114,0.46186281310211946,0.3710001539438963,1.0,24.95,0.0,20.0,False
env_odom_noise,0.0,0.0008877808989802905,0.00788154924594252,0.12214529605195619,0.6784666633739297,1.2227484718695807,0.5334608030592735,0.7045889101338432,0.39915028680688336,0.39322366788983343,0.95,24.42105263157895,0.0,20.0,False
env_odom_noise,0.0,0.0008877808989802905,0.01631975090784437,0.1225623461255293,0.6651820819192329,1.4471466749214872,0.5648496240601504,0.7105263157894737,0.36182406015037594,0.4069819264113903,0.9,24.11111111111111,0.0,20.0,False
env_odom_noise,0.0,0.0008877808989802905,0.03379212149580846,0.12245379350987219,0.6417353147769322,1.6096306785325885,0.5807339449541284,0.7155963302752294,0.34086972477064215,0.45862529128789903,0.9,24.833333333333332,0.0,20.0,False
env_odom_noise,0.0,0.0008877808989802905,0.0699708887492028,0.12381488275943442,0.6001023296980706,1.914939982369,0.5966898954703833,0.7221254355400697,0.318384668989547,0.529599116742611,0.9,26.444444444444443,0.0,20.0,False
env_odom_noise,0.0,0.0008877808989802905,0.14488363132100487,0.12368085521266109,0.5802771718202784,2.1431140453762407,0.5951585976627712,0.7212020033388982,0.3208393989983306,0.6320635914802551,0.8,26.4375,0.0,20.0,False
env_odom_noise,0.0,0.0008877808989802905,0.3,0.12325700670687091,0.5743927244746868,2.408610895620408,0.5869565217391305,0.715780998389694,0.3344624798711755,0.6655176855623722,0.75,27.066666666666666,0.0,20.0,False
env_odom_noise,0.0,0.001838263351530691,0.00010000000000000009,0.12272988015711536,0.6945574530986534,-0.8670940589478882,0.3310546875,0.65625,0.6498953125,0.3446818696334958,1.0,24.6,0.0,20.0,False
env_odom_noise,0.0,0.001838263351530691,0.00020706272838739032,0.12272987906153521,0.6924037306216969,-1.037971274622068,0.34405458089668617,0.6783625730994152,0.6147828460038987,0.33699888102710246,1.0,24.65,0.0,20.0,False
env_odom_noise,0.0,0.001838263351530691,0.0004287497348723022,0.12272987929858858,0.6924036782961734,-1.2241086218978214,0.3791423001949318,0.7124756335282652,0.5455820662768031,0.34652990363538266,1.0,24.65,0.0,20.0,False
env_odom_noise,0.0,0.001838263351530691,0.0008877808989802905,0.12272987913162495,0.6924037289463331,-1.3764612158309506,0.4298245614035088,0.7524366471734892,0.454938791423002,0.36437321193516253,1.0,24.65,0.0,20.0,False
env_odom_noise,0.0,0.001838263351530691,0.001838263351530691,0.12272987988625071,0.6878180883761115,-1.45844013550242,0.4893203883495146,0.7737864077669903,0.37409320388349515,0.3727393001317978,1.0,24.75,0.0,20.0,False
env_odom_noise,0.0,0.001838263351530691,0.003806358250624933,0.12214529612785506,0.6878181256164728,-1.4521962704572908,0.5529865125240848,0.7851637764932563,0.29904971098265887,0.3769106581807137,1.0,24.95,0.0,20.0,False
env_odom_noise,0.0,0.001838263351530691,0.00788154924594252,0.1221452952591372,0.6719329421571121,-1.3513610598246568,0.6017110266159695,0.7956273764258555,0.239861596958175,0.36672931388020513,0.95,24.57894736842105,0.0,20.0,False
env_odom_noise,0.0,0.001838263351530691,0.01631975090784437,0.12256234584686253,0.6630163253768222,-1.1360941773945288,0.6275797373358349,0.800187617260788,0.20943264540337703,0.40054837316274644,0.9,24.166666666666668,0.0,20.0,False
env_odom_noise,0.0,0.001838263351530691,0.03379212149580846,0.12245379422080496,0.6417352823561225,-0.922069246642463,0.6431192660550459,0.8027522935779816,0.1913284403669725,0.4609061285853386,0.9,24.833333333333332,0.0,20.0,False
env_odom_noise,0.0,0.001838263351530691,0.0699708887492028,0.12381488256312433,0.6001023846322009,-0.6004927822132395,0.6559233449477352,0.8074912891986062,0.17378536585365856,0.5313241302967071,0.9,26.444444444444443,0.0,20.0,False
env_odom_noise,0.0,0.001838263351530691,0.14488363132100487,0.12368085428525148,0.5802772254826973,-0.34539339258199886,0.6552587646076795,0.8063439065108514,0.17559732888146906,0.6331406205892562,0.8,26.4375,0.0,20.0,False
env_odom_noise,0.0,0.001838263351530691,0.3,0.12325700521164569,0.5743927146450116,-0.10327015083209276,0.6465378421900161,0.8027375201288245,0.1879246376811594,0.6660959206521511,0.75,27.066666666666666,0.0,20.0,False
env_odom_noise,0.0,0.003806358250624933,0.00010000000000000009,0.122729879938852,0.6924036745378608,-2.412010005597161,0.47076023391812866,0.827485380116959,0.3389543859649123,0.3759390912950039,1.0,24.65,0.0,20.0,False
env_odom_noise,0.0,0.003806358250624933,0.00020706272838739032,0.12272988224951169,0.6924037695554064,-2.4537285419176427,0.4853801169590643,0.8382066276803118,0.31361325536062384,0.380635629594326,1.0,24.65,0.0,20.0,False
env_odom_noise,0.0,0.003806358250624933,0.0004287497348723022,0.12272988109399723,0.6924037135236221,-2.502406416429084,0.5185185185185185,0.8567251461988304,0.26195633528265105,0.389502864331007,1.0,24.65,0.0,20.0,False
env_odom_noise,0.0,0.003806358250624933,0.0008877808989802905,0.1227298795862814,0.6878180321071297,-2.5424126766458164,0.545631067961165,0.8689320388349514,0.22263689320388358,0.3834373004734516,1.0,24.75,0.0,20.0,False
env_odom_noise,0.0,0.003806358250624933,0.001838263351530691,0.12277364879197392,0.6878180327495342,-2.541394210171425,0.5988372093023255,0.8788759689922481,0.15948682170542638,0.4001784935593605,1.0,24.8,0.0,20.0,False
env_odom_noise,0.0,0.003806358250624933,0.003806358250624933,0.12214529718076708,0.6809478375407757,-2.495446310020269,0.6542145593869731,0.8898467432950191,0.09313869731800772,0.38145764321088793,1.0,25.1,0.0,20.0,True
env_odom_noise,0.0,0.003806358250624933,0.00788154924594252,0.12266127161361541,0.6698870795340716,-2.3552429308053733,0.6880907372400756,0.8931947069943289,0.06669603024574677,0.3672699280083179,0.95,24.736842105263158,0.0,20.0,True
env_odom_noise,0.0,0.003806358250624933,0.01631975090784437,0.12244702973185977,0.6607579982800054,-2.1735247503325543,0.708411214953271,0.8953271028037383,0.08488411214953273,0.40972629338502886,0.9,24.27777777777778,0.0,20.0,True
env_odom_noise,0.0,0.003806358250624933,0.03379212149580846,0.12258642720890968,0.6336334346962623,-1.936966208475918,0.7209090909090909,0.8972727272727272,0.09543636363636376,0.44835717529058455,0.9,25.11111111111111,0.0,20.0,True
env_odom_noise,0.0,0.003806358250624933,0.0699708887492028,0.12383475172767645,0.5982414332586714,-1.628421390167565,0.7275086505190311,0.8987889273356401,0.10051972318339109,0.5179430224001408,0.9,26.666666666666668,0.0,20.0,True
env_odom_noise,0.0,0.003806358250624933,0.14488363132100487,0.12353797073617993,0.5785664741793405,-1.359596499892236,0.728405315614618,0.9003322259136213,0.09987308970099673,0.6277473285794258,0.75,25.8,0.0,20.0,True
env_odom_noise,0.0,0.003806358250624933,0.3,0.122932125756684,0.5743925937902611,-1.1257464430399013,0.7242765273311897,0.8979099678456591,0.09816655948553066,0.6826284982264041,0.75,27.133333333333333,0.0,20.0,True
env_odom_noise,0.0,0.00788154924594252,0.00010000000000000009,0.12254476967012862,0.6834030024889528,-2.8761670718947956,0.6560693641618497,0.9518304431599229,0.029300192678227366,0.4006439045071602,1.0,24.95,0.0,20.0,True
env_odom_noise,0.0,0.00788154924594252,0.00020706272838739032,0.12254476906801437,0.6834029529005738,-2.8791992208994492,0.661849710982659,0.9518304431599229,0.023519845857418065,0.4041800893843174,1.0,24.95,0.0,20.0,True
env_odom_noise,0.0,0.00788154924594252,0.0004287497348723022,0.12258888231421448,0.6834030392171351,-2.8812652365370197,0.6692307692307692,0.9548076923076924,0.013776923076923131,0.3999627739191055,1.0,25.0,0.0,20.0,True
env_odom_noise,0.0,0.00788154924594252,0.0008877808989802905,0.12220281692513948,0.6809479376993017,-2.8761433297813004,0.6944444444444444,0.9578544061302682,0.015098850574712608,0.39149526953697206,1.0,25.1,0.0,20.0,True
env_odom_noise,0.0,0.00788154924594252,0.001838263351530691,0.12203022788727352,0.6784667688484743,-2.844448794658071,0.7347328244274809,0.9599236641221374,0.05745648854961827,0.39401760697364807,1.0,25.2,0.0,20.0,True
env_odom_noise,0.0,0.00788154924594252,0.003806358250624933,0.12187998733072698,0.6714835123196753,-2.7717896427521316,0.7679924242424242,0.9621212121212122,0.09291363636363636,0.3801896937191486,0.95,24.68421052631579,0.0,20.0,True
env_odom_noise,0.0,0.00788154924594252,0.00788154924594252,0.12254520670122875,0.6675731066861924,-2.6319697730773797,0.7862523540489642,0.9623352165725048,0.11138757062146898,0.40920655354857444,0.9,24.055555555555557,0.0,20.0,True
env_odom_noise,0.0,0.00788154924594252,0.01631975090784437,0.12244703107654603,0.6544152151464551,-2.4491674506353993,0.8020446096654275,0.9628252788104089,0.12766988847583638,0.45022878274321554,0.9,24.444444444444443,0.0,20.0,True
env_odom_noise,0.0,0.00788154924594252,0.03379212149580846,0.12368544633215327,0.6302805568254896,-2.2108139827588955,0.8084532374100719,0.9613309352517986,0.1325841726618705,0.4627136304974556,0.9,25.444444444444443,0.0,20.0,True
env_odom_noise,0.0,0.00788154924594252,0.0699708887492028,0.12406301360267095,0.596820485325427,-1.9212315857048161,0.8129310344827586,0.9620689655172414,0.13780000000000003,0.5537537723779679,0.8,25.25,0.0,20.0,True
env_odom_noise,0.0,0.00788154924594252,0.14488363132100487,0.12397715822921736,0.5773147999697636,-1.6590993981391853,0.8113673805601318,0.9629324546952224,0.13709983525535419,0.6388876345008612,0.75,26.133333333333333,0.0,20.0,True
env_odom_noise,0.0,0.00788154924594252,0.3,0.12238118566822316,0.5716509247924824,-1.4269582737337354,0.8125996810207337,0.9641148325358851,0.1395145135566188,0.7019817553460598,0.75,27.466666666666665,0.0,20.0,True
env_odom_noise,0.0,0.01631975090784437,0.00010000000000000009,0.12229401138771553,0.6670252188791593,-2.7883502686788124,0.8345864661654135,0.9953007518796992,0.1926872180451128,0.37064164951443673,0.9,24.11111111111111,0.0,20.0,False
env_odom_noise,0.0,0.01631975090784437,0.00020706272838739032,0.12229401379650717,0.66702521826456,-2.783698623321592,0.8364661654135338,0.9953007518796992,0.19456691729323305,0.37334849685430527,0.9,24.11111111111111,0.0,20.0,False
env_odom_noise,0.0,0.01631975090784437,0.0004287497348723022,0.1222940130579277,0.6670252365592688,-2.7737922986116024,0.8458646616541353,0.9953007518796992,0.20396541353383457,0.37879185304045676,0.9,24.11111111111111,0.0,20.0,False
env_odom_noise,0.0,0.01631975090784437,0.0008877808989802905,0.1222940112074987,0.6670252772478062,-2.75303770120527,0.8552631578947368,0.9953007518796992,0.2133639097744361,0.3894768923521042,0.9,24.11111111111111,0.0,20.0,False
env_odom_noise,0.0,0.01631975090784437,0.001838263351530691,0.12229401246686884,0.6670253416990835,-2.711965526079432,0.8693609022556391,0.9953007518796992,0.22746165413533836,0.4096899196505547,0.9,24.11111111111111,0.0,20.0,False
env_odom_noise,0.0,0.01631975090784437,0.003806358250624933,0.12295319287017081,0.6563478896253637,-2.6362621605206495,0.8819702602230484,0.9944237918215614,0.23919405204460975,0.3843319952487946,0.9,24.444444444444443,0.0,20.0,False
env_odom_noise,0.0,0.01631975090784437,0.00788154924594252,0.12285428455498053,0.6542521384334038,-2.5194893414844324,0.8925925925925926,0.9944444444444445,0.24983703703703708,0.4285580709576607,0.9,24.555555555555557,0.0,20.0,False
env_odom_noise,0.0,0.01631975090784437,0.01631975090784437,0.12331748029970573,0.6415633777633072,-2.355695493512723,0.8998178506375227,0.994535519125683,0.2571533697632058,0.44648840427398684,0.9,25.055555555555557,0.0,20.0,False
env_odom_noise,0.0,0.01631975090784437,0.03379212149580846,0.12371642871341186,0.618680456425245,-2.137709475187243,0.904424778761062,0.9946902654867257,0.26191504424778767,0.47846970036625863,0.9,25.944444444444443,0.0,20.0,False
env_odom_noise,0.0,0.01631975090784437,0.0699708887492028,0.12417629671332844,0.5887263573725069,-1.8689758752276198,0.9050847457627119,0.9949152542372881,0.26280000000000003,0.5546144060790539,0.8,25.875,0.0,20.0,False
env_odom_noise,0.0,0.01631975090784437,0.14488363132100487,0.12309863535922219,0.5730515874664915,-1.622994638887793,0.9076175040518638,0.9951377633711507,0.2655552674230145,0.6403208713978529,0.75,26.8,0.0,20.0,False
env_odom_noise,0.0,0.01631975090784437,0.3,0.1229309622705671,0.5674127156428334,-1.3639243211939391,0.9066455696202531,0.995253164556962,0.2646987341772151,0.737761739641428,0.65,26.076923076923077,0.0,20.0,False
env_odom_noise,0.0,0.03379212149580846,0.00010000000000000009,0.1232382572612513,0.6459753341167197,-2.408290221454318,0.9544626593806922,1.0,0.3172626593806922,0.3921425849199295,0.9,25.055555555555557,0.0,20.0,False
env_odom_noise,0.0,0.03379212149580846,0.00020706272838739032,0.12323825702502499,0.6459753081866745,-2.404227486706577,0.9544626593806922,1.0,0.3172626593806922,0.3942071035504341,0.9,25.055555555555557,0.0,20.0,False
env_odom_noise,0.0,0.03379212149580846,0.0004287497348723022,0.12323825637751008,0.6459753889437957,-2.3959644885296534,0.9553734061930783,1.0,0.3181734061930783,0.39841721653938295,0.9,25.055555555555557,0.0,20.0,False
env_odom_noise,0.0,0.03379212149580846,0.0008877808989802905,0.12323825643932138,0.6459754064743799,-2.3794886775281183,0.9571948998178507,1.0,0.3199948998178507,0.4068791262805462,0.9,25.055555555555557,0.0,20.0,False
env_odom_noise,0.0,0.03379212149580846,0.001838263351530691,0.12323825734474768,0.6437870797452048,-2.3489704824312314,0.9581818181818181,1.0,0.32098181818181815,0.41313890293240546,0.9,25.11111111111111,0.0,20.0,False
env_odom_noise,0.0,0.03379212149580846,0.003806358250624933,0.12323825606233535,0.6437870215323853,-2.291843297765584,0.96,1.0,0.3228,0.4446436822414398,0.9,25.11111111111111,0.0,20.0,False
env_odom_noise,0.0,0.03379212149580846,0.00788154924594252,0.12336903934135046,0.6378758977527903,-2.2005274428664894,0.9621621621621622,1.0,0.3249621621621622,0.45498422607779504,0.9,25.38888888888889,0.0,20.0,False
env_odom_noise,0.0,0.03379212149580846,0.01631975090784437,0.12365111619426267,0.6241260786507961,-2.064064968786448,0.9645390070921985,1.0,0.32733900709219854,0.4694450072944164,0.9,25.88888888888889,0.0,20.0,False
env_odom_noise,0.0,0.03379212149580846,0.03379212149580846,0.12380245634623194,0.6051917679936265,-1.866993573753324,0.9652777777777778,1.0,0.3280777777777778,0.538281999528408,0.9,26.555555555555557,0.0,20.0,False
env_odom_noise,0.0,0.03379212149580846,0.0699708887492028,0.1237979195079039,0.5810216106007641,-1.6365446388380784,0.9658901830282862,1.0,0.32869018302828623,0.6052918121218681,0.8,26.5625,0.0,20.0,False
env_odom_noise,0.0,0.03379212149580846,0.14488363132100487,0.12277467813750921,0.56890012916327,-1.401770425470279,0.9672523961661342,1.0,0.33005239616613424,0.6976592846214771,0.7,26.571428571428573,0.0,20.0,False
env_odom_noise,0.0,0.03379212149580846,0.3,0.12262504082750261,0.5574374205332492,-1.1336168240597995,0.9672897196261683,1.0,0.3300897196261683,0.7948245249688626,0.65,26.846153846153847,0.0,20.0,False
env_odom_noise,0.0,0.0699708887492028,0.00010000000000000009,0.12315692928607706,0.6225010422520872,-1.892527586344558,0.9964912280701754,1.0,0.35929122807017544,0.47426564022898676,0.85,25.470588235294116,0.0,20.0,False
env_odom_noise,0.0,0.0699708887492028,0.00020706272838739032,0.12315692922526486,0.6205406896772766,-1.8911848888930585,0.9964973730297724,1.0,0.3592973730297724,0.4659587748348713,0.85,25.529411764705884,0.0,20.0,False
env_odom_noise,0.0,0.0699708887492028,0.0004287497348723022,0.1231569314332136,0.6205406543686213,-1.886021887494649,0.9964973730297724,1.0,0.3592973730297724,0.4692565269768238,0.85,25.529411764705884,0.0,20.0,False
env_odom_noise,0.0,0.0699708887492028,0.0008877808989802905,0.12315693109577745,0.6205406562262232,-1.875630900080133,0.9964973730297724,1.0,0.3592973730297724,0.4759808354079723,0.85,25.529411764705884,0.0,20.0,False
env_odom_noise,0.0,0.0699708887492028,0.001838263351530691,0.12315692930161455,0.6205406557319737,-1.8552753504259574,0.9964973730297724,1.0,0.3592973730297724,0.48949607983231547,0.85,25.529411764705884,0.0,20.0,False
env_odom_noise,0.0,0.0699708887492028,0.003806358250624933,0.12315692984847353,0.6168706449673577,-1.8185957382933002,0.9965095986038395,1.0,0.3593095986038395,0.4969946138560772,0.85,25.647058823529413,0.0,20.0,False
env_odom_noise,0.0,0.0699708887492028,0.00788154924594252,0.12282726148514733,0.6117424300998037,-1.7556027283600917,0.9965337954939342,1.0,0.3593337954939342,0.5083003848791122,0.85,25.88235294117647,0.0,20.0,False
env_odom_noise,0.0,0.0699708887492028,0.01631975090784437,0.12323497288900599,0.6032972459485467,-1.6484298591208244,0.9965753424657534,1.0,0.3593753424657534,0.539721104502678,0.85,26.294117647058822,0.0,20.0,False
env_odom_noise,0.0,0.0699708887492028,0.03379212149580846,0.12325613048920614,0.5825778215326978,-1.490761379721372,0.9966722129783694,1.0,0.3594722129783694,0.5614899046719074,0.8,26.5625,0.0,20.0,False
env_odom_noise,0.0,0.0699708887492028,0.0699708887492028,0.12249710093634839,0.5709979818699518,-1.302792991492088,0.9967741935483871,1.0,0.35957419354838716,0.67287682518363,0.75,27.0,0.0,20.0,False
env_odom_noise,0.0,0.0699708887492028,0.14488363132100487,0.12245083527199502,0.5606373091221759,-1.0833726011560383,0.9968798751950078,1.0,0.35967987519500777,0.7848525501787662,0.65,26.76923076923077,0.0,20.0,False
env_odom_noise,0.0,0.0699708887492028,0.3,0.12245913312983472,0.5470407609463354,-0.8064079177789983,0.996937212863706,1.0,0.35973721286370597,0.9370028972625732,0.6,26.75,0.0,20.0,False
env_odom_noise,0.0,0.14488363132100487,0.00010000000000000009,0.12224349470642003,0.5835423078017599,-1.3194186766155023,1.0,1.0,0.3628,0.5553593397140503,0.85,27.88235294117647,0.0,20.0,False
env_odom_noise,0.0,0.14488363132100487,0.00020706272838739032,0.12224349421255683,0.5835422928167658,-1.3180013030468565,1.0,1.0,0.3628,0.55664746388793,0.85,27.88235294117647,0.0,20.0,False
env_odom_noise,0.0,0.14488363132100487,0.0004287497348723022,0.12224349621342825,0.5835422506371416,-1.3150906180089499,1.0,1.0,0.3628,0.5593035809695721,0.85,27.88235294117647,0.0,20.0,False
env_odom_noise,0.0,0.14488363132100487,0.0008877808989802905,0.12224349547227321,0.5835422757228046,-1.309163447853302,1.0,1.0,0.3628,0.564757663756609,0.85,27.88235294117647,0.0,20.0,False
env_odom_noise,0.0,0.14488363132100487,0.001838263351530691,0.1222434952302518,0.5819866051489045,-1.2979942078941398,1.0,1.0,0.3628,0.5669906571507454,0.85,27.941176470588236,0.0,20.0,False
env_odom_noise,0.0,0.14488363132100487,0.003806358250624933,0.12224349366324172,0.578938280844807,-1.2755012080872006,1.0,1.0,0.3628,0.5726504608988762,0.85,28.058823529411764,0.0,20.0,False
env_odom_noise,0.0,0.14488363132100487,0.00788154924594252,0.12243894350262845,0.5744038872111633,-1.2357442960317297,1.0,1.0,0.3628,0.5735420495271683,0.85,28.352941176470587,0.0,20.0,False
env_odom_noise,0.0,0.14488363132100487,0.01631975090784437,0.12233081371557873,0.5714579989757533,-1.1621281958082579,1.0,1.0,0.3628,0.6130031257867813,0.75,27.2,0.0,20.0,False
env_odom_noise,0.0,0.14488363132100487,0.03379212149580846,0.12210008023069593,0.5664280905973773,-1.0537342545797848,1.0,1.0,0.3628,0.675321138650179,0.7,27.142857142857142,0.0,20.0,False
env_odom_noise,0.0,0.14488363132100487,0.0699708887492028,0.12164451684900059,0.5548483041482072,-0.9010293399992039,1.0,1.0,0.3628,0.8001028046011924,0.7,28.285714285714285,0.0,20.0,False
env_odom_noise,0.0,0.14488363132100487,0.14488363132100487,0.12269515541988643,0.541638151663523,-0.6964483727229468,1.0,1.0,0.3628,0.9491391837596893,0.6,27.916666666666668,0.0,20.0,False
env_odom_noise,0.0,0.14488363132100487,0.3,0.1224216650959746,0.5281638006855177,-0.44421173581017265,1.0,1.0,0.3628,1.0641811586916448,0.6,29.166666666666668,0.0,20.0,False
env_odom_noise,0.0,0.3,0.00010000000000000009,0.12297747752551572,0.5430914627543869,-0.710128341974762,1.0,1.0,0.3628,0.8053593836724758,0.65,28.692307692307693,0.0,20.0,False
env_odom_noise,0.0,0.3,0.00020706272838739032,0.12297747605753391,0.5430914859779674,-0.7093603830028077,1.0,1.0,0.3628,0.8064565740525722,0.65,28.692307692307693,0.0,20.0,False
env_odom_noise,0.0,0.3,0.0004287497348723022,0.12297747611204755,0.5430914454483884,-0.7077777568300126,1.0,1.0,0.3628,0.8087230995297432,0.65,28.692307692307693,0.0,20.0,False
env_odom_noise,0.0,0.3,0.0008877808989802905,0.12297747622802434,0.543091483478422,-0.7045303729555866,1.0,1.0,0.3628,0.8133971653878689,0.65,28.692307692307693,0.0,20.0,False
env_odom_noise,0.0,0.3,0.001838263351530691,0.12297747744914928,0.5430914009116732,-0.6979305214635054,1.0,1.0,0.3628,0.8229924842715264,0.65,28.692307692307693,0.0,20.0,False
env_odom_noise,0.0,0.3,0.003806358250624933,0.12317934933076768,0.543091471049553,-0.6854435726583067,1.0,1.0,0.3628,0.8354829952120781,0.65,28.76923076923077,0.0,20.0,False
env_odom_noise,0.0,0.3,0.00788154924594252,0.12317934928937457,0.5406607915186725,-0.6611376201376137,1.0,1.0,0.3628,0.8512421056628228,0.6,28.083333333333332,0.0,20.0,False
env_odom_noise,0.0,0.3,0.01631975090784437,0.12317935174177799,0.5369612673105044,-0.6155079232095683,1.0,1.0,0.3628,0.9060750767588616,0.6,28.333333333333332,0.0,20.0,False
env_odom_noise,0.0,0.3,0.03379212149580846,0.12322691784452434,0.5308180104091978,-0.5400764718907894,1.0,1.0,0.3628,0.9928441792726517,0.6,29.0,0.0,20.0,False
env_odom_noise,0.0,0.3,0.0699708887492028,0.12309535888803147,0.5182260523378254,-0.4183522492389634,1.0,1.0,0.3628,1.130248636007309,0.6,30.25,0.0,20.0,False
env_odom_noise,0.0,0.3,0.14488363132100487,0.12295776652981233,0.5087565548086548,-0.2496318160499613,1.0,1.0,0.3628,1.2598683267831803,0.5,29.9,0.0,20.0,False
env_odom_noise,0.0,0.3,0.3,0.12274738377175375,0.5030086157780432,-0.03267052952594787,1.0,1.0,0.3628,1.3596601530909538,0.45,29.77777777777778,0.0,20.0,False
env_odom_noise,0.0375,0.00010000000000000009,0.00010000000000000009,0.12277365016516714,0.7408366868833527,62.94226516338727,0.15107212475633527,0.2309941520467836,1.255133723196881,0.3377259712666273,1.0,24.65,0.0,20.0,False
env_odom_noise,0.0375,0.00010000000000000009,0.00020706272838739032,0.12277365012971662,0.740838109842408,55.37108051273269,0.1617933723196881,0.2573099415204678,1.2180966861598441,0.3380550842732191,1.0,24.65,0.0,20.0,False
env_odom_noise,0.0375,0.00010000000000000009,0.0004287497348723022,0.12277364963177145,0.7408587691133304,50.65590626321419,0.19005847953216373,0.30214424951267055,1.1449972709551657,0.34244059957563877,1.0,24.65,0.0,20.0,False
env_odom_noise,0.0375,0.00010000000000000009,0.0008877808989802905,0.12277364802991662,0.7381404871326712,47.9798874920488,0.2198443579766537,0.3657587548638132,1.0515968871595331,0.34572899118065836,1.0,24.7,0.0,20.0,False
env_odom_noise,0.0375,0.00010000000000000009,0.001838263351530691,0.12277364846205535,0.7341986582953968,46.559530277543544,0.26647286821705424,0.42829457364341084,0.942432558139535,0.3545898515731096,1.0,24.8,0.0,20.0,False
env_odom_noise,0.0375,0.00010000000000000009,0.003806358250624933,0.12220973734559064,0.7321553934199286,45.816997998881554,0.3371868978805395,0.48554913294797686,0.8144639691714837,0.37289230674505236,1.0,24.95,0.0,20.0,False
env_odom_noise,0.0375,0.00010000000000000009,0.00788154924594252,0.12214529491464311,0.7222848991872948,45.25957468625832,0.40095238095238095,0.52,0.716247619047619,0.37898487597703934,0.95,24.526315789473685,0.0,20.0,False
env_odom_noise,0.0375,0.00010000000000000009,0.01631975090784437,0.12256234674389553,0.7181239900692235,45.93414161524304,0.4547169811320755,0.5339622641509434,0.6485207547169811,0.43001333326101304,0.9,24.0,0.0,20.0,False
env_odom_noise,0.0375,0.00010000000000000009,0.03379212149580846,0.12258642397373319,0.6896699008177255,45.137290526267286,0.49175824175824173,0.5467032967032966,0.5987384615384617,0.4544979818165302,0.9,24.88888888888889,0.0,20.0,False
env_odom_noise,0.0375,0.00010000000000000009,0.0699708887492028,0.12361351123220916,0.6526691191014069,44.928953014087554,0.5175131348511384,0.5595446584938704,0.5601422066549913,0.5357490904629231,0.9,26.27777777777778,0.0,20.0,False
env_odom_noise,0.0375,0.00010000000000000009,0.14488363132100487,0.12360558837196063,0.625883018399069,44.577683378781494,0.5240464344941956,0.5613598673300166,0.5517936981757877,0.6054256573319435,0.75,25.866666666666667,0.0,20.0,False
env_odom_noise,0.0375,0.00010000000000000009,0.3,0.12318488405224493,0.625195529879132,45.20930374854594,0.5145395799676898,0.5525040387722132,0.5701563812600969,0.6867398828268051,0.75,26.933333333333334,0.0,20.0,False
env_odom_noise,0.0375,0.00020706272838739032,0.00010000000000000009,0.12277365016516714,0.7408366868833527,32.207550153379096,0.16666666666666666,0.27485380116959063,1.1956795321637428,0.3377259712666273,1.0,24.65,0.0,20.0,False
env_odom_noise,0.0375,0.00020706272838739032,0.00020706272838739032,0.1227736501961909,0.7408385945727871,27.226378304794434,0.1793372319688109,0.3001949317738791,1.15766783625731,0.33810996524989606,1.0,24.65,0.0,20.0,False
env_odom_noise,0.0375,0.00020706272838739032,0.0004287497348723022,0.12277365016059878,0.7408600081073583,23.68408153967829,0.20175438596491227,0.34307992202729043,1.0923656920077973,0.34280966557562353,1.0,24.65,0.0,20.0,False
env_odom_noise,0.0375,0.00020706272838739032,0.0008877808989802905,0.12277364976726396,0.7381430517738026,21.482852081479653,0.23249027237354086,0.4046692607003891,1.00004046692607,0.3463815402239561,1.0,24.7,0.0,20.0,False
env_odom_noise,0.0375,0.00020706272838739032,0.001838263351530691,0.12277364924807554,0.7342017104948968,20.289978719732648,0.27810077519379844,0.4641472868217054,0.8949519379844961,0.35524621568620207,1.0,24.8,0.0,20.0,False
env_odom_noise,0.0375,0.00020706272838739032,0.003806358250624933,0.12220973878080509,0.7321590946984913,19.70625830853972,0.34971098265895956,0.5202312138728323,0.767257803468208,0.37359985448420047,1.0,24.95,0.0,20.0,False
env_odom_noise,0.0375,0.00020706272838739032,0.00788154924594252,0.12214529560497224,0.7222873132532184,19.40224637025288,0.4123809523809524,0.5542857142857143,0.6705333333333333,0.3794753134250641,0.95,24.526315789473685,0.0,20.0,False
env_odom_noise,0.0375,0.00020706272838739032,0.01631975090784437,0.12256234468799954,0.7181257367132111,19.774873040450476,0.4669811320754717,0.5679245283018868,0.6022943396226415,0.4303650543093681,0.9,24.0,0.0,20.0,False
env_odom_noise,0.0375,0.00020706272838739032,0.03379212149580846,0.12258642525375381,0.689671032377315,19.51492618376466,0.5036630036630036,0.5796703296703297,0.5538666666666666,0.45475433096289636,0.9,24.88888888888889,0.0,20.0,False
env_odom_noise,0.0375,0.00020706272838739032,0.0699708887492028,0.12361351283003864,0.6526703440097346,19.587743464394748,0.5288966725043783,0.5910683012259195,0.5172350262697022,0.5359427228569984,0.9,26.27777777777778,0.0,20.0,False
env_odom_noise,0.0375,0.00020706272838739032,0.14488363132100487,0.12360558986107074,0.6258839411408786,19.571360094336466,0.5356550580431177,0.5920398009950248,0.5095051409618574,0.6055472955107689,0.75,25.866666666666667,0.0,20.0,False
env_odom_noise,0.0375,0.00020706272838739032,0.3,0.1231848851544185,0.625196165739515,19.985180452884794,0.5266558966074314,0.5848142164781907,0.5257298869143779,0.686804386228323,0.75,26.933333333333334,0.0,20.0,False
env_odom_noise,0.0375,0.0004287497348723022,0.00010000000000000009,0.12277365016516714,0.7408366868833527,15.434879919921222,0.20175438596491227,0.3538011695906433,1.0816444444444446,0.3377259712666273,1.0,24.65,0.0,20.0,False
env_odom_noise,0.0375,0.0004287497348723022,0.00020706272838739032,0.12277364974126308,0.7408399359848045,12.635505855650884,0.21832358674463936,0.3840155945419103,1.0348608187134505,0.3382654134184122,1.0,24.65,0.0,20.0,False
env_odom_noise,0.0375,0.0004287497348723022,0.0004287497348723022,0.12277365085795622,0.7408627061580626,10.32655887717429,0.23586744639376217,0.4220272904483431,0.9793052631578947,0.34363554902374743,1.0,24.65,0.0,20.0,False
env_odom_noise,0.0375,0.0004287497348723022,0.0008877808989802905,0.12277364755540203,0.7381482408858459,8.704315857700083,0.26264591439688717,0.4766536964980545,0.8979003891050583,0.3477087035775185,1.0,24.7,0.0,20.0,False
env_odom_noise,0.0375,0.0004287497348723022,0.001838263351530691,0.12277364697065714,0.7342080253563081,7.756475395495661,0.312015503875969,0.5290697674418605,0.7961147286821705,0.3565880455076694,1.0,24.8,0.0,20.0,False
env_odom_noise,0.0375,0.0004287497348723022,0.003806358250624933,0.12220973870640642,0.7321667334344659,7.290579422218224,0.37957610789980734,0.5867052023121387,0.6709186897880539,0.37505009695887565,1.0,24.95,0.0,20.0,False
env_odom_noise,0.0375,0.0004287497348723022,0.00788154924594252,0.12214529419944672,0.7222922480457477,7.117032021970864,0.4419047619047619,0.6180952380952381,0.5771999999999999,0.3804857969284058,0.95,24.526315789473685,0.0,20.0,False
env_odom_noise,0.0375,0.0004287497348723022,0.01631975090784437,0.12256234667563361,0.7181291426777522,7.345691135756662,0.4971698113207547,0.6311320754716981,0.5088981132075472,0.43109221681952475,0.9,24.0,0.0,20.0,False
env_odom_noise,0.0375,0.0004287497348723022,0.03379212149580846,0.12258642759410251,0.6896734517881653,7.341139139540964,0.5338827838827839,0.641941391941392,0.4613758241758241,0.45528383180499077,0.9,24.88888888888889,0.0,20.0,False
env_odom_noise,0.0375,0.0004287497348723022,0.0699708887492028,0.12361351060935212,0.6526728156761964,7.544075951647182,0.5586690017513135,0.6506129597197898,0.42791803852889665,0.5363434731960297,0.9,26.27777777777778,0.0,20.0,False
env_odom_noise,0.0375,0.0004287497348723022,0.14488363132100487,0.12360558689388074,0.6258858591099273,7.687691617076765,0.5638474295190713,0.6517412935323383,0.42161127694859035,0.6057986155152321,0.75,25.866666666666667,0.0,20.0,False
env_odom_noise,0.0375,0.0004287497348723022,0.3,0.12318488226654975,0.6251973176387357,7.999766413368772,0.5549273021001615,0.6445880452342488,0.43768465266558965,0.6869378961622715,0.75,26.933333333333334,0.0,20.0,False
env_odom_noise,0.0375,0.0008877808989802905,0.00010000000000000009,0.12277365012474166,0.7408366847446404,6.123081305332466,0.2553606237816764,0.46296296296296297,0.9188764132553606,0.3377448540180922,1.0,24.65,0.0,20.0,False
env_odom_noise,0.0375,0.0008877808989802905,0.00020706272838739032,0.12277365045024485,0.7408435151976299,4.808794421856018,0.26608187134502925,0.4834307992202729,0.8876873294346979,0.3388985563069582,1.0,24.65,0.0,20.0,False
env_odom_noise,0.0375,0.0008877808989802905,0.0004287497348723022,0.1227736502185332,0.7408690719025988,3.532294963793577,0.2797270955165692,0.5146198830409356,0.8428530214424952,0.34571920391172173,1.0,24.65,0.0,20.0,False
env_odom_noise,0.0375,0.0008877808989802905,0.0008877808989802905,0.12277364971094175,0.7381607762596039,2.5003535906062626,0.3103112840466926,0.5680933852140078,0.7587953307392996,0.350719153508544,1.0,24.7,0.0,20.0,False
env_odom_noise,0.0375,0.0008877808989802905,0.001838263351530691,0.12238418630273522,0.7342247661132544,1.8132429227481144,0.35880077369439073,0.6189555125725339,0.6594437137330753,0.3502030339092016,1.0,24.85,0.0,20.0,False
env_odom_noise,0.0375,0.0008877808989802905,0.003806358250624933,0.12214529645198542,0.732181970447914,1.4767455976303088,0.4201923076923077,0.6692307692307692,0.5477769230769232,0.36632556915283204,1.0,25.0,0.0,20.0,False
env_odom_noise,0.0375,0.0008877808989802905,0.00788154924594252,0.12214529443788788,0.7223023715907618,1.385670032743328,0.47714285714285715,0.6923809523809524,0.4676761904761904,0.382557088136673,0.95,24.526315789473685,0.0,20.0,False
env_odom_noise,0.0375,0.0008877808989802905,0.01631975090784437,0.1225623452183622,0.7181362283996985,1.5479854338258934,0.5339622641509434,0.7056603773584905,0.3975773584905661,0.43258995935320854,0.9,24.0,0.0,20.0,False
env_odom_noise,0.0375,0.0008877808989802905,0.03379212149580846,0.12258642447389552,0.6896784428835064,1.6628463183077375,0.5677655677655677,0.7142857142857143,0.35514871794871794,0.4563781537115574,0.9,24.88888888888889,0.0,20.0,False
env_odom_noise,0.0375,0.0008877808989802905,0.0699708887492028,0.1236135102246073,0.6526779218981233,1.922743303009424,0.5910683012259195,0.7197898423817863,0.3263418563922942,0.5371719859540462,0.9,26.27777777777778,0.0,20.0,False
env_odom_noise,0.0375,0.0008877808989802905,0.14488363132100487,0.12360559051407491,0.6258898751928497,2.141735035073414,0.5953565505804311,0.7222222222222222,0.31962122719734665,0.606318961083889,0.75,25.866666666666667,0.0,20.0,False
env_odom_noise,0.0375,0.0008877808989802905,0.3,0.1233429109775516,0.6251999064652423,2.4204272491981587,0.5870967741935483,0.7161290322580646,0.3339741935483871,0.6756571039557457,0.75,27.0,0.0,20.0,False
env_odom_noise,0.0375,0.001838263351530691,0.00010000000000000009,0.12277365091720092,0.7408412802367694,1.1097073049792507,0.3382066276803119,0.5994152046783626,0.6995781676413255,0.3386129330843687,1.0,24.65,0.0,20.0,False
env_odom_noise,0.0375,0.001838263351530691,0.00020706272838739032,0.12277364958926826,0.740856059009838,0.6073817258063821,0.3460038986354776,0.6111111111111112,0.6800849902534112,0.3425633989274502,1.0,24.65,0.0,20.0,False
env_odom_noise,0.0375,0.001838263351530691,0.0004287497348723022,0.12277364742137724,0.7381247788414408,0.017662884319970613,0.35894941634241245,0.6361867704280155,0.642063813229572,0.3405667576938868,1.0,24.7,0.0,20.0,False
env_odom_noise,0.0375,0.001838263351530691,0.0008877808989802905,0.12277364753326284,0.7381963604596411,-0.5223587599330319,0.39299610894941633,0.6750972762645915,0.5691066147859922,0.3583988185971975,1.0,24.7,0.0,20.0,False
env_odom_noise,0.0375,0.001838263351530691,0.001838263351530691,0.12238418768587991,0.7320148790940825,-0.9349754807047512,0.42857142857142855,0.7200772200772201,0.48855135135135136,0.3470507949590683,1.0,24.9,0.0,20.0,False
env_odom_noise,0.0375,0.001838263351530691,0.003806358250624933,0.12214529650266517,0.7322123813826722,-1.1486354843103461,0.48846153846153845,0.7615384615384615,0.38720000000000004,0.37217686884105206,1.0,25.0,0.0,20.0,False
env_odom_noise,0.0375,0.001838263351530691,0.00788154924594252,0.12266126824063828,0.7223228506763378,-1.1466491101901852,0.547438330170778,0.7836812144212524,0.3060804554079696,0.36499071419239043,0.95,24.63157894736842,0.0,20.0,False
env_odom_noise,0.0375,0.001838263351530691,0.01631975090784437,0.12256234656057693,0.7181507432510108,-1.0457663672129387,0.5981132075471698,0.7952830188679245,0.24380377358490568,0.43566235676407816,0.9,24.0,0.0,20.0,False
env_odom_noise,0.0375,0.001838263351530691,0.03379212149580846,0.12258642561283103,0.6896886979747028,-0.8773158906391568,0.63003663003663,0.8021978021978022,0.20496556776556774,0.4586338624358177,0.9,24.88888888888889,0.0,20.0,False
env_odom_noise,0.0375,0.001838263351530691,0.0699708887492028,0.12361351096365238,0.6526884483975828,-0.5962430836296504,0.649737302977233,0.8064798598949212,0.1809828371278458,0.5388836547732353,0.9,26.27777777777778,0.0,20.0,False
env_odom_noise,0.0375,0.001838263351530691,0.14488363132100487,0.12360558731432589,0.6258980102716996,-0.3430757664684084,0.6550580431177446,0.806799336650083,0.1753426202321724,0.6073949187994003,0.75,25.866666666666667,0.0,20.0,False
env_odom_noise,0.0375,0.001838263351530691,0.3,0.12334291039109845,0.6252052309185251,-0.09240999678428694,0.646774193548387,0.8032258064516129,0.18720000000000003,0.6762282609939575,0.75,27.0,0.0,20.0,False
env_odom_noise,0.0375,0.003806358250624933,0.00010000000000000009,0.12277365052318266,0.7367166312084668,-1.3282130947966648,0.45048543689320386,0.7514563106796116,0.4352582524271845,0.36021801456809044,1.0,24.75,0.0,20.0,False
env_odom_noise,0.0375,0.003806358250624933,0.00020706272838739032,0.12277364997370492,0.7367356868817673,-1.4853487249794226,0.4563106796116505,0.7601941747572816,0.4206951456310679,0.36487231254577634,1.0,24.75,0.0,20.0,False
env_odom_noise,0.0375,0.003806358250624933,0.0004287497348723022,0.12277364878950446,0.7343392153997006,-1.7012911320858306,0.4738372093023256,0.7848837209302325,0.3784790697674419,0.36210667937994,1.0,24.8,0.0,20.0,False
env_odom_noise,0.0375,0.003806358250624933,0.0008877808989802905,0.12277364874913597,0.7344060211133719,-1.933596441843461,0.49224806201550386,0.8081395348837209,0.3368124031007752,0.37805875241756437,1.0,24.8,0.0,20.0,False
env_odom_noise,0.0375,0.003806358250624933,0.001838263351530691,0.12238418959843729,0.7322690793566977,-2.130838129449691,0.527992277992278,0.8397683397683398,0.26943938223938224,0.38449805974960327,1.0,24.9,0.0,20.0,False
env_odom_noise,0.0375,0.003806358250624933,0.003806358250624933,0.12214529728292209,0.7285849990748183,-2.232797733920306,0.5823754789272031,0.8639846743295019,0.19083984674329502,0.3753880597651005,0.95,24.36842105263158,0.0,20.0,False
env_odom_noise,0.0375,0.003806358250624933,0.00788154924594252,0.12266126916238694,0.7201447958516098,-2.2043675301074903,0.6316287878787878,0.8835227272727273,0.12204848484848485,0.38595474138855934,0.95,24.68421052631579,0.0,20.0,True
env_odom_noise,0.0375,0.003806358250624933,0.01631975090784437,0.1225801444657471,0.711390870142996,-2.0924249156597323,0.6794392523364486,0.8925233644859814,0.06523738317757,0.4219702698290348,0.9,24.27777777777778,0.0,20.0,True
env_odom_noise,0.0375,0.003806358250624933,0.03379212149580846,0.12258642605985562,0.6858991968453556,-1.8987028561232198,0.708941605839416,0.8968978102189781,0.08384379562043798,0.46931435316801073,0.9,25.0,0.0,20.0,True
env_odom_noise,0.0375,0.003806358250624933,0.0699708887492028,0.12360634593021805,0.651499651882042,-1.6158748249558117,0.7233856893542757,0.8987783595113438,0.09640732984293199,0.5476740337908268,0.85,25.647058823529413,0.0,20.0,True
env_odom_noise,0.0375,0.003806358250624933,0.14488363132100487,0.12346410806312184,0.6261903944729886,-1.357518292361982,0.7289256198347107,0.9,0.10072561983471073,0.6122134543955327,0.75,26.0,0.0,20.0,True
env_odom_noise,0.0375,0.003806358250624933,0.3,0.12301676834521658,0.6255233616549919,-1.1156517944377506,0.7246376811594203,0.8977455716586151,0.0986921095008052,0.6926738008856773,0.75,27.066666666666666,0.0,20.0,True
env_odom_noise,0.0375,0.00788154924594252,0.00010000000000000009,0.12220281376729245,0.7309481411657484,-2.3118817438468766,0.5882917466410749,0.8896353166986565,0.15927293666026865,0.38469058573246,1.0,25.05,0.0,20.0,False
env_odom_noise,0.0375,0.00788154924594252,0.00020706272838739032,0.12220281525989152,0.7309626030261761,-2.349182973452126,0.5940499040307101,0.8953934740882917,0.14775662188099814,0.38820676803588866,1.0,25.05,0.0,20.0,True
env_odom_noise,0.0375,0.00788154924594252,0.0004287497348723022,0.12220281495453007,0.7309907843525604,-2.4066346344914438,0.6046065259117083,0.9001919385796545,0.1324015355086372,0.3951123058795929,1.0,25.05,0.0,20.0,True
env_odom_noise,0.0375,0.00788154924594252,0.0008877808989802905,0.12220281486748759,0.7288676635458075,-2.478085408084687,0.6197318007662835,0.9128352490421456,0.10463295019157082,0.3973452299833298,1.0,25.1,0.0,20.0,True
env_odom_noise,0.0375,0.00788154924594252,0.001838263351530691,0.12203022791493837,0.7248040839962935,-2.541802469995611,0.6485714285714286,0.9314285714285714,0.05720000000000003,0.39358860775828364,1.0,25.25,0.0,20.0,True
env_odom_noise,0.0375,0.00788154924594252,0.003806358250624933,0.12187998812620708,0.720398007318773,-2.563454564468477,0.6931818181818182,0.9422348484848485,0.022746969696969765,0.38959760740399363,0.95,24.68421052631579,0.0,20.0,True
env_odom_noise,0.0375,0.00788154924594252,0.00788154924594252,0.12254520585716414,0.717833927925707,-2.5042302573649144,0.7386792452830189,0.9556603773584905,0.0571396226415094,0.4262985333800316,0.9,24.0,0.0,20.0,True
env_odom_noise,0.0375,0.00788154924594252,0.01631975090784437,0.12299023439240998,0.7054211290237652,-2.3759942424476237,0.774582560296846,0.961038961038961,0.09842152133580706,0.4470134973526001,0.9,24.5,0.0,20.0,True
env_odom_noise,0.0375,0.00788154924594252,0.03379212149580846,0.12324913088324108,0.6823348488590426,-2.181803985650917,0.7965641952983725,0.9620253164556962,0.12138951175406876,0.4871592879295349,0.9,25.27777777777778,0.0,20.0,True
env_odom_noise,0.0375,0.00788154924594252,0.0699708887492028,0.12383691275298338,0.6488317740291124,-1.9044167972071737,0.8107638888888888,0.9626736111111112,0.1362375,0.5885029450058937,0.85,25.823529411764707,0.0,20.0,True
env_odom_noise,0.0375,0.00788154924594252,0.14488363132100487,0.12390144610045527,0.6254589142750173,-1.6566736503461095,0.8114754098360656,0.9631147540983607,0.13739016393442627,0.6228305663913488,0.75,26.333333333333332,0.0,20.0,True
env_odom_noise,0.0375,0.00788154924594252,0.3,0.12274243684149778,0.6248689770534394,-1.4147693901371643,0.8125,0.9639423076923077,0.13924230769230772,0.7276306450366974,0.75,27.266666666666666,0.0,20.0,True
env_odom_noise,0.0375,0.01631975090784437,0.00010000000000000009,0.12229401304162651,0.7161138043770217,-2.49207000405744,0.7537593984962406,0.9680451127819549,0.08460451127819557,0.37892862409353256,0.9,24.11111111111111,0.0,20.0,True
env_odom_noise,0.0375,0.01631975090784437,0.00020706272838739032,0.12229401074087705,0.7161238577357719,-2.4970727242679693,0.756578947368421,0.9699248120300752,0.08930375939849622,0.3815263442695141,0.9,24.11111111111111,0.0,20.0,True
env_odom_noise,0.0375,0.01631975090784437,0.0004287497348723022,0.12229401163432427,0.7161438839281803,-2.504802043215372,0.7603383458646616,0.9727443609022557,0.09588270676691735,0.3867612488567829,0.9,24.11111111111111,0.0,20.0,True
env_odom_noise,0.0375,0.01631975090784437,0.0008877808989802905,0.12229401080665964,0.7140903986151804,-2.513729841000181,0.774859287054409,0.9737335834896811,0.11139287054409008,0.3872065398842096,0.9,24.166666666666668,0.0,20.0,True
env_odom_noise,0.0375,0.01631975090784437,0.001838263351530691,0.12295319234739467,0.7141627412604025,-2.5109871504074808,0.797752808988764,0.9775280898876404,0.1380808988764044,0.3973318591713905,0.9,24.22222222222222,0.0,20.0,True
env_odom_noise,0.0375,0.01631975090784437,0.003806358250624933,0.12308410492016597,0.7142948962052651,-2.4870727110630666,0.8205607476635514,0.9841121495327103,0.16747289719626168,0.4288686364889145,0.9,24.27777777777778,0.0,20.0,False
env_odom_noise,0.0375,0.01631975090784437,0.00788154924594252,0.12300346205185658,0.7055812997104983,-2.421167829293513,0.8512014787430684,0.9916820702402958,0.20568354898336416,0.4284408040344715,0.9,24.61111111111111,0.0,20.0,False
env_odom_noise,0.0375,0.01631975090784437,0.01631975090784437,0.123445369959456,0.6930529495161678,-2.295569496871556,0.8743169398907104,0.994535519125683,0.23165245901639342,0.4528880536556244,0.9,25.055555555555557,0.0,20.0,False
env_odom_noise,0.0375,0.01631975090784437,0.03379212149580846,0.12371643036077624,0.6776978649374006,-2.1100238761941683,0.89375,0.9946428571428572,0.2511928571428572,0.5223757810890675,0.9,25.666666666666668,0.0,20.0,False
env_odom_noise,0.0375,0.01631975090784437,0.0699708887492028,0.12377269255855888,0.6384967701417746,-1.845530197113443,0.9054514480408858,0.9948892674616695,0.26314071550255536,0.5851174674928188,0.85,26.470588235294116,0.0,20.0,False
env_odom_noise,0.0375,0.01631975090784437,0.14488363132100487,0.12324002398724591,0.6224465784724832,-1.6160758146820862,0.907108239095315,0.9951534733441034,0.26506171243941845,0.6290489174425602,0.75,26.933333333333334,0.0,20.0,False
env_odom_noise,0.0375,0.01631975090784437,0.3,0.12301431733364206,0.6218518904525278,-1.3579397645168076,0.9063492063492063,0.9952380952380953,0.2643873015873016,0.7519369542598724,0.65,25.923076923076923,0.0,20.0,False
env_odom_noise,0.0375,0.03379212149580846,0.00010000000000000009,0.12336554912044076,0.6985110682097366,-2.257887718185566,0.8843351548269581,0.9936247723132969,0.24075992714025507,0.4018571745604277,0.9,25.055555555555557,0.0,20.0,False
env_odom_noise,0.0375,0.03379212149580846,0.00020706272838739032,0.12336554952124427,0.6985183534275947,-2.2563949945151056,0.8861566484517304,0.9936247723132969,0.2425814207650273,0.40381808802485464,0.9,25.055555555555557,0.0,20.0,False
env_odom_noise,0.0375,0.03379212149580846,0.0004287497348723022,0.12336555088559327,0.6985332861747292,-2.253111567236868,0.8888888888888888,0.9936247723132969,0.24531366120218578,0.4078241564333439,0.9,25.055555555555557,0.0,20.0,False
env_odom_noise,0.0375,0.03379212149580846,0.0008877808989802905,0.12336555126263256,0.6985632559506036,-2.245711024627437,0.895264116575592,0.9954462659380692,0.2535103825136612,0.4159034635871649,0.9,25.055555555555557,0.0,20.0,False
env_odom_noise,0.0375,0.03379212149580846,0.001838263351530691,0.1233655509445031,0.6986221908955189,-2.229023644124589,0.9052823315118397,0.9972677595628415,0.2653500910746812,0.4318395145237446,0.9,25.055555555555557,0.0,20.0,False
env_odom_noise,0.0375,0.03379212149580846,0.003806358250624933,0.12336554864536413,0.6921310899250916,-2.195577247746653,0.9184782608695652,0.9990942028985508,0.280372463768116,0.43221470937132833,0.9,25.22222222222222,0.0,20.0,False
env_odom_noise,0.0375,0.03379212149580846,0.00788154924594252,0.12339849122473918,0.6883850308731714,-2.129445288101887,0.9343525179856115,1.0,0.2971525179856115,0.45093986168503764,0.9,25.444444444444443,0.0,20.0,False
env_odom_noise,0.0375,0.03379212149580846,0.01631975090784437,0.12365111881592371,0.6790500227210543,-2.0147140817151197,0.9448398576512456,1.0,0.3076398576512456,0.49271451905369756,0.9,25.77777777777778,0.0,20.0,False
env_odom_noise,0.0375,0.03379212149580846,0.03379212149580846,0.12380245548779617,0.6578905089171149,-1.8401061117460948,0.9591304347826087,1.0,0.32193043478260874,0.5458650883287192,0.9,26.5,0.0,20.0,False
env_odom_noise,0.0375,0.03379212149580846,0.0699708887492028,0.12385130951782529,0.6269961191931512,-1.6159819135410238,0.9653465346534653,1.0,0.3281465346534653,0.5715001463890076,0.8,26.875,0.0,20.0,False
env_odom_noise,0.0375,0.03379212149580846,0.14488363132100487,0.12277467906132694,0.6213657160349328,-1.392783002712185,0.9672523961661342,1.0,0.33005239616613424,0.699235986173153,0.7,26.571428571428573,0.0,20.0,False
env_odom_noise,0.0375,0.03379212149580846,0.3,0.12262503903866588,0.6123418900512785,-1.1295104289530762,0.9672897196261683,1.0,0.3300897196261683,0.7971385382115841,0.65,26.846153846153847,0.0,20.0,False
env_odom_noise,0.0375,0.0699708887492028,0.00010000000000000009,0.12315692885955747,0.6769617499622582,-1.8145559051169,0.9701230228471002,0.9991212653778558,0.332044288224956,0.4905281446874142,0.85,25.41176470588235,0.0,20.0,False
env_odom_noise,0.0375,0.0699708887492028,0.00020706272838739032,0.12315693024420789,0.6769681532784574,-1.8127451603262905,0.9701230228471002,0.9991212653778558,0.332044288224956,0.4920657955110073,0.85,25.41176470588235,0.0,20.0,False
env_odom_noise,0.0375,0.0699708887492028,0.0004287497348723022,0.12315693088822857,0.6747472043126655,-1.810395342844234,0.9719298245614035,1.0,0.33472982456140354,0.4852868586778641,0.85,25.470588235294116,0.0,20.0,False
env_odom_noise,0.0375,0.0699708887492028,0.0008877808989802905,0.1231569320061707,0.6747737666067888,-1.8027650971351257,0.9728070175438597,1.0,0.3356070175438597,0.49173895865678785,0.85,25.470588235294116,0.0,20.0,False
env_odom_noise,0.0375,0.0699708887492028,0.001838263351530691,0.12315693212974732,0.6713111582379969,-1.7885660068839622,0.9737762237762237,1.0,0.33657622377622376,0.4863105468451977,0.85,25.58823529411765,0.0,20.0,False
env_odom_noise,0.0375,0.0699708887492028,0.003806358250624933,0.12282726131415171,0.6714231163662588,-1.7596713860195272,0.9764397905759162,1.0,0.33923979057591624,0.5020519912242889,0.85,25.647058823529413,0.0,20.0,False
env_odom_noise,0.0375,0.0699708887492028,0.00788154924594252,0.12282726294335282,0.6641201302831252,-1.7069313042810768,0.9809358752166378,1.0,0.34373587521663784,0.5134937480092049,0.85,25.88235294117647,0.0,20.0,False
env_odom_noise,0.0375,0.0699708887492028,0.01631975090784437,0.12305359436524828,0.6544726925477071,-1.613224681931486,0.9888698630136986,1.0,0.3516698630136986,0.5423999704420567,0.85,26.294117647058822,0.0,20.0,False
env_odom_noise,0.0375,0.0699708887492028,0.03379212149580846,0.12293590788860641,0.6356283030546588,-1.467968384507934,0.9941666666666666,1.0,0.35696666666666665,0.5679291635751724,0.8,26.5,0.0,20.0,False
env_odom_noise,0.0375,0.0699708887492028,0.0699708887492028,0.12249710183370072,0.6243091248047485,-1.2863124362455838,0.9967793880837359,1.0,0.3595793880837359,0.663345255702734,0.7,26.214285714285715,0.0,20.0,False
env_odom_noise,0.0375,0.0699708887492028,0.14488363132100487,0.12245083341257897,0.6161898577355942,-1.0747235044628485,0.9968798751950078,1.0,0.35967987519500777,0.7863999620079994,0.65,26.76923076923077,0.0,20.0,False
env_odom_noise,0.0375,0.0699708887492028,0.3,0.12275230618698893,0.6060267633889045,-0.807387011027848,0.996937212863706,1.0,0.35973721286370597,0.9394261702895165,0.6,26.75,0.0,20.0,False
env_odom_noise,0.0375,0.14488363132100487,0.00010000000000000009,0.12202758525881881,0.6396371644124235,-1.2782213742357882,0.9926229508196721,1.0,0.3554229508196721,0.5714082513004541,0.85,27.823529411764707,0.0,20.0,False
env_odom_noise,0.0375,0.14488363132100487,0.00020706272838739032,0.12182135072231468,0.6396441161347429,-1.278045071971307,0.9926350245499181,1.0,0.35543502454991815,0.5656580537557602,0.85,27.88235294117647,0.0,20.0,False
env_odom_noise,0.0375,0.14488363132100487,0.0004287497348723022,0.12182135084783133,0.6396583393867076,-1.2755180252847576,0.9926350245499181,1.0,0.35543502454991815,0.5681563187390566,0.85,27.88235294117647,0.0,20.0,False
env_odom_noise,0.0375,0.14488363132100487,0.0008877808989802905,0.12182135102022325,0.6396876199158139,-1.2703552292092755,0.9934533551554828,1.0,0.35625335515548284,0.5733005996793509,0.85,27.88235294117647,0.0,20.0,False
env_odom_noise,0.0375,0.14488363132100487,0.001838263351530691,0.12182135071864326,0.6368362165019453,-1.261241545223725,0.9942903752039152,1.0,0.3570903752039152,0.5667483646422624,0.85,28.0,0.0,20.0,False
env_odom_noise,0.0375,0.14488363132100487,0.003806358250624933,0.12201411950688473,0.6333611239876282,-1.2428935640754484,0.9959415584415584,1.0,0.3587415584415584,0.5614604473114013,0.85,28.176470588235293,0.0,20.0,False
env_odom_noise,0.0375,0.14488363132100487,0.00788154924594252,0.1220141172733754,0.6336124443641927,-1.2037399493053162,0.9967532467532467,1.0,0.35955324675324674,0.5964779429137707,0.8,27.5,0.0,20.0,False
env_odom_noise,0.0375,0.14488363132100487,0.01631975090784437,0.12212680619548508,0.6268889352517363,-1.13884493507168,0.9992,1.0,0.362,0.6092032462358474,0.8,28.0625,0.0,20.0,False
env_odom_noise,0.0375,0.14488363132100487,0.03379212149580846,0.12210474173778386,0.6225825080556775,-1.0360582241218834,1.0,1.0,0.3628,0.6641982413828373,0.7,27.285714285714285,0.0,20.0,False
env_odom_noise,0.0375,0.14488363132100487,0.0699708887492028,0.1216445164067363,0.6101306441655368,-0.8859661832311324,1.0,1.0,0.3628,0.7931116662919522,0.7,28.428571428571427,0.0,20.0,False
env_odom_noise,0.0375,0.14488363132100487,0.14488363132100487,0.12277397418901807,0.6022702229271375,-0.6871104263880796,1.0,1.0,0.3628,0.9591399751603603,0.6,27.833333333333332,0.0,20.0,False
env_odom_noise,0.0375,0.14488363132100487,0.3,0.12242166502089487,0.5934980864521052,-0.4444516036169179,1.0,1.0,0.3628,1.0750639900565147,0.6,29.0,0.0,20.0,False
env_odom_noise,0.0375,0.3,0.00010000000000000009,0.12297747553031557,0.6050247076846087,-0.6880867570546659,0.9992503748125937,1.0,0.3620503748125937,0.8043147854506969,0.65,28.76923076923077,0.0,20.0,False
env_odom_noise,0.0375,0.3,0.00020706272838739032,0.12297747663675192,0.605031894694463,-0.6873700790797956,0.9992503748125937,1.0,0.3620503748125937,0.8053928177803755,0.65,28.76923076923077,0.0,20.0,False
env_odom_noise,0.0375,0.3,0.0004287497348723022,0.1229774763536888,0.603858055179318,-0.6865361629358068,0.999251497005988,1.0,0.36205149700598804,0.799805311113596,0.65,28.846153846153847,0.0,20.0,False
env_odom_noise,0.0375,0.3,0.0008877808989802905,0.12297747489078636,0.6038887537358062,-0.6834994967716861,0.999251497005988,1.0,0.36205149700598804,0.8044071517884731,0.65,28.846153846153847,0.0,20.0,False
env_odom_noise,0.0375,0.3,0.001838263351530691,0.1229774765597855,0.6024965680420654,-0.6779622150966162,1.0,1.0,0.3628,0.8061584759503603,0.65,28.923076923076923,0.0,20.0,False
env_odom_noise,0.0375,0.3,0.003806358250624933,0.12317934923271585,0.6026251405592221,-0.6662122274625669,1.0,1.0,0.3628,0.8184246711432934,0.65,29.0,0.0,20.0,False
env_odom_noise,0.0375,0.3,0.00788154924594252,0.1231793492929185,0.602884461290823,-0.6420486505717571,1.0,1.0,0.3628,0.8494304966181516,0.6,28.166666666666668,0.0,20.0,False
env_odom_noise,0.0375,0.3,0.01631975090784437,0.12304682937605228,0.5988962617366695,-0.6003404196982135,1.0,1.0,0.3628,0.8946636185050011,0.6,28.5,0.0,20.0,False
env_odom_noise,0.0375,0.3,0.03379212149580846,0.12322691798657305,0.5950531421349458,-0.5260213901067201,1.0,1.0,0.3628,0.9967255216091871,0.6,29.0,0.0,20.0,False
env_odom_noise,0.0375,0.3,0.0699708887492028,0.12327356735184021,0.5878806984131086,-0.41031380113333554,1.0,1.0,0.3628,1.1446397237479686,0.55,29.181818181818183,0.0,20.0,False
env_odom_noise,0.0375,0.3,0.14488363132100487,0.12295777001046809,0.577583209339914,-0.2424336876587821,1.0,1.0,0.3628,1.2672592043876647,0.55,30.727272727272727,0.0,20.0,False
env_odom_noise,0.0375,0.3,0.3,0.12274738694122769,0.5726599752464909,-0.028246839186750285,1.0,1.0,0.3628,1.3624882340431212,0.45,29.77777777777778,0.0,20.0,False
env_odom_noise,0.075,0.00010000000000000009,0.00010000000000000009,0.12277364998026061,0.8461860956880056,93.13168744790302,0.13255360623781676,0.195906432748538,1.3087399610136452,0.3747793536633253,1.0,24.65,0.0,20.0,False
env_odom_noise,0.075,0.00010000000000000009,0.00020706272838739032,0.12277365009240038,0.8461877720668953,72.40158215855764,0.14327485380116958,0.2134502923976608,1.2804748538011697,0.3750979732722044,1.0,24.65,0.0,20.0,False
env_odom_noise,0.075,0.00010000000000000009,0.0004287497348723022,0.12277364965431832,0.8462175904009055,59.69603313271728,0.1539961013645224,0.25146198830409355,1.231741910331384,0.37902796305716036,1.0,24.65,0.0,20.0,False
env_odom_noise,0.075,0.00010000000000000009,0.0008877808989802905,0.12238418774972526,0.8378806853328488,52.262631000347554,0.1769825918762089,0.2940038684719536,1.1662135396518374,0.3506953243166208,1.0,24.85,0.0,20.0,False
env_odom_noise,0.075,0.00010000000000000009,0.001838263351530691,0.12238418577237095,0.8360096250104626,48.6324272469729,0.2133204633204633,0.3465250965250965,1.0773544401544402,0.3676191419363022,1.0,24.9,0.0,20.0,False
env_odom_noise,0.075,0.00010000000000000009,0.003806358250624933,0.12248640110757941,0.8342652594894202,47.19896548002369,0.25908221797323133,0.4130019120458891,0.9651158699808795,0.40616554841399194,1.0,25.15,0.0,20.0,False
env_odom_noise,0.075,0.00010000000000000009,0.00788154924594252,0.12279456435995231,0.8301386632556677,46.90462836635992,0.30893536121673004,0.48003802281368824,0.8482266159695817,0.4050197385251522,0.95,24.57894736842105,0.0,20.0,False
env_odom_noise,0.075,0.00010000000000000009,0.01631975090784437,0.12269552342132457,0.8243530816672723,46.4266007640177,0.38018867924528305,0.5113207547169811,0.7456905660377358,0.45939973965287206,0.9,24.0,0.0,20.0,False
env_odom_noise,0.075,0.00010000000000000009,0.03379212149580846,0.12258642663000371,0.7946500312961994,45.34941073055935,0.4541284403669725,0.5385321100917431,0.6445394495412844,0.48097009435296056,0.9,24.833333333333332,0.0,20.0,False
env_odom_noise,0.075,0.00010000000000000009,0.0699708887492028,0.12361351097954436,0.7546782235077141,45.06889146973525,0.49736842105263157,0.5587719298245614,0.581059649122807,0.5502696350216866,0.85,25.470588235294116,0.0,20.0,False
env_odom_noise,0.075,0.00010000000000000009,0.14488363132100487,0.12346417132820847,0.7325738958979378,44.77306616439077,0.5149253731343284,0.5580431177446102,0.5642315091210613,0.6157170414924622,0.8,26.6875,0.0,20.0,False
env_odom_noise,0.075,0.00010000000000000009,0.3,0.12334291510468774,0.7337996909305563,45.45456497441371,0.5129240710823909,0.5508885298869144,0.5733873990306947,0.697521087527275,0.8,27.6875,0.0625,20.0,False
env_odom_noise,0.075,0.00020706272838739032,0.00010000000000000009,0.12277364998026061,0.8461860956880056,56.13076399291163,0.14717348927875243,0.23586744639376217,1.2541590643274856,0.3747793536633253,1.0,24.65,0.0,20.0,False
env_odom_noise,0.075,0.00020706272838739032,0.00020706272838739032,0.12277365009444231,0.8461883960808619,41.807744347117755,0.15594541910331383,0.2553606237816764,1.2258939571150096,0.3751515354961157,1.0,24.65,0.0,20.0,False
env_odom_noise,0.075,0.00020706272838739032,0.0004287497348723022,0.12277364964420472,0.8462195872935758,31.911529529190567,0.16569200779727095,0.2894736842105263,1.1820343079922027,0.3793421257287264,1.0,24.65,0.0,20.0,False
env_odom_noise,0.075,0.00020706272838739032,0.0008877808989802905,0.12238418729485585,0.8378852363136711,25.68593828570572,0.1885880077369439,0.3317214700193424,1.1168905222437138,0.3512473005801439,1.0,24.85,0.0,20.0,False
env_odom_noise,0.075,0.00020706272838739032,0.001838263351530691,0.12238418604879792,0.8360152471109088,22.403576870613904,0.22683397683397682,0.3832046332046332,1.02716138996139,0.36819949373602867,1.0,24.9,0.0,20.0,False
env_odom_noise,0.075,0.00020706272838739032,0.003806358250624933,0.12248640067525757,0.8342724646882428,20.924137324560093,0.27246653919694075,0.4474187380497132,0.917314722753346,0.40677336901426314,1.0,25.15,0.0,20.0,False
env_odom_noise,0.075,0.00020706272838739032,0.00788154924594252,0.12279456554623282,0.8301438487225762,20.45810937652603,0.32414448669201523,0.5142585551330798,0.7987969581749049,0.4054608836770058,0.95,24.57894736842105,0.0,20.0,False
env_odom_noise,0.075,0.00020706272838739032,0.01631975090784437,0.12269552303372194,0.8243567172643715,20.14154304320963,0.39245283018867927,0.5452830188679245,0.6994641509433962,0.4597231693565845,0.9,24.0,0.0,20.0,False
env_odom_noise,0.075,0.00020706272838739032,0.03379212149580846,0.1225864248127774,0.7946527262927797,19.679831372807346,0.46605504587155966,0.5715596330275229,0.5995853211009174,0.48121565356850626,0.9,24.833333333333332,0.0,20.0,False
env_odom_noise,0.075,0.00020706272838739032,0.0699708887492028,0.12361351327178277,0.7546813569540705,19.683178818819968,0.5087719298245614,0.5903508771929824,0.5380771929824562,0.5504586443305015,0.85,25.470588235294116,0.0,20.0,False
env_odom_noise,0.075,0.00020706272838739032,0.14488363132100487,0.12346417295288437,0.732576049287639,19.66770664368263,0.5265339966832504,0.5895522388059702,0.5211137645107794,0.6158350095152855,0.8,26.6875,0.0,20.0,False
env_odom_noise,0.075,0.00020706272838739032,0.3,0.12334291459533568,0.7338011114333653,20.10460252144216,0.5250403877221325,0.5831987075928917,0.5289609046849758,0.6975845292210578,0.8,27.6875,0.0625,20.0,False
env_odom_noise,0.075,0.0004287497348723022,0.00010000000000000009,0.12277364998026061,0.8461860956880056,32.78178864427242,0.18031189083820662,0.3157894736842105,1.141098635477583,0.3747793536633253,1.0,24.65,0.0,20.0,False
env_odom_noise,0.075,0.0004287497348723022,0.00020706272838739032,0.12277365003383128,0.8461902395343321,24.19052463338474,0.1881091617933723,0.3333333333333333,1.1157575048732942,0.3753035169094801,1.0,24.65,0.0,20.0,False
env_odom_noise,0.075,0.0004287497348723022,0.0004287497348723022,0.12277364950739338,0.8462238385570133,17.37115102705363,0.19980506822612085,0.3635477582846004,1.0738471734892787,0.3800485607236624,1.0,24.65,0.0,20.0,False
env_odom_noise,0.075,0.0004287497348723022,0.0008877808989802905,0.12238418810367956,0.8378947255341809,12.591473718388368,0.2205029013539652,0.402321083172147,1.014376015473888,0.35237053260207174,1.0,24.85,0.0,20.0,False
env_odom_noise,0.075,0.0004287497348723022,0.001838263351530691,0.12238418788967327,0.8360264919007591,9.806754713455074,0.25868725868725867,0.4498069498069498,0.9287057915057915,0.36938716731965543,1.0,24.9,0.0,20.0,False
env_odom_noise,0.075,0.0004287497348723022,0.003806358250624933,0.12248639910578232,0.8342874454009188,8.407858908051583,0.3011472275334608,0.5133843212237094,0.8226684512428298,0.4080188933759928,1.0,25.15,0.0,20.0,False
env_odom_noise,0.075,0.0004287497348723022,0.00788154924594252,0.12279456670617046,0.8301542766028975,7.884594449052198,0.35551330798479086,0.5779467680608364,0.7037399239543727,0.40636963993310926,0.95,24.57894736842105,0.0,20.0,False
env_odom_noise,0.075,0.0004287497348723022,0.01631975090784437,0.12269552227285677,0.8243640387155641,7.650991991974245,0.42452830188679247,0.6084905660377359,0.6041811320754716,0.46039075031876564,0.9,24.0,0.0,20.0,False
env_odom_noise,0.075,0.0004287497348723022,0.03379212149580846,0.12258642611532218,0.7946583897418605,7.48329625111785,0.4963302752293578,0.6339449541284403,0.5069247706422019,0.4817237712442875,0.9,24.833333333333332,0.0,20.0,False
env_odom_noise,0.075,0.0004287497348723022,0.0699708887492028,0.1236135120817672,0.7546876730167225,7.618288014948711,0.5385964912280702,0.65,0.4486035087719298,0.5508497059345245,0.85,25.470588235294116,0.0,20.0,False
env_odom_noise,0.075,0.0004287497348723022,0.14488363132100487,0.1234641714996679,0.7325805044139284,7.737440101989068,0.554726368159204,0.6492537313432836,0.43321990049751247,0.6160783886909484,0.8,26.6875,0.0,20.0,False
env_odom_noise,0.075,0.0004287497348723022,0.3,0.12334291104725996,0.7338040498234545,8.059019645806359,0.5533117932148627,0.6429725363489499,0.4409156704361874,0.6977154456079007,0.8,27.6875,0.0625,20.0,False
env_odom_noise,0.075,0.0008877808989802905,0.00010000000000000009,0.12277365000047333,0.8461860937010878,17.55139458514277,0.22417153996101363,0.41812865497076024,0.9948998050682261,0.3747972335666418,1.0,24.65,0.0,20.0,False
env_odom_noise,0.075,0.0008877808989802905,0.00020706272838739032,0.12277364895372894,0.8461954389514827,13.1877345508542,0.23294346978557504,0.4239766081871345,0.9802799220272905,0.37587986178696153,1.0,24.65,0.0,20.0,False
env_odom_noise,0.075,0.0008877808989802905,0.0004287497348723022,0.12277364974234137,0.8436556625988314,9.112575887147475,0.24124513618677043,0.45330739299610895,0.9426474708171205,0.37153466008603575,1.0,24.7,0.0,20.0,False
env_odom_noise,0.075,0.0008877808989802905,0.0008877808989802905,0.12238418764084522,0.8379181452499684,5.8552713223654225,0.2620889748549323,0.48549323017408125,0.8896177949709865,0.3549474488943815,1.0,24.85,0.0,20.0,False
env_odom_noise,0.075,0.0008877808989802905,0.001838263351530691,0.12238418850535715,0.8360589797470264,3.7163717778872862,0.2972972972972973,0.5337837837837838,0.8061189189189188,0.3723781906068325,1.0,24.9,0.0,20.0,False
env_odom_noise,0.075,0.0008877808989802905,0.003806358250624933,0.12242166632333083,0.8343178966171724,2.50452190083,0.3387404580152672,0.5925572519083969,0.7059022900763359,0.3988726411014795,1.0,25.2,0.0,20.0,False
env_odom_noise,0.075,0.0008877808989802905,0.00788154924594252,0.12279456538938165,0.8301757534732782,2.0051299449071553,0.3925855513307985,0.6539923954372624,0.5906220532319391,0.40823260620236396,0.95,24.57894736842105,0.0,20.0,False
env_odom_noise,0.075,0.0008877808989802905,0.01631975090784437,0.12269552465913068,0.824379359622092,1.8217047662093913,0.45943396226415095,0.6830188679245283,0.4947471698113208,0.4617671065032482,0.9,24.0,0.0,20.0,False
env_odom_noise,0.075,0.0008877808989802905,0.03379212149580846,0.1225864272064671,0.7946702102133305,1.793747671333949,0.5302752293577981,0.7064220183486238,0.400502752293578,0.4827735245227814,0.9,24.833333333333332,0.0,20.0,False
env_odom_noise,0.075,0.0008877808989802905,0.0699708887492028,0.12361351253128017,0.7547005112466831,1.986900257895173,0.5710526315789474,0.7192982456140351,0.3468491228070175,0.5516591027379036,0.85,25.470588235294116,0.0,20.0,False
env_odom_noise,0.075,0.0008877808989802905,0.14488363132100487,0.12346417217541102,0.7325898110175773,2.1701917573962506,0.5870646766169154,0.7205638474295191,0.3295714759535655,0.6165829703211785,0.8,26.6875,0.0,20.0,False
env_odom_noise,0.075,0.0008877808989802905,0.3,0.12334291050097838,0.7338100776547936,2.438814832733378,0.5864297253634895,0.715670436187399,0.3350998384491115,0.6979869320988655,0.8,27.6875,0.0625,20.0,False
env_odom_noise,0.075,0.001838263351530691,0.00010000000000000009,0.1227736490761668,0.8461924853261493,7.958202616764402,0.3060428849902534,0.5331384015594542,0.7980187134502923,0.37559400834143164,1.0,24.65,0.0,20.0,False
env_odom_noise,0.075,0.001838263351530691,0.00020706272838739032,0.12277364918109655,0.8462150466747776,6.128298220644661,0.3128654970760234,0.5497076023391813,0.7746269005847953,0.37905109748244287,1.0,24.65,0.0,20.0,False
env_odom_noise,0.075,0.001838263351530691,0.0004287497348723022,0.12277364928014682,0.8405999914421021,4.060342949972105,0.32233009708737864,0.570873786407767,0.7439961165048543,0.36575334444642066,1.0,24.75,0.0,20.0,False
env_odom_noise,0.075,0.001838263351530691,0.0008877808989802905,0.12238418755307057,0.8379884970872584,2.14784049494446,0.3413926499032882,0.5947775628626693,0.7010297872340425,0.36166187897324564,1.0,24.85,0.0,20.0,False
env_odom_noise,0.075,0.001838263351530691,0.001838263351530691,0.1223841868943167,0.8361401691393471,0.7034526787885208,0.3754826254826255,0.6361003861003861,0.6256169884169884,0.37939612194895744,1.0,24.9,0.0,20.0,False
env_odom_noise,0.075,0.001838263351530691,0.003806358250624933,0.12242166601035302,0.8343778275192001,-0.22618574654128906,0.4064885496183206,0.6870229007633588,0.5436885496183206,0.40390289947390556,1.0,25.2,0.0,20.0,False
env_odom_noise,0.075,0.001838263351530691,0.00788154924594252,0.12279456457396028,0.8274182291457355,-0.6544335302963563,0.45825426944971537,0.7466793168880456,0.43226641366223906,0.4018001414835453,0.95,24.63157894736842,0.0,20.0,False
env_odom_noise,0.075,0.001838263351530691,0.01631975090784437,0.12269552215898699,0.8244106647144774,-0.7917070691802561,0.5216981132075472,0.7735849056603774,0.34191698113207536,0.4645909555256367,0.9,24.0,0.0,20.0,False
env_odom_noise,0.075,0.001838263351530691,0.03379212149580846,0.12258642528644761,0.7946945432125204,-0.7527566461332416,0.5926605504587156,0.7954128440366972,0.2491266055045872,0.4849376678466797,0.9,24.833333333333332,0.0,20.0,False
env_odom_noise,0.075,0.001838263351530691,0.0699708887492028,0.12361351162521748,0.7547274260765733,-0.536899385063404,0.6298245614035087,0.8061403508771929,0.20123508771929832,0.5533302552998066,0.85,25.470588235294116,0.0,20.0,False
env_odom_noise,0.075,0.001838263351530691,0.14488363132100487,0.12346417169050103,0.7326089646223055,-0.32372597534530134,0.6467661691542289,0.8051409618573798,0.18529286898839126,0.6176257371902466,0.8,26.6875,0.0,20.0,False
env_odom_noise,0.075,0.001838263351530691,0.3,0.12334291060565712,0.7338226591602754,-0.07810419115493034,0.6462035541195477,0.802907915993538,0.18808852988691438,0.6985485069453716,0.8,27.6875,0.0625,20.0,False
env_odom_noise,0.075,0.003806358250624933,0.00010000000000000009,0.12238418936664144,0.8383405968974095,2.425992247520633,0.41876208897485495,0.6808510638297872,0.5375868471953578,0.3729072645306587,1.0,24.85,0.0,20.0,False
env_odom_noise,0.075,0.003806358250624933,0.00020706272838739032,0.12238418976990706,0.8383747643088668,1.797545073701933,0.4206963249516441,0.6876208897485493,0.5288827852998066,0.37691886350512505,1.0,24.85,0.0,20.0,False
env_odom_noise,0.075,0.003806358250624933,0.0004287497348723022,0.12238418974708129,0.8363759705952841,0.9515510560078887,0.42857142857142855,0.6998069498069498,0.5088216216216217,0.3760613925755024,1.0,24.9,0.0,20.0,False
env_odom_noise,0.075,0.003806358250624933,0.0008877808989802905,0.12238418634289043,0.836485467654327,0.011855811191698384,0.4391891891891892,0.721042471042471,0.4769683397683398,0.38983782529830935,1.0,24.9,0.0,20.0,False
env_odom_noise,0.075,0.003806358250624933,0.001838263351530691,0.1226599842455338,0.836679067071184,-0.8358998780139,0.46449136276391556,0.7523992322456814,0.42030940499040303,0.42197113260626795,1.0,25.05,0.0,20.0,False
env_odom_noise,0.075,0.003806358250624933,0.003806358250624933,0.12228133799629141,0.8348818536967137,-1.4424431719177457,0.4932950191570881,0.8007662835249042,0.34313869731800767,0.42302141785621644,0.95,24.36842105263158,0.0,20.0,False
env_odom_noise,0.075,0.003806358250624933,0.00788154924594252,0.12279456550932237,0.8241788943000639,-1.7568572185125784,0.5453686200378072,0.8478260869565217,0.2440052930056711,0.419534283131361,0.95,24.736842105263158,0.0,20.0,False
env_odom_noise,0.075,0.003806358250624933,0.01631975090784437,0.12258014384956664,0.8199844069147764,-1.856083837786639,0.6060037523452158,0.8724202626641651,0.15877598499061918,0.46726307198405265,0.9,24.166666666666668,0.0,20.0,False
env_odom_noise,0.075,0.003806358250624933,0.03379212149580846,0.12258642775431335,0.7930181867243272,-1.7808168642570288,0.6712454212454212,0.8901098901098901,0.07584468864468874,0.5015001967549324,0.9,24.88888888888889,0.0,20.0,True
env_odom_noise,0.075,0.003806358250624933,0.0699708887492028,0.1236063465340719,0.7532047507050258,-1.5625250561873458,0.7045454545454546,0.8986013986013986,0.07774405594405598,0.5606167368590832,0.85,25.58823529411765,0.0,20.0,True
env_odom_noise,0.075,0.003806358250624933,0.14488363132100487,0.12327099741185431,0.731549561863303,-1.3420070200812653,0.7227722772277227,0.9001650165016502,0.09440726072607264,0.6133311808109283,0.8,26.875,0.0,20.0,True
env_odom_noise,0.075,0.003806358250624933,0.3,0.12301676706140269,0.7345385998408888,-1.1029968223967717,0.7241935483870968,0.8975806451612903,0.09841290322580654,0.7109456352889538,0.75,27.0,0.0,20.0,True
env_odom_noise,0.075,0.00788154924594252,0.00010000000000000009,0.12247858326629518,0.8355802849734973,-0.35039020618680455,0.5381679389312977,0.8005725190839694,0.2984595419847329,0.41986905597150326,1.0,25.2,0.0,20.0,False
env_odom_noise,0.075,0.00788154924594252,0.00020706272838739032,0.12247858654791809,0.8356044895663857,-0.5313765677604398,0.5419847328244275,0.8053435114503816,0.28987175572519086,0.42289339303970336,1.0,25.2,0.0,20.0,False
env_odom_noise,0.075,0.00788154924594252,0.0004287497348723022,0.12247858610582711,0.8356522665701754,-0.8164557135482026,0.5448473282442748,0.8101145038167938,0.2822381679389313,0.42884639874100683,1.0,25.2,0.0,20.0,False
env_odom_noise,0.075,0.00788154924594252,0.0008877808989802905,0.1223068385441593,0.8320231077018492,-1.1895239321737,0.5569259962049335,0.8206831119544592,0.25959089184060724,0.41884492300450804,1.0,25.35,0.0,20.0,False
env_odom_noise,0.075,0.00788154924594252,0.001838263351530691,0.12216619437630206,0.8291756553722777,-1.5902211133207973,0.5807984790874525,0.8479087452471483,0.20849277566539914,0.41511785350739955,0.95,24.57894736842105,0.0,20.0,False
env_odom_noise,0.075,0.00788154924594252,0.003806358250624933,0.12201600892111401,0.8252136055633417,-1.926652076481689,0.6068052930056711,0.889413988657845,0.14098071833648385,0.4100866585969925,0.9,23.944444444444443,0.0,20.0,True
env_odom_noise,0.075,0.00788154924594252,0.00788154924594252,0.12267844135220862,0.8233730586086888,-2.1158876149368697,0.6497175141242938,0.9227871939736346,0.06469529190207157,0.45352845042943957,0.9,24.055555555555557,0.0,20.0,True
env_odom_noise,0.075,0.00788154924594252,0.01631975090784437,0.12299508423864546,0.8096652926838842,-2.1609448294644396,0.7055555555555556,0.9416666666666667,0.03568888888888899,0.4625995084643364,0.9,24.555555555555557,0.0,20.0,True
env_odom_noise,0.075,0.00788154924594252,0.03379212149580846,0.12298993638970757,0.7863842605342987,-2.069405427573905,0.7617753623188406,0.9565217391304348,0.0810971014492754,0.5078168921172619,0.9,25.22222222222222,0.0,20.0,True
env_odom_noise,0.075,0.00788154924594252,0.0699708887492028,0.12383691370952897,0.7532104817571509,-1.855719363002218,0.7926829268292683,0.9625435540069687,0.11802648083623701,0.6080762200057507,0.85,25.705882352941178,0.0,20.0,True
env_odom_noise,0.075,0.00788154924594252,0.14488363132100487,0.12389863816117674,0.7300865838917092,-1.6376073294501952,0.8047385620915033,0.9632352941176471,0.13077385620915039,0.6146126478910446,0.8,27.25,0.0,20.0,True
env_odom_noise,0.075,0.00788154924594252,0.3,0.12274243666312443,0.7310148945259247,-1.3964984323801186,0.8130990415335463,0.9640575079872205,0.13995654952076675,0.7273419860750436,0.75,27.4,0.0,20.0,True
env_odom_noise,0.075,0.01631975090784437,0.00010000000000000009,0.12242765783040789,0.8192741352295362,-1.4831871438418176,0.6853932584269663,0.8876404494382022,0.06955280898876415,0.40534109584987166,0.9,24.22222222222222,0.0,20.0,True
env_odom_noise,0.075,0.01631975090784437,0.00020706272838739032,0.12242765786614074,0.8192900768000653,-1.5277683613426354,0.6863295880149812,0.8895131086142322,0.06861647940074911,0.40747820883989333,0.9,24.22222222222222,0.0,20.0,True
env_odom_noise,0.075,0.01631975090784437,0.0004287497348723022,0.12242765701381625,0.8193222275787806,-1.6059861787421215,0.6900749063670412,0.8923220973782772,0.06955280898876404,0.411806845292449,0.9,24.22222222222222,0.0,20.0,True
env_odom_noise,0.075,0.01631975090784437,0.0008877808989802905,0.12242765601421535,0.81938643358606,-1.7261560698884446,0.6985018726591761,0.903558052434457,0.06674382022471914,0.4204146504402161,0.9,24.22222222222222,0.0,20.0,True
env_odom_noise,0.075,0.01631975090784437,0.001838263351530691,0.12308410430964849,0.8195112648583455,-1.8757779349676127,0.708411214953271,0.9196261682242991,0.060585046728971914,0.4286600086838007,0.9,24.27777777777778,0.0,20.0,True
env_odom_noise,0.075,0.01631975090784437,0.003806358250624933,0.12308410349880006,0.8175203068694108,-2.01890690489161,0.7285447761194029,0.9449626865671642,0.05538208955223878,0.45562201626598836,0.9,24.333333333333332,0.0,20.0,True
env_odom_noise,0.075,0.01631975090784437,0.00788154924594252,0.12300346314538528,0.8114310766789353,-2.1092694406750345,0.7643253234750462,0.967652495378928,0.09477781885397418,0.45787891559302807,0.9,24.61111111111111,0.0,20.0,True
env_odom_noise,0.075,0.01631975090784437,0.01631975090784437,0.12300823252725833,0.8017076484706708,-2.1085173346274364,0.8131868131868132,0.9789377289377289,0.1549245421245421,0.5048915328457951,0.9,24.88888888888889,0.0,20.0,False
env_odom_noise,0.075,0.01631975090784437,0.03379212149580846,0.12371642866460923,0.7811522286025685,-2.001423521815471,0.8609625668449198,0.9884135472370766,0.21217611408199644,0.5333517340943217,0.9,25.72222222222222,0.0,20.0,False
env_odom_noise,0.075,0.01631975090784437,0.0699708887492028,0.12344538751456115,0.7412140929534757,-1.800881831034073,0.8872881355932203,0.9949152542372881,0.2450033898305084,0.5786921516060829,0.85,26.647058823529413,0.0,20.0,False
env_odom_noise,0.075,0.01631975090784437,0.14488363132100487,0.12324002584451936,0.7297795988360065,-1.5871798929417913,0.901453957996769,0.9951534733441034,0.2594074313408724,0.6476996824145317,0.8,27.6875,0.0,20.0,False
env_odom_noise,0.075,0.01631975090784437,0.3,0.12301431675739158,0.7283923911154835,-1.3409719933773687,0.9066455696202531,0.995253164556962,0.2646987341772151,0.7475214829668403,0.65,26.076923076923077,0.0,20.0,False
env_odom_noise,0.075,0.03379212149580846,0.00010000000000000009,0.12336554942895354,0.8042981914434927,-1.7522192080737933,0.7950819672131147,0.941712204007286,0.12516976320582884,0.4426060501486063,0.9,25.055555555555557,0.0,20.0,True
env_odom_noise,0.075,0.03379212149580846,0.00020706272838739032,0.12336555158832112,0.804311579482219,-1.7609186988201826,0.7969034608378871,0.9426229508196722,0.12608051001821496,0.44427233673632144,0.9,25.055555555555557,0.0,20.0,True
env_odom_noise,0.075,0.03379212149580846,0.0004287497348723022,0.12336554991943613,0.8043391116474968,-1.7771135435896523,0.7987249544626593,0.9462659380692168,0.12425901639344261,0.44768759682774545,0.9,25.055555555555557,0.0,20.0,True
env_odom_noise,0.075,0.03379212149580846,0.0008877808989802905,0.12336555227389044,0.8043951406427219,-1.8043739970782562,0.7996357012750456,0.9526411657559198,0.11879453551912578,0.4546198848634958,0.9,25.055555555555557,0.0,20.0,True
env_odom_noise,0.075,0.03379212149580846,0.001838263351530691,0.12336554980138024,0.8045070567032958,-1.8426254501513362,0.8087431693989071,0.9562841530054644,0.12782732240437156,0.4684613596647978,0.9,25.055555555555557,0.0,20.0,True
env_odom_noise,0.075,0.03379212149580846,0.003806358250624933,0.12339511268199514,0.804727019904221,-1.883264533081108,0.8236363636363636,0.9727272727272728,0.1591636363636364,0.4862482585012913,0.9,25.11111111111111,0.0,20.0,False
env_odom_noise,0.075,0.03379212149580846,0.00788154924594252,0.12339849218048993,0.7933996259999968,-1.8989068970299703,0.8572710951526032,0.981149012567325,0.20122010771992827,0.47623319178819656,0.9,25.5,0.0,20.0,False
env_odom_noise,0.075,0.03379212149580846,0.01631975090784437,0.12365111956345547,0.7826892016916334,-1.8627256668301233,0.8960923623445826,0.9884547069271759,0.24734706927175842,0.5105124212801456,0.9,25.833333333333332,0.0,20.0,False
env_odom_noise,0.075,0.03379212149580846,0.03379212149580846,0.12380245426926129,0.7602259778363896,-1.748208183232646,0.9296875,0.9991319444444444,0.29161944444444443,0.5562185827642679,0.9,26.555555555555557,0.0,20.0,False
env_odom_noise,0.075,0.03379212149580846,0.0699708887492028,0.12357394577412903,0.7345300316998717,-1.5649695159464538,0.9485049833887044,1.0,0.3113049833887044,0.6209130343049765,0.85,27.352941176470587,0.058823529411764705,20.0,False
env_odom_noise,0.075,0.03379212149580846,0.14488363132100487,0.12261385360049597,0.7278630257801074,-1.3644820901538361,0.9618441971383148,1.0,0.3246441971383148,0.6958866138011217,0.7,26.785714285714285,0.0,20.0,False
env_odom_noise,0.075,0.03379212149580846,0.3,0.12270672473040478,0.7249335372794999,-1.11202757296518,0.9671875,1.0,0.3299875,0.8252154946327209,0.65,26.692307692307693,0.0,20.0,False
env_odom_noise,0.075,0.0699708887492028,0.00010000000000000009,0.12282725971629069,0.7846248964664692,-1.5604830384653767,0.8868421052631579,0.9850877192982456,0.23472982456140346,0.5125962674617768,0.85,25.470588235294116,0.0,20.0,False
env_odom_noise,0.075,0.0699708887492028,0.00020706272838739032,0.1228272624149941,0.7846381330448451,-1.561268228417829,0.887719298245614,0.9850877192982456,0.2356070175438596,0.5139567028731108,0.85,25.470588235294116,0.0,20.0,False
env_odom_noise,0.075,0.0699708887492028,0.0004287497348723022,0.12282726029436725,0.7820002015519374,-1.5644605300322731,0.8879159369527145,0.9851138353765324,0.23582977232924696,0.5073664456605911,0.85,25.529411764705884,0.0,20.0,False
env_odom_noise,0.075,0.0699708887492028,0.0008877808989802905,0.12282726083190748,0.7820558986194172,-1.5666047090751434,0.8896672504378283,0.9868651488616462,0.23933239929947459,0.5131439208984375,0.85,25.529411764705884,0.0,20.0,False
env_odom_noise,0.075,0.0699708887492028,0.001838263351530691,0.12282726019676131,0.7782864250773033,-1.5703889945296592,0.8979057591623036,0.9886561954624782,0.24936195462478183,0.5058951880782843,0.85,25.647058823529413,0.0,20.0,False
env_odom_noise,0.075,0.0699708887492028,0.003806358250624933,0.12282726255160209,0.7749215557244604,-1.5689399158360016,0.9078260869565218,0.9904347826086957,0.26106086956521746,0.5121546212583781,0.85,25.764705882352942,0.0,20.0,False
env_odom_noise,0.075,0.0699708887492028,0.00788154924594252,0.12282726172193326,0.7715946572341614,-1.5510872972839043,0.9246100519930676,0.9930675909878682,0.2804776429809358,0.5400063183158637,0.85,25.88235294117647,0.0,20.0,False
env_odom_noise,0.075,0.0699708887492028,0.01631975090784437,0.12305359501888381,0.7573921587454495,-1.4984300940921005,0.9471890971039182,0.9965928449744463,0.30658194207836453,0.5477826174348592,0.85,26.470588235294116,0.0,20.0,False
env_odom_noise,0.075,0.0699708887492028,0.03379212149580846,0.1227761363155345,0.7453239455798979,-1.3958593123775584,0.9725457570715474,1.0,0.33534575707154746,0.5815590130165219,0.8,26.5625,0.0,20.0,False
env_odom_noise,0.075,0.0699708887492028,0.0699708887492028,0.12242959083911495,0.7321403370512578,-1.2330110056738615,0.9838449111470113,1.0,0.34664491114701135,0.6983196567744017,0.75,26.933333333333334,0.06666666666666667,20.0,False
env_odom_noise,0.075,0.0699708887492028,0.14488363132100487,0.1224508339135602,0.7244151937251203,-1.047511420125229,0.9922239502332815,1.0,0.3550239502332815,0.7831869643181563,0.65,26.923076923076923,0.0,20.0,False
env_odom_noise,0.075,0.0699708887492028,0.3,0.12283340063778,0.7185471885610766,-0.7821751333623136,0.9969418960244648,1.0,0.3597418960244648,0.9588297799229621,0.6,26.833333333333332,0.0,20.0,False
env_odom_noise,0.075,0.14488363132100487,0.00010000000000000009,0.12201411856999991,0.7480559864068034,-1.1492095749818865,0.9380097879282219,0.9967373572593801,0.29754714518760195,0.5770609002560377,0.85,28.0,0.058823529411764705,20.0,False
env_odom_noise,0.075,0.14488363132100487,0.00020706272838739032,0.12201411824239618,0.7480697544349523,-1.1486429744438698,0.9380097879282219,0.9967373572593801,0.29754714518760195,0.5781524509191514,0.85,28.0,0.058823529411764705,20.0,False
env_odom_noise,0.075,0.14488363132100487,0.0004287497348723022,0.12201411710118894,0.7480985047654125,-1.1474578125818429,0.9388254486133768,0.9967373572593801,0.2983628058727569,0.5804094683378935,0.85,28.0,0.058823529411764705,20.0,False
env_odom_noise,0.075,0.14488363132100487,0.0008877808989802905,0.12201411705193059,0.74815731654802,-1.1449598753479182,0.9396411092985318,0.9975530179445351,0.29999412724306695,0.5850713692605496,0.85,28.0,0.058823529411764705,20.0,False
env_odom_noise,0.075,0.14488363132100487,0.001838263351530691,0.122014118943282,0.7459710601468922,-1.1407003252791594,0.9438110749185668,0.997557003257329,0.30416807817589575,0.5865121372044086,0.85,28.058823529411764,0.058823529411764705,20.0,False
env_odom_noise,0.075,0.14488363132100487,0.003806358250624933,0.12201411886020908,0.7458474463614289,-1.1282243871122426,0.9463414634146341,0.9975609756097561,0.3067024390243902,0.5908236537128687,0.8,27.4375,0.0,20.0,False
env_odom_noise,0.075,0.14488363132100487,0.00788154924594252,0.12201411800587565,0.7426400034649238,-1.10527965108919,0.9586709886547812,0.9983792544570502,0.3198502431118314,0.6131314031779767,0.8,27.5625,0.0,20.0,False
env_odom_noise,0.075,0.14488363132100487,0.01631975090784437,0.12205690699394971,0.7376014334107801,-1.0587749498499852,0.9758454106280193,1.0,0.33864541062801934,0.6573356367647648,0.8,27.8125,0.0625,20.0,False
env_odom_noise,0.075,0.14488363132100487,0.03379212149580846,0.12203612060429149,0.7318542258185139,-0.9747338168703326,0.9818897637795275,1.0,0.34468976377952754,0.7013469837605953,0.75,28.0,0.0,20.0,False
env_odom_noise,0.075,0.14488363132100487,0.0699708887492028,0.12211651158943214,0.7211578697209069,-0.8496424454831832,0.9900914634146342,1.0,0.3528914634146342,0.7877204153686762,0.7,28.714285714285715,0.0,20.0,False
env_odom_noise,0.075,0.14488363132100487,0.14488363132100487,0.12287798547250665,0.7132427602965961,-0.6630028355856625,0.9985074626865672,1.0,0.3613074626865672,0.9561660382896662,0.6,28.166666666666668,0.0,20.0,False
env_odom_noise,0.075,0.14488363132100487,0.3,0.12252520060467266,0.7110402848346293,-0.43529920457615723,1.0,1.0,0.3628,1.084587031044066,0.6,29.0,0.0,20.0,False
env_odom_noise,0.075,0.3,0.00010000000000000009,0.1229774763113297,0.7162718580199305,-0.6184197037642898,0.9761194029850746,1.0,0.3389194029850746,0.816341457888484,0.7,29.714285714285715,0.07142857142857142,20.0,False
env_odom_noise,0.075,0.3,0.00020706272838739032,0.12297747703999351,0.7162860003246209,-0.6178946888191927,0.9761194029850746,1.0,0.3389194029850746,0.8173178918659687,0.7,29.714285714285715,0.07142857142857142,20.0,False
env_odom_noise,0.075,0.3,0.0004287497348723022,0.12297747489892791,0.7163151252374963,-0.6168092660372632,0.9761194029850746,1.0,0.3389194029850746,0.8193353161215782,0.7,29.714285714285715,0.07142857142857142,20.0,False
env_odom_noise,0.075,0.3,0.0008877808989802905,0.12317934907804175,0.7163753213413283,-0.6153533455769297,0.9769001490312966,1.0,0.33970014903129664,0.8162905283272266,0.7,29.785714285714285,0.07142857142857142,20.0,False
env_odom_noise,0.075,0.3,0.001838263351530691,0.12317934937346896,0.7170127572275614,-0.6097372089729242,0.9784226190476191,1.0,0.3412226190476191,0.8183381918817758,0.7,29.857142857142858,0.0,20.0,False
env_odom_noise,0.075,0.3,0.003806358250624933,0.12328131329089831,0.7172847131448066,-0.6011768392398106,0.9814264487369985,1.0,0.3442264487369985,0.8411570325493812,0.7,29.928571428571427,0.07142857142857142,20.0,False
env_odom_noise,0.075,0.3,0.00788154924594252,0.12328131278926721,0.7149280145346928,-0.583518386055607,0.9829629629629629,1.0,0.34576296296296294,0.8489658027887345,0.6,28.583333333333332,0.0,20.0,False
env_odom_noise,0.075,0.3,0.01631975090784437,0.12314887930095268,0.7134445227976792,-0.5480442517583746,0.9867256637168141,1.0,0.34952566371681415,0.8957061473280191,0.6,28.833333333333332,0.0,20.0,False
env_odom_noise,0.075,0.3,0.03379212149580846,0.1234554391614702,0.7116493219818215,-0.48515688077029195,0.9934114202049781,1.0,0.3562114202049781,0.9890618670731783,0.55,28.363636363636363,0.0,20.0,False
env_odom_noise,0.075,0.3,0.0699708887492028,0.12327356873967459,0.7091536466738039,-0.38069879238080145,0.9978260869565218,1.0,0.36062608695652176,1.163217905908823,0.55,29.0,0.0,20.0,False
env_odom_noise,0.075,0.3,0.14488363132100487,0.12295776774271677,0.7001338589251502,-0.22642253237832533,0.9992917847025495,1.0,0.36209178470254955,1.2829205080866815,0.5,29.6,0.1,20.0,False
env_odom_noise,0.075,0.3,0.3,0.12274738406685669,0.6960677869741286,-0.017838045063068617,1.0,1.0,0.3628,1.380737194418907,0.5,30.6,0.1,20.0,False
env_odom_noise,0.11249999999999999,0.00010000000000000009,0.00010000000000000009,0.12293582977231536,0.9456918172205542,141.6071637812798,0.12881679389312978,0.18606870229007633,1.3223145038167938,0.3805153228342533,1.0,25.2,0.0,20.0,False
env_odom_noise,0.11249999999999999,0.00010000000000000009,0.00020706272838739032,0.12293582984016994,0.9456940788654569,99.73104515573908,0.13358778625954199,0.20515267175572519,1.298459541984733,0.3808090575039387,1.0,25.2,0.0,20.0,False
env_odom_noise,0.11249999999999999,0.00010000000000000009,0.0004287497348723022,0.12293582940110068,0.9457176314417853,74.22300638489105,0.14217557251908397,0.22328244274809161,1.2717419847328244,0.3833251126110554,1.0,25.2,0.0,20.0,False
env_odom_noise,0.11249999999999999,0.00010000000000000009,0.0008877808989802905,0.12293583097019307,0.9428890821987785,60.0172724227248,0.1676190476190476,0.2561904761904762,1.2133904761904761,0.3822958763688803,1.0,25.25,0.0,20.0,False
env_odom_noise,0.11249999999999999,0.00010000000000000009,0.001838263351530691,0.12265998206691073,0.9468409464386086,52.52561856823071,0.18546845124282982,0.29636711281070743,1.1553644359464628,0.4123564064502716,1.0,25.15,0.0,20.0,False
env_odom_noise,0.11249999999999999,0.00010000000000000009,0.003806358250624933,0.1224863999633561,0.9450569182419303,48.83787523521209,0.22095238095238096,0.3523809523809524,1.0638666666666667,0.44263047017157076,1.0,25.25,0.0,20.0,False
env_odom_noise,0.11249999999999999,0.00010000000000000009,0.00788154924594252,0.12293037367442404,0.9376023319248807,47.729648247423754,0.2674199623352166,0.423728813559322,0.9460512241054614,0.4204596370458603,0.9,24.055555555555557,0.0,20.0,False
env_odom_noise,0.11249999999999999,0.00010000000000000009,0.01631975090784437,0.12269552306395637,0.935071092905036,46.7666982236127,0.3182674199623352,0.4839924670433145,0.8349401129943503,0.48449338525533675,0.9,24.055555555555557,0.0,20.0,False
env_odom_noise,0.11249999999999999,0.00010000000000000009,0.03379212149580846,0.12258642584566674,0.9011364305642351,45.4652225261293,0.3992673992673993,0.5228937728937729,0.7150388278388278,0.49352208971977235,0.9,24.88888888888889,0.05555555555555555,20.0,False
env_odom_noise,0.11249999999999999,0.00010000000000000009,0.0699708887492028,0.12374014348953079,0.8642811400463434,45.373005239852255,0.46940559440559443,0.5515734265734266,0.6162209790209789,0.5553115285933018,0.85,25.58823529411765,0.058823529411764705,20.0,False
env_odom_noise,0.11249999999999999,0.00010000000000000009,0.14488363132100487,0.12381050651167946,0.8489665198976745,45.05373297486361,0.49916107382550334,0.5578859060402684,0.5801530201342282,0.6786156639456749,0.8,26.25,0.125,20.0,False
env_odom_noise,0.11249999999999999,0.00010000000000000009,0.3,0.12334291504421586,0.8491465974835191,45.68652837425495,0.5048701298701299,0.5487012987012987,0.5836285714285714,0.722005357593298,0.8,27.5,0.0625,20.0,False
env_odom_noise,0.11249999999999999,0.00020706272838739032,0.00010000000000000009,0.12293582977231536,0.9456918172205542,94.60543867838975,0.1431297709923664,0.22709923664122136,1.2669709923664123,0.3805153228342533,1.0,25.2,0.0,20.0,False
env_odom_noise,0.11249999999999999,0.00020706272838739032,0.00020706272838739032,0.12293582982112747,0.9456948954650369,65.20884149589126,0.14599236641221375,0.24427480916030533,1.246932824427481,0.3808505393564701,1.0,25.2,0.0,20.0,False
env_odom_noise,0.11249999999999999,0.00020706272838739032,0.0004287497348723022,0.12293582984031512,0.9457182766022179,45.101179970633666,0.15839694656488548,0.26049618320610685,1.2183068702290076,0.3835367478430271,1.0,25.2,0.0,20.0,False
env_odom_noise,0.11249999999999999,0.00020706272838739032,0.0008877808989802905,0.12293583084423852,0.9428931950277732,32.85938140192191,0.18,0.2904761904761905,1.1667238095238095,0.3827579770237207,1.0,25.25,0.0,20.0,False
env_odom_noise,0.11249999999999999,0.00020706272838739032,0.001838263351530691,0.12265998336589701,0.9468472835386706,26.099733708691122,0.1988527724665392,0.3355640535372849,1.1027831739961758,0.41285735592246053,1.0,25.15,0.0,20.0,False
env_odom_noise,0.11249999999999999,0.00020706272838739032,0.003806358250624933,0.12248639986925404,0.9450662338050935,22.63869808540148,0.23333333333333334,0.38666666666666666,1.0172,0.4315995521843433,0.95,24.526315789473685,0.0,20.0,False
env_odom_noise,0.11249999999999999,0.00020706272838739032,0.00788154924594252,0.122930373108801,0.9376091561535153,21.30754176596868,0.2806026365348399,0.4585687382297552,0.8980286252354048,0.4208377681672573,0.9,24.055555555555557,0.0,20.0,False
env_odom_noise,0.11249999999999999,0.00020706272838739032,0.01631975090784437,0.12269552375661891,0.9350765259092245,20.529759970023562,0.3314500941619586,0.5178907721280602,0.7878591337099812,0.484796778857708,0.9,24.055555555555557,0.0,20.0,False
env_odom_noise,0.11249999999999999,0.00020706272838739032,0.03379212149580846,0.12258642674265602,0.8983440669333124,19.803784972543617,0.41224862888482633,0.556672760511883,0.6682786106032907,0.48535265140235423,0.9,24.944444444444443,0.05555555555555555,20.0,False
env_odom_noise,0.11249999999999999,0.00020706272838739032,0.0699708887492028,0.12374014349352887,0.8642852372511561,19.872880750462357,0.48164335664335667,0.583041958041958,0.5725146853146853,0.5554906517267227,0.85,25.58823529411765,0.058823529411764705,20.0,False
env_odom_noise,0.11249999999999999,0.00020706272838739032,0.14488363132100487,0.12381050505559943,0.8489697710479857,19.830107381854216,0.5109060402684564,0.5889261744966443,0.5373677852348993,0.6787319503724575,0.8,26.25,0.125,20.0,False
env_odom_noise,0.11249999999999999,0.00020706272838739032,0.3,0.12334291403695863,0.849148683354279,20.213104660173947,0.5170454545454546,0.5811688311688312,0.5389857142857142,0.72206726744771,0.8,27.5,0.0625,20.0,False
env_odom_noise,0.11249999999999999,0.0004287497348723022,0.00010000000000000009,0.12293582977231536,0.9456918172205542,60.74601342697207,0.17461832061068702,0.30438931297709926,1.1581923664122136,0.3805153228342533,1.0,25.2,0.0,20.0,False
env_odom_noise,0.11249999999999999,0.0004287497348723022,0.00020706272838739032,0.12293582929155962,0.945697407172502,42.762018353228065,0.17938931297709923,0.31297709923664124,1.1448335877862594,0.3809481583535671,1.0,25.2,0.0,20.0,False
env_odom_noise,0.11249999999999999,0.0004287497348723022,0.0004287497348723022,0.1229358295512418,0.9457195301512603,28.66360573484813,0.1898854961832061,0.3320610687022901,1.1152534351145038,0.38401899859309196,1.0,25.2,0.0,20.0,False
env_odom_noise,0.11249999999999999,0.0004287497348723022,0.0008877808989802905,0.12293582936811523,0.942901727198638,19.04258606812446,0.21047619047619048,0.36095238095238097,1.0657714285714284,0.3836980562657118,1.0,25.25,0.0,20.0,False
env_odom_noise,0.11249999999999999,0.0004287497348723022,0.001838263351530691,0.12265998375303791,0.946860280494705,13.274833512756517,0.2304015296367113,0.4005736137667304,1.0062248565965584,0.4138816352933645,1.0,25.15,0.0,20.0,False
env_odom_noise,0.11249999999999999,0.0004287497348723022,0.003806358250624933,0.1224216674572897,0.9450850123112674,10.112451692091518,0.2623574144486692,0.4515209125475285,0.9233216730038023,0.42108052149415015,0.95,24.57894736842105,0.0,20.0,False
env_odom_noise,0.11249999999999999,0.0004287497348723022,0.00788154924594252,0.1229303721087147,0.9376232153228234,8.73647506602312,0.3116760828625235,0.5216572504708098,0.8038666666666667,0.42161713615059854,0.9,24.055555555555557,0.0,20.0,False
env_odom_noise,0.11249999999999999,0.0004287497348723022,0.01631975090784437,0.12269552358591526,0.9350875399736532,8.059912810591568,0.3615819209039548,0.5819209039548022,0.693697175141243,0.4854238137602806,0.9,24.055555555555557,0.0,20.0,False
env_odom_noise,0.11249999999999999,0.0004287497348723022,0.03379212149580846,0.12258642646350945,0.8983529678524637,7.651187384225634,0.4424131627056673,0.6188299817184644,0.5759568555758683,0.48581877127289774,0.9,24.944444444444443,0.05555555555555555,20.0,False
env_odom_noise,0.11249999999999999,0.0004287497348723022,0.0699708887492028,0.12374014374923244,0.8642935557131065,7.753255825207403,0.5113636363636364,0.6424825174825175,0.48335384615384613,0.5558613777160645,0.85,25.58823529411765,0.058823529411764705,20.0,False
env_odom_noise,0.11249999999999999,0.0004287497348723022,0.14488363132100487,0.12381050676448493,0.8489763962447011,7.842454742223949,0.5394295302013423,0.6468120805369127,0.4509583892617449,0.6789729662239552,0.8,26.25,0.125,20.0,False
env_odom_noise,0.11249999999999999,0.0004287497348723022,0.3,0.12334291337230106,0.8491527653341031,8.108851801479998,0.5454545454545454,0.6412337662337663,0.4505116883116883,0.7221958734095096,0.8,27.5,0.0625,20.0,False
env_odom_noise,0.11249999999999999,0.0008877808989802905,0.00010000000000000009,0.12293582981189571,0.9456918142416841,36.02315924801772,0.21660305343511452,0.3979007633587786,1.0226961832061068,0.3805317021906376,1.0,25.2,0.0,20.0,False
env_odom_noise,0.11249999999999999,0.0008877808989802905,0.00020706272838739032,0.1229358294151289,0.9457025438760189,26.68355619844757,0.22041984732824427,0.4017175572519084,1.0150625954198473,0.38127566426992415,1.0,25.2,0.0,20.0,False
env_odom_noise,0.11249999999999999,0.0008877808989802905,0.0004287497348723022,0.12293582997710044,0.9457229257409968,18.075275767065676,0.2318702290076336,0.4179389312977099,0.9873908396946565,0.3853026758879423,1.0,25.2,0.0,20.0,False
env_odom_noise,0.11249999999999999,0.0008877808989802905,0.0008877808989802905,0.12293582949052152,0.942925241855565,11.35176821952921,0.25047619047619046,0.44,0.9467238095238095,0.38588503301143645,1.0,25.25,0.0,20.0,False
env_odom_noise,0.11249999999999999,0.0008877808989802905,0.001838263351530691,0.12265998472835485,0.9469001378417425,6.859888263811875,0.27055449330783937,0.4780114722753346,0.888634034416826,0.4164879057556391,1.0,25.15,0.0,20.0,False
env_odom_noise,0.11249999999999999,0.0008877808989802905,0.003806358250624933,0.12242166568316498,0.9451230371706062,4.1509381036151405,0.2994296577946768,0.5304182509505704,0.8073520912547528,0.4234273210167885,0.95,24.57894736842105,0.0,20.0,False
env_odom_noise,0.11249999999999999,0.0008877808989802905,0.00788154924594252,0.12293037315309074,0.937652207090839,2.840659474033757,0.3465160075329567,0.5951035781544256,0.6955804143126176,0.4232166357338428,0.9,24.055555555555557,0.0,20.0,False
env_odom_noise,0.11249999999999999,0.0008877808989802905,0.01631975090784437,0.12269552273470527,0.935110662193697,2.235944665347795,0.3983050847457627,0.6581920903954802,0.5807028248587571,0.48671590313315394,0.9,24.055555555555557,0.0,20.0,False
env_odom_noise,0.11249999999999999,0.0008877808989802905,0.03379212149580846,0.12258642497522011,0.8983709712908932,1.9811030787890171,0.47623400365630714,0.6910420475319927,0.46992394881170013,0.48678287118673325,0.9,24.944444444444443,0.05555555555555555,20.0,False
env_odom_noise,0.11249999999999999,0.0008877808989802905,0.0699708887492028,0.12374014316995356,0.8643108940621068,2.0958322901411757,0.5437062937062938,0.7115384615384616,0.38195524475524467,0.5566281571984291,0.85,25.58823529411765,0.058823529411764705,20.0,False
env_odom_noise,0.11249999999999999,0.0008877808989802905,0.14488363132100487,0.12381050782398861,0.8489901722381168,2.2471937565254385,0.5713087248322147,0.7181208053691275,0.3477704697986578,0.6794715002179146,0.8,26.25,0.125,20.0,False
env_odom_noise,0.11249999999999999,0.0008877808989802905,0.3,0.1233429113316932,0.8491615014013991,2.461261188698176,0.5787337662337663,0.7142857142857143,0.3441805194805194,0.7224620744585991,0.8,27.5,0.0625,20.0,False
env_odom_noise,0.11249999999999999,0.001838263351530691,0.00010000000000000009,0.12293582941588123,0.9456980792063506,19.053514299753072,0.2948473282442748,0.5038167938931297,0.8385358778625955,0.38105829283595083,1.0,25.2,0.0,20.0,False
env_odom_noise,0.11249999999999999,0.001838263351530691,0.00020706272838739032,0.12293582978559536,0.9457102710225075,15.039849751080514,0.29961832061068705,0.5104961832061069,0.827085496183206,0.3834270488470793,1.0,25.2,0.0,20.0,False
env_odom_noise,0.11249999999999999,0.001838263351530691,0.0004287497348723022,0.12293583100946456,0.9457605282311505,10.585572615593335,0.30725190839694655,0.5257633587786259,0.8041847328244276,0.3897270724177361,1.0,25.2,0.0,20.0,False
env_odom_noise,0.11249999999999999,0.001838263351530691,0.0008877808989802905,0.12293583262575052,0.9411513536967037,6.495023356605455,0.32129277566539927,0.5446768060836502,0.7712304182509505,0.3971718717366457,1.0,25.3,0.0,20.0,False
env_odom_noise,0.11249999999999999,0.001838263351530691,0.001838263351530691,0.12265998437902519,0.9470034494902488,3.396039850863909,0.33938814531548755,0.5783938814531548,0.7194179732313576,0.4226385310292244,1.0,25.15,0.0,20.0,False
env_odom_noise,0.11249999999999999,0.001838263351530691,0.003806358250624933,0.12242166660080639,0.9451978632040775,1.2843542450052619,0.3659695817490494,0.6283269961977186,0.6429034220532319,0.4280960638076067,0.95,24.57894736842105,0.0,20.0,False
env_odom_noise,0.11249999999999999,0.001838263351530691,0.00788154924594252,0.12293037213513366,0.9377106405915587,0.14596180566577974,0.4105461393596987,0.6911487758945386,0.5355050847457627,0.4264714680612087,0.9,24.055555555555557,0.0,20.0,False
env_odom_noise,0.11249999999999999,0.001838263351530691,0.01631975090784437,0.12269552189185903,0.9342877452347267,-0.38265914499319137,0.4642857142857143,0.7481203007518797,0.42479398496240595,0.48318766206502917,0.9,24.11111111111111,0.0,20.0,False
env_odom_noise,0.11249999999999999,0.001838263351530691,0.03379212149580846,0.12258642691515051,0.8984083589247642,-0.558774590278307,0.5374771480804388,0.7787934186471663,0.32092943327239487,0.4887739006429911,0.9,24.944444444444443,0.05555555555555555,20.0,False
env_odom_noise,0.11249999999999999,0.001838263351530691,0.0699708887492028,0.12374014438041338,0.8643466045409252,-0.4403877066822966,0.6031468531468531,0.7980769230769231,0.23597622377622374,0.5582122713327408,0.85,25.58823529411765,0.058823529411764705,20.0,False
env_odom_noise,0.11249999999999999,0.001838263351530691,0.14488363132100487,0.12381050657192566,0.8490184714652641,-0.26060468935250714,0.6291946308724832,0.8028523489932886,0.2051530201342282,0.680501938611269,0.8,26.25,0.125,20.0,False
env_odom_noise,0.11249999999999999,0.001838263351530691,0.3,0.12334291006413578,0.8491793814167292,-0.06794550783950119,0.6387987012987013,0.801948051948052,0.1964532467532467,0.72301269993186,0.8,27.5,0.0625,20.0,False
env_odom_noise,0.11249999999999999,0.003806358250624933,0.00010000000000000009,0.12293583112278958,0.9416893249295342,8.642506219485114,0.39448669201520914,0.6368821292775665,0.6058311787072244,0.39450110457837584,1.0,25.3,0.0,20.0,False
env_odom_noise,0.11249999999999999,0.003806358250624933,0.00020706272838739032,0.12293583188521662,0.9409109626198026,7.287043965306959,0.3984819734345351,0.6394686907020873,0.5992493358633775,0.3900099087506533,1.0,25.35,0.0,20.0,False
env_odom_noise,0.11249999999999999,0.003806358250624933,0.0004287497348723022,0.12293583005233526,0.9420922894522167,5.373084005965927,0.4032258064516129,0.6489563567362429,0.5850178368121443,0.4067180182784796,1.0,25.35,0.0,20.0,False
env_odom_noise,0.11249999999999999,0.003806358250624933,0.0008877808989802905,0.12265998616166116,0.9456774550243889,3.2749938972952815,0.40935114503816794,0.6669847328244275,0.5608641221374046,0.4247735311277211,1.0,25.2,0.0,20.0,False
env_odom_noise,0.11249999999999999,0.003806358250624933,0.001838263351530691,0.12248640231020395,0.9437574633540804,1.3255515624578216,0.4268060836501901,0.6939163498098859,0.5164775665399239,0.43966755401343105,1.0,25.3,0.0,20.0,False
env_odom_noise,0.11249999999999999,0.003806358250624933,0.003806358250624933,0.1222711121701561,0.9440355290646932,-0.1372166366080488,0.45075757575757575,0.7376893939393939,0.4487530303030303,0.436113769095391,0.95,24.68421052631579,0.0,20.0,False
env_odom_noise,0.11249999999999999,0.003806358250624933,0.00788154924594252,0.12293037134164128,0.9350840406474352,-1.0139821697133715,0.49624765478424016,0.7936210131332082,0.3473313320825516,0.4528443612158298,0.9,24.166666666666668,0.0,20.0,False
env_odom_noise,0.11249999999999999,0.003806358250624933,0.01631975090784437,0.12258014491279536,0.9266927397657355,-1.4577305293942828,0.5502793296089385,0.845437616387337,0.24148305400372438,0.4861874245107174,0.9,24.38888888888889,0.0,20.0,False
env_odom_noise,0.11249999999999999,0.003806358250624933,0.03379212149580846,0.12258642717618284,0.8940913953462628,-1.5825400237091438,0.6163636363636363,0.8754545454545455,0.14538181818181817,0.5055279456079006,0.9,25.11111111111111,0.05555555555555555,20.0,True
env_odom_noise,0.11249999999999999,0.003806358250624933,0.0699708887492028,0.12388227555314145,0.8604581208118919,-1.4679489851642902,0.6759098786828422,0.891681109185442,0.06960901213171578,0.5614527001976967,0.85,25.88235294117647,0.058823529411764705,20.0,True
env_odom_noise,0.11249999999999999,0.003806358250624933,0.14488363132100487,0.12360016771879018,0.8458970109841608,-1.287946717690934,0.7068106312292359,0.8978405315614618,0.08077009966777415,0.6619306202977896,0.8,26.625,0.125,20.0,False
env_odom_noise,0.11249999999999999,0.003806358250624933,0.3,0.12301676891632225,0.8474533950900546,-1.0878622735800814,0.7190016103059581,0.8977455716586151,0.09305603864734302,0.7314105831086636,0.8,27.8125,0.0625,20.0,True
env_odom_noise,0.11249999999999999,0.00788154924594252,0.00010000000000000009,0.12247858619906979,0.9456493975632123,3.0321446952900586,0.5104364326375711,0.7495256166982922,0.3772379506641367,0.45903773978352547,1.0,25.35,0.0,20.0,False
env_odom_noise,0.11249999999999999,0.00788154924594252,0.00020706272838739032,0.12247858688425102,0.9456736752197228,2.5954798143815436,0.5123339658444023,0.7514231499051234,0.37344288425047434,0.46154448986053465,1.0,25.35,0.0,20.0,False
env_odom_noise,0.11249999999999999,0.00788154924594252,0.0004287497348723022,0.12247858678974906,0.9457224990678486,1.9085994746267165,0.5161290322580645,0.7580645161290323,0.36300645161290324,0.46649366393685343,1.0,25.35,0.0,20.0,False
env_odom_noise,0.11249999999999999,0.00788154924594252,0.0008877808989802905,0.12230683582468949,0.9420815092904343,1.0000136813550176,0.5216981132075472,0.7669811320754717,0.3485207547169811,0.4615460202097893,1.0,25.5,0.0,20.0,False
env_odom_noise,0.11249999999999999,0.00788154924594252,0.001838263351530691,0.12215719980593219,0.9390098638486747,-0.0067833910656448166,0.5385338345864662,0.7913533834586466,0.3073127819548872,0.43895082697272303,0.9,24.11111111111111,0.0,20.0,False
env_odom_noise,0.11249999999999999,0.00788154924594252,0.003806358250624933,0.12281457998860738,0.9361606203548503,-0.8717497796019575,0.5627340823970037,0.8305243445692884,0.2439415730337079,0.44938514456152917,0.9,24.22222222222222,0.0,20.0,False
env_odom_noise,0.11249999999999999,0.00788154924594252,0.00788154924594252,0.12308960933919415,0.9366778665645229,-1.4694877389838346,0.5938086303939962,0.8724202626641651,0.1709711069418387,0.4852275617420673,0.9,24.166666666666668,0.0,20.0,False
env_odom_noise,0.11249999999999999,0.00788154924594252,0.01631975090784437,0.12299508330290358,0.9165658493310661,-1.799441357640434,0.64548802946593,0.91804788213628,0.07366408839779004,0.4802572846412659,0.9,24.72222222222222,0.0,20.0,True
env_odom_noise,0.11249999999999999,0.00788154924594252,0.03379212149580846,0.12298993720778394,0.895372891473632,-1.8730300255436325,0.7075812274368231,0.9431407942238267,0.036240433212996415,0.5299067437648773,0.9,25.333333333333332,0.05555555555555555,20.0,True
env_odom_noise,0.11249999999999999,0.00788154924594252,0.0699708887492028,0.12365473422630192,0.8561304071045633,-1.7574086327635432,0.764554794520548,0.9571917808219178,0.08454657534246579,0.5892649166285991,0.85,26.294117647058822,0.058823529411764705,20.0,True
env_odom_noise,0.11249999999999999,0.00788154924594252,0.14488363132100487,0.12403838074248066,0.8451312736727475,-1.5835640917874068,0.7907742998352554,0.9629324546952224,0.11650675453047776,0.6819249399006366,0.8,26.9375,0.125,20.0,False
env_odom_noise,0.11249999999999999,0.00788154924594252,0.3,0.12294904804232239,0.8428522299780259,-1.3732157724667589,0.8071428571428572,0.9642857142857143,0.13422857142857147,0.7269804865121842,0.8,28.375,0.0625,20.0,True
env_odom_noise,0.11249999999999999,0.01631975090784437,0.00010000000000000009,0.12256504989882705,0.930964092913739,0.21423446283036424,0.6384758364312267,0.8280669144981413,0.17065724907063196,0.46147325336933137,0.9,24.444444444444443,0.0,20.0,False
env_odom_noise,0.11249999999999999,0.01631975090784437,0.00020706272838739032,0.12256505157100446,0.9309810955851314,0.1003976308095024,0.6394052044609665,0.8317843866171004,0.16601040892193308,0.4632774978876114,0.9,24.444444444444443,0.0,20.0,False
env_odom_noise,0.11249999999999999,0.01631975090784437,0.0004287497348723022,0.1225650519422113,0.9310158687641236,-0.10037533065466624,0.6403345724907064,0.8364312267657993,0.16043420074349435,0.4669302195310593,0.9,24.444444444444443,0.0,20.0,False
env_odom_noise,0.11249999999999999,0.01631975090784437,0.0008877808989802905,0.12321653105142448,0.9310862433695472,-0.41447425229876284,0.6465677179962894,0.849721706864564,0.1409105751391465,0.4672475904226303,0.9,24.5,0.0,20.0,True
env_odom_noise,0.11249999999999999,0.01631975090784437,0.001838263351530691,0.1230841030481883,0.9312278321301227,-0.8118852087263237,0.659217877094972,0.8621973929236499,0.11578472998137801,0.4807392075657845,0.9,24.38888888888889,0.0,20.0,True
env_odom_noise,0.11249999999999999,0.01631975090784437,0.003806358250624933,0.12308410322791671,0.930676914768982,-1.2307631855224508,0.6821561338289963,0.8894052044609665,0.06563866171003718,0.4993495836853981,0.9,24.444444444444443,0.0,20.0,True
env_odom_noise,0.11249999999999999,0.01631975090784437,0.00788154924594252,0.12300345979972391,0.9225706310641869,-1.5918247407157273,0.7025782688766115,0.919889502762431,0.05448876611418052,0.49376931190490725,0.9,24.72222222222222,0.0,20.0,True
env_odom_noise,0.11249999999999999,0.01631975090784437,0.01631975090784437,0.12300823371578118,0.9120375250945104,-1.794109269837281,0.7509124087591241,0.9552919708029197,0.06900437956204386,0.5340860038995743,0.9,25.0,0.05555555555555555,20.0,True
env_odom_noise,0.11249999999999999,0.01631975090784437,0.03379212149580846,0.12371643059993835,0.8894676745319584,-1.8277671465326533,0.8081705150976909,0.9751332149200711,0.146103730017762,0.5528930790722371,0.9,25.833333333333332,0.05555555555555555,20.0,True
env_odom_noise,0.11249999999999999,0.01631975090784437,0.0699708887492028,0.12364865755197939,0.8514373216146836,-1.7115842263511498,0.8591905564924115,0.9890387858347386,0.2110293423271501,0.5905032835900783,0.85,26.823529411764707,0.058823529411764705,20.0,False
env_odom_noise,0.11249999999999999,0.01631975090784437,0.14488363132100487,0.12336969495272905,0.8454494500257973,-1.5387381153800002,0.8882544861337683,0.9951060358890701,0.24616052202283845,0.7207605741918087,0.8,27.3125,0.125,20.0,False
env_odom_noise,0.11249999999999999,0.01631975090784437,0.3,0.12301431883960647,0.8444662637936005,-1.3188475006406868,0.9012638230647709,0.995260663507109,0.2593244865718799,0.7649807028472424,0.7,27.071428571428573,0.07142857142857142,20.0,False
env_odom_noise,0.11249999999999999,0.03379212149580846,0.00010000000000000009,0.1233951124854156,0.917998407101282,-0.9088816663504019,0.7477313974591652,0.8911070780399274,0.12842431941923782,0.48676004111766813,0.9,25.166666666666668,0.05555555555555555,20.0,True
env_odom_noise,0.11249999999999999,0.03379212149580846,0.00020706272838739032,0.12339511128050447,0.9180164069154707,-0.9351083679387773,0.7477313974591652,0.8938294010889292,0.12570199637023605,0.4882183000445366,0.9,25.166666666666668,0.05555555555555555,20.0,True
env_odom_noise,0.11249999999999999,0.03379212149580846,0.0004287497348723022,0.12339511210384582,0.918053366648718,-0.9847136284081109,0.7495462794918331,0.895644283121597,0.12570199637023605,0.49120542854070665,0.9,25.166666666666668,0.05555555555555555,20.0,True
env_odom_noise,0.11249999999999999,0.03379212149580846,0.0008877808989802905,0.1233951117989714,0.9181285673197294,-1.0711755515955306,0.7558983666061706,0.9001814882032668,0.12751687840290382,0.4972613528370857,0.9,25.166666666666668,0.05555555555555555,20.0,True
env_odom_noise,0.11249999999999999,0.03379212149580846,0.001838263351530691,0.12339511223272745,0.9151868389813453,-1.2060272778746384,0.7608695652173914,0.9067028985507246,0.12596666666666678,0.4989482745528221,0.9,25.22222222222222,0.05555555555555555,20.0,True
env_odom_noise,0.11249999999999999,0.03379212149580846,0.003806358250624933,0.12339849181238276,0.9154909299322642,-1.371816268868721,0.7730560578661845,0.9258589511754068,0.11899710669077768,0.515305495262146,0.9,25.27777777777778,0.05555555555555555,20.0,True
env_odom_noise,0.11249999999999999,0.03379212149580846,0.00788154924594252,0.12339849160609663,0.9074021828662274,-1.5213981183679695,0.7953321364452424,0.9443447037701975,0.12278743267504488,0.5291185826063156,0.9,25.5,0.05555555555555555,20.0,True
env_odom_noise,0.11249999999999999,0.03379212149580846,0.01631975090784437,0.12339849182618216,0.892548755737394,-1.608556707889002,0.8377659574468085,0.975177304964539,0.17574326241134752,0.5486545130610466,0.9,25.88888888888889,0.05555555555555555,20.0,False
env_odom_noise,0.11249999999999999,0.03379212149580846,0.03379212149580846,0.12362467587072536,0.8734356993029389,-1.6088906367699323,0.8775862068965518,0.9844827586206897,0.22486896551724145,0.5591106437146663,0.9,26.77777777777778,0.05555555555555555,20.0,False
env_odom_noise,0.11249999999999999,0.03379212149580846,0.0699708887492028,0.12376191451951818,0.8476712417442717,-1.488124871923485,0.9256198347107438,0.9950413223140496,0.28346115702479346,0.6286283068358898,0.85,27.529411764705884,0.058823529411764705,20.0,False
env_odom_noise,0.11249999999999999,0.03379212149580846,0.14488363132100487,0.1224633743898024,0.8443881680262397,-1.326327362101231,0.9492063492063492,1.0,0.3120063492063492,0.7051125675439834,0.75,27.666666666666668,0.06666666666666667,20.0,False
env_odom_noise,0.11249999999999999,0.03379212149580846,0.3,0.12270672496392311,0.8432140486254002,-1.0772455442965094,0.9619565217391305,1.0,0.3247565217391305,0.8406466953456402,0.6,26.0,0.0,20.0,False
env_odom_noise,0.11249999999999999,0.0699708887492028,0.00010000000000000009,0.12312863638865557,0.893475773373998,-1.138295764960865,0.8312937062937062,0.9379370629370629,0.16515664335664337,0.5344408474862575,0.85,25.58823529411765,0.058823529411764705,20.0,False
env_odom_noise,0.11249999999999999,0.0699708887492028,0.00020706272838739032,0.12312863810670906,0.8934927347266418,-1.1434576298935035,0.8312937062937062,0.9388111888111889,0.16428251748251743,0.5356047753244638,0.85,25.58823529411765,0.058823529411764705,20.0,False
env_odom_noise,0.11249999999999999,0.0699708887492028,0.0004287497348723022,0.12312863633273827,0.8935278375156598,-1.1535768693521657,0.8321678321678322,0.9414335664335665,0.16253426573426577,0.5380089532583952,0.85,25.58823529411765,0.058823529411764705,20.0,False
env_odom_noise,0.11249999999999999,0.0699708887492028,0.0008877808989802905,0.12282726015266499,0.8935997990389849,-1.17494651270576,0.8342059336823735,0.9432809773123909,0.16272495636998263,0.5329952225089073,0.85,25.647058823529413,0.058823529411764705,20.0,False
env_odom_noise,0.11249999999999999,0.0699708887492028,0.001838263351530691,0.12282726174344231,0.8937465391718414,-1.2063772623853208,0.8411867364746946,0.9467713787085514,0.16621535776614316,0.5431129515171051,0.85,25.647058823529413,0.058823529411764705,20.0,False
env_odom_noise,0.11249999999999999,0.0699708887492028,0.003806358250624933,0.12282726110026342,0.8921651300605002,-1.2467523746637492,0.8486956521739131,0.9565217391304348,0.1680173913043479,0.5472574088722467,0.85,25.764705882352942,0.058823529411764705,20.0,False
env_odom_noise,0.11249999999999999,0.0699708887492028,0.00788154924594252,0.12295489301038899,0.8868714515772433,-1.2969033517969226,0.8652849740932642,0.968048359240069,0.19613333333333327,0.5678626492619514,0.85,26.0,0.058823529411764705,20.0,False
env_odom_noise,0.11249999999999999,0.0699708887492028,0.01631975090784437,0.12279344634978345,0.8758339930517354,-1.315483958244951,0.8937074829931972,0.9804421768707483,0.23694965986394556,0.581602144241333,0.85,26.529411764705884,0.058823529411764705,20.0,False
env_odom_noise,0.11249999999999999,0.0699708887492028,0.03379212149580846,0.12287277151992777,0.8589994749869124,-1.276494578602465,0.9220563847429519,0.9892205638474295,0.27407694859038145,0.5901376817375421,0.8,26.6875,0.0625,20.0,False
env_odom_noise,0.11249999999999999,0.0699708887492028,0.0699708887492028,0.1224527044665648,0.848472638227955,-1.1706222882582222,0.9596774193548387,0.9975806451612903,0.32005806451612906,0.7075247246772051,0.75,27.0,0.06666666666666667,20.0,False
env_odom_noise,0.11249999999999999,0.0699708887492028,0.14488363132100487,0.12245083256693548,0.8432856048794971,-0.9962826849643829,0.9806800618238022,1.0,0.3434800618238022,0.8111627690494061,0.65,27.23076923076923,0.0,20.0,False
env_odom_noise,0.11249999999999999,0.0699708887492028,0.3,0.12294000348868692,0.8398111124111404,-0.7574038835882703,0.9916286149162862,1.0,0.3544286149162862,0.9819134697318077,0.6,27.083333333333332,0.0,20.0,False
env_odom_noise,0.11249999999999999,0.14488363132100487,0.00010000000000000009,0.12201411803103349,0.8659054445868262,-0.929798212765145,0.8876221498371335,0.9731270358306189,0.2235491856677524,0.6097286134958267,0.8,27.375,0.0625,20.0,False
env_odom_noise,0.11249999999999999,0.14488363132100487,0.00020706272838739032,0.12201411826094367,0.865925808510713,-0.9303663868289045,0.8884364820846905,0.9731270358306189,0.2243635179153094,0.6107120618224144,0.8,27.375,0.0625,20.0,False
env_odom_noise,0.11249999999999999,0.14488363132100487,0.0004287497348723022,0.12201411805916147,0.8659679956654279,-0.9314811465415732,0.8900651465798045,0.9731270358306189,0.2259921824104234,0.6127485781908035,0.8,27.375,0.0625,20.0,False
env_odom_noise,0.11249999999999999,0.14488363132100487,0.0008877808989802905,0.12201411858144079,0.8660546871414462,-0.9335437120409862,0.8908794788273615,0.9731270358306189,0.2268065146579804,0.6169641658663749,0.8,27.375,0.0625,20.0,False
env_odom_noise,0.11249999999999999,0.14488363132100487,0.001838263351530691,0.12201411855515758,0.8662329500017346,-0.9368907017479225,0.8916938110749185,0.9739413680781759,0.22843517915309441,0.6256811358034611,0.8,27.375,0.0625,20.0,False
env_odom_noise,0.11249999999999999,0.14488363132100487,0.003806358250624933,0.12201411708889325,0.8665974004009541,-0.9407547339341383,0.8998371335504886,0.9812703583061889,0.24390749185667748,0.6436187013983726,0.8,27.375,0.0625,20.0,False
env_odom_noise,0.11249999999999999,0.14488363132100487,0.00788154924594252,0.12201411783794812,0.8591429919134107,-0.9419543693643612,0.9063004846526656,0.9911147011308562,0.26021518578352176,0.655440729111433,0.8,27.6875,0.0625,20.0,False
env_odom_noise,0.11249999999999999,0.14488363132100487,0.01631975090784437,0.12196384096634552,0.8543144199739192,-0.9276730515202695,0.9198717948717948,0.9919871794871795,0.27465897435897435,0.6911259725689888,0.8,28.0,0.0625,20.0,False
env_odom_noise,0.11249999999999999,0.14488363132100487,0.03379212149580846,0.12203612060930935,0.8509596971984743,-0.8819566616541754,0.944794952681388,0.9960567823343849,0.3036517350157729,0.7394634373486042,0.75,27.933333333333334,0.06666666666666667,20.0,False
env_odom_noise,0.11249999999999999,0.14488363132100487,0.0699708887492028,0.12240640696067122,0.8453462327769565,-0.786797302410552,0.9756468797564688,1.0,0.3384468797564688,0.8136478811502457,0.7,28.785714285714285,0.0,20.0,False
env_odom_noise,0.11249999999999999,0.14488363132100487,0.14488363132100487,0.12287798728049741,0.839231254426531,-0.6255875370223495,0.9857997010463379,1.0,0.34859970104633786,0.976441304013133,0.6,28.083333333333332,0.0,20.0,False
env_odom_noise,0.11249999999999999,0.14488363132100487,0.3,0.12226450695745773,0.8377179642448633,-0.4153507583562478,0.9963289280469897,1.0,0.3591289280469897,1.0949361268430948,0.6,29.083333333333332,0.0,20.0,False
env_odom_noise,0.11249999999999999,0.3,0.00010000000000000009,0.12340058920422164,0.8407459056184499,-0.5001998360789125,0.9302848575712144,0.9947526236881559,0.28783748125937025,0.8721023067831993,0.65,28.76923076923077,0.15384615384615385,20.0,False
env_odom_noise,0.11249999999999999,0.3,0.00020706272838739032,0.12340058743559114,0.8410979066702848,-0.4987991839553921,0.9288922155688623,0.9947604790419161,0.2864526946107784,0.8663997247815132,0.65,28.846153846153847,0.15384615384615385,20.0,False
env_odom_noise,0.11249999999999999,0.3,0.0004287497348723022,0.12340058861129947,0.8411394270993229,-0.4983425091202095,0.9288922155688623,0.9947604790419161,0.2864526946107784,0.8682189207524061,0.65,28.846153846153847,0.15384615384615385,20.0,False
env_odom_noise,0.11249999999999999,0.3,0.0008877808989802905,0.12340058744934167,0.841225304688555,-0.4973736210557072,0.9303892215568862,0.9955089820359282,0.2886982035928144,0.8719747252762318,0.65,28.846153846153847,0.15384615384615385,20.0,False
env_odom_noise,0.11249999999999999,0.3,0.001838263351530691,0.12340058853780307,0.8414020303858497,-0.49527784894613336,0.9311377245508982,0.9962574850299402,0.29019520958083833,0.8797036197036505,0.65,28.846153846153847,0.15384615384615385,20.0,False
env_odom_noise,0.11249999999999999,0.3,0.003806358250624933,0.12340058822702708,0.8424858070073213,-0.4890369180552734,0.9319880418535127,0.9962630792227205,0.2910511210762332,0.8900240827351809,0.65,28.923076923076923,0.15384615384615385,20.0,False
env_odom_noise,0.11249999999999999,0.3,0.00788154924594252,0.12326628401838315,0.840989379056965,-0.4806487825461862,0.9374068554396423,0.9977645305514158,0.2979713859910581,0.9010314520448446,0.6,28.25,0.16666666666666666,20.0,False
env_odom_noise,0.11249999999999999,0.3,0.01631975090784437,0.12327767417831853,0.8373743429210455,-0.4625513912846888,0.95,0.9977941176470588,0.3105941176470588,0.9072243813425303,0.6,29.0,0.08333333333333333,20.0,False
env_odom_noise,0.11249999999999999,0.3,0.03379212149580846,0.12317151879591817,0.8383074419790502,-0.4176771483804841,0.9656432748538012,0.9992690058479532,0.3277122807017544,1.0017397360876203,0.55,28.454545454545453,0.0,20.0,False
env_odom_noise,0.11249999999999999,0.3,0.0699708887492028,0.12301369861943962,0.8371143417773497,-0.33228767256212227,0.9782923299565847,1.0,0.3410923299565847,1.1704956226050853,0.55,29.09090909090909,0.09090909090909091,20.0,False
env_odom_noise,0.11249999999999999,0.3,0.14488363132100487,0.12295776783696444,0.8281387480997037,-0.1949583795805795,0.9907932011331445,1.0,0.3535932011331445,1.2956519946455956,0.5,29.6,0.1,20.0,False
env_odom_noise,0.11249999999999999,0.3,0.3,0.12274738630242667,0.8249269453553627,-0.003826678963903764,0.9978991596638656,1.0,0.36069915966386557,1.4023167490959167,0.5,30.4,0.1,20.0,False
env_odom_noise,0.15,0.00010000000000000009,0.00010000000000000009,0.1229358305128202,1.0537810990318448,211.51192424291125,0.12948960302457466,0.1899810964083176,1.3177293005671076,0.41716342978179455,1.0,25.45,0.0,20.0,False
env_odom_noise,0.15,0.00010000000000000009,0.00020706272838739032,0.1229358305582139,1.0537839728201783,138.81535778272035,0.14366729678638943,0.2003780718336484,1.293154631379962,0.4174062695354223,1.0,25.45,0.0,20.0,False
env_odom_noise,0.15,0.00010000000000000009,0.0004287497348723022,0.12293583052818875,1.05378579502377,94.68777497555129,0.14839319470699433,0.21361058601134217,1.2751962192816635,0.41964609138667586,1.0,25.45,0.0,20.0,False
env_odom_noise,0.15,0.00010000000000000009,0.0008877808989802905,0.12293583099588637,1.053750152226344,70.28639942498413,0.16257088846880907,0.23062381852551986,1.244005293005671,0.42842224054038525,1.0,25.45,0.0,20.0,False
env_odom_noise,0.15,0.00010000000000000009,0.001838263351530691,0.12293582992525612,1.053441889029909,57.67170695209251,0.17580340264650285,0.2665406427221172,1.19485595463138,0.44443966783583166,1.0,25.45,0.0,20.0,False
env_odom_noise,0.15,0.00010000000000000009,0.003806358250624933,0.1225467882492673,1.0518568092440943,51.249391044647965,0.1951219512195122,0.31613508442776733,1.1259429643527203,0.43777136839926245,0.95,24.94736842105263,0.0,20.0,False
env_odom_noise,0.15,0.00010000000000000009,0.00788154924594252,0.1229303723691802,1.0469564611125288,48.537458173169846,0.23694029850746268,0.3833955223880597,1.0168641791044775,0.44730752483010294,0.9,24.333333333333332,0.0,20.0,False
env_odom_noise,0.15,0.00010000000000000009,0.01631975090784437,0.12283694027182215,1.0413826591979494,47.09649399297797,0.2833333333333333,0.44166666666666665,0.9122,0.5005313195288181,0.9,24.555555555555557,0.0,20.0,False
env_odom_noise,0.15,0.00010000000000000009,0.03379212149580846,0.12258642723459016,1.0154938683924788,45.427691800465865,0.3572727272727273,0.5045454545454545,0.7753818181818182,0.5337531998753547,0.9,25.11111111111111,0.05555555555555555,20.0,False
env_odom_noise,0.15,0.00010000000000000009,0.0699708887492028,0.12394552149566496,0.973026277997996,45.49469413535651,0.4289428076256499,0.5407279029462738,0.6675292894280762,0.5736221559345722,0.85,25.88235294117647,0.058823529411764705,20.0,False
env_odom_noise,0.15,0.00010000000000000009,0.14488363132100487,0.12368452461598667,0.963352701487594,44.747177119751015,0.48327759197324416,0.5576923076923077,0.5962301003344481,0.724522489309311,0.8,26.375,0.125,20.0,False
env_odom_noise,0.15,0.00010000000000000009,0.3,0.1233429131397788,0.9625374874532738,45.35176058437239,0.49838969404186795,0.5523349436392915,0.5864753623188406,0.7441845782101154,0.8,27.8125,0.0625,20.0,False
env_odom_noise,0.15,0.00020706272838739032,0.00010000000000000009,0.1229358305128202,1.0537810990318448,150.37590965997114,0.14744801512287334,0.2277882797731569,1.2619637051039698,0.41716342978179455,1.0,25.45,0.0,20.0,False
env_odom_noise,0.15,0.00020706272838739032,0.00020706272838739032,0.12293583048620949,1.053784909290268,98.97032563875361,0.15689981096408318,0.23629489603024575,1.2440052930056709,0.4174377854913473,1.0,25.45,0.0,20.0,False
env_odom_noise,0.15,0.00020706272838739032,0.0004287497348723022,0.12293583063036781,1.0537837197827924,63.97958740973125,0.16162570888468808,0.2514177693761815,1.2241565217391304,0.41984407864511014,1.0,25.45,0.0,20.0,False
env_odom_noise,0.15,0.00020706272838739032,0.0008877808989802905,0.12293582906212767,1.0537522561678556,42.79906991722926,0.17485822306238186,0.2655954631379962,1.196746313799622,0.42887144535779953,1.0,25.45,0.0,20.0,False
env_odom_noise,0.15,0.00020706272838739032,0.001838263351530691,0.12293583108124659,1.053448271290004,31.146119171395043,0.1890359168241966,0.30340264650283555,1.144761436672968,0.4449085559695959,1.0,25.45,0.0,20.0,False
env_odom_noise,0.15,0.00020706272838739032,0.003806358250624933,0.12254678578327528,1.0518674405493944,25.071833518205064,0.20825515947467166,0.350844277673546,1.0781005628517824,0.4383109096437693,0.95,24.94736842105263,0.0,20.0,False
env_odom_noise,0.15,0.00020706272838739032,0.00788154924594252,0.12293037367009504,1.0469650643745654,22.35357448072065,0.25093283582089554,0.41697761194029853,0.969289552238806,0.447660843282938,0.9,24.333333333333332,0.0,20.0,False
env_odom_noise,0.15,0.00020706272838739032,0.01631975090784437,0.12283693947029352,1.0413889354325716,21.00702316886088,0.2962962962962963,0.475,0.8659037037037037,0.5007947996258736,0.9,24.555555555555557,0.0,20.0,False
env_odom_noise,0.15,0.00020706272838739032,0.03379212149580846,0.12258642502922852,1.0154992843731794,19.99069433344861,0.3690909090909091,0.5372727272727272,0.7308363636363637,0.5339686091989279,0.9,25.11111111111111,0.05555555555555555,20.0,False
env_odom_noise,0.15,0.00020706272838739032,0.0699708887492028,0.1239455185566588,0.9730309790671545,20.0024487562169,0.4410745233968804,0.5719237435008665,0.6242017331022531,0.57378766015172,0.85,25.88235294117647,0.058823529411764705,20.0,False
env_odom_noise,0.15,0.00020706272838739032,0.14488363132100487,0.12368452543883734,0.9633569941976617,19.728434824905243,0.49498327759197325,0.5886287625418061,0.5535879598662207,0.7246325328946114,0.8,26.375,0.125,20.0,False
env_odom_noise,0.15,0.00020706272838739032,0.3,0.12334291377283817,0.9625400736828142,20.083434331585273,0.5104669887278583,0.5845410628019324,0.5421919484702092,0.7442443862557411,0.8,27.8125,0.0625,20.0,False
env_odom_noise,0.15,0.0004287497348723022,0.00010000000000000009,0.1229358305128202,1.0537810990318448,101.41394238983604,0.18147448015122875,0.29773156899810965,1.1579939508506616,0.41716342978179455,1.0,25.45,0.0,20.0,False
env_odom_noise,0.15,0.0004287497348723022,0.00020706272838739032,0.12293583049780507,1.0537878269477303,69.69606000596565,0.1880907372400756,0.30340264650283555,1.1457066162570888,0.41751711182296275,1.0,25.45,0.0,20.0,False
env_odom_noise,0.15,0.0004287497348723022,0.0004287497348723022,0.12293583053332699,1.05377894940052,44.969404459151505,0.1937618147448015,0.31852551984877125,1.1249126654064274,0.4202956613153219,1.0,25.45,0.0,20.0,False
env_odom_noise,0.15,0.0004287497348723022,0.0008877808989802905,0.12293583073012482,1.053756163670057,28.18950333463574,0.20415879017013233,0.332703213610586,1.1003379962192816,0.42978541404008863,1.0,25.45,0.0,20.0,False
env_odom_noise,0.15,0.0004287497348723022,0.001838263351530691,0.1229358289277684,1.053461123836741,18.08458400823588,0.21833648393194707,0.3695652173913043,1.0492982986767485,0.44586725197732446,1.0,25.45,0.0,20.0,False
env_odom_noise,0.15,0.0004287497348723022,0.003806358250624933,0.12254678897891673,1.0518891795507916,12.516441938440298,0.23827392120075047,0.4155722326454034,0.9833538461538462,0.43941527903079985,0.95,24.94736842105263,0.0,20.0,False
env_odom_noise,0.15,0.0004287497348723022,0.00788154924594252,0.12293037349411072,1.0469828035132624,9.883199204787992,0.28171641791044777,0.47947761194029853,0.8760059701492537,0.4483895167708397,0.9,24.333333333333332,0.0,20.0,False
env_odom_noise,0.15,0.0004287497348723022,0.01631975090784437,0.1228369397644315,1.0414017765253418,8.604120195542684,0.32685185185185184,0.5388888888888889,0.7714592592592593,0.5013393081724644,0.9,24.555555555555557,0.0,20.0,False
env_odom_noise,0.15,0.0004287497348723022,0.03379212149580846,0.12258642536924626,1.015510624771307,7.903439647593365,0.3990909090909091,0.5990909090909091,0.6390181818181817,0.5344140131026507,0.9,25.11111111111111,0.05555555555555555,20.0,False
env_odom_noise,0.15,0.0004287497348723022,0.0699708887492028,0.12394551826362692,0.9730407755428232,7.886083001438868,0.4714038128249567,0.6308492201039861,0.5349469670710572,0.5741307616233826,0.85,25.88235294117647,0.058823529411764705,20.0,False
env_odom_noise,0.15,0.0004287497348723022,0.14488363132100487,0.1236845252313065,0.9633656154396311,7.838415272771976,0.5234113712374582,0.6463210702341137,0.46746755852842814,0.7248597748577594,0.8,26.375,0.125,20.0,False
env_odom_noise,0.15,0.0004287497348723022,0.3,0.12334291198570743,0.9625456496782291,8.0766297219525,0.538647342995169,0.644122383252818,0.45443027375201295,0.7443692795932293,0.8,27.8125,0.0625,20.0,False
env_odom_noise,0.15,0.0008877808989802905,0.00010000000000000009,0.12293583055240052,1.0537810955545366,62.95704926751436,0.22589792060491493,0.3790170132325142,1.0322850661625709,0.4171780075877905,1.0,25.45,0.0,20.0,False
env_odom_noise,0.15,0.0008877808989802905,0.00020706272838739032,0.12293583072831403,1.053790453851131,46.32262753063942,0.22873345935727787,0.3856332703213611,1.0228332703213612,0.4178047951310873,1.0,25.45,0.0,20.0,False
env_odom_noise,0.15,0.0008877808989802905,0.0004287497348723022,0.12293583062460467,1.053768232064356,31.081734040626408,0.23251417769376181,0.3960302457466919,1.0086555765595464,0.42150321789085865,1.0,25.45,0.0,20.0,False
env_odom_noise,0.15,0.0008877808989802905,0.0008877808989802905,0.12293582952917215,1.056577120902832,19.25180979981189,0.24053030303030304,0.41382575757575757,0.9828439393939394,0.43954295441508295,1.0,25.4,0.0,20.0,False
env_odom_noise,0.15,0.0008877808989802905,0.001838263351530691,0.12293583225110302,1.053504341329177,11.251293894073111,0.2580340264650284,0.44896030245746693,0.9302056710775046,0.4483191329985857,1.0,25.45,0.0,20.0,False
env_odom_noise,0.15,0.0008877808989802905,0.003806358250624933,0.12254678750967349,1.0519327440618902,6.446139832020649,0.27392120075046905,0.49343339587242024,0.8698454033771107,0.4416536740958691,0.95,24.94736842105263,0.0,20.0,False
env_odom_noise,0.15,0.0008877808989802905,0.00788154924594252,0.12293037303043354,1.0470190466538158,4.0100744564478115,0.31716417910447764,0.5531716417910447,0.7668641791044777,0.44988390505313874,0.9,24.333333333333332,0.0,20.0,False
env_odom_noise,0.15,0.0008877808989802905,0.01631975090784437,0.1228369402091937,1.0414282808525719,2.805245213636726,0.3611111111111111,0.6148148148148148,0.6612740740740741,0.5024616755545139,0.9,24.555555555555557,0.0,20.0,False
env_odom_noise,0.15,0.0008877808989802905,0.03379212149580846,0.12258642472693464,1.015533916263098,2.262357210727406,0.43272727272727274,0.6718181818181819,0.5326545454545454,0.5353346604853868,0.9,25.11111111111111,0.05555555555555555,20.0,False
env_odom_noise,0.15,0.0008877808989802905,0.0699708887492028,0.12394552138677241,0.9730611784152577,2.2295207759146787,0.5034662045060658,0.7001733102253033,0.4335604852686309,0.574840123206377,0.85,25.88235294117647,0.058823529411764705,20.0,False
env_odom_noise,0.15,0.0008877808989802905,0.14488363132100487,0.12368452796235453,0.9633837817664985,2.2889545971606715,0.5551839464882943,0.717391304347826,0.36462474916387966,0.7253307059407235,0.8,26.375,0.125,20.0,False
env_odom_noise,0.15,0.0008877808989802905,0.3,0.12334291207116939,0.9625572063608269,2.4744920159015527,0.571658615136876,0.71658615136876,0.34895523349436397,0.7446270823478699,0.8,27.8125,0.0625,20.0,False
env_odom_noise,0.15,0.001838263351530691,0.00010000000000000009,0.12293583052533617,1.0537846081190023,35.27571106479029,0.2948960302457467,0.4810964083175803,0.861207561436673,0.41763168536126616,1.0,25.45,0.0,20.0,False
env_odom_noise,0.15,0.001838263351530691,0.00020706272838739032,0.12293583063102978,1.0537727832829404,28.043833513664772,0.29678638941398866,0.4886578449905482,0.8517557655954631,0.41981472447514534,1.0,25.45,0.0,20.0,False
env_odom_noise,0.15,0.001838263351530691,0.0004287497348723022,0.12293583189949016,1.0537812571103673,20.06812688418111,0.30245746691871456,0.4952741020793951,0.8394684310018903,0.4257239531725645,1.0,25.45,0.0,20.0,False
env_odom_noise,0.15,0.001838263351530691,0.0008877808989802905,0.12293583217789468,1.0534456930564187,12.777423652715093,0.30812854442344045,0.5132325141776938,0.8158389413988658,0.4343851704150438,1.0,25.45,0.0,20.0,False
env_odom_noise,0.15,0.001838263351530691,0.001838263351530691,0.12293582988453797,1.053620840373621,7.167410252519855,0.3223062381852552,0.5472589792060492,0.7676347826086956,0.45411982499063014,1.0,25.45,0.0,20.0,False
env_odom_noise,0.15,0.001838263351530691,0.003806358250624933,0.12254678703850054,1.0520185289259074,3.3816280307336117,0.33864915572232646,0.5872420262664165,0.711308818011257,0.44610483199357986,0.95,24.94736842105263,0.0,20.0,False
env_odom_noise,0.15,0.001838263351530691,0.00788154924594252,0.12293037290345904,1.0470922060225223,1.2809693420866648,0.38152985074626866,0.6455223880597015,0.6101477611940298,0.4529241845011711,0.9,24.333333333333332,0.0,20.0,False
env_odom_noise,0.15,0.001838263351530691,0.01631975090784437,0.12283694036920931,1.0414826668905992,0.18510689914774833,0.425,0.7055555555555556,0.5066444444444445,0.5047654666006565,0.9,24.555555555555557,0.0,20.0,False
env_odom_noise,0.15,0.001838263351530691,0.03379212149580846,0.12258642663441593,1.012702447839671,-0.2691783194166962,0.49637023593466423,0.7604355716878403,0.3803941923774955,0.5288947060704231,0.9,25.166666666666668,0.05555555555555555,20.0,False
env_odom_noise,0.15,0.001838263351530691,0.0699708887492028,0.12394551887100921,0.9731032566277379,-0.30733239208669194,0.561525129982669,0.7859618717504333,0.28971299826689767,0.5763060197234153,0.85,25.88235294117647,0.058823529411764705,20.0,False
env_odom_noise,0.15,0.001838263351530691,0.14488363132100487,0.12368452764786138,0.9634211254094618,-0.19815485798998253,0.6120401337792643,0.8018394648829431,0.22332040133779263,0.726304180920124,0.8,26.375,0.125,20.0,False
env_odom_noise,0.15,0.001838263351530691,0.3,0.12334291077242335,0.9625809415211077,-0.03438972226055598,0.6312399355877617,0.8035426731078905,0.20241739130434777,0.7451610498130321,0.8,27.8125,0.0625,20.0,False
env_odom_noise,0.15,0.003806358250624933,0.00010000000000000009,0.12293583169041902,1.0542457582950886,17.635952619004637,0.3837429111531191,0.6096408317580341,0.6438162570888468,0.4450406953692436,1.0,25.45,0.0,20.0,False
env_odom_noise,0.15,0.003806358250624933,0.00020706272838739032,0.12293583065594062,1.0542646484847797,15.039606730480168,0.3846880907372401,0.6134215500945179,0.639090359168242,0.44793736934661865,1.0,25.45,0.0,20.0,False
env_odom_noise,0.15,0.003806358250624933,0.0004287497348723022,0.12293583176986586,1.0543034691696873,11.57711181317349,0.390359168241966,0.6219281663516069,0.6249126654064272,0.4534982778131962,1.0,25.45,0.0,20.0,False
env_odom_noise,0.15,0.003806358250624933,0.0008877808989802905,0.12293583091909227,1.0543833542428762,7.772832231940978,0.3950850661625709,0.6389413988657845,0.6031735349716446,0.4637483172118664,1.0,25.45,0.0,20.0,False
env_odom_noise,0.15,0.003806358250624933,0.001838263351530691,0.12276249452102533,1.0534233839882936,4.344504652764821,0.403954802259887,0.6563088512241054,0.5769363465160076,0.4862390674650669,1.0,25.55,0.0,20.0,False
env_odom_noise,0.15,0.003806358250624933,0.003806358250624933,0.12254678972041125,1.0512959378431421,1.6958340024056584,0.42429906542056073,0.6953271028037383,0.5175738317757009,0.47234859615564345,0.95,25.05263157894737,0.0,20.0,False
env_odom_noise,0.15,0.003806358250624933,0.00788154924594252,0.12293037329550272,1.0431983358975647,0.028194785842064786,0.4628252788104089,0.7490706319702602,0.4253040892193308,0.4809532381594181,0.9,24.444444444444443,0.0,20.0,False
env_odom_noise,0.15,0.003806358250624933,0.01631975090784437,0.12272226095253212,1.0385430446958777,-0.9155886416773098,0.505524861878453,0.8057090239410681,0.3259661141804788,0.5167703345417977,0.9,24.72222222222222,0.05555555555555555,20.0,False
env_odom_noise,0.15,0.003806358250624933,0.03379212149580846,0.1229950837864998,1.01045254839985,-1.2898903251973344,0.5759493670886076,0.8544303797468354,0.206820253164557,0.5329718135297299,0.9,25.27777777777778,0.05555555555555555,20.0,False
env_odom_noise,0.15,0.003806358250624933,0.0699708887492028,0.12393734509337942,0.9743670457581378,-1.3371771734041575,0.6364421416234888,0.8808290155440415,0.11992884283246974,0.5846254892647267,0.85,26.0,0.058823529411764705,20.0,True
env_odom_noise,0.15,0.003806358250624933,0.14488363132100487,0.12360016684797966,0.9626252317891236,-1.220375339020789,0.6873963515754561,0.8946932006633499,0.06450315091210623,0.7025725305080414,0.8,26.6875,0.125,20.0,False
env_odom_noise,0.15,0.003806358250624933,0.3,0.12301676861727466,0.9609937134887998,-1.0561383735683474,0.709470304975923,0.8980738362760835,0.08319646869983954,0.7464244790375233,0.8,27.9375,0.0625,20.0,True
env_odom_noise,0.15,0.00788154924594252,0.00010000000000000009,0.12243271284027378,1.0551903330767725,7.625677352018338,0.4897003745318352,0.7209737827715356,0.42652584269662924,0.48107801005244255,1.0,25.7,0.0,20.0,False
env_odom_noise,0.15,0.00788154924594252,0.00020706272838739032,0.12243271354061538,1.0517746966230197,6.822277579311071,0.49252336448598133,0.7205607476635514,0.4241158878504673,0.4726694174110889,1.0,25.75,0.0,20.0,False
env_odom_noise,0.15,0.00788154924594252,0.0004287497348723022,0.12243271264596363,1.0514937659802626,5.642793577177056,0.49347014925373134,0.7276119402985075,0.41611791044776114,0.47132384181022646,1.0,25.8,0.0,20.0,False
env_odom_noise,0.15,0.00788154924594252,0.0008877808989802905,0.12243271137586917,1.0548718990648158,3.9979132516833946,0.49906542056074765,0.7373831775700934,0.4007514018691589,0.47411145865917204,0.95,25.05263157894737,0.0,20.0,False
env_odom_noise,0.15,0.00788154924594252,0.001838263351530691,0.12243271031749199,1.0513000355934978,2.239193336320711,0.5037174721189591,0.7490706319702602,0.3844118959107806,0.47248288840055463,0.9,24.444444444444443,0.0,20.0,False
env_odom_noise,0.15,0.00788154924594252,0.003806358250624933,0.12322245411834647,1.0519800723331567,0.6278277410902099,0.5269516728624535,0.7825278810408922,0.3277204460966543,0.48227385580539706,0.9,24.444444444444443,0.0,20.0,False
env_odom_noise,0.15,0.00788154924594252,0.00788154924594252,0.12312330228194342,1.0425634750699793,-0.5773817300166767,0.5608856088560885,0.8311808118081181,0.24513357933579338,0.4899097070097923,0.9,24.666666666666668,0.0,20.0,False
env_odom_noise,0.15,0.00788154924594252,0.01631975090784437,0.12312766459135253,1.0248832861167803,-1.3013130577097294,0.6010928961748634,0.8797814207650273,0.1563256830601093,0.5060541450977325,0.9,25.055555555555557,0.05555555555555555,20.0,False
env_odom_noise,0.15,0.00788154924594252,0.03379212149580846,0.12298993834109327,1.0052200011984265,-1.6032662153589146,0.6687612208258528,0.9210053859964094,0.04743339317773787,0.5682744137942791,0.9,25.5,0.05555555555555555,20.0,True
env_odom_noise,0.15,0.00788154924594252,0.0699708887492028,0.12391029314545138,0.97088559576065,-1.6328683315853105,0.7252559726962458,0.9462457337883959,0.05081023890784986,0.6133647277951241,0.85,26.41176470588235,0.11764705882352941,20.0,False
env_odom_noise,0.15,0.00788154924594252,0.14488363132100487,0.12376214761553381,0.9629448932486143,-1.5206562302101967,0.7726523887973641,0.9596375617792422,0.0950899505766063,0.7156457498669624,0.8,26.9375,0.125,20.0,False
env_odom_noise,0.15,0.00788154924594252,0.3,0.12329336013632745,0.9623969649045866,-1.3557686178453585,0.7945859872611465,0.9633757961783439,0.1207617834394904,0.7485255092382431,0.75,27.533333333333335,0.06666666666666667,20.0,True
env_odom_noise,0.15,0.01631975090784437,0.00010000000000000009,0.12321653130988033,1.0499188864224989,2.6699369131241864,0.6118299445471349,0.7865064695009242,0.2388635859519409,0.5104518443346023,0.9,24.61111111111111,0.0,20.0,False
env_odom_noise,0.15,0.01631975090784437,0.00020706272838739032,0.1232165319882888,1.0499368512884624,2.4538681316751445,0.6127541589648798,0.789279112754159,0.2351667282809612,0.5120163604617118,0.9,24.61111111111111,0.0,20.0,False
env_odom_noise,0.15,0.01631975090784437,0.0004287497348723022,0.12321653084701906,1.0465183748943168,2.0631863460868693,0.6153136531365314,0.7924354243542435,0.22945092250922505,0.5050862535834313,0.9,24.666666666666668,0.0,20.0,False
env_odom_noise,0.15,0.01631975090784437,0.0008877808989802905,0.12321653272354519,1.0465953315736043,1.469033579515762,0.6180811808118081,0.8025830258302583,0.2165357933579336,0.5114693343639374,0.9,24.666666666666668,0.0,20.0,False
env_odom_noise,0.15,0.01631975090784437,0.001838263351530691,0.12321653190913558,1.0467522545232386,0.6881781822774999,0.6282287822878229,0.8191881918819188,0.1897830258302583,0.5238976866006851,0.9,24.666666666666668,0.0,20.0,False
env_odom_noise,0.15,0.01631975090784437,0.003806358250624933,0.1231355370979017,1.043605412884166,-0.16321081859572262,0.6458715596330276,0.8431192660550458,0.1482091743119266,0.5184972748160362,0.9,24.833333333333332,0.05555555555555555,20.0,True
env_odom_noise,0.15,0.01631975090784437,0.00788154924594252,0.12313982873918182,1.028035586110284,-0.8906799817388571,0.6715063520871143,0.8856624319419237,0.08003121597096197,0.5060817480087281,0.9,25.166666666666668,0.05555555555555555,20.0,True
env_odom_noise,0.15,0.01631975090784437,0.01631975090784437,0.12300823388572532,1.0183790271965116,-1.3495746068231478,0.7030685920577617,0.9160649819494585,0.05880361010830326,0.550483088567853,0.9,25.333333333333332,0.05555555555555555,20.0,True
env_odom_noise,0.15,0.01631975090784437,0.03379212149580846,0.12411114303453968,1.0028211258144475,-1.5909813181099146,0.7680776014109347,0.9594356261022927,0.09031322751322746,0.5839743673801422,0.9,26.055555555555557,0.05555555555555555,20.0,True
env_odom_noise,0.15,0.01631975090784437,0.0699708887492028,0.12369290560602691,0.9669478359157608,-1.5925259825669433,0.8201680672268907,0.9781512605042016,0.1611193277310924,0.6060740441083908,0.85,26.941176470588236,0.11764705882352941,20.0,False
env_odom_noise,0.15,0.01631975090784437,0.14488363132100487,0.12308627145686862,0.9633125863335884,-1.4810799704955129,0.8693181818181818,0.9910714285714286,0.22318961038961038,0.7095673941075802,0.8,27.5,0.125,20.0,False
env_odom_noise,0.15,0.01631975090784437,0.3,0.12301432104505204,0.9631042361690854,-1.299034874933134,0.8906497622820919,0.9952456418383518,0.24869540412044377,0.7945352759212255,0.7,26.928571428571427,0.07142857142857142,20.0,False
env_odom_noise,0.15,0.03379212149580846,0.00010000000000000009,0.12352236120426643,1.025898151947616,0.2613266600354548,0.7154398563734291,0.8590664272890485,0.12817342908438067,0.4995263502001762,0.9,25.5,0.05555555555555555,20.0,True
env_odom_noise,0.15,0.03379212149580846,0.00020706272838739032,0.1235223602912032,1.025918840064593,0.21004059413555232,0.7154398563734291,0.8599640933572711,0.12727576301615806,0.5008508183062077,0.9,25.5,0.05555555555555555,20.0,True
env_odom_noise,0.15,0.03379212149580846,0.0004287497348723022,0.12352236144004793,1.0259612463527352,0.11279006534189186,0.7172351885098743,0.8608617594254937,0.12817342908438067,0.5035651229321957,0.9,25.5,0.05555555555555555,20.0,True
env_odom_noise,0.15,0.03379212149580846,0.0008877808989802905,0.12352529028319813,1.026048161839686,-0.06326218918362389,0.7186379928315412,0.8682795698924731,0.12215842293906809,0.5029102504253388,0.9,25.555555555555557,0.05555555555555555,20.0,True
env_odom_noise,0.15,0.03379212149580846,0.001838263351530691,0.12352529272959437,1.0262246357524996,-0.3256903989841872,0.7293906810035843,0.8736559139784946,0.1275347670250897,0.5132655285298824,0.9,25.555555555555557,0.05555555555555555,20.0,True
env_odom_noise,0.15,0.03379212149580846,0.003806358250624933,0.12352529130126264,1.026579119037222,-0.6621263964660018,0.7347670250896058,0.8906810035842294,0.11588602150537641,0.5335605457425118,0.9,25.555555555555557,0.05555555555555555,20.0,True
env_odom_noise,0.15,0.03379212149580846,0.00788154924594252,0.12352529171221996,1.0166526865606178,-0.9995923772820199,0.7566607460035524,0.9103019538188277,0.11815879218472469,0.5450548861175776,0.9,25.833333333333332,0.05555555555555555,20.0,True
env_odom_noise,0.15,0.03379212149580846,0.01631975090784437,0.12378170743264531,1.0096317284005623,-1.2703206259752977,0.7887323943661971,0.9348591549295775,0.12567323943661968,0.5667290456593037,0.9,26.11111111111111,0.05555555555555555,20.0,True
env_odom_noise,0.15,0.03379212149580846,0.03379212149580846,0.12355136685414317,0.9884537302721499,-1.3997280298777033,0.8407155025553663,0.9735945485519591,0.17711005110732547,0.5625766023993493,0.9,27.166666666666668,0.05555555555555555,20.0,False
env_odom_noise,0.15,0.03379212149580846,0.0699708887492028,0.12358514675682719,0.9655263849209864,-1.3646999107005486,0.8842975206611571,0.9859504132231405,0.23304793388429756,0.6561713270843029,0.8,26.8125,0.125,20.0,False
env_odom_noise,0.15,0.03379212149580846,0.14488363132100487,0.12254635433879602,0.9685922662116276,-1.2648775020856666,0.9301765650080257,0.9959871589085072,0.2889637239165329,0.7659784525632858,0.75,27.2,0.13333333333333333,20.0,False
env_odom_noise,0.15,0.03379212149580846,0.3,0.12270672540301526,0.9632621456684741,-1.0554975701467544,0.9509345794392523,1.0,0.3137345794392523,0.880005943775177,0.65,26.846153846153847,0.07692307692307693,20.0,False
env_odom_noise,0.15,0.0699708887492028,0.00010000000000000009,0.12326220494081465,1.0116426801159684,-0.559296142642912,0.7939130434782609,0.9078260869565218,0.15788695652173912,0.5711630694568157,0.85,25.764705882352942,0.058823529411764705,20.0,False
env_odom_noise,0.15,0.0699708887492028,0.00020706272838739032,0.12350789039306218,1.0082857416571775,-0.5771787625586814,0.7946273830155979,0.9090121317157712,0.1574152512998267,0.5550646923482419,0.85,25.88235294117647,0.058823529411764705,20.0,False
env_odom_noise,0.15,0.0699708887492028,0.0004287497348723022,0.12350789187616713,1.0083221402282396,-0.5993291796323484,0.7954939341421143,0.9098786828422877,0.1574152512998267,0.5571219809353352,0.85,25.88235294117647,0.058823529411764705,20.0,False
env_odom_noise,0.15,0.0699708887492028,0.0008877808989802905,0.12350789101015336,1.0083972857919865,-0.6409998379293647,0.7972270363951474,0.9116117850953206,0.1574152512998268,0.5613476879894733,0.85,25.88235294117647,0.058823529411764705,20.0,False
env_odom_noise,0.15,0.0699708887492028,0.001838263351530691,0.12350789206653985,1.0089367140468521,-0.7039554881855116,0.8044982698961938,0.9143598615916955,0.16193840830449835,0.5633059453219176,0.85,25.941176470588236,0.058823529411764705,20.0,False
env_odom_noise,0.15,0.0699708887492028,0.003806358250624933,0.12350789363207296,1.0092704101731222,-0.8128962468015961,0.8105536332179931,0.921280276816609,0.1610733564013842,0.5807687096297741,0.85,25.941176470588236,0.058823529411764705,20.0,False
env_odom_noise,0.15,0.0699708887492028,0.00788154924594252,0.1229911603025563,1.0002751398995482,-0.9424523256936397,0.825938566552901,0.9334470989761092,0.1642914675767918,0.5696471255272627,0.85,26.41176470588235,0.058823529411764705,20.0,False
env_odom_noise,0.15,0.0699708887492028,0.01631975090784437,0.12299116249750207,0.9876272669021171,-1.0533019163967148,0.8490725126475548,0.9527824620573356,0.1680900505902192,0.6104080848395824,0.85,26.823529411764707,0.11764705882352941,20.0,False
env_odom_noise,0.15,0.0699708887492028,0.03379212149580846,0.12269429312196224,0.9772282866271876,-1.1004275290447745,0.8888888888888888,0.9792703150912107,0.2309592039800995,0.6467736542224884,0.8,26.6875,0.125,20.0,False
env_odom_noise,0.15,0.0699708887492028,0.0699708887492028,0.1221896948350424,0.9699606302785333,-1.064210335109062,0.9168,0.9864,0.266,0.7319065004587173,0.75,27.333333333333332,0.13333333333333333,20.0,False
env_odom_noise,0.15,0.0699708887492028,0.14488363132100487,0.12269954619796282,0.9650658871472754,-0.945990695565286,0.9653846153846154,0.9976923076923077,0.32587692307692306,0.8412180423736573,0.7,28.285714285714285,0.07142857142857142,20.0,False
env_odom_noise,0.15,0.0699708887492028,0.3,0.12275796302133697,0.9647005333956269,-0.7323547286093166,0.981089258698941,1.0,0.34388925869894105,0.9742840722203254,0.6,27.416666666666668,0.0,20.0,False
env_odom_noise,0.15,0.14488363132100487,0.00010000000000000009,0.12201411742745896,0.9825621072470263,-0.6322355410216294,0.8536585365853658,0.9414634146341463,0.1839951219512196,0.6485569842159749,0.8,27.4375,0.125,20.0,False
env_odom_noise,0.15,0.14488363132100487,0.00020706272838739032,0.12201411779604447,0.9825860413617603,-0.6343525506621643,0.8536585365853658,0.9414634146341463,0.1839951219512196,0.6494695290923118,0.8,27.4375,0.125,20.0,False
env_odom_noise,0.15,0.14488363132100487,0.0004287497348723022,0.12201411776784243,0.9826356975012399,-0.6386062620879847,0.8536585365853658,0.943089430894309,0.1823691056910569,0.6513581581413745,0.8,27.4375,0.125,20.0,False
env_odom_noise,0.15,0.14488363132100487,0.0008877808989802905,0.12201411861576575,0.9827380832229584,-0.6468954740553056,0.8585365853658536,0.9447154471544715,0.18562113821138215,0.6552669778466225,0.8,27.4375,0.125,20.0,False
env_odom_noise,0.15,0.14488363132100487,0.001838263351530691,0.12201411674640346,0.9818222681728451,-0.6561675525895224,0.8559870550161812,0.9466019417475728,0.18118511326860842,0.6624160997569561,0.8,27.625,0.125,20.0,False
env_odom_noise,0.15,0.14488363132100487,0.003806358250624933,0.12201411668282498,0.9801172381127466,-0.682510048636075,0.8610662358642972,0.9515347334410339,0.18133150242326335,0.672910674661398,0.8,27.6875,0.125,20.0,False
env_odom_noise,0.15,0.14488363132100487,0.00788154924594252,0.12201411883124513,0.9810731659305505,-0.7152902588259331,0.8683360258481422,0.9620355411954766,0.19317156704361882,0.7057947628200054,0.8,27.6875,0.125,20.0,False
env_odom_noise,0.15,0.14488363132100487,0.01631975090784437,0.12196384158698965,0.9768185580255332,-0.744644389965955,0.8864,0.9736,0.2228,0.7258924968540669,0.75,27.333333333333332,0.2,20.0,False
env_odom_noise,0.15,0.14488363132100487,0.03379212149580846,0.12198147209569324,0.9717489816305511,-0.7563771309206793,0.9067398119122257,0.9858934169278997,0.2554332288401254,0.7502513207495213,0.75,28.2,0.13333333333333333,20.0,False
env_odom_noise,0.15,0.14488363132100487,0.0699708887492028,0.12262473054118746,0.973209475120045,-0.6936457521489825,0.9333843797856048,0.9946401225114855,0.29082450229709034,0.8823803685605526,0.75,29.2,0.13333333333333333,20.0,False
env_odom_noise,0.15,0.14488363132100487,0.14488363132100487,0.12261253413965938,0.9672780459391614,-0.5740106558778902,0.9738805970149254,0.9985074626865672,0.33518805970149257,0.9929086916148663,0.6,28.166666666666668,0.0,20.0,False
env_odom_noise,0.15,0.14488363132100487,0.3,0.12234076054308612,0.9615823177176955,-0.3781383421459203,0.986822840409956,1.0,0.34962284040995606,1.1132982034236192,0.55,28.363636363636363,0.09090909090909091,20.0,False
env_odom_noise,0.15,0.3,0.00010000000000000009,0.12353051543563802,0.9649703584727087,-0.3440732648693123,0.8989520958083832,0.9745508982035929,0.23630299401197608,0.8952787324786187,0.65,28.846153846153847,0.15384615384615385,20.0,False
env_odom_noise,0.15,0.3,0.00020706272838739032,0.12353051429852073,0.9649941101758585,-0.3442635398502259,0.9004491017964071,0.9745508982035929,0.2378,0.8960469841957093,0.65,28.846153846153847,0.15384615384615385,20.0,False
env_odom_noise,0.15,0.3,0.0004287497348723022,0.12353051424785746,0.965043360651049,-0.3446426553211863,0.9004491017964071,0.9745508982035929,0.2378,0.8976396176964044,0.65,28.846153846153847,0.15384615384615385,20.0,False
env_odom_noise,0.15,0.3,0.0008877808989802905,0.12353051520070622,0.9651450907263508,-0.3453677951374244,0.9034431137724551,0.9760479041916168,0.24229101796407193,0.9009444080293179,0.65,28.846153846153847,0.15384615384615385,20.0,False
env_odom_noise,0.15,0.3,0.001838263351530691,0.12339622457555152,0.9653547433996968,-0.34789697976864853,0.9043348281016442,0.9783258594917787,0.245460687593423,0.9015559017658233,0.65,28.923076923076923,0.15384615384615385,20.0,False
env_odom_noise,0.15,0.3,0.003806358250624933,0.12339622233949493,0.9657848275388348,-0.3496219039794408,0.905829596412556,0.9805680119581465,0.24919760837070248,0.907622116804123,0.6,28.083333333333332,0.25,20.0,False
env_odom_noise,0.15,0.3,0.00788154924594252,0.12339622261133391,0.9666593173503618,-0.350318716497997,0.9073243647234679,0.9857997010463379,0.25592406576980575,0.9366673767566681,0.6,28.083333333333332,0.25,20.0,False
env_odom_noise,0.15,0.3,0.01631975090784437,0.12339622162110062,0.9690904638268042,-0.34176301258458114,0.9120715350223547,0.9880774962742176,0.2629490312965723,0.9864203840494156,0.6,28.25,0.16666666666666666,20.0,False
env_odom_noise,0.15,0.3,0.03379212149580846,0.12291120616239887,0.9694098351772021,-0.32327131311768453,0.9248175182481752,0.9941605839416059,0.28177810218978105,1.02436846755445,0.55,28.545454545454547,0.09090909090909091,20.0,False
env_odom_noise,0.15,0.3,0.0699708887492028,0.12301369981330627,0.966884087406057,-0.26423927863626717,0.951519536903039,0.9985528219971056,0.31287235890014464,1.1911292731761933,0.55,29.09090909090909,0.09090909090909091,20.0,False
env_odom_noise,0.15,0.3,0.14488363132100487,0.12303425051954084,0.9601732313645556,-0.1496188343139817,0.9765291607396871,1.0,0.3393291607396871,1.332341629266739,0.5,29.3,0.1,20.0,False
env_odom_noise,0.15,0.3,0.3,0.12274738555690545,0.9578372559490017,0.022333023049373187,0.988078541374474,1.0,0.35087854137447405,1.4267245784401894,0.5,30.3,0.1,20.0,False
